budget_key,ci95_high,ci95_low,ci_method,ci_status,ci_unit,contrast,depth_stratum,df,family,mean,metric,multiplicity,n_instances,representation,scope,sd,study,zero_depth_instance_count
equal_2q_budget_128,1.1602201176270173,-0.476183135624603,two_sided_Student_t_95_df_n_minus_1,estimated,raw_instance,original_only_minus_cold,all_scheduled,6,cubic_spin_glass,0.34201849100120707,original_objective_mean,unadjusted_exploratory,7,all_native,all_designs_diagnostic,0.884689828670153,original_e4,0
equal_2q_budget_128,1.1602201176270173,-0.476183135624603,two_sided_Student_t_95_df_n_minus_1,estimated,raw_instance,original_only_minus_cold,all_scheduled,6,cubic_spin_glass,0.34201849100120707,encoded_energy_mean,unadjusted_exploratory,7,all_native,all_designs_diagnostic,0.884689828670153,original_e4,0
equal_2q_budget_128,0.043023985364039584,-0.03513429726698442,two_sided_Student_t_95_df_n_minus_1,estimated,raw_instance,original_only_minus_cold,all_scheduled,6,cubic_spin_glass,0.003944844048527578,optimum_hit_rate,unadjusted_exploratory,7,all_native,all_designs_diagnostic,0.04225476668577721,original_e4,0
equal_2q_budget_128,0.0,0.0,two_sided_Student_t_95_df_n_minus_1,estimated,raw_instance,original_only_minus_cold,all_scheduled,6,cubic_spin_glass,0.0,auxiliary_inconsistency_rate,unadjusted_exploratory,7,all_native,all_designs_diagnostic,0.0,original_e4,0
equal_2q_budget_128,1.3243945331849007e-15,3.959375421172032e-17,two_sided_Student_t_95_df_n_minus_1,estimated,raw_instance,original_only_minus_cold,all_scheduled,6,cubic_spin_glass,6.819941436983105e-16,statevector_norm,unadjusted_exploratory,7,all_native,all_designs_diagnostic,6.946027385159969e-16,original_e4,0
equal_2q_budget_128,1.1602201176270173,-0.476183135624603,two_sided_Student_t_95_df_n_minus_1,estimated,raw_instance,original_only_minus_cold,positive_depth_only,6,cubic_spin_glass,0.34201849100120707,original_objective_mean,unadjusted_exploratory,7,all_native,all_designs_diagnostic,0.884689828670153,original_e4,0
equal_2q_budget_128,1.1602201176270173,-0.476183135624603,two_sided_Student_t_95_df_n_minus_1,estimated,raw_instance,original_only_minus_cold,positive_depth_only,6,cubic_spin_glass,0.34201849100120707,encoded_energy_mean,unadjusted_exploratory,7,all_native,all_designs_diagnostic,0.884689828670153,original_e4,0
equal_2q_budget_128,0.043023985364039584,-0.03513429726698442,two_sided_Student_t_95_df_n_minus_1,estimated,raw_instance,original_only_minus_cold,positive_depth_only,6,cubic_spin_glass,0.003944844048527578,optimum_hit_rate,unadjusted_exploratory,7,all_native,all_designs_diagnostic,0.04225476668577721,original_e4,0
equal_2q_budget_128,0.0,0.0,two_sided_Student_t_95_df_n_minus_1,estimated,raw_instance,original_only_minus_cold,positive_depth_only,6,cubic_spin_glass,0.0,auxiliary_inconsistency_rate,unadjusted_exploratory,7,all_native,all_designs_diagnostic,0.0,original_e4,0
equal_2q_budget_128,1.3243945331849007e-15,3.959375421172032e-17,two_sided_Student_t_95_df_n_minus_1,estimated,raw_instance,original_only_minus_cold,positive_depth_only,6,cubic_spin_glass,6.819941436983105e-16,statevector_norm,unadjusted_exploratory,7,all_native,all_designs_diagnostic,6.946027385159969e-16,original_e4,0
equal_2q_budget_256,0.8788620049313567,-0.46633485217091697,two_sided_Student_t_95_df_n_minus_1,estimated,raw_instance,original_only_minus_cold,all_scheduled,6,cubic_spin_glass,0.20626357638021986,original_objective_mean,unadjusted_exploratory,7,all_native,all_designs_diagnostic,0.7272547122310363,original_e4,0
equal_2q_budget_256,0.8788620049313567,-0.46633485217091697,two_sided_Student_t_95_df_n_minus_1,estimated,raw_instance,original_only_minus_cold,all_scheduled,6,cubic_spin_glass,0.20626357638021986,encoded_energy_mean,unadjusted_exploratory,7,all_native,all_designs_diagnostic,0.7272547122310363,original_e4,0
equal_2q_budget_256,0.10484388318261259,-0.09791396362951374,two_sided_Student_t_95_df_n_minus_1,estimated,raw_instance,original_only_minus_cold,all_scheduled,6,cubic_spin_glass,0.0034649597765494225,optimum_hit_rate,unadjusted_exploratory,7,all_native,all_designs_diagnostic,0.10961711570868361,original_e4,0
equal_2q_budget_256,0.0,0.0,two_sided_Student_t_95_df_n_minus_1,estimated,raw_instance,original_only_minus_cold,all_scheduled,6,cubic_spin_glass,0.0,auxiliary_inconsistency_rate,unadjusted_exploratory,7,all_native,all_designs_diagnostic,0.0,original_e4,0
equal_2q_budget_256,1.1528912827273892e-15,-2.9643352087369705e-16,two_sided_Student_t_95_df_n_minus_1,estimated,raw_instance,original_only_minus_cold,all_scheduled,6,cubic_spin_glass,4.282288809268461e-16,statevector_norm,unadjusted_exploratory,7,all_native,all_designs_diagnostic,7.835494763515305e-16,original_e4,0
equal_2q_budget_256,0.8788620049313567,-0.46633485217091697,two_sided_Student_t_95_df_n_minus_1,estimated,raw_instance,original_only_minus_cold,positive_depth_only,6,cubic_spin_glass,0.20626357638021986,original_objective_mean,unadjusted_exploratory,7,all_native,all_designs_diagnostic,0.7272547122310363,original_e4,0
equal_2q_budget_256,0.8788620049313567,-0.46633485217091697,two_sided_Student_t_95_df_n_minus_1,estimated,raw_instance,original_only_minus_cold,positive_depth_only,6,cubic_spin_glass,0.20626357638021986,encoded_energy_mean,unadjusted_exploratory,7,all_native,all_designs_diagnostic,0.7272547122310363,original_e4,0
equal_2q_budget_256,0.10484388318261259,-0.09791396362951374,two_sided_Student_t_95_df_n_minus_1,estimated,raw_instance,original_only_minus_cold,positive_depth_only,6,cubic_spin_glass,0.0034649597765494225,optimum_hit_rate,unadjusted_exploratory,7,all_native,all_designs_diagnostic,0.10961711570868361,original_e4,0
equal_2q_budget_256,0.0,0.0,two_sided_Student_t_95_df_n_minus_1,estimated,raw_instance,original_only_minus_cold,positive_depth_only,6,cubic_spin_glass,0.0,auxiliary_inconsistency_rate,unadjusted_exploratory,7,all_native,all_designs_diagnostic,0.0,original_e4,0
equal_2q_budget_256,1.1528912827273892e-15,-2.9643352087369705e-16,two_sided_Student_t_95_df_n_minus_1,estimated,raw_instance,original_only_minus_cold,positive_depth_only,6,cubic_spin_glass,4.282288809268461e-16,statevector_norm,unadjusted_exploratory,7,all_native,all_designs_diagnostic,7.835494763515305e-16,original_e4,0
equal_layer_p1,0.8804981575219475,0.04171488585764699,two_sided_Student_t_95_df_n_minus_1,estimated,raw_instance,original_only_minus_cold,all_scheduled,6,cubic_spin_glass,0.46110652168979727,original_objective_mean,unadjusted_exploratory,7,all_native,all_designs_diagnostic,0.4534719834035784,original_e4,0
equal_layer_p1,0.8804981575219475,0.04171488585764699,two_sided_Student_t_95_df_n_minus_1,estimated,raw_instance,original_only_minus_cold,all_scheduled,6,cubic_spin_glass,0.46110652168979727,encoded_energy_mean,unadjusted_exploratory,7,all_native,all_designs_diagnostic,0.4534719834035784,original_e4,0
equal_layer_p1,0.045620570806971725,-0.06970868842075278,two_sided_Student_t_95_df_n_minus_1,estimated,raw_instance,original_only_minus_cold,all_scheduled,6,cubic_spin_glass,-0.012044058806890532,optimum_hit_rate,unadjusted_exploratory,7,all_native,all_designs_diagnostic,0.06235053760990207,original_e4,0
equal_layer_p1,0.0,0.0,two_sided_Student_t_95_df_n_minus_1,estimated,raw_instance,original_only_minus_cold,all_scheduled,6,cubic_spin_glass,0.0,auxiliary_inconsistency_rate,unadjusted_exploratory,7,all_native,all_designs_diagnostic,0.0,original_e4,0
equal_layer_p1,6.269469093314279e-16,-3.414609887135305e-16,two_sided_Student_t_95_df_n_minus_1,estimated,raw_instance,original_only_minus_cold,all_scheduled,6,cubic_spin_glass,1.427429603089487e-16,statevector_norm,unadjusted_exploratory,7,all_native,all_designs_diagnostic,5.235510352975821e-16,original_e4,0
equal_layer_p1,0.8804981575219475,0.04171488585764699,two_sided_Student_t_95_df_n_minus_1,estimated,raw_instance,original_only_minus_cold,positive_depth_only,6,cubic_spin_glass,0.46110652168979727,original_objective_mean,unadjusted_exploratory,7,all_native,all_designs_diagnostic,0.4534719834035784,original_e4,0
equal_layer_p1,0.8804981575219475,0.04171488585764699,two_sided_Student_t_95_df_n_minus_1,estimated,raw_instance,original_only_minus_cold,positive_depth_only,6,cubic_spin_glass,0.46110652168979727,encoded_energy_mean,unadjusted_exploratory,7,all_native,all_designs_diagnostic,0.4534719834035784,original_e4,0
equal_layer_p1,0.045620570806971725,-0.06970868842075278,two_sided_Student_t_95_df_n_minus_1,estimated,raw_instance,original_only_minus_cold,positive_depth_only,6,cubic_spin_glass,-0.012044058806890532,optimum_hit_rate,unadjusted_exploratory,7,all_native,all_designs_diagnostic,0.06235053760990207,original_e4,0
equal_layer_p1,0.0,0.0,two_sided_Student_t_95_df_n_minus_1,estimated,raw_instance,original_only_minus_cold,positive_depth_only,6,cubic_spin_glass,0.0,auxiliary_inconsistency_rate,unadjusted_exploratory,7,all_native,all_designs_diagnostic,0.0,original_e4,0
equal_layer_p1,6.269469093314279e-16,-3.414609887135305e-16,two_sided_Student_t_95_df_n_minus_1,estimated,raw_instance,original_only_minus_cold,positive_depth_only,6,cubic_spin_glass,1.427429603089487e-16,statevector_norm,unadjusted_exploratory,7,all_native,all_designs_diagnostic,5.235510352975821e-16,original_e4,0
equal_layer_p2,0.5338878642727469,-0.6010276654399429,two_sided_Student_t_95_df_n_minus_1,estimated,raw_instance,original_only_minus_cold,all_scheduled,6,cubic_spin_glass,-0.033569900583598,original_objective_mean,unadjusted_exploratory,7,all_native,all_designs_diagnostic,0.6135701719863477,original_e4,0
equal_layer_p2,0.5338878642727469,-0.6010276654399429,two_sided_Student_t_95_df_n_minus_1,estimated,raw_instance,original_only_minus_cold,all_scheduled,6,cubic_spin_glass,-0.033569900583598,encoded_energy_mean,unadjusted_exploratory,7,all_native,all_designs_diagnostic,0.6135701719863477,original_e4,0
equal_layer_p2,0.12048003740295396,-0.04735173721122402,two_sided_Student_t_95_df_n_minus_1,estimated,raw_instance,original_only_minus_cold,all_scheduled,6,cubic_spin_glass,0.036564150095864965,optimum_hit_rate,unadjusted_exploratory,7,all_native,all_designs_diagnostic,0.09073500901063906,original_e4,0
equal_layer_p2,0.0,0.0,two_sided_Student_t_95_df_n_minus_1,estimated,raw_instance,original_only_minus_cold,all_scheduled,6,cubic_spin_glass,0.0,auxiliary_inconsistency_rate,unadjusted_exploratory,7,all_native,all_designs_diagnostic,0.0,original_e4,0
equal_layer_p2,4.953758022240871e-16,-4.636551443776539e-16,two_sided_Student_t_95_df_n_minus_1,estimated,raw_instance,original_only_minus_cold,all_scheduled,6,cubic_spin_glass,1.586032892321652e-17,statevector_norm,unadjusted_exploratory,7,all_native,all_designs_diagnostic,5.184815675186197e-16,original_e4,0
equal_layer_p2,0.5338878642727469,-0.6010276654399429,two_sided_Student_t_95_df_n_minus_1,estimated,raw_instance,original_only_minus_cold,positive_depth_only,6,cubic_spin_glass,-0.033569900583598,original_objective_mean,unadjusted_exploratory,7,all_native,all_designs_diagnostic,0.6135701719863477,original_e4,0
equal_layer_p2,0.5338878642727469,-0.6010276654399429,two_sided_Student_t_95_df_n_minus_1,estimated,raw_instance,original_only_minus_cold,positive_depth_only,6,cubic_spin_glass,-0.033569900583598,encoded_energy_mean,unadjusted_exploratory,7,all_native,all_designs_diagnostic,0.6135701719863477,original_e4,0
equal_layer_p2,0.12048003740295396,-0.04735173721122402,two_sided_Student_t_95_df_n_minus_1,estimated,raw_instance,original_only_minus_cold,positive_depth_only,6,cubic_spin_glass,0.036564150095864965,optimum_hit_rate,unadjusted_exploratory,7,all_native,all_designs_diagnostic,0.09073500901063906,original_e4,0
equal_layer_p2,0.0,0.0,two_sided_Student_t_95_df_n_minus_1,estimated,raw_instance,original_only_minus_cold,positive_depth_only,6,cubic_spin_glass,0.0,auxiliary_inconsistency_rate,unadjusted_exploratory,7,all_native,all_designs_diagnostic,0.0,original_e4,0
equal_layer_p2,4.953758022240871e-16,-4.636551443776539e-16,two_sided_Student_t_95_df_n_minus_1,estimated,raw_instance,original_only_minus_cold,positive_depth_only,6,cubic_spin_glass,1.586032892321652e-17,statevector_norm,unadjusted_exploratory,7,all_native,all_designs_diagnostic,5.184815675186197e-16,original_e4,0
equal_2q_budget_128,0.27987167445291994,-0.3242621009054223,two_sided_Student_t_95_df_n_minus_1,estimated,raw_instance,independence_minus_cold,all_scheduled,6,cubic_spin_glass,-0.022195213226251197,original_objective_mean,unadjusted_exploratory,7,fully_quadratized,all_designs_diagnostic,0.32661326305334715,original_e4,2
equal_2q_budget_128,0.5698810167952111,-12.721289990415924,two_sided_Student_t_95_df_n_minus_1,estimated,raw_instance,independence_minus_cold,all_scheduled,6,cubic_spin_glass,-6.0757044868103565,encoded_energy_mean,unadjusted_exploratory,7,fully_quadratized,all_designs_diagnostic,7.185615023577125,original_e4,2
equal_2q_budget_128,0.03649979253446234,-0.018964082454262603,two_sided_Student_t_95_df_n_minus_1,estimated,raw_instance,independence_minus_cold,all_scheduled,6,cubic_spin_glass,0.008767855040099866,optimum_hit_rate,unadjusted_exploratory,7,fully_quadratized,all_designs_diagnostic,0.029985473301679444,original_e4,2
equal_2q_budget_128,0.023683007568706838,-0.10413464280572346,two_sided_Student_t_95_df_n_minus_1,estimated,raw_instance,independence_minus_cold,all_scheduled,6,cubic_spin_glass,-0.04022581761850831,auxiliary_inconsistency_rate,unadjusted_exploratory,7,fully_quadratized,all_designs_diagnostic,0.06910214519928527,original_e4,2
equal_2q_budget_128,5.750389562586465e-16,-4.0671150228515864e-18,two_sided_Student_t_95_df_n_minus_1,estimated,raw_instance,independence_minus_cold,all_scheduled,6,cubic_spin_glass,2.854859206178974e-16,statevector_norm,unadjusted_exploratory,7,fully_quadratized,all_designs_diagnostic,3.130825179953953e-16,original_e4,2
equal_2q_budget_128,0.3111861169383347,-0.2737065013389704,two_sided_Student_t_95_df_n_minus_1,estimated,raw_instance,original_only_minus_cold,all_scheduled,6,cubic_spin_glass,0.018739807799682134,original_objective_mean,unadjusted_exploratory,7,fully_quadratized,all_designs_diagnostic,0.3162109029213847,original_e4,2
equal_2q_budget_128,2.6420888925967425,-6.82354145922155,two_sided_Student_t_95_df_n_minus_1,estimated,raw_instance,original_only_minus_cold,all_scheduled,6,cubic_spin_glass,-2.090726283312404,encoded_energy_mean,unadjusted_exploratory,7,fully_quadratized,all_designs_diagnostic,5.117410318981737,original_e4,2
equal_2q_budget_128,0.038186185173455484,-0.014692775941776898,two_sided_Student_t_95_df_n_minus_1,estimated,raw_instance,original_only_minus_cold,all_scheduled,6,cubic_spin_glass,0.011746704615839293,optimum_hit_rate,unadjusted_exploratory,7,fully_quadratized,all_designs_diagnostic,0.02858798951684637,original_e4,2
equal_2q_budget_128,0.012733105321290836,-0.02631041356797731,two_sided_Student_t_95_df_n_minus_1,estimated,raw_instance,original_only_minus_cold,all_scheduled,6,cubic_spin_glass,-0.006788654123343237,auxiliary_inconsistency_rate,unadjusted_exploratory,7,fully_quadratized,all_designs_diagnostic,0.021108124765818515,original_e4,2
equal_2q_budget_128,9.981125933706937e-16,3.0243437833306114e-16,two_sided_Student_t_95_df_n_minus_1,estimated,raw_instance,original_only_minus_cold,all_scheduled,6,cubic_spin_glass,6.502734858518774e-16,statevector_norm,unadjusted_exploratory,7,fully_quadratized,all_designs_diagnostic,3.761049971321251e-16,original_e4,2
equal_2q_budget_128,0.28433845688852205,-0.3026157415983248,two_sided_Student_t_95_df_n_minus_1,estimated,raw_instance,pair_minus_cold,all_scheduled,6,cubic_spin_glass,-0.009138642354901371,original_objective_mean,unadjusted_exploratory,7,fully_quadratized,all_designs_diagnostic,0.3173254564635787,original_e4,2
equal_2q_budget_128,3.0495356907276148,-5.638717940050064,two_sided_Student_t_95_df_n_minus_1,estimated,raw_instance,pair_minus_cold,all_scheduled,6,cubic_spin_glass,-1.2945911246612245,encoded_energy_mean,unadjusted_exploratory,7,fully_quadratized,all_designs_diagnostic,4.697136601740576,original_e4,2
equal_2q_budget_128,0.03866548933249603,-0.013792424870439583,two_sided_Student_t_95_df_n_minus_1,estimated,raw_instance,pair_minus_cold,all_scheduled,6,cubic_spin_glass,0.012436532231028221,optimum_hit_rate,unadjusted_exploratory,7,fully_quadratized,all_designs_diagnostic,0.028360358631878524,original_e4,2
equal_2q_budget_128,0.006593189250346153,-0.022776908951676743,two_sided_Student_t_95_df_n_minus_1,estimated,raw_instance,pair_minus_cold,all_scheduled,6,cubic_spin_glass,-0.008091859850665295,auxiliary_inconsistency_rate,unadjusted_exploratory,7,fully_quadratized,all_designs_diagnostic,0.015878376613308945,original_e4,2
equal_2q_budget_128,7.364104272939928e-16,-3.874831909832294e-16,two_sided_Student_t_95_df_n_minus_1,estimated,raw_instance,pair_minus_cold,all_scheduled,6,cubic_spin_glass,1.7446361815538174e-16,statevector_norm,unadjusted_exploratory,7,fully_quadratized,all_designs_diagnostic,6.076113883429604e-16,original_e4,2
equal_2q_budget_128,0.13009232752795627,-0.10397918578525661,two_sided_Student_t_95_df_n_minus_1,estimated,raw_instance,pair_minus_independence,all_scheduled,6,cubic_spin_glass,0.013056570871349827,original_objective_mean,unadjusted_exploratory,7,fully_quadratized,all_designs_diagnostic,0.12654624500296574,original_e4,2
equal_2q_budget_128,10.644400161402666,-1.0821734371044016,two_sided_Student_t_95_df_n_minus_1,estimated,raw_instance,pair_minus_independence,all_scheduled,6,cubic_spin_glass,4.781113362149132,encoded_energy_mean,unadjusted_exploratory,7,fully_quadratized,all_designs_diagnostic,6.339745638574545,original_e4,2
equal_2q_budget_128,0.009015584527856954,-0.0016782301460002429,two_sided_Student_t_95_df_n_minus_1,estimated,raw_instance,pair_minus_independence,all_scheduled,6,cubic_spin_glass,0.0036686771909283556,optimum_hit_rate,unadjusted_exploratory,7,fully_quadratized,all_designs_diagnostic,0.005781404463017389,original_e4,2
equal_2q_budget_128,0.10106790186026068,-0.03679998632457465,two_sided_Student_t_95_df_n_minus_1,estimated,raw_instance,pair_minus_independence,all_scheduled,6,cubic_spin_glass,0.032133957767843016,auxiliary_inconsistency_rate,unadjusted_exploratory,7,fully_quadratized,all_designs_diagnostic,0.0745356122551066,original_e4,2
equal_2q_budget_128,6.24641296148982e-16,-8.466859010740133e-16,two_sided_Student_t_95_df_n_minus_1,estimated,raw_instance,pair_minus_independence,all_scheduled,6,cubic_spin_glass,-1.1102230246251565e-16,statevector_norm,unadjusted_exploratory,7,fully_quadratized,all_designs_diagnostic,7.954446457145965e-16,original_e4,2
equal_2q_budget_128,0.028654329257271793,-0.0844112295664388,two_sided_Student_t_95_df_n_minus_1,estimated,raw_instance,pair_minus_original_only,all_scheduled,6,cubic_spin_glass,-0.027878450154583505,original_objective_mean,unadjusted_exploratory,7,fully_quadratized,all_designs_diagnostic,0.061126711686427394,original_e4,2
equal_2q_budget_128,2.869553742532492,-1.2772834252301335,two_sided_Student_t_95_df_n_minus_1,estimated,raw_instance,pair_minus_original_only,all_scheduled,6,cubic_spin_glass,0.7961351586511795,encoded_energy_mean,unadjusted_exploratory,7,fully_quadratized,all_designs_diagnostic,2.2419074614897694,original_e4,2
equal_2q_budget_128,0.001893488470756698,-0.000513833240378843,two_sided_Student_t_95_df_n_minus_1,estimated,raw_instance,pair_minus_original_only,all_scheduled,6,cubic_spin_glass,0.0006898276151889275,optimum_hit_rate,unadjusted_exploratory,7,fully_quadratized,all_designs_diagnostic,0.0013014720106101895,original_e4,2
equal_2q_budget_128,0.018692389125785074,-0.02129880058042919,two_sided_Student_t_95_df_n_minus_1,estimated,raw_instance,pair_minus_original_only,all_scheduled,6,cubic_spin_glass,-0.0013032057273220574,auxiliary_inconsistency_rate,unadjusted_exploratory,7,fully_quadratized,all_designs_diagnostic,0.02162046469854221,original_e4,2
equal_2q_budget_128,1.1318147385257393e-16,-1.0648012092455652e-15,two_sided_Student_t_95_df_n_minus_1,estimated,raw_instance,pair_minus_original_only,all_scheduled,6,cubic_spin_glass,-4.758098676964956e-16,statevector_norm,unadjusted_exploratory,7,fully_quadratized,all_designs_diagnostic,6.368535970676505e-16,original_e4,2
equal_2q_budget_128,0.46457269041681676,-0.3489415096725416,two_sided_Student_t_95_df_n_minus_1,estimated,raw_instance,independence_minus_cold,positive_depth_only,4,cubic_spin_glass,0.05781559037213757,original_objective_mean,unadjusted_exploratory,5,fully_quadratized,all_designs_diagnostic,0.3275903147978106,original_e4,0
equal_2q_budget_128,2.878847546240331,-8.576005294494541,two_sided_Student_t_95_df_n_minus_1,estimated,raw_instance,independence_minus_cold,positive_depth_only,4,cubic_spin_glass,-2.848578874127105,encoded_energy_mean,unadjusted_exploratory,5,fully_quadratized,all_designs_diagnostic,4.612702332235563,original_e4,0
equal_2q_budget_128,0.01322755325769542,-0.01895040722497687,two_sided_Student_t_95_df_n_minus_1,estimated,raw_instance,independence_minus_cold,positive_depth_only,4,cubic_spin_glass,-0.002861426983640725,optimum_hit_rate,unadjusted_exploratory,5,fully_quadratized,all_designs_diagnostic,0.012957595826738187,original_e4,0
equal_2q_budget_128,0.054910666416850516,-0.11532057959083336,two_sided_Student_t_95_df_n_minus_1,estimated,raw_instance,independence_minus_cold,positive_depth_only,4,cubic_spin_glass,-0.030204956586991426,auxiliary_inconsistency_rate,unadjusted_exploratory,5,fully_quadratized,all_designs_diagnostic,0.06854964235652582,original_e4,0
equal_2q_budget_128,6.179671637403934e-16,-2.182868748753371e-16,two_sided_Student_t_95_df_n_minus_1,estimated,raw_instance,independence_minus_cold,positive_depth_only,4,cubic_spin_glass,1.9984014443252818e-16,statevector_norm,unadjusted_exploratory,5,fully_quadratized,all_designs_diagnostic,3.3674731643402955e-16,original_e4,0
equal_2q_budget_128,0.4763800432725038,-0.24613080365561563,two_sided_Student_t_95_df_n_minus_1,estimated,raw_instance,original_only_minus_cold,positive_depth_only,4,cubic_spin_glass,0.11512461980844406,original_objective_mean,unadjusted_exploratory,5,fully_quadratized,all_designs_diagnostic,0.2909445904742868,original_e4,0
equal_2q_budget_128,4.78275813394594,-5.672347282776277,two_sided_Student_t_95_df_n_minus_1,estimated,raw_instance,original_only_minus_cold,positive_depth_only,4,cubic_spin_glass,-0.44479457441516884,encoded_energy_mean,unadjusted_exploratory,5,fully_quadratized,all_designs_diagnostic,4.210118611736729,original_e4,0
equal_2q_budget_128,0.017022326916281947,-0.014404402071493022,two_sided_Student_t_95_df_n_minus_1,estimated,raw_instance,original_only_minus_cold,positive_depth_only,4,cubic_spin_glass,0.0013089624223944622,optimum_hit_rate,unadjusted_exploratory,5,fully_quadratized,all_designs_diagnostic,0.012655085849810418,original_e4,0
equal_2q_budget_128,0.021811165221669187,-0.040819396767031224,two_sided_Student_t_95_df_n_minus_1,estimated,raw_instance,original_only_minus_cold,positive_depth_only,4,cubic_spin_glass,-0.00950411577268102,auxiliary_inconsistency_rate,unadjusted_exploratory,5,fully_quadratized,all_designs_diagnostic,0.02522041473349636,original_e4,0
equal_2q_budget_128,1.169677330192847e-15,7.377245738732834e-17,two_sided_Student_t_95_df_n_minus_1,estimated,raw_instance,original_only_minus_cold,positive_depth_only,4,cubic_spin_glass,6.217248937900876e-16,statevector_norm,unadjusted_exploratory,5,fully_quadratized,all_designs_diagnostic,4.413049240337539e-16,original_e4,0
equal_2q_budget_128,0.4579313652036854,-0.3057417860196313,two_sided_Student_t_95_df_n_minus_1,estimated,raw_instance,pair_minus_cold,positive_depth_only,4,cubic_spin_glass,0.07609478959202706,original_objective_mean,unadjusted_exploratory,5,fully_quadratized,all_designs_diagnostic,0.3075200506449707,original_e4,0
equal_2q_budget_128,5.791787556493526,-5.741087149989408,two_sided_Student_t_95_df_n_minus_1,estimated,raw_instance,pair_minus_cold,positive_depth_only,4,cubic_spin_glass,0.025350203252059344,encoded_energy_mean,unadjusted_exploratory,5,fully_quadratized,all_designs_diagnostic,4.644120600728863,original_e4,0
equal_2q_budget_128,0.0182519089863677,-0.013702466819049769,two_sided_Student_t_95_df_n_minus_1,estimated,raw_instance,pair_minus_cold,positive_depth_only,4,cubic_spin_glass,0.0022747210836589664,optimum_hit_rate,unadjusted_exploratory,5,fully_quadratized,all_designs_diagnostic,0.012867561535022283,original_e4,0
equal_2q_budget_128,0.013775142642180271,-0.033240850603201255,two_sided_Student_t_95_df_n_minus_1,estimated,raw_instance,pair_minus_cold,positive_depth_only,4,cubic_spin_glass,-0.009732853980510492,auxiliary_inconsistency_rate,unadjusted_exploratory,5,fully_quadratized,all_designs_diagnostic,0.01893265541780891,original_e4,0
equal_2q_budget_128,1.0349571953863329e-15,-6.3527690652127655e-16,two_sided_Student_t_95_df_n_minus_1,estimated,raw_instance,pair_minus_cold,positive_depth_only,4,cubic_spin_glass,1.9984014443252818e-16,statevector_norm,unadjusted_exploratory,5,fully_quadratized,all_designs_diagnostic,6.72578936138855e-16,original_e4,0
equal_2q_budget_128,0.2102422056244113,-0.1736838071846323,two_sided_Student_t_95_df_n_minus_1,estimated,raw_instance,pair_minus_independence,positive_depth_only,4,cubic_spin_glass,0.0182791992198895,original_objective_mean,unadjusted_exploratory,5,fully_quadratized,all_designs_diagnostic,0.15460141123703547,original_e4,0
equal_2q_budget_128,7.991678170520686,-2.2438200157623567,two_sided_Student_t_95_df_n_minus_1,estimated,raw_instance,pair_minus_independence,positive_depth_only,4,cubic_spin_glass,2.8739290773791644,encoded_energy_mean,unadjusted_exploratory,5,fully_quadratized,all_designs_diagnostic,4.121685979898782,original_e4,0
equal_2q_budget_128,0.013059046545959768,-0.0027867504113603843,two_sided_Student_t_95_df_n_minus_1,estimated,raw_instance,pair_minus_independence,positive_depth_only,4,cubic_spin_glass,0.005136148067299692,optimum_hit_rate,unadjusted_exploratory,5,fully_quadratized,all_designs_diagnostic,0.0063808715482784615,original_e4,0
equal_2q_budget_128,0.11215591654924525,-0.0712117113362834,two_sided_Student_t_95_df_n_minus_1,estimated,raw_instance,pair_minus_independence,positive_depth_only,4,cubic_spin_glass,0.020472102606480934,auxiliary_inconsistency_rate,unadjusted_exploratory,5,fully_quadratized,all_designs_diagnostic,0.07383947193072961,original_e4,0
equal_2q_budget_128,1.1241522692149403e-15,-1.1241522692149403e-15,two_sided_Student_t_95_df_n_minus_1,estimated,raw_instance,pair_minus_independence,positive_depth_only,4,cubic_spin_glass,0.0,statevector_norm,unadjusted_exploratory,5,fully_quadratized,all_designs_diagnostic,9.053594779595603e-16,original_e4,0
equal_2q_budget_128,0.04930011439546447,-0.12735977482829847,two_sided_Student_t_95_df_n_minus_1,estimated,raw_instance,pair_minus_original_only,positive_depth_only,4,cubic_spin_glass,-0.039029830216417,original_objective_mean,unadjusted_exploratory,5,fully_quadratized,all_designs_diagnostic,0.07113836330896503,original_e4,0
equal_2q_budget_128,3.4543916666315773,-2.5141021112971207,two_sided_Student_t_95_df_n_minus_1,estimated,raw_instance,pair_minus_original_only,positive_depth_only,4,cubic_spin_glass,0.4701447776672282,encoded_energy_mean,unadjusted_exploratory,5,fully_quadratized,all_designs_diagnostic,2.4034254784559015,original_e4,0
equal_2q_budget_128,0.0028106393066237114,-0.0008791219840947033,two_sided_Student_t_95_df_n_minus_1,estimated,raw_instance,pair_minus_original_only,positive_depth_only,4,cubic_spin_glass,0.0009657586612645041,optimum_hit_rate,unadjusted_exploratory,5,fully_quadratized,all_designs_diagnostic,0.0014858131088829813,original_e4,0
equal_2q_budget_128,0.032343550531419,-0.032801026947077934,two_sided_Student_t_95_df_n_minus_1,estimated,raw_instance,pair_minus_original_only,positive_depth_only,4,cubic_spin_glass,-0.00022873820782947084,auxiliary_inconsistency_rate,unadjusted_exploratory,5,fully_quadratized,all_designs_diagnostic,0.026232772139941813,original_e4,0
equal_2q_budget_128,3.724130525007107e-16,-1.2161825512158296e-15,two_sided_Student_t_95_df_n_minus_1,estimated,raw_instance,pair_minus_original_only,positive_depth_only,4,cubic_spin_glass,-4.2188474935755947e-16,statevector_norm,unadjusted_exploratory,5,fully_quadratized,all_designs_diagnostic,6.397043024580965e-16,original_e4,0
equal_2q_budget_128,2.6013788302610523,-3.0458232747054987,two_sided_Student_t_95_df_n_minus_1,estimated,raw_instance,independence_minus_cold,zero_depth_only,1,cubic_spin_glass,-0.2222222222222231,original_objective_mean,unadjusted_exploratory,2,fully_quadratized,all_designs_diagnostic,0.3142696805273556,original_e4,2
equal_2q_budget_128,44.38737829858262,-72.67441533561959,two_sided_Student_t_95_df_n_minus_1,estimated,raw_instance,independence_minus_cold,zero_depth_only,1,cubic_spin_glass,-14.143518518518484,encoded_energy_mean,unadjusted_exploratory,2,fully_quadratized,all_designs_diagnostic,6.514548585931628,original_e4,2
equal_2q_budget_128,0.473987066131357,-0.39830494593245425,two_sided_Student_t_95_df_n_minus_1,estimated,raw_instance,independence_minus_cold,zero_depth_only,1,cubic_spin_glass,0.037841060099451346,optimum_hit_rate,unadjusted_exploratory,2,fully_quadratized,all_designs_diagnostic,0.04854349585200155,original_e4,2
equal_2q_budget_128,0.7431959799864067,-0.8737519203810078,two_sided_Student_t_95_df_n_minus_1,estimated,raw_instance,independence_minus_cold,zero_depth_only,1,cubic_spin_glass,-0.06527797019730053,auxiliary_inconsistency_rate,unadjusted_exploratory,2,fully_quadratized,all_designs_diagnostic,0.08998397624744751,original_e4,2
equal_2q_budget_128,1.2049364137664383e-15,-2.0573569160379746e-16,two_sided_Student_t_95_df_n_minus_1,estimated,raw_instance,independence_minus_cold,zero_depth_only,1,cubic_spin_glass,4.996003610813204e-16,statevector_norm,unadjusted_exploratory,2,fully_quadratized,all_designs_diagnostic,7.850462293418876e-17,original_e4,2
equal_2q_budget_128,2.6013788302610483,-3.045823274705494,two_sided_Student_t_95_df_n_minus_1,estimated,raw_instance,original_only_minus_cold,zero_depth_only,1,cubic_spin_glass,-0.22222222222222268,original_objective_mean,unadjusted_exploratory,2,fully_quadratized,all_designs_diagnostic,0.3142696805273551,original_e4,2
equal_2q_budget_128,49.772335309925005,-62.18344642103599,two_sided_Student_t_95_df_n_minus_1,estimated,raw_instance,original_only_minus_cold,zero_depth_only,1,cubic_spin_glass,-6.205555555555492,encoded_energy_mean,unadjusted_exploratory,2,fully_quadratized,all_designs_diagnostic,6.230396416454776,original_e4,2
equal_2q_budget_128,0.4739870661313573,-0.3983049459324546,two_sided_Student_t_95_df_n_minus_1,estimated,raw_instance,original_only_minus_cold,zero_depth_only,1,cubic_spin_glass,0.037841060099451373,optimum_hit_rate,unadjusted_exploratory,2,fully_quadratized,all_designs_diagnostic,0.048543495852001586,original_e4,2
equal_2q_budget_128,8.27460585393885e-15,-5.8321151997635065e-15,two_sided_Student_t_95_df_n_minus_1,estimated,raw_instance,original_only_minus_cold,zero_depth_only,1,cubic_spin_glass,1.2212453270876722e-15,auxiliary_inconsistency_rate,unadjusted_exploratory,2,fully_quadratized,all_designs_diagnostic,7.850462293418876e-16,original_e4,2
equal_2q_budget_128,2.8376531240617053e-15,-1.3943631920490018e-15,two_sided_Student_t_95_df_n_minus_1,estimated,raw_instance,original_only_minus_cold,zero_depth_only,1,cubic_spin_glass,7.216449660063518e-16,statevector_norm,unadjusted_exploratory,2,fully_quadratized,all_designs_diagnostic,2.3551386880256624e-16,original_e4,2
equal_2q_budget_128,2.601378830261046,-3.0458232747054907,two_sided_Student_t_95_df_n_minus_1,estimated,raw_instance,pair_minus_cold,zero_depth_only,1,cubic_spin_glass,-0.22222222222222246,original_objective_mean,unadjusted_exploratory,2,fully_quadratized,all_designs_diagnostic,0.3142696805273548,original_e4,2
equal_2q_budget_128,30.912338790533077,-40.101227679421946,two_sided_Student_t_95_df_n_minus_1,estimated,raw_instance,pair_minus_cold,zero_depth_only,1,cubic_spin_glass,-4.594444444444434,encoded_energy_mean,unadjusted_exploratory,2,fully_quadratized,all_designs_diagnostic,3.9519412326315324,original_e4,2
equal_2q_budget_128,0.47398706613135727,-0.3983049459324545,two_sided_Student_t_95_df_n_minus_1,estimated,raw_instance,pair_minus_cold,zero_depth_only,1,cubic_spin_glass,0.03784106009945136,optimum_hit_rate,unadjusted_exploratory,2,fully_quadratized,all_designs_diagnostic,0.04854349585200157,original_e4,2
equal_2q_budget_128,0.04670043497125661,-0.054679184023361214,two_sided_Student_t_95_df_n_minus_1,estimated,raw_instance,pair_minus_cold,zero_depth_only,1,cubic_spin_glass,-0.003989374526052303,auxiliary_inconsistency_rate,unadjusted_exploratory,2,fully_quadratized,all_designs_diagnostic,0.005641827560129847,original_e4,2
equal_2q_budget_128,5.753710723943459e-15,-5.5316661190184276e-15,two_sided_Student_t_95_df_n_minus_1,estimated,raw_instance,pair_minus_cold,zero_depth_only,1,cubic_spin_glass,1.1102230246251565e-16,statevector_norm,unadjusted_exploratory,2,fully_quadratized,all_designs_diagnostic,6.280369834735101e-16,original_e4,2
equal_2q_budget_128,7.871797052904522e-15,-6.565550275493986e-15,two_sided_Student_t_95_df_n_minus_1,estimated,raw_instance,pair_minus_independence,zero_depth_only,1,cubic_spin_glass,6.531233887052679e-16,original_objective_mean,unadjusted_exploratory,2,fully_quadratized,all_designs_diagnostic,8.03445750342088e-16,original_e4,2
equal_2q_budget_128,103.58675412615267,-84.48860597800456,two_sided_Student_t_95_df_n_minus_1,estimated,raw_instance,pair_minus_independence,zero_depth_only,1,cubic_spin_glass,9.54907407407405,encoded_energy_mean,unadjusted_exploratory,2,fully_quadratized,all_designs_diagnostic,10.46648981856316,original_e4,2
equal_2q_budget_128,1.699047728086608e-16,-1.3867975024107827e-16,two_sided_Student_t_95_df_n_minus_1,estimated,raw_instance,pair_minus_independence,zero_depth_only,1,cubic_spin_glass,1.5612511283791264e-17,optimum_hit_rate,unadjusted_exploratory,2,fully_quadratized,all_designs_diagnostic,1.717288626685379e-17,original_e4,2
equal_2q_budget_128,0.9204523553522643,-0.7978751640097679,two_sided_Student_t_95_df_n_minus_1,estimated,raw_instance,pair_minus_independence,zero_depth_only,1,cubic_spin_glass,0.061288595671248225,auxiliary_inconsistency_rate,unadjusted_exploratory,2,fully_quadratized,all_designs_diagnostic,0.09562580380757736,original_e4,2
equal_2q_budget_128,4.54877431017702e-15,-5.32593042741463e-15,two_sided_Student_t_95_df_n_minus_1,estimated,raw_instance,pair_minus_independence,zero_depth_only,1,cubic_spin_glass,-3.885780586188048e-16,statevector_norm,unadjusted_exploratory,2,fully_quadratized,all_designs_diagnostic,5.495323605393213e-16,original_e4,2
equal_2q_budget_128,3.043388815665503e-15,-2.5992996058154403e-15,two_sided_Student_t_95_df_n_minus_1,estimated,raw_instance,pair_minus_original_only,zero_depth_only,1,cubic_spin_glass,2.220446049250313e-16,original_objective_mean,unadjusted_exploratory,2,fully_quadratized,all_designs_diagnostic,3.1401849173675503e-16,original_e4,2
equal_2q_budget_128,22.082218741614046,-18.85999651939193,two_sided_Student_t_95_df_n_minus_1,estimated,raw_instance,pair_minus_original_only,zero_depth_only,1,cubic_spin_glass,1.6111111111110574,encoded_energy_mean,unadjusted_exploratory,2,fully_quadratized,all_designs_diagnostic,2.278455183823244,original_e4,2
equal_2q_budget_128,1.6245622536346502e-16,-1.9021180097909393e-16,two_sided_Student_t_95_df_n_minus_1,estimated,raw_instance,pair_minus_original_only,zero_depth_only,1,cubic_spin_glass,-1.3877787807814457e-17,optimum_hit_rate,unadjusted_exploratory,2,fully_quadratized,all_designs_diagnostic,1.962615573354719e-17,original_e4,2
equal_2q_budget_128,0.046700434971262444,-0.05467918402336949,two_sided_Student_t_95_df_n_minus_1,estimated,raw_instance,pair_minus_original_only,zero_depth_only,1,cubic_spin_glass,-0.003989374526053524,auxiliary_inconsistency_rate,unadjusted_exploratory,2,fully_quadratized,all_designs_diagnostic,0.005641827560130632,original_e4,2
equal_2q_budget_128,7.14807391599246e-15,-8.369319243080132e-15,two_sided_Student_t_95_df_n_minus_1,estimated,raw_instance,pair_minus_original_only,zero_depth_only,1,cubic_spin_glass,-6.106226635438361e-16,statevector_norm,unadjusted_exploratory,2,fully_quadratized,all_designs_diagnostic,8.635508522760763e-16,original_e4,2
equal_2q_budget_256,0.4675043978564988,-0.9155316472498307,two_sided_Student_t_95_df_n_minus_1,estimated,raw_instance,independence_minus_cold,all_scheduled,6,cubic_spin_glass,-0.22401362469666594,original_objective_mean,unadjusted_exploratory,7,fully_quadratized,all_designs_diagnostic,0.7477117387529572,original_e4,0
equal_2q_budget_256,16.83027622846215,-8.288258652766391,two_sided_Student_t_95_df_n_minus_1,estimated,raw_instance,independence_minus_cold,all_scheduled,6,cubic_spin_glass,4.2710087878478795,encoded_energy_mean,unadjusted_exploratory,7,fully_quadratized,all_designs_diagnostic,13.579850978884831,original_e4,0
equal_2q_budget_256,0.07113114542466976,-0.024973262011245324,two_sided_Student_t_95_df_n_minus_1,estimated,raw_instance,independence_minus_cold,all_scheduled,6,cubic_spin_glass,0.02307894170671222,optimum_hit_rate,unadjusted_exploratory,7,fully_quadratized,all_designs_diagnostic,0.05195699261779264,original_e4,0
equal_2q_budget_256,0.013254383580699837,-0.03609390991212395,two_sided_Student_t_95_df_n_minus_1,estimated,raw_instance,independence_minus_cold,all_scheduled,6,cubic_spin_glass,-0.011419763165712058,auxiliary_inconsistency_rate,unadjusted_exploratory,7,fully_quadratized,all_designs_diagnostic,0.02667920222511173,original_e4,0
equal_2q_budget_256,2.152131603407103e-15,-9.028884338895527e-17,two_sided_Student_t_95_df_n_minus_1,estimated,raw_instance,independence_minus_cold,all_scheduled,6,cubic_spin_glass,1.030921380009074e-15,statevector_norm,unadjusted_exploratory,7,fully_quadratized,all_designs_diagnostic,1.2123213254070746e-15,original_e4,0
equal_2q_budget_256,0.5637464235270874,-0.8655790708537111,two_sided_Student_t_95_df_n_minus_1,estimated,raw_instance,original_only_minus_cold,all_scheduled,6,cubic_spin_glass,-0.15091632366331184,original_objective_mean,unadjusted_exploratory,7,fully_quadratized,all_designs_diagnostic,0.7727372359013478,original_e4,0
equal_2q_budget_256,4.681805699862193,-1.174360643468387,two_sided_Student_t_95_df_n_minus_1,estimated,raw_instance,original_only_minus_cold,all_scheduled,6,cubic_spin_glass,1.7537225281969029,encoded_energy_mean,unadjusted_exploratory,7,fully_quadratized,all_designs_diagnostic,3.1660232822504732,original_e4,0
equal_2q_budget_256,0.0856009234873991,-0.03431861883368255,two_sided_Student_t_95_df_n_minus_1,estimated,raw_instance,original_only_minus_cold,all_scheduled,6,cubic_spin_glass,0.025641152326858273,optimum_hit_rate,unadjusted_exploratory,7,fully_quadratized,all_designs_diagnostic,0.06483218555049389,original_e4,0
equal_2q_budget_256,0.021612115209005026,-0.018821122000905795,two_sided_Student_t_95_df_n_minus_1,estimated,raw_instance,original_only_minus_cold,all_scheduled,6,cubic_spin_glass,0.0013954966040496159,auxiliary_inconsistency_rate,unadjusted_exploratory,7,fully_quadratized,all_designs_diagnostic,0.021859449147841176,original_e4,0
equal_2q_budget_256,2.3517339502478847e-15,-2.26449874536871e-16,two_sided_Student_t_95_df_n_minus_1,estimated,raw_instance,original_only_minus_cold,all_scheduled,6,cubic_spin_glass,1.062642037855507e-15,statevector_norm,unadjusted_exploratory,7,fully_quadratized,all_designs_diagnostic,1.3938453139204713e-15,original_e4,0
equal_2q_budget_256,0.43433832535792255,-0.3210161449179562,two_sided_Student_t_95_df_n_minus_1,estimated,raw_instance,pair_minus_cold,all_scheduled,6,cubic_spin_glass,0.05666109021998315,original_objective_mean,unadjusted_exploratory,7,fully_quadratized,all_designs_diagnostic,0.40836781249716064,original_e4,0
equal_2q_budget_256,2.3257182163392383,-4.5753833911912745,two_sided_Student_t_95_df_n_minus_1,estimated,raw_instance,pair_minus_cold,all_scheduled,6,cubic_spin_glass,-1.1248325874260183,encoded_energy_mean,unadjusted_exploratory,7,fully_quadratized,all_designs_diagnostic,3.730947360725336,original_e4,0
equal_2q_budget_256,0.03945134006718011,-0.012916919268239006,two_sided_Student_t_95_df_n_minus_1,estimated,raw_instance,pair_minus_cold,all_scheduled,6,cubic_spin_glass,0.013267210399470552,optimum_hit_rate,unadjusted_exploratory,7,fully_quadratized,all_designs_diagnostic,0.028311888458512027,original_e4,0
equal_2q_budget_256,0.00959897994380505,-0.0169444761907378,two_sided_Student_t_95_df_n_minus_1,estimated,raw_instance,pair_minus_cold,all_scheduled,6,cubic_spin_glass,-0.0036727481234663756,auxiliary_inconsistency_rate,unadjusted_exploratory,7,fully_quadratized,all_designs_diagnostic,0.014350207146875937,original_e4,0
equal_2q_budget_256,1.1330031975503669e-15,-7.206346455467372e-16,two_sided_Student_t_95_df_n_minus_1,estimated,raw_instance,pair_minus_cold,all_scheduled,6,cubic_spin_glass,2.061842760018148e-16,statevector_norm,unadjusted_exploratory,7,fully_quadratized,all_designs_diagnostic,1.0021335160312908e-15,original_e4,0
equal_2q_budget_256,0.7606845132749547,-0.19933508344165668,two_sided_Student_t_95_df_n_minus_1,estimated,raw_instance,pair_minus_independence,all_scheduled,6,cubic_spin_glass,0.280674714916649,original_objective_mean,unadjusted_exploratory,7,fully_quadratized,all_designs_diagnostic,0.5190160621176749,original_e4,0
equal_2q_budget_256,9.740675781797151,-20.532358532344944,two_sided_Student_t_95_df_n_minus_1,estimated,raw_instance,pair_minus_independence,all_scheduled,6,cubic_spin_glass,-5.395841375273897,encoded_energy_mean,unadjusted_exploratory,7,fully_quadratized,all_designs_diagnostic,16.36653159145601,original_e4,0
equal_2q_budget_256,0.015874711640969943,-0.03549817425545328,two_sided_Student_t_95_df_n_minus_1,estimated,raw_instance,pair_minus_independence,all_scheduled,6,cubic_spin_glass,-0.009811731307241667,optimum_hit_rate,unadjusted_exploratory,7,fully_quadratized,all_designs_diagnostic,0.027773759024059784,original_e4,0
equal_2q_budget_256,0.04135514547702327,-0.025861115392531907,two_sided_Student_t_95_df_n_minus_1,estimated,raw_instance,pair_minus_independence,all_scheduled,6,cubic_spin_glass,0.007747015042245683,auxiliary_inconsistency_rate,unadjusted_exploratory,7,fully_quadratized,all_designs_diagnostic,0.0363391738523948,original_e4,0
equal_2q_budget_256,1.5449709041605705e-16,-1.8039712984305752e-15,two_sided_Student_t_95_df_n_minus_1,estimated,raw_instance,pair_minus_independence,all_scheduled,6,cubic_spin_glass,-8.247371040072592e-16,statevector_norm,unadjusted_exploratory,7,fully_quadratized,all_designs_diagnostic,1.0588081268732483e-15,original_e4,0
equal_2q_budget_256,0.6730622943617306,-0.2579074665951405,two_sided_Student_t_95_df_n_minus_1,estimated,raw_instance,pair_minus_original_only,all_scheduled,6,cubic_spin_glass,0.207577413883295,original_objective_mean,unadjusted_exploratory,7,fully_quadratized,all_designs_diagnostic,0.50331082921123,original_e4,0
equal_2q_budget_256,2.1890723059438018,-7.946182537189644,two_sided_Student_t_95_df_n_minus_1,estimated,raw_instance,pair_minus_original_only,all_scheduled,6,cubic_spin_glass,-2.878555115622921,encoded_energy_mean,unadjusted_exploratory,7,fully_quadratized,all_designs_diagnostic,5.479429873341452,original_e4,0
equal_2q_budget_256,0.023936841181383645,-0.04868472503615909,two_sided_Student_t_95_df_n_minus_1,estimated,raw_instance,pair_minus_original_only,all_scheduled,6,cubic_spin_glass,-0.012373941927387722,optimum_hit_rate,unadjusted_exploratory,7,fully_quadratized,all_designs_diagnostic,0.039261447841229064,original_e4,0
equal_2q_budget_256,0.0059018180749743025,-0.016038307530006284,two_sided_Student_t_95_df_n_minus_1,estimated,raw_instance,pair_minus_original_only,all_scheduled,6,cubic_spin_glass,-0.005068244727515991,auxiliary_inconsistency_rate,unadjusted_exploratory,7,fully_quadratized,all_designs_diagnostic,0.01186150536177608,original_e4,0
equal_2q_budget_256,1.5431165668083573e-16,-1.86722718038822e-15,two_sided_Student_t_95_df_n_minus_1,estimated,raw_instance,pair_minus_original_only,all_scheduled,6,cubic_spin_glass,-8.564577618536922e-16,statevector_norm,unadjusted_exploratory,7,fully_quadratized,all_designs_diagnostic,1.0929059471514542e-15,original_e4,0
equal_2q_budget_256,0.4675043978564988,-0.9155316472498307,two_sided_Student_t_95_df_n_minus_1,estimated,raw_instance,independence_minus_cold,positive_depth_only,6,cubic_spin_glass,-0.22401362469666594,original_objective_mean,unadjusted_exploratory,7,fully_quadratized,all_designs_diagnostic,0.7477117387529572,original_e4,0
equal_2q_budget_256,16.83027622846215,-8.288258652766391,two_sided_Student_t_95_df_n_minus_1,estimated,raw_instance,independence_minus_cold,positive_depth_only,6,cubic_spin_glass,4.2710087878478795,encoded_energy_mean,unadjusted_exploratory,7,fully_quadratized,all_designs_diagnostic,13.579850978884831,original_e4,0
equal_2q_budget_256,0.07113114542466976,-0.024973262011245324,two_sided_Student_t_95_df_n_minus_1,estimated,raw_instance,independence_minus_cold,positive_depth_only,6,cubic_spin_glass,0.02307894170671222,optimum_hit_rate,unadjusted_exploratory,7,fully_quadratized,all_designs_diagnostic,0.05195699261779264,original_e4,0
equal_2q_budget_256,0.013254383580699837,-0.03609390991212395,two_sided_Student_t_95_df_n_minus_1,estimated,raw_instance,independence_minus_cold,positive_depth_only,6,cubic_spin_glass,-0.011419763165712058,auxiliary_inconsistency_rate,unadjusted_exploratory,7,fully_quadratized,all_designs_diagnostic,0.02667920222511173,original_e4,0
equal_2q_budget_256,2.152131603407103e-15,-9.028884338895527e-17,two_sided_Student_t_95_df_n_minus_1,estimated,raw_instance,independence_minus_cold,positive_depth_only,6,cubic_spin_glass,1.030921380009074e-15,statevector_norm,unadjusted_exploratory,7,fully_quadratized,all_designs_diagnostic,1.2123213254070746e-15,original_e4,0
equal_2q_budget_256,0.5637464235270874,-0.8655790708537111,two_sided_Student_t_95_df_n_minus_1,estimated,raw_instance,original_only_minus_cold,positive_depth_only,6,cubic_spin_glass,-0.15091632366331184,original_objective_mean,unadjusted_exploratory,7,fully_quadratized,all_designs_diagnostic,0.7727372359013478,original_e4,0
equal_2q_budget_256,4.681805699862193,-1.174360643468387,two_sided_Student_t_95_df_n_minus_1,estimated,raw_instance,original_only_minus_cold,positive_depth_only,6,cubic_spin_glass,1.7537225281969029,encoded_energy_mean,unadjusted_exploratory,7,fully_quadratized,all_designs_diagnostic,3.1660232822504732,original_e4,0
equal_2q_budget_256,0.0856009234873991,-0.03431861883368255,two_sided_Student_t_95_df_n_minus_1,estimated,raw_instance,original_only_minus_cold,positive_depth_only,6,cubic_spin_glass,0.025641152326858273,optimum_hit_rate,unadjusted_exploratory,7,fully_quadratized,all_designs_diagnostic,0.06483218555049389,original_e4,0
equal_2q_budget_256,0.021612115209005026,-0.018821122000905795,two_sided_Student_t_95_df_n_minus_1,estimated,raw_instance,original_only_minus_cold,positive_depth_only,6,cubic_spin_glass,0.0013954966040496159,auxiliary_inconsistency_rate,unadjusted_exploratory,7,fully_quadratized,all_designs_diagnostic,0.021859449147841176,original_e4,0
equal_2q_budget_256,2.3517339502478847e-15,-2.26449874536871e-16,two_sided_Student_t_95_df_n_minus_1,estimated,raw_instance,original_only_minus_cold,positive_depth_only,6,cubic_spin_glass,1.062642037855507e-15,statevector_norm,unadjusted_exploratory,7,fully_quadratized,all_designs_diagnostic,1.3938453139204713e-15,original_e4,0
equal_2q_budget_256,0.43433832535792255,-0.3210161449179562,two_sided_Student_t_95_df_n_minus_1,estimated,raw_instance,pair_minus_cold,positive_depth_only,6,cubic_spin_glass,0.05666109021998315,original_objective_mean,unadjusted_exploratory,7,fully_quadratized,all_designs_diagnostic,0.40836781249716064,original_e4,0
equal_2q_budget_256,2.3257182163392383,-4.5753833911912745,two_sided_Student_t_95_df_n_minus_1,estimated,raw_instance,pair_minus_cold,positive_depth_only,6,cubic_spin_glass,-1.1248325874260183,encoded_energy_mean,unadjusted_exploratory,7,fully_quadratized,all_designs_diagnostic,3.730947360725336,original_e4,0
equal_2q_budget_256,0.03945134006718011,-0.012916919268239006,two_sided_Student_t_95_df_n_minus_1,estimated,raw_instance,pair_minus_cold,positive_depth_only,6,cubic_spin_glass,0.013267210399470552,optimum_hit_rate,unadjusted_exploratory,7,fully_quadratized,all_designs_diagnostic,0.028311888458512027,original_e4,0
equal_2q_budget_256,0.00959897994380505,-0.0169444761907378,two_sided_Student_t_95_df_n_minus_1,estimated,raw_instance,pair_minus_cold,positive_depth_only,6,cubic_spin_glass,-0.0036727481234663756,auxiliary_inconsistency_rate,unadjusted_exploratory,7,fully_quadratized,all_designs_diagnostic,0.014350207146875937,original_e4,0
equal_2q_budget_256,1.1330031975503669e-15,-7.206346455467372e-16,two_sided_Student_t_95_df_n_minus_1,estimated,raw_instance,pair_minus_cold,positive_depth_only,6,cubic_spin_glass,2.061842760018148e-16,statevector_norm,unadjusted_exploratory,7,fully_quadratized,all_designs_diagnostic,1.0021335160312908e-15,original_e4,0
equal_2q_budget_256,0.7606845132749547,-0.19933508344165668,two_sided_Student_t_95_df_n_minus_1,estimated,raw_instance,pair_minus_independence,positive_depth_only,6,cubic_spin_glass,0.280674714916649,original_objective_mean,unadjusted_exploratory,7,fully_quadratized,all_designs_diagnostic,0.5190160621176749,original_e4,0
equal_2q_budget_256,9.740675781797151,-20.532358532344944,two_sided_Student_t_95_df_n_minus_1,estimated,raw_instance,pair_minus_independence,positive_depth_only,6,cubic_spin_glass,-5.395841375273897,encoded_energy_mean,unadjusted_exploratory,7,fully_quadratized,all_designs_diagnostic,16.36653159145601,original_e4,0
equal_2q_budget_256,0.015874711640969943,-0.03549817425545328,two_sided_Student_t_95_df_n_minus_1,estimated,raw_instance,pair_minus_independence,positive_depth_only,6,cubic_spin_glass,-0.009811731307241667,optimum_hit_rate,unadjusted_exploratory,7,fully_quadratized,all_designs_diagnostic,0.027773759024059784,original_e4,0
equal_2q_budget_256,0.04135514547702327,-0.025861115392531907,two_sided_Student_t_95_df_n_minus_1,estimated,raw_instance,pair_minus_independence,positive_depth_only,6,cubic_spin_glass,0.007747015042245683,auxiliary_inconsistency_rate,unadjusted_exploratory,7,fully_quadratized,all_designs_diagnostic,0.0363391738523948,original_e4,0
equal_2q_budget_256,1.5449709041605705e-16,-1.8039712984305752e-15,two_sided_Student_t_95_df_n_minus_1,estimated,raw_instance,pair_minus_independence,positive_depth_only,6,cubic_spin_glass,-8.247371040072592e-16,statevector_norm,unadjusted_exploratory,7,fully_quadratized,all_designs_diagnostic,1.0588081268732483e-15,original_e4,0
equal_2q_budget_256,0.6730622943617306,-0.2579074665951405,two_sided_Student_t_95_df_n_minus_1,estimated,raw_instance,pair_minus_original_only,positive_depth_only,6,cubic_spin_glass,0.207577413883295,original_objective_mean,unadjusted_exploratory,7,fully_quadratized,all_designs_diagnostic,0.50331082921123,original_e4,0
equal_2q_budget_256,2.1890723059438018,-7.946182537189644,two_sided_Student_t_95_df_n_minus_1,estimated,raw_instance,pair_minus_original_only,positive_depth_only,6,cubic_spin_glass,-2.878555115622921,encoded_energy_mean,unadjusted_exploratory,7,fully_quadratized,all_designs_diagnostic,5.479429873341452,original_e4,0
equal_2q_budget_256,0.023936841181383645,-0.04868472503615909,two_sided_Student_t_95_df_n_minus_1,estimated,raw_instance,pair_minus_original_only,positive_depth_only,6,cubic_spin_glass,-0.012373941927387722,optimum_hit_rate,unadjusted_exploratory,7,fully_quadratized,all_designs_diagnostic,0.039261447841229064,original_e4,0
equal_2q_budget_256,0.0059018180749743025,-0.016038307530006284,two_sided_Student_t_95_df_n_minus_1,estimated,raw_instance,pair_minus_original_only,positive_depth_only,6,cubic_spin_glass,-0.005068244727515991,auxiliary_inconsistency_rate,unadjusted_exploratory,7,fully_quadratized,all_designs_diagnostic,0.01186150536177608,original_e4,0
equal_2q_budget_256,1.5431165668083573e-16,-1.86722718038822e-15,two_sided_Student_t_95_df_n_minus_1,estimated,raw_instance,pair_minus_original_only,positive_depth_only,6,cubic_spin_glass,-8.564577618536922e-16,statevector_norm,unadjusted_exploratory,7,fully_quadratized,all_designs_diagnostic,1.0929059471514542e-15,original_e4,0
equal_layer_p1,0.20915158539032627,-0.5841786188689246,two_sided_Student_t_95_df_n_minus_1,estimated,raw_instance,independence_minus_cold,all_scheduled,6,cubic_spin_glass,-0.1875135167392992,original_objective_mean,unadjusted_exploratory,7,fully_quadratized,all_designs_diagnostic,0.4288986599668258,original_e4,0
equal_layer_p1,0.5733393305183832,-17.01137424285316,two_sided_Student_t_95_df_n_minus_1,estimated,raw_instance,independence_minus_cold,all_scheduled,6,cubic_spin_glass,-8.21901745616739,encoded_energy_mean,unadjusted_exploratory,7,fully_quadratized,all_designs_diagnostic,9.506835926613544,original_e4,0
equal_layer_p1,0.036468087240829075,-0.010227568033391305,two_sided_Student_t_95_df_n_minus_1,estimated,raw_instance,independence_minus_cold,all_scheduled,6,cubic_spin_glass,0.013120259603718884,optimum_hit_rate,unadjusted_exploratory,7,fully_quadratized,all_designs_diagnostic,0.025245104580489595,original_e4,0
equal_layer_p1,-0.011327601299957527,-0.059621647003156544,two_sided_Student_t_95_df_n_minus_1,estimated,raw_instance,independence_minus_cold,all_scheduled,6,cubic_spin_glass,-0.035474624151557034,auxiliary_inconsistency_rate,unadjusted_exploratory,7,fully_quadratized,all_designs_diagnostic,0.026109243509541018,original_e4,0
equal_layer_p1,2.7636684525506187e-16,-4.032494766407941e-16,two_sided_Student_t_95_df_n_minus_1,estimated,raw_instance,independence_minus_cold,all_scheduled,6,cubic_spin_glass,-6.344131569286608e-17,statevector_norm,unadjusted_exploratory,7,fully_quadratized,all_designs_diagnostic,3.674214446743303e-16,original_e4,0
equal_layer_p1,0.18388041957765777,-0.17572155343206824,two_sided_Student_t_95_df_n_minus_1,estimated,raw_instance,original_only_minus_cold,all_scheduled,6,cubic_spin_glass,0.004079433072794768,original_objective_mean,unadjusted_exploratory,7,fully_quadratized,all_designs_diagnostic,0.19441186471566219,original_e4,0
equal_layer_p1,3.463733503841867,-10.651807495255763,two_sided_Student_t_95_df_n_minus_1,estimated,raw_instance,original_only_minus_cold,all_scheduled,6,cubic_spin_glass,-3.5940369957069485,encoded_energy_mean,unadjusted_exploratory,7,fully_quadratized,all_designs_diagnostic,7.631294745512227,original_e4,0
equal_layer_p1,0.047418532161021446,-0.018317341407764833,two_sided_Student_t_95_df_n_minus_1,estimated,raw_instance,original_only_minus_cold,all_scheduled,6,cubic_spin_glass,0.014550595376628308,optimum_hit_rate,unadjusted_exploratory,7,fully_quadratized,all_designs_diagnostic,0.03553883103660029,original_e4,0
equal_layer_p1,0.041041839790432924,-0.018270016833539814,two_sided_Student_t_95_df_n_minus_1,estimated,raw_instance,original_only_minus_cold,all_scheduled,6,cubic_spin_glass,0.011385911478446555,auxiliary_inconsistency_rate,unadjusted_exploratory,7,fully_quadratized,all_designs_diagnostic,0.03206581028881804,original_e4,0
equal_layer_p1,1.2648489499231474e-15,-2.774329391225866e-17,two_sided_Student_t_95_df_n_minus_1,estimated,raw_instance,original_only_minus_cold,all_scheduled,6,cubic_spin_glass,6.185528280054443e-16,statevector_norm,unadjusted_exploratory,7,fully_quadratized,all_designs_diagnostic,6.988150435822178e-16,original_e4,0
equal_layer_p1,0.18938417645441302,-0.22378830819348028,two_sided_Student_t_95_df_n_minus_1,estimated,raw_instance,pair_minus_cold,all_scheduled,6,cubic_spin_glass,-0.01720206586953363,original_objective_mean,unadjusted_exploratory,7,fully_quadratized,all_designs_diagnostic,0.223373727672589,original_e4,0
equal_layer_p1,3.3636110577084315,-12.669774772877613,two_sided_Student_t_95_df_n_minus_1,estimated,raw_instance,pair_minus_cold,all_scheduled,6,cubic_spin_glass,-4.653081857584591,encoded_energy_mean,unadjusted_exploratory,7,fully_quadratized,all_designs_diagnostic,8.668140530323516,original_e4,0
equal_layer_p1,0.030101778605165448,-0.007347343154565545,two_sided_Student_t_95_df_n_minus_1,estimated,raw_instance,pair_minus_cold,all_scheduled,6,cubic_spin_glass,0.011377217725299952,optimum_hit_rate,unadjusted_exploratory,7,fully_quadratized,all_designs_diagnostic,0.020246144737020865,original_e4,0
equal_layer_p1,0.0392723658020334,-0.03170979635357679,two_sided_Student_t_95_df_n_minus_1,estimated,raw_instance,pair_minus_cold,all_scheduled,6,cubic_spin_glass,0.003781284724228308,auxiliary_inconsistency_rate,unadjusted_exploratory,7,fully_quadratized,all_designs_diagnostic,0.038375135683275156,original_e4,0
equal_layer_p1,6.78623395274651e-16,-3.931374746567537e-16,two_sided_Student_t_95_df_n_minus_1,estimated,raw_instance,pair_minus_cold,all_scheduled,6,cubic_spin_glass,1.427429603089487e-16,statevector_norm,unadjusted_exploratory,7,fully_quadratized,all_designs_diagnostic,5.794268243545181e-16,original_e4,0
equal_layer_p1,0.5519780735394768,-0.21135517179994565,two_sided_Student_t_95_df_n_minus_1,estimated,raw_instance,pair_minus_independence,all_scheduled,6,cubic_spin_glass,0.1703114508697656,original_objective_mean,unadjusted_exploratory,7,fully_quadratized,all_designs_diagnostic,0.41268138320776515,original_e4,0
equal_layer_p1,8.275857410851923,-1.1439862136863281,two_sided_Student_t_95_df_n_minus_1,estimated,raw_instance,pair_minus_independence,all_scheduled,6,cubic_spin_glass,3.565935598582797,encoded_energy_mean,unadjusted_exploratory,7,fully_quadratized,all_designs_diagnostic,5.0926566087747585,original_e4,0
equal_layer_p1,0.004165860932116633,-0.007651944688954494,two_sided_Student_t_95_df_n_minus_1,estimated,raw_instance,pair_minus_independence,all_scheduled,6,cubic_spin_glass,-0.0017430418784189301,optimum_hit_rate,unadjusted_exploratory,7,fully_quadratized,all_designs_diagnostic,0.006389068470371079,original_e4,0
equal_layer_p1,0.08186758845819206,-0.0033557707066213874,two_sided_Student_t_95_df_n_minus_1,estimated,raw_instance,pair_minus_independence,all_scheduled,6,cubic_spin_glass,0.03925590887578534,auxiliary_inconsistency_rate,unadjusted_exploratory,7,fully_quadratized,all_designs_diagnostic,0.046074363924905055,original_e4,0
equal_layer_p1,7.913273570561558e-16,-3.789588050525261e-16,two_sided_Student_t_95_df_n_minus_1,estimated,raw_instance,pair_minus_independence,all_scheduled,6,cubic_spin_glass,2.061842760018148e-16,statevector_norm,unadjusted_exploratory,7,fully_quadratized,all_designs_diagnostic,6.326926215733832e-16,original_e4,0
equal_layer_p1,0.09794016672991487,-0.14050316461457166,two_sided_Student_t_95_df_n_minus_1,estimated,raw_instance,pair_minus_original_only,all_scheduled,6,cubic_spin_glass,-0.0212814989423284,original_objective_mean,unadjusted_exploratory,7,fully_quadratized,all_designs_diagnostic,0.12890978402513478,original_e4,0
equal_layer_p1,0.6351840919804039,-2.7532738157356897,two_sided_Student_t_95_df_n_minus_1,estimated,raw_instance,pair_minus_original_only,all_scheduled,6,cubic_spin_glass,-1.059044861877643,encoded_energy_mean,unadjusted_exploratory,7,fully_quadratized,all_designs_diagnostic,1.831904354795628,original_e4,0
equal_layer_p1,0.013241435508737966,-0.019588190811394676,two_sided_Student_t_95_df_n_minus_1,estimated,raw_instance,pair_minus_original_only,all_scheduled,6,cubic_spin_glass,-0.003173377651328355,optimum_hit_rate,unadjusted_exploratory,7,fully_quadratized,all_designs_diagnostic,0.017748703705368005,original_e4,0
equal_layer_p1,0.0056636062835984935,-0.020872859792034987,two_sided_Student_t_95_df_n_minus_1,estimated,raw_instance,pair_minus_original_only,all_scheduled,6,cubic_spin_glass,-0.007604626754218247,auxiliary_inconsistency_rate,unadjusted_exploratory,7,fully_quadratized,all_designs_diagnostic,0.014346428106467262,original_e4,0
equal_layer_p1,9.500100280944172e-17,-1.046620738202433e-15,two_sided_Student_t_95_df_n_minus_1,estimated,raw_instance,pair_minus_original_only,all_scheduled,6,cubic_spin_glass,-4.758098676964956e-16,statevector_norm,unadjusted_exploratory,7,fully_quadratized,all_designs_diagnostic,6.171957556641561e-16,original_e4,0
equal_layer_p1,0.20915158539032627,-0.5841786188689246,two_sided_Student_t_95_df_n_minus_1,estimated,raw_instance,independence_minus_cold,positive_depth_only,6,cubic_spin_glass,-0.1875135167392992,original_objective_mean,unadjusted_exploratory,7,fully_quadratized,all_designs_diagnostic,0.4288986599668258,original_e4,0
equal_layer_p1,0.5733393305183832,-17.01137424285316,two_sided_Student_t_95_df_n_minus_1,estimated,raw_instance,independence_minus_cold,positive_depth_only,6,cubic_spin_glass,-8.21901745616739,encoded_energy_mean,unadjusted_exploratory,7,fully_quadratized,all_designs_diagnostic,9.506835926613544,original_e4,0
equal_layer_p1,0.036468087240829075,-0.010227568033391305,two_sided_Student_t_95_df_n_minus_1,estimated,raw_instance,independence_minus_cold,positive_depth_only,6,cubic_spin_glass,0.013120259603718884,optimum_hit_rate,unadjusted_exploratory,7,fully_quadratized,all_designs_diagnostic,0.025245104580489595,original_e4,0
equal_layer_p1,-0.011327601299957527,-0.059621647003156544,two_sided_Student_t_95_df_n_minus_1,estimated,raw_instance,independence_minus_cold,positive_depth_only,6,cubic_spin_glass,-0.035474624151557034,auxiliary_inconsistency_rate,unadjusted_exploratory,7,fully_quadratized,all_designs_diagnostic,0.026109243509541018,original_e4,0
equal_layer_p1,2.7636684525506187e-16,-4.032494766407941e-16,two_sided_Student_t_95_df_n_minus_1,estimated,raw_instance,independence_minus_cold,positive_depth_only,6,cubic_spin_glass,-6.344131569286608e-17,statevector_norm,unadjusted_exploratory,7,fully_quadratized,all_designs_diagnostic,3.674214446743303e-16,original_e4,0
equal_layer_p1,0.18388041957765777,-0.17572155343206824,two_sided_Student_t_95_df_n_minus_1,estimated,raw_instance,original_only_minus_cold,positive_depth_only,6,cubic_spin_glass,0.004079433072794768,original_objective_mean,unadjusted_exploratory,7,fully_quadratized,all_designs_diagnostic,0.19441186471566219,original_e4,0
equal_layer_p1,3.463733503841867,-10.651807495255763,two_sided_Student_t_95_df_n_minus_1,estimated,raw_instance,original_only_minus_cold,positive_depth_only,6,cubic_spin_glass,-3.5940369957069485,encoded_energy_mean,unadjusted_exploratory,7,fully_quadratized,all_designs_diagnostic,7.631294745512227,original_e4,0
equal_layer_p1,0.047418532161021446,-0.018317341407764833,two_sided_Student_t_95_df_n_minus_1,estimated,raw_instance,original_only_minus_cold,positive_depth_only,6,cubic_spin_glass,0.014550595376628308,optimum_hit_rate,unadjusted_exploratory,7,fully_quadratized,all_designs_diagnostic,0.03553883103660029,original_e4,0
equal_layer_p1,0.041041839790432924,-0.018270016833539814,two_sided_Student_t_95_df_n_minus_1,estimated,raw_instance,original_only_minus_cold,positive_depth_only,6,cubic_spin_glass,0.011385911478446555,auxiliary_inconsistency_rate,unadjusted_exploratory,7,fully_quadratized,all_designs_diagnostic,0.03206581028881804,original_e4,0
equal_layer_p1,1.2648489499231474e-15,-2.774329391225866e-17,two_sided_Student_t_95_df_n_minus_1,estimated,raw_instance,original_only_minus_cold,positive_depth_only,6,cubic_spin_glass,6.185528280054443e-16,statevector_norm,unadjusted_exploratory,7,fully_quadratized,all_designs_diagnostic,6.988150435822178e-16,original_e4,0
equal_layer_p1,0.18938417645441302,-0.22378830819348028,two_sided_Student_t_95_df_n_minus_1,estimated,raw_instance,pair_minus_cold,positive_depth_only,6,cubic_spin_glass,-0.01720206586953363,original_objective_mean,unadjusted_exploratory,7,fully_quadratized,all_designs_diagnostic,0.223373727672589,original_e4,0
equal_layer_p1,3.3636110577084315,-12.669774772877613,two_sided_Student_t_95_df_n_minus_1,estimated,raw_instance,pair_minus_cold,positive_depth_only,6,cubic_spin_glass,-4.653081857584591,encoded_energy_mean,unadjusted_exploratory,7,fully_quadratized,all_designs_diagnostic,8.668140530323516,original_e4,0
equal_layer_p1,0.030101778605165448,-0.007347343154565545,two_sided_Student_t_95_df_n_minus_1,estimated,raw_instance,pair_minus_cold,positive_depth_only,6,cubic_spin_glass,0.011377217725299952,optimum_hit_rate,unadjusted_exploratory,7,fully_quadratized,all_designs_diagnostic,0.020246144737020865,original_e4,0
equal_layer_p1,0.0392723658020334,-0.03170979635357679,two_sided_Student_t_95_df_n_minus_1,estimated,raw_instance,pair_minus_cold,positive_depth_only,6,cubic_spin_glass,0.003781284724228308,auxiliary_inconsistency_rate,unadjusted_exploratory,7,fully_quadratized,all_designs_diagnostic,0.038375135683275156,original_e4,0
equal_layer_p1,6.78623395274651e-16,-3.931374746567537e-16,two_sided_Student_t_95_df_n_minus_1,estimated,raw_instance,pair_minus_cold,positive_depth_only,6,cubic_spin_glass,1.427429603089487e-16,statevector_norm,unadjusted_exploratory,7,fully_quadratized,all_designs_diagnostic,5.794268243545181e-16,original_e4,0
equal_layer_p1,0.5519780735394768,-0.21135517179994565,two_sided_Student_t_95_df_n_minus_1,estimated,raw_instance,pair_minus_independence,positive_depth_only,6,cubic_spin_glass,0.1703114508697656,original_objective_mean,unadjusted_exploratory,7,fully_quadratized,all_designs_diagnostic,0.41268138320776515,original_e4,0
equal_layer_p1,8.275857410851923,-1.1439862136863281,two_sided_Student_t_95_df_n_minus_1,estimated,raw_instance,pair_minus_independence,positive_depth_only,6,cubic_spin_glass,3.565935598582797,encoded_energy_mean,unadjusted_exploratory,7,fully_quadratized,all_designs_diagnostic,5.0926566087747585,original_e4,0
equal_layer_p1,0.004165860932116633,-0.007651944688954494,two_sided_Student_t_95_df_n_minus_1,estimated,raw_instance,pair_minus_independence,positive_depth_only,6,cubic_spin_glass,-0.0017430418784189301,optimum_hit_rate,unadjusted_exploratory,7,fully_quadratized,all_designs_diagnostic,0.006389068470371079,original_e4,0
equal_layer_p1,0.08186758845819206,-0.0033557707066213874,two_sided_Student_t_95_df_n_minus_1,estimated,raw_instance,pair_minus_independence,positive_depth_only,6,cubic_spin_glass,0.03925590887578534,auxiliary_inconsistency_rate,unadjusted_exploratory,7,fully_quadratized,all_designs_diagnostic,0.046074363924905055,original_e4,0
equal_layer_p1,7.913273570561558e-16,-3.789588050525261e-16,two_sided_Student_t_95_df_n_minus_1,estimated,raw_instance,pair_minus_independence,positive_depth_only,6,cubic_spin_glass,2.061842760018148e-16,statevector_norm,unadjusted_exploratory,7,fully_quadratized,all_designs_diagnostic,6.326926215733832e-16,original_e4,0
equal_layer_p1,0.09794016672991487,-0.14050316461457166,two_sided_Student_t_95_df_n_minus_1,estimated,raw_instance,pair_minus_original_only,positive_depth_only,6,cubic_spin_glass,-0.0212814989423284,original_objective_mean,unadjusted_exploratory,7,fully_quadratized,all_designs_diagnostic,0.12890978402513478,original_e4,0
equal_layer_p1,0.6351840919804039,-2.7532738157356897,two_sided_Student_t_95_df_n_minus_1,estimated,raw_instance,pair_minus_original_only,positive_depth_only,6,cubic_spin_glass,-1.059044861877643,encoded_energy_mean,unadjusted_exploratory,7,fully_quadratized,all_designs_diagnostic,1.831904354795628,original_e4,0
equal_layer_p1,0.013241435508737966,-0.019588190811394676,two_sided_Student_t_95_df_n_minus_1,estimated,raw_instance,pair_minus_original_only,positive_depth_only,6,cubic_spin_glass,-0.003173377651328355,optimum_hit_rate,unadjusted_exploratory,7,fully_quadratized,all_designs_diagnostic,0.017748703705368005,original_e4,0
equal_layer_p1,0.0056636062835984935,-0.020872859792034987,two_sided_Student_t_95_df_n_minus_1,estimated,raw_instance,pair_minus_original_only,positive_depth_only,6,cubic_spin_glass,-0.007604626754218247,auxiliary_inconsistency_rate,unadjusted_exploratory,7,fully_quadratized,all_designs_diagnostic,0.014346428106467262,original_e4,0
equal_layer_p1,9.500100280944172e-17,-1.046620738202433e-15,two_sided_Student_t_95_df_n_minus_1,estimated,raw_instance,pair_minus_original_only,positive_depth_only,6,cubic_spin_glass,-4.758098676964956e-16,statevector_norm,unadjusted_exploratory,7,fully_quadratized,all_designs_diagnostic,6.171957556641561e-16,original_e4,0
equal_layer_p2,0.33374948354280115,-0.5237676047369915,two_sided_Student_t_95_df_n_minus_1,estimated,raw_instance,independence_minus_cold,all_scheduled,6,cubic_spin_glass,-0.09500906059709517,original_objective_mean,unadjusted_exploratory,7,fully_quadratized,all_designs_diagnostic,0.4636000597068766,original_e4,0
equal_layer_p2,10.133595483974323,-8.502016118571651,two_sided_Student_t_95_df_n_minus_1,estimated,raw_instance,independence_minus_cold,all_scheduled,6,cubic_spin_glass,0.815789682701336,encoded_energy_mean,unadjusted_exploratory,7,fully_quadratized,all_designs_diagnostic,10.074983658862747,original_e4,0
equal_layer_p2,0.02706374941410565,-0.007117226553833683,two_sided_Student_t_95_df_n_minus_1,estimated,raw_instance,independence_minus_cold,all_scheduled,6,cubic_spin_glass,0.009973261430135985,optimum_hit_rate,unadjusted_exploratory,7,fully_quadratized,all_designs_diagnostic,0.018479284805115886,original_e4,0
equal_layer_p2,0.007797057037893424,-0.051370793145201696,two_sided_Student_t_95_df_n_minus_1,estimated,raw_instance,independence_minus_cold,all_scheduled,6,cubic_spin_glass,-0.021786868053654134,auxiliary_inconsistency_rate,unadjusted_exploratory,7,fully_quadratized,all_designs_diagnostic,0.03198795598655222,original_e4,0
equal_layer_p2,8.222451106967148e-16,-6.319211636181167e-16,two_sided_Student_t_95_df_n_minus_1,estimated,raw_instance,independence_minus_cold,all_scheduled,6,cubic_spin_glass,9.516197353929913e-17,statevector_norm,unadjusted_exploratory,7,fully_quadratized,all_designs_diagnostic,7.861669240299949e-16,original_e4,0
equal_layer_p2,0.33991563911864586,-0.5591462187352919,two_sided_Student_t_95_df_n_minus_1,estimated,raw_instance,original_only_minus_cold,all_scheduled,6,cubic_spin_glass,-0.10961528980832304,original_objective_mean,unadjusted_exploratory,7,fully_quadratized,all_designs_diagnostic,0.4860604373696921,original_e4,0
equal_layer_p2,4.428296862486632,-5.594762522889378,two_sided_Student_t_95_df_n_minus_1,estimated,raw_instance,original_only_minus_cold,all_scheduled,6,cubic_spin_glass,-0.583232830201373,encoded_energy_mean,unadjusted_exploratory,7,fully_quadratized,all_designs_diagnostic,5.418773564999506,original_e4,0
equal_layer_p2,0.022509525548991258,-0.013806887484989538,two_sided_Student_t_95_df_n_minus_1,estimated,raw_instance,original_only_minus_cold,all_scheduled,6,cubic_spin_glass,0.004351319032000859,optimum_hit_rate,unadjusted_exploratory,7,fully_quadratized,all_designs_diagnostic,0.01963376763099525,original_e4,0
equal_layer_p2,0.010631379611642953,-0.04026258792330347,two_sided_Student_t_95_df_n_minus_1,estimated,raw_instance,original_only_minus_cold,all_scheduled,6,cubic_spin_glass,-0.01481560415583026,auxiliary_inconsistency_rate,unadjusted_exploratory,7,fully_quadratized,all_designs_diagnostic,0.027514841057281123,original_e4,0
equal_layer_p2,2.296664206073549e-15,5.066447456249607e-17,two_sided_Student_t_95_df_n_minus_1,estimated,raw_instance,original_only_minus_cold,all_scheduled,6,cubic_spin_glass,1.1736643403180226e-15,statevector_norm,unadjusted_exploratory,7,fully_quadratized,all_designs_diagnostic,1.2142563965913795e-15,original_e4,0
equal_layer_p2,0.2180683626602476,-0.17440490487997828,two_sided_Student_t_95_df_n_minus_1,estimated,raw_instance,pair_minus_cold,all_scheduled,6,cubic_spin_glass,0.021831728890134666,original_objective_mean,unadjusted_exploratory,7,fully_quadratized,all_designs_diagnostic,0.21218309553457482,original_e4,0
equal_layer_p2,1.7100036073064746,-2.5236232856228002,two_sided_Student_t_95_df_n_minus_1,estimated,raw_instance,pair_minus_cold,all_scheduled,6,cubic_spin_glass,-0.40680983915816277,encoded_energy_mean,unadjusted_exploratory,7,fully_quadratized,all_designs_diagnostic,2.288828650955411,original_e4,0
equal_layer_p2,0.02524391612305353,-0.017736469563613924,two_sided_Student_t_95_df_n_minus_1,estimated,raw_instance,pair_minus_cold,all_scheduled,6,cubic_spin_glass,0.0037537232797198034,optimum_hit_rate,unadjusted_exploratory,7,fully_quadratized,all_designs_diagnostic,0.02323651579997693,original_e4,0
equal_layer_p2,0.017431179911443283,-0.03639062957315427,two_sided_Student_t_95_df_n_minus_1,estimated,raw_instance,pair_minus_cold,all_scheduled,6,cubic_spin_glass,-0.009479724830855494,auxiliary_inconsistency_rate,unadjusted_exploratory,7,fully_quadratized,all_designs_diagnostic,0.029097722286381113,original_e4,0
equal_layer_p2,1.6109248529712642e-15,-2.7865722342107634e-16,two_sided_Student_t_95_df_n_minus_1,estimated,raw_instance,pair_minus_cold,all_scheduled,6,cubic_spin_glass,6.661338147750939e-16,statevector_norm,unadjusted_exploratory,7,fully_quadratized,all_designs_diagnostic,1.0215660718713353e-15,original_e4,0
equal_layer_p2,0.398971772140465,-0.16529019316600532,two_sided_Student_t_95_df_n_minus_1,estimated,raw_instance,pair_minus_independence,all_scheduled,6,cubic_spin_glass,0.11684078948722984,original_objective_mean,unadjusted_exploratory,7,fully_quadratized,all_designs_diagnostic,0.30505733866034207,original_e4,0
equal_layer_p2,7.949214480884793,-10.39441352460379,two_sided_Student_t_95_df_n_minus_1,estimated,raw_instance,pair_minus_independence,all_scheduled,6,cubic_spin_glass,-1.2225995218594987,encoded_energy_mean,unadjusted_exploratory,7,fully_quadratized,all_designs_diagnostic,9.917128363756293,original_e4,0
equal_layer_p2,0.019103037743810974,-0.03154211404464334,two_sided_Student_t_95_df_n_minus_1,estimated,raw_instance,pair_minus_independence,all_scheduled,6,cubic_spin_glass,-0.006219538150416182,optimum_hit_rate,unadjusted_exploratory,7,fully_quadratized,all_designs_diagnostic,0.027380323627242322,original_e4,0
equal_layer_p2,0.0418001336573202,-0.01718584721172292,two_sided_Student_t_95_df_n_minus_1,estimated,raw_instance,pair_minus_independence,all_scheduled,6,cubic_spin_glass,0.012307143222798642,auxiliary_inconsistency_rate,unadjusted_exploratory,7,fully_quadratized,all_designs_diagnostic,0.03188963185283439,original_e4,0
equal_layer_p2,1.6807052503959527e-15,-5.387615679243631e-16,two_sided_Student_t_95_df_n_minus_1,estimated,raw_instance,pair_minus_independence,all_scheduled,6,cubic_spin_glass,5.709718412357948e-16,statevector_norm,unadjusted_exploratory,7,fully_quadratized,all_designs_diagnostic,1.1999118892835442e-15,original_e4,0
equal_layer_p2,0.4949709473456598,-0.23207690994874436,two_sided_Student_t_95_df_n_minus_1,estimated,raw_instance,pair_minus_original_only,all_scheduled,6,cubic_spin_glass,0.1314470186984577,original_objective_mean,unadjusted_exploratory,7,fully_quadratized,all_designs_diagnostic,0.39306438863812576,original_e4,0
equal_layer_p2,4.576446822083917,-4.223600839997498,two_sided_Student_t_95_df_n_minus_1,estimated,raw_instance,pair_minus_original_only,all_scheduled,6,cubic_spin_glass,0.1764229910432102,encoded_energy_mean,unadjusted_exploratory,7,fully_quadratized,all_designs_diagnostic,4.757575886619729,original_e4,0
equal_layer_p2,0.02241966123659868,-0.02361485274116079,two_sided_Student_t_95_df_n_minus_1,estimated,raw_instance,pair_minus_original_only,all_scheduled,6,cubic_spin_glass,-0.0005975957522810551,optimum_hit_rate,unadjusted_exploratory,7,fully_quadratized,all_designs_diagnostic,0.024887671301662674,original_e4,0
equal_layer_p2,0.019509455280850733,-0.008837696630901205,two_sided_Student_t_95_df_n_minus_1,estimated,raw_instance,pair_minus_original_only,all_scheduled,6,cubic_spin_glass,0.005335879324974765,auxiliary_inconsistency_rate,unadjusted_exploratory,7,fully_quadratized,all_designs_diagnostic,0.015325340449099226,original_e4,0
equal_layer_p2,6.463388490370913e-16,-1.6613999001229487e-15,two_sided_Student_t_95_df_n_minus_1,estimated,raw_instance,pair_minus_original_only,all_scheduled,6,cubic_spin_glass,-5.075305255429287e-16,statevector_norm,unadjusted_exploratory,7,fully_quadratized,all_designs_diagnostic,1.247634404632865e-15,original_e4,0
equal_layer_p2,0.33374948354280115,-0.5237676047369915,two_sided_Student_t_95_df_n_minus_1,estimated,raw_instance,independence_minus_cold,positive_depth_only,6,cubic_spin_glass,-0.09500906059709517,original_objective_mean,unadjusted_exploratory,7,fully_quadratized,all_designs_diagnostic,0.4636000597068766,original_e4,0
equal_layer_p2,10.133595483974323,-8.502016118571651,two_sided_Student_t_95_df_n_minus_1,estimated,raw_instance,independence_minus_cold,positive_depth_only,6,cubic_spin_glass,0.815789682701336,encoded_energy_mean,unadjusted_exploratory,7,fully_quadratized,all_designs_diagnostic,10.074983658862747,original_e4,0
equal_layer_p2,0.02706374941410565,-0.007117226553833683,two_sided_Student_t_95_df_n_minus_1,estimated,raw_instance,independence_minus_cold,positive_depth_only,6,cubic_spin_glass,0.009973261430135985,optimum_hit_rate,unadjusted_exploratory,7,fully_quadratized,all_designs_diagnostic,0.018479284805115886,original_e4,0
equal_layer_p2,0.007797057037893424,-0.051370793145201696,two_sided_Student_t_95_df_n_minus_1,estimated,raw_instance,independence_minus_cold,positive_depth_only,6,cubic_spin_glass,-0.021786868053654134,auxiliary_inconsistency_rate,unadjusted_exploratory,7,fully_quadratized,all_designs_diagnostic,0.03198795598655222,original_e4,0
equal_layer_p2,8.222451106967148e-16,-6.319211636181167e-16,two_sided_Student_t_95_df_n_minus_1,estimated,raw_instance,independence_minus_cold,positive_depth_only,6,cubic_spin_glass,9.516197353929913e-17,statevector_norm,unadjusted_exploratory,7,fully_quadratized,all_designs_diagnostic,7.861669240299949e-16,original_e4,0
equal_layer_p2,0.33991563911864586,-0.5591462187352919,two_sided_Student_t_95_df_n_minus_1,estimated,raw_instance,original_only_minus_cold,positive_depth_only,6,cubic_spin_glass,-0.10961528980832304,original_objective_mean,unadjusted_exploratory,7,fully_quadratized,all_designs_diagnostic,0.4860604373696921,original_e4,0
equal_layer_p2,4.428296862486632,-5.594762522889378,two_sided_Student_t_95_df_n_minus_1,estimated,raw_instance,original_only_minus_cold,positive_depth_only,6,cubic_spin_glass,-0.583232830201373,encoded_energy_mean,unadjusted_exploratory,7,fully_quadratized,all_designs_diagnostic,5.418773564999506,original_e4,0
equal_layer_p2,0.022509525548991258,-0.013806887484989538,two_sided_Student_t_95_df_n_minus_1,estimated,raw_instance,original_only_minus_cold,positive_depth_only,6,cubic_spin_glass,0.004351319032000859,optimum_hit_rate,unadjusted_exploratory,7,fully_quadratized,all_designs_diagnostic,0.01963376763099525,original_e4,0
equal_layer_p2,0.010631379611642953,-0.04026258792330347,two_sided_Student_t_95_df_n_minus_1,estimated,raw_instance,original_only_minus_cold,positive_depth_only,6,cubic_spin_glass,-0.01481560415583026,auxiliary_inconsistency_rate,unadjusted_exploratory,7,fully_quadratized,all_designs_diagnostic,0.027514841057281123,original_e4,0
equal_layer_p2,2.296664206073549e-15,5.066447456249607e-17,two_sided_Student_t_95_df_n_minus_1,estimated,raw_instance,original_only_minus_cold,positive_depth_only,6,cubic_spin_glass,1.1736643403180226e-15,statevector_norm,unadjusted_exploratory,7,fully_quadratized,all_designs_diagnostic,1.2142563965913795e-15,original_e4,0
equal_layer_p2,0.2180683626602476,-0.17440490487997828,two_sided_Student_t_95_df_n_minus_1,estimated,raw_instance,pair_minus_cold,positive_depth_only,6,cubic_spin_glass,0.021831728890134666,original_objective_mean,unadjusted_exploratory,7,fully_quadratized,all_designs_diagnostic,0.21218309553457482,original_e4,0
equal_layer_p2,1.7100036073064746,-2.5236232856228002,two_sided_Student_t_95_df_n_minus_1,estimated,raw_instance,pair_minus_cold,positive_depth_only,6,cubic_spin_glass,-0.40680983915816277,encoded_energy_mean,unadjusted_exploratory,7,fully_quadratized,all_designs_diagnostic,2.288828650955411,original_e4,0
equal_layer_p2,0.02524391612305353,-0.017736469563613924,two_sided_Student_t_95_df_n_minus_1,estimated,raw_instance,pair_minus_cold,positive_depth_only,6,cubic_spin_glass,0.0037537232797198034,optimum_hit_rate,unadjusted_exploratory,7,fully_quadratized,all_designs_diagnostic,0.02323651579997693,original_e4,0
equal_layer_p2,0.017431179911443283,-0.03639062957315427,two_sided_Student_t_95_df_n_minus_1,estimated,raw_instance,pair_minus_cold,positive_depth_only,6,cubic_spin_glass,-0.009479724830855494,auxiliary_inconsistency_rate,unadjusted_exploratory,7,fully_quadratized,all_designs_diagnostic,0.029097722286381113,original_e4,0
equal_layer_p2,1.6109248529712642e-15,-2.7865722342107634e-16,two_sided_Student_t_95_df_n_minus_1,estimated,raw_instance,pair_minus_cold,positive_depth_only,6,cubic_spin_glass,6.661338147750939e-16,statevector_norm,unadjusted_exploratory,7,fully_quadratized,all_designs_diagnostic,1.0215660718713353e-15,original_e4,0
equal_layer_p2,0.398971772140465,-0.16529019316600532,two_sided_Student_t_95_df_n_minus_1,estimated,raw_instance,pair_minus_independence,positive_depth_only,6,cubic_spin_glass,0.11684078948722984,original_objective_mean,unadjusted_exploratory,7,fully_quadratized,all_designs_diagnostic,0.30505733866034207,original_e4,0
equal_layer_p2,7.949214480884793,-10.39441352460379,two_sided_Student_t_95_df_n_minus_1,estimated,raw_instance,pair_minus_independence,positive_depth_only,6,cubic_spin_glass,-1.2225995218594987,encoded_energy_mean,unadjusted_exploratory,7,fully_quadratized,all_designs_diagnostic,9.917128363756293,original_e4,0
equal_layer_p2,0.019103037743810974,-0.03154211404464334,two_sided_Student_t_95_df_n_minus_1,estimated,raw_instance,pair_minus_independence,positive_depth_only,6,cubic_spin_glass,-0.006219538150416182,optimum_hit_rate,unadjusted_exploratory,7,fully_quadratized,all_designs_diagnostic,0.027380323627242322,original_e4,0
equal_layer_p2,0.0418001336573202,-0.01718584721172292,two_sided_Student_t_95_df_n_minus_1,estimated,raw_instance,pair_minus_independence,positive_depth_only,6,cubic_spin_glass,0.012307143222798642,auxiliary_inconsistency_rate,unadjusted_exploratory,7,fully_quadratized,all_designs_diagnostic,0.03188963185283439,original_e4,0
equal_layer_p2,1.6807052503959527e-15,-5.387615679243631e-16,two_sided_Student_t_95_df_n_minus_1,estimated,raw_instance,pair_minus_independence,positive_depth_only,6,cubic_spin_glass,5.709718412357948e-16,statevector_norm,unadjusted_exploratory,7,fully_quadratized,all_designs_diagnostic,1.1999118892835442e-15,original_e4,0
equal_layer_p2,0.4949709473456598,-0.23207690994874436,two_sided_Student_t_95_df_n_minus_1,estimated,raw_instance,pair_minus_original_only,positive_depth_only,6,cubic_spin_glass,0.1314470186984577,original_objective_mean,unadjusted_exploratory,7,fully_quadratized,all_designs_diagnostic,0.39306438863812576,original_e4,0
equal_layer_p2,4.576446822083917,-4.223600839997498,two_sided_Student_t_95_df_n_minus_1,estimated,raw_instance,pair_minus_original_only,positive_depth_only,6,cubic_spin_glass,0.1764229910432102,encoded_energy_mean,unadjusted_exploratory,7,fully_quadratized,all_designs_diagnostic,4.757575886619729,original_e4,0
equal_layer_p2,0.02241966123659868,-0.02361485274116079,two_sided_Student_t_95_df_n_minus_1,estimated,raw_instance,pair_minus_original_only,positive_depth_only,6,cubic_spin_glass,-0.0005975957522810551,optimum_hit_rate,unadjusted_exploratory,7,fully_quadratized,all_designs_diagnostic,0.024887671301662674,original_e4,0
equal_layer_p2,0.019509455280850733,-0.008837696630901205,two_sided_Student_t_95_df_n_minus_1,estimated,raw_instance,pair_minus_original_only,positive_depth_only,6,cubic_spin_glass,0.005335879324974765,auxiliary_inconsistency_rate,unadjusted_exploratory,7,fully_quadratized,all_designs_diagnostic,0.015325340449099226,original_e4,0
equal_layer_p2,6.463388490370913e-16,-1.6613999001229487e-15,two_sided_Student_t_95_df_n_minus_1,estimated,raw_instance,pair_minus_original_only,positive_depth_only,6,cubic_spin_glass,-5.075305255429287e-16,statevector_norm,unadjusted_exploratory,7,fully_quadratized,all_designs_diagnostic,1.247634404632865e-15,original_e4,0
equal_2q_budget_128,,,two_sided_Student_t_95_df_n_minus_1,not_estimable,raw_instance,independence_minus_cold,all_scheduled,0,cubic_spin_glass,-0.44444444444444536,original_objective_mean,unadjusted_exploratory,1,matched_random_selective,all_designs_diagnostic,,original_e4,1
equal_2q_budget_128,,,two_sided_Student_t_95_df_n_minus_1,not_estimable,raw_instance,independence_minus_cold,all_scheduled,0,cubic_spin_glass,-4.820370370370355,encoded_energy_mean,unadjusted_exploratory,1,matched_random_selective,all_designs_diagnostic,,original_e4,1
equal_2q_budget_128,,,two_sided_Student_t_95_df_n_minus_1,not_estimable,raw_instance,independence_minus_cold,all_scheduled,0,cubic_spin_glass,0.0721664951989027,optimum_hit_rate,unadjusted_exploratory,1,matched_random_selective,all_designs_diagnostic,,original_e4,1
equal_2q_budget_128,,,two_sided_Student_t_95_df_n_minus_1,not_estimable,raw_instance,independence_minus_cold,all_scheduled,0,cubic_spin_glass,-0.005298189262777475,auxiliary_inconsistency_rate,unadjusted_exploratory,1,matched_random_selective,all_designs_diagnostic,,original_e4,1
equal_2q_budget_128,,,two_sided_Student_t_95_df_n_minus_1,not_estimable,raw_instance,independence_minus_cold,all_scheduled,0,cubic_spin_glass,6.661338147750939e-16,statevector_norm,unadjusted_exploratory,1,matched_random_selective,all_designs_diagnostic,,original_e4,1
equal_2q_budget_128,0.6092504061256706,-0.22743439067231352,two_sided_Student_t_95_df_n_minus_1,estimated,raw_instance,original_only_minus_cold,all_scheduled,6,cubic_spin_glass,0.19090800772667854,original_objective_mean,unadjusted_exploratory,7,matched_random_selective,all_designs_diagnostic,0.45233748347743785,original_e4,1
equal_2q_budget_128,1.403047192321449,-2.297950753587661,two_sided_Student_t_95_df_n_minus_1,estimated,raw_instance,original_only_minus_cold,all_scheduled,6,cubic_spin_glass,-0.44745178063310587,encoded_energy_mean,unadjusted_exploratory,7,matched_random_selective,all_designs_diagnostic,2.0008730929670535,original_e4,1
equal_2q_budget_128,0.04090320343261499,-0.03772183363029704,two_sided_Student_t_95_df_n_minus_1,estimated,raw_instance,original_only_minus_cold,all_scheduled,6,cubic_spin_glass,0.0015906849011589738,optimum_hit_rate,unadjusted_exploratory,7,matched_random_selective,all_designs_diagnostic,0.04250710845884417,original_e4,1
equal_2q_budget_128,2.7334577864246255e-16,-1.147424894102973e-16,two_sided_Student_t_95_df_n_minus_1,estimated,raw_instance,original_only_minus_cold,all_scheduled,6,cubic_spin_glass,7.930164461608261e-17,auxiliary_inconsistency_rate,unadjusted_exploratory,7,matched_random_selective,all_designs_diagnostic,2.098124302125788e-16,original_e4,1
equal_2q_budget_128,4.733011396027036e-16,3.42293859402251e-17,two_sided_Student_t_95_df_n_minus_1,estimated,raw_instance,original_only_minus_cold,all_scheduled,6,cubic_spin_glass,2.5376526277146434e-16,statevector_norm,unadjusted_exploratory,7,matched_random_selective,all_designs_diagnostic,2.3737566748887e-16,original_e4,1
equal_2q_budget_128,,,two_sided_Student_t_95_df_n_minus_1,not_estimable,raw_instance,pair_minus_cold,all_scheduled,0,cubic_spin_glass,-0.4444444444444454,original_objective_mean,unadjusted_exploratory,1,matched_random_selective,all_designs_diagnostic,,original_e4,1
equal_2q_budget_128,,,two_sided_Student_t_95_df_n_minus_1,not_estimable,raw_instance,pair_minus_cold,all_scheduled,0,cubic_spin_glass,-4.6351851851851755,encoded_energy_mean,unadjusted_exploratory,1,matched_random_selective,all_designs_diagnostic,,original_e4,1
equal_2q_budget_128,,,two_sided_Student_t_95_df_n_minus_1,not_estimable,raw_instance,pair_minus_cold,all_scheduled,0,cubic_spin_glass,0.07216649519890268,optimum_hit_rate,unadjusted_exploratory,1,matched_random_selective,all_designs_diagnostic,,original_e4,1
equal_2q_budget_128,,,two_sided_Student_t_95_df_n_minus_1,not_estimable,raw_instance,pair_minus_cold,all_scheduled,0,cubic_spin_glass,-0.019937255499669515,auxiliary_inconsistency_rate,unadjusted_exploratory,1,matched_random_selective,all_designs_diagnostic,,original_e4,1
equal_2q_budget_128,,,two_sided_Student_t_95_df_n_minus_1,not_estimable,raw_instance,pair_minus_cold,all_scheduled,0,cubic_spin_glass,2.220446049250313e-16,statevector_norm,unadjusted_exploratory,1,matched_random_selective,all_designs_diagnostic,,original_e4,1
equal_2q_budget_128,,,two_sided_Student_t_95_df_n_minus_1,not_estimable,raw_instance,pair_minus_independence,all_scheduled,0,cubic_spin_glass,-5.551115123125783e-17,original_objective_mean,unadjusted_exploratory,1,matched_random_selective,all_designs_diagnostic,,original_e4,1
equal_2q_budget_128,,,two_sided_Student_t_95_df_n_minus_1,not_estimable,raw_instance,pair_minus_independence,all_scheduled,0,cubic_spin_glass,0.1851851851851798,encoded_energy_mean,unadjusted_exploratory,1,matched_random_selective,all_designs_diagnostic,,original_e4,1
equal_2q_budget_128,,,two_sided_Student_t_95_df_n_minus_1,not_estimable,raw_instance,pair_minus_independence,all_scheduled,0,cubic_spin_glass,-1.3877787807814457e-17,optimum_hit_rate,unadjusted_exploratory,1,matched_random_selective,all_designs_diagnostic,,original_e4,1
equal_2q_budget_128,,,two_sided_Student_t_95_df_n_minus_1,not_estimable,raw_instance,pair_minus_independence,all_scheduled,0,cubic_spin_glass,-0.01463906623689204,auxiliary_inconsistency_rate,unadjusted_exploratory,1,matched_random_selective,all_designs_diagnostic,,original_e4,1
equal_2q_budget_128,,,two_sided_Student_t_95_df_n_minus_1,not_estimable,raw_instance,pair_minus_independence,all_scheduled,0,cubic_spin_glass,-4.440892098500626e-16,statevector_norm,unadjusted_exploratory,1,matched_random_selective,all_designs_diagnostic,,original_e4,1
equal_2q_budget_128,,,two_sided_Student_t_95_df_n_minus_1,not_estimable,raw_instance,pair_minus_original_only,all_scheduled,0,cubic_spin_glass,-1.6653345369377348e-16,original_objective_mean,unadjusted_exploratory,1,matched_random_selective,all_designs_diagnostic,,original_e4,1
equal_2q_budget_128,,,two_sided_Student_t_95_df_n_minus_1,not_estimable,raw_instance,pair_minus_original_only,all_scheduled,0,cubic_spin_glass,0.2777777777777608,encoded_energy_mean,unadjusted_exploratory,1,matched_random_selective,all_designs_diagnostic,,original_e4,1
equal_2q_budget_128,,,two_sided_Student_t_95_df_n_minus_1,not_estimable,raw_instance,pair_minus_original_only,all_scheduled,0,cubic_spin_glass,-5.551115123125783e-17,optimum_hit_rate,unadjusted_exploratory,1,matched_random_selective,all_designs_diagnostic,,original_e4,1
equal_2q_budget_128,,,two_sided_Student_t_95_df_n_minus_1,not_estimable,raw_instance,pair_minus_original_only,all_scheduled,0,cubic_spin_glass,-0.01993725549967007,auxiliary_inconsistency_rate,unadjusted_exploratory,1,matched_random_selective,all_designs_diagnostic,,original_e4,1
equal_2q_budget_128,,,two_sided_Student_t_95_df_n_minus_1,not_estimable,raw_instance,pair_minus_original_only,all_scheduled,0,cubic_spin_glass,-4.440892098500626e-16,statevector_norm,unadjusted_exploratory,1,matched_random_selective,all_designs_diagnostic,,original_e4,1
equal_2q_budget_128,0.7050571639087577,-0.11145699773169265,two_sided_Student_t_95_df_n_minus_1,estimated,raw_instance,original_only_minus_cold,positive_depth_only,5,cubic_spin_glass,0.2968000830885325,original_objective_mean,unadjusted_exploratory,6,matched_random_selective,all_designs_diagnostic,0.3890253630615116,original_e4,0
equal_2q_budget_128,0.7050571639087577,-0.11145699773169265,two_sided_Student_t_95_df_n_minus_1,estimated,raw_instance,original_only_minus_cold,positive_depth_only,5,cubic_spin_glass,0.2968000830885325,encoded_energy_mean,unadjusted_exploratory,6,matched_random_selective,all_designs_diagnostic,0.3890253630615116,original_e4,0
equal_2q_budget_128,0.023113604456051533,-0.04345750475298151,two_sided_Student_t_95_df_n_minus_1,estimated,raw_instance,original_only_minus_cold,positive_depth_only,5,cubic_spin_glass,-0.010171950148464988,optimum_hit_rate,unadjusted_exploratory,6,matched_random_selective,all_designs_diagnostic,0.03171757594188019,original_e4,0
equal_2q_budget_128,0.0,0.0,two_sided_Student_t_95_df_n_minus_1,estimated,raw_instance,original_only_minus_cold,positive_depth_only,5,cubic_spin_glass,0.0,auxiliary_inconsistency_rate,unadjusted_exploratory,6,matched_random_selective,all_designs_diagnostic,0.0,original_e4,0
equal_2q_budget_128,3.6044940006647275e-16,9.624941475246086e-18,two_sided_Student_t_95_df_n_minus_1,estimated,raw_instance,original_only_minus_cold,positive_depth_only,5,cubic_spin_glass,1.8503717077085943e-16,statevector_norm,unadjusted_exploratory,6,matched_random_selective,all_designs_diagnostic,1.671491062691557e-16,original_e4,0
equal_2q_budget_128,,,two_sided_Student_t_95_df_n_minus_1,not_estimable,raw_instance,independence_minus_cold,zero_depth_only,0,cubic_spin_glass,-0.44444444444444536,original_objective_mean,unadjusted_exploratory,1,matched_random_selective,all_designs_diagnostic,,original_e4,1
equal_2q_budget_128,,,two_sided_Student_t_95_df_n_minus_1,not_estimable,raw_instance,independence_minus_cold,zero_depth_only,0,cubic_spin_glass,-4.820370370370355,encoded_energy_mean,unadjusted_exploratory,1,matched_random_selective,all_designs_diagnostic,,original_e4,1
equal_2q_budget_128,,,two_sided_Student_t_95_df_n_minus_1,not_estimable,raw_instance,independence_minus_cold,zero_depth_only,0,cubic_spin_glass,0.0721664951989027,optimum_hit_rate,unadjusted_exploratory,1,matched_random_selective,all_designs_diagnostic,,original_e4,1
equal_2q_budget_128,,,two_sided_Student_t_95_df_n_minus_1,not_estimable,raw_instance,independence_minus_cold,zero_depth_only,0,cubic_spin_glass,-0.005298189262777475,auxiliary_inconsistency_rate,unadjusted_exploratory,1,matched_random_selective,all_designs_diagnostic,,original_e4,1
equal_2q_budget_128,,,two_sided_Student_t_95_df_n_minus_1,not_estimable,raw_instance,independence_minus_cold,zero_depth_only,0,cubic_spin_glass,6.661338147750939e-16,statevector_norm,unadjusted_exploratory,1,matched_random_selective,all_designs_diagnostic,,original_e4,1
equal_2q_budget_128,,,two_sided_Student_t_95_df_n_minus_1,not_estimable,raw_instance,original_only_minus_cold,zero_depth_only,0,cubic_spin_glass,-0.44444444444444525,original_objective_mean,unadjusted_exploratory,1,matched_random_selective,all_designs_diagnostic,,original_e4,1
equal_2q_budget_128,,,two_sided_Student_t_95_df_n_minus_1,not_estimable,raw_instance,original_only_minus_cold,zero_depth_only,0,cubic_spin_glass,-4.912962962962936,encoded_energy_mean,unadjusted_exploratory,1,matched_random_selective,all_designs_diagnostic,,original_e4,1
equal_2q_budget_128,,,two_sided_Student_t_95_df_n_minus_1,not_estimable,raw_instance,original_only_minus_cold,zero_depth_only,0,cubic_spin_glass,0.07216649519890274,optimum_hit_rate,unadjusted_exploratory,1,matched_random_selective,all_designs_diagnostic,,original_e4,1
equal_2q_budget_128,,,two_sided_Student_t_95_df_n_minus_1,not_estimable,raw_instance,original_only_minus_cold,zero_depth_only,0,cubic_spin_glass,5.551115123125783e-16,auxiliary_inconsistency_rate,unadjusted_exploratory,1,matched_random_selective,all_designs_diagnostic,,original_e4,1
equal_2q_budget_128,,,two_sided_Student_t_95_df_n_minus_1,not_estimable,raw_instance,original_only_minus_cold,zero_depth_only,0,cubic_spin_glass,6.661338147750939e-16,statevector_norm,unadjusted_exploratory,1,matched_random_selective,all_designs_diagnostic,,original_e4,1
equal_2q_budget_128,,,two_sided_Student_t_95_df_n_minus_1,not_estimable,raw_instance,pair_minus_cold,zero_depth_only,0,cubic_spin_glass,-0.4444444444444454,original_objective_mean,unadjusted_exploratory,1,matched_random_selective,all_designs_diagnostic,,original_e4,1
equal_2q_budget_128,,,two_sided_Student_t_95_df_n_minus_1,not_estimable,raw_instance,pair_minus_cold,zero_depth_only,0,cubic_spin_glass,-4.6351851851851755,encoded_energy_mean,unadjusted_exploratory,1,matched_random_selective,all_designs_diagnostic,,original_e4,1
equal_2q_budget_128,,,two_sided_Student_t_95_df_n_minus_1,not_estimable,raw_instance,pair_minus_cold,zero_depth_only,0,cubic_spin_glass,0.07216649519890268,optimum_hit_rate,unadjusted_exploratory,1,matched_random_selective,all_designs_diagnostic,,original_e4,1
equal_2q_budget_128,,,two_sided_Student_t_95_df_n_minus_1,not_estimable,raw_instance,pair_minus_cold,zero_depth_only,0,cubic_spin_glass,-0.019937255499669515,auxiliary_inconsistency_rate,unadjusted_exploratory,1,matched_random_selective,all_designs_diagnostic,,original_e4,1
equal_2q_budget_128,,,two_sided_Student_t_95_df_n_minus_1,not_estimable,raw_instance,pair_minus_cold,zero_depth_only,0,cubic_spin_glass,2.220446049250313e-16,statevector_norm,unadjusted_exploratory,1,matched_random_selective,all_designs_diagnostic,,original_e4,1
equal_2q_budget_128,,,two_sided_Student_t_95_df_n_minus_1,not_estimable,raw_instance,pair_minus_independence,zero_depth_only,0,cubic_spin_glass,-5.551115123125783e-17,original_objective_mean,unadjusted_exploratory,1,matched_random_selective,all_designs_diagnostic,,original_e4,1
equal_2q_budget_128,,,two_sided_Student_t_95_df_n_minus_1,not_estimable,raw_instance,pair_minus_independence,zero_depth_only,0,cubic_spin_glass,0.1851851851851798,encoded_energy_mean,unadjusted_exploratory,1,matched_random_selective,all_designs_diagnostic,,original_e4,1
equal_2q_budget_128,,,two_sided_Student_t_95_df_n_minus_1,not_estimable,raw_instance,pair_minus_independence,zero_depth_only,0,cubic_spin_glass,-1.3877787807814457e-17,optimum_hit_rate,unadjusted_exploratory,1,matched_random_selective,all_designs_diagnostic,,original_e4,1
equal_2q_budget_128,,,two_sided_Student_t_95_df_n_minus_1,not_estimable,raw_instance,pair_minus_independence,zero_depth_only,0,cubic_spin_glass,-0.01463906623689204,auxiliary_inconsistency_rate,unadjusted_exploratory,1,matched_random_selective,all_designs_diagnostic,,original_e4,1
equal_2q_budget_128,,,two_sided_Student_t_95_df_n_minus_1,not_estimable,raw_instance,pair_minus_independence,zero_depth_only,0,cubic_spin_glass,-4.440892098500626e-16,statevector_norm,unadjusted_exploratory,1,matched_random_selective,all_designs_diagnostic,,original_e4,1
equal_2q_budget_128,,,two_sided_Student_t_95_df_n_minus_1,not_estimable,raw_instance,pair_minus_original_only,zero_depth_only,0,cubic_spin_glass,-1.6653345369377348e-16,original_objective_mean,unadjusted_exploratory,1,matched_random_selective,all_designs_diagnostic,,original_e4,1
equal_2q_budget_128,,,two_sided_Student_t_95_df_n_minus_1,not_estimable,raw_instance,pair_minus_original_only,zero_depth_only,0,cubic_spin_glass,0.2777777777777608,encoded_energy_mean,unadjusted_exploratory,1,matched_random_selective,all_designs_diagnostic,,original_e4,1
equal_2q_budget_128,,,two_sided_Student_t_95_df_n_minus_1,not_estimable,raw_instance,pair_minus_original_only,zero_depth_only,0,cubic_spin_glass,-5.551115123125783e-17,optimum_hit_rate,unadjusted_exploratory,1,matched_random_selective,all_designs_diagnostic,,original_e4,1
equal_2q_budget_128,,,two_sided_Student_t_95_df_n_minus_1,not_estimable,raw_instance,pair_minus_original_only,zero_depth_only,0,cubic_spin_glass,-0.01993725549967007,auxiliary_inconsistency_rate,unadjusted_exploratory,1,matched_random_selective,all_designs_diagnostic,,original_e4,1
equal_2q_budget_128,,,two_sided_Student_t_95_df_n_minus_1,not_estimable,raw_instance,pair_minus_original_only,zero_depth_only,0,cubic_spin_glass,-4.440892098500626e-16,statevector_norm,unadjusted_exploratory,1,matched_random_selective,all_designs_diagnostic,,original_e4,1
equal_2q_budget_256,,,two_sided_Student_t_95_df_n_minus_1,not_estimable,raw_instance,independence_minus_cold,all_scheduled,0,cubic_spin_glass,-0.2491037605184092,original_objective_mean,unadjusted_exploratory,1,matched_random_selective,all_designs_diagnostic,,original_e4,0
equal_2q_budget_256,,,two_sided_Student_t_95_df_n_minus_1,not_estimable,raw_instance,independence_minus_cold,all_scheduled,0,cubic_spin_glass,-6.555978091984031,encoded_energy_mean,unadjusted_exploratory,1,matched_random_selective,all_designs_diagnostic,,original_e4,0
equal_2q_budget_256,,,two_sided_Student_t_95_df_n_minus_1,not_estimable,raw_instance,independence_minus_cold,all_scheduled,0,cubic_spin_glass,0.05530934498642282,optimum_hit_rate,unadjusted_exploratory,1,matched_random_selective,all_designs_diagnostic,,original_e4,0
equal_2q_budget_256,,,two_sided_Student_t_95_df_n_minus_1,not_estimable,raw_instance,independence_minus_cold,all_scheduled,0,cubic_spin_glass,-0.021133881336797833,auxiliary_inconsistency_rate,unadjusted_exploratory,1,matched_random_selective,all_designs_diagnostic,,original_e4,0
equal_2q_budget_256,,,two_sided_Student_t_95_df_n_minus_1,not_estimable,raw_instance,independence_minus_cold,all_scheduled,0,cubic_spin_glass,3.3306690738754696e-16,statevector_norm,unadjusted_exploratory,1,matched_random_selective,all_designs_diagnostic,,original_e4,0
equal_2q_budget_256,0.6734265241829802,-0.03668917418467588,two_sided_Student_t_95_df_n_minus_1,estimated,raw_instance,original_only_minus_cold,all_scheduled,6,cubic_spin_glass,0.31836867499915217,original_objective_mean,unadjusted_exploratory,7,matched_random_selective,all_designs_diagnostic,0.38391034378386685,original_e4,0
equal_2q_budget_256,1.5605836142395793,-2.271126963505284,two_sided_Student_t_95_df_n_minus_1,estimated,raw_instance,original_only_minus_cold,all_scheduled,6,cubic_spin_glass,-0.3552716746328524,encoded_energy_mean,unadjusted_exploratory,7,matched_random_selective,all_designs_diagnostic,2.071540354006785,original_e4,0
equal_2q_budget_256,0.043495181001449966,-0.04301153161063712,two_sided_Student_t_95_df_n_minus_1,estimated,raw_instance,original_only_minus_cold,all_scheduled,6,cubic_spin_glass,0.00024182469540641956,optimum_hit_rate,unadjusted_exploratory,7,matched_random_selective,all_designs_diagnostic,0.046768184191477935,original_e4,0
equal_2q_budget_256,0.007135646693653776,-0.01699892438815487,two_sided_Student_t_95_df_n_minus_1,estimated,raw_instance,original_only_minus_cold,all_scheduled,6,cubic_spin_glass,-0.004931638847250548,auxiliary_inconsistency_rate,unadjusted_exploratory,7,matched_random_selective,all_designs_diagnostic,0.013047889945810203,original_e4,0
equal_2q_budget_256,1.0364164370528398e-15,2.641305346509149e-16,two_sided_Student_t_95_df_n_minus_1,estimated,raw_instance,original_only_minus_cold,all_scheduled,6,cubic_spin_glass,6.502734858518774e-16,statevector_norm,unadjusted_exploratory,7,matched_random_selective,all_designs_diagnostic,4.1752146442065065e-16,original_e4,0
equal_2q_budget_256,,,two_sided_Student_t_95_df_n_minus_1,not_estimable,raw_instance,pair_minus_cold,all_scheduled,0,cubic_spin_glass,-0.10407646834535123,original_objective_mean,unadjusted_exploratory,1,matched_random_selective,all_designs_diagnostic,,original_e4,0
equal_2q_budget_256,,,two_sided_Student_t_95_df_n_minus_1,not_estimable,raw_instance,pair_minus_cold,all_scheduled,0,cubic_spin_glass,-4.383162360765894,encoded_energy_mean,unadjusted_exploratory,1,matched_random_selective,all_designs_diagnostic,,original_e4,0
equal_2q_budget_256,,,two_sided_Student_t_95_df_n_minus_1,not_estimable,raw_instance,pair_minus_cold,all_scheduled,0,cubic_spin_glass,0.038227874781521544,optimum_hit_rate,unadjusted_exploratory,1,matched_random_selective,all_designs_diagnostic,,original_e4,0
equal_2q_budget_256,,,two_sided_Student_t_95_df_n_minus_1,not_estimable,raw_instance,pair_minus_cold,all_scheduled,0,cubic_spin_glass,-0.004953667530788408,auxiliary_inconsistency_rate,unadjusted_exploratory,1,matched_random_selective,all_designs_diagnostic,,original_e4,0
equal_2q_budget_256,,,two_sided_Student_t_95_df_n_minus_1,not_estimable,raw_instance,pair_minus_cold,all_scheduled,0,cubic_spin_glass,3.3306690738754696e-16,statevector_norm,unadjusted_exploratory,1,matched_random_selective,all_designs_diagnostic,,original_e4,0
equal_2q_budget_256,,,two_sided_Student_t_95_df_n_minus_1,not_estimable,raw_instance,pair_minus_independence,all_scheduled,0,cubic_spin_glass,0.145027292173058,original_objective_mean,unadjusted_exploratory,1,matched_random_selective,all_designs_diagnostic,,original_e4,0
equal_2q_budget_256,,,two_sided_Student_t_95_df_n_minus_1,not_estimable,raw_instance,pair_minus_independence,all_scheduled,0,cubic_spin_glass,2.1728157312181366,encoded_energy_mean,unadjusted_exploratory,1,matched_random_selective,all_designs_diagnostic,,original_e4,0
equal_2q_budget_256,,,two_sided_Student_t_95_df_n_minus_1,not_estimable,raw_instance,pair_minus_independence,all_scheduled,0,cubic_spin_glass,-0.017081470204901278,optimum_hit_rate,unadjusted_exploratory,1,matched_random_selective,all_designs_diagnostic,,original_e4,0
equal_2q_budget_256,,,two_sided_Student_t_95_df_n_minus_1,not_estimable,raw_instance,pair_minus_independence,all_scheduled,0,cubic_spin_glass,0.016180213806009425,auxiliary_inconsistency_rate,unadjusted_exploratory,1,matched_random_selective,all_designs_diagnostic,,original_e4,0
equal_2q_budget_256,,,two_sided_Student_t_95_df_n_minus_1,not_estimable,raw_instance,pair_minus_independence,all_scheduled,0,cubic_spin_glass,0.0,statevector_norm,unadjusted_exploratory,1,matched_random_selective,all_designs_diagnostic,,original_e4,0
equal_2q_budget_256,,,two_sided_Student_t_95_df_n_minus_1,not_estimable,raw_instance,pair_minus_original_only,all_scheduled,0,cubic_spin_glass,0.19298692692634245,original_objective_mean,unadjusted_exploratory,1,matched_random_selective,all_designs_diagnostic,,original_e4,0
equal_2q_budget_256,,,two_sided_Student_t_95_df_n_minus_1,not_estimable,raw_instance,pair_minus_original_only,all_scheduled,0,cubic_spin_glass,0.6293834819298318,encoded_energy_mean,unadjusted_exploratory,1,matched_random_selective,all_designs_diagnostic,,original_e4,0
equal_2q_budget_256,,,two_sided_Student_t_95_df_n_minus_1,not_estimable,raw_instance,pair_minus_original_only,all_scheduled,0,cubic_spin_glass,-0.022254621493380353,optimum_hit_rate,unadjusted_exploratory,1,matched_random_selective,all_designs_diagnostic,,original_e4,0
equal_2q_budget_256,,,two_sided_Student_t_95_df_n_minus_1,not_estimable,raw_instance,pair_minus_original_only,all_scheduled,0,cubic_spin_glass,0.029567804399965425,auxiliary_inconsistency_rate,unadjusted_exploratory,1,matched_random_selective,all_designs_diagnostic,,original_e4,0
equal_2q_budget_256,,,two_sided_Student_t_95_df_n_minus_1,not_estimable,raw_instance,pair_minus_original_only,all_scheduled,0,cubic_spin_glass,-4.440892098500626e-16,statevector_norm,unadjusted_exploratory,1,matched_random_selective,all_designs_diagnostic,,original_e4,0
equal_2q_budget_256,,,two_sided_Student_t_95_df_n_minus_1,not_estimable,raw_instance,independence_minus_cold,positive_depth_only,0,cubic_spin_glass,-0.2491037605184092,original_objective_mean,unadjusted_exploratory,1,matched_random_selective,all_designs_diagnostic,,original_e4,0
equal_2q_budget_256,,,two_sided_Student_t_95_df_n_minus_1,not_estimable,raw_instance,independence_minus_cold,positive_depth_only,0,cubic_spin_glass,-6.555978091984031,encoded_energy_mean,unadjusted_exploratory,1,matched_random_selective,all_designs_diagnostic,,original_e4,0
equal_2q_budget_256,,,two_sided_Student_t_95_df_n_minus_1,not_estimable,raw_instance,independence_minus_cold,positive_depth_only,0,cubic_spin_glass,0.05530934498642282,optimum_hit_rate,unadjusted_exploratory,1,matched_random_selective,all_designs_diagnostic,,original_e4,0
equal_2q_budget_256,,,two_sided_Student_t_95_df_n_minus_1,not_estimable,raw_instance,independence_minus_cold,positive_depth_only,0,cubic_spin_glass,-0.021133881336797833,auxiliary_inconsistency_rate,unadjusted_exploratory,1,matched_random_selective,all_designs_diagnostic,,original_e4,0
equal_2q_budget_256,,,two_sided_Student_t_95_df_n_minus_1,not_estimable,raw_instance,independence_minus_cold,positive_depth_only,0,cubic_spin_glass,3.3306690738754696e-16,statevector_norm,unadjusted_exploratory,1,matched_random_selective,all_designs_diagnostic,,original_e4,0
equal_2q_budget_256,0.6734265241829802,-0.03668917418467588,two_sided_Student_t_95_df_n_minus_1,estimated,raw_instance,original_only_minus_cold,positive_depth_only,6,cubic_spin_glass,0.31836867499915217,original_objective_mean,unadjusted_exploratory,7,matched_random_selective,all_designs_diagnostic,0.38391034378386685,original_e4,0
equal_2q_budget_256,1.5605836142395793,-2.271126963505284,two_sided_Student_t_95_df_n_minus_1,estimated,raw_instance,original_only_minus_cold,positive_depth_only,6,cubic_spin_glass,-0.3552716746328524,encoded_energy_mean,unadjusted_exploratory,7,matched_random_selective,all_designs_diagnostic,2.071540354006785,original_e4,0
equal_2q_budget_256,0.043495181001449966,-0.04301153161063712,two_sided_Student_t_95_df_n_minus_1,estimated,raw_instance,original_only_minus_cold,positive_depth_only,6,cubic_spin_glass,0.00024182469540641956,optimum_hit_rate,unadjusted_exploratory,7,matched_random_selective,all_designs_diagnostic,0.046768184191477935,original_e4,0
equal_2q_budget_256,0.007135646693653776,-0.01699892438815487,two_sided_Student_t_95_df_n_minus_1,estimated,raw_instance,original_only_minus_cold,positive_depth_only,6,cubic_spin_glass,-0.004931638847250548,auxiliary_inconsistency_rate,unadjusted_exploratory,7,matched_random_selective,all_designs_diagnostic,0.013047889945810203,original_e4,0
equal_2q_budget_256,1.0364164370528398e-15,2.641305346509149e-16,two_sided_Student_t_95_df_n_minus_1,estimated,raw_instance,original_only_minus_cold,positive_depth_only,6,cubic_spin_glass,6.502734858518774e-16,statevector_norm,unadjusted_exploratory,7,matched_random_selective,all_designs_diagnostic,4.1752146442065065e-16,original_e4,0
equal_2q_budget_256,,,two_sided_Student_t_95_df_n_minus_1,not_estimable,raw_instance,pair_minus_cold,positive_depth_only,0,cubic_spin_glass,-0.10407646834535123,original_objective_mean,unadjusted_exploratory,1,matched_random_selective,all_designs_diagnostic,,original_e4,0
equal_2q_budget_256,,,two_sided_Student_t_95_df_n_minus_1,not_estimable,raw_instance,pair_minus_cold,positive_depth_only,0,cubic_spin_glass,-4.383162360765894,encoded_energy_mean,unadjusted_exploratory,1,matched_random_selective,all_designs_diagnostic,,original_e4,0
equal_2q_budget_256,,,two_sided_Student_t_95_df_n_minus_1,not_estimable,raw_instance,pair_minus_cold,positive_depth_only,0,cubic_spin_glass,0.038227874781521544,optimum_hit_rate,unadjusted_exploratory,1,matched_random_selective,all_designs_diagnostic,,original_e4,0
equal_2q_budget_256,,,two_sided_Student_t_95_df_n_minus_1,not_estimable,raw_instance,pair_minus_cold,positive_depth_only,0,cubic_spin_glass,-0.004953667530788408,auxiliary_inconsistency_rate,unadjusted_exploratory,1,matched_random_selective,all_designs_diagnostic,,original_e4,0
equal_2q_budget_256,,,two_sided_Student_t_95_df_n_minus_1,not_estimable,raw_instance,pair_minus_cold,positive_depth_only,0,cubic_spin_glass,3.3306690738754696e-16,statevector_norm,unadjusted_exploratory,1,matched_random_selective,all_designs_diagnostic,,original_e4,0
equal_2q_budget_256,,,two_sided_Student_t_95_df_n_minus_1,not_estimable,raw_instance,pair_minus_independence,positive_depth_only,0,cubic_spin_glass,0.145027292173058,original_objective_mean,unadjusted_exploratory,1,matched_random_selective,all_designs_diagnostic,,original_e4,0
equal_2q_budget_256,,,two_sided_Student_t_95_df_n_minus_1,not_estimable,raw_instance,pair_minus_independence,positive_depth_only,0,cubic_spin_glass,2.1728157312181366,encoded_energy_mean,unadjusted_exploratory,1,matched_random_selective,all_designs_diagnostic,,original_e4,0
equal_2q_budget_256,,,two_sided_Student_t_95_df_n_minus_1,not_estimable,raw_instance,pair_minus_independence,positive_depth_only,0,cubic_spin_glass,-0.017081470204901278,optimum_hit_rate,unadjusted_exploratory,1,matched_random_selective,all_designs_diagnostic,,original_e4,0
equal_2q_budget_256,,,two_sided_Student_t_95_df_n_minus_1,not_estimable,raw_instance,pair_minus_independence,positive_depth_only,0,cubic_spin_glass,0.016180213806009425,auxiliary_inconsistency_rate,unadjusted_exploratory,1,matched_random_selective,all_designs_diagnostic,,original_e4,0
equal_2q_budget_256,,,two_sided_Student_t_95_df_n_minus_1,not_estimable,raw_instance,pair_minus_independence,positive_depth_only,0,cubic_spin_glass,0.0,statevector_norm,unadjusted_exploratory,1,matched_random_selective,all_designs_diagnostic,,original_e4,0
equal_2q_budget_256,,,two_sided_Student_t_95_df_n_minus_1,not_estimable,raw_instance,pair_minus_original_only,positive_depth_only,0,cubic_spin_glass,0.19298692692634245,original_objective_mean,unadjusted_exploratory,1,matched_random_selective,all_designs_diagnostic,,original_e4,0
equal_2q_budget_256,,,two_sided_Student_t_95_df_n_minus_1,not_estimable,raw_instance,pair_minus_original_only,positive_depth_only,0,cubic_spin_glass,0.6293834819298318,encoded_energy_mean,unadjusted_exploratory,1,matched_random_selective,all_designs_diagnostic,,original_e4,0
equal_2q_budget_256,,,two_sided_Student_t_95_df_n_minus_1,not_estimable,raw_instance,pair_minus_original_only,positive_depth_only,0,cubic_spin_glass,-0.022254621493380353,optimum_hit_rate,unadjusted_exploratory,1,matched_random_selective,all_designs_diagnostic,,original_e4,0
equal_2q_budget_256,,,two_sided_Student_t_95_df_n_minus_1,not_estimable,raw_instance,pair_minus_original_only,positive_depth_only,0,cubic_spin_glass,0.029567804399965425,auxiliary_inconsistency_rate,unadjusted_exploratory,1,matched_random_selective,all_designs_diagnostic,,original_e4,0
equal_2q_budget_256,,,two_sided_Student_t_95_df_n_minus_1,not_estimable,raw_instance,pair_minus_original_only,positive_depth_only,0,cubic_spin_glass,-4.440892098500626e-16,statevector_norm,unadjusted_exploratory,1,matched_random_selective,all_designs_diagnostic,,original_e4,0
equal_layer_p1,,,two_sided_Student_t_95_df_n_minus_1,not_estimable,raw_instance,independence_minus_cold,all_scheduled,0,cubic_spin_glass,-0.6165336955285348,original_objective_mean,unadjusted_exploratory,1,matched_random_selective,all_designs_diagnostic,,original_e4,0
equal_layer_p1,,,two_sided_Student_t_95_df_n_minus_1,not_estimable,raw_instance,independence_minus_cold,all_scheduled,0,cubic_spin_glass,-3.4099072545132927,encoded_energy_mean,unadjusted_exploratory,1,matched_random_selective,all_designs_diagnostic,,original_e4,0
equal_layer_p1,,,two_sided_Student_t_95_df_n_minus_1,not_estimable,raw_instance,independence_minus_cold,all_scheduled,0,cubic_spin_glass,0.05520113686273725,optimum_hit_rate,unadjusted_exploratory,1,matched_random_selective,all_designs_diagnostic,,original_e4,0
equal_layer_p1,,,two_sided_Student_t_95_df_n_minus_1,not_estimable,raw_instance,independence_minus_cold,all_scheduled,0,cubic_spin_glass,0.02719704547170454,auxiliary_inconsistency_rate,unadjusted_exploratory,1,matched_random_selective,all_designs_diagnostic,,original_e4,0
equal_layer_p1,,,two_sided_Student_t_95_df_n_minus_1,not_estimable,raw_instance,independence_minus_cold,all_scheduled,0,cubic_spin_glass,6.661338147750939e-16,statevector_norm,unadjusted_exploratory,1,matched_random_selective,all_designs_diagnostic,,original_e4,0
equal_layer_p1,0.38503998740912804,-0.2926976108601258,two_sided_Student_t_95_df_n_minus_1,estimated,raw_instance,original_only_minus_cold,all_scheduled,6,cubic_spin_glass,0.0461711882745011,original_objective_mean,unadjusted_exploratory,7,matched_random_selective,all_designs_diagnostic,0.3664057490137195,original_e4,0
equal_layer_p1,1.7232067991627524,-3.5764226319410177,two_sided_Student_t_95_df_n_minus_1,estimated,raw_instance,original_only_minus_cold,all_scheduled,6,cubic_spin_glass,-0.9266079163891325,encoded_energy_mean,unadjusted_exploratory,7,matched_random_selective,all_designs_diagnostic,2.8651423444081643,original_e4,0
equal_layer_p1,0.03957478887166973,-0.023139064833357433,two_sided_Student_t_95_df_n_minus_1,estimated,raw_instance,original_only_minus_cold,all_scheduled,6,cubic_spin_glass,0.00821786201915615,optimum_hit_rate,unadjusted_exploratory,7,matched_random_selective,all_designs_diagnostic,0.03390503433630997,original_e4,0
equal_layer_p1,0.008013764050668153,-0.019090823160145567,two_sided_Student_t_95_df_n_minus_1,estimated,raw_instance,original_only_minus_cold,all_scheduled,6,cubic_spin_glass,-0.005538529554738706,auxiliary_inconsistency_rate,unadjusted_exploratory,7,matched_random_selective,all_designs_diagnostic,0.014653571830819914,original_e4,0
equal_layer_p1,7.30645279515271e-16,3.0650508799122045e-17,two_sided_Student_t_95_df_n_minus_1,estimated,raw_instance,original_only_minus_cold,all_scheduled,6,cubic_spin_glass,3.806478941571965e-16,statevector_norm,unadjusted_exploratory,7,matched_random_selective,all_designs_diagnostic,3.784386596300967e-16,original_e4,0
equal_layer_p1,,,two_sided_Student_t_95_df_n_minus_1,not_estimable,raw_instance,pair_minus_cold,all_scheduled,0,cubic_spin_glass,-0.47559362374953995,original_objective_mean,unadjusted_exploratory,1,matched_random_selective,all_designs_diagnostic,,original_e4,0
equal_layer_p1,,,two_sided_Student_t_95_df_n_minus_1,not_estimable,raw_instance,pair_minus_cold,all_scheduled,0,cubic_spin_glass,-4.844471516101045,encoded_energy_mean,unadjusted_exploratory,1,matched_random_selective,all_designs_diagnostic,,original_e4,0
equal_layer_p1,,,two_sided_Student_t_95_df_n_minus_1,not_estimable,raw_instance,pair_minus_cold,all_scheduled,0,cubic_spin_glass,0.0350559954673678,optimum_hit_rate,unadjusted_exploratory,1,matched_random_selective,all_designs_diagnostic,,original_e4,0
equal_layer_p1,,,two_sided_Student_t_95_df_n_minus_1,not_estimable,raw_instance,pair_minus_cold,all_scheduled,0,cubic_spin_glass,-0.008805470661445769,auxiliary_inconsistency_rate,unadjusted_exploratory,1,matched_random_selective,all_designs_diagnostic,,original_e4,0
equal_layer_p1,,,two_sided_Student_t_95_df_n_minus_1,not_estimable,raw_instance,pair_minus_cold,all_scheduled,0,cubic_spin_glass,4.440892098500626e-16,statevector_norm,unadjusted_exploratory,1,matched_random_selective,all_designs_diagnostic,,original_e4,0
equal_layer_p1,,,two_sided_Student_t_95_df_n_minus_1,not_estimable,raw_instance,pair_minus_independence,all_scheduled,0,cubic_spin_glass,0.1409400717789948,original_objective_mean,unadjusted_exploratory,1,matched_random_selective,all_designs_diagnostic,,original_e4,0
equal_layer_p1,,,two_sided_Student_t_95_df_n_minus_1,not_estimable,raw_instance,pair_minus_independence,all_scheduled,0,cubic_spin_glass,-1.4345642615877523,encoded_energy_mean,unadjusted_exploratory,1,matched_random_selective,all_designs_diagnostic,,original_e4,0
equal_layer_p1,,,two_sided_Student_t_95_df_n_minus_1,not_estimable,raw_instance,pair_minus_independence,all_scheduled,0,cubic_spin_glass,-0.02014514139536945,optimum_hit_rate,unadjusted_exploratory,1,matched_random_selective,all_designs_diagnostic,,original_e4,0
equal_layer_p1,,,two_sided_Student_t_95_df_n_minus_1,not_estimable,raw_instance,pair_minus_independence,all_scheduled,0,cubic_spin_glass,-0.03600251613315031,auxiliary_inconsistency_rate,unadjusted_exploratory,1,matched_random_selective,all_designs_diagnostic,,original_e4,0
equal_layer_p1,,,two_sided_Student_t_95_df_n_minus_1,not_estimable,raw_instance,pair_minus_independence,all_scheduled,0,cubic_spin_glass,-2.220446049250313e-16,statevector_norm,unadjusted_exploratory,1,matched_random_selective,all_designs_diagnostic,,original_e4,0
equal_layer_p1,,,two_sided_Student_t_95_df_n_minus_1,not_estimable,raw_instance,pair_minus_original_only,all_scheduled,0,cubic_spin_glass,0.11735833902887993,original_objective_mean,unadjusted_exploratory,1,matched_random_selective,all_designs_diagnostic,,original_e4,0
equal_layer_p1,,,two_sided_Student_t_95_df_n_minus_1,not_estimable,raw_instance,pair_minus_original_only,all_scheduled,0,cubic_spin_glass,2.5579341793228103,encoded_energy_mean,unadjusted_exploratory,1,matched_random_selective,all_designs_diagnostic,,original_e4,0
equal_layer_p1,,,two_sided_Student_t_95_df_n_minus_1,not_estimable,raw_instance,pair_minus_original_only,all_scheduled,0,cubic_spin_glass,-0.03348940129519207,optimum_hit_rate,unadjusted_exploratory,1,matched_random_selective,all_designs_diagnostic,,original_e4,0
equal_layer_p1,,,two_sided_Student_t_95_df_n_minus_1,not_estimable,raw_instance,pair_minus_original_only,all_scheduled,0,cubic_spin_glass,0.02996423622172517,auxiliary_inconsistency_rate,unadjusted_exploratory,1,matched_random_selective,all_designs_diagnostic,,original_e4,0
equal_layer_p1,,,two_sided_Student_t_95_df_n_minus_1,not_estimable,raw_instance,pair_minus_original_only,all_scheduled,0,cubic_spin_glass,-4.440892098500626e-16,statevector_norm,unadjusted_exploratory,1,matched_random_selective,all_designs_diagnostic,,original_e4,0
equal_layer_p1,,,two_sided_Student_t_95_df_n_minus_1,not_estimable,raw_instance,independence_minus_cold,positive_depth_only,0,cubic_spin_glass,-0.6165336955285348,original_objective_mean,unadjusted_exploratory,1,matched_random_selective,all_designs_diagnostic,,original_e4,0
equal_layer_p1,,,two_sided_Student_t_95_df_n_minus_1,not_estimable,raw_instance,independence_minus_cold,positive_depth_only,0,cubic_spin_glass,-3.4099072545132927,encoded_energy_mean,unadjusted_exploratory,1,matched_random_selective,all_designs_diagnostic,,original_e4,0
equal_layer_p1,,,two_sided_Student_t_95_df_n_minus_1,not_estimable,raw_instance,independence_minus_cold,positive_depth_only,0,cubic_spin_glass,0.05520113686273725,optimum_hit_rate,unadjusted_exploratory,1,matched_random_selective,all_designs_diagnostic,,original_e4,0
equal_layer_p1,,,two_sided_Student_t_95_df_n_minus_1,not_estimable,raw_instance,independence_minus_cold,positive_depth_only,0,cubic_spin_glass,0.02719704547170454,auxiliary_inconsistency_rate,unadjusted_exploratory,1,matched_random_selective,all_designs_diagnostic,,original_e4,0
equal_layer_p1,,,two_sided_Student_t_95_df_n_minus_1,not_estimable,raw_instance,independence_minus_cold,positive_depth_only,0,cubic_spin_glass,6.661338147750939e-16,statevector_norm,unadjusted_exploratory,1,matched_random_selective,all_designs_diagnostic,,original_e4,0
equal_layer_p1,0.38503998740912804,-0.2926976108601258,two_sided_Student_t_95_df_n_minus_1,estimated,raw_instance,original_only_minus_cold,positive_depth_only,6,cubic_spin_glass,0.0461711882745011,original_objective_mean,unadjusted_exploratory,7,matched_random_selective,all_designs_diagnostic,0.3664057490137195,original_e4,0
equal_layer_p1,1.7232067991627524,-3.5764226319410177,two_sided_Student_t_95_df_n_minus_1,estimated,raw_instance,original_only_minus_cold,positive_depth_only,6,cubic_spin_glass,-0.9266079163891325,encoded_energy_mean,unadjusted_exploratory,7,matched_random_selective,all_designs_diagnostic,2.8651423444081643,original_e4,0
equal_layer_p1,0.03957478887166973,-0.023139064833357433,two_sided_Student_t_95_df_n_minus_1,estimated,raw_instance,original_only_minus_cold,positive_depth_only,6,cubic_spin_glass,0.00821786201915615,optimum_hit_rate,unadjusted_exploratory,7,matched_random_selective,all_designs_diagnostic,0.03390503433630997,original_e4,0
equal_layer_p1,0.008013764050668153,-0.019090823160145567,two_sided_Student_t_95_df_n_minus_1,estimated,raw_instance,original_only_minus_cold,positive_depth_only,6,cubic_spin_glass,-0.005538529554738706,auxiliary_inconsistency_rate,unadjusted_exploratory,7,matched_random_selective,all_designs_diagnostic,0.014653571830819914,original_e4,0
equal_layer_p1,7.30645279515271e-16,3.0650508799122045e-17,two_sided_Student_t_95_df_n_minus_1,estimated,raw_instance,original_only_minus_cold,positive_depth_only,6,cubic_spin_glass,3.806478941571965e-16,statevector_norm,unadjusted_exploratory,7,matched_random_selective,all_designs_diagnostic,3.784386596300967e-16,original_e4,0
equal_layer_p1,,,two_sided_Student_t_95_df_n_minus_1,not_estimable,raw_instance,pair_minus_cold,positive_depth_only,0,cubic_spin_glass,-0.47559362374953995,original_objective_mean,unadjusted_exploratory,1,matched_random_selective,all_designs_diagnostic,,original_e4,0
equal_layer_p1,,,two_sided_Student_t_95_df_n_minus_1,not_estimable,raw_instance,pair_minus_cold,positive_depth_only,0,cubic_spin_glass,-4.844471516101045,encoded_energy_mean,unadjusted_exploratory,1,matched_random_selective,all_designs_diagnostic,,original_e4,0
equal_layer_p1,,,two_sided_Student_t_95_df_n_minus_1,not_estimable,raw_instance,pair_minus_cold,positive_depth_only,0,cubic_spin_glass,0.0350559954673678,optimum_hit_rate,unadjusted_exploratory,1,matched_random_selective,all_designs_diagnostic,,original_e4,0
equal_layer_p1,,,two_sided_Student_t_95_df_n_minus_1,not_estimable,raw_instance,pair_minus_cold,positive_depth_only,0,cubic_spin_glass,-0.008805470661445769,auxiliary_inconsistency_rate,unadjusted_exploratory,1,matched_random_selective,all_designs_diagnostic,,original_e4,0
equal_layer_p1,,,two_sided_Student_t_95_df_n_minus_1,not_estimable,raw_instance,pair_minus_cold,positive_depth_only,0,cubic_spin_glass,4.440892098500626e-16,statevector_norm,unadjusted_exploratory,1,matched_random_selective,all_designs_diagnostic,,original_e4,0
equal_layer_p1,,,two_sided_Student_t_95_df_n_minus_1,not_estimable,raw_instance,pair_minus_independence,positive_depth_only,0,cubic_spin_glass,0.1409400717789948,original_objective_mean,unadjusted_exploratory,1,matched_random_selective,all_designs_diagnostic,,original_e4,0
equal_layer_p1,,,two_sided_Student_t_95_df_n_minus_1,not_estimable,raw_instance,pair_minus_independence,positive_depth_only,0,cubic_spin_glass,-1.4345642615877523,encoded_energy_mean,unadjusted_exploratory,1,matched_random_selective,all_designs_diagnostic,,original_e4,0
equal_layer_p1,,,two_sided_Student_t_95_df_n_minus_1,not_estimable,raw_instance,pair_minus_independence,positive_depth_only,0,cubic_spin_glass,-0.02014514139536945,optimum_hit_rate,unadjusted_exploratory,1,matched_random_selective,all_designs_diagnostic,,original_e4,0
equal_layer_p1,,,two_sided_Student_t_95_df_n_minus_1,not_estimable,raw_instance,pair_minus_independence,positive_depth_only,0,cubic_spin_glass,-0.03600251613315031,auxiliary_inconsistency_rate,unadjusted_exploratory,1,matched_random_selective,all_designs_diagnostic,,original_e4,0
equal_layer_p1,,,two_sided_Student_t_95_df_n_minus_1,not_estimable,raw_instance,pair_minus_independence,positive_depth_only,0,cubic_spin_glass,-2.220446049250313e-16,statevector_norm,unadjusted_exploratory,1,matched_random_selective,all_designs_diagnostic,,original_e4,0
equal_layer_p1,,,two_sided_Student_t_95_df_n_minus_1,not_estimable,raw_instance,pair_minus_original_only,positive_depth_only,0,cubic_spin_glass,0.11735833902887993,original_objective_mean,unadjusted_exploratory,1,matched_random_selective,all_designs_diagnostic,,original_e4,0
equal_layer_p1,,,two_sided_Student_t_95_df_n_minus_1,not_estimable,raw_instance,pair_minus_original_only,positive_depth_only,0,cubic_spin_glass,2.5579341793228103,encoded_energy_mean,unadjusted_exploratory,1,matched_random_selective,all_designs_diagnostic,,original_e4,0
equal_layer_p1,,,two_sided_Student_t_95_df_n_minus_1,not_estimable,raw_instance,pair_minus_original_only,positive_depth_only,0,cubic_spin_glass,-0.03348940129519207,optimum_hit_rate,unadjusted_exploratory,1,matched_random_selective,all_designs_diagnostic,,original_e4,0
equal_layer_p1,,,two_sided_Student_t_95_df_n_minus_1,not_estimable,raw_instance,pair_minus_original_only,positive_depth_only,0,cubic_spin_glass,0.02996423622172517,auxiliary_inconsistency_rate,unadjusted_exploratory,1,matched_random_selective,all_designs_diagnostic,,original_e4,0
equal_layer_p1,,,two_sided_Student_t_95_df_n_minus_1,not_estimable,raw_instance,pair_minus_original_only,positive_depth_only,0,cubic_spin_glass,-4.440892098500626e-16,statevector_norm,unadjusted_exploratory,1,matched_random_selective,all_designs_diagnostic,,original_e4,0
equal_layer_p2,,,two_sided_Student_t_95_df_n_minus_1,not_estimable,raw_instance,independence_minus_cold,all_scheduled,0,cubic_spin_glass,-0.010412774939865477,original_objective_mean,unadjusted_exploratory,1,matched_random_selective,all_designs_diagnostic,,original_e4,0
equal_layer_p2,,,two_sided_Student_t_95_df_n_minus_1,not_estimable,raw_instance,independence_minus_cold,all_scheduled,0,cubic_spin_glass,-5.876449047213157,encoded_energy_mean,unadjusted_exploratory,1,matched_random_selective,all_designs_diagnostic,,original_e4,0
equal_layer_p2,,,two_sided_Student_t_95_df_n_minus_1,not_estimable,raw_instance,independence_minus_cold,all_scheduled,0,cubic_spin_glass,0.0112257709309877,optimum_hit_rate,unadjusted_exploratory,1,matched_random_selective,all_designs_diagnostic,,original_e4,0
equal_layer_p2,,,two_sided_Student_t_95_df_n_minus_1,not_estimable,raw_instance,independence_minus_cold,all_scheduled,0,cubic_spin_glass,-0.04625957870256325,auxiliary_inconsistency_rate,unadjusted_exploratory,1,matched_random_selective,all_designs_diagnostic,,original_e4,0
equal_layer_p2,,,two_sided_Student_t_95_df_n_minus_1,not_estimable,raw_instance,independence_minus_cold,all_scheduled,0,cubic_spin_glass,6.661338147750939e-16,statevector_norm,unadjusted_exploratory,1,matched_random_selective,all_designs_diagnostic,,original_e4,0
equal_layer_p2,0.5320620173922663,-0.08489075381201883,two_sided_Student_t_95_df_n_minus_1,estimated,raw_instance,original_only_minus_cold,all_scheduled,6,cubic_spin_glass,0.22358563179012375,original_objective_mean,unadjusted_exploratory,7,matched_random_selective,all_designs_diagnostic,0.3335436056911632,original_e4,0
equal_layer_p2,1.592536169250498,-2.886835418617286,two_sided_Student_t_95_df_n_minus_1,estimated,raw_instance,original_only_minus_cold,all_scheduled,6,cubic_spin_glass,-0.6471496246833942,encoded_energy_mean,unadjusted_exploratory,7,matched_random_selective,all_designs_diagnostic,2.4216857762573487,original_e4,0
equal_layer_p2,0.020082667621006592,-0.026772255600759257,two_sided_Student_t_95_df_n_minus_1,estimated,raw_instance,original_only_minus_cold,all_scheduled,6,cubic_spin_glass,-0.0033447939898763337,optimum_hit_rate,unadjusted_exploratory,7,matched_random_selective,all_designs_diagnostic,0.025331209721717263,original_e4,0
equal_layer_p2,0.01225343298748577,-0.02919079234049586,two_sided_Student_t_95_df_n_minus_1,estimated,raw_instance,original_only_minus_cold,all_scheduled,6,cubic_spin_glass,-0.008468679676505044,auxiliary_inconsistency_rate,unadjusted_exploratory,7,matched_random_selective,all_designs_diagnostic,0.022406020357099276,original_e4,0
equal_layer_p2,7.844976168231554e-16,-2.1352577558736055e-16,two_sided_Student_t_95_df_n_minus_1,estimated,raw_instance,original_only_minus_cold,all_scheduled,6,cubic_spin_glass,2.854859206178974e-16,statevector_norm,unadjusted_exploratory,7,matched_random_selective,all_designs_diagnostic,5.395620806094178e-16,original_e4,0
equal_layer_p2,,,two_sided_Student_t_95_df_n_minus_1,not_estimable,raw_instance,pair_minus_cold,all_scheduled,0,cubic_spin_glass,0.09130091810497765,original_objective_mean,unadjusted_exploratory,1,matched_random_selective,all_designs_diagnostic,,original_e4,0
equal_layer_p2,,,two_sided_Student_t_95_df_n_minus_1,not_estimable,raw_instance,pair_minus_cold,all_scheduled,0,cubic_spin_glass,-3.753545896459034,encoded_energy_mean,unadjusted_exploratory,1,matched_random_selective,all_designs_diagnostic,,original_e4,0
equal_layer_p2,,,two_sided_Student_t_95_df_n_minus_1,not_estimable,raw_instance,pair_minus_cold,all_scheduled,0,cubic_spin_glass,-0.0017087022985304429,optimum_hit_rate,unadjusted_exploratory,1,matched_random_selective,all_designs_diagnostic,,original_e4,0
equal_layer_p2,,,two_sided_Student_t_95_df_n_minus_1,not_estimable,raw_instance,pair_minus_cold,all_scheduled,0,cubic_spin_glass,-0.02331878587244307,auxiliary_inconsistency_rate,unadjusted_exploratory,1,matched_random_selective,all_designs_diagnostic,,original_e4,0
equal_layer_p2,,,two_sided_Student_t_95_df_n_minus_1,not_estimable,raw_instance,pair_minus_cold,all_scheduled,0,cubic_spin_glass,0.0,statevector_norm,unadjusted_exploratory,1,matched_random_selective,all_designs_diagnostic,,original_e4,0
equal_layer_p2,,,two_sided_Student_t_95_df_n_minus_1,not_estimable,raw_instance,pair_minus_independence,all_scheduled,0,cubic_spin_glass,0.10171369304484312,original_objective_mean,unadjusted_exploratory,1,matched_random_selective,all_designs_diagnostic,,original_e4,0
equal_layer_p2,,,two_sided_Student_t_95_df_n_minus_1,not_estimable,raw_instance,pair_minus_independence,all_scheduled,0,cubic_spin_glass,2.122903150754123,encoded_energy_mean,unadjusted_exploratory,1,matched_random_selective,all_designs_diagnostic,,original_e4,0
equal_layer_p2,,,two_sided_Student_t_95_df_n_minus_1,not_estimable,raw_instance,pair_minus_independence,all_scheduled,0,cubic_spin_glass,-0.012934473229518142,optimum_hit_rate,unadjusted_exploratory,1,matched_random_selective,all_designs_diagnostic,,original_e4,0
equal_layer_p2,,,two_sided_Student_t_95_df_n_minus_1,not_estimable,raw_instance,pair_minus_independence,all_scheduled,0,cubic_spin_glass,0.022940792830120182,auxiliary_inconsistency_rate,unadjusted_exploratory,1,matched_random_selective,all_designs_diagnostic,,original_e4,0
equal_layer_p2,,,two_sided_Student_t_95_df_n_minus_1,not_estimable,raw_instance,pair_minus_independence,all_scheduled,0,cubic_spin_glass,-6.661338147750939e-16,statevector_norm,unadjusted_exploratory,1,matched_random_selective,all_designs_diagnostic,,original_e4,0
equal_layer_p2,,,two_sided_Student_t_95_df_n_minus_1,not_estimable,raw_instance,pair_minus_original_only,all_scheduled,0,cubic_spin_glass,0.08725952484437904,original_objective_mean,unadjusted_exploratory,1,matched_random_selective,all_designs_diagnostic,,original_e4,0
equal_layer_p2,,,two_sided_Student_t_95_df_n_minus_1,not_estimable,raw_instance,pair_minus_original_only,all_scheduled,0,cubic_spin_glass,2.3375595055949923,encoded_energy_mean,unadjusted_exploratory,1,matched_random_selective,all_designs_diagnostic,,original_e4,0
equal_layer_p2,,,two_sided_Student_t_95_df_n_minus_1,not_estimable,raw_instance,pair_minus_original_only,all_scheduled,0,cubic_spin_glass,-0.012494281563384294,optimum_hit_rate,unadjusted_exploratory,1,matched_random_selective,all_designs_diagnostic,,original_e4,0
equal_layer_p2,,,two_sided_Student_t_95_df_n_minus_1,not_estimable,raw_instance,pair_minus_original_only,all_scheduled,0,cubic_spin_glass,0.035961971863092246,auxiliary_inconsistency_rate,unadjusted_exploratory,1,matched_random_selective,all_designs_diagnostic,,original_e4,0
equal_layer_p2,,,two_sided_Student_t_95_df_n_minus_1,not_estimable,raw_instance,pair_minus_original_only,all_scheduled,0,cubic_spin_glass,-6.661338147750939e-16,statevector_norm,unadjusted_exploratory,1,matched_random_selective,all_designs_diagnostic,,original_e4,0
equal_layer_p2,,,two_sided_Student_t_95_df_n_minus_1,not_estimable,raw_instance,independence_minus_cold,positive_depth_only,0,cubic_spin_glass,-0.010412774939865477,original_objective_mean,unadjusted_exploratory,1,matched_random_selective,all_designs_diagnostic,,original_e4,0
equal_layer_p2,,,two_sided_Student_t_95_df_n_minus_1,not_estimable,raw_instance,independence_minus_cold,positive_depth_only,0,cubic_spin_glass,-5.876449047213157,encoded_energy_mean,unadjusted_exploratory,1,matched_random_selective,all_designs_diagnostic,,original_e4,0
equal_layer_p2,,,two_sided_Student_t_95_df_n_minus_1,not_estimable,raw_instance,independence_minus_cold,positive_depth_only,0,cubic_spin_glass,0.0112257709309877,optimum_hit_rate,unadjusted_exploratory,1,matched_random_selective,all_designs_diagnostic,,original_e4,0
equal_layer_p2,,,two_sided_Student_t_95_df_n_minus_1,not_estimable,raw_instance,independence_minus_cold,positive_depth_only,0,cubic_spin_glass,-0.04625957870256325,auxiliary_inconsistency_rate,unadjusted_exploratory,1,matched_random_selective,all_designs_diagnostic,,original_e4,0
equal_layer_p2,,,two_sided_Student_t_95_df_n_minus_1,not_estimable,raw_instance,independence_minus_cold,positive_depth_only,0,cubic_spin_glass,6.661338147750939e-16,statevector_norm,unadjusted_exploratory,1,matched_random_selective,all_designs_diagnostic,,original_e4,0
equal_layer_p2,0.5320620173922663,-0.08489075381201883,two_sided_Student_t_95_df_n_minus_1,estimated,raw_instance,original_only_minus_cold,positive_depth_only,6,cubic_spin_glass,0.22358563179012375,original_objective_mean,unadjusted_exploratory,7,matched_random_selective,all_designs_diagnostic,0.3335436056911632,original_e4,0
equal_layer_p2,1.592536169250498,-2.886835418617286,two_sided_Student_t_95_df_n_minus_1,estimated,raw_instance,original_only_minus_cold,positive_depth_only,6,cubic_spin_glass,-0.6471496246833942,encoded_energy_mean,unadjusted_exploratory,7,matched_random_selective,all_designs_diagnostic,2.4216857762573487,original_e4,0
equal_layer_p2,0.020082667621006592,-0.026772255600759257,two_sided_Student_t_95_df_n_minus_1,estimated,raw_instance,original_only_minus_cold,positive_depth_only,6,cubic_spin_glass,-0.0033447939898763337,optimum_hit_rate,unadjusted_exploratory,7,matched_random_selective,all_designs_diagnostic,0.025331209721717263,original_e4,0
equal_layer_p2,0.01225343298748577,-0.02919079234049586,two_sided_Student_t_95_df_n_minus_1,estimated,raw_instance,original_only_minus_cold,positive_depth_only,6,cubic_spin_glass,-0.008468679676505044,auxiliary_inconsistency_rate,unadjusted_exploratory,7,matched_random_selective,all_designs_diagnostic,0.022406020357099276,original_e4,0
equal_layer_p2,7.844976168231554e-16,-2.1352577558736055e-16,two_sided_Student_t_95_df_n_minus_1,estimated,raw_instance,original_only_minus_cold,positive_depth_only,6,cubic_spin_glass,2.854859206178974e-16,statevector_norm,unadjusted_exploratory,7,matched_random_selective,all_designs_diagnostic,5.395620806094178e-16,original_e4,0
equal_layer_p2,,,two_sided_Student_t_95_df_n_minus_1,not_estimable,raw_instance,pair_minus_cold,positive_depth_only,0,cubic_spin_glass,0.09130091810497765,original_objective_mean,unadjusted_exploratory,1,matched_random_selective,all_designs_diagnostic,,original_e4,0
equal_layer_p2,,,two_sided_Student_t_95_df_n_minus_1,not_estimable,raw_instance,pair_minus_cold,positive_depth_only,0,cubic_spin_glass,-3.753545896459034,encoded_energy_mean,unadjusted_exploratory,1,matched_random_selective,all_designs_diagnostic,,original_e4,0
equal_layer_p2,,,two_sided_Student_t_95_df_n_minus_1,not_estimable,raw_instance,pair_minus_cold,positive_depth_only,0,cubic_spin_glass,-0.0017087022985304429,optimum_hit_rate,unadjusted_exploratory,1,matched_random_selective,all_designs_diagnostic,,original_e4,0
equal_layer_p2,,,two_sided_Student_t_95_df_n_minus_1,not_estimable,raw_instance,pair_minus_cold,positive_depth_only,0,cubic_spin_glass,-0.02331878587244307,auxiliary_inconsistency_rate,unadjusted_exploratory,1,matched_random_selective,all_designs_diagnostic,,original_e4,0
equal_layer_p2,,,two_sided_Student_t_95_df_n_minus_1,not_estimable,raw_instance,pair_minus_cold,positive_depth_only,0,cubic_spin_glass,0.0,statevector_norm,unadjusted_exploratory,1,matched_random_selective,all_designs_diagnostic,,original_e4,0
equal_layer_p2,,,two_sided_Student_t_95_df_n_minus_1,not_estimable,raw_instance,pair_minus_independence,positive_depth_only,0,cubic_spin_glass,0.10171369304484312,original_objective_mean,unadjusted_exploratory,1,matched_random_selective,all_designs_diagnostic,,original_e4,0
equal_layer_p2,,,two_sided_Student_t_95_df_n_minus_1,not_estimable,raw_instance,pair_minus_independence,positive_depth_only,0,cubic_spin_glass,2.122903150754123,encoded_energy_mean,unadjusted_exploratory,1,matched_random_selective,all_designs_diagnostic,,original_e4,0
equal_layer_p2,,,two_sided_Student_t_95_df_n_minus_1,not_estimable,raw_instance,pair_minus_independence,positive_depth_only,0,cubic_spin_glass,-0.012934473229518142,optimum_hit_rate,unadjusted_exploratory,1,matched_random_selective,all_designs_diagnostic,,original_e4,0
equal_layer_p2,,,two_sided_Student_t_95_df_n_minus_1,not_estimable,raw_instance,pair_minus_independence,positive_depth_only,0,cubic_spin_glass,0.022940792830120182,auxiliary_inconsistency_rate,unadjusted_exploratory,1,matched_random_selective,all_designs_diagnostic,,original_e4,0
equal_layer_p2,,,two_sided_Student_t_95_df_n_minus_1,not_estimable,raw_instance,pair_minus_independence,positive_depth_only,0,cubic_spin_glass,-6.661338147750939e-16,statevector_norm,unadjusted_exploratory,1,matched_random_selective,all_designs_diagnostic,,original_e4,0
equal_layer_p2,,,two_sided_Student_t_95_df_n_minus_1,not_estimable,raw_instance,pair_minus_original_only,positive_depth_only,0,cubic_spin_glass,0.08725952484437904,original_objective_mean,unadjusted_exploratory,1,matched_random_selective,all_designs_diagnostic,,original_e4,0
equal_layer_p2,,,two_sided_Student_t_95_df_n_minus_1,not_estimable,raw_instance,pair_minus_original_only,positive_depth_only,0,cubic_spin_glass,2.3375595055949923,encoded_energy_mean,unadjusted_exploratory,1,matched_random_selective,all_designs_diagnostic,,original_e4,0
equal_layer_p2,,,two_sided_Student_t_95_df_n_minus_1,not_estimable,raw_instance,pair_minus_original_only,positive_depth_only,0,cubic_spin_glass,-0.012494281563384294,optimum_hit_rate,unadjusted_exploratory,1,matched_random_selective,all_designs_diagnostic,,original_e4,0
equal_layer_p2,,,two_sided_Student_t_95_df_n_minus_1,not_estimable,raw_instance,pair_minus_original_only,positive_depth_only,0,cubic_spin_glass,0.035961971863092246,auxiliary_inconsistency_rate,unadjusted_exploratory,1,matched_random_selective,all_designs_diagnostic,,original_e4,0
equal_layer_p2,,,two_sided_Student_t_95_df_n_minus_1,not_estimable,raw_instance,pair_minus_original_only,positive_depth_only,0,cubic_spin_glass,-6.661338147750939e-16,statevector_norm,unadjusted_exploratory,1,matched_random_selective,all_designs_diagnostic,,original_e4,0
equal_2q_budget_128,,,two_sided_Student_t_95_df_n_minus_1,not_estimable,raw_instance,independence_minus_cold,all_scheduled,0,cubic_spin_glass,-0.44444444444444536,original_objective_mean,unadjusted_exploratory,1,selective,all_designs_diagnostic,,original_e4,1
equal_2q_budget_128,,,two_sided_Student_t_95_df_n_minus_1,not_estimable,raw_instance,independence_minus_cold,all_scheduled,0,cubic_spin_glass,-6.212962962962951,encoded_energy_mean,unadjusted_exploratory,1,selective,all_designs_diagnostic,,original_e4,1
equal_2q_budget_128,,,two_sided_Student_t_95_df_n_minus_1,not_estimable,raw_instance,independence_minus_cold,all_scheduled,0,cubic_spin_glass,0.07216649519890268,optimum_hit_rate,unadjusted_exploratory,1,selective,all_designs_diagnostic,,original_e4,1
equal_2q_budget_128,,,two_sided_Student_t_95_df_n_minus_1,not_estimable,raw_instance,independence_minus_cold,all_scheduled,0,cubic_spin_glass,-0.005891293671357434,auxiliary_inconsistency_rate,unadjusted_exploratory,1,selective,all_designs_diagnostic,,original_e4,1
equal_2q_budget_128,,,two_sided_Student_t_95_df_n_minus_1,not_estimable,raw_instance,independence_minus_cold,all_scheduled,0,cubic_spin_glass,1.1102230246251565e-16,statevector_norm,unadjusted_exploratory,1,selective,all_designs_diagnostic,,original_e4,1
equal_2q_budget_128,1.1129475923258838,-0.31181284146080185,two_sided_Student_t_95_df_n_minus_1,estimated,raw_instance,original_only_minus_cold,all_scheduled,6,cubic_spin_glass,0.400567375432541,original_objective_mean,unadjusted_exploratory,7,selective,all_designs_diagnostic,0.7702692240180607,original_e4,1
equal_2q_budget_128,1.921355308052764,-2.6255115624786796,two_sided_Student_t_95_df_n_minus_1,estimated,raw_instance,original_only_minus_cold,all_scheduled,6,cubic_spin_glass,-0.3520781272129578,encoded_energy_mean,unadjusted_exploratory,7,selective,all_designs_diagnostic,2.458175797856307,original_e4,1
equal_2q_budget_128,0.06236629164385523,-0.08457730652448431,two_sided_Student_t_95_df_n_minus_1,estimated,raw_instance,original_only_minus_cold,all_scheduled,6,cubic_spin_glass,-0.01110550744031454,optimum_hit_rate,unadjusted_exploratory,7,selective,all_designs_diagnostic,0.07944221965423755,original_e4,1
equal_2q_budget_128,2.7334577864246255e-16,-1.147424894102973e-16,two_sided_Student_t_95_df_n_minus_1,estimated,raw_instance,original_only_minus_cold,all_scheduled,6,cubic_spin_glass,7.930164461608261e-17,auxiliary_inconsistency_rate,unadjusted_exploratory,7,selective,all_designs_diagnostic,2.098124302125788e-16,original_e4,1
equal_2q_budget_128,8.705948860891571e-16,1.1274550715026737e-16,two_sided_Student_t_95_df_n_minus_1,estimated,raw_instance,original_only_minus_cold,all_scheduled,6,cubic_spin_glass,4.916701966197122e-16,statevector_norm,unadjusted_exploratory,7,selective,all_designs_diagnostic,4.0971663670246635e-16,original_e4,1
equal_2q_budget_128,,,two_sided_Student_t_95_df_n_minus_1,not_estimable,raw_instance,pair_minus_cold,all_scheduled,0,cubic_spin_glass,-0.44444444444444525,original_objective_mean,unadjusted_exploratory,1,selective,all_designs_diagnostic,,original_e4,1
equal_2q_budget_128,,,two_sided_Student_t_95_df_n_minus_1,not_estimable,raw_instance,pair_minus_cold,all_scheduled,0,cubic_spin_glass,-7.212962962962962,encoded_energy_mean,unadjusted_exploratory,1,selective,all_designs_diagnostic,,original_e4,1
equal_2q_budget_128,,,two_sided_Student_t_95_df_n_minus_1,not_estimable,raw_instance,pair_minus_cold,all_scheduled,0,cubic_spin_glass,0.07216649519890267,optimum_hit_rate,unadjusted_exploratory,1,selective,all_designs_diagnostic,,original_e4,1
equal_2q_budget_128,,,two_sided_Student_t_95_df_n_minus_1,not_estimable,raw_instance,pair_minus_cold,all_scheduled,0,cubic_spin_glass,-0.02497713763145848,auxiliary_inconsistency_rate,unadjusted_exploratory,1,selective,all_designs_diagnostic,,original_e4,1
equal_2q_budget_128,,,two_sided_Student_t_95_df_n_minus_1,not_estimable,raw_instance,pair_minus_cold,all_scheduled,0,cubic_spin_glass,0.0,statevector_norm,unadjusted_exploratory,1,selective,all_designs_diagnostic,,original_e4,1
equal_2q_budget_128,,,two_sided_Student_t_95_df_n_minus_1,not_estimable,raw_instance,pair_minus_independence,all_scheduled,0,cubic_spin_glass,1.1102230246251565e-16,original_objective_mean,unadjusted_exploratory,1,selective,all_designs_diagnostic,,original_e4,1
equal_2q_budget_128,,,two_sided_Student_t_95_df_n_minus_1,not_estimable,raw_instance,pair_minus_independence,all_scheduled,0,cubic_spin_glass,-1.0000000000000107,encoded_energy_mean,unadjusted_exploratory,1,selective,all_designs_diagnostic,,original_e4,1
equal_2q_budget_128,,,two_sided_Student_t_95_df_n_minus_1,not_estimable,raw_instance,pair_minus_independence,all_scheduled,0,cubic_spin_glass,-1.3877787807814457e-17,optimum_hit_rate,unadjusted_exploratory,1,selective,all_designs_diagnostic,,original_e4,1
equal_2q_budget_128,,,two_sided_Student_t_95_df_n_minus_1,not_estimable,raw_instance,pair_minus_independence,all_scheduled,0,cubic_spin_glass,-0.019085843960101045,auxiliary_inconsistency_rate,unadjusted_exploratory,1,selective,all_designs_diagnostic,,original_e4,1
equal_2q_budget_128,,,two_sided_Student_t_95_df_n_minus_1,not_estimable,raw_instance,pair_minus_independence,all_scheduled,0,cubic_spin_glass,-1.1102230246251565e-16,statevector_norm,unadjusted_exploratory,1,selective,all_designs_diagnostic,,original_e4,1
equal_2q_budget_128,,,two_sided_Student_t_95_df_n_minus_1,not_estimable,raw_instance,pair_minus_original_only,all_scheduled,0,cubic_spin_glass,0.0,original_objective_mean,unadjusted_exploratory,1,selective,all_designs_diagnostic,,original_e4,1
equal_2q_budget_128,,,two_sided_Student_t_95_df_n_minus_1,not_estimable,raw_instance,pair_minus_original_only,all_scheduled,0,cubic_spin_glass,-1.5000000000000249,encoded_energy_mean,unadjusted_exploratory,1,selective,all_designs_diagnostic,,original_e4,1
equal_2q_budget_128,,,two_sided_Student_t_95_df_n_minus_1,not_estimable,raw_instance,pair_minus_original_only,all_scheduled,0,cubic_spin_glass,-6.938893903907228e-17,optimum_hit_rate,unadjusted_exploratory,1,selective,all_designs_diagnostic,,original_e4,1
equal_2q_budget_128,,,two_sided_Student_t_95_df_n_minus_1,not_estimable,raw_instance,pair_minus_original_only,all_scheduled,0,cubic_spin_glass,-0.024977137631459034,auxiliary_inconsistency_rate,unadjusted_exploratory,1,selective,all_designs_diagnostic,,original_e4,1
equal_2q_budget_128,,,two_sided_Student_t_95_df_n_minus_1,not_estimable,raw_instance,pair_minus_original_only,all_scheduled,0,cubic_spin_glass,-5.551115123125783e-16,statevector_norm,unadjusted_exploratory,1,selective,all_designs_diagnostic,,original_e4,1
equal_2q_budget_128,1.3164001476146037,-0.23359479012385953,two_sided_Student_t_95_df_n_minus_1,estimated,raw_instance,original_only_minus_cold,positive_depth_only,5,cubic_spin_glass,0.5414026787453721,original_objective_mean,unadjusted_exploratory,6,selective,all_designs_diagnostic,0.738489755261262,original_e4,0
equal_2q_budget_128,1.3164001476146037,-0.23359479012385953,two_sided_Student_t_95_df_n_minus_1,estimated,raw_instance,original_only_minus_cold,positive_depth_only,5,cubic_spin_glass,0.5414026787453721,encoded_energy_mean,unadjusted_exploratory,6,selective,all_designs_diagnostic,0.738489755261262,original_e4,0
equal_2q_budget_128,0.05600134800565677,-0.10596969709935829,two_sided_Student_t_95_df_n_minus_1,estimated,raw_instance,original_only_minus_cold,positive_depth_only,5,cubic_spin_glass,-0.024984174546850757,optimum_hit_rate,unadjusted_exploratory,6,selective,all_designs_diagnostic,0.07717054717193944,original_e4,0
equal_2q_budget_128,0.0,0.0,two_sided_Student_t_95_df_n_minus_1,estimated,raw_instance,original_only_minus_cold,positive_depth_only,5,cubic_spin_glass,0.0,auxiliary_inconsistency_rate,unadjusted_exploratory,6,selective,all_designs_diagnostic,0.0,original_e4,0
equal_2q_budget_128,9.510073315601556e-16,1.1185956448313448e-17,two_sided_Student_t_95_df_n_minus_1,estimated,raw_instance,original_only_minus_cold,positive_depth_only,5,cubic_spin_glass,4.810966440042345e-16,statevector_norm,unadjusted_exploratory,6,selective,all_designs_diagnostic,4.4777466067618635e-16,original_e4,0
equal_2q_budget_128,,,two_sided_Student_t_95_df_n_minus_1,not_estimable,raw_instance,independence_minus_cold,zero_depth_only,0,cubic_spin_glass,-0.44444444444444536,original_objective_mean,unadjusted_exploratory,1,selective,all_designs_diagnostic,,original_e4,1
equal_2q_budget_128,,,two_sided_Student_t_95_df_n_minus_1,not_estimable,raw_instance,independence_minus_cold,zero_depth_only,0,cubic_spin_glass,-6.212962962962951,encoded_energy_mean,unadjusted_exploratory,1,selective,all_designs_diagnostic,,original_e4,1
equal_2q_budget_128,,,two_sided_Student_t_95_df_n_minus_1,not_estimable,raw_instance,independence_minus_cold,zero_depth_only,0,cubic_spin_glass,0.07216649519890268,optimum_hit_rate,unadjusted_exploratory,1,selective,all_designs_diagnostic,,original_e4,1
equal_2q_budget_128,,,two_sided_Student_t_95_df_n_minus_1,not_estimable,raw_instance,independence_minus_cold,zero_depth_only,0,cubic_spin_glass,-0.005891293671357434,auxiliary_inconsistency_rate,unadjusted_exploratory,1,selective,all_designs_diagnostic,,original_e4,1
equal_2q_budget_128,,,two_sided_Student_t_95_df_n_minus_1,not_estimable,raw_instance,independence_minus_cold,zero_depth_only,0,cubic_spin_glass,1.1102230246251565e-16,statevector_norm,unadjusted_exploratory,1,selective,all_designs_diagnostic,,original_e4,1
equal_2q_budget_128,,,two_sided_Student_t_95_df_n_minus_1,not_estimable,raw_instance,original_only_minus_cold,zero_depth_only,0,cubic_spin_glass,-0.44444444444444525,original_objective_mean,unadjusted_exploratory,1,selective,all_designs_diagnostic,,original_e4,1
equal_2q_budget_128,,,two_sided_Student_t_95_df_n_minus_1,not_estimable,raw_instance,original_only_minus_cold,zero_depth_only,0,cubic_spin_glass,-5.712962962962937,encoded_energy_mean,unadjusted_exploratory,1,selective,all_designs_diagnostic,,original_e4,1
equal_2q_budget_128,,,two_sided_Student_t_95_df_n_minus_1,not_estimable,raw_instance,original_only_minus_cold,zero_depth_only,0,cubic_spin_glass,0.07216649519890274,optimum_hit_rate,unadjusted_exploratory,1,selective,all_designs_diagnostic,,original_e4,1
equal_2q_budget_128,,,two_sided_Student_t_95_df_n_minus_1,not_estimable,raw_instance,original_only_minus_cold,zero_depth_only,0,cubic_spin_glass,5.551115123125783e-16,auxiliary_inconsistency_rate,unadjusted_exploratory,1,selective,all_designs_diagnostic,,original_e4,1
equal_2q_budget_128,,,two_sided_Student_t_95_df_n_minus_1,not_estimable,raw_instance,original_only_minus_cold,zero_depth_only,0,cubic_spin_glass,5.551115123125783e-16,statevector_norm,unadjusted_exploratory,1,selective,all_designs_diagnostic,,original_e4,1
equal_2q_budget_128,,,two_sided_Student_t_95_df_n_minus_1,not_estimable,raw_instance,pair_minus_cold,zero_depth_only,0,cubic_spin_glass,-0.44444444444444525,original_objective_mean,unadjusted_exploratory,1,selective,all_designs_diagnostic,,original_e4,1
equal_2q_budget_128,,,two_sided_Student_t_95_df_n_minus_1,not_estimable,raw_instance,pair_minus_cold,zero_depth_only,0,cubic_spin_glass,-7.212962962962962,encoded_energy_mean,unadjusted_exploratory,1,selective,all_designs_diagnostic,,original_e4,1
equal_2q_budget_128,,,two_sided_Student_t_95_df_n_minus_1,not_estimable,raw_instance,pair_minus_cold,zero_depth_only,0,cubic_spin_glass,0.07216649519890267,optimum_hit_rate,unadjusted_exploratory,1,selective,all_designs_diagnostic,,original_e4,1
equal_2q_budget_128,,,two_sided_Student_t_95_df_n_minus_1,not_estimable,raw_instance,pair_minus_cold,zero_depth_only,0,cubic_spin_glass,-0.02497713763145848,auxiliary_inconsistency_rate,unadjusted_exploratory,1,selective,all_designs_diagnostic,,original_e4,1
equal_2q_budget_128,,,two_sided_Student_t_95_df_n_minus_1,not_estimable,raw_instance,pair_minus_cold,zero_depth_only,0,cubic_spin_glass,0.0,statevector_norm,unadjusted_exploratory,1,selective,all_designs_diagnostic,,original_e4,1
equal_2q_budget_128,,,two_sided_Student_t_95_df_n_minus_1,not_estimable,raw_instance,pair_minus_independence,zero_depth_only,0,cubic_spin_glass,1.1102230246251565e-16,original_objective_mean,unadjusted_exploratory,1,selective,all_designs_diagnostic,,original_e4,1
equal_2q_budget_128,,,two_sided_Student_t_95_df_n_minus_1,not_estimable,raw_instance,pair_minus_independence,zero_depth_only,0,cubic_spin_glass,-1.0000000000000107,encoded_energy_mean,unadjusted_exploratory,1,selective,all_designs_diagnostic,,original_e4,1
equal_2q_budget_128,,,two_sided_Student_t_95_df_n_minus_1,not_estimable,raw_instance,pair_minus_independence,zero_depth_only,0,cubic_spin_glass,-1.3877787807814457e-17,optimum_hit_rate,unadjusted_exploratory,1,selective,all_designs_diagnostic,,original_e4,1
equal_2q_budget_128,,,two_sided_Student_t_95_df_n_minus_1,not_estimable,raw_instance,pair_minus_independence,zero_depth_only,0,cubic_spin_glass,-0.019085843960101045,auxiliary_inconsistency_rate,unadjusted_exploratory,1,selective,all_designs_diagnostic,,original_e4,1
equal_2q_budget_128,,,two_sided_Student_t_95_df_n_minus_1,not_estimable,raw_instance,pair_minus_independence,zero_depth_only,0,cubic_spin_glass,-1.1102230246251565e-16,statevector_norm,unadjusted_exploratory,1,selective,all_designs_diagnostic,,original_e4,1
equal_2q_budget_128,,,two_sided_Student_t_95_df_n_minus_1,not_estimable,raw_instance,pair_minus_original_only,zero_depth_only,0,cubic_spin_glass,0.0,original_objective_mean,unadjusted_exploratory,1,selective,all_designs_diagnostic,,original_e4,1
equal_2q_budget_128,,,two_sided_Student_t_95_df_n_minus_1,not_estimable,raw_instance,pair_minus_original_only,zero_depth_only,0,cubic_spin_glass,-1.5000000000000249,encoded_energy_mean,unadjusted_exploratory,1,selective,all_designs_diagnostic,,original_e4,1
equal_2q_budget_128,,,two_sided_Student_t_95_df_n_minus_1,not_estimable,raw_instance,pair_minus_original_only,zero_depth_only,0,cubic_spin_glass,-6.938893903907228e-17,optimum_hit_rate,unadjusted_exploratory,1,selective,all_designs_diagnostic,,original_e4,1
equal_2q_budget_128,,,two_sided_Student_t_95_df_n_minus_1,not_estimable,raw_instance,pair_minus_original_only,zero_depth_only,0,cubic_spin_glass,-0.024977137631459034,auxiliary_inconsistency_rate,unadjusted_exploratory,1,selective,all_designs_diagnostic,,original_e4,1
equal_2q_budget_128,,,two_sided_Student_t_95_df_n_minus_1,not_estimable,raw_instance,pair_minus_original_only,zero_depth_only,0,cubic_spin_glass,-5.551115123125783e-16,statevector_norm,unadjusted_exploratory,1,selective,all_designs_diagnostic,,original_e4,1
equal_2q_budget_256,,,two_sided_Student_t_95_df_n_minus_1,not_estimable,raw_instance,independence_minus_cold,all_scheduled,0,cubic_spin_glass,0.30716963321641555,original_objective_mean,unadjusted_exploratory,1,selective,all_designs_diagnostic,,original_e4,0
equal_2q_budget_256,,,two_sided_Student_t_95_df_n_minus_1,not_estimable,raw_instance,independence_minus_cold,all_scheduled,0,cubic_spin_glass,3.8263328228468865,encoded_energy_mean,unadjusted_exploratory,1,selective,all_designs_diagnostic,,original_e4,0
equal_2q_budget_256,,,two_sided_Student_t_95_df_n_minus_1,not_estimable,raw_instance,independence_minus_cold,all_scheduled,0,cubic_spin_glass,0.03748986403908369,optimum_hit_rate,unadjusted_exploratory,1,selective,all_designs_diagnostic,,original_e4,0
equal_2q_budget_256,,,two_sided_Student_t_95_df_n_minus_1,not_estimable,raw_instance,independence_minus_cold,all_scheduled,0,cubic_spin_glass,-0.011272913007994712,auxiliary_inconsistency_rate,unadjusted_exploratory,1,selective,all_designs_diagnostic,,original_e4,0
equal_2q_budget_256,,,two_sided_Student_t_95_df_n_minus_1,not_estimable,raw_instance,independence_minus_cold,all_scheduled,0,cubic_spin_glass,5.551115123125783e-16,statevector_norm,unadjusted_exploratory,1,selective,all_designs_diagnostic,,original_e4,0
equal_2q_budget_256,0.6812854939381763,0.11928476541003213,two_sided_Student_t_95_df_n_minus_1,estimated,raw_instance,original_only_minus_cold,all_scheduled,6,cubic_spin_glass,0.40028512967410423,original_objective_mean,unadjusted_exploratory,7,selective,all_designs_diagnostic,0.30383484464853605,original_e4,0
equal_2q_budget_256,0.7982599415484939,-0.39050661944562637,two_sided_Student_t_95_df_n_minus_1,estimated,raw_instance,original_only_minus_cold,all_scheduled,6,cubic_spin_glass,0.2038766610514338,encoded_energy_mean,unadjusted_exploratory,7,selective,all_designs_diagnostic,0.6426836924730698,original_e4,0
equal_2q_budget_256,0.03859660195591779,-0.030730898570786806,two_sided_Student_t_95_df_n_minus_1,estimated,raw_instance,original_only_minus_cold,all_scheduled,6,cubic_spin_glass,0.003932851692565491,optimum_hit_rate,unadjusted_exploratory,7,selective,all_designs_diagnostic,0.03748057481627932,original_e4,0
equal_2q_budget_256,0.004085821252442359,-0.00973346488630871,two_sided_Student_t_95_df_n_minus_1,estimated,raw_instance,original_only_minus_cold,all_scheduled,6,cubic_spin_glass,-0.002823821816933176,auxiliary_inconsistency_rate,unadjusted_exploratory,7,selective,all_designs_diagnostic,0.007471130274363745,original_e4,0
equal_2q_budget_256,1.6212419457329472e-15,-9.865036910416114e-17,two_sided_Student_t_95_df_n_minus_1,estimated,raw_instance,original_only_minus_cold,all_scheduled,6,cubic_spin_glass,7.61295788314393e-16,statevector_norm,unadjusted_exploratory,7,selective,all_designs_diagnostic,9.298265780888123e-16,original_e4,0
equal_2q_budget_256,,,two_sided_Student_t_95_df_n_minus_1,not_estimable,raw_instance,pair_minus_cold,all_scheduled,0,cubic_spin_glass,0.2247318138548381,original_objective_mean,unadjusted_exploratory,1,selective,all_designs_diagnostic,,original_e4,0
equal_2q_budget_256,,,two_sided_Student_t_95_df_n_minus_1,not_estimable,raw_instance,pair_minus_cold,all_scheduled,0,cubic_spin_glass,3.726420450142882,encoded_energy_mean,unadjusted_exploratory,1,selective,all_designs_diagnostic,,original_e4,0
equal_2q_budget_256,,,two_sided_Student_t_95_df_n_minus_1,not_estimable,raw_instance,pair_minus_cold,all_scheduled,0,cubic_spin_glass,0.028769033602476037,optimum_hit_rate,unadjusted_exploratory,1,selective,all_designs_diagnostic,,original_e4,0
equal_2q_budget_256,,,two_sided_Student_t_95_df_n_minus_1,not_estimable,raw_instance,pair_minus_cold,all_scheduled,0,cubic_spin_glass,-0.018086925536503373,auxiliary_inconsistency_rate,unadjusted_exploratory,1,selective,all_designs_diagnostic,,original_e4,0
equal_2q_budget_256,,,two_sided_Student_t_95_df_n_minus_1,not_estimable,raw_instance,pair_minus_cold,all_scheduled,0,cubic_spin_glass,-5.551115123125783e-16,statevector_norm,unadjusted_exploratory,1,selective,all_designs_diagnostic,,original_e4,0
equal_2q_budget_256,,,two_sided_Student_t_95_df_n_minus_1,not_estimable,raw_instance,pair_minus_independence,all_scheduled,0,cubic_spin_glass,-0.08243781936157746,original_objective_mean,unadjusted_exploratory,1,selective,all_designs_diagnostic,,original_e4,0
equal_2q_budget_256,,,two_sided_Student_t_95_df_n_minus_1,not_estimable,raw_instance,pair_minus_independence,all_scheduled,0,cubic_spin_glass,-0.09991237270400433,encoded_energy_mean,unadjusted_exploratory,1,selective,all_designs_diagnostic,,original_e4,0
equal_2q_budget_256,,,two_sided_Student_t_95_df_n_minus_1,not_estimable,raw_instance,pair_minus_independence,all_scheduled,0,cubic_spin_glass,-0.008720830436607659,optimum_hit_rate,unadjusted_exploratory,1,selective,all_designs_diagnostic,,original_e4,0
equal_2q_budget_256,,,two_sided_Student_t_95_df_n_minus_1,not_estimable,raw_instance,pair_minus_independence,all_scheduled,0,cubic_spin_glass,-0.006814012528508662,auxiliary_inconsistency_rate,unadjusted_exploratory,1,selective,all_designs_diagnostic,,original_e4,0
equal_2q_budget_256,,,two_sided_Student_t_95_df_n_minus_1,not_estimable,raw_instance,pair_minus_independence,all_scheduled,0,cubic_spin_glass,-1.1102230246251565e-15,statevector_norm,unadjusted_exploratory,1,selective,all_designs_diagnostic,,original_e4,0
equal_2q_budget_256,,,two_sided_Student_t_95_df_n_minus_1,not_estimable,raw_instance,pair_minus_original_only,all_scheduled,0,cubic_spin_glass,-0.06493971925960329,original_objective_mean,unadjusted_exploratory,1,selective,all_designs_diagnostic,,original_e4,0
equal_2q_budget_256,,,two_sided_Student_t_95_df_n_minus_1,not_estimable,raw_instance,pair_minus_original_only,all_scheduled,0,cubic_spin_glass,4.811608197387134,encoded_energy_mean,unadjusted_exploratory,1,selective,all_designs_diagnostic,,original_e4,0
equal_2q_budget_256,,,two_sided_Student_t_95_df_n_minus_1,not_estimable,raw_instance,pair_minus_original_only,all_scheduled,0,cubic_spin_glass,-0.04254499805892973,optimum_hit_rate,unadjusted_exploratory,1,selective,all_designs_diagnostic,,original_e4,0
equal_2q_budget_256,,,two_sided_Student_t_95_df_n_minus_1,not_estimable,raw_instance,pair_minus_original_only,all_scheduled,0,cubic_spin_glass,0.001679827182028859,auxiliary_inconsistency_rate,unadjusted_exploratory,1,selective,all_designs_diagnostic,,original_e4,0
equal_2q_budget_256,,,two_sided_Student_t_95_df_n_minus_1,not_estimable,raw_instance,pair_minus_original_only,all_scheduled,0,cubic_spin_glass,-1.9984014443252818e-15,statevector_norm,unadjusted_exploratory,1,selective,all_designs_diagnostic,,original_e4,0
equal_2q_budget_256,,,two_sided_Student_t_95_df_n_minus_1,not_estimable,raw_instance,independence_minus_cold,positive_depth_only,0,cubic_spin_glass,0.30716963321641555,original_objective_mean,unadjusted_exploratory,1,selective,all_designs_diagnostic,,original_e4,0
equal_2q_budget_256,,,two_sided_Student_t_95_df_n_minus_1,not_estimable,raw_instance,independence_minus_cold,positive_depth_only,0,cubic_spin_glass,3.8263328228468865,encoded_energy_mean,unadjusted_exploratory,1,selective,all_designs_diagnostic,,original_e4,0
equal_2q_budget_256,,,two_sided_Student_t_95_df_n_minus_1,not_estimable,raw_instance,independence_minus_cold,positive_depth_only,0,cubic_spin_glass,0.03748986403908369,optimum_hit_rate,unadjusted_exploratory,1,selective,all_designs_diagnostic,,original_e4,0
equal_2q_budget_256,,,two_sided_Student_t_95_df_n_minus_1,not_estimable,raw_instance,independence_minus_cold,positive_depth_only,0,cubic_spin_glass,-0.011272913007994712,auxiliary_inconsistency_rate,unadjusted_exploratory,1,selective,all_designs_diagnostic,,original_e4,0
equal_2q_budget_256,,,two_sided_Student_t_95_df_n_minus_1,not_estimable,raw_instance,independence_minus_cold,positive_depth_only,0,cubic_spin_glass,5.551115123125783e-16,statevector_norm,unadjusted_exploratory,1,selective,all_designs_diagnostic,,original_e4,0
equal_2q_budget_256,0.6812854939381763,0.11928476541003213,two_sided_Student_t_95_df_n_minus_1,estimated,raw_instance,original_only_minus_cold,positive_depth_only,6,cubic_spin_glass,0.40028512967410423,original_objective_mean,unadjusted_exploratory,7,selective,all_designs_diagnostic,0.30383484464853605,original_e4,0
equal_2q_budget_256,0.7982599415484939,-0.39050661944562637,two_sided_Student_t_95_df_n_minus_1,estimated,raw_instance,original_only_minus_cold,positive_depth_only,6,cubic_spin_glass,0.2038766610514338,encoded_energy_mean,unadjusted_exploratory,7,selective,all_designs_diagnostic,0.6426836924730698,original_e4,0
equal_2q_budget_256,0.03859660195591779,-0.030730898570786806,two_sided_Student_t_95_df_n_minus_1,estimated,raw_instance,original_only_minus_cold,positive_depth_only,6,cubic_spin_glass,0.003932851692565491,optimum_hit_rate,unadjusted_exploratory,7,selective,all_designs_diagnostic,0.03748057481627932,original_e4,0
equal_2q_budget_256,0.004085821252442359,-0.00973346488630871,two_sided_Student_t_95_df_n_minus_1,estimated,raw_instance,original_only_minus_cold,positive_depth_only,6,cubic_spin_glass,-0.002823821816933176,auxiliary_inconsistency_rate,unadjusted_exploratory,7,selective,all_designs_diagnostic,0.007471130274363745,original_e4,0
equal_2q_budget_256,1.6212419457329472e-15,-9.865036910416114e-17,two_sided_Student_t_95_df_n_minus_1,estimated,raw_instance,original_only_minus_cold,positive_depth_only,6,cubic_spin_glass,7.61295788314393e-16,statevector_norm,unadjusted_exploratory,7,selective,all_designs_diagnostic,9.298265780888123e-16,original_e4,0
equal_2q_budget_256,,,two_sided_Student_t_95_df_n_minus_1,not_estimable,raw_instance,pair_minus_cold,positive_depth_only,0,cubic_spin_glass,0.2247318138548381,original_objective_mean,unadjusted_exploratory,1,selective,all_designs_diagnostic,,original_e4,0
equal_2q_budget_256,,,two_sided_Student_t_95_df_n_minus_1,not_estimable,raw_instance,pair_minus_cold,positive_depth_only,0,cubic_spin_glass,3.726420450142882,encoded_energy_mean,unadjusted_exploratory,1,selective,all_designs_diagnostic,,original_e4,0
equal_2q_budget_256,,,two_sided_Student_t_95_df_n_minus_1,not_estimable,raw_instance,pair_minus_cold,positive_depth_only,0,cubic_spin_glass,0.028769033602476037,optimum_hit_rate,unadjusted_exploratory,1,selective,all_designs_diagnostic,,original_e4,0
equal_2q_budget_256,,,two_sided_Student_t_95_df_n_minus_1,not_estimable,raw_instance,pair_minus_cold,positive_depth_only,0,cubic_spin_glass,-0.018086925536503373,auxiliary_inconsistency_rate,unadjusted_exploratory,1,selective,all_designs_diagnostic,,original_e4,0
equal_2q_budget_256,,,two_sided_Student_t_95_df_n_minus_1,not_estimable,raw_instance,pair_minus_cold,positive_depth_only,0,cubic_spin_glass,-5.551115123125783e-16,statevector_norm,unadjusted_exploratory,1,selective,all_designs_diagnostic,,original_e4,0
equal_2q_budget_256,,,two_sided_Student_t_95_df_n_minus_1,not_estimable,raw_instance,pair_minus_independence,positive_depth_only,0,cubic_spin_glass,-0.08243781936157746,original_objective_mean,unadjusted_exploratory,1,selective,all_designs_diagnostic,,original_e4,0
equal_2q_budget_256,,,two_sided_Student_t_95_df_n_minus_1,not_estimable,raw_instance,pair_minus_independence,positive_depth_only,0,cubic_spin_glass,-0.09991237270400433,encoded_energy_mean,unadjusted_exploratory,1,selective,all_designs_diagnostic,,original_e4,0
equal_2q_budget_256,,,two_sided_Student_t_95_df_n_minus_1,not_estimable,raw_instance,pair_minus_independence,positive_depth_only,0,cubic_spin_glass,-0.008720830436607659,optimum_hit_rate,unadjusted_exploratory,1,selective,all_designs_diagnostic,,original_e4,0
equal_2q_budget_256,,,two_sided_Student_t_95_df_n_minus_1,not_estimable,raw_instance,pair_minus_independence,positive_depth_only,0,cubic_spin_glass,-0.006814012528508662,auxiliary_inconsistency_rate,unadjusted_exploratory,1,selective,all_designs_diagnostic,,original_e4,0
equal_2q_budget_256,,,two_sided_Student_t_95_df_n_minus_1,not_estimable,raw_instance,pair_minus_independence,positive_depth_only,0,cubic_spin_glass,-1.1102230246251565e-15,statevector_norm,unadjusted_exploratory,1,selective,all_designs_diagnostic,,original_e4,0
equal_2q_budget_256,,,two_sided_Student_t_95_df_n_minus_1,not_estimable,raw_instance,pair_minus_original_only,positive_depth_only,0,cubic_spin_glass,-0.06493971925960329,original_objective_mean,unadjusted_exploratory,1,selective,all_designs_diagnostic,,original_e4,0
equal_2q_budget_256,,,two_sided_Student_t_95_df_n_minus_1,not_estimable,raw_instance,pair_minus_original_only,positive_depth_only,0,cubic_spin_glass,4.811608197387134,encoded_energy_mean,unadjusted_exploratory,1,selective,all_designs_diagnostic,,original_e4,0
equal_2q_budget_256,,,two_sided_Student_t_95_df_n_minus_1,not_estimable,raw_instance,pair_minus_original_only,positive_depth_only,0,cubic_spin_glass,-0.04254499805892973,optimum_hit_rate,unadjusted_exploratory,1,selective,all_designs_diagnostic,,original_e4,0
equal_2q_budget_256,,,two_sided_Student_t_95_df_n_minus_1,not_estimable,raw_instance,pair_minus_original_only,positive_depth_only,0,cubic_spin_glass,0.001679827182028859,auxiliary_inconsistency_rate,unadjusted_exploratory,1,selective,all_designs_diagnostic,,original_e4,0
equal_2q_budget_256,,,two_sided_Student_t_95_df_n_minus_1,not_estimable,raw_instance,pair_minus_original_only,positive_depth_only,0,cubic_spin_glass,-1.9984014443252818e-15,statevector_norm,unadjusted_exploratory,1,selective,all_designs_diagnostic,,original_e4,0
equal_layer_p1,,,two_sided_Student_t_95_df_n_minus_1,not_estimable,raw_instance,independence_minus_cold,all_scheduled,0,cubic_spin_glass,-0.6812674151821461,original_objective_mean,unadjusted_exploratory,1,selective,all_designs_diagnostic,,original_e4,0
equal_layer_p1,,,two_sided_Student_t_95_df_n_minus_1,not_estimable,raw_instance,independence_minus_cold,all_scheduled,0,cubic_spin_glass,0.9602878248159001,encoded_energy_mean,unadjusted_exploratory,1,selective,all_designs_diagnostic,,original_e4,0
equal_layer_p1,,,two_sided_Student_t_95_df_n_minus_1,not_estimable,raw_instance,independence_minus_cold,all_scheduled,0,cubic_spin_glass,0.09673193289327123,optimum_hit_rate,unadjusted_exploratory,1,selective,all_designs_diagnostic,,original_e4,0
equal_layer_p1,,,two_sided_Student_t_95_df_n_minus_1,not_estimable,raw_instance,independence_minus_cold,all_scheduled,0,cubic_spin_glass,0.04618250258765211,auxiliary_inconsistency_rate,unadjusted_exploratory,1,selective,all_designs_diagnostic,,original_e4,0
equal_layer_p1,,,two_sided_Student_t_95_df_n_minus_1,not_estimable,raw_instance,independence_minus_cold,all_scheduled,0,cubic_spin_glass,-5.551115123125783e-16,statevector_norm,unadjusted_exploratory,1,selective,all_designs_diagnostic,,original_e4,0
equal_layer_p1,0.9801167174753062,-0.5034285383155824,two_sided_Student_t_95_df_n_minus_1,estimated,raw_instance,original_only_minus_cold,all_scheduled,6,cubic_spin_glass,0.2383440895798619,original_objective_mean,unadjusted_exploratory,7,selective,all_designs_diagnostic,0.8020501032139219,original_e4,0
equal_layer_p1,1.1353029783916264,-0.1847273751987572,two_sided_Student_t_95_df_n_minus_1,estimated,raw_instance,original_only_minus_cold,all_scheduled,6,cubic_spin_glass,0.47528780159643463,encoded_energy_mean,unadjusted_exploratory,7,selective,all_designs_diagnostic,0.7136489279380023,original_e4,0
equal_layer_p1,0.05445238140845249,-0.026959385170269093,two_sided_Student_t_95_df_n_minus_1,estimated,raw_instance,original_only_minus_cold,all_scheduled,6,cubic_spin_glass,0.013746498119091696,optimum_hit_rate,unadjusted_exploratory,7,selective,all_designs_diagnostic,0.04401369997471457,original_e4,0
equal_layer_p1,0.023873913865519306,-0.010021564344257841,two_sided_Student_t_95_df_n_minus_1,estimated,raw_instance,original_only_minus_cold,all_scheduled,6,cubic_spin_glass,0.006926174760630732,auxiliary_inconsistency_rate,unadjusted_exploratory,7,selective,all_designs_diagnostic,0.018324935953601237,original_e4,0
equal_layer_p1,7.983892643104493e-16,-2.274174230746544e-16,two_sided_Student_t_95_df_n_minus_1,estimated,raw_instance,original_only_minus_cold,all_scheduled,6,cubic_spin_glass,2.854859206178974e-16,statevector_norm,unadjusted_exploratory,7,selective,all_designs_diagnostic,5.545825826905028e-16,original_e4,0
equal_layer_p1,,,two_sided_Student_t_95_df_n_minus_1,not_estimable,raw_instance,pair_minus_cold,all_scheduled,0,cubic_spin_glass,-0.6465180431141011,original_objective_mean,unadjusted_exploratory,1,selective,all_designs_diagnostic,,original_e4,0
equal_layer_p1,,,two_sided_Student_t_95_df_n_minus_1,not_estimable,raw_instance,pair_minus_cold,all_scheduled,0,cubic_spin_glass,0.38160854256697974,encoded_energy_mean,unadjusted_exploratory,1,selective,all_designs_diagnostic,,original_e4,0
equal_layer_p1,,,two_sided_Student_t_95_df_n_minus_1,not_estimable,raw_instance,pair_minus_cold,all_scheduled,0,cubic_spin_glass,0.085714240040767,optimum_hit_rate,unadjusted_exploratory,1,selective,all_designs_diagnostic,,original_e4,0
equal_layer_p1,,,two_sided_Student_t_95_df_n_minus_1,not_estimable,raw_instance,pair_minus_cold,all_scheduled,0,cubic_spin_glass,0.03112414638884564,auxiliary_inconsistency_rate,unadjusted_exploratory,1,selective,all_designs_diagnostic,,original_e4,0
equal_layer_p1,,,two_sided_Student_t_95_df_n_minus_1,not_estimable,raw_instance,pair_minus_cold,all_scheduled,0,cubic_spin_glass,-5.551115123125783e-16,statevector_norm,unadjusted_exploratory,1,selective,all_designs_diagnostic,,original_e4,0
equal_layer_p1,,,two_sided_Student_t_95_df_n_minus_1,not_estimable,raw_instance,pair_minus_independence,all_scheduled,0,cubic_spin_glass,0.03474937206804496,original_objective_mean,unadjusted_exploratory,1,selective,all_designs_diagnostic,,original_e4,0
equal_layer_p1,,,two_sided_Student_t_95_df_n_minus_1,not_estimable,raw_instance,pair_minus_independence,all_scheduled,0,cubic_spin_glass,-0.5786792822489204,encoded_energy_mean,unadjusted_exploratory,1,selective,all_designs_diagnostic,,original_e4,0
equal_layer_p1,,,two_sided_Student_t_95_df_n_minus_1,not_estimable,raw_instance,pair_minus_independence,all_scheduled,0,cubic_spin_glass,-0.011017692852504216,optimum_hit_rate,unadjusted_exploratory,1,selective,all_designs_diagnostic,,original_e4,0
equal_layer_p1,,,two_sided_Student_t_95_df_n_minus_1,not_estimable,raw_instance,pair_minus_independence,all_scheduled,0,cubic_spin_glass,-0.015058356198806466,auxiliary_inconsistency_rate,unadjusted_exploratory,1,selective,all_designs_diagnostic,,original_e4,0
equal_layer_p1,,,two_sided_Student_t_95_df_n_minus_1,not_estimable,raw_instance,pair_minus_independence,all_scheduled,0,cubic_spin_glass,0.0,statevector_norm,unadjusted_exploratory,1,selective,all_designs_diagnostic,,original_e4,0
equal_layer_p1,,,two_sided_Student_t_95_df_n_minus_1,not_estimable,raw_instance,pair_minus_original_only,all_scheduled,0,cubic_spin_glass,0.06832235973137846,original_objective_mean,unadjusted_exploratory,1,selective,all_designs_diagnostic,,original_e4,0
equal_layer_p1,,,two_sided_Student_t_95_df_n_minus_1,not_estimable,raw_instance,pair_minus_original_only,all_scheduled,0,cubic_spin_glass,-0.5621570387035497,encoded_energy_mean,unadjusted_exploratory,1,selective,all_designs_diagnostic,,original_e4,0
equal_layer_p1,,,two_sided_Student_t_95_df_n_minus_1,not_estimable,raw_instance,pair_minus_original_only,all_scheduled,0,cubic_spin_glass,-0.01628351056078038,optimum_hit_rate,unadjusted_exploratory,1,selective,all_designs_diagnostic,,original_e4,0
equal_layer_p1,,,two_sided_Student_t_95_df_n_minus_1,not_estimable,raw_instance,pair_minus_original_only,all_scheduled,0,cubic_spin_glass,-0.017359076935569484,auxiliary_inconsistency_rate,unadjusted_exploratory,1,selective,all_designs_diagnostic,,original_e4,0
equal_layer_p1,,,two_sided_Student_t_95_df_n_minus_1,not_estimable,raw_instance,pair_minus_original_only,all_scheduled,0,cubic_spin_glass,-5.551115123125783e-16,statevector_norm,unadjusted_exploratory,1,selective,all_designs_diagnostic,,original_e4,0
equal_layer_p1,,,two_sided_Student_t_95_df_n_minus_1,not_estimable,raw_instance,independence_minus_cold,positive_depth_only,0,cubic_spin_glass,-0.6812674151821461,original_objective_mean,unadjusted_exploratory,1,selective,all_designs_diagnostic,,original_e4,0
equal_layer_p1,,,two_sided_Student_t_95_df_n_minus_1,not_estimable,raw_instance,independence_minus_cold,positive_depth_only,0,cubic_spin_glass,0.9602878248159001,encoded_energy_mean,unadjusted_exploratory,1,selective,all_designs_diagnostic,,original_e4,0
equal_layer_p1,,,two_sided_Student_t_95_df_n_minus_1,not_estimable,raw_instance,independence_minus_cold,positive_depth_only,0,cubic_spin_glass,0.09673193289327123,optimum_hit_rate,unadjusted_exploratory,1,selective,all_designs_diagnostic,,original_e4,0
equal_layer_p1,,,two_sided_Student_t_95_df_n_minus_1,not_estimable,raw_instance,independence_minus_cold,positive_depth_only,0,cubic_spin_glass,0.04618250258765211,auxiliary_inconsistency_rate,unadjusted_exploratory,1,selective,all_designs_diagnostic,,original_e4,0
equal_layer_p1,,,two_sided_Student_t_95_df_n_minus_1,not_estimable,raw_instance,independence_minus_cold,positive_depth_only,0,cubic_spin_glass,-5.551115123125783e-16,statevector_norm,unadjusted_exploratory,1,selective,all_designs_diagnostic,,original_e4,0
equal_layer_p1,0.9801167174753062,-0.5034285383155824,two_sided_Student_t_95_df_n_minus_1,estimated,raw_instance,original_only_minus_cold,positive_depth_only,6,cubic_spin_glass,0.2383440895798619,original_objective_mean,unadjusted_exploratory,7,selective,all_designs_diagnostic,0.8020501032139219,original_e4,0
equal_layer_p1,1.1353029783916264,-0.1847273751987572,two_sided_Student_t_95_df_n_minus_1,estimated,raw_instance,original_only_minus_cold,positive_depth_only,6,cubic_spin_glass,0.47528780159643463,encoded_energy_mean,unadjusted_exploratory,7,selective,all_designs_diagnostic,0.7136489279380023,original_e4,0
equal_layer_p1,0.05445238140845249,-0.026959385170269093,two_sided_Student_t_95_df_n_minus_1,estimated,raw_instance,original_only_minus_cold,positive_depth_only,6,cubic_spin_glass,0.013746498119091696,optimum_hit_rate,unadjusted_exploratory,7,selective,all_designs_diagnostic,0.04401369997471457,original_e4,0
equal_layer_p1,0.023873913865519306,-0.010021564344257841,two_sided_Student_t_95_df_n_minus_1,estimated,raw_instance,original_only_minus_cold,positive_depth_only,6,cubic_spin_glass,0.006926174760630732,auxiliary_inconsistency_rate,unadjusted_exploratory,7,selective,all_designs_diagnostic,0.018324935953601237,original_e4,0
equal_layer_p1,7.983892643104493e-16,-2.274174230746544e-16,two_sided_Student_t_95_df_n_minus_1,estimated,raw_instance,original_only_minus_cold,positive_depth_only,6,cubic_spin_glass,2.854859206178974e-16,statevector_norm,unadjusted_exploratory,7,selective,all_designs_diagnostic,5.545825826905028e-16,original_e4,0
equal_layer_p1,,,two_sided_Student_t_95_df_n_minus_1,not_estimable,raw_instance,pair_minus_cold,positive_depth_only,0,cubic_spin_glass,-0.6465180431141011,original_objective_mean,unadjusted_exploratory,1,selective,all_designs_diagnostic,,original_e4,0
equal_layer_p1,,,two_sided_Student_t_95_df_n_minus_1,not_estimable,raw_instance,pair_minus_cold,positive_depth_only,0,cubic_spin_glass,0.38160854256697974,encoded_energy_mean,unadjusted_exploratory,1,selective,all_designs_diagnostic,,original_e4,0
equal_layer_p1,,,two_sided_Student_t_95_df_n_minus_1,not_estimable,raw_instance,pair_minus_cold,positive_depth_only,0,cubic_spin_glass,0.085714240040767,optimum_hit_rate,unadjusted_exploratory,1,selective,all_designs_diagnostic,,original_e4,0
equal_layer_p1,,,two_sided_Student_t_95_df_n_minus_1,not_estimable,raw_instance,pair_minus_cold,positive_depth_only,0,cubic_spin_glass,0.03112414638884564,auxiliary_inconsistency_rate,unadjusted_exploratory,1,selective,all_designs_diagnostic,,original_e4,0
equal_layer_p1,,,two_sided_Student_t_95_df_n_minus_1,not_estimable,raw_instance,pair_minus_cold,positive_depth_only,0,cubic_spin_glass,-5.551115123125783e-16,statevector_norm,unadjusted_exploratory,1,selective,all_designs_diagnostic,,original_e4,0
equal_layer_p1,,,two_sided_Student_t_95_df_n_minus_1,not_estimable,raw_instance,pair_minus_independence,positive_depth_only,0,cubic_spin_glass,0.03474937206804496,original_objective_mean,unadjusted_exploratory,1,selective,all_designs_diagnostic,,original_e4,0
equal_layer_p1,,,two_sided_Student_t_95_df_n_minus_1,not_estimable,raw_instance,pair_minus_independence,positive_depth_only,0,cubic_spin_glass,-0.5786792822489204,encoded_energy_mean,unadjusted_exploratory,1,selective,all_designs_diagnostic,,original_e4,0
equal_layer_p1,,,two_sided_Student_t_95_df_n_minus_1,not_estimable,raw_instance,pair_minus_independence,positive_depth_only,0,cubic_spin_glass,-0.011017692852504216,optimum_hit_rate,unadjusted_exploratory,1,selective,all_designs_diagnostic,,original_e4,0
equal_layer_p1,,,two_sided_Student_t_95_df_n_minus_1,not_estimable,raw_instance,pair_minus_independence,positive_depth_only,0,cubic_spin_glass,-0.015058356198806466,auxiliary_inconsistency_rate,unadjusted_exploratory,1,selective,all_designs_diagnostic,,original_e4,0
equal_layer_p1,,,two_sided_Student_t_95_df_n_minus_1,not_estimable,raw_instance,pair_minus_independence,positive_depth_only,0,cubic_spin_glass,0.0,statevector_norm,unadjusted_exploratory,1,selective,all_designs_diagnostic,,original_e4,0
equal_layer_p1,,,two_sided_Student_t_95_df_n_minus_1,not_estimable,raw_instance,pair_minus_original_only,positive_depth_only,0,cubic_spin_glass,0.06832235973137846,original_objective_mean,unadjusted_exploratory,1,selective,all_designs_diagnostic,,original_e4,0
equal_layer_p1,,,two_sided_Student_t_95_df_n_minus_1,not_estimable,raw_instance,pair_minus_original_only,positive_depth_only,0,cubic_spin_glass,-0.5621570387035497,encoded_energy_mean,unadjusted_exploratory,1,selective,all_designs_diagnostic,,original_e4,0
equal_layer_p1,,,two_sided_Student_t_95_df_n_minus_1,not_estimable,raw_instance,pair_minus_original_only,positive_depth_only,0,cubic_spin_glass,-0.01628351056078038,optimum_hit_rate,unadjusted_exploratory,1,selective,all_designs_diagnostic,,original_e4,0
equal_layer_p1,,,two_sided_Student_t_95_df_n_minus_1,not_estimable,raw_instance,pair_minus_original_only,positive_depth_only,0,cubic_spin_glass,-0.017359076935569484,auxiliary_inconsistency_rate,unadjusted_exploratory,1,selective,all_designs_diagnostic,,original_e4,0
equal_layer_p1,,,two_sided_Student_t_95_df_n_minus_1,not_estimable,raw_instance,pair_minus_original_only,positive_depth_only,0,cubic_spin_glass,-5.551115123125783e-16,statevector_norm,unadjusted_exploratory,1,selective,all_designs_diagnostic,,original_e4,0
equal_layer_p2,,,two_sided_Student_t_95_df_n_minus_1,not_estimable,raw_instance,independence_minus_cold,all_scheduled,0,cubic_spin_glass,0.16422320025243198,original_objective_mean,unadjusted_exploratory,1,selective,all_designs_diagnostic,,original_e4,0
equal_layer_p2,,,two_sided_Student_t_95_df_n_minus_1,not_estimable,raw_instance,independence_minus_cold,all_scheduled,0,cubic_spin_glass,-0.7265042758969287,encoded_energy_mean,unadjusted_exploratory,1,selective,all_designs_diagnostic,,original_e4,0
equal_layer_p2,,,two_sided_Student_t_95_df_n_minus_1,not_estimable,raw_instance,independence_minus_cold,all_scheduled,0,cubic_spin_glass,0.019177891809100137,optimum_hit_rate,unadjusted_exploratory,1,selective,all_designs_diagnostic,,original_e4,0
equal_layer_p2,,,two_sided_Student_t_95_df_n_minus_1,not_estimable,raw_instance,independence_minus_cold,all_scheduled,0,cubic_spin_glass,-0.03506132210938928,auxiliary_inconsistency_rate,unadjusted_exploratory,1,selective,all_designs_diagnostic,,original_e4,0
equal_layer_p2,,,two_sided_Student_t_95_df_n_minus_1,not_estimable,raw_instance,independence_minus_cold,all_scheduled,0,cubic_spin_glass,-2.220446049250313e-16,statevector_norm,unadjusted_exploratory,1,selective,all_designs_diagnostic,,original_e4,0
equal_layer_p2,0.46709373336496407,-0.25495355623640625,two_sided_Student_t_95_df_n_minus_1,estimated,raw_instance,original_only_minus_cold,all_scheduled,6,cubic_spin_glass,0.10607008856427892,original_objective_mean,unadjusted_exploratory,7,selective,all_designs_diagnostic,0.39036092824912144,original_e4,0
equal_layer_p2,0.717882339918349,-0.3374513208765678,two_sided_Student_t_95_df_n_minus_1,estimated,raw_instance,original_only_minus_cold,all_scheduled,6,cubic_spin_glass,0.1902155095208906,encoded_energy_mean,unadjusted_exploratory,7,selective,all_designs_diagnostic,0.5705457708564818,original_e4,0
equal_layer_p2,0.011407793272187675,-0.027653712161735837,two_sided_Student_t_95_df_n_minus_1,estimated,raw_instance,original_only_minus_cold,all_scheduled,6,cubic_spin_glass,-0.008122959444774081,optimum_hit_rate,unadjusted_exploratory,7,selective,all_designs_diagnostic,0.0211178488439624,original_e4,0
equal_layer_p2,0.002684275493077214,-0.00639462659836822,two_sided_Student_t_95_df_n_minus_1,estimated,raw_instance,original_only_minus_cold,all_scheduled,6,cubic_spin_glass,-0.0018551755526455033,auxiliary_inconsistency_rate,unadjusted_exploratory,7,selective,all_designs_diagnostic,0.004908333150666817,original_e4,0
equal_layer_p2,5.968512320110563e-16,-1.8448268000742673e-16,two_sided_Student_t_95_df_n_minus_1,estimated,raw_instance,original_only_minus_cold,all_scheduled,6,cubic_spin_glass,2.061842760018148e-16,statevector_norm,unadjusted_exploratory,7,selective,all_designs_diagnostic,4.2241309615113825e-16,original_e4,0
equal_layer_p2,,,two_sided_Student_t_95_df_n_minus_1,not_estimable,raw_instance,pair_minus_cold,all_scheduled,0,cubic_spin_glass,-0.10413937709310872,original_objective_mean,unadjusted_exploratory,1,selective,all_designs_diagnostic,,original_e4,0
equal_layer_p2,,,two_sided_Student_t_95_df_n_minus_1,not_estimable,raw_instance,pair_minus_cold,all_scheduled,0,cubic_spin_glass,3.667331309711866,encoded_energy_mean,unadjusted_exploratory,1,selective,all_designs_diagnostic,,original_e4,0
equal_layer_p2,,,two_sided_Student_t_95_df_n_minus_1,not_estimable,raw_instance,pair_minus_cold,all_scheduled,0,cubic_spin_glass,0.015727136634593852,optimum_hit_rate,unadjusted_exploratory,1,selective,all_designs_diagnostic,,original_e4,0
equal_layer_p2,,,two_sided_Student_t_95_df_n_minus_1,not_estimable,raw_instance,pair_minus_cold,all_scheduled,0,cubic_spin_glass,-0.022335270929765505,auxiliary_inconsistency_rate,unadjusted_exploratory,1,selective,all_designs_diagnostic,,original_e4,0
equal_layer_p2,,,two_sided_Student_t_95_df_n_minus_1,not_estimable,raw_instance,pair_minus_cold,all_scheduled,0,cubic_spin_glass,-2.220446049250313e-16,statevector_norm,unadjusted_exploratory,1,selective,all_designs_diagnostic,,original_e4,0
equal_layer_p2,,,two_sided_Student_t_95_df_n_minus_1,not_estimable,raw_instance,pair_minus_independence,all_scheduled,0,cubic_spin_glass,-0.2683625773455407,original_objective_mean,unadjusted_exploratory,1,selective,all_designs_diagnostic,,original_e4,0
equal_layer_p2,,,two_sided_Student_t_95_df_n_minus_1,not_estimable,raw_instance,pair_minus_independence,all_scheduled,0,cubic_spin_glass,4.3938355856087945,encoded_energy_mean,unadjusted_exploratory,1,selective,all_designs_diagnostic,,original_e4,0
equal_layer_p2,,,two_sided_Student_t_95_df_n_minus_1,not_estimable,raw_instance,pair_minus_independence,all_scheduled,0,cubic_spin_glass,-0.0034507551745062842,optimum_hit_rate,unadjusted_exploratory,1,selective,all_designs_diagnostic,,original_e4,0
equal_layer_p2,,,two_sided_Student_t_95_df_n_minus_1,not_estimable,raw_instance,pair_minus_independence,all_scheduled,0,cubic_spin_glass,0.012726051179623776,auxiliary_inconsistency_rate,unadjusted_exploratory,1,selective,all_designs_diagnostic,,original_e4,0
equal_layer_p2,,,two_sided_Student_t_95_df_n_minus_1,not_estimable,raw_instance,pair_minus_independence,all_scheduled,0,cubic_spin_glass,0.0,statevector_norm,unadjusted_exploratory,1,selective,all_designs_diagnostic,,original_e4,0
equal_layer_p2,,,two_sided_Student_t_95_df_n_minus_1,not_estimable,raw_instance,pair_minus_original_only,all_scheduled,0,cubic_spin_glass,-0.839618093812471,original_objective_mean,unadjusted_exploratory,1,selective,all_designs_diagnostic,,original_e4,0
equal_layer_p2,,,two_sided_Student_t_95_df_n_minus_1,not_estimable,raw_instance,pair_minus_original_only,all_scheduled,0,cubic_spin_glass,2.3428346462962217,encoded_energy_mean,unadjusted_exploratory,1,selective,all_designs_diagnostic,,original_e4,0
equal_layer_p2,,,two_sided_Student_t_95_df_n_minus_1,not_estimable,raw_instance,pair_minus_original_only,all_scheduled,0,cubic_spin_glass,0.04381236743692122,optimum_hit_rate,unadjusted_exploratory,1,selective,all_designs_diagnostic,,original_e4,0
equal_layer_p2,,,two_sided_Student_t_95_df_n_minus_1,not_estimable,raw_instance,pair_minus_original_only,all_scheduled,0,cubic_spin_glass,-0.009349042061246982,auxiliary_inconsistency_rate,unadjusted_exploratory,1,selective,all_designs_diagnostic,,original_e4,0
equal_layer_p2,,,two_sided_Student_t_95_df_n_minus_1,not_estimable,raw_instance,pair_minus_original_only,all_scheduled,0,cubic_spin_glass,3.3306690738754696e-16,statevector_norm,unadjusted_exploratory,1,selective,all_designs_diagnostic,,original_e4,0
equal_layer_p2,,,two_sided_Student_t_95_df_n_minus_1,not_estimable,raw_instance,independence_minus_cold,positive_depth_only,0,cubic_spin_glass,0.16422320025243198,original_objective_mean,unadjusted_exploratory,1,selective,all_designs_diagnostic,,original_e4,0
equal_layer_p2,,,two_sided_Student_t_95_df_n_minus_1,not_estimable,raw_instance,independence_minus_cold,positive_depth_only,0,cubic_spin_glass,-0.7265042758969287,encoded_energy_mean,unadjusted_exploratory,1,selective,all_designs_diagnostic,,original_e4,0
equal_layer_p2,,,two_sided_Student_t_95_df_n_minus_1,not_estimable,raw_instance,independence_minus_cold,positive_depth_only,0,cubic_spin_glass,0.019177891809100137,optimum_hit_rate,unadjusted_exploratory,1,selective,all_designs_diagnostic,,original_e4,0
equal_layer_p2,,,two_sided_Student_t_95_df_n_minus_1,not_estimable,raw_instance,independence_minus_cold,positive_depth_only,0,cubic_spin_glass,-0.03506132210938928,auxiliary_inconsistency_rate,unadjusted_exploratory,1,selective,all_designs_diagnostic,,original_e4,0
equal_layer_p2,,,two_sided_Student_t_95_df_n_minus_1,not_estimable,raw_instance,independence_minus_cold,positive_depth_only,0,cubic_spin_glass,-2.220446049250313e-16,statevector_norm,unadjusted_exploratory,1,selective,all_designs_diagnostic,,original_e4,0
equal_layer_p2,0.46709373336496407,-0.25495355623640625,two_sided_Student_t_95_df_n_minus_1,estimated,raw_instance,original_only_minus_cold,positive_depth_only,6,cubic_spin_glass,0.10607008856427892,original_objective_mean,unadjusted_exploratory,7,selective,all_designs_diagnostic,0.39036092824912144,original_e4,0
equal_layer_p2,0.717882339918349,-0.3374513208765678,two_sided_Student_t_95_df_n_minus_1,estimated,raw_instance,original_only_minus_cold,positive_depth_only,6,cubic_spin_glass,0.1902155095208906,encoded_energy_mean,unadjusted_exploratory,7,selective,all_designs_diagnostic,0.5705457708564818,original_e4,0
equal_layer_p2,0.011407793272187675,-0.027653712161735837,two_sided_Student_t_95_df_n_minus_1,estimated,raw_instance,original_only_minus_cold,positive_depth_only,6,cubic_spin_glass,-0.008122959444774081,optimum_hit_rate,unadjusted_exploratory,7,selective,all_designs_diagnostic,0.0211178488439624,original_e4,0
equal_layer_p2,0.002684275493077214,-0.00639462659836822,two_sided_Student_t_95_df_n_minus_1,estimated,raw_instance,original_only_minus_cold,positive_depth_only,6,cubic_spin_glass,-0.0018551755526455033,auxiliary_inconsistency_rate,unadjusted_exploratory,7,selective,all_designs_diagnostic,0.004908333150666817,original_e4,0
equal_layer_p2,5.968512320110563e-16,-1.8448268000742673e-16,two_sided_Student_t_95_df_n_minus_1,estimated,raw_instance,original_only_minus_cold,positive_depth_only,6,cubic_spin_glass,2.061842760018148e-16,statevector_norm,unadjusted_exploratory,7,selective,all_designs_diagnostic,4.2241309615113825e-16,original_e4,0
equal_layer_p2,,,two_sided_Student_t_95_df_n_minus_1,not_estimable,raw_instance,pair_minus_cold,positive_depth_only,0,cubic_spin_glass,-0.10413937709310872,original_objective_mean,unadjusted_exploratory,1,selective,all_designs_diagnostic,,original_e4,0
equal_layer_p2,,,two_sided_Student_t_95_df_n_minus_1,not_estimable,raw_instance,pair_minus_cold,positive_depth_only,0,cubic_spin_glass,3.667331309711866,encoded_energy_mean,unadjusted_exploratory,1,selective,all_designs_diagnostic,,original_e4,0
equal_layer_p2,,,two_sided_Student_t_95_df_n_minus_1,not_estimable,raw_instance,pair_minus_cold,positive_depth_only,0,cubic_spin_glass,0.015727136634593852,optimum_hit_rate,unadjusted_exploratory,1,selective,all_designs_diagnostic,,original_e4,0
equal_layer_p2,,,two_sided_Student_t_95_df_n_minus_1,not_estimable,raw_instance,pair_minus_cold,positive_depth_only,0,cubic_spin_glass,-0.022335270929765505,auxiliary_inconsistency_rate,unadjusted_exploratory,1,selective,all_designs_diagnostic,,original_e4,0
equal_layer_p2,,,two_sided_Student_t_95_df_n_minus_1,not_estimable,raw_instance,pair_minus_cold,positive_depth_only,0,cubic_spin_glass,-2.220446049250313e-16,statevector_norm,unadjusted_exploratory,1,selective,all_designs_diagnostic,,original_e4,0
equal_layer_p2,,,two_sided_Student_t_95_df_n_minus_1,not_estimable,raw_instance,pair_minus_independence,positive_depth_only,0,cubic_spin_glass,-0.2683625773455407,original_objective_mean,unadjusted_exploratory,1,selective,all_designs_diagnostic,,original_e4,0
equal_layer_p2,,,two_sided_Student_t_95_df_n_minus_1,not_estimable,raw_instance,pair_minus_independence,positive_depth_only,0,cubic_spin_glass,4.3938355856087945,encoded_energy_mean,unadjusted_exploratory,1,selective,all_designs_diagnostic,,original_e4,0
equal_layer_p2,,,two_sided_Student_t_95_df_n_minus_1,not_estimable,raw_instance,pair_minus_independence,positive_depth_only,0,cubic_spin_glass,-0.0034507551745062842,optimum_hit_rate,unadjusted_exploratory,1,selective,all_designs_diagnostic,,original_e4,0
equal_layer_p2,,,two_sided_Student_t_95_df_n_minus_1,not_estimable,raw_instance,pair_minus_independence,positive_depth_only,0,cubic_spin_glass,0.012726051179623776,auxiliary_inconsistency_rate,unadjusted_exploratory,1,selective,all_designs_diagnostic,,original_e4,0
equal_layer_p2,,,two_sided_Student_t_95_df_n_minus_1,not_estimable,raw_instance,pair_minus_independence,positive_depth_only,0,cubic_spin_glass,0.0,statevector_norm,unadjusted_exploratory,1,selective,all_designs_diagnostic,,original_e4,0
equal_layer_p2,,,two_sided_Student_t_95_df_n_minus_1,not_estimable,raw_instance,pair_minus_original_only,positive_depth_only,0,cubic_spin_glass,-0.839618093812471,original_objective_mean,unadjusted_exploratory,1,selective,all_designs_diagnostic,,original_e4,0
equal_layer_p2,,,two_sided_Student_t_95_df_n_minus_1,not_estimable,raw_instance,pair_minus_original_only,positive_depth_only,0,cubic_spin_glass,2.3428346462962217,encoded_energy_mean,unadjusted_exploratory,1,selective,all_designs_diagnostic,,original_e4,0
equal_layer_p2,,,two_sided_Student_t_95_df_n_minus_1,not_estimable,raw_instance,pair_minus_original_only,positive_depth_only,0,cubic_spin_glass,0.04381236743692122,optimum_hit_rate,unadjusted_exploratory,1,selective,all_designs_diagnostic,,original_e4,0
equal_layer_p2,,,two_sided_Student_t_95_df_n_minus_1,not_estimable,raw_instance,pair_minus_original_only,positive_depth_only,0,cubic_spin_glass,-0.009349042061246982,auxiliary_inconsistency_rate,unadjusted_exploratory,1,selective,all_designs_diagnostic,,original_e4,0
equal_layer_p2,,,two_sided_Student_t_95_df_n_minus_1,not_estimable,raw_instance,pair_minus_original_only,positive_depth_only,0,cubic_spin_glass,3.3306690738754696e-16,statevector_norm,unadjusted_exploratory,1,selective,all_designs_diagnostic,,original_e4,0
equal_2q_budget_128,0.6281565602504148,-1.9514369835308374,two_sided_Student_t_95_df_n_minus_1,estimated,raw_instance,original_only_minus_cold,all_scheduled,6,max3sat,-0.6616402116402113,original_objective_mean,unadjusted_exploratory,7,all_native,all_designs_diagnostic,1.394607451281788,original_e4,4
equal_2q_budget_128,0.6281565602504148,-1.9514369835308374,two_sided_Student_t_95_df_n_minus_1,estimated,raw_instance,original_only_minus_cold,all_scheduled,6,max3sat,-0.6616402116402113,encoded_energy_mean,unadjusted_exploratory,7,all_native,all_designs_diagnostic,1.394607451281788,original_e4,4
equal_2q_budget_128,0.049517223106860846,-0.020619975164474037,two_sided_Student_t_95_df_n_minus_1,estimated,raw_instance,original_only_minus_cold,all_scheduled,6,max3sat,0.014448623971193406,optimum_hit_rate,unadjusted_exploratory,7,all_native,all_designs_diagnostic,0.03791832227097802,original_e4,4
equal_2q_budget_128,0.0,0.0,two_sided_Student_t_95_df_n_minus_1,estimated,raw_instance,original_only_minus_cold,all_scheduled,6,max3sat,0.0,auxiliary_inconsistency_rate,unadjusted_exploratory,7,all_native,all_designs_diagnostic,0.0,original_e4,4
equal_2q_budget_128,9.179399152823785e-17,-2.1867662291397002e-16,two_sided_Student_t_95_df_n_minus_1,estimated,raw_instance,original_only_minus_cold,all_scheduled,6,max3sat,-6.344131569286608e-17,statevector_norm,unadjusted_exploratory,7,all_native,all_designs_diagnostic,1.6784994417006305e-16,original_e4,4
equal_2q_budget_128,0.0,0.0,two_sided_Student_t_95_df_n_minus_1,estimated,raw_instance,original_only_minus_cold,positive_depth_only,2,max3sat,0.0,original_objective_mean,unadjusted_exploratory,3,all_native,all_designs_diagnostic,0.0,original_e4,0
equal_2q_budget_128,0.0,0.0,two_sided_Student_t_95_df_n_minus_1,estimated,raw_instance,original_only_minus_cold,positive_depth_only,2,max3sat,0.0,encoded_energy_mean,unadjusted_exploratory,3,all_native,all_designs_diagnostic,0.0,original_e4,0
equal_2q_budget_128,0.0,0.0,two_sided_Student_t_95_df_n_minus_1,estimated,raw_instance,original_only_minus_cold,positive_depth_only,2,max3sat,0.0,optimum_hit_rate,unadjusted_exploratory,3,all_native,all_designs_diagnostic,0.0,original_e4,0
equal_2q_budget_128,0.0,0.0,two_sided_Student_t_95_df_n_minus_1,estimated,raw_instance,original_only_minus_cold,positive_depth_only,2,max3sat,0.0,auxiliary_inconsistency_rate,unadjusted_exploratory,3,all_native,all_designs_diagnostic,0.0,original_e4,0
equal_2q_budget_128,0.0,0.0,two_sided_Student_t_95_df_n_minus_1,estimated,raw_instance,original_only_minus_cold,positive_depth_only,2,max3sat,0.0,statevector_norm,unadjusted_exploratory,3,all_native,all_designs_diagnostic,0.0,original_e4,0
equal_2q_budget_128,1.6544860278316518,-3.970226768572391,two_sided_Student_t_95_df_n_minus_1,estimated,raw_instance,original_only_minus_cold,zero_depth_only,3,max3sat,-1.1578703703703697,original_objective_mean,unadjusted_exploratory,4,all_native,all_designs_diagnostic,1.7674179724778145,original_e4,4
equal_2q_budget_128,1.6544860278316518,-3.970226768572391,two_sided_Student_t_95_df_n_minus_1,estimated,raw_instance,original_only_minus_cold,zero_depth_only,3,max3sat,-1.1578703703703697,encoded_energy_mean,unadjusted_exploratory,4,all_native,all_designs_diagnostic,1.7674179724778145,original_e4,4
equal_2q_budget_128,0.10500939816209871,-0.054439214262921795,two_sided_Student_t_95_df_n_minus_1,estimated,raw_instance,original_only_minus_cold,zero_depth_only,3,max3sat,0.02528509194958846,optimum_hit_rate,unadjusted_exploratory,4,all_native,all_designs_diagnostic,0.05010253029573299,original_e4,4
equal_2q_budget_128,0.0,0.0,two_sided_Student_t_95_df_n_minus_1,estimated,raw_instance,original_only_minus_cold,zero_depth_only,3,max3sat,0.0,auxiliary_inconsistency_rate,unadjusted_exploratory,4,all_native,all_designs_diagnostic,0.0,original_e4,4
equal_2q_budget_128,2.423002138134076e-16,-4.643448187384389e-16,two_sided_Student_t_95_df_n_minus_1,estimated,raw_instance,original_only_minus_cold,zero_depth_only,3,max3sat,-1.1102230246251565e-16,statevector_norm,unadjusted_exploratory,4,all_native,all_designs_diagnostic,2.220446049250313e-16,original_e4,4
equal_2q_budget_256,1.7411813993540495,-2.815532227022011,two_sided_Student_t_95_df_n_minus_1,estimated,raw_instance,original_only_minus_cold,all_scheduled,6,max3sat,-0.5371754138339809,original_objective_mean,unadjusted_exploratory,7,all_native,all_designs_diagnostic,2.463499256315474,original_e4,0
equal_2q_budget_256,1.7411813993540495,-2.815532227022011,two_sided_Student_t_95_df_n_minus_1,estimated,raw_instance,original_only_minus_cold,all_scheduled,6,max3sat,-0.5371754138339809,encoded_energy_mean,unadjusted_exploratory,7,all_native,all_designs_diagnostic,2.463499256315474,original_e4,0
equal_2q_budget_256,0.12336515336777773,-0.08049150445700817,two_sided_Student_t_95_df_n_minus_1,estimated,raw_instance,original_only_minus_cold,all_scheduled,6,max3sat,0.02143682445538477,optimum_hit_rate,unadjusted_exploratory,7,all_native,all_designs_diagnostic,0.11021116667051044,original_e4,0
equal_2q_budget_256,0.0,0.0,two_sided_Student_t_95_df_n_minus_1,estimated,raw_instance,original_only_minus_cold,all_scheduled,6,max3sat,0.0,auxiliary_inconsistency_rate,unadjusted_exploratory,7,all_native,all_designs_diagnostic,0.0,original_e4,0
equal_2q_budget_256,3.9482284886858335e-16,-1.41057586097119e-16,two_sided_Student_t_95_df_n_minus_1,estimated,raw_instance,original_only_minus_cold,all_scheduled,6,max3sat,1.2688263138573217e-16,statevector_norm,unadjusted_exploratory,7,all_native,all_designs_diagnostic,2.8971341217725906e-16,original_e4,0
equal_2q_budget_256,1.7411813993540495,-2.815532227022011,two_sided_Student_t_95_df_n_minus_1,estimated,raw_instance,original_only_minus_cold,positive_depth_only,6,max3sat,-0.5371754138339809,original_objective_mean,unadjusted_exploratory,7,all_native,all_designs_diagnostic,2.463499256315474,original_e4,0
equal_2q_budget_256,1.7411813993540495,-2.815532227022011,two_sided_Student_t_95_df_n_minus_1,estimated,raw_instance,original_only_minus_cold,positive_depth_only,6,max3sat,-0.5371754138339809,encoded_energy_mean,unadjusted_exploratory,7,all_native,all_designs_diagnostic,2.463499256315474,original_e4,0
equal_2q_budget_256,0.12336515336777773,-0.08049150445700817,two_sided_Student_t_95_df_n_minus_1,estimated,raw_instance,original_only_minus_cold,positive_depth_only,6,max3sat,0.02143682445538477,optimum_hit_rate,unadjusted_exploratory,7,all_native,all_designs_diagnostic,0.11021116667051044,original_e4,0
equal_2q_budget_256,0.0,0.0,two_sided_Student_t_95_df_n_minus_1,estimated,raw_instance,original_only_minus_cold,positive_depth_only,6,max3sat,0.0,auxiliary_inconsistency_rate,unadjusted_exploratory,7,all_native,all_designs_diagnostic,0.0,original_e4,0
equal_2q_budget_256,3.9482284886858335e-16,-1.41057586097119e-16,two_sided_Student_t_95_df_n_minus_1,estimated,raw_instance,original_only_minus_cold,positive_depth_only,6,max3sat,1.2688263138573217e-16,statevector_norm,unadjusted_exploratory,7,all_native,all_designs_diagnostic,2.8971341217725906e-16,original_e4,0
equal_layer_p1,0.5504021022282022,-1.3796002288759301,two_sided_Student_t_95_df_n_minus_1,estimated,raw_instance,original_only_minus_cold,all_scheduled,6,max3sat,-0.41459906332386404,original_objective_mean,unadjusted_exploratory,7,all_native,all_designs_diagnostic,1.0434185022821911,original_e4,0
equal_layer_p1,0.5504021022282022,-1.3796002288759301,two_sided_Student_t_95_df_n_minus_1,estimated,raw_instance,original_only_minus_cold,all_scheduled,6,max3sat,-0.41459906332386404,encoded_energy_mean,unadjusted_exploratory,7,all_native,all_designs_diagnostic,1.0434185022821911,original_e4,0
equal_layer_p1,0.08424586495927483,-0.03748297750418572,two_sided_Student_t_95_df_n_minus_1,estimated,raw_instance,original_only_minus_cold,all_scheduled,6,max3sat,0.023381443727544554,optimum_hit_rate,unadjusted_exploratory,7,all_native,all_designs_diagnostic,0.0658103487445559,original_e4,0
equal_layer_p1,0.0,0.0,two_sided_Student_t_95_df_n_minus_1,estimated,raw_instance,original_only_minus_cold,all_scheduled,6,max3sat,0.0,auxiliary_inconsistency_rate,unadjusted_exploratory,7,all_native,all_designs_diagnostic,0.0,original_e4,0
equal_layer_p1,6.682208400509273e-17,-2.8886668893012406e-16,two_sided_Student_t_95_df_n_minus_1,estimated,raw_instance,original_only_minus_cold,all_scheduled,6,max3sat,-1.1102230246251565e-16,statevector_norm,unadjusted_exploratory,7,all_native,all_designs_diagnostic,1.9229626863835638e-16,original_e4,0
equal_layer_p1,0.5504021022282022,-1.3796002288759301,two_sided_Student_t_95_df_n_minus_1,estimated,raw_instance,original_only_minus_cold,positive_depth_only,6,max3sat,-0.41459906332386404,original_objective_mean,unadjusted_exploratory,7,all_native,all_designs_diagnostic,1.0434185022821911,original_e4,0
equal_layer_p1,0.5504021022282022,-1.3796002288759301,two_sided_Student_t_95_df_n_minus_1,estimated,raw_instance,original_only_minus_cold,positive_depth_only,6,max3sat,-0.41459906332386404,encoded_energy_mean,unadjusted_exploratory,7,all_native,all_designs_diagnostic,1.0434185022821911,original_e4,0
equal_layer_p1,0.08424586495927483,-0.03748297750418572,two_sided_Student_t_95_df_n_minus_1,estimated,raw_instance,original_only_minus_cold,positive_depth_only,6,max3sat,0.023381443727544554,optimum_hit_rate,unadjusted_exploratory,7,all_native,all_designs_diagnostic,0.0658103487445559,original_e4,0
equal_layer_p1,0.0,0.0,two_sided_Student_t_95_df_n_minus_1,estimated,raw_instance,original_only_minus_cold,positive_depth_only,6,max3sat,0.0,auxiliary_inconsistency_rate,unadjusted_exploratory,7,all_native,all_designs_diagnostic,0.0,original_e4,0
equal_layer_p1,6.682208400509273e-17,-2.8886668893012406e-16,two_sided_Student_t_95_df_n_minus_1,estimated,raw_instance,original_only_minus_cold,positive_depth_only,6,max3sat,-1.1102230246251565e-16,statevector_norm,unadjusted_exploratory,7,all_native,all_designs_diagnostic,1.9229626863835638e-16,original_e4,0
equal_layer_p2,0.16558189016446134,-0.7249459575514926,two_sided_Student_t_95_df_n_minus_1,estimated,raw_instance,original_only_minus_cold,all_scheduled,6,max3sat,-0.27968203369351563,original_objective_mean,unadjusted_exploratory,7,all_native,all_designs_diagnostic,0.4814466895347131,original_e4,0
equal_layer_p2,0.16558189016446134,-0.7249459575514926,two_sided_Student_t_95_df_n_minus_1,estimated,raw_instance,original_only_minus_cold,all_scheduled,6,max3sat,-0.27968203369351563,encoded_energy_mean,unadjusted_exploratory,7,all_native,all_designs_diagnostic,0.4814466895347131,original_e4,0
equal_layer_p2,0.0029542688347736325,-0.0007750410841226567,two_sided_Student_t_95_df_n_minus_1,estimated,raw_instance,original_only_minus_cold,all_scheduled,6,max3sat,0.0010896138753254878,optimum_hit_rate,unadjusted_exploratory,7,all_native,all_designs_diagnostic,0.0020161794146096998,original_e4,0
equal_layer_p2,0.0,0.0,two_sided_Student_t_95_df_n_minus_1,estimated,raw_instance,original_only_minus_cold,all_scheduled,6,max3sat,0.0,auxiliary_inconsistency_rate,unadjusted_exploratory,7,all_native,all_designs_diagnostic,0.0,original_e4,0
equal_layer_p2,1.3769098729235677e-16,-3.2801493437095504e-16,two_sided_Student_t_95_df_n_minus_1,estimated,raw_instance,original_only_minus_cold,all_scheduled,6,max3sat,-9.516197353929913e-17,statevector_norm,unadjusted_exploratory,7,all_native,all_designs_diagnostic,2.5177491625509456e-16,original_e4,0
equal_layer_p2,0.16558189016446134,-0.7249459575514926,two_sided_Student_t_95_df_n_minus_1,estimated,raw_instance,original_only_minus_cold,positive_depth_only,6,max3sat,-0.27968203369351563,original_objective_mean,unadjusted_exploratory,7,all_native,all_designs_diagnostic,0.4814466895347131,original_e4,0
equal_layer_p2,0.16558189016446134,-0.7249459575514926,two_sided_Student_t_95_df_n_minus_1,estimated,raw_instance,original_only_minus_cold,positive_depth_only,6,max3sat,-0.27968203369351563,encoded_energy_mean,unadjusted_exploratory,7,all_native,all_designs_diagnostic,0.4814466895347131,original_e4,0
equal_layer_p2,0.0029542688347736325,-0.0007750410841226567,two_sided_Student_t_95_df_n_minus_1,estimated,raw_instance,original_only_minus_cold,positive_depth_only,6,max3sat,0.0010896138753254878,optimum_hit_rate,unadjusted_exploratory,7,all_native,all_designs_diagnostic,0.0020161794146096998,original_e4,0
equal_layer_p2,0.0,0.0,two_sided_Student_t_95_df_n_minus_1,estimated,raw_instance,original_only_minus_cold,positive_depth_only,6,max3sat,0.0,auxiliary_inconsistency_rate,unadjusted_exploratory,7,all_native,all_designs_diagnostic,0.0,original_e4,0
equal_layer_p2,1.3769098729235677e-16,-3.2801493437095504e-16,two_sided_Student_t_95_df_n_minus_1,estimated,raw_instance,original_only_minus_cold,positive_depth_only,6,max3sat,-9.516197353929913e-17,statevector_norm,unadjusted_exploratory,7,all_native,all_designs_diagnostic,2.5177491625509456e-16,original_e4,0
equal_2q_budget_128,0.6161271788811465,-2.0295257251613643,two_sided_Student_t_95_df_n_minus_1,estimated,raw_instance,independence_minus_cold,all_scheduled,6,max3sat,-0.7066992731401088,original_objective_mean,unadjusted_exploratory,7,fully_quadratized,all_designs_diagnostic,1.4303211691538746,original_e4,2
equal_2q_budget_128,-0.22389629686800205,-12.550958234164419,two_sided_Student_t_95_df_n_minus_1,estimated,raw_instance,independence_minus_cold,all_scheduled,6,max3sat,-6.3874272655162105,encoded_energy_mean,unadjusted_exploratory,7,fully_quadratized,all_designs_diagnostic,6.664388066720762,original_e4,2
equal_2q_budget_128,0.05774861044510013,-0.00989358092940187,two_sided_Student_t_95_df_n_minus_1,estimated,raw_instance,independence_minus_cold,all_scheduled,6,max3sat,0.02392751475784913,optimum_hit_rate,unadjusted_exploratory,7,fully_quadratized,all_designs_diagnostic,0.03656944495745283,original_e4,2
equal_2q_budget_128,-0.029939806047037543,-0.07566372471415643,two_sided_Student_t_95_df_n_minus_1,estimated,raw_instance,independence_minus_cold,all_scheduled,6,max3sat,-0.052801765380596985,auxiliary_inconsistency_rate,unadjusted_exploratory,7,fully_quadratized,all_designs_diagnostic,0.024719753942900175,original_e4,2
equal_2q_budget_128,2.6883465452443355e-16,-7.763651800673622e-16,two_sided_Student_t_95_df_n_minus_1,estimated,raw_instance,independence_minus_cold,all_scheduled,6,max3sat,-2.5376526277146434e-16,statevector_norm,unadjusted_exploratory,7,fully_quadratized,all_designs_diagnostic,5.650671133497836e-16,original_e4,2
equal_2q_budget_128,0.7287144476157138,-1.8586063962363717,two_sided_Student_t_95_df_n_minus_1,estimated,raw_instance,original_only_minus_cold,all_scheduled,6,max3sat,-0.564945974310329,original_objective_mean,unadjusted_exploratory,7,fully_quadratized,all_designs_diagnostic,1.398785066892222,original_e4,2
equal_2q_budget_128,1.5835988826641259,-2.3814807197014463,two_sided_Student_t_95_df_n_minus_1,estimated,raw_instance,original_only_minus_cold,all_scheduled,6,max3sat,-0.39894091851866015,encoded_energy_mean,unadjusted_exploratory,7,fully_quadratized,all_designs_diagnostic,2.1436437425249557,original_e4,2
equal_2q_budget_128,0.04859785813518608,-0.02388194220563106,two_sided_Student_t_95_df_n_minus_1,estimated,raw_instance,original_only_minus_cold,all_scheduled,6,max3sat,0.012357957964777507,optimum_hit_rate,unadjusted_exploratory,7,fully_quadratized,all_designs_diagnostic,0.03918480485671872,original_e4,2
equal_2q_budget_128,0.006375656211749714,-0.0026763122847314595,two_sided_Student_t_95_df_n_minus_1,estimated,raw_instance,original_only_minus_cold,all_scheduled,6,max3sat,0.0018496719635091269,auxiliary_inconsistency_rate,unadjusted_exploratory,7,fully_quadratized,all_designs_diagnostic,0.004893772022493149,original_e4,2
equal_2q_budget_128,4.640166537961307e-16,-1.1508941748536727e-16,two_sided_Student_t_95_df_n_minus_1,estimated,raw_instance,original_only_minus_cold,all_scheduled,6,max3sat,1.7446361815538174e-16,statevector_norm,unadjusted_exploratory,7,fully_quadratized,all_designs_diagnostic,3.130825179953953e-16,original_e4,2
equal_2q_budget_128,0.4687250672019928,-2.036441312498188,two_sided_Student_t_95_df_n_minus_1,estimated,raw_instance,pair_minus_cold,all_scheduled,6,max3sat,-0.7838581226480977,original_objective_mean,unadjusted_exploratory,7,fully_quadratized,all_designs_diagnostic,1.3543698418120864,original_e4,2
equal_2q_budget_128,-0.8775745672627391,-9.711047844359733,two_sided_Student_t_95_df_n_minus_1,estimated,raw_instance,pair_minus_cold,all_scheduled,6,max3sat,-5.294311205811236,encoded_energy_mean,unadjusted_exploratory,7,fully_quadratized,all_designs_diagnostic,4.775646800107935,original_e4,2
equal_2q_budget_128,0.08220466118394068,-0.021618567451912197,two_sided_Student_t_95_df_n_minus_1,estimated,raw_instance,pair_minus_cold,all_scheduled,6,max3sat,0.03029304686601424,optimum_hit_rate,unadjusted_exploratory,7,fully_quadratized,all_designs_diagnostic,0.0561300242903583,original_e4,2
equal_2q_budget_128,0.014079234046466063,-0.14240093219528643,two_sided_Student_t_95_df_n_minus_1,estimated,raw_instance,pair_minus_cold,all_scheduled,6,max3sat,-0.06416084907441019,auxiliary_inconsistency_rate,unadjusted_exploratory,7,fully_quadratized,all_designs_diagnostic,0.08459798108297119,original_e4,2
equal_2q_budget_128,2.4957275428049903e-16,-4.716173592055303e-16,two_sided_Student_t_95_df_n_minus_1,estimated,raw_instance,pair_minus_cold,all_scheduled,6,max3sat,-1.1102230246251565e-16,statevector_norm,unadjusted_exploratory,7,fully_quadratized,all_designs_diagnostic,3.898975125298516e-16,original_e4,2
equal_2q_budget_128,0.298596058889031,-0.45291375790500904,two_sided_Student_t_95_df_n_minus_1,estimated,raw_instance,pair_minus_independence,all_scheduled,6,max3sat,-0.077158849507989,original_objective_mean,unadjusted_exploratory,7,fully_quadratized,all_designs_diagnostic,0.4062892748119138,original_e4,2
equal_2q_budget_128,5.677643001816864,-3.4914108824069165,two_sided_Student_t_95_df_n_minus_1,estimated,raw_instance,pair_minus_independence,all_scheduled,6,max3sat,1.0931160597049734,encoded_energy_mean,unadjusted_exploratory,7,fully_quadratized,all_designs_diagnostic,4.957071977083167,original_e4,2
equal_2q_budget_128,0.0438398937886037,-0.031108829572273487,two_sided_Student_t_95_df_n_minus_1,estimated,raw_instance,pair_minus_independence,all_scheduled,6,max3sat,0.006365532108165106,optimum_hit_rate,unadjusted_exploratory,7,fully_quadratized,all_designs_diagnostic,0.04051958042580693,original_e4,2
equal_2q_budget_128,0.06220096752004543,-0.08491913490767185,two_sided_Student_t_95_df_n_minus_1,estimated,raw_instance,pair_minus_independence,all_scheduled,6,max3sat,-0.011359083693813206,auxiliary_inconsistency_rate,unadjusted_exploratory,7,fully_quadratized,all_designs_diagnostic,0.07953764327471627,original_e4,2
equal_2q_budget_128,6.517159522607104e-16,-3.66230031642813e-16,two_sided_Student_t_95_df_n_minus_1,estimated,raw_instance,pair_minus_independence,all_scheduled,6,max3sat,1.427429603089487e-16,statevector_norm,unadjusted_exploratory,7,fully_quadratized,all_designs_diagnostic,5.503328451013557e-16,original_e4,2
equal_2q_budget_128,0.10587929404327268,-0.5437035907188102,two_sided_Student_t_95_df_n_minus_1,estimated,raw_instance,pair_minus_original_only,all_scheduled,6,max3sat,-0.21891214833776879,original_objective_mean,unadjusted_exploratory,7,fully_quadratized,all_designs_diagnostic,0.3511844466730999,original_e4,2
equal_2q_budget_128,-0.8636356103518912,-8.927104964233262,two_sided_Student_t_95_df_n_minus_1,estimated,raw_instance,pair_minus_original_only,all_scheduled,6,max3sat,-4.895370287292577,encoded_energy_mean,unadjusted_exploratory,7,fully_quadratized,all_designs_diagnostic,4.359359043681537,original_e4,2
equal_2q_budget_128,0.06088287157504084,-0.025012693772567374,two_sided_Student_t_95_df_n_minus_1,estimated,raw_instance,pair_minus_original_only,all_scheduled,6,max3sat,0.017935088901236733,optimum_hit_rate,unadjusted_exploratory,7,fully_quadratized,all_designs_diagnostic,0.046437779220924555,original_e4,2
equal_2q_budget_128,0.013688558784728827,-0.14570960086056745,two_sided_Student_t_95_df_n_minus_1,estimated,raw_instance,pair_minus_original_only,all_scheduled,6,max3sat,-0.06601052103791931,auxiliary_inconsistency_rate,unadjusted_exploratory,7,fully_quadratized,all_designs_diagnostic,0.08617553788574102,original_e4,2
equal_2q_budget_128,3.1573783899283015e-16,-8.867096802286249e-16,two_sided_Student_t_95_df_n_minus_1,estimated,raw_instance,pair_minus_original_only,all_scheduled,6,max3sat,-2.854859206178974e-16,statevector_norm,unadjusted_exploratory,7,fully_quadratized,all_designs_diagnostic,6.500800384324989e-16,original_e4,2
equal_2q_budget_128,0.5302155719009773,-1.0163809441006881,two_sided_Student_t_95_df_n_minus_1,estimated,raw_instance,independence_minus_cold,positive_depth_only,4,max3sat,-0.2430826860998554,original_objective_mean,unadjusted_exploratory,5,fully_quadratized,all_designs_diagnostic,0.6227918817969386,original_e4,0
equal_2q_budget_128,0.3187645743090064,-5.633190547384017,two_sided_Student_t_95_df_n_minus_1,estimated,raw_instance,independence_minus_cold,positive_depth_only,4,max3sat,-2.6572129865375054,encoded_energy_mean,unadjusted_exploratory,5,fully_quadratized,all_designs_diagnostic,2.396765602571765,original_e4,0
equal_2q_budget_128,0.033477525847933634,-0.006655381645297579,two_sided_Student_t_95_df_n_minus_1,estimated,raw_instance,independence_minus_cold,positive_depth_only,4,max3sat,0.013411072101318028,optimum_hit_rate,unadjusted_exploratory,5,fully_quadratized,all_designs_diagnostic,0.01616093707769933,original_e4,0
equal_2q_budget_128,-0.013109608069715464,-0.08288080782830347,two_sided_Student_t_95_df_n_minus_1,estimated,raw_instance,independence_minus_cold,positive_depth_only,4,max3sat,-0.047995207949009466,auxiliary_inconsistency_rate,unadjusted_exploratory,5,fully_quadratized,all_designs_diagnostic,0.02809584551840173,original_e4,0
equal_2q_budget_128,5.763067961829585e-16,-9.759870850480148e-16,two_sided_Student_t_95_df_n_minus_1,estimated,raw_instance,independence_minus_cold,positive_depth_only,4,max3sat,-1.9984014443252818e-16,statevector_norm,unadjusted_exploratory,5,fully_quadratized,all_designs_diagnostic,6.250861277594332e-16,original_e4,0
equal_2q_budget_128,0.0792793124879021,-0.16853544796423586,two_sided_Student_t_95_df_n_minus_1,estimated,raw_instance,original_only_minus_cold,positive_depth_only,4,max3sat,-0.044628067738166875,original_objective_mean,unadjusted_exploratory,5,fully_quadratized,all_designs_diagnostic,0.09979139316700643,original_e4,0
equal_2q_budget_128,1.6042944828404162,-0.7546623880260046,two_sided_Student_t_95_df_n_minus_1,estimated,raw_instance,original_only_minus_cold,positive_depth_only,4,max3sat,0.42481604740720585,encoded_energy_mean,unadjusted_exploratory,5,fully_quadratized,all_designs_diagnostic,0.9499175599352856,original_e4,0
equal_2q_budget_128,0.004949722158262879,-0.010522336976227394,two_sided_Student_t_95_df_n_minus_1,estimated,raw_instance,original_only_minus_cold,positive_depth_only,4,max3sat,-0.0027863074089822582,optimum_hit_rate,unadjusted_exploratory,5,fully_quadratized,all_designs_diagnostic,0.006230372772695637,original_e4,0
equal_2q_budget_128,0.009779258485940964,-0.004600176988115898,two_sided_Student_t_95_df_n_minus_1,estimated,raw_instance,original_only_minus_cold,positive_depth_only,4,max3sat,0.002589540748912533,auxiliary_inconsistency_rate,unadjusted_exploratory,5,fully_quadratized,all_designs_diagnostic,0.005790389145074139,original_e4,0
equal_2q_budget_128,5.869774829832986e-16,-2.7611503608825476e-16,two_sided_Student_t_95_df_n_minus_1,estimated,raw_instance,original_only_minus_cold,positive_depth_only,4,max3sat,1.554312234475219e-16,statevector_norm,unadjusted_exploratory,5,fully_quadratized,all_designs_diagnostic,3.475547814546182e-16,original_e4,0
equal_2q_budget_128,0.19247331091291564,-0.8946834617349942,two_sided_Student_t_95_df_n_minus_1,estimated,raw_instance,pair_minus_cold,positive_depth_only,4,max3sat,-0.3511050754110393,original_objective_mean,unadjusted_exploratory,5,fully_quadratized,all_designs_diagnostic,0.4377821915673766,original_e4,0
equal_2q_budget_128,2.1523764151326152,-9.796447791404075,two_sided_Student_t_95_df_n_minus_1,estimated,raw_instance,pair_minus_cold,positive_depth_only,4,max3sat,-3.82203568813573,encoded_energy_mean,unadjusted_exploratory,5,fully_quadratized,all_designs_diagnostic,4.811617403670514,original_e4,0
equal_2q_budget_128,0.09241906089067138,-0.04777342678517306,two_sided_Student_t_95_df_n_minus_1,estimated,raw_instance,pair_minus_cold,positive_depth_only,4,max3sat,0.022322817052749157,optimum_hit_rate,unadjusted_exploratory,5,fully_quadratized,all_designs_diagnostic,0.056453472065974356,original_e4,0
equal_2q_budget_128,0.040580644711035785,-0.20185747850753435,two_sided_Student_t_95_df_n_minus_1,estimated,raw_instance,pair_minus_cold,positive_depth_only,4,max3sat,-0.08063841689824928,auxiliary_inconsistency_rate,unadjusted_exploratory,5,fully_quadratized,all_designs_diagnostic,0.09762629969512278,original_e4,0
equal_2q_budget_128,3.047178033778968e-16,-2.603088823928905e-16,two_sided_Student_t_95_df_n_minus_1,estimated,raw_instance,pair_minus_cold,positive_depth_only,4,max3sat,2.2204460492503132e-17,statevector_norm,unadjusted_exploratory,5,fully_quadratized,all_designs_diagnostic,2.275280134513746e-16,original_e4,0
equal_2q_budget_128,0.5046089155713082,-0.720653694193676,two_sided_Student_t_95_df_n_minus_1,estimated,raw_instance,pair_minus_independence,positive_depth_only,4,max3sat,-0.10802238931118388,original_objective_mean,unadjusted_exploratory,5,fully_quadratized,all_designs_diagnostic,0.4933953998575674,original_e4,0
equal_2q_budget_128,3.2968990422522446,-5.626544445448694,two_sided_Student_t_95_df_n_minus_1,estimated,raw_instance,pair_minus_independence,positive_depth_only,4,max3sat,-1.1648227015982244,encoded_energy_mean,unadjusted_exploratory,5,fully_quadratized,all_designs_diagnostic,3.593340670507445,original_e4,0
equal_2q_budget_128,0.0701748803659287,-0.052351390463066444,two_sided_Student_t_95_df_n_minus_1,estimated,raw_instance,pair_minus_independence,positive_depth_only,4,max3sat,0.008911744951431128,optimum_hit_rate,unadjusted_exploratory,5,fully_quadratized,all_designs_diagnostic,0.04933954395321361,original_e4,0
equal_2q_budget_128,0.07493325230998728,-0.14021967020846693,two_sided_Student_t_95_df_n_minus_1,estimated,raw_instance,pair_minus_independence,positive_depth_only,4,max3sat,-0.03264320894923982,auxiliary_inconsistency_rate,unadjusted_exploratory,5,fully_quadratized,all_designs_diagnostic,0.08663894694124262,original_e4,0
equal_2q_budget_128,1.031744096114386e-15,-5.876548862643233e-16,two_sided_Student_t_95_df_n_minus_1,estimated,raw_instance,pair_minus_independence,positive_depth_only,4,max3sat,2.220446049250313e-16,statevector_norm,unadjusted_exploratory,5,fully_quadratized,all_designs_diagnostic,6.521083742145178e-16,original_e4,0
equal_2q_budget_128,0.1767361290456283,-0.7896901443913731,two_sided_Student_t_95_df_n_minus_1,estimated,raw_instance,pair_minus_original_only,positive_depth_only,4,max3sat,-0.3064770076728724,original_objective_mean,unadjusted_exploratory,5,fully_quadratized,all_designs_diagnostic,0.38916577867888114,original_e4,0
equal_2q_budget_128,2.136861960362122,-10.630565431447993,two_sided_Student_t_95_df_n_minus_1,estimated,raw_instance,pair_minus_original_only,positive_depth_only,4,max3sat,-4.246851735542935,encoded_energy_mean,unadjusted_exploratory,5,fully_quadratized,all_designs_diagnostic,5.141256978651203,original_e4,0
equal_2q_budget_128,0.09322584063875992,-0.0430075917152971,two_sided_Student_t_95_df_n_minus_1,estimated,raw_instance,pair_minus_original_only,positive_depth_only,4,max3sat,0.025109124461731414,optimum_hit_rate,unadjusted_exploratory,5,fully_quadratized,all_designs_diagnostic,0.05485921817461778,original_e4,0
equal_2q_budget_128,0.03985303789425412,-0.20630895318857775,two_sided_Student_t_95_df_n_minus_1,estimated,raw_instance,pair_minus_original_only,positive_depth_only,4,max3sat,-0.08322795764716182,auxiliary_inconsistency_rate,unadjusted_exploratory,5,fully_quadratized,all_designs_diagnostic,0.09912584702421053,original_e4,0
equal_2q_budget_128,5.587867726421398e-16,-8.252402985521774e-16,two_sided_Student_t_95_df_n_minus_1,estimated,raw_instance,pair_minus_original_only,positive_depth_only,4,max3sat,-1.3322676295501878e-16,statevector_norm,unadjusted_exploratory,5,fully_quadratized,all_designs_diagnostic,5.573275351449751e-16,original_e4,0
equal_2q_budget_128,21.84074309573336,-25.57222457721484,two_sided_Student_t_95_df_n_minus_1,estimated,raw_instance,independence_minus_cold,zero_depth_only,1,max3sat,-1.8657407407407423,original_objective_mean,unadjusted_exploratory,2,fully_quadratized,all_designs_diagnostic,2.638555859427582,original_e4,2
equal_2q_budget_128,-15.242362787549217,-16.183563138376726,two_sided_Student_t_95_df_n_minus_1,estimated,raw_instance,independence_minus_cold,zero_depth_only,1,max3sat,-15.712962962962973,encoded_energy_mean,unadjusted_exploratory,2,fully_quadratized,all_designs_diagnostic,0.05237828008787882,original_e4,2
equal_2q_budget_128,0.6883067064655621,-0.5878694636672084,two_sided_Student_t_95_df_n_minus_1,estimated,raw_instance,independence_minus_cold,zero_depth_only,1,max3sat,0.05021862139917689,optimum_hit_rate,unadjusted_exploratory,2,fully_quadratized,all_designs_diagnostic,0.07101985546639569,original_e4,2
equal_2q_budget_128,0.027066621300736116,-0.15670293921986767,two_sided_Student_t_95_df_n_minus_1,estimated,raw_instance,independence_minus_cold,zero_depth_only,1,max3sat,-0.06481815895956577,auxiliary_inconsistency_rate,unadjusted_exploratory,2,fully_quadratized,all_designs_diagnostic,0.010226869873254656,original_e4,2
equal_2q_budget_128,4.54877431017702e-15,-5.32593042741463e-15,two_sided_Student_t_95_df_n_minus_1,estimated,raw_instance,independence_minus_cold,zero_depth_only,1,max3sat,-3.885780586188048e-16,statevector_norm,unadjusted_exploratory,2,fully_quadratized,all_designs_diagnostic,5.495323605393213e-16,original_e4,2
equal_2q_budget_128,21.840743095733266,-25.572224577214733,two_sided_Student_t_95_df_n_minus_1,estimated,raw_instance,original_only_minus_cold,zero_depth_only,1,max3sat,-1.8657407407407343,original_objective_mean,unadjusted_exploratory,2,fully_quadratized,all_designs_diagnostic,2.638555859427571,original_e4,2
equal_2q_budget_128,28.777753309762694,-33.694419976429344,two_sided_Student_t_95_df_n_minus_1,estimated,raw_instance,original_only_minus_cold,zero_depth_only,1,max3sat,-2.458333333333325,encoded_energy_mean,unadjusted_exploratory,2,fully_quadratized,all_designs_diagnostic,3.476608340833847,original_e4,2
equal_2q_budget_128,0.6883067064655625,-0.5878694636672087,two_sided_Student_t_95_df_n_minus_1,estimated,raw_instance,original_only_minus_cold,zero_depth_only,1,max3sat,0.05021862139917692,optimum_hit_rate,unadjusted_exploratory,2,fully_quadratized,all_designs_diagnostic,0.07101985546639573,original_e4,2
equal_2q_budget_128,8.369319243080132e-15,-7.14807391599246e-15,two_sided_Student_t_95_df_n_minus_1,estimated,raw_instance,original_only_minus_cold,zero_depth_only,1,max3sat,6.106226635438361e-16,auxiliary_inconsistency_rate,unadjusted_exploratory,2,fully_quadratized,all_designs_diagnostic,8.635508522760763e-16,original_e4,2
equal_2q_budget_128,3.043388815665503e-15,-2.5992996058154403e-15,two_sided_Student_t_95_df_n_minus_1,estimated,raw_instance,original_only_minus_cold,zero_depth_only,1,max3sat,2.220446049250313e-16,statevector_norm,unadjusted_exploratory,2,fully_quadratized,all_designs_diagnostic,3.1401849173675503e-16,original_e4,2
equal_2q_budget_128,21.840743095733377,-25.572224577214865,two_sided_Student_t_95_df_n_minus_1,estimated,raw_instance,pair_minus_cold,zero_depth_only,1,max3sat,-1.865740740740744,original_objective_mean,unadjusted_exploratory,2,fully_quadratized,all_designs_diagnostic,2.638555859427585,original_e4,2
equal_2q_budget_128,13.578513406710197,-31.528513406710207,two_sided_Student_t_95_df_n_minus_1,estimated,raw_instance,pair_minus_cold,zero_depth_only,1,max3sat,-8.975000000000005,encoded_energy_mean,unadjusted_exploratory,2,fully_quadratized,all_designs_diagnostic,2.510229073212257,original_e4,2
equal_2q_budget_128,0.6883067064655629,-0.5878694636672089,two_sided_Student_t_95_df_n_minus_1,estimated,raw_instance,pair_minus_cold,zero_depth_only,1,max3sat,0.050218621399176946,optimum_hit_rate,unadjusted_exploratory,2,fully_quadratized,all_designs_diagnostic,0.07101985546639578,original_e4,2
equal_2q_budget_128,0.049971349036168664,-0.09590520806579354,two_sided_Student_t_95_df_n_minus_1,estimated,raw_instance,pair_minus_cold,zero_depth_only,1,max3sat,-0.02296692951481244,auxiliary_inconsistency_rate,unadjusted_exploratory,2,fully_quadratized,all_designs_diagnostic,0.008118104885345829,original_e4,2
equal_2q_budget_128,5.198599211630881e-15,-6.086777631331006e-15,two_sided_Student_t_95_df_n_minus_1,estimated,raw_instance,pair_minus_cold,zero_depth_only,1,max3sat,-4.440892098500626e-16,statevector_norm,unadjusted_exploratory,2,fully_quadratized,all_designs_diagnostic,6.280369834735101e-16,original_e4,2
equal_2q_budget_128,2.0794396846523523e-14,-2.4347110525324023e-14,two_sided_Student_t_95_df_n_minus_1,estimated,raw_instance,pair_minus_independence,zero_depth_only,1,max3sat,-1.7763568394002505e-15,original_objective_mean,unadjusted_exploratory,2,fully_quadratized,all_designs_diagnostic,2.5121479338940403e-15,original_e4,2
equal_2q_budget_128,29.762076545086924,-16.28615061916099,two_sided_Student_t_95_df_n_minus_1,estimated,raw_instance,pair_minus_independence,zero_depth_only,1,max3sat,6.737962962962968,encoded_energy_mean,unadjusted_exploratory,2,fully_quadratized,all_designs_diagnostic,2.5626073533001357,original_e4,2
equal_2q_budget_128,8.014612602572419e-16,-6.973778516986335e-16,two_sided_Student_t_95_df_n_minus_1,estimated,raw_instance,pair_minus_independence,zero_depth_only,1,max3sat,5.204170427930421e-17,optimum_hit_rate,unadjusted_exploratory,2,fully_quadratized,all_designs_diagnostic,8.341116186757555e-17,original_e4,2
equal_2q_budget_128,0.06079773115407413,0.02290472773543254,two_sided_Student_t_95_df_n_minus_1,estimated,raw_instance,pair_minus_independence,zero_depth_only,1,max3sat,0.041851229444753335,auxiliary_inconsistency_rate,unadjusted_exploratory,2,fully_quadratized,all_designs_diagnostic,0.0021087649879088263,original_e4,2
equal_2q_budget_128,6.498249014538601e-16,-7.608472039163757e-16,two_sided_Student_t_95_df_n_minus_1,estimated,raw_instance,pair_minus_independence,zero_depth_only,1,max3sat,-5.551115123125783e-17,statevector_norm,unadjusted_exploratory,2,fully_quadratized,all_designs_diagnostic,7.850462293418876e-17,original_e4,2
equal_2q_budget_128,1.1436918265587936e-13,-1.3390910788928211e-13,two_sided_Student_t_95_df_n_minus_1,estimated,raw_instance,pair_minus_original_only,zero_depth_only,1,max3sat,-9.769962616701378e-15,original_objective_mean,unadjusted_exploratory,2,fully_quadratized,all_designs_diagnostic,1.381681363641722e-14,original_e4,2
equal_2q_budget_128,2.1659065697191373,-15.199239903052497,two_sided_Student_t_95_df_n_minus_1,estimated,raw_instance,pair_minus_original_only,zero_depth_only,1,max3sat,-6.51666666666668,encoded_energy_mean,unadjusted_exploratory,2,fully_quadratized,all_designs_diagnostic,0.9663792676215902,original_e4,2
equal_2q_budget_128,4.210376582990541e-16,-3.724654009717035e-16,two_sided_Student_t_95_df_n_minus_1,estimated,raw_instance,pair_minus_original_only,zero_depth_only,1,max3sat,2.42861286636753e-17,optimum_hit_rate,unadjusted_exploratory,2,fully_quadratized,all_designs_diagnostic,4.415885040048117e-17,original_e4,2
equal_2q_budget_128,0.04997134903617581,-0.09590520806580191,two_sided_Student_t_95_df_n_minus_1,estimated,raw_instance,pair_minus_original_only,zero_depth_only,1,max3sat,-0.02296692951481305,auxiliary_inconsistency_rate,unadjusted_exploratory,2,fully_quadratized,all_designs_diagnostic,0.008118104885346693,original_e4,2
equal_2q_budget_128,7.79789881744632e-15,-9.130166446996508e-15,two_sided_Student_t_95_df_n_minus_1,estimated,raw_instance,pair_minus_original_only,zero_depth_only,1,max3sat,-6.661338147750939e-16,statevector_norm,unadjusted_exploratory,2,fully_quadratized,all_designs_diagnostic,9.42055475210265e-16,original_e4,2
equal_2q_budget_256,0.46644033516567707,-1.7034994760352977,two_sided_Student_t_95_df_n_minus_1,estimated,raw_instance,independence_minus_cold,all_scheduled,6,max3sat,-0.6185295704348103,original_objective_mean,unadjusted_exploratory,7,fully_quadratized,all_designs_diagnostic,1.1731360689862609,original_e4,0
equal_2q_budget_256,3.53684823972757,-7.759148098233762,two_sided_Student_t_95_df_n_minus_1,estimated,raw_instance,independence_minus_cold,all_scheduled,6,max3sat,-2.1111499292530964,encoded_energy_mean,unadjusted_exploratory,7,fully_quadratized,all_designs_diagnostic,6.106962354805983,original_e4,0
equal_2q_budget_256,0.052944586836726364,-0.0129638714930062,two_sided_Student_t_95_df_n_minus_1,estimated,raw_instance,independence_minus_cold,all_scheduled,6,max3sat,0.01999035767186008,optimum_hit_rate,unadjusted_exploratory,7,fully_quadratized,all_designs_diagnostic,0.03563213565591662,original_e4,0
equal_2q_budget_256,0.009631110430339644,-0.0447400599154317,two_sided_Student_t_95_df_n_minus_1,estimated,raw_instance,independence_minus_cold,all_scheduled,6,max3sat,-0.01755447474254603,auxiliary_inconsistency_rate,unadjusted_exploratory,7,fully_quadratized,all_designs_diagnostic,0.02939472363075279,original_e4,0
equal_2q_budget_256,3.6056729960253554e-16,-1.0901424300704955e-15,two_sided_Student_t_95_df_n_minus_1,estimated,raw_instance,independence_minus_cold,all_scheduled,6,max3sat,-3.6478756523398e-16,statevector_norm,unadjusted_exploratory,7,fully_quadratized,all_designs_diagnostic,7.842982098968074e-16,original_e4,0
equal_2q_budget_256,0.7406115622268752,-1.7268100325454592,two_sided_Student_t_95_df_n_minus_1,estimated,raw_instance,original_only_minus_cold,all_scheduled,6,max3sat,-0.493099235159292,original_objective_mean,unadjusted_exploratory,7,fully_quadratized,all_designs_diagnostic,1.3339638524908994,original_e4,0
equal_2q_budget_256,2.6767023968698447,-3.169445985147506,two_sided_Student_t_95_df_n_minus_1,estimated,raw_instance,original_only_minus_cold,all_scheduled,6,max3sat,-0.24637179413883054,encoded_energy_mean,unadjusted_exploratory,7,fully_quadratized,all_designs_diagnostic,3.160607264859763,original_e4,0
equal_2q_budget_256,0.05531246297359245,-0.02164101044857487,two_sided_Student_t_95_df_n_minus_1,estimated,raw_instance,original_only_minus_cold,all_scheduled,6,max3sat,0.01683572626250879,optimum_hit_rate,unadjusted_exploratory,7,fully_quadratized,all_designs_diagnostic,0.041603409845435035,original_e4,0
equal_2q_budget_256,0.008652641647245548,-0.0034148545126029073,two_sided_Student_t_95_df_n_minus_1,estimated,raw_instance,original_only_minus_cold,all_scheduled,6,max3sat,0.00261889356732132,auxiliary_inconsistency_rate,unadjusted_exploratory,7,fully_quadratized,all_designs_diagnostic,0.006524058839971318,original_e4,0
equal_2q_budget_256,5.922572174305666e-16,-1.4816800758050396e-16,two_sided_Student_t_95_df_n_minus_1,estimated,raw_instance,original_only_minus_cold,all_scheduled,6,max3sat,2.220446049250313e-16,statevector_norm,unadjusted_exploratory,7,fully_quadratized,all_designs_diagnostic,4.002966042486721e-16,original_e4,0
equal_2q_budget_256,0.25426941646968637,-1.9402939605862424,two_sided_Student_t_95_df_n_minus_1,estimated,raw_instance,pair_minus_cold,all_scheduled,6,max3sat,-0.843012272058278,original_objective_mean,unadjusted_exploratory,7,fully_quadratized,all_designs_diagnostic,1.1864483245162964,original_e4,0
equal_2q_budget_256,-0.4738667057728385,-9.32994651191468,two_sided_Student_t_95_df_n_minus_1,estimated,raw_instance,pair_minus_cold,all_scheduled,6,max3sat,-4.901906608843759,encoded_energy_mean,unadjusted_exploratory,7,fully_quadratized,all_designs_diagnostic,4.787868583624786,original_e4,0
equal_2q_budget_256,0.0572685251964717,-0.005944850635298617,two_sided_Student_t_95_df_n_minus_1,estimated,raw_instance,pair_minus_cold,all_scheduled,6,max3sat,0.025661837280586543,optimum_hit_rate,unadjusted_exploratory,7,fully_quadratized,all_designs_diagnostic,0.034175091331031304,original_e4,0
equal_2q_budget_256,-0.001876407685494845,-0.08868399679617836,two_sided_Student_t_95_df_n_minus_1,estimated,raw_instance,pair_minus_cold,all_scheduled,6,max3sat,-0.045280202240836606,auxiliary_inconsistency_rate,unadjusted_exploratory,7,fully_quadratized,all_designs_diagnostic,0.046930847262127075,original_e4,0
equal_2q_budget_256,5.568710057309278e-16,-1.2864461361988877e-15,two_sided_Student_t_95_df_n_minus_1,estimated,raw_instance,pair_minus_cold,all_scheduled,6,max3sat,-3.6478756523398e-16,statevector_norm,unadjusted_exploratory,7,fully_quadratized,all_designs_diagnostic,9.96553828182772e-16,original_e4,0
equal_2q_budget_256,0.18606111396020805,-0.6350265172071434,two_sided_Student_t_95_df_n_minus_1,estimated,raw_instance,pair_minus_independence,all_scheduled,6,max3sat,-0.2244827016234677,original_objective_mean,unadjusted_exploratory,7,fully_quadratized,all_designs_diagnostic,0.4439051769771386,original_e4,0
equal_2q_budget_256,4.786129342522918,-10.367642701704241,two_sided_Student_t_95_df_n_minus_1,estimated,raw_instance,pair_minus_independence,all_scheduled,6,max3sat,-2.790756679590662,encoded_energy_mean,unadjusted_exploratory,7,fully_quadratized,all_designs_diagnostic,8.192594317369313,original_e4,0
equal_2q_budget_256,0.016996220343053203,-0.005653261125600275,two_sided_Student_t_95_df_n_minus_1,estimated,raw_instance,pair_minus_independence,all_scheduled,6,max3sat,0.0056714796087264634,optimum_hit_rate,unadjusted_exploratory,7,fully_quadratized,all_designs_diagnostic,0.012245004915600566,original_e4,0
equal_2q_budget_256,0.03541633338715372,-0.09086778838373488,two_sided_Student_t_95_df_n_minus_1,estimated,raw_instance,pair_minus_independence,all_scheduled,6,max3sat,-0.027725727498290578,auxiliary_inconsistency_rate,unadjusted_exploratory,7,fully_quadratized,all_designs_diagnostic,0.06827307256402117,original_e4,0
equal_2q_budget_256,9.91968594006171e-16,-9.91968594006171e-16,two_sided_Student_t_95_df_n_minus_1,estimated,raw_instance,pair_minus_independence,all_scheduled,6,max3sat,0.0,statevector_norm,unadjusted_exploratory,7,fully_quadratized,all_designs_diagnostic,1.0725773414758066e-15,original_e4,0
equal_2q_budget_256,0.27729480865952716,-0.9771208824574992,two_sided_Student_t_95_df_n_minus_1,estimated,raw_instance,pair_minus_original_only,all_scheduled,6,max3sat,-0.349913036898986,original_objective_mean,unadjusted_exploratory,7,fully_quadratized,all_designs_diagnostic,0.6781756273402072,original_e4,0
equal_2q_budget_256,-0.18969224444583777,-9.121377384964017,two_sided_Student_t_95_df_n_minus_1,estimated,raw_instance,pair_minus_original_only,all_scheduled,6,max3sat,-4.655534814704928,encoded_energy_mean,unadjusted_exploratory,7,fully_quadratized,all_designs_diagnostic,4.828743148120453,original_e4,0
equal_2q_budget_256,0.026422126309567744,-0.008769904273412232,two_sided_Student_t_95_df_n_minus_1,estimated,raw_instance,pair_minus_original_only,all_scheduled,6,max3sat,0.008826111018077756,optimum_hit_rate,unadjusted_exploratory,7,fully_quadratized,all_designs_diagnostic,0.019025891964677022,original_e4,0
equal_2q_budget_256,-0.0024998549213678042,-0.09329833669494805,two_sided_Student_t_95_df_n_minus_1,estimated,raw_instance,pair_minus_original_only,all_scheduled,6,max3sat,-0.047899095808157925,auxiliary_inconsistency_rate,unadjusted_exploratory,7,fully_quadratized,all_designs_diagnostic,0.04908844633751596,original_e4,0
equal_2q_budget_256,3.175050985825993e-16,-1.491169438900622e-15,two_sided_Student_t_95_df_n_minus_1,estimated,raw_instance,pair_minus_original_only,all_scheduled,6,max3sat,-5.868321701590113e-16,statevector_norm,unadjusted_exploratory,7,fully_quadratized,all_designs_diagnostic,9.7782497285225e-16,original_e4,0
equal_2q_budget_256,0.46644033516567707,-1.7034994760352977,two_sided_Student_t_95_df_n_minus_1,estimated,raw_instance,independence_minus_cold,positive_depth_only,6,max3sat,-0.6185295704348103,original_objective_mean,unadjusted_exploratory,7,fully_quadratized,all_designs_diagnostic,1.1731360689862609,original_e4,0
equal_2q_budget_256,3.53684823972757,-7.759148098233762,two_sided_Student_t_95_df_n_minus_1,estimated,raw_instance,independence_minus_cold,positive_depth_only,6,max3sat,-2.1111499292530964,encoded_energy_mean,unadjusted_exploratory,7,fully_quadratized,all_designs_diagnostic,6.106962354805983,original_e4,0
equal_2q_budget_256,0.052944586836726364,-0.0129638714930062,two_sided_Student_t_95_df_n_minus_1,estimated,raw_instance,independence_minus_cold,positive_depth_only,6,max3sat,0.01999035767186008,optimum_hit_rate,unadjusted_exploratory,7,fully_quadratized,all_designs_diagnostic,0.03563213565591662,original_e4,0
equal_2q_budget_256,0.009631110430339644,-0.0447400599154317,two_sided_Student_t_95_df_n_minus_1,estimated,raw_instance,independence_minus_cold,positive_depth_only,6,max3sat,-0.01755447474254603,auxiliary_inconsistency_rate,unadjusted_exploratory,7,fully_quadratized,all_designs_diagnostic,0.02939472363075279,original_e4,0
equal_2q_budget_256,3.6056729960253554e-16,-1.0901424300704955e-15,two_sided_Student_t_95_df_n_minus_1,estimated,raw_instance,independence_minus_cold,positive_depth_only,6,max3sat,-3.6478756523398e-16,statevector_norm,unadjusted_exploratory,7,fully_quadratized,all_designs_diagnostic,7.842982098968074e-16,original_e4,0
equal_2q_budget_256,0.7406115622268752,-1.7268100325454592,two_sided_Student_t_95_df_n_minus_1,estimated,raw_instance,original_only_minus_cold,positive_depth_only,6,max3sat,-0.493099235159292,original_objective_mean,unadjusted_exploratory,7,fully_quadratized,all_designs_diagnostic,1.3339638524908994,original_e4,0
equal_2q_budget_256,2.6767023968698447,-3.169445985147506,two_sided_Student_t_95_df_n_minus_1,estimated,raw_instance,original_only_minus_cold,positive_depth_only,6,max3sat,-0.24637179413883054,encoded_energy_mean,unadjusted_exploratory,7,fully_quadratized,all_designs_diagnostic,3.160607264859763,original_e4,0
equal_2q_budget_256,0.05531246297359245,-0.02164101044857487,two_sided_Student_t_95_df_n_minus_1,estimated,raw_instance,original_only_minus_cold,positive_depth_only,6,max3sat,0.01683572626250879,optimum_hit_rate,unadjusted_exploratory,7,fully_quadratized,all_designs_diagnostic,0.041603409845435035,original_e4,0
equal_2q_budget_256,0.008652641647245548,-0.0034148545126029073,two_sided_Student_t_95_df_n_minus_1,estimated,raw_instance,original_only_minus_cold,positive_depth_only,6,max3sat,0.00261889356732132,auxiliary_inconsistency_rate,unadjusted_exploratory,7,fully_quadratized,all_designs_diagnostic,0.006524058839971318,original_e4,0
equal_2q_budget_256,5.922572174305666e-16,-1.4816800758050396e-16,two_sided_Student_t_95_df_n_minus_1,estimated,raw_instance,original_only_minus_cold,positive_depth_only,6,max3sat,2.220446049250313e-16,statevector_norm,unadjusted_exploratory,7,fully_quadratized,all_designs_diagnostic,4.002966042486721e-16,original_e4,0
equal_2q_budget_256,0.25426941646968637,-1.9402939605862424,two_sided_Student_t_95_df_n_minus_1,estimated,raw_instance,pair_minus_cold,positive_depth_only,6,max3sat,-0.843012272058278,original_objective_mean,unadjusted_exploratory,7,fully_quadratized,all_designs_diagnostic,1.1864483245162964,original_e4,0
equal_2q_budget_256,-0.4738667057728385,-9.32994651191468,two_sided_Student_t_95_df_n_minus_1,estimated,raw_instance,pair_minus_cold,positive_depth_only,6,max3sat,-4.901906608843759,encoded_energy_mean,unadjusted_exploratory,7,fully_quadratized,all_designs_diagnostic,4.787868583624786,original_e4,0
equal_2q_budget_256,0.0572685251964717,-0.005944850635298617,two_sided_Student_t_95_df_n_minus_1,estimated,raw_instance,pair_minus_cold,positive_depth_only,6,max3sat,0.025661837280586543,optimum_hit_rate,unadjusted_exploratory,7,fully_quadratized,all_designs_diagnostic,0.034175091331031304,original_e4,0
equal_2q_budget_256,-0.001876407685494845,-0.08868399679617836,two_sided_Student_t_95_df_n_minus_1,estimated,raw_instance,pair_minus_cold,positive_depth_only,6,max3sat,-0.045280202240836606,auxiliary_inconsistency_rate,unadjusted_exploratory,7,fully_quadratized,all_designs_diagnostic,0.046930847262127075,original_e4,0
equal_2q_budget_256,5.568710057309278e-16,-1.2864461361988877e-15,two_sided_Student_t_95_df_n_minus_1,estimated,raw_instance,pair_minus_cold,positive_depth_only,6,max3sat,-3.6478756523398e-16,statevector_norm,unadjusted_exploratory,7,fully_quadratized,all_designs_diagnostic,9.96553828182772e-16,original_e4,0
equal_2q_budget_256,0.18606111396020805,-0.6350265172071434,two_sided_Student_t_95_df_n_minus_1,estimated,raw_instance,pair_minus_independence,positive_depth_only,6,max3sat,-0.2244827016234677,original_objective_mean,unadjusted_exploratory,7,fully_quadratized,all_designs_diagnostic,0.4439051769771386,original_e4,0
equal_2q_budget_256,4.786129342522918,-10.367642701704241,two_sided_Student_t_95_df_n_minus_1,estimated,raw_instance,pair_minus_independence,positive_depth_only,6,max3sat,-2.790756679590662,encoded_energy_mean,unadjusted_exploratory,7,fully_quadratized,all_designs_diagnostic,8.192594317369313,original_e4,0
equal_2q_budget_256,0.016996220343053203,-0.005653261125600275,two_sided_Student_t_95_df_n_minus_1,estimated,raw_instance,pair_minus_independence,positive_depth_only,6,max3sat,0.0056714796087264634,optimum_hit_rate,unadjusted_exploratory,7,fully_quadratized,all_designs_diagnostic,0.012245004915600566,original_e4,0
equal_2q_budget_256,0.03541633338715372,-0.09086778838373488,two_sided_Student_t_95_df_n_minus_1,estimated,raw_instance,pair_minus_independence,positive_depth_only,6,max3sat,-0.027725727498290578,auxiliary_inconsistency_rate,unadjusted_exploratory,7,fully_quadratized,all_designs_diagnostic,0.06827307256402117,original_e4,0
equal_2q_budget_256,9.91968594006171e-16,-9.91968594006171e-16,two_sided_Student_t_95_df_n_minus_1,estimated,raw_instance,pair_minus_independence,positive_depth_only,6,max3sat,0.0,statevector_norm,unadjusted_exploratory,7,fully_quadratized,all_designs_diagnostic,1.0725773414758066e-15,original_e4,0
equal_2q_budget_256,0.27729480865952716,-0.9771208824574992,two_sided_Student_t_95_df_n_minus_1,estimated,raw_instance,pair_minus_original_only,positive_depth_only,6,max3sat,-0.349913036898986,original_objective_mean,unadjusted_exploratory,7,fully_quadratized,all_designs_diagnostic,0.6781756273402072,original_e4,0
equal_2q_budget_256,-0.18969224444583777,-9.121377384964017,two_sided_Student_t_95_df_n_minus_1,estimated,raw_instance,pair_minus_original_only,positive_depth_only,6,max3sat,-4.655534814704928,encoded_energy_mean,unadjusted_exploratory,7,fully_quadratized,all_designs_diagnostic,4.828743148120453,original_e4,0
equal_2q_budget_256,0.026422126309567744,-0.008769904273412232,two_sided_Student_t_95_df_n_minus_1,estimated,raw_instance,pair_minus_original_only,positive_depth_only,6,max3sat,0.008826111018077756,optimum_hit_rate,unadjusted_exploratory,7,fully_quadratized,all_designs_diagnostic,0.019025891964677022,original_e4,0
equal_2q_budget_256,-0.0024998549213678042,-0.09329833669494805,two_sided_Student_t_95_df_n_minus_1,estimated,raw_instance,pair_minus_original_only,positive_depth_only,6,max3sat,-0.047899095808157925,auxiliary_inconsistency_rate,unadjusted_exploratory,7,fully_quadratized,all_designs_diagnostic,0.04908844633751596,original_e4,0
equal_2q_budget_256,3.175050985825993e-16,-1.491169438900622e-15,two_sided_Student_t_95_df_n_minus_1,estimated,raw_instance,pair_minus_original_only,positive_depth_only,6,max3sat,-5.868321701590113e-16,statevector_norm,unadjusted_exploratory,7,fully_quadratized,all_designs_diagnostic,9.7782497285225e-16,original_e4,0
equal_layer_p1,0.7165004098021958,-1.8577985089055207,two_sided_Student_t_95_df_n_minus_1,estimated,raw_instance,independence_minus_cold,all_scheduled,6,max3sat,-0.5706490495516624,original_objective_mean,unadjusted_exploratory,7,fully_quadratized,all_designs_diagnostic,1.3917450144466916,original_e4,0
equal_layer_p1,5.491733361489102,-10.590495504794829,two_sided_Student_t_95_df_n_minus_1,estimated,raw_instance,independence_minus_cold,all_scheduled,6,max3sat,-2.549381071652863,encoded_energy_mean,unadjusted_exploratory,7,fully_quadratized,all_designs_diagnostic,8.694546574675622,original_e4,0
equal_layer_p1,0.054667450442008166,-0.014634310408643235,two_sided_Student_t_95_df_n_minus_1,estimated,raw_instance,independence_minus_cold,all_scheduled,6,max3sat,0.020016570016682465,optimum_hit_rate,unadjusted_exploratory,7,fully_quadratized,all_designs_diagnostic,0.03746665915731673,original_e4,0
equal_layer_p1,-0.00019533044268139899,-0.11154445147829026,two_sided_Student_t_95_df_n_minus_1,estimated,raw_instance,independence_minus_cold,all_scheduled,6,max3sat,-0.05586989096048583,auxiliary_inconsistency_rate,unadjusted_exploratory,7,fully_quadratized,all_designs_diagnostic,0.06019875273152962,original_e4,0
equal_layer_p1,6.91677514157695e-16,6.17695846383192e-18,two_sided_Student_t_95_df_n_minus_1,estimated,raw_instance,independence_minus_cold,all_scheduled,6,max3sat,3.489272363107635e-16,statevector_norm,unadjusted_exploratory,7,fully_quadratized,all_designs_diagnostic,3.7060264208411915e-16,original_e4,0
equal_layer_p1,0.5871323311308575,-1.8763181639476536,two_sided_Student_t_95_df_n_minus_1,estimated,raw_instance,original_only_minus_cold,all_scheduled,6,max3sat,-0.644592916408398,original_objective_mean,unadjusted_exploratory,7,fully_quadratized,all_designs_diagnostic,1.3318169541021434,original_e4,0
equal_layer_p1,1.1061085588910298,-2.963293713816101,two_sided_Student_t_95_df_n_minus_1,estimated,raw_instance,original_only_minus_cold,all_scheduled,6,max3sat,-0.9285925774625358,encoded_energy_mean,unadjusted_exploratory,7,fully_quadratized,all_designs_diagnostic,2.2000437803319537,original_e4,0
equal_layer_p1,0.04896944131179744,-0.018239839311140833,two_sided_Student_t_95_df_n_minus_1,estimated,raw_instance,original_only_minus_cold,all_scheduled,6,max3sat,0.0153648010003283,optimum_hit_rate,unadjusted_exploratory,7,fully_quadratized,all_designs_diagnostic,0.036335400116812626,original_e4,0
equal_layer_p1,0.0016411901747961201,-0.00037144301514407095,two_sided_Student_t_95_df_n_minus_1,estimated,raw_instance,original_only_minus_cold,all_scheduled,6,max3sat,0.0006348735798260245,auxiliary_inconsistency_rate,unadjusted_exploratory,7,fully_quadratized,all_designs_diagnostic,0.0010880912809516795,original_e4,0
equal_layer_p1,6.152733389143756e-16,-1.71184129064313e-16,two_sided_Student_t_95_df_n_minus_1,estimated,raw_instance,original_only_minus_cold,all_scheduled,6,max3sat,2.220446049250313e-16,statevector_norm,unadjusted_exploratory,7,fully_quadratized,all_designs_diagnostic,4.2518304777254294e-16,original_e4,0
equal_layer_p1,0.3137575485203188,-2.096553032953411,two_sided_Student_t_95_df_n_minus_1,estimated,raw_instance,pair_minus_cold,all_scheduled,6,max3sat,-0.8913977422165462,original_objective_mean,unadjusted_exploratory,7,fully_quadratized,all_designs_diagnostic,1.3030878856594204,original_e4,0
equal_layer_p1,3.5387151731761697,-11.412541789635656,two_sided_Student_t_95_df_n_minus_1,estimated,raw_instance,pair_minus_cold,all_scheduled,6,max3sat,-3.936913308229743,encoded_energy_mean,unadjusted_exploratory,7,fully_quadratized,all_designs_diagnostic,8.083108448085902,original_e4,0
equal_layer_p1,0.06434936887390845,-0.006321604025463445,two_sided_Student_t_95_df_n_minus_1,estimated,raw_instance,pair_minus_cold,all_scheduled,6,max3sat,0.029013882424222502,optimum_hit_rate,unadjusted_exploratory,7,fully_quadratized,all_designs_diagnostic,0.038206897219291165,original_e4,0
equal_layer_p1,0.03424691647424355,-0.13855358820354666,two_sided_Student_t_95_df_n_minus_1,estimated,raw_instance,pair_minus_cold,all_scheduled,6,max3sat,-0.052153335864651554,auxiliary_inconsistency_rate,unadjusted_exploratory,7,fully_quadratized,all_designs_diagnostic,0.09342125699991106,original_e4,0
equal_layer_p1,7.332747888970991e-16,-3.8434755258633567e-16,two_sided_Student_t_95_df_n_minus_1,estimated,raw_instance,pair_minus_cold,all_scheduled,6,max3sat,1.7446361815538174e-16,statevector_norm,unadjusted_exploratory,7,fully_quadratized,all_designs_diagnostic,6.042209436092345e-16,original_e4,0
equal_layer_p1,0.000611833490305691,-0.6421092188200733,two_sided_Student_t_95_df_n_minus_1,estimated,raw_instance,pair_minus_independence,all_scheduled,6,max3sat,-0.3207486926648838,original_objective_mean,unadjusted_exploratory,7,fully_quadratized,all_designs_diagnostic,0.34747472942339475,original_e4,0
equal_layer_p1,3.616310187115907,-6.391374660269667,two_sided_Student_t_95_df_n_minus_1,estimated,raw_instance,pair_minus_independence,all_scheduled,6,max3sat,-1.3875322365768799,encoded_energy_mean,unadjusted_exploratory,7,fully_quadratized,all_designs_diagnostic,5.410461617835129,original_e4,0
equal_layer_p1,0.022770992946006326,-0.00477636813092625,two_sided_Student_t_95_df_n_minus_1,estimated,raw_instance,pair_minus_independence,all_scheduled,6,max3sat,0.008997312407540037,optimum_hit_rate,unadjusted_exploratory,7,fully_quadratized,all_designs_diagnostic,0.014892948973940319,original_e4,0
equal_layer_p1,0.07795474633144582,-0.07052163613977729,two_sided_Student_t_95_df_n_minus_1,estimated,raw_instance,pair_minus_independence,all_scheduled,6,max3sat,0.0037165550958342714,auxiliary_inconsistency_rate,unadjusted_exploratory,7,fully_quadratized,all_designs_diagnostic,0.08027088989771929,original_e4,0
equal_layer_p1,1.5484019709147715e-16,-5.037674334022406e-16,two_sided_Student_t_95_df_n_minus_1,estimated,raw_instance,pair_minus_independence,all_scheduled,6,max3sat,-1.7446361815538174e-16,statevector_norm,unadjusted_exploratory,7,fully_quadratized,all_designs_diagnostic,3.5606350123330496e-16,original_e4,0
equal_layer_p1,0.011614904333574455,-0.5052245559498709,two_sided_Student_t_95_df_n_minus_1,estimated,raw_instance,pair_minus_original_only,all_scheduled,6,max3sat,-0.24680482580814825,original_objective_mean,unadjusted_exploratory,7,fully_quadratized,all_designs_diagnostic,0.279419276794745,original_e4,0
equal_layer_p1,3.7020362185812177,-9.718677680115633,two_sided_Student_t_95_df_n_minus_1,estimated,raw_instance,pair_minus_original_only,all_scheduled,6,max3sat,-3.008320730767207,encoded_energy_mean,unadjusted_exploratory,7,fully_quadratized,all_designs_diagnostic,7.25564988707804,original_e4,0
equal_layer_p1,0.032391794854250824,-0.005093632006462425,two_sided_Student_t_95_df_n_minus_1,estimated,raw_instance,pair_minus_original_only,all_scheduled,6,max3sat,0.013649081423894201,optimum_hit_rate,unadjusted_exploratory,7,fully_quadratized,all_designs_diagnostic,0.020265772389009472,original_e4,0
equal_layer_p1,0.033864123982761354,-0.13944054287171653,two_sided_Student_t_95_df_n_minus_1,estimated,raw_instance,pair_minus_original_only,all_scheduled,6,max3sat,-0.05278820944447758,auxiliary_inconsistency_rate,unadjusted_exploratory,7,fully_quadratized,all_designs_diagnostic,0.09369382254806036,original_e4,0
equal_layer_p1,7.584226937791158e-16,-8.53584667318415e-16,two_sided_Student_t_95_df_n_minus_1,estimated,raw_instance,pair_minus_original_only,all_scheduled,6,max3sat,-4.7580986769649563e-17,statevector_norm,unadjusted_exploratory,7,fully_quadratized,all_designs_diagnostic,8.715006605313272e-16,original_e4,0
equal_layer_p1,0.7165004098021958,-1.8577985089055207,two_sided_Student_t_95_df_n_minus_1,estimated,raw_instance,independence_minus_cold,positive_depth_only,6,max3sat,-0.5706490495516624,original_objective_mean,unadjusted_exploratory,7,fully_quadratized,all_designs_diagnostic,1.3917450144466916,original_e4,0
equal_layer_p1,5.491733361489102,-10.590495504794829,two_sided_Student_t_95_df_n_minus_1,estimated,raw_instance,independence_minus_cold,positive_depth_only,6,max3sat,-2.549381071652863,encoded_energy_mean,unadjusted_exploratory,7,fully_quadratized,all_designs_diagnostic,8.694546574675622,original_e4,0
equal_layer_p1,0.054667450442008166,-0.014634310408643235,two_sided_Student_t_95_df_n_minus_1,estimated,raw_instance,independence_minus_cold,positive_depth_only,6,max3sat,0.020016570016682465,optimum_hit_rate,unadjusted_exploratory,7,fully_quadratized,all_designs_diagnostic,0.03746665915731673,original_e4,0
equal_layer_p1,-0.00019533044268139899,-0.11154445147829026,two_sided_Student_t_95_df_n_minus_1,estimated,raw_instance,independence_minus_cold,positive_depth_only,6,max3sat,-0.05586989096048583,auxiliary_inconsistency_rate,unadjusted_exploratory,7,fully_quadratized,all_designs_diagnostic,0.06019875273152962,original_e4,0
equal_layer_p1,6.91677514157695e-16,6.17695846383192e-18,two_sided_Student_t_95_df_n_minus_1,estimated,raw_instance,independence_minus_cold,positive_depth_only,6,max3sat,3.489272363107635e-16,statevector_norm,unadjusted_exploratory,7,fully_quadratized,all_designs_diagnostic,3.7060264208411915e-16,original_e4,0
equal_layer_p1,0.5871323311308575,-1.8763181639476536,two_sided_Student_t_95_df_n_minus_1,estimated,raw_instance,original_only_minus_cold,positive_depth_only,6,max3sat,-0.644592916408398,original_objective_mean,unadjusted_exploratory,7,fully_quadratized,all_designs_diagnostic,1.3318169541021434,original_e4,0
equal_layer_p1,1.1061085588910298,-2.963293713816101,two_sided_Student_t_95_df_n_minus_1,estimated,raw_instance,original_only_minus_cold,positive_depth_only,6,max3sat,-0.9285925774625358,encoded_energy_mean,unadjusted_exploratory,7,fully_quadratized,all_designs_diagnostic,2.2000437803319537,original_e4,0
equal_layer_p1,0.04896944131179744,-0.018239839311140833,two_sided_Student_t_95_df_n_minus_1,estimated,raw_instance,original_only_minus_cold,positive_depth_only,6,max3sat,0.0153648010003283,optimum_hit_rate,unadjusted_exploratory,7,fully_quadratized,all_designs_diagnostic,0.036335400116812626,original_e4,0
equal_layer_p1,0.0016411901747961201,-0.00037144301514407095,two_sided_Student_t_95_df_n_minus_1,estimated,raw_instance,original_only_minus_cold,positive_depth_only,6,max3sat,0.0006348735798260245,auxiliary_inconsistency_rate,unadjusted_exploratory,7,fully_quadratized,all_designs_diagnostic,0.0010880912809516795,original_e4,0
equal_layer_p1,6.152733389143756e-16,-1.71184129064313e-16,two_sided_Student_t_95_df_n_minus_1,estimated,raw_instance,original_only_minus_cold,positive_depth_only,6,max3sat,2.220446049250313e-16,statevector_norm,unadjusted_exploratory,7,fully_quadratized,all_designs_diagnostic,4.2518304777254294e-16,original_e4,0
equal_layer_p1,0.3137575485203188,-2.096553032953411,two_sided_Student_t_95_df_n_minus_1,estimated,raw_instance,pair_minus_cold,positive_depth_only,6,max3sat,-0.8913977422165462,original_objective_mean,unadjusted_exploratory,7,fully_quadratized,all_designs_diagnostic,1.3030878856594204,original_e4,0
equal_layer_p1,3.5387151731761697,-11.412541789635656,two_sided_Student_t_95_df_n_minus_1,estimated,raw_instance,pair_minus_cold,positive_depth_only,6,max3sat,-3.936913308229743,encoded_energy_mean,unadjusted_exploratory,7,fully_quadratized,all_designs_diagnostic,8.083108448085902,original_e4,0
equal_layer_p1,0.06434936887390845,-0.006321604025463445,two_sided_Student_t_95_df_n_minus_1,estimated,raw_instance,pair_minus_cold,positive_depth_only,6,max3sat,0.029013882424222502,optimum_hit_rate,unadjusted_exploratory,7,fully_quadratized,all_designs_diagnostic,0.038206897219291165,original_e4,0
equal_layer_p1,0.03424691647424355,-0.13855358820354666,two_sided_Student_t_95_df_n_minus_1,estimated,raw_instance,pair_minus_cold,positive_depth_only,6,max3sat,-0.052153335864651554,auxiliary_inconsistency_rate,unadjusted_exploratory,7,fully_quadratized,all_designs_diagnostic,0.09342125699991106,original_e4,0
equal_layer_p1,7.332747888970991e-16,-3.8434755258633567e-16,two_sided_Student_t_95_df_n_minus_1,estimated,raw_instance,pair_minus_cold,positive_depth_only,6,max3sat,1.7446361815538174e-16,statevector_norm,unadjusted_exploratory,7,fully_quadratized,all_designs_diagnostic,6.042209436092345e-16,original_e4,0
equal_layer_p1,0.000611833490305691,-0.6421092188200733,two_sided_Student_t_95_df_n_minus_1,estimated,raw_instance,pair_minus_independence,positive_depth_only,6,max3sat,-0.3207486926648838,original_objective_mean,unadjusted_exploratory,7,fully_quadratized,all_designs_diagnostic,0.34747472942339475,original_e4,0
equal_layer_p1,3.616310187115907,-6.391374660269667,two_sided_Student_t_95_df_n_minus_1,estimated,raw_instance,pair_minus_independence,positive_depth_only,6,max3sat,-1.3875322365768799,encoded_energy_mean,unadjusted_exploratory,7,fully_quadratized,all_designs_diagnostic,5.410461617835129,original_e4,0
equal_layer_p1,0.022770992946006326,-0.00477636813092625,two_sided_Student_t_95_df_n_minus_1,estimated,raw_instance,pair_minus_independence,positive_depth_only,6,max3sat,0.008997312407540037,optimum_hit_rate,unadjusted_exploratory,7,fully_quadratized,all_designs_diagnostic,0.014892948973940319,original_e4,0
equal_layer_p1,0.07795474633144582,-0.07052163613977729,two_sided_Student_t_95_df_n_minus_1,estimated,raw_instance,pair_minus_independence,positive_depth_only,6,max3sat,0.0037165550958342714,auxiliary_inconsistency_rate,unadjusted_exploratory,7,fully_quadratized,all_designs_diagnostic,0.08027088989771929,original_e4,0
equal_layer_p1,1.5484019709147715e-16,-5.037674334022406e-16,two_sided_Student_t_95_df_n_minus_1,estimated,raw_instance,pair_minus_independence,positive_depth_only,6,max3sat,-1.7446361815538174e-16,statevector_norm,unadjusted_exploratory,7,fully_quadratized,all_designs_diagnostic,3.5606350123330496e-16,original_e4,0
equal_layer_p1,0.011614904333574455,-0.5052245559498709,two_sided_Student_t_95_df_n_minus_1,estimated,raw_instance,pair_minus_original_only,positive_depth_only,6,max3sat,-0.24680482580814825,original_objective_mean,unadjusted_exploratory,7,fully_quadratized,all_designs_diagnostic,0.279419276794745,original_e4,0
equal_layer_p1,3.7020362185812177,-9.718677680115633,two_sided_Student_t_95_df_n_minus_1,estimated,raw_instance,pair_minus_original_only,positive_depth_only,6,max3sat,-3.008320730767207,encoded_energy_mean,unadjusted_exploratory,7,fully_quadratized,all_designs_diagnostic,7.25564988707804,original_e4,0
equal_layer_p1,0.032391794854250824,-0.005093632006462425,two_sided_Student_t_95_df_n_minus_1,estimated,raw_instance,pair_minus_original_only,positive_depth_only,6,max3sat,0.013649081423894201,optimum_hit_rate,unadjusted_exploratory,7,fully_quadratized,all_designs_diagnostic,0.020265772389009472,original_e4,0
equal_layer_p1,0.033864123982761354,-0.13944054287171653,two_sided_Student_t_95_df_n_minus_1,estimated,raw_instance,pair_minus_original_only,positive_depth_only,6,max3sat,-0.05278820944447758,auxiliary_inconsistency_rate,unadjusted_exploratory,7,fully_quadratized,all_designs_diagnostic,0.09369382254806036,original_e4,0
equal_layer_p1,7.584226937791158e-16,-8.53584667318415e-16,two_sided_Student_t_95_df_n_minus_1,estimated,raw_instance,pair_minus_original_only,positive_depth_only,6,max3sat,-4.7580986769649563e-17,statevector_norm,unadjusted_exploratory,7,fully_quadratized,all_designs_diagnostic,8.715006605313272e-16,original_e4,0
equal_layer_p2,0.269192100785696,-1.665291969451812,two_sided_Student_t_95_df_n_minus_1,estimated,raw_instance,independence_minus_cold,all_scheduled,6,max3sat,-0.6980499343330581,original_objective_mean,unadjusted_exploratory,7,fully_quadratized,all_designs_diagnostic,1.0458414680262227,original_e4,0
equal_layer_p2,0.6146920647048995,-8.247863273130518,two_sided_Student_t_95_df_n_minus_1,estimated,raw_instance,independence_minus_cold,all_scheduled,6,max3sat,-3.816585604212809,encoded_energy_mean,unadjusted_exploratory,7,fully_quadratized,all_designs_diagnostic,4.791369454827012,original_e4,0
equal_layer_p2,0.044579807373837384,-0.008644062316460324,two_sided_Student_t_95_df_n_minus_1,estimated,raw_instance,independence_minus_cold,all_scheduled,6,max3sat,0.01796787252868853,optimum_hit_rate,unadjusted_exploratory,7,fully_quadratized,all_designs_diagnostic,0.02877445767961437,original_e4,0
equal_layer_p2,0.001808538676428991,-0.06338077670947936,two_sided_Student_t_95_df_n_minus_1,estimated,raw_instance,independence_minus_cold,all_scheduled,6,max3sat,-0.030786119016525188,auxiliary_inconsistency_rate,unadjusted_exploratory,7,fully_quadratized,all_designs_diagnostic,0.03524334490614454,original_e4,0
equal_layer_p2,8.294594361555627e-16,-6.391354890769645e-16,two_sided_Student_t_95_df_n_minus_1,estimated,raw_instance,independence_minus_cold,all_scheduled,6,max3sat,9.516197353929913e-17,statevector_norm,unadjusted_exploratory,7,fully_quadratized,all_designs_diagnostic,7.939674956085181e-16,original_e4,0
equal_layer_p2,0.4908132870073942,-1.3208180343575564,two_sided_Student_t_95_df_n_minus_1,estimated,raw_instance,original_only_minus_cold,all_scheduled,6,max3sat,-0.41500237367508114,original_objective_mean,unadjusted_exploratory,7,fully_quadratized,all_designs_diagnostic,0.9794235009782141,original_e4,0
equal_layer_p2,0.6124843219798637,-1.4879214375679444,two_sided_Student_t_95_df_n_minus_1,estimated,raw_instance,original_only_minus_cold,all_scheduled,6,max3sat,-0.4377185577940403,encoded_energy_mean,unadjusted_exploratory,7,fully_quadratized,all_designs_diagnostic,1.135543826290858,original_e4,0
equal_layer_p2,0.03263996506539264,-0.019376806294231712,two_sided_Student_t_95_df_n_minus_1,estimated,raw_instance,original_only_minus_cold,all_scheduled,6,max3sat,0.0066315793855804646,optimum_hit_rate,unadjusted_exploratory,7,fully_quadratized,all_designs_diagnostic,0.028121863269752714,original_e4,0
equal_layer_p2,0.0019884832407722885,-0.004811915129122344,two_sided_Student_t_95_df_n_minus_1,estimated,raw_instance,original_only_minus_cold,all_scheduled,6,max3sat,-0.0014117159441750277,auxiliary_inconsistency_rate,unadjusted_exploratory,7,fully_quadratized,all_designs_diagnostic,0.0036765040993387626,original_e4,0
equal_layer_p2,1.2066659734115894e-15,-3.5020821155789724e-16,two_sided_Student_t_95_df_n_minus_1,estimated,raw_instance,original_only_minus_cold,all_scheduled,6,max3sat,4.282288809268461e-16,statevector_norm,unadjusted_exploratory,7,fully_quadratized,all_designs_diagnostic,8.416939731846475e-16,original_e4,0
equal_layer_p2,0.2506845341115548,-1.663224266934789,two_sided_Student_t_95_df_n_minus_1,estimated,raw_instance,pair_minus_cold,all_scheduled,6,max3sat,-0.7062698664116172,original_objective_mean,unadjusted_exploratory,7,fully_quadratized,all_designs_diagnostic,1.034717845936494,original_e4,0
equal_layer_p2,-1.501869348542252,-8.013851822535976,two_sided_Student_t_95_df_n_minus_1,estimated,raw_instance,pair_minus_cold,all_scheduled,6,max3sat,-4.757860585539114,encoded_energy_mean,unadjusted_exploratory,7,fully_quadratized,all_designs_diagnostic,3.5205776129893196,original_e4,0
equal_layer_p2,0.052954293328812733,-0.013752864361280738,two_sided_Student_t_95_df_n_minus_1,estimated,raw_instance,pair_minus_cold,all_scheduled,6,max3sat,0.019600714483765998,optimum_hit_rate,unadjusted_exploratory,7,fully_quadratized,all_designs_diagnostic,0.0360639370464801,original_e4,0
equal_layer_p2,0.002665885292048184,-0.10084986745030977,two_sided_Student_t_95_df_n_minus_1,estimated,raw_instance,pair_minus_cold,all_scheduled,6,max3sat,-0.049091991079130794,auxiliary_inconsistency_rate,unadjusted_exploratory,7,fully_quadratized,all_designs_diagnostic,0.05596379338425634,original_e4,0
equal_layer_p2,5.853771965584229e-16,-8.074218014834542e-16,two_sided_Student_t_95_df_n_minus_1,estimated,raw_instance,pair_minus_cold,all_scheduled,6,max3sat,-1.1102230246251565e-16,statevector_norm,unadjusted_exploratory,7,fully_quadratized,all_designs_diagnostic,7.529898907871222e-16,original_e4,0
equal_layer_p2,0.4098525817239952,-0.4262924458811135,two_sided_Student_t_95_df_n_minus_1,estimated,raw_instance,pair_minus_independence,all_scheduled,6,max3sat,-0.008219932078559136,original_objective_mean,unadjusted_exploratory,7,fully_quadratized,all_designs_diagnostic,0.4520456676833678,original_e4,0
equal_layer_p2,3.929041169360116,-5.811591132012727,two_sided_Student_t_95_df_n_minus_1,estimated,raw_instance,pair_minus_independence,all_scheduled,6,max3sat,-0.9412749813263055,encoded_energy_mean,unadjusted_exploratory,7,fully_quadratized,all_designs_diagnostic,5.266084814190628,original_e4,0
equal_layer_p2,0.01505942377481437,-0.011793739864659437,two_sided_Student_t_95_df_n_minus_1,estimated,raw_instance,pair_minus_independence,all_scheduled,6,max3sat,0.001632841955077466,optimum_hit_rate,unadjusted_exploratory,7,fully_quadratized,all_designs_diagnostic,0.014517644530620306,original_e4,0
equal_layer_p2,0.05145209669418682,-0.08806384081939803,two_sided_Student_t_95_df_n_minus_1,estimated,raw_instance,pair_minus_independence,all_scheduled,6,max3sat,-0.018305872062605606,auxiliary_inconsistency_rate,unadjusted_exploratory,7,fully_quadratized,all_designs_diagnostic,0.07542659830967122,original_e4,0
equal_layer_p2,2.469548271967433e-16,-6.593233792003729e-16,two_sided_Student_t_95_df_n_minus_1,estimated,raw_instance,pair_minus_independence,all_scheduled,6,max3sat,-2.061842760018148e-16,statevector_norm,unadjusted_exploratory,7,fully_quadratized,all_designs_diagnostic,4.899618169004421e-16,original_e4,0
equal_layer_p2,-0.05011193445904566,-0.5324230510140264,two_sided_Student_t_95_df_n_minus_1,estimated,raw_instance,pair_minus_original_only,all_scheduled,6,max3sat,-0.291267492736536,original_objective_mean,unadjusted_exploratory,7,fully_quadratized,all_designs_diagnostic,0.26075219431571584,original_e4,0
equal_layer_p2,-1.3414667906805744,-7.298817264809575,two_sided_Student_t_95_df_n_minus_1,estimated,raw_instance,pair_minus_original_only,all_scheduled,6,max3sat,-4.320142027745074,encoded_energy_mean,unadjusted_exploratory,7,fully_quadratized,all_designs_diagnostic,3.220726529241897,original_e4,0
equal_layer_p2,0.035930367186929046,-0.009992096990557987,two_sided_Student_t_95_df_n_minus_1,estimated,raw_instance,pair_minus_original_only,all_scheduled,6,max3sat,0.01296913509818553,optimum_hit_rate,unadjusted_exploratory,7,fully_quadratized,all_designs_diagnostic,0.024827093740228127,original_e4,0
equal_layer_p2,0.0038690784370805434,-0.09922962870699206,two_sided_Student_t_95_df_n_minus_1,estimated,raw_instance,pair_minus_original_only,all_scheduled,6,max3sat,-0.04768027513495576,auxiliary_inconsistency_rate,unadjusted_exploratory,7,fully_quadratized,all_designs_diagnostic,0.05573832573246478,original_e4,0
equal_layer_p2,3.2477195123702806e-16,-1.4032743180157514e-15,two_sided_Student_t_95_df_n_minus_1,estimated,raw_instance,pair_minus_original_only,all_scheduled,6,max3sat,-5.392511833893617e-16,statevector_norm,unadjusted_exploratory,7,fully_quadratized,all_designs_diagnostic,9.342348561343675e-16,original_e4,0
equal_layer_p2,0.269192100785696,-1.665291969451812,two_sided_Student_t_95_df_n_minus_1,estimated,raw_instance,independence_minus_cold,positive_depth_only,6,max3sat,-0.6980499343330581,original_objective_mean,unadjusted_exploratory,7,fully_quadratized,all_designs_diagnostic,1.0458414680262227,original_e4,0
equal_layer_p2,0.6146920647048995,-8.247863273130518,two_sided_Student_t_95_df_n_minus_1,estimated,raw_instance,independence_minus_cold,positive_depth_only,6,max3sat,-3.816585604212809,encoded_energy_mean,unadjusted_exploratory,7,fully_quadratized,all_designs_diagnostic,4.791369454827012,original_e4,0
equal_layer_p2,0.044579807373837384,-0.008644062316460324,two_sided_Student_t_95_df_n_minus_1,estimated,raw_instance,independence_minus_cold,positive_depth_only,6,max3sat,0.01796787252868853,optimum_hit_rate,unadjusted_exploratory,7,fully_quadratized,all_designs_diagnostic,0.02877445767961437,original_e4,0
equal_layer_p2,0.001808538676428991,-0.06338077670947936,two_sided_Student_t_95_df_n_minus_1,estimated,raw_instance,independence_minus_cold,positive_depth_only,6,max3sat,-0.030786119016525188,auxiliary_inconsistency_rate,unadjusted_exploratory,7,fully_quadratized,all_designs_diagnostic,0.03524334490614454,original_e4,0
equal_layer_p2,8.294594361555627e-16,-6.391354890769645e-16,two_sided_Student_t_95_df_n_minus_1,estimated,raw_instance,independence_minus_cold,positive_depth_only,6,max3sat,9.516197353929913e-17,statevector_norm,unadjusted_exploratory,7,fully_quadratized,all_designs_diagnostic,7.939674956085181e-16,original_e4,0
equal_layer_p2,0.4908132870073942,-1.3208180343575564,two_sided_Student_t_95_df_n_minus_1,estimated,raw_instance,original_only_minus_cold,positive_depth_only,6,max3sat,-0.41500237367508114,original_objective_mean,unadjusted_exploratory,7,fully_quadratized,all_designs_diagnostic,0.9794235009782141,original_e4,0
equal_layer_p2,0.6124843219798637,-1.4879214375679444,two_sided_Student_t_95_df_n_minus_1,estimated,raw_instance,original_only_minus_cold,positive_depth_only,6,max3sat,-0.4377185577940403,encoded_energy_mean,unadjusted_exploratory,7,fully_quadratized,all_designs_diagnostic,1.135543826290858,original_e4,0
equal_layer_p2,0.03263996506539264,-0.019376806294231712,two_sided_Student_t_95_df_n_minus_1,estimated,raw_instance,original_only_minus_cold,positive_depth_only,6,max3sat,0.0066315793855804646,optimum_hit_rate,unadjusted_exploratory,7,fully_quadratized,all_designs_diagnostic,0.028121863269752714,original_e4,0
equal_layer_p2,0.0019884832407722885,-0.004811915129122344,two_sided_Student_t_95_df_n_minus_1,estimated,raw_instance,original_only_minus_cold,positive_depth_only,6,max3sat,-0.0014117159441750277,auxiliary_inconsistency_rate,unadjusted_exploratory,7,fully_quadratized,all_designs_diagnostic,0.0036765040993387626,original_e4,0
equal_layer_p2,1.2066659734115894e-15,-3.5020821155789724e-16,two_sided_Student_t_95_df_n_minus_1,estimated,raw_instance,original_only_minus_cold,positive_depth_only,6,max3sat,4.282288809268461e-16,statevector_norm,unadjusted_exploratory,7,fully_quadratized,all_designs_diagnostic,8.416939731846475e-16,original_e4,0
equal_layer_p2,0.2506845341115548,-1.663224266934789,two_sided_Student_t_95_df_n_minus_1,estimated,raw_instance,pair_minus_cold,positive_depth_only,6,max3sat,-0.7062698664116172,original_objective_mean,unadjusted_exploratory,7,fully_quadratized,all_designs_diagnostic,1.034717845936494,original_e4,0
equal_layer_p2,-1.501869348542252,-8.013851822535976,two_sided_Student_t_95_df_n_minus_1,estimated,raw_instance,pair_minus_cold,positive_depth_only,6,max3sat,-4.757860585539114,encoded_energy_mean,unadjusted_exploratory,7,fully_quadratized,all_designs_diagnostic,3.5205776129893196,original_e4,0
equal_layer_p2,0.052954293328812733,-0.013752864361280738,two_sided_Student_t_95_df_n_minus_1,estimated,raw_instance,pair_minus_cold,positive_depth_only,6,max3sat,0.019600714483765998,optimum_hit_rate,unadjusted_exploratory,7,fully_quadratized,all_designs_diagnostic,0.0360639370464801,original_e4,0
equal_layer_p2,0.002665885292048184,-0.10084986745030977,two_sided_Student_t_95_df_n_minus_1,estimated,raw_instance,pair_minus_cold,positive_depth_only,6,max3sat,-0.049091991079130794,auxiliary_inconsistency_rate,unadjusted_exploratory,7,fully_quadratized,all_designs_diagnostic,0.05596379338425634,original_e4,0
equal_layer_p2,5.853771965584229e-16,-8.074218014834542e-16,two_sided_Student_t_95_df_n_minus_1,estimated,raw_instance,pair_minus_cold,positive_depth_only,6,max3sat,-1.1102230246251565e-16,statevector_norm,unadjusted_exploratory,7,fully_quadratized,all_designs_diagnostic,7.529898907871222e-16,original_e4,0
equal_layer_p2,0.4098525817239952,-0.4262924458811135,two_sided_Student_t_95_df_n_minus_1,estimated,raw_instance,pair_minus_independence,positive_depth_only,6,max3sat,-0.008219932078559136,original_objective_mean,unadjusted_exploratory,7,fully_quadratized,all_designs_diagnostic,0.4520456676833678,original_e4,0
equal_layer_p2,3.929041169360116,-5.811591132012727,two_sided_Student_t_95_df_n_minus_1,estimated,raw_instance,pair_minus_independence,positive_depth_only,6,max3sat,-0.9412749813263055,encoded_energy_mean,unadjusted_exploratory,7,fully_quadratized,all_designs_diagnostic,5.266084814190628,original_e4,0
equal_layer_p2,0.01505942377481437,-0.011793739864659437,two_sided_Student_t_95_df_n_minus_1,estimated,raw_instance,pair_minus_independence,positive_depth_only,6,max3sat,0.001632841955077466,optimum_hit_rate,unadjusted_exploratory,7,fully_quadratized,all_designs_diagnostic,0.014517644530620306,original_e4,0
equal_layer_p2,0.05145209669418682,-0.08806384081939803,two_sided_Student_t_95_df_n_minus_1,estimated,raw_instance,pair_minus_independence,positive_depth_only,6,max3sat,-0.018305872062605606,auxiliary_inconsistency_rate,unadjusted_exploratory,7,fully_quadratized,all_designs_diagnostic,0.07542659830967122,original_e4,0
equal_layer_p2,2.469548271967433e-16,-6.593233792003729e-16,two_sided_Student_t_95_df_n_minus_1,estimated,raw_instance,pair_minus_independence,positive_depth_only,6,max3sat,-2.061842760018148e-16,statevector_norm,unadjusted_exploratory,7,fully_quadratized,all_designs_diagnostic,4.899618169004421e-16,original_e4,0
equal_layer_p2,-0.05011193445904566,-0.5324230510140264,two_sided_Student_t_95_df_n_minus_1,estimated,raw_instance,pair_minus_original_only,positive_depth_only,6,max3sat,-0.291267492736536,original_objective_mean,unadjusted_exploratory,7,fully_quadratized,all_designs_diagnostic,0.26075219431571584,original_e4,0
equal_layer_p2,-1.3414667906805744,-7.298817264809575,two_sided_Student_t_95_df_n_minus_1,estimated,raw_instance,pair_minus_original_only,positive_depth_only,6,max3sat,-4.320142027745074,encoded_energy_mean,unadjusted_exploratory,7,fully_quadratized,all_designs_diagnostic,3.220726529241897,original_e4,0
equal_layer_p2,0.035930367186929046,-0.009992096990557987,two_sided_Student_t_95_df_n_minus_1,estimated,raw_instance,pair_minus_original_only,positive_depth_only,6,max3sat,0.01296913509818553,optimum_hit_rate,unadjusted_exploratory,7,fully_quadratized,all_designs_diagnostic,0.024827093740228127,original_e4,0
equal_layer_p2,0.0038690784370805434,-0.09922962870699206,two_sided_Student_t_95_df_n_minus_1,estimated,raw_instance,pair_minus_original_only,positive_depth_only,6,max3sat,-0.04768027513495576,auxiliary_inconsistency_rate,unadjusted_exploratory,7,fully_quadratized,all_designs_diagnostic,0.05573832573246478,original_e4,0
equal_layer_p2,3.2477195123702806e-16,-1.4032743180157514e-15,two_sided_Student_t_95_df_n_minus_1,estimated,raw_instance,pair_minus_original_only,positive_depth_only,6,max3sat,-5.392511833893617e-16,statevector_norm,unadjusted_exploratory,7,fully_quadratized,all_designs_diagnostic,9.342348561343675e-16,original_e4,0
equal_2q_budget_128,0.4732037371494717,-2.022828253344521,two_sided_Student_t_95_df_n_minus_1,estimated,raw_instance,independence_minus_cold,all_scheduled,6,max3sat,-0.7748122580975245,original_objective_mean,unadjusted_exploratory,7,matched_random_selective,all_designs_diagnostic,1.3494315106239934,original_e4,4
equal_2q_budget_128,-0.8768674738272524,-8.568127019181148,two_sided_Student_t_95_df_n_minus_1,estimated,raw_instance,independence_minus_cold,all_scheduled,6,max3sat,-4.7224972465042,encoded_energy_mean,unadjusted_exploratory,7,matched_random_selective,all_designs_diagnostic,4.158130996083119,original_e4,4
equal_2q_budget_128,0.052621526943164035,-0.014710505153957023,two_sided_Student_t_95_df_n_minus_1,estimated,raw_instance,independence_minus_cold,all_scheduled,6,max3sat,0.018955510894603508,optimum_hit_rate,unadjusted_exploratory,7,matched_random_selective,all_designs_diagnostic,0.036401763331654687,original_e4,4
equal_2q_budget_128,-0.067135478612457,-0.18175362237366177,two_sided_Student_t_95_df_n_minus_1,estimated,raw_instance,independence_minus_cold,all_scheduled,6,max3sat,-0.12444455049305939,auxiliary_inconsistency_rate,unadjusted_exploratory,7,matched_random_selective,all_designs_diagnostic,0.061966086760766946,original_e4,4
equal_2q_budget_128,4.932005015509099e-16,-1.759939230865795e-16,two_sided_Student_t_95_df_n_minus_1,estimated,raw_instance,independence_minus_cold,all_scheduled,6,max3sat,1.5860328923216522e-16,statevector_norm,unadjusted_exploratory,7,matched_random_selective,all_designs_diagnostic,3.6178704711272604e-16,original_e4,4
equal_2q_budget_128,0.6151902044981363,-1.9718382582699103,two_sided_Student_t_95_df_n_minus_1,estimated,raw_instance,original_only_minus_cold,all_scheduled,6,max3sat,-0.678324026885887,original_objective_mean,unadjusted_exploratory,7,matched_random_selective,all_designs_diagnostic,1.3986269967034521,original_e4,4
equal_2q_budget_128,0.8055508536918938,-2.0467020634107698,two_sided_Student_t_95_df_n_minus_1,estimated,raw_instance,original_only_minus_cold,all_scheduled,6,max3sat,-0.620575604859438,encoded_energy_mean,unadjusted_exploratory,7,matched_random_selective,all_designs_diagnostic,1.5420154778728596,original_e4,4
equal_2q_budget_128,0.05029500358786865,-0.019181978707642138,two_sided_Student_t_95_df_n_minus_1,estimated,raw_instance,original_only_minus_cold,all_scheduled,6,max3sat,0.015556512440113256,optimum_hit_rate,unadjusted_exploratory,7,matched_random_selective,all_designs_diagnostic,0.0375613892488904,original_e4,4
equal_2q_budget_128,0.0015008018807821095,-0.0006299923297435018,two_sided_Student_t_95_df_n_minus_1,estimated,raw_instance,original_only_minus_cold,all_scheduled,6,max3sat,0.0004354047755193039,auxiliary_inconsistency_rate,unadjusted_exploratory,7,matched_random_selective,all_designs_diagnostic,0.0011519727556734435,original_e4,4
equal_2q_budget_128,2.5673600401872486e-16,-6.641205694012662e-17,two_sided_Student_t_95_df_n_minus_1,estimated,raw_instance,original_only_minus_cold,all_scheduled,6,max3sat,9.516197353929913e-17,statevector_norm,unadjusted_exploratory,7,matched_random_selective,all_designs_diagnostic,1.7470376089555444e-16,original_e4,4
equal_2q_budget_128,0.5483903992737141,-1.991813089353919,two_sided_Student_t_95_df_n_minus_1,estimated,raw_instance,pair_minus_cold,all_scheduled,6,max3sat,-0.7217113450401024,original_objective_mean,unadjusted_exploratory,7,matched_random_selective,all_designs_diagnostic,1.3733119783744114,original_e4,4
equal_2q_budget_128,-0.02169809548262558,-5.798609021666657,two_sided_Student_t_95_df_n_minus_1,estimated,raw_instance,pair_minus_cold,all_scheduled,6,max3sat,-2.910153558574641,encoded_energy_mean,unadjusted_exploratory,7,matched_random_selective,all_designs_diagnostic,3.1231753709686805,original_e4,4
equal_2q_budget_128,0.05033920522580808,-0.02013671935283731,two_sided_Student_t_95_df_n_minus_1,estimated,raw_instance,pair_minus_cold,all_scheduled,6,max3sat,0.015101242936485387,optimum_hit_rate,unadjusted_exploratory,7,matched_random_selective,all_designs_diagnostic,0.03810144811003093,original_e4,4
equal_2q_budget_128,-0.01146701297458999,-0.1716169495354219,two_sided_Student_t_95_df_n_minus_1,estimated,raw_instance,pair_minus_cold,all_scheduled,6,max3sat,-0.09154198125500594,auxiliary_inconsistency_rate,unadjusted_exploratory,7,matched_random_selective,all_designs_diagnostic,0.08658197156233131,original_e4,4
equal_2q_budget_128,3.7021261250553527e-16,-3.7021261250553527e-16,two_sided_Student_t_95_df_n_minus_1,estimated,raw_instance,pair_minus_cold,all_scheduled,6,max3sat,0.0,statevector_norm,unadjusted_exploratory,7,matched_random_selective,all_designs_diagnostic,4.002966042486721e-16,original_e4,4
equal_2q_budget_128,0.167778529407141,-0.06157670329229671,two_sided_Student_t_95_df_n_minus_1,estimated,raw_instance,pair_minus_independence,all_scheduled,6,max3sat,0.053100913057422136,original_objective_mean,unadjusted_exploratory,7,matched_random_selective,all_designs_diagnostic,0.12399647893529858,original_e4,4
equal_2q_budget_128,4.183410845151134,-0.5587234692920164,two_sided_Student_t_95_df_n_minus_1,estimated,raw_instance,pair_minus_independence,all_scheduled,6,max3sat,1.812343687929559,encoded_energy_mean,unadjusted_exploratory,7,matched_random_selective,all_designs_diagnostic,2.563743371836523,original_e4,4
equal_2q_budget_128,9.994496985047362e-05,-0.007808480886086716,two_sided_Student_t_95_df_n_minus_1,estimated,raw_instance,pair_minus_independence,all_scheduled,6,max3sat,-0.003854267958118121,optimum_hit_rate,unadjusted_exploratory,7,matched_random_selective,all_designs_diagnostic,0.004275537769579262,original_e4,4
equal_2q_budget_128,0.0777208311947864,-0.011915692718679503,two_sided_Student_t_95_df_n_minus_1,estimated,raw_instance,pair_minus_independence,all_scheduled,6,max3sat,0.03290256923805345,auxiliary_inconsistency_rate,unadjusted_exploratory,7,matched_random_selective,all_designs_diagnostic,0.048460256251640826,original_e4,4
equal_2q_budget_128,1.4284246701503829e-16,-4.600490454793687e-16,two_sided_Student_t_95_df_n_minus_1,estimated,raw_instance,pair_minus_independence,all_scheduled,6,max3sat,-1.5860328923216522e-16,statevector_norm,unadjusted_exploratory,7,matched_random_selective,all_designs_diagnostic,3.259416576174166e-16,original_e4,4
equal_2q_budget_128,0.03366533651290115,-0.12043997282133198,two_sided_Student_t_95_df_n_minus_1,estimated,raw_instance,pair_minus_original_only,all_scheduled,6,max3sat,-0.04338731815421542,original_objective_mean,unadjusted_exploratory,7,matched_random_selective,all_designs_diagnostic,0.08331406054171425,original_e4,4
equal_2q_budget_128,-0.3567153837256396,-4.2224405237047655,two_sided_Student_t_95_df_n_minus_1,estimated,raw_instance,pair_minus_original_only,all_scheduled,6,max3sat,-2.289577953715203,encoded_energy_mean,unadjusted_exploratory,7,matched_random_selective,all_designs_diagnostic,2.0899296704393486,original_e4,4
equal_2q_budget_128,0.005431695233862168,-0.006342234241117907,two_sided_Student_t_95_df_n_minus_1,estimated,raw_instance,pair_minus_original_only,all_scheduled,6,max3sat,-0.00045526950362786967,optimum_hit_rate,unadjusted_exploratory,7,matched_random_selective,all_designs_diagnostic,0.006365347679000816,original_e4,4
equal_2q_budget_128,-0.011092046091923019,-0.1728627259691275,two_sided_Student_t_95_df_n_minus_1,estimated,raw_instance,pair_minus_original_only,all_scheduled,6,max3sat,-0.09197738603052526,auxiliary_inconsistency_rate,unadjusted_exploratory,7,matched_random_selective,all_designs_diagnostic,0.08745819514843749,original_e4,4
equal_2q_budget_128,3.7323125214713677e-16,-5.63555199225735e-16,two_sided_Student_t_95_df_n_minus_1,estimated,raw_instance,pair_minus_original_only,all_scheduled,6,max3sat,-9.516197353929913e-17,statevector_norm,unadjusted_exploratory,7,matched_random_selective,all_designs_diagnostic,5.064555105954389e-16,original_e4,4
equal_2q_budget_128,0.4700489948999591,-1.550282605823702,two_sided_Student_t_95_df_n_minus_1,estimated,raw_instance,independence_minus_cold,positive_depth_only,3,max3sat,-0.5401168054618715,original_objective_mean,unadjusted_exploratory,4,matched_random_selective,all_designs_diagnostic,0.6348360370980566,original_e4,0
equal_2q_budget_128,0.5670776794249788,-4.992258023510128,two_sided_Student_t_95_df_n_minus_1,estimated,raw_instance,independence_minus_cold,positive_depth_only,3,max3sat,-2.2125901720425745,encoded_energy_mean,unadjusted_exploratory,4,matched_random_selective,all_designs_diagnostic,1.7468749413635447,original_e4,0
equal_2q_budget_128,0.0390669320966554,-0.00896422879743873,two_sided_Student_t_95_df_n_minus_1,estimated,raw_instance,independence_minus_cold,positive_depth_only,3,max3sat,0.015051351649608333,optimum_hit_rate,unadjusted_exploratory,4,matched_random_selective,all_designs_diagnostic,0.015092528290060895,original_e4,0
equal_2q_budget_128,-0.08118664188287635,-0.0913596390384702,two_sided_Student_t_95_df_n_minus_1,estimated,raw_instance,independence_minus_cold,positive_depth_only,3,max3sat,-0.08627314046067328,auxiliary_inconsistency_rate,unadjusted_exploratory,4,matched_random_selective,all_designs_diagnostic,0.003196596636588649,original_e4,0
equal_2q_budget_128,6.970321940669928e-16,-8.640953052315672e-17,two_sided_Student_t_95_df_n_minus_1,estimated,raw_instance,independence_minus_cold,positive_depth_only,3,max3sat,3.0531133177191805e-16,statevector_norm,unadjusted_exploratory,4,matched_random_selective,all_designs_diagnostic,2.461759443637518e-16,original_e4,0
equal_2q_budget_128,0.8096513144222839,-1.5516180812216467,two_sided_Student_t_95_df_n_minus_1,estimated,raw_instance,original_only_minus_cold,positive_depth_only,3,max3sat,-0.3709833833996814,original_objective_mean,unadjusted_exploratory,4,matched_random_selective,all_designs_diagnostic,0.7419667667993628,original_e4,0
equal_2q_budget_128,1.0625572577921893,-2.0362877502398025,two_sided_Student_t_95_df_n_minus_1,estimated,raw_instance,original_only_minus_cold,positive_depth_only,3,max3sat,-0.48686524622380656,encoded_energy_mean,unadjusted_exploratory,4,matched_random_selective,all_designs_diagnostic,0.9737304924476131,original_e4,0
equal_2q_budget_128,0.0412799309327278,-0.021540320226630445,two_sided_Student_t_95_df_n_minus_1,estimated,raw_instance,original_only_minus_cold,positive_depth_only,3,max3sat,0.009869805353048676,optimum_hit_rate,unadjusted_exploratory,4,matched_random_selective,all_designs_diagnostic,0.019739610706097352,original_e4,0
equal_2q_budget_128,0.01593424957838107,-0.008314666006799412,two_sided_Student_t_95_df_n_minus_1,estimated,raw_instance,original_only_minus_cold,positive_depth_only,3,max3sat,0.003809791785790828,auxiliary_inconsistency_rate,unadjusted_exploratory,4,matched_random_selective,all_designs_diagnostic,0.007619583571581656,original_e4,0
equal_2q_budget_128,9.286896374768779e-16,-4.846004276268152e-16,two_sided_Student_t_95_df_n_minus_1,estimated,raw_instance,original_only_minus_cold,positive_depth_only,3,max3sat,2.220446049250313e-16,statevector_norm,unadjusted_exploratory,4,matched_random_selective,all_designs_diagnostic,4.440892098500626e-16,original_e4,0
equal_2q_budget_128,0.5800984252076857,-1.424108719679105,two_sided_Student_t_95_df_n_minus_1,estimated,raw_instance,pair_minus_cold,positive_depth_only,3,max3sat,-0.4220051472357096,original_objective_mean,unadjusted_exploratory,4,matched_random_selective,all_designs_diagnostic,0.6297693511935374,original_e4,0
equal_2q_budget_128,3.306197627552945,-7.793039955670748,two_sided_Student_t_95_df_n_minus_1,estimated,raw_instance,pair_minus_cold,positive_depth_only,3,max3sat,-2.2434211640589017,encoded_energy_mean,unadjusted_exploratory,4,matched_random_selective,all_designs_diagnostic,3.4876433153942004,original_e4,0
equal_2q_budget_128,0.018801248222672137,-0.012133127582793902,two_sided_Student_t_95_df_n_minus_1,estimated,raw_instance,pair_minus_cold,positive_depth_only,3,max3sat,0.0033340603199391167,optimum_hit_rate,unadjusted_exploratory,4,matched_random_selective,all_designs_diagnostic,0.009720313506658931,original_e4,0
equal_2q_budget_128,0.04715339825141732,-0.26741139508589906,two_sided_Student_t_95_df_n_minus_1,estimated,raw_instance,pair_minus_cold,positive_depth_only,3,max3sat,-0.11012899841724086,auxiliary_inconsistency_rate,unadjusted_exploratory,4,matched_random_selective,all_designs_diagnostic,0.09884370800382558,original_e4,0
equal_2q_budget_128,5.249198721917907e-16,-3.583864184980173e-16,two_sided_Student_t_95_df_n_minus_1,estimated,raw_instance,pair_minus_cold,positive_depth_only,3,max3sat,8.326672684688674e-17,statevector_norm,unadjusted_exploratory,4,matched_random_selective,all_designs_diagnostic,2.7755575615628914e-16,original_e4,0
equal_2q_budget_128,0.36361105563037965,-0.1273877391780559,two_sided_Student_t_95_df_n_minus_1,estimated,raw_instance,pair_minus_independence,positive_depth_only,3,max3sat,0.11811165822616188,original_objective_mean,unadjusted_exploratory,4,matched_random_selective,all_designs_diagnostic,0.1542834498081702,original_e4,0
equal_2q_budget_128,2.843353823895251,-2.9050158079279056,two_sided_Student_t_95_df_n_minus_1,estimated,raw_instance,pair_minus_independence,positive_depth_only,3,max3sat,-0.03083099201632722,encoded_energy_mean,unadjusted_exploratory,4,matched_random_selective,all_designs_diagnostic,1.8062738787703452,original_e4,0
equal_2q_budget_128,0.0030352470065817764,-0.026469829665920208,two_sided_Student_t_95_df_n_minus_1,estimated,raw_instance,pair_minus_independence,positive_depth_only,3,max3sat,-0.011717291329669217,optimum_hit_rate,unadjusted_exploratory,4,matched_random_selective,all_designs_diagnostic,0.00927119386853934,original_e4,0
equal_2q_budget_128,0.13035948990681787,-0.17807120581995303,two_sided_Student_t_95_df_n_minus_1,estimated,raw_instance,pair_minus_independence,positive_depth_only,3,max3sat,-0.023855857956567583,auxiliary_inconsistency_rate,unadjusted_exploratory,4,matched_random_selective,all_designs_diagnostic,0.09691622925882327,original_e4,0
equal_2q_budget_128,2.7762888948416794e-16,-7.217180993342306e-16,two_sided_Student_t_95_df_n_minus_1,estimated,raw_instance,pair_minus_independence,positive_depth_only,3,max3sat,-2.220446049250313e-16,statevector_norm,unadjusted_exploratory,4,matched_random_selective,all_designs_diagnostic,3.1401849173675503e-16,original_e4,0
equal_2q_budget_128,0.17269310803229565,-0.27473663570435203,two_sided_Student_t_95_df_n_minus_1,estimated,raw_instance,pair_minus_original_only,positive_depth_only,3,max3sat,-0.05102176383602819,original_objective_mean,unadjusted_exploratory,4,matched_random_selective,all_designs_diagnostic,0.14059302210183255,original_e4,0
equal_2q_budget_128,2.259352359627346,-5.772464195297536,two_sided_Student_t_95_df_n_minus_1,estimated,raw_instance,pair_minus_original_only,positive_depth_only,3,max3sat,-1.7565559178350951,encoded_energy_mean,unadjusted_exploratory,4,matched_random_selective,all_designs_diagnostic,2.523786981602778,original_e4,0
equal_2q_budget_128,0.02047080596666664,-0.03354229603288576,two_sided_Student_t_95_df_n_minus_1,estimated,raw_instance,pair_minus_original_only,positive_depth_only,3,max3sat,-0.006535745033109559,optimum_hit_rate,unadjusted_exploratory,4,matched_random_selective,all_designs_diagnostic,0.01697219585759429,original_e4,0
equal_2q_budget_128,0.0540094275084301,-0.2818870079144935,two_sided_Student_t_95_df_n_minus_1,estimated,raw_instance,pair_minus_original_only,positive_depth_only,3,max3sat,-0.11393879020303169,auxiliary_inconsistency_rate,unadjusted_exploratory,4,matched_random_selective,all_designs_diagnostic,0.10554661515113267,original_e4,0
equal_2q_budget_128,9.34599799171386e-16,-1.212155555327675e-15,two_sided_Student_t_95_df_n_minus_1,estimated,raw_instance,pair_minus_original_only,positive_depth_only,3,max3sat,-1.3877787807814457e-16,statevector_norm,unadjusted_exploratory,4,matched_random_selective,all_designs_diagnostic,6.745613746679326e-16,original_e4,0
equal_2q_budget_128,1.6544860278316558,-3.9702267685723944,two_sided_Student_t_95_df_n_minus_1,estimated,raw_instance,independence_minus_cold,zero_depth_only,3,max3sat,-1.1578703703703692,original_objective_mean,unadjusted_exploratory,4,matched_random_selective,all_designs_diagnostic,1.7674179724778167,original_e4,4
equal_2q_budget_128,-1.2625824979510023,-13.334662872419365,two_sided_Student_t_95_df_n_minus_1,estimated,raw_instance,independence_minus_cold,zero_depth_only,3,max3sat,-7.298622685185184,encoded_energy_mean,unadjusted_exploratory,4,matched_random_selective,all_designs_diagnostic,3.7933335605460172,original_e4,4
equal_2q_budget_128,0.10500939816209877,-0.05443921426292182,two_sided_Student_t_95_df_n_minus_1,estimated,raw_instance,independence_minus_cold,zero_depth_only,3,max3sat,0.025285091949588473,optimum_hit_rate,unadjusted_exploratory,4,matched_random_selective,all_designs_diagnostic,0.05010253029573302,original_e4,4
equal_2q_budget_128,-0.019043526728337923,-0.308453386381964,two_sided_Student_t_95_df_n_minus_1,estimated,raw_instance,independence_minus_cold,zero_depth_only,3,max3sat,-0.16374845655515097,auxiliary_inconsistency_rate,unadjusted_exploratory,4,matched_random_selective,all_designs_diagnostic,0.09093943208817969,original_e4,4
equal_2q_budget_128,5.559399226696688e-16,-6.114510739009267e-16,two_sided_Student_t_95_df_n_minus_1,estimated,raw_instance,independence_minus_cold,zero_depth_only,3,max3sat,-2.7755575615628914e-17,statevector_norm,unadjusted_exploratory,4,matched_random_selective,all_designs_diagnostic,3.668218988117461e-16,original_e4,4
equal_2q_budget_128,1.6544860278316444,-3.970226768572376,two_sided_Student_t_95_df_n_minus_1,estimated,raw_instance,original_only_minus_cold,zero_depth_only,3,max3sat,-1.1578703703703659,original_objective_mean,unadjusted_exploratory,4,matched_random_selective,all_designs_diagnostic,1.7674179724778076,original_e4,4
equal_2q_budget_128,2.3482848510896708,-4.30586586960818,two_sided_Student_t_95_df_n_minus_1,estimated,raw_instance,original_only_minus_cold,zero_depth_only,3,max3sat,-0.9787905092592544,encoded_energy_mean,unadjusted_exploratory,4,matched_random_selective,all_designs_diagnostic,2.090891748794061,original_e4,4
equal_2q_budget_128,0.10500939816209873,-0.05443921426292181,two_sided_Student_t_95_df_n_minus_1,estimated,raw_instance,original_only_minus_cold,zero_depth_only,3,max3sat,0.025285091949588463,optimum_hit_rate,unadjusted_exploratory,4,matched_random_selective,all_designs_diagnostic,0.05010253029573301,original_e4,4
equal_2q_budget_128,1.8985492234375002e-15,-5.662815938873122e-16,two_sided_Student_t_95_df_n_minus_1,estimated,raw_instance,original_only_minus_cold,zero_depth_only,3,max3sat,6.661338147750939e-16,auxiliary_inconsistency_rate,unadjusted_exploratory,4,matched_random_selective,all_designs_diagnostic,7.745082181693175e-16,original_e4,4
equal_2q_budget_128,4.643448187384389e-16,-2.423002138134076e-16,two_sided_Student_t_95_df_n_minus_1,estimated,raw_instance,original_only_minus_cold,zero_depth_only,3,max3sat,1.1102230246251565e-16,statevector_norm,unadjusted_exploratory,4,matched_random_selective,all_designs_diagnostic,2.220446049250313e-16,original_e4,4
equal_2q_budget_128,1.6544860278316553,-3.9702267685723953,two_sided_Student_t_95_df_n_minus_1,estimated,raw_instance,pair_minus_cold,zero_depth_only,3,max3sat,-1.15787037037037,original_objective_mean,unadjusted_exploratory,4,matched_random_selective,all_designs_diagnostic,1.767417972477817,original_e4,4
equal_2q_budget_128,0.19353931098149957,-9.380425885055576,two_sided_Student_t_95_df_n_minus_1,estimated,raw_instance,pair_minus_cold,zero_depth_only,3,max3sat,-4.593443287037038,encoded_energy_mean,unadjusted_exploratory,4,matched_random_selective,all_designs_diagnostic,3.00836660783302,original_e4,4
equal_2q_budget_128,0.1050093981620988,-0.05443921426292182,two_sided_Student_t_95_df_n_minus_1,estimated,raw_instance,pair_minus_cold,zero_depth_only,3,max3sat,0.025285091949588483,optimum_hit_rate,unadjusted_exploratory,4,matched_random_selective,all_designs_diagnostic,0.05010253029573303,original_e4,4
equal_2q_budget_128,0.061507843781657356,-0.28141376723729455,two_sided_Student_t_95_df_n_minus_1,estimated,raw_instance,pair_minus_cold,zero_depth_only,3,max3sat,-0.1099529617278186,auxiliary_inconsistency_rate,unadjusted_exploratory,4,matched_random_selective,all_designs_diagnostic,0.10775409170285474,original_e4,4
equal_2q_budget_128,8.218528803491993e-16,-9.883863340429728e-16,two_sided_Student_t_95_df_n_minus_1,estimated,raw_instance,pair_minus_cold,zero_depth_only,3,max3sat,-8.326672684688674e-17,statevector_norm,unadjusted_exploratory,4,matched_random_selective,all_designs_diagnostic,5.688200336284365e-16,original_e4,4
equal_2q_budget_128,6.590249665625187e-15,-8.366606505025437e-15,two_sided_Student_t_95_df_n_minus_1,estimated,raw_instance,pair_minus_independence,zero_depth_only,3,max3sat,-8.881784197001252e-16,original_objective_mean,unadjusted_exploratory,4,matched_random_selective,all_designs_diagnostic,4.699798436761765e-15,original_e4,4
equal_2q_budget_128,7.786373957951902,-2.3760151616556104,two_sided_Student_t_95_df_n_minus_1,estimated,raw_instance,pair_minus_independence,zero_depth_only,3,max3sat,2.705179398148146,encoded_energy_mean,unadjusted_exploratory,4,matched_random_selective,all_designs_diagnostic,3.1932633404482713,original_e4,4
equal_2q_budget_128,3.1702470982957075e-17,-1.1319470140229589e-17,two_sided_Student_t_95_df_n_minus_1,estimated,raw_instance,pair_minus_independence,zero_depth_only,3,max3sat,1.0191500421363742e-17,optimum_hit_rate,unadjusted_exploratory,4,matched_random_selective,all_designs_diagnostic,1.3518512803109605e-17,original_e4,4
equal_2q_budget_128,0.12175414667508241,-0.014163157020417705,two_sided_Student_t_95_df_n_minus_1,estimated,raw_instance,pair_minus_independence,zero_depth_only,3,max3sat,0.053795494827332355,auxiliary_inconsistency_rate,unadjusted_exploratory,4,matched_random_selective,all_designs_diagnostic,0.042708435793509296,original_e4,4
equal_2q_budget_128,5.975782263178359e-16,-7.086005287803515e-16,two_sided_Student_t_95_df_n_minus_1,estimated,raw_instance,pair_minus_independence,zero_depth_only,3,max3sat,-5.551115123125783e-17,statevector_norm,unadjusted_exploratory,4,matched_random_selective,all_designs_diagnostic,4.10432299495386e-16,original_e4,4
equal_2q_budget_128,1.0710161220093665e-14,-1.9147856207244855e-14,two_sided_Student_t_95_df_n_minus_1,estimated,raw_instance,pair_minus_original_only,zero_depth_only,3,max3sat,-4.218847493575595e-15,original_objective_mean,unadjusted_exploratory,4,matched_random_selective,all_designs_diagnostic,9.382096212516222e-15,original_e4,4
equal_2q_budget_128,-0.8610241476021367,-6.368281407953431,two_sided_Student_t_95_df_n_minus_1,estimated,raw_instance,pair_minus_original_only,zero_depth_only,3,max3sat,-3.614652777777784,encoded_energy_mean,unadjusted_exploratory,4,matched_random_selective,all_designs_diagnostic,1.7305106613135253,original_e4,4
equal_2q_budget_128,6.296233766377857e-17,-2.0895293371340998e-17,two_sided_Student_t_95_df_n_minus_1,estimated,raw_instance,pair_minus_original_only,zero_depth_only,3,max3sat,2.1033522146218786e-17,optimum_hit_rate,unadjusted_exploratory,4,matched_random_selective,all_designs_diagnostic,2.6350053697966117e-17,original_e4,4
equal_2q_budget_128,0.06150784378165716,-0.2814137672372957,two_sided_Student_t_95_df_n_minus_1,estimated,raw_instance,pair_minus_original_only,zero_depth_only,3,max3sat,-0.10995296172781927,auxiliary_inconsistency_rate,unadjusted_exploratory,4,matched_random_selective,all_designs_diagnostic,0.10775409170285503,original_e4,4
equal_2q_budget_128,9.808735575758218e-16,-1.3694516161946266e-15,two_sided_Student_t_95_df_n_minus_1,estimated,raw_instance,pair_minus_original_only,zero_depth_only,3,max3sat,-1.942890293094024e-16,statevector_norm,unadjusted_exploratory,4,matched_random_selective,all_designs_diagnostic,7.385278330912554e-16,original_e4,4
equal_2q_budget_256,0.4863107246533245,-2.2348467561910783,two_sided_Student_t_95_df_n_minus_1,estimated,raw_instance,independence_minus_cold,all_scheduled,6,max3sat,-0.8742680157688769,original_objective_mean,unadjusted_exploratory,7,matched_random_selective,all_designs_diagnostic,1.4711412610120074,original_e4,0
equal_2q_budget_256,1.2759501011899115,-8.174003551944914,two_sided_Student_t_95_df_n_minus_1,estimated,raw_instance,independence_minus_cold,all_scheduled,6,max3sat,-3.449026725377501,encoded_energy_mean,unadjusted_exploratory,7,matched_random_selective,all_designs_diagnostic,5.10893501447178,original_e4,0
equal_2q_budget_256,0.0719351803019474,-0.026004756745363275,two_sided_Student_t_95_df_n_minus_1,estimated,raw_instance,independence_minus_cold,all_scheduled,6,max3sat,0.022965211778292062,optimum_hit_rate,unadjusted_exploratory,7,matched_random_selective,all_designs_diagnostic,0.05294933626792767,original_e4,0
equal_2q_budget_256,-0.0023100200163684442,-0.13551558615911774,two_sided_Student_t_95_df_n_minus_1,estimated,raw_instance,independence_minus_cold,all_scheduled,6,max3sat,-0.0689128030877431,auxiliary_inconsistency_rate,unadjusted_exploratory,7,matched_random_selective,all_designs_diagnostic,0.07201501784757158,original_e4,0
equal_2q_budget_256,5.397862579130172e-16,1.8978887255494276e-16,two_sided_Student_t_95_df_n_minus_1,estimated,raw_instance,independence_minus_cold,all_scheduled,6,max3sat,3.6478756523398e-16,statevector_norm,unadjusted_exploratory,7,matched_random_selective,all_designs_diagnostic,1.8921932981504835e-16,original_e4,0
equal_2q_budget_256,0.5768366945372785,-1.8583720159992132,two_sided_Student_t_95_df_n_minus_1,estimated,raw_instance,original_only_minus_cold,all_scheduled,6,max3sat,-0.6407676607309674,original_objective_mean,unadjusted_exploratory,7,matched_random_selective,all_designs_diagnostic,1.3165485784874096,original_e4,0
equal_2q_budget_256,1.0163988245777926,-2.5208571169486103,two_sided_Student_t_95_df_n_minus_1,estimated,raw_instance,original_only_minus_cold,all_scheduled,6,max3sat,-0.7522291461854087,encoded_energy_mean,unadjusted_exploratory,7,matched_random_selective,all_designs_diagnostic,1.9123491392804557,original_e4,0
equal_2q_budget_256,0.059551346825720906,-0.01905628087643694,two_sided_Student_t_95_df_n_minus_1,estimated,raw_instance,original_only_minus_cold,all_scheduled,6,max3sat,0.020247532974641984,optimum_hit_rate,unadjusted_exploratory,7,matched_random_selective,all_designs_diagnostic,0.04249769642403413,original_e4,0
equal_2q_budget_256,0.005591337141703548,-0.003892413018604289,two_sided_Student_t_95_df_n_minus_1,estimated,raw_instance,original_only_minus_cold,all_scheduled,6,max3sat,0.0008494620615496297,auxiliary_inconsistency_rate,unadjusted_exploratory,7,matched_random_selective,all_designs_diagnostic,0.0051272064436449554,original_e4,0
equal_2q_budget_256,5.437690227081951e-16,-1.3140047070456559e-16,two_sided_Student_t_95_df_n_minus_1,estimated,raw_instance,original_only_minus_cold,all_scheduled,6,max3sat,2.061842760018148e-16,statevector_norm,unadjusted_exploratory,7,matched_random_selective,all_designs_diagnostic,3.650173526994349e-16,original_e4,0
equal_2q_budget_256,0.42382183243454896,-1.8530365734274792,two_sided_Student_t_95_df_n_minus_1,estimated,raw_instance,pair_minus_cold,all_scheduled,6,max3sat,-0.7146073704964652,original_objective_mean,unadjusted_exploratory,7,matched_random_selective,all_designs_diagnostic,1.2309395431631704,original_e4,0
equal_2q_budget_256,0.5350169753642917,-5.5501036419345375,two_sided_Student_t_95_df_n_minus_1,estimated,raw_instance,pair_minus_cold,all_scheduled,6,max3sat,-2.507543333285123,encoded_energy_mean,unadjusted_exploratory,7,matched_random_selective,all_designs_diagnostic,3.2898029905881248,original_e4,0
equal_2q_budget_256,0.05451979250455878,-0.020507156698415907,two_sided_Student_t_95_df_n_minus_1,estimated,raw_instance,pair_minus_cold,all_scheduled,6,max3sat,0.017006317903071437,optimum_hit_rate,unadjusted_exploratory,7,matched_random_selective,all_designs_diagnostic,0.040561871717214044,original_e4,0
equal_2q_budget_256,0.008879618505695325,-0.1343645037166874,two_sided_Student_t_95_df_n_minus_1,estimated,raw_instance,pair_minus_cold,all_scheduled,6,max3sat,-0.06274244260549604,auxiliary_inconsistency_rate,unadjusted_exploratory,7,matched_random_selective,all_designs_diagnostic,0.077442169401163,original_e4,0
equal_2q_budget_256,6.271601812563687e-16,-2.1479162925273907e-16,two_sided_Student_t_95_df_n_minus_1,estimated,raw_instance,pair_minus_cold,all_scheduled,6,max3sat,2.061842760018148e-16,statevector_norm,unadjusted_exploratory,7,matched_random_selective,all_designs_diagnostic,4.55184992762474e-16,original_e4,0
equal_2q_budget_256,0.501129517291929,-0.18180822674710537,two_sided_Student_t_95_df_n_minus_1,estimated,raw_instance,pair_minus_independence,all_scheduled,6,max3sat,0.15966064527241183,original_objective_mean,unadjusted_exploratory,7,matched_random_selective,all_designs_diagnostic,0.369217107437131,original_e4,0
equal_2q_budget_256,3.3277548739626104,-1.4447880897778544,two_sided_Student_t_95_df_n_minus_1,estimated,raw_instance,pair_minus_independence,all_scheduled,6,max3sat,0.941483392092378,encoded_energy_mean,unadjusted_exploratory,7,matched_random_selective,all_designs_diagnostic,2.58018322105063,original_e4,0
equal_2q_budget_256,0.009509532045197774,-0.021427319795639013,two_sided_Student_t_95_df_n_minus_1,estimated,raw_instance,pair_minus_independence,all_scheduled,6,max3sat,-0.005958893875220621,optimum_hit_rate,unadjusted_exploratory,7,matched_random_selective,all_designs_diagnostic,0.016725411722495122,original_e4,0
equal_2q_budget_256,0.06849873985700801,-0.05615801889251387,two_sided_Student_t_95_df_n_minus_1,estimated,raw_instance,pair_minus_independence,all_scheduled,6,max3sat,0.006170360482247069,auxiliary_inconsistency_rate,unadjusted_exploratory,7,matched_random_selective,all_designs_diagnostic,0.06739327016220102,original_e4,0
equal_2q_budget_256,1.2481630905531222e-16,-4.4202288751964264e-16,two_sided_Student_t_95_df_n_minus_1,estimated,raw_instance,pair_minus_independence,all_scheduled,6,max3sat,-1.5860328923216522e-16,statevector_norm,unadjusted_exploratory,7,matched_random_selective,all_designs_diagnostic,3.064506689930876e-16,original_e4,0
equal_2q_budget_256,0.22461019179880512,-0.37228961132980054,two_sided_Student_t_95_df_n_minus_1,estimated,raw_instance,pair_minus_original_only,all_scheduled,6,max3sat,-0.07383970976549772,original_objective_mean,unadjusted_exploratory,7,matched_random_selective,all_designs_diagnostic,0.32270235561667865,original_e4,0
equal_2q_budget_256,0.02913398361645214,-3.5397623578158806,two_sided_Student_t_95_df_n_minus_1,estimated,raw_instance,pair_minus_original_only,all_scheduled,6,max3sat,-1.7553141870997142,encoded_energy_mean,unadjusted_exploratory,7,matched_random_selective,all_designs_diagnostic,1.929454910682591,original_e4,0
equal_2q_budget_256,0.009129742518964371,-0.015612172662105458,two_sided_Student_t_95_df_n_minus_1,estimated,raw_instance,pair_minus_original_only,all_scheduled,6,max3sat,-0.003241215071570543,optimum_hit_rate,unadjusted_exploratory,7,matched_random_selective,all_designs_diagnostic,0.013376238808507423,original_e4,0
equal_2q_budget_256,0.011274481817202114,-0.13845829115129343,two_sided_Student_t_95_df_n_minus_1,estimated,raw_instance,pair_minus_original_only,all_scheduled,6,max3sat,-0.06359190466704566,auxiliary_inconsistency_rate,unadjusted_exploratory,7,matched_random_selective,all_designs_diagnostic,0.08095013316588447,original_e4,0
equal_2q_budget_256,6.493958812931709e-16,-6.493958812931709e-16,two_sided_Student_t_95_df_n_minus_1,estimated,raw_instance,pair_minus_original_only,all_scheduled,6,max3sat,0.0,statevector_norm,unadjusted_exploratory,7,matched_random_selective,all_designs_diagnostic,7.021666937153402e-16,original_e4,0
equal_2q_budget_256,0.4863107246533245,-2.2348467561910783,two_sided_Student_t_95_df_n_minus_1,estimated,raw_instance,independence_minus_cold,positive_depth_only,6,max3sat,-0.8742680157688769,original_objective_mean,unadjusted_exploratory,7,matched_random_selective,all_designs_diagnostic,1.4711412610120074,original_e4,0
equal_2q_budget_256,1.2759501011899115,-8.174003551944914,two_sided_Student_t_95_df_n_minus_1,estimated,raw_instance,independence_minus_cold,positive_depth_only,6,max3sat,-3.449026725377501,encoded_energy_mean,unadjusted_exploratory,7,matched_random_selective,all_designs_diagnostic,5.10893501447178,original_e4,0
equal_2q_budget_256,0.0719351803019474,-0.026004756745363275,two_sided_Student_t_95_df_n_minus_1,estimated,raw_instance,independence_minus_cold,positive_depth_only,6,max3sat,0.022965211778292062,optimum_hit_rate,unadjusted_exploratory,7,matched_random_selective,all_designs_diagnostic,0.05294933626792767,original_e4,0
equal_2q_budget_256,-0.0023100200163684442,-0.13551558615911774,two_sided_Student_t_95_df_n_minus_1,estimated,raw_instance,independence_minus_cold,positive_depth_only,6,max3sat,-0.0689128030877431,auxiliary_inconsistency_rate,unadjusted_exploratory,7,matched_random_selective,all_designs_diagnostic,0.07201501784757158,original_e4,0
equal_2q_budget_256,5.397862579130172e-16,1.8978887255494276e-16,two_sided_Student_t_95_df_n_minus_1,estimated,raw_instance,independence_minus_cold,positive_depth_only,6,max3sat,3.6478756523398e-16,statevector_norm,unadjusted_exploratory,7,matched_random_selective,all_designs_diagnostic,1.8921932981504835e-16,original_e4,0
equal_2q_budget_256,0.5768366945372785,-1.8583720159992132,two_sided_Student_t_95_df_n_minus_1,estimated,raw_instance,original_only_minus_cold,positive_depth_only,6,max3sat,-0.6407676607309674,original_objective_mean,unadjusted_exploratory,7,matched_random_selective,all_designs_diagnostic,1.3165485784874096,original_e4,0
equal_2q_budget_256,1.0163988245777926,-2.5208571169486103,two_sided_Student_t_95_df_n_minus_1,estimated,raw_instance,original_only_minus_cold,positive_depth_only,6,max3sat,-0.7522291461854087,encoded_energy_mean,unadjusted_exploratory,7,matched_random_selective,all_designs_diagnostic,1.9123491392804557,original_e4,0
equal_2q_budget_256,0.059551346825720906,-0.01905628087643694,two_sided_Student_t_95_df_n_minus_1,estimated,raw_instance,original_only_minus_cold,positive_depth_only,6,max3sat,0.020247532974641984,optimum_hit_rate,unadjusted_exploratory,7,matched_random_selective,all_designs_diagnostic,0.04249769642403413,original_e4,0
equal_2q_budget_256,0.005591337141703548,-0.003892413018604289,two_sided_Student_t_95_df_n_minus_1,estimated,raw_instance,original_only_minus_cold,positive_depth_only,6,max3sat,0.0008494620615496297,auxiliary_inconsistency_rate,unadjusted_exploratory,7,matched_random_selective,all_designs_diagnostic,0.0051272064436449554,original_e4,0
equal_2q_budget_256,5.437690227081951e-16,-1.3140047070456559e-16,two_sided_Student_t_95_df_n_minus_1,estimated,raw_instance,original_only_minus_cold,positive_depth_only,6,max3sat,2.061842760018148e-16,statevector_norm,unadjusted_exploratory,7,matched_random_selective,all_designs_diagnostic,3.650173526994349e-16,original_e4,0
equal_2q_budget_256,0.42382183243454896,-1.8530365734274792,two_sided_Student_t_95_df_n_minus_1,estimated,raw_instance,pair_minus_cold,positive_depth_only,6,max3sat,-0.7146073704964652,original_objective_mean,unadjusted_exploratory,7,matched_random_selective,all_designs_diagnostic,1.2309395431631704,original_e4,0
equal_2q_budget_256,0.5350169753642917,-5.5501036419345375,two_sided_Student_t_95_df_n_minus_1,estimated,raw_instance,pair_minus_cold,positive_depth_only,6,max3sat,-2.507543333285123,encoded_energy_mean,unadjusted_exploratory,7,matched_random_selective,all_designs_diagnostic,3.2898029905881248,original_e4,0
equal_2q_budget_256,0.05451979250455878,-0.020507156698415907,two_sided_Student_t_95_df_n_minus_1,estimated,raw_instance,pair_minus_cold,positive_depth_only,6,max3sat,0.017006317903071437,optimum_hit_rate,unadjusted_exploratory,7,matched_random_selective,all_designs_diagnostic,0.040561871717214044,original_e4,0
equal_2q_budget_256,0.008879618505695325,-0.1343645037166874,two_sided_Student_t_95_df_n_minus_1,estimated,raw_instance,pair_minus_cold,positive_depth_only,6,max3sat,-0.06274244260549604,auxiliary_inconsistency_rate,unadjusted_exploratory,7,matched_random_selective,all_designs_diagnostic,0.077442169401163,original_e4,0
equal_2q_budget_256,6.271601812563687e-16,-2.1479162925273907e-16,two_sided_Student_t_95_df_n_minus_1,estimated,raw_instance,pair_minus_cold,positive_depth_only,6,max3sat,2.061842760018148e-16,statevector_norm,unadjusted_exploratory,7,matched_random_selective,all_designs_diagnostic,4.55184992762474e-16,original_e4,0
equal_2q_budget_256,0.501129517291929,-0.18180822674710537,two_sided_Student_t_95_df_n_minus_1,estimated,raw_instance,pair_minus_independence,positive_depth_only,6,max3sat,0.15966064527241183,original_objective_mean,unadjusted_exploratory,7,matched_random_selective,all_designs_diagnostic,0.369217107437131,original_e4,0
equal_2q_budget_256,3.3277548739626104,-1.4447880897778544,two_sided_Student_t_95_df_n_minus_1,estimated,raw_instance,pair_minus_independence,positive_depth_only,6,max3sat,0.941483392092378,encoded_energy_mean,unadjusted_exploratory,7,matched_random_selective,all_designs_diagnostic,2.58018322105063,original_e4,0
equal_2q_budget_256,0.009509532045197774,-0.021427319795639013,two_sided_Student_t_95_df_n_minus_1,estimated,raw_instance,pair_minus_independence,positive_depth_only,6,max3sat,-0.005958893875220621,optimum_hit_rate,unadjusted_exploratory,7,matched_random_selective,all_designs_diagnostic,0.016725411722495122,original_e4,0
equal_2q_budget_256,0.06849873985700801,-0.05615801889251387,two_sided_Student_t_95_df_n_minus_1,estimated,raw_instance,pair_minus_independence,positive_depth_only,6,max3sat,0.006170360482247069,auxiliary_inconsistency_rate,unadjusted_exploratory,7,matched_random_selective,all_designs_diagnostic,0.06739327016220102,original_e4,0
equal_2q_budget_256,1.2481630905531222e-16,-4.4202288751964264e-16,two_sided_Student_t_95_df_n_minus_1,estimated,raw_instance,pair_minus_independence,positive_depth_only,6,max3sat,-1.5860328923216522e-16,statevector_norm,unadjusted_exploratory,7,matched_random_selective,all_designs_diagnostic,3.064506689930876e-16,original_e4,0
equal_2q_budget_256,0.22461019179880512,-0.37228961132980054,two_sided_Student_t_95_df_n_minus_1,estimated,raw_instance,pair_minus_original_only,positive_depth_only,6,max3sat,-0.07383970976549772,original_objective_mean,unadjusted_exploratory,7,matched_random_selective,all_designs_diagnostic,0.32270235561667865,original_e4,0
equal_2q_budget_256,0.02913398361645214,-3.5397623578158806,two_sided_Student_t_95_df_n_minus_1,estimated,raw_instance,pair_minus_original_only,positive_depth_only,6,max3sat,-1.7553141870997142,encoded_energy_mean,unadjusted_exploratory,7,matched_random_selective,all_designs_diagnostic,1.929454910682591,original_e4,0
equal_2q_budget_256,0.009129742518964371,-0.015612172662105458,two_sided_Student_t_95_df_n_minus_1,estimated,raw_instance,pair_minus_original_only,positive_depth_only,6,max3sat,-0.003241215071570543,optimum_hit_rate,unadjusted_exploratory,7,matched_random_selective,all_designs_diagnostic,0.013376238808507423,original_e4,0
equal_2q_budget_256,0.011274481817202114,-0.13845829115129343,two_sided_Student_t_95_df_n_minus_1,estimated,raw_instance,pair_minus_original_only,positive_depth_only,6,max3sat,-0.06359190466704566,auxiliary_inconsistency_rate,unadjusted_exploratory,7,matched_random_selective,all_designs_diagnostic,0.08095013316588447,original_e4,0
equal_2q_budget_256,6.493958812931709e-16,-6.493958812931709e-16,two_sided_Student_t_95_df_n_minus_1,estimated,raw_instance,pair_minus_original_only,positive_depth_only,6,max3sat,0.0,statevector_norm,unadjusted_exploratory,7,matched_random_selective,all_designs_diagnostic,7.021666937153402e-16,original_e4,0
equal_layer_p1,0.376365931588032,-1.8612641288833842,two_sided_Student_t_95_df_n_minus_1,estimated,raw_instance,independence_minus_cold,all_scheduled,6,max3sat,-0.742449098647676,original_objective_mean,unadjusted_exploratory,7,matched_random_selective,all_designs_diagnostic,1.209731495517412,original_e4,0
equal_layer_p1,0.48551789364933295,-5.959177097937158,two_sided_Student_t_95_df_n_minus_1,estimated,raw_instance,independence_minus_cold,all_scheduled,6,max3sat,-2.7368296021439127,encoded_energy_mean,unadjusted_exploratory,7,matched_random_selective,all_designs_diagnostic,3.484199934587487,original_e4,0
equal_layer_p1,0.059995908456548355,-0.012135271028711567,two_sided_Student_t_95_df_n_minus_1,estimated,raw_instance,independence_minus_cold,all_scheduled,6,max3sat,0.023930318713918392,optimum_hit_rate,unadjusted_exploratory,7,matched_random_selective,all_designs_diagnostic,0.038996329721167074,original_e4,0
equal_layer_p1,-0.023719165013013938,-0.1144230389820517,two_sided_Student_t_95_df_n_minus_1,estimated,raw_instance,independence_minus_cold,all_scheduled,6,max3sat,-0.06907110199753282,auxiliary_inconsistency_rate,unadjusted_exploratory,7,matched_random_selective,all_designs_diagnostic,0.049037298454361104,original_e4,0
equal_layer_p1,5.957046379148696e-16,-1.19894770218374e-16,two_sided_Student_t_95_df_n_minus_1,estimated,raw_instance,independence_minus_cold,all_scheduled,6,max3sat,2.379049338482478e-16,statevector_norm,unadjusted_exploratory,7,matched_random_selective,all_designs_diagnostic,3.868750056075063e-16,original_e4,0
equal_layer_p1,0.5601353699493673,-1.735569884552178,two_sided_Student_t_95_df_n_minus_1,estimated,raw_instance,original_only_minus_cold,all_scheduled,6,max3sat,-0.5877172573014054,original_objective_mean,unadjusted_exploratory,7,matched_random_selective,all_designs_diagnostic,1.2411287280482137,original_e4,0
equal_layer_p1,1.1602669066790292,-2.0270525758904143,two_sided_Student_t_95_df_n_minus_1,estimated,raw_instance,original_only_minus_cold,all_scheduled,6,max3sat,-0.43339283460569256,encoded_energy_mean,unadjusted_exploratory,7,matched_random_selective,all_designs_diagnostic,1.7231627481480072,original_e4,0
equal_layer_p1,0.055848340294379094,-0.01979805778991204,two_sided_Student_t_95_df_n_minus_1,estimated,raw_instance,original_only_minus_cold,all_scheduled,6,max3sat,0.018025141252233527,optimum_hit_rate,unadjusted_exploratory,7,matched_random_selective,all_designs_diagnostic,0.0408967647966508,original_e4,0
equal_layer_p1,0.02627805007863611,-0.010534880274339834,two_sided_Student_t_95_df_n_minus_1,estimated,raw_instance,original_only_minus_cold,all_scheduled,6,max3sat,0.007871584902148137,auxiliary_inconsistency_rate,unadjusted_exploratory,7,matched_random_selective,all_designs_diagnostic,0.0199022001344144,original_e4,0
equal_layer_p1,4.909358268839621e-16,-1.1028793272676553e-16,two_sided_Student_t_95_df_n_minus_1,estimated,raw_instance,original_only_minus_cold,all_scheduled,6,max3sat,1.9032394707859825e-16,statevector_norm,unadjusted_exploratory,7,matched_random_selective,all_designs_diagnostic,3.2504001921624943e-16,original_e4,0
equal_layer_p1,0.5873615424121064,-1.956846547135374,two_sided_Student_t_95_df_n_minus_1,estimated,raw_instance,pair_minus_cold,all_scheduled,6,max3sat,-0.6847425023616338,original_objective_mean,unadjusted_exploratory,7,matched_random_selective,all_designs_diagnostic,1.3754769885542875,original_e4,0
equal_layer_p1,0.29852331449827174,-5.130216393974193,two_sided_Student_t_95_df_n_minus_1,estimated,raw_instance,pair_minus_cold,all_scheduled,6,max3sat,-2.4158465397379607,encoded_energy_mean,unadjusted_exploratory,7,matched_random_selective,all_designs_diagnostic,2.9349433234381808,original_e4,0
equal_layer_p1,0.06846354783555972,-0.01853380545531723,two_sided_Student_t_95_df_n_minus_1,estimated,raw_instance,pair_minus_cold,all_scheduled,6,max3sat,0.024964871190121245,optimum_hit_rate,unadjusted_exploratory,7,matched_random_selective,all_designs_diagnostic,0.047033439602816605,original_e4,0
equal_layer_p1,-0.01118105563165181,-0.1211379999260904,two_sided_Student_t_95_df_n_minus_1,estimated,raw_instance,pair_minus_cold,all_scheduled,6,max3sat,-0.0661595277788711,auxiliary_inconsistency_rate,unadjusted_exploratory,7,matched_random_selective,all_designs_diagnostic,0.05944609925190767,original_e4,0
equal_layer_p1,5.931972016891321e-16,-4.663145703034e-16,two_sided_Student_t_95_df_n_minus_1,estimated,raw_instance,pair_minus_cold,all_scheduled,6,max3sat,6.344131569286608e-17,statevector_norm,unadjusted_exploratory,7,matched_random_selective,all_designs_diagnostic,5.72804586018477e-16,original_e4,0
equal_layer_p1,0.24461170011404593,-0.1291985075419615,two_sided_Student_t_95_df_n_minus_1,estimated,raw_instance,pair_minus_independence,all_scheduled,6,max3sat,0.05770659628604223,original_objective_mean,unadjusted_exploratory,7,matched_random_selective,all_designs_diagnostic,0.20209327249210543,original_e4,0
equal_layer_p1,1.4062882325272161,-0.764322107715313,two_sided_Student_t_95_df_n_minus_1,estimated,raw_instance,pair_minus_independence,all_scheduled,6,max3sat,0.32098306240595165,encoded_energy_mean,unadjusted_exploratory,7,matched_random_selective,all_designs_diagnostic,1.1734985775682454,original_e4,0
equal_layer_p1,0.009637065417891066,-0.007567960465485357,two_sided_Student_t_95_df_n_minus_1,estimated,raw_instance,pair_minus_independence,all_scheduled,6,max3sat,0.0010345524762028545,optimum_hit_rate,unadjusted_exploratory,7,matched_random_selective,all_designs_diagnostic,0.009301565106757566,original_e4,0
equal_layer_p1,0.05217320292412847,-0.046350054486805056,two_sided_Student_t_95_df_n_minus_1,estimated,raw_instance,pair_minus_independence,all_scheduled,6,max3sat,0.002911574218661704,auxiliary_inconsistency_rate,unadjusted_exploratory,7,matched_random_selective,all_designs_diagnostic,0.053264697161721955,original_e4,0
equal_layer_p1,2.441203591867464e-16,-5.930475954975098e-16,two_sided_Student_t_95_df_n_minus_1,estimated,raw_instance,pair_minus_independence,all_scheduled,6,max3sat,-1.7446361815538174e-16,statevector_norm,unadjusted_exploratory,7,matched_random_selective,all_designs_diagnostic,4.525986934614545e-16,original_e4,0
equal_layer_p1,0.07590595422778827,-0.26995644434824495,two_sided_Student_t_95_df_n_minus_1,estimated,raw_instance,pair_minus_original_only,all_scheduled,6,max3sat,-0.09702524506022835,original_objective_mean,unadjusted_exploratory,7,matched_random_selective,all_designs_diagnostic,0.18698382903583122,original_e4,0
equal_layer_p1,-0.08170483159486719,-3.8832025786696693,two_sided_Student_t_95_df_n_minus_1,estimated,raw_instance,pair_minus_original_only,all_scheduled,6,max3sat,-1.9824537051322682,encoded_energy_mean,unadjusted_exploratory,7,matched_random_selective,all_designs_diagnostic,2.0552063703532903,original_e4,0
equal_layer_p1,0.014927474071497478,-0.0010480141957220426,two_sided_Student_t_95_df_n_minus_1,estimated,raw_instance,pair_minus_original_only,all_scheduled,6,max3sat,0.0069397299378877175,optimum_hit_rate,unadjusted_exploratory,7,matched_random_selective,all_designs_diagnostic,0.008636839330381894,original_e4,0
equal_layer_p1,-0.004519749747432425,-0.14354247561460604,two_sided_Student_t_95_df_n_minus_1,estimated,raw_instance,pair_minus_original_only,all_scheduled,6,max3sat,-0.07403111268101924,auxiliary_inconsistency_rate,unadjusted_exploratory,7,matched_random_selective,all_designs_diagnostic,0.0751599529543197,original_e4,0
equal_layer_p1,5.182472409406549e-16,-7.720125037121191e-16,two_sided_Student_t_95_df_n_minus_1,estimated,raw_instance,pair_minus_original_only,all_scheduled,6,max3sat,-1.2688263138573217e-16,statevector_norm,unadjusted_exploratory,7,matched_random_selective,all_designs_diagnostic,6.9755402292722e-16,original_e4,0
equal_layer_p1,0.376365931588032,-1.8612641288833842,two_sided_Student_t_95_df_n_minus_1,estimated,raw_instance,independence_minus_cold,positive_depth_only,6,max3sat,-0.742449098647676,original_objective_mean,unadjusted_exploratory,7,matched_random_selective,all_designs_diagnostic,1.209731495517412,original_e4,0
equal_layer_p1,0.48551789364933295,-5.959177097937158,two_sided_Student_t_95_df_n_minus_1,estimated,raw_instance,independence_minus_cold,positive_depth_only,6,max3sat,-2.7368296021439127,encoded_energy_mean,unadjusted_exploratory,7,matched_random_selective,all_designs_diagnostic,3.484199934587487,original_e4,0
equal_layer_p1,0.059995908456548355,-0.012135271028711567,two_sided_Student_t_95_df_n_minus_1,estimated,raw_instance,independence_minus_cold,positive_depth_only,6,max3sat,0.023930318713918392,optimum_hit_rate,unadjusted_exploratory,7,matched_random_selective,all_designs_diagnostic,0.038996329721167074,original_e4,0
equal_layer_p1,-0.023719165013013938,-0.1144230389820517,two_sided_Student_t_95_df_n_minus_1,estimated,raw_instance,independence_minus_cold,positive_depth_only,6,max3sat,-0.06907110199753282,auxiliary_inconsistency_rate,unadjusted_exploratory,7,matched_random_selective,all_designs_diagnostic,0.049037298454361104,original_e4,0
equal_layer_p1,5.957046379148696e-16,-1.19894770218374e-16,two_sided_Student_t_95_df_n_minus_1,estimated,raw_instance,independence_minus_cold,positive_depth_only,6,max3sat,2.379049338482478e-16,statevector_norm,unadjusted_exploratory,7,matched_random_selective,all_designs_diagnostic,3.868750056075063e-16,original_e4,0
equal_layer_p1,0.5601353699493673,-1.735569884552178,two_sided_Student_t_95_df_n_minus_1,estimated,raw_instance,original_only_minus_cold,positive_depth_only,6,max3sat,-0.5877172573014054,original_objective_mean,unadjusted_exploratory,7,matched_random_selective,all_designs_diagnostic,1.2411287280482137,original_e4,0
equal_layer_p1,1.1602669066790292,-2.0270525758904143,two_sided_Student_t_95_df_n_minus_1,estimated,raw_instance,original_only_minus_cold,positive_depth_only,6,max3sat,-0.43339283460569256,encoded_energy_mean,unadjusted_exploratory,7,matched_random_selective,all_designs_diagnostic,1.7231627481480072,original_e4,0
equal_layer_p1,0.055848340294379094,-0.01979805778991204,two_sided_Student_t_95_df_n_minus_1,estimated,raw_instance,original_only_minus_cold,positive_depth_only,6,max3sat,0.018025141252233527,optimum_hit_rate,unadjusted_exploratory,7,matched_random_selective,all_designs_diagnostic,0.0408967647966508,original_e4,0
equal_layer_p1,0.02627805007863611,-0.010534880274339834,two_sided_Student_t_95_df_n_minus_1,estimated,raw_instance,original_only_minus_cold,positive_depth_only,6,max3sat,0.007871584902148137,auxiliary_inconsistency_rate,unadjusted_exploratory,7,matched_random_selective,all_designs_diagnostic,0.0199022001344144,original_e4,0
equal_layer_p1,4.909358268839621e-16,-1.1028793272676553e-16,two_sided_Student_t_95_df_n_minus_1,estimated,raw_instance,original_only_minus_cold,positive_depth_only,6,max3sat,1.9032394707859825e-16,statevector_norm,unadjusted_exploratory,7,matched_random_selective,all_designs_diagnostic,3.2504001921624943e-16,original_e4,0
equal_layer_p1,0.5873615424121064,-1.956846547135374,two_sided_Student_t_95_df_n_minus_1,estimated,raw_instance,pair_minus_cold,positive_depth_only,6,max3sat,-0.6847425023616338,original_objective_mean,unadjusted_exploratory,7,matched_random_selective,all_designs_diagnostic,1.3754769885542875,original_e4,0
equal_layer_p1,0.29852331449827174,-5.130216393974193,two_sided_Student_t_95_df_n_minus_1,estimated,raw_instance,pair_minus_cold,positive_depth_only,6,max3sat,-2.4158465397379607,encoded_energy_mean,unadjusted_exploratory,7,matched_random_selective,all_designs_diagnostic,2.9349433234381808,original_e4,0
equal_layer_p1,0.06846354783555972,-0.01853380545531723,two_sided_Student_t_95_df_n_minus_1,estimated,raw_instance,pair_minus_cold,positive_depth_only,6,max3sat,0.024964871190121245,optimum_hit_rate,unadjusted_exploratory,7,matched_random_selective,all_designs_diagnostic,0.047033439602816605,original_e4,0
equal_layer_p1,-0.01118105563165181,-0.1211379999260904,two_sided_Student_t_95_df_n_minus_1,estimated,raw_instance,pair_minus_cold,positive_depth_only,6,max3sat,-0.0661595277788711,auxiliary_inconsistency_rate,unadjusted_exploratory,7,matched_random_selective,all_designs_diagnostic,0.05944609925190767,original_e4,0
equal_layer_p1,5.931972016891321e-16,-4.663145703034e-16,two_sided_Student_t_95_df_n_minus_1,estimated,raw_instance,pair_minus_cold,positive_depth_only,6,max3sat,6.344131569286608e-17,statevector_norm,unadjusted_exploratory,7,matched_random_selective,all_designs_diagnostic,5.72804586018477e-16,original_e4,0
equal_layer_p1,0.24461170011404593,-0.1291985075419615,two_sided_Student_t_95_df_n_minus_1,estimated,raw_instance,pair_minus_independence,positive_depth_only,6,max3sat,0.05770659628604223,original_objective_mean,unadjusted_exploratory,7,matched_random_selective,all_designs_diagnostic,0.20209327249210543,original_e4,0
equal_layer_p1,1.4062882325272161,-0.764322107715313,two_sided_Student_t_95_df_n_minus_1,estimated,raw_instance,pair_minus_independence,positive_depth_only,6,max3sat,0.32098306240595165,encoded_energy_mean,unadjusted_exploratory,7,matched_random_selective,all_designs_diagnostic,1.1734985775682454,original_e4,0
equal_layer_p1,0.009637065417891066,-0.007567960465485357,two_sided_Student_t_95_df_n_minus_1,estimated,raw_instance,pair_minus_independence,positive_depth_only,6,max3sat,0.0010345524762028545,optimum_hit_rate,unadjusted_exploratory,7,matched_random_selective,all_designs_diagnostic,0.009301565106757566,original_e4,0
equal_layer_p1,0.05217320292412847,-0.046350054486805056,two_sided_Student_t_95_df_n_minus_1,estimated,raw_instance,pair_minus_independence,positive_depth_only,6,max3sat,0.002911574218661704,auxiliary_inconsistency_rate,unadjusted_exploratory,7,matched_random_selective,all_designs_diagnostic,0.053264697161721955,original_e4,0
equal_layer_p1,2.441203591867464e-16,-5.930475954975098e-16,two_sided_Student_t_95_df_n_minus_1,estimated,raw_instance,pair_minus_independence,positive_depth_only,6,max3sat,-1.7446361815538174e-16,statevector_norm,unadjusted_exploratory,7,matched_random_selective,all_designs_diagnostic,4.525986934614545e-16,original_e4,0
equal_layer_p1,0.07590595422778827,-0.26995644434824495,two_sided_Student_t_95_df_n_minus_1,estimated,raw_instance,pair_minus_original_only,positive_depth_only,6,max3sat,-0.09702524506022835,original_objective_mean,unadjusted_exploratory,7,matched_random_selective,all_designs_diagnostic,0.18698382903583122,original_e4,0
equal_layer_p1,-0.08170483159486719,-3.8832025786696693,two_sided_Student_t_95_df_n_minus_1,estimated,raw_instance,pair_minus_original_only,positive_depth_only,6,max3sat,-1.9824537051322682,encoded_energy_mean,unadjusted_exploratory,7,matched_random_selective,all_designs_diagnostic,2.0552063703532903,original_e4,0
equal_layer_p1,0.014927474071497478,-0.0010480141957220426,two_sided_Student_t_95_df_n_minus_1,estimated,raw_instance,pair_minus_original_only,positive_depth_only,6,max3sat,0.0069397299378877175,optimum_hit_rate,unadjusted_exploratory,7,matched_random_selective,all_designs_diagnostic,0.008636839330381894,original_e4,0
equal_layer_p1,-0.004519749747432425,-0.14354247561460604,two_sided_Student_t_95_df_n_minus_1,estimated,raw_instance,pair_minus_original_only,positive_depth_only,6,max3sat,-0.07403111268101924,auxiliary_inconsistency_rate,unadjusted_exploratory,7,matched_random_selective,all_designs_diagnostic,0.0751599529543197,original_e4,0
equal_layer_p1,5.182472409406549e-16,-7.720125037121191e-16,two_sided_Student_t_95_df_n_minus_1,estimated,raw_instance,pair_minus_original_only,positive_depth_only,6,max3sat,-1.2688263138573217e-16,statevector_norm,unadjusted_exploratory,7,matched_random_selective,all_designs_diagnostic,6.9755402292722e-16,original_e4,0
equal_layer_p2,0.4014907643619735,-1.7620573425794777,two_sided_Student_t_95_df_n_minus_1,estimated,raw_instance,independence_minus_cold,all_scheduled,6,max3sat,-0.6802832891087521,original_objective_mean,unadjusted_exploratory,7,matched_random_selective,all_designs_diagnostic,1.1696805174679954,original_e4,0
equal_layer_p2,1.1747846188089277,-4.489377538336445,two_sided_Student_t_95_df_n_minus_1,estimated,raw_instance,independence_minus_cold,all_scheduled,6,max3sat,-1.6572964597637585,encoded_energy_mean,unadjusted_exploratory,7,matched_random_selective,all_designs_diagnostic,3.0622199255640243,original_e4,0
equal_layer_p2,0.06132858130906192,-0.016911609693847713,two_sided_Student_t_95_df_n_minus_1,estimated,raw_instance,independence_minus_cold,all_scheduled,6,max3sat,0.022208485807607103,optimum_hit_rate,unadjusted_exploratory,7,matched_random_selective,all_designs_diagnostic,0.042299048865824314,original_e4,0
equal_layer_p2,0.005392802667518799,-0.0687946786474298,two_sided_Student_t_95_df_n_minus_1,estimated,raw_instance,independence_minus_cold,all_scheduled,6,max3sat,-0.031700937989955505,auxiliary_inconsistency_rate,unadjusted_exploratory,7,matched_random_selective,all_designs_diagnostic,0.04010802960919075,original_e4,0
equal_layer_p2,4.0935277492928856e-16,-5.996767220078868e-16,two_sided_Student_t_95_df_n_minus_1,estimated,raw_instance,independence_minus_cold,all_scheduled,6,max3sat,-9.516197353929913e-17,statevector_norm,unadjusted_exploratory,7,matched_random_selective,all_designs_diagnostic,5.455123185527048e-16,original_e4,0
equal_layer_p2,0.5490246530434673,-1.449388521438485,two_sided_Student_t_95_df_n_minus_1,estimated,raw_instance,original_only_minus_cold,all_scheduled,6,max3sat,-0.4501819341975088,original_objective_mean,unadjusted_exploratory,7,matched_random_selective,all_designs_diagnostic,1.080403504106676,original_e4,0
equal_layer_p2,1.1627981337309778,-1.7722396468004131,two_sided_Student_t_95_df_n_minus_1,estimated,raw_instance,original_only_minus_cold,all_scheduled,6,max3sat,-0.3047207565347177,encoded_energy_mean,unadjusted_exploratory,7,matched_random_selective,all_designs_diagnostic,1.5867715161523688,original_e4,0
equal_layer_p2,0.046106766822920316,-0.01700543825565933,two_sided_Student_t_95_df_n_minus_1,estimated,raw_instance,original_only_minus_cold,all_scheduled,6,max3sat,0.014550664283630494,optimum_hit_rate,unadjusted_exploratory,7,matched_random_selective,all_designs_diagnostic,0.034120395316385256,original_e4,0
equal_layer_p2,0.029573444349102987,-0.01456913829241961,two_sided_Student_t_95_df_n_minus_1,estimated,raw_instance,original_only_minus_cold,all_scheduled,6,max3sat,0.007502153028341689,auxiliary_inconsistency_rate,unadjusted_exploratory,7,matched_random_selective,all_designs_diagnostic,0.023864835147808044,original_e4,0
equal_layer_p2,2.1867662291397002e-16,-9.179399152823785e-17,two_sided_Student_t_95_df_n_minus_1,estimated,raw_instance,original_only_minus_cold,all_scheduled,6,max3sat,6.344131569286608e-17,statevector_norm,unadjusted_exploratory,7,matched_random_selective,all_designs_diagnostic,1.6784994417006305e-16,original_e4,0
equal_layer_p2,0.555771416698133,-1.549424392338302,two_sided_Student_t_95_df_n_minus_1,estimated,raw_instance,pair_minus_cold,all_scheduled,6,max3sat,-0.49682648782008443,original_objective_mean,unadjusted_exploratory,7,matched_random_selective,all_designs_diagnostic,1.138133474076631,original_e4,0
equal_layer_p2,0.4549284876964521,-4.019953247631603,two_sided_Student_t_95_df_n_minus_1,estimated,raw_instance,pair_minus_cold,all_scheduled,6,max3sat,-1.7825123799675755,encoded_energy_mean,unadjusted_exploratory,7,matched_random_selective,all_designs_diagnostic,2.419258424156799,original_e4,0
equal_layer_p2,0.04869600324061307,-0.011209294696459555,two_sided_Student_t_95_df_n_minus_1,estimated,raw_instance,pair_minus_cold,all_scheduled,6,max3sat,0.01874335427207676,optimum_hit_rate,unadjusted_exploratory,7,matched_random_selective,all_designs_diagnostic,0.03238664287856565,original_e4,0
equal_layer_p2,-0.01712866226906323,-0.07374775963360765,two_sided_Student_t_95_df_n_minus_1,estimated,raw_instance,pair_minus_cold,all_scheduled,6,max3sat,-0.04543821095133544,auxiliary_inconsistency_rate,unadjusted_exploratory,7,matched_random_selective,all_designs_diagnostic,0.03061002197799677,original_e4,0
equal_layer_p2,3.0369913749947456e-16,-5.891850581173719e-16,two_sided_Student_t_95_df_n_minus_1,estimated,raw_instance,pair_minus_cold,all_scheduled,6,max3sat,-1.427429603089487e-16,statevector_norm,unadjusted_exploratory,7,matched_random_selective,all_designs_diagnostic,4.8272060353884725e-16,original_e4,0
equal_layer_p2,0.435808788988564,-0.06889518641122863,two_sided_Student_t_95_df_n_minus_1,estimated,raw_instance,pair_minus_independence,all_scheduled,6,max3sat,0.18345680128866768,original_objective_mean,unadjusted_exploratory,7,matched_random_selective,all_designs_diagnostic,0.27285846116374773,original_e4,0
equal_layer_p2,0.8737893250942768,-1.1242211655019105,two_sided_Student_t_95_df_n_minus_1,estimated,raw_instance,pair_minus_independence,all_scheduled,6,max3sat,-0.12521592020381686,encoded_energy_mean,unadjusted_exploratory,7,matched_random_selective,all_designs_diagnostic,1.0801858008375107,original_e4,0
equal_layer_p2,0.011133652592562344,-0.018063915663623035,two_sided_Student_t_95_df_n_minus_1,estimated,raw_instance,pair_minus_independence,all_scheduled,6,max3sat,-0.0034651315355303464,optimum_hit_rate,unadjusted_exploratory,7,matched_random_selective,all_designs_diagnostic,0.015785101628722983,original_e4,0
equal_layer_p2,0.03004913653625705,-0.05752368245901692,two_sided_Student_t_95_df_n_minus_1,estimated,raw_instance,pair_minus_independence,all_scheduled,6,max3sat,-0.013737272961379934,auxiliary_inconsistency_rate,unadjusted_exploratory,7,matched_random_selective,all_designs_diagnostic,0.04734455402673194,original_e4,0
equal_layer_p2,4.478969453265347e-16,-5.430589188658339e-16,two_sided_Student_t_95_df_n_minus_1,estimated,raw_instance,pair_minus_independence,all_scheduled,6,max3sat,-4.7580986769649563e-17,statevector_norm,unadjusted_exploratory,7,matched_random_selective,all_designs_diagnostic,5.357411579144707e-16,original_e4,0
equal_layer_p2,0.0623987159379489,-0.1556878231831002,two_sided_Student_t_95_df_n_minus_1,estimated,raw_instance,pair_minus_original_only,all_scheduled,6,max3sat,-0.046644553622575656,original_objective_mean,unadjusted_exploratory,7,matched_random_selective,all_designs_diagnostic,0.11790427729038523,original_e4,0
equal_layer_p2,-0.17319529743577577,-2.7823879494299395,two_sided_Student_t_95_df_n_minus_1,estimated,raw_instance,pair_minus_original_only,all_scheduled,6,max3sat,-1.4777916234328576,encoded_energy_mean,unadjusted_exploratory,7,matched_random_selective,all_designs_diagnostic,1.410609637736525,original_e4,0
equal_layer_p2,0.010865127580268074,-0.0024797476033755414,two_sided_Student_t_95_df_n_minus_1,estimated,raw_instance,pair_minus_original_only,all_scheduled,6,max3sat,0.004192689988446266,optimum_hit_rate,unadjusted_exploratory,7,matched_random_selective,all_designs_diagnostic,0.007214649149824743,original_e4,0
equal_layer_p2,-0.011404458326517736,-0.09447626963283652,two_sided_Student_t_95_df_n_minus_1,estimated,raw_instance,pair_minus_original_only,all_scheduled,6,max3sat,-0.05294036397967713,auxiliary_inconsistency_rate,unadjusted_exploratory,7,matched_random_selective,all_designs_diagnostic,0.04491117111009916,original_e4,0
equal_layer_p2,3.819540725702748e-16,-7.943226245739045e-16,two_sided_Student_t_95_df_n_minus_1,estimated,raw_instance,pair_minus_original_only,all_scheduled,6,max3sat,-2.061842760018148e-16,statevector_norm,unadjusted_exploratory,7,matched_random_selective,all_designs_diagnostic,6.359312886951125e-16,original_e4,0
equal_layer_p2,0.4014907643619735,-1.7620573425794777,two_sided_Student_t_95_df_n_minus_1,estimated,raw_instance,independence_minus_cold,positive_depth_only,6,max3sat,-0.6802832891087521,original_objective_mean,unadjusted_exploratory,7,matched_random_selective,all_designs_diagnostic,1.1696805174679954,original_e4,0
equal_layer_p2,1.1747846188089277,-4.489377538336445,two_sided_Student_t_95_df_n_minus_1,estimated,raw_instance,independence_minus_cold,positive_depth_only,6,max3sat,-1.6572964597637585,encoded_energy_mean,unadjusted_exploratory,7,matched_random_selective,all_designs_diagnostic,3.0622199255640243,original_e4,0
equal_layer_p2,0.06132858130906192,-0.016911609693847713,two_sided_Student_t_95_df_n_minus_1,estimated,raw_instance,independence_minus_cold,positive_depth_only,6,max3sat,0.022208485807607103,optimum_hit_rate,unadjusted_exploratory,7,matched_random_selective,all_designs_diagnostic,0.042299048865824314,original_e4,0
equal_layer_p2,0.005392802667518799,-0.0687946786474298,two_sided_Student_t_95_df_n_minus_1,estimated,raw_instance,independence_minus_cold,positive_depth_only,6,max3sat,-0.031700937989955505,auxiliary_inconsistency_rate,unadjusted_exploratory,7,matched_random_selective,all_designs_diagnostic,0.04010802960919075,original_e4,0
equal_layer_p2,4.0935277492928856e-16,-5.996767220078868e-16,two_sided_Student_t_95_df_n_minus_1,estimated,raw_instance,independence_minus_cold,positive_depth_only,6,max3sat,-9.516197353929913e-17,statevector_norm,unadjusted_exploratory,7,matched_random_selective,all_designs_diagnostic,5.455123185527048e-16,original_e4,0
equal_layer_p2,0.5490246530434673,-1.449388521438485,two_sided_Student_t_95_df_n_minus_1,estimated,raw_instance,original_only_minus_cold,positive_depth_only,6,max3sat,-0.4501819341975088,original_objective_mean,unadjusted_exploratory,7,matched_random_selective,all_designs_diagnostic,1.080403504106676,original_e4,0
equal_layer_p2,1.1627981337309778,-1.7722396468004131,two_sided_Student_t_95_df_n_minus_1,estimated,raw_instance,original_only_minus_cold,positive_depth_only,6,max3sat,-0.3047207565347177,encoded_energy_mean,unadjusted_exploratory,7,matched_random_selective,all_designs_diagnostic,1.5867715161523688,original_e4,0
equal_layer_p2,0.046106766822920316,-0.01700543825565933,two_sided_Student_t_95_df_n_minus_1,estimated,raw_instance,original_only_minus_cold,positive_depth_only,6,max3sat,0.014550664283630494,optimum_hit_rate,unadjusted_exploratory,7,matched_random_selective,all_designs_diagnostic,0.034120395316385256,original_e4,0
equal_layer_p2,0.029573444349102987,-0.01456913829241961,two_sided_Student_t_95_df_n_minus_1,estimated,raw_instance,original_only_minus_cold,positive_depth_only,6,max3sat,0.007502153028341689,auxiliary_inconsistency_rate,unadjusted_exploratory,7,matched_random_selective,all_designs_diagnostic,0.023864835147808044,original_e4,0
equal_layer_p2,2.1867662291397002e-16,-9.179399152823785e-17,two_sided_Student_t_95_df_n_minus_1,estimated,raw_instance,original_only_minus_cold,positive_depth_only,6,max3sat,6.344131569286608e-17,statevector_norm,unadjusted_exploratory,7,matched_random_selective,all_designs_diagnostic,1.6784994417006305e-16,original_e4,0
equal_layer_p2,0.555771416698133,-1.549424392338302,two_sided_Student_t_95_df_n_minus_1,estimated,raw_instance,pair_minus_cold,positive_depth_only,6,max3sat,-0.49682648782008443,original_objective_mean,unadjusted_exploratory,7,matched_random_selective,all_designs_diagnostic,1.138133474076631,original_e4,0
equal_layer_p2,0.4549284876964521,-4.019953247631603,two_sided_Student_t_95_df_n_minus_1,estimated,raw_instance,pair_minus_cold,positive_depth_only,6,max3sat,-1.7825123799675755,encoded_energy_mean,unadjusted_exploratory,7,matched_random_selective,all_designs_diagnostic,2.419258424156799,original_e4,0
equal_layer_p2,0.04869600324061307,-0.011209294696459555,two_sided_Student_t_95_df_n_minus_1,estimated,raw_instance,pair_minus_cold,positive_depth_only,6,max3sat,0.01874335427207676,optimum_hit_rate,unadjusted_exploratory,7,matched_random_selective,all_designs_diagnostic,0.03238664287856565,original_e4,0
equal_layer_p2,-0.01712866226906323,-0.07374775963360765,two_sided_Student_t_95_df_n_minus_1,estimated,raw_instance,pair_minus_cold,positive_depth_only,6,max3sat,-0.04543821095133544,auxiliary_inconsistency_rate,unadjusted_exploratory,7,matched_random_selective,all_designs_diagnostic,0.03061002197799677,original_e4,0
equal_layer_p2,3.0369913749947456e-16,-5.891850581173719e-16,two_sided_Student_t_95_df_n_minus_1,estimated,raw_instance,pair_minus_cold,positive_depth_only,6,max3sat,-1.427429603089487e-16,statevector_norm,unadjusted_exploratory,7,matched_random_selective,all_designs_diagnostic,4.8272060353884725e-16,original_e4,0
equal_layer_p2,0.435808788988564,-0.06889518641122863,two_sided_Student_t_95_df_n_minus_1,estimated,raw_instance,pair_minus_independence,positive_depth_only,6,max3sat,0.18345680128866768,original_objective_mean,unadjusted_exploratory,7,matched_random_selective,all_designs_diagnostic,0.27285846116374773,original_e4,0
equal_layer_p2,0.8737893250942768,-1.1242211655019105,two_sided_Student_t_95_df_n_minus_1,estimated,raw_instance,pair_minus_independence,positive_depth_only,6,max3sat,-0.12521592020381686,encoded_energy_mean,unadjusted_exploratory,7,matched_random_selective,all_designs_diagnostic,1.0801858008375107,original_e4,0
equal_layer_p2,0.011133652592562344,-0.018063915663623035,two_sided_Student_t_95_df_n_minus_1,estimated,raw_instance,pair_minus_independence,positive_depth_only,6,max3sat,-0.0034651315355303464,optimum_hit_rate,unadjusted_exploratory,7,matched_random_selective,all_designs_diagnostic,0.015785101628722983,original_e4,0
equal_layer_p2,0.03004913653625705,-0.05752368245901692,two_sided_Student_t_95_df_n_minus_1,estimated,raw_instance,pair_minus_independence,positive_depth_only,6,max3sat,-0.013737272961379934,auxiliary_inconsistency_rate,unadjusted_exploratory,7,matched_random_selective,all_designs_diagnostic,0.04734455402673194,original_e4,0
equal_layer_p2,4.478969453265347e-16,-5.430589188658339e-16,two_sided_Student_t_95_df_n_minus_1,estimated,raw_instance,pair_minus_independence,positive_depth_only,6,max3sat,-4.7580986769649563e-17,statevector_norm,unadjusted_exploratory,7,matched_random_selective,all_designs_diagnostic,5.357411579144707e-16,original_e4,0
equal_layer_p2,0.0623987159379489,-0.1556878231831002,two_sided_Student_t_95_df_n_minus_1,estimated,raw_instance,pair_minus_original_only,positive_depth_only,6,max3sat,-0.046644553622575656,original_objective_mean,unadjusted_exploratory,7,matched_random_selective,all_designs_diagnostic,0.11790427729038523,original_e4,0
equal_layer_p2,-0.17319529743577577,-2.7823879494299395,two_sided_Student_t_95_df_n_minus_1,estimated,raw_instance,pair_minus_original_only,positive_depth_only,6,max3sat,-1.4777916234328576,encoded_energy_mean,unadjusted_exploratory,7,matched_random_selective,all_designs_diagnostic,1.410609637736525,original_e4,0
equal_layer_p2,0.010865127580268074,-0.0024797476033755414,two_sided_Student_t_95_df_n_minus_1,estimated,raw_instance,pair_minus_original_only,positive_depth_only,6,max3sat,0.004192689988446266,optimum_hit_rate,unadjusted_exploratory,7,matched_random_selective,all_designs_diagnostic,0.007214649149824743,original_e4,0
equal_layer_p2,-0.011404458326517736,-0.09447626963283652,two_sided_Student_t_95_df_n_minus_1,estimated,raw_instance,pair_minus_original_only,positive_depth_only,6,max3sat,-0.05294036397967713,auxiliary_inconsistency_rate,unadjusted_exploratory,7,matched_random_selective,all_designs_diagnostic,0.04491117111009916,original_e4,0
equal_layer_p2,3.819540725702748e-16,-7.943226245739045e-16,two_sided_Student_t_95_df_n_minus_1,estimated,raw_instance,pair_minus_original_only,positive_depth_only,6,max3sat,-2.061842760018148e-16,statevector_norm,unadjusted_exploratory,7,matched_random_selective,all_designs_diagnostic,6.359312886951125e-16,original_e4,0
equal_2q_budget_128,0.46654232056143885,-2.0829684759181952,two_sided_Student_t_95_df_n_minus_1,estimated,raw_instance,independence_minus_cold,all_scheduled,6,max3sat,-0.8082130776783781,original_objective_mean,unadjusted_exploratory,7,selective,all_designs_diagnostic,1.3783437946902282,original_e4,2
equal_2q_budget_128,-1.127256477134651,-10.854924676118872,two_sided_Student_t_95_df_n_minus_1,estimated,raw_instance,independence_minus_cold,all_scheduled,6,max3sat,-5.991090576626761,encoded_energy_mean,unadjusted_exploratory,7,selective,all_designs_diagnostic,5.259076022501744,original_e4,2
equal_2q_budget_128,0.05403431957063551,-0.014478690873780908,two_sided_Student_t_95_df_n_minus_1,estimated,raw_instance,independence_minus_cold,all_scheduled,6,max3sat,0.019777814348427302,optimum_hit_rate,unadjusted_exploratory,7,selective,all_designs_diagnostic,0.037040236476740304,original_e4,2
equal_2q_budget_128,-0.06587107094707956,-0.1577281176843837,two_sided_Student_t_95_df_n_minus_1,estimated,raw_instance,independence_minus_cold,all_scheduled,6,max3sat,-0.11179959431573162,auxiliary_inconsistency_rate,unadjusted_exploratory,7,selective,all_designs_diagnostic,0.04966073904992181,original_e4,2
equal_2q_budget_128,6.408015774938459e-16,-4.821982882616806e-16,two_sided_Student_t_95_df_n_minus_1,estimated,raw_instance,independence_minus_cold,all_scheduled,6,max3sat,7.930164461608261e-17,statevector_norm,unadjusted_exploratory,7,selective,all_designs_diagnostic,6.071281982956898e-16,original_e4,2
equal_2q_budget_128,0.6406043482140937,-1.9345775085665093,two_sided_Student_t_95_df_n_minus_1,estimated,raw_instance,original_only_minus_cold,all_scheduled,6,max3sat,-0.6469865801762078,original_objective_mean,unadjusted_exploratory,7,selective,all_designs_diagnostic,1.392222357870983,original_e4,2
equal_2q_budget_128,0.5717878907195239,-1.8981786371533702,two_sided_Student_t_95_df_n_minus_1,estimated,raw_instance,original_only_minus_cold,all_scheduled,6,max3sat,-0.6631953732169232,encoded_energy_mean,unadjusted_exploratory,7,selective,all_designs_diagnostic,1.3353397214426612,original_e4,2
equal_2q_budget_128,0.049772727538073325,-0.020079647454176796,two_sided_Student_t_95_df_n_minus_1,estimated,raw_instance,original_only_minus_cold,all_scheduled,6,max3sat,0.014846540041948266,optimum_hit_rate,unadjusted_exploratory,7,selective,all_designs_diagnostic,0.03776433806355601,original_e4,2
equal_2q_budget_128,0.0019896019114051624,-0.0008351761544802999,two_sided_Student_t_95_df_n_minus_1,estimated,raw_instance,original_only_minus_cold,all_scheduled,6,max3sat,0.0005772128784624313,auxiliary_inconsistency_rate,unadjusted_exploratory,7,selective,all_designs_diagnostic,0.0015271617299548053,original_e4,2
equal_2q_budget_128,2.1867662291397002e-16,-9.179399152823785e-17,two_sided_Student_t_95_df_n_minus_1,estimated,raw_instance,original_only_minus_cold,all_scheduled,6,max3sat,6.344131569286608e-17,statevector_norm,unadjusted_exploratory,7,selective,all_designs_diagnostic,1.6784994417006305e-16,original_e4,2
equal_2q_budget_128,0.6136431882830391,-1.9672864445645701,two_sided_Student_t_95_df_n_minus_1,estimated,raw_instance,pair_minus_cold,all_scheduled,6,max3sat,-0.6768216281407655,original_objective_mean,unadjusted_exploratory,7,selective,all_designs_diagnostic,1.3953297820427755,original_e4,2
equal_2q_budget_128,-0.7862804485713832,-9.92976348008201,two_sided_Student_t_95_df_n_minus_1,estimated,raw_instance,pair_minus_cold,all_scheduled,6,max3sat,-5.358021964326696,encoded_energy_mean,unadjusted_exploratory,7,selective,all_designs_diagnostic,4.943247589200292,original_e4,2
equal_2q_budget_128,0.051695437780394655,-0.016655731141361395,two_sided_Student_t_95_df_n_minus_1,estimated,raw_instance,pair_minus_cold,all_scheduled,6,max3sat,0.01751985331951663,optimum_hit_rate,unadjusted_exploratory,7,selective,all_designs_diagnostic,0.036952739981808744,original_e4,2
equal_2q_budget_128,6.020349987209683e-05,-0.14951026240889567,two_sided_Student_t_95_df_n_minus_1,estimated,raw_instance,pair_minus_cold,all_scheduled,6,max3sat,-0.07472502945451179,auxiliary_inconsistency_rate,unadjusted_exploratory,7,selective,all_designs_diagnostic,0.08086238498732445,original_e4,2
equal_2q_budget_128,6.518787094228438e-16,-3.981134466513795e-16,two_sided_Student_t_95_df_n_minus_1,estimated,raw_instance,pair_minus_cold,all_scheduled,6,max3sat,1.2688263138573217e-16,statevector_norm,unadjusted_exploratory,7,selective,all_designs_diagnostic,5.67657989445145e-16,original_e4,2
equal_2q_budget_128,0.5885040991163673,-0.32572120004114186,two_sided_Student_t_95_df_n_minus_1,estimated,raw_instance,pair_minus_independence,all_scheduled,6,max3sat,0.13139144953761267,original_objective_mean,unadjusted_exploratory,7,selective,all_designs_diagnostic,0.4942582591854642,original_e4,2
equal_2q_budget_128,4.932302959210253,-3.6661657346101224,two_sided_Student_t_95_df_n_minus_1,estimated,raw_instance,pair_minus_independence,all_scheduled,6,max3sat,0.6330686123000653,encoded_energy_mean,unadjusted_exploratory,7,selective,all_designs_diagnostic,4.648596108841847,original_e4,2
equal_2q_budget_128,0.003951445714047885,-0.008467367771869237,two_sided_Student_t_95_df_n_minus_1,estimated,raw_instance,pair_minus_independence,all_scheduled,6,max3sat,-0.002257961028910676,optimum_hit_rate,unadjusted_exploratory,7,selective,all_designs_diagnostic,0.006713991770250549,original_e4,2
equal_2q_budget_128,0.14496226307599763,-0.07081313335355795,two_sided_Student_t_95_df_n_minus_1,estimated,raw_instance,pair_minus_independence,all_scheduled,6,max3sat,0.037074564861219836,auxiliary_inconsistency_rate,unadjusted_exploratory,7,selective,all_designs_diagnostic,0.11665480261004171,original_e4,2
equal_2q_budget_128,5.023789329892816e-16,-4.0721695944998246e-16,two_sided_Student_t_95_df_n_minus_1,estimated,raw_instance,pair_minus_independence,all_scheduled,6,max3sat,4.7580986769649563e-17,statevector_norm,unadjusted_exploratory,7,selective,all_designs_diagnostic,4.917554598123447e-16,original_e4,2
equal_2q_budget_128,0.04224150555810097,-0.10191160148721634,two_sided_Student_t_95_df_n_minus_1,estimated,raw_instance,pair_minus_original_only,all_scheduled,6,max3sat,-0.029835047964557684,original_objective_mean,unadjusted_exploratory,7,selective,all_designs_diagnostic,0.07793359449804413,original_e4,2
equal_2q_budget_128,-0.5454719928606915,-8.844181189358853,two_sided_Student_t_95_df_n_minus_1,estimated,raw_instance,pair_minus_original_only,all_scheduled,6,max3sat,-4.694826591109773,encoded_energy_mean,unadjusted_exploratory,7,selective,all_designs_diagnostic,4.486536923368288,original_e4,2
equal_2q_budget_128,0.008253884784967419,-0.0029072582298306925,two_sided_Student_t_95_df_n_minus_1,estimated,raw_instance,pair_minus_original_only,all_scheduled,6,max3sat,0.002673313277568363,optimum_hit_rate,unadjusted_exploratory,7,selective,all_designs_diagnostic,0.006034056508934674,original_e4,2
equal_2q_budget_128,0.00015773833217028188,-0.15076222299811873,two_sided_Student_t_95_df_n_minus_1,estimated,raw_instance,pair_minus_original_only,all_scheduled,6,max3sat,-0.07530224233297422,auxiliary_inconsistency_rate,unadjusted_exploratory,7,selective,all_designs_diagnostic,0.0815919636354263,original_e4,2
equal_2q_budget_128,7.070129010278034e-16,-5.801302696420713e-16,two_sided_Student_t_95_df_n_minus_1,estimated,raw_instance,pair_minus_original_only,all_scheduled,6,max3sat,6.344131569286608e-17,statevector_norm,unadjusted_exploratory,7,selective,all_designs_diagnostic,6.958691073677511e-16,original_e4,2
equal_2q_budget_128,0.3241760042057613,-1.0945800291126264,two_sided_Student_t_95_df_n_minus_1,estimated,raw_instance,independence_minus_cold,positive_depth_only,4,max3sat,-0.38520201245343255,original_objective_mean,unadjusted_exploratory,5,selective,all_designs_diagnostic,0.5713123821624897,original_e4,0
equal_2q_budget_128,-0.8370273272724291,-5.865804065060278,two_sided_Student_t_95_df_n_minus_1,estimated,raw_instance,independence_minus_cold,positive_depth_only,4,max3sat,-3.3514156961663533,encoded_energy_mean,unadjusted_exploratory,5,selective,all_designs_diagnostic,2.0250151188496477,original_e4,0
equal_2q_budget_128,0.022725539887106915,-0.007522556830852005,two_sided_Student_t_95_df_n_minus_1,estimated,raw_instance,independence_minus_cold,positive_depth_only,4,max3sat,0.007601491528127455,optimum_hit_rate,unadjusted_exploratory,5,selective,all_designs_diagnostic,0.01218046780840747,original_e4,0
equal_2q_budget_128,-0.04063185811768688,-0.19031206144226573,two_sided_Student_t_95_df_n_minus_1,estimated,raw_instance,independence_minus_cold,positive_depth_only,4,max3sat,-0.1154719597799763,auxiliary_inconsistency_rate,unadjusted_exploratory,5,selective,all_designs_diagnostic,0.060274036913815505,original_e4,0
equal_2q_budget_128,1.0462583459541991e-15,-6.465780570891427e-16,two_sided_Student_t_95_df_n_minus_1,estimated,raw_instance,independence_minus_cold,positive_depth_only,4,max3sat,1.9984014443252818e-16,statevector_norm,unadjusted_exploratory,5,selective,all_designs_diagnostic,6.816805534718973e-16,original_e4,0
equal_2q_budget_128,0.28331619829296467,-0.6022860301937591,two_sided_Student_t_95_df_n_minus_1,estimated,raw_instance,original_only_minus_cold,positive_depth_only,4,max3sat,-0.15948491595039727,original_objective_mean,unadjusted_exploratory,5,selective,all_designs_diagnostic,0.3566191134509288,original_e4,0
equal_2q_budget_128,0.3894221049301212,-0.8278506314189957,two_sided_Student_t_95_df_n_minus_1,estimated,raw_instance,original_only_minus_cold,positive_depth_only,4,max3sat,-0.2192142632444373,encoded_energy_mean,unadjusted_exploratory,5,selective,all_designs_diagnostic,0.4901779942520954,original_e4,0
equal_2q_budget_128,0.0026348540696728632,-0.0012394390715592543,two_sided_Student_t_95_df_n_minus_1,estimated,raw_instance,original_only_minus_cold,positive_depth_only,4,max3sat,0.0006977074990568044,optimum_hit_rate,unadjusted_exploratory,5,selective,all_designs_diagnostic,0.001560121396302385,original_e4,0
equal_2q_budget_128,0.003051737849336286,-0.0014355417896419666,two_sided_Student_t_95_df_n_minus_1,estimated,raw_instance,original_only_minus_cold,positive_depth_only,4,max3sat,0.0008080980298471596,auxiliary_inconsistency_rate,unadjusted_exploratory,5,selective,all_designs_diagnostic,0.0018069621272219028,original_e4,0
equal_2q_budget_128,0.0,0.0,two_sided_Student_t_95_df_n_minus_1,estimated,raw_instance,original_only_minus_cold,positive_depth_only,4,max3sat,0.0,statevector_norm,unadjusted_exploratory,5,selective,all_designs_diagnostic,0.0,original_e4,0
equal_2q_budget_128,0.34062031447951513,-0.7431282806810612,two_sided_Student_t_95_df_n_minus_1,estimated,raw_instance,pair_minus_cold,positive_depth_only,4,max3sat,-0.20125398310077305,original_objective_mean,unadjusted_exploratory,5,selective,all_designs_diagnostic,0.43640976815320653,original_e4,0
equal_2q_budget_128,2.5262723512724063,-10.94465977731307,two_sided_Student_t_95_df_n_minus_1,estimated,raw_instance,pair_minus_cold,positive_depth_only,4,max3sat,-4.2091937130203325,encoded_energy_mean,unadjusted_exploratory,5,selective,all_designs_diagnostic,5.4245480855018,original_e4,0
equal_2q_budget_128,0.012180198327620946,-0.00329950615231594,two_sided_Student_t_95_df_n_minus_1,estimated,raw_instance,pair_minus_cold,positive_depth_only,4,max3sat,0.004440346087652503,optimum_hit_rate,unadjusted_exploratory,5,selective,all_designs_diagnostic,0.0062334514419079496,original_e4,0
equal_2q_budget_128,0.03482290750667481,-0.20369491389466293,two_sided_Student_t_95_df_n_minus_1,estimated,raw_instance,pair_minus_cold,positive_depth_only,4,max3sat,-0.08443600319399407,auxiliary_inconsistency_rate,unadjusted_exploratory,5,selective,all_designs_diagnostic,0.09604765127537974,original_e4,0
equal_2q_budget_128,9.179250913272092e-16,-2.5179127655211535e-16,two_sided_Student_t_95_df_n_minus_1,estimated,raw_instance,pair_minus_cold,positive_depth_only,4,max3sat,3.3306690738754696e-16,statevector_norm,unadjusted_exploratory,5,selective,all_designs_diagnostic,4.710277376051325e-16,original_e4,0
equal_2q_budget_128,0.9230794776788465,-0.5551834189735274,two_sided_Student_t_95_df_n_minus_1,estimated,raw_instance,pair_minus_independence,positive_depth_only,4,max3sat,0.1839480293526595,original_objective_mean,unadjusted_exploratory,5,selective,all_designs_diagnostic,0.5952749289626188,original_e4,0
equal_2q_budget_128,4.787325220858493,-6.502881254566452,two_sided_Student_t_95_df_n_minus_1,estimated,raw_instance,pair_minus_independence,positive_depth_only,4,max3sat,-0.8577780168539795,encoded_energy_mean,unadjusted_exploratory,5,selective,all_designs_diagnostic,4.546401639959669,original_e4,0
equal_2q_budget_128,0.006775864202105974,-0.013098155083055875,two_sided_Student_t_95_df_n_minus_1,estimated,raw_instance,pair_minus_independence,positive_depth_only,4,max3sat,-0.003161145440474951,optimum_hit_rate,unadjusted_exploratory,5,selective,all_designs_diagnostic,0.008002977985152312,original_e4,0
equal_2q_budget_128,0.20727323648143853,-0.14520132330947405,two_sided_Student_t_95_df_n_minus_1,estimated,raw_instance,pair_minus_independence,positive_depth_only,4,max3sat,0.03103595658598224,auxiliary_inconsistency_rate,unadjusted_exploratory,5,selective,all_designs_diagnostic,0.14193636938045034,original_e4,0
equal_2q_budget_128,8.320717922615024e-16,-5.656182663514648e-16,two_sided_Student_t_95_df_n_minus_1,estimated,raw_instance,pair_minus_independence,positive_depth_only,4,max3sat,1.3322676295501878e-16,statevector_norm,unadjusted_exploratory,5,selective,all_designs_diagnostic,5.628294210973806e-16,original_e4,0
equal_2q_budget_128,0.07262166172091616,-0.15615979602166774,two_sided_Student_t_95_df_n_minus_1,estimated,raw_instance,pair_minus_original_only,positive_depth_only,4,max3sat,-0.04176906715037578,original_objective_mean,unadjusted_exploratory,5,selective,all_designs_diagnostic,0.09212695949691198,original_e4,0
equal_2q_budget_128,2.5823608632209556,-10.562319762772747,two_sided_Student_t_95_df_n_minus_1,estimated,raw_instance,pair_minus_original_only,positive_depth_only,4,max3sat,-3.9899794497758956,encoded_energy_mean,unadjusted_exploratory,5,selective,all_designs_diagnostic,5.2931713591637,original_e4,0
equal_2q_budget_128,0.012488408429080363,-0.005003131251888967,two_sided_Student_t_95_df_n_minus_1,estimated,raw_instance,pair_minus_original_only,positive_depth_only,4,max3sat,0.003742638588595698,optimum_hit_rate,unadjusted_exploratory,5,selective,all_designs_diagnostic,0.007043588163252387,original_e4,0
equal_2q_budget_128,0.03503132372793023,-0.2055195261756127,two_sided_Student_t_95_df_n_minus_1,estimated,raw_instance,pair_minus_original_only,positive_depth_only,4,max3sat,-0.08524410122384123,auxiliary_inconsistency_rate,unadjusted_exploratory,5,selective,all_designs_diagnostic,0.09686632223030243,original_e4,0
equal_2q_budget_128,9.179250913272092e-16,-2.5179127655211535e-16,two_sided_Student_t_95_df_n_minus_1,estimated,raw_instance,pair_minus_original_only,positive_depth_only,4,max3sat,3.3306690738754696e-16,statevector_norm,unadjusted_exploratory,5,selective,all_designs_diagnostic,4.710277376051325e-16,original_e4,0
equal_2q_budget_128,21.84074309573336,-25.57222457721484,two_sided_Student_t_95_df_n_minus_1,estimated,raw_instance,independence_minus_cold,zero_depth_only,1,max3sat,-1.8657407407407423,original_objective_mean,unadjusted_exploratory,2,selective,all_designs_diagnostic,2.638555859427582,original_e4,2
equal_2q_budget_128,34.61680231842685,-59.797357873982406,two_sided_Student_t_95_df_n_minus_1,estimated,raw_instance,independence_minus_cold,zero_depth_only,1,max3sat,-12.59027777777778,encoded_energy_mean,unadjusted_exploratory,2,selective,all_designs_diagnostic,5.254196221316711,original_e4,2
equal_2q_budget_128,0.6883067064655626,-0.5878694636672088,two_sided_Student_t_95_df_n_minus_1,estimated,raw_instance,independence_minus_cold,zero_depth_only,1,max3sat,0.05021862139917693,optimum_hit_rate,unadjusted_exploratory,2,selective,all_designs_diagnostic,0.07101985546639575,original_e4,2
equal_2q_budget_128,-0.05399671298410775,-0.1512406483261321,two_sided_Student_t_95_df_n_minus_1,estimated,raw_instance,independence_minus_cold,zero_depth_only,1,max3sat,-0.10261868065511992,auxiliary_inconsistency_rate,unadjusted_exploratory,2,selective,all_designs_diagnostic,0.005411674653238186,original_e4,2
equal_2q_budget_128,2.5992996058154403e-15,-3.043388815665503e-15,two_sided_Student_t_95_df_n_minus_1,estimated,raw_instance,independence_minus_cold,zero_depth_only,1,max3sat,-2.220446049250313e-16,statevector_norm,unadjusted_exploratory,2,selective,all_designs_diagnostic,3.1401849173675503e-16,original_e4,2
equal_2q_budget_128,21.840743095733266,-25.572224577214733,two_sided_Student_t_95_df_n_minus_1,estimated,raw_instance,original_only_minus_cold,zero_depth_only,1,max3sat,-1.8657407407407343,original_objective_mean,unadjusted_exploratory,2,selective,all_designs_diagnostic,2.638555859427571,original_e4,2
equal_2q_budget_128,20.756835249791123,-24.3031315460874,two_sided_Student_t_95_df_n_minus_1,estimated,raw_instance,original_only_minus_cold,zero_depth_only,1,max3sat,-1.7731481481481381,encoded_energy_mean,unadjusted_exploratory,2,selective,all_designs_diagnostic,2.507610159207835,original_e4,2
equal_2q_budget_128,0.6883067064655625,-0.5878694636672087,two_sided_Student_t_95_df_n_minus_1,estimated,raw_instance,original_only_minus_cold,zero_depth_only,1,max3sat,0.05021862139917692,optimum_hit_rate,unadjusted_exploratory,2,selective,all_designs_diagnostic,0.07101985546639573,original_e4,2
equal_2q_budget_128,8.369319243080132e-15,-7.14807391599246e-15,two_sided_Student_t_95_df_n_minus_1,estimated,raw_instance,original_only_minus_cold,zero_depth_only,1,max3sat,6.106226635438361e-16,auxiliary_inconsistency_rate,unadjusted_exploratory,2,selective,all_designs_diagnostic,8.635508522760763e-16,original_e4,2
equal_2q_budget_128,3.043388815665503e-15,-2.5992996058154403e-15,two_sided_Student_t_95_df_n_minus_1,estimated,raw_instance,original_only_minus_cold,zero_depth_only,1,max3sat,2.220446049250313e-16,statevector_norm,unadjusted_exploratory,2,selective,all_designs_diagnostic,3.1401849173675503e-16,original_e4,2
equal_2q_budget_128,21.840743095733337,-25.572224577214833,two_sided_Student_t_95_df_n_minus_1,estimated,raw_instance,pair_minus_cold,zero_depth_only,1,max3sat,-1.8657407407407467,original_objective_mean,unadjusted_exploratory,2,selective,all_designs_diagnostic,2.638555859427581,original_e4,2
equal_2q_budget_128,13.435162983023984,-29.89534816820919,two_sided_Student_t_95_df_n_minus_1,estimated,raw_instance,pair_minus_cold,zero_depth_only,1,max3sat,-8.230092592592603,encoded_energy_mean,unadjusted_exploratory,2,selective,all_designs_diagnostic,2.411365069546369,original_e4,2
equal_2q_budget_128,0.6883067064655629,-0.5878694636672089,two_sided_Student_t_95_df_n_minus_1,estimated,raw_instance,pair_minus_cold,zero_depth_only,1,max3sat,0.050218621399176946,optimum_hit_rate,unadjusted_exploratory,2,selective,all_designs_diagnostic,0.07101985546639578,original_e4,2
equal_2q_budget_128,0.1840918531342027,-0.2849870433458149,two_sided_Student_t_95_df_n_minus_1,estimated,raw_instance,pair_minus_cold,zero_depth_only,1,max3sat,-0.0504475951058061,auxiliary_inconsistency_rate,unadjusted_exploratory,2,selective,all_designs_diagnostic,0.026104480094532194,original_e4,2
equal_2q_budget_128,4.54877431017702e-15,-5.32593042741463e-15,two_sided_Student_t_95_df_n_minus_1,estimated,raw_instance,pair_minus_cold,zero_depth_only,1,max3sat,-3.885780586188048e-16,statevector_norm,unadjusted_exploratory,2,selective,all_designs_diagnostic,5.495323605393213e-16,original_e4,2
equal_2q_budget_128,6.84448474446126e-15,-1.5726268941462513e-14,two_sided_Student_t_95_df_n_minus_1,estimated,raw_instance,pair_minus_independence,zero_depth_only,1,max3sat,-4.440892098500626e-15,original_objective_mean,unadjusted_exploratory,2,selective,all_designs_diagnostic,1.2560739669470201e-15,original_e4,2
equal_2q_budget_128,29.902009705773214,-21.18163933540286,two_sided_Student_t_95_df_n_minus_1,estimated,raw_instance,pair_minus_independence,zero_depth_only,1,max3sat,4.360185185185177,encoded_energy_mean,unadjusted_exploratory,2,selective,all_designs_diagnostic,2.842831151770342,original_e4,2
equal_2q_budget_128,2.206723432347436e-16,-1.9812093804704512e-16,two_sided_Student_t_95_df_n_minus_1,estimated,raw_instance,pair_minus_independence,zero_depth_only,1,max3sat,1.1275702593849246e-17,optimum_hit_rate,unadjusted_exploratory,2,selective,all_designs_diagnostic,2.3306059933587286e-17,original_e4,2
equal_2q_budget_128,0.23808856611831042,-0.13374639501968277,two_sided_Student_t_95_df_n_minus_1,estimated,raw_instance,pair_minus_independence,zero_depth_only,1,max3sat,0.05217108554931382,auxiliary_inconsistency_rate,unadjusted_exploratory,2,selective,all_designs_diagnostic,0.020692805441294006,original_e4,2
equal_2q_budget_128,1.94947470436158e-15,-2.282541611749127e-15,two_sided_Student_t_95_df_n_minus_1,estimated,raw_instance,pair_minus_independence,zero_depth_only,1,max3sat,-1.6653345369377348e-16,statevector_norm,unadjusted_exploratory,2,selective,all_designs_diagnostic,2.3551386880256624e-16,original_e4,2
equal_2q_budget_128,7.784851686789334e-14,-1.0271751261949685e-13,two_sided_Student_t_95_df_n_minus_1,estimated,raw_instance,pair_minus_original_only,zero_depth_only,1,max3sat,-1.2434497875801753e-14,original_objective_mean,unadjusted_exploratory,2,selective,all_designs_diagnostic,1.0048591735576161e-14,original_e4,2
equal_2q_budget_128,-5.592216622121793,-7.321672266767138,two_sided_Student_t_95_df_n_minus_1,estimated,raw_instance,pair_minus_original_only,zero_depth_only,1,max3sat,-6.456944444444465,encoded_energy_mean,unadjusted_exploratory,2,selective,all_designs_diagnostic,0.09624508966146585,original_e4,2
equal_2q_budget_128,4.108841442138375e-16,-3.605771634105101e-16,two_sided_Student_t_95_df_n_minus_1,estimated,raw_instance,pair_minus_original_only,zero_depth_only,1,max3sat,2.5153490401663703e-17,optimum_hit_rate,unadjusted_exploratory,2,selective,all_designs_diagnostic,4.2932215667134476e-17,original_e4,2
equal_2q_budget_128,0.18409185313419432,-0.2849870433458077,two_sided_Student_t_95_df_n_minus_1,estimated,raw_instance,pair_minus_original_only,zero_depth_only,1,max3sat,-0.05044759510580671,auxiliary_inconsistency_rate,unadjusted_exploratory,2,selective,all_designs_diagnostic,0.02610448009453133,original_e4,2
equal_2q_budget_128,7.14807391599246e-15,-8.369319243080132e-15,two_sided_Student_t_95_df_n_minus_1,estimated,raw_instance,pair_minus_original_only,zero_depth_only,1,max3sat,-6.106226635438361e-16,statevector_norm,unadjusted_exploratory,2,selective,all_designs_diagnostic,8.635508522760763e-16,original_e4,2
equal_2q_budget_256,1.1209127094860176,-2.0343669041911028,two_sided_Student_t_95_df_n_minus_1,estimated,raw_instance,independence_minus_cold,all_scheduled,6,max3sat,-0.45672709735254263,original_objective_mean,unadjusted_exploratory,7,selective,all_designs_diagnostic,1.7058410115499896,original_e4,0
equal_2q_budget_256,4.813118257134619,-10.547411953156919,two_sided_Student_t_95_df_n_minus_1,estimated,raw_instance,independence_minus_cold,all_scheduled,6,max3sat,-2.8671468480111497,encoded_energy_mean,unadjusted_exploratory,7,selective,all_designs_diagnostic,8.304374128456942,original_e4,0
equal_2q_budget_256,0.06482487069416946,-0.028853218757603386,two_sided_Student_t_95_df_n_minus_1,estimated,raw_instance,independence_minus_cold,all_scheduled,6,max3sat,0.017985825968283038,optimum_hit_rate,unadjusted_exploratory,7,selective,all_designs_diagnostic,0.050645250638897875,original_e4,0
equal_2q_budget_256,0.1004859533499387,-0.1698865261446436,two_sided_Student_t_95_df_n_minus_1,estimated,raw_instance,independence_minus_cold,all_scheduled,6,max3sat,-0.034700286397352446,auxiliary_inconsistency_rate,unadjusted_exploratory,7,selective,all_designs_diagnostic,0.14617166159129283,original_e4,0
equal_2q_budget_256,1.0982246684417205e-15,-6.858561164380908e-16,two_sided_Student_t_95_df_n_minus_1,estimated,raw_instance,independence_minus_cold,all_scheduled,6,max3sat,2.061842760018148e-16,statevector_norm,unadjusted_exploratory,7,selective,all_designs_diagnostic,9.64528835281127e-16,original_e4,0
equal_2q_budget_256,0.6316214427855918,-1.7950022781274781,two_sided_Student_t_95_df_n_minus_1,estimated,raw_instance,original_only_minus_cold,all_scheduled,6,max3sat,-0.5816904176709431,original_objective_mean,unadjusted_exploratory,7,selective,all_designs_diagnostic,1.3119072695777698,original_e4,0
equal_2q_budget_256,0.7562836340070754,-2.1000059058219818,two_sided_Student_t_95_df_n_minus_1,estimated,raw_instance,original_only_minus_cold,all_scheduled,6,max3sat,-0.6718611359074532,encoded_energy_mean,unadjusted_exploratory,7,selective,all_designs_diagnostic,1.544197800024275,original_e4,0
equal_2q_budget_256,0.047823638279850214,-0.025271615001561082,two_sided_Student_t_95_df_n_minus_1,estimated,raw_instance,original_only_minus_cold,all_scheduled,6,max3sat,0.011276011639144564,optimum_hit_rate,unadjusted_exploratory,7,selective,all_designs_diagnostic,0.03951753760794423,original_e4,0
equal_2q_budget_256,0.0034094255857908475,-0.0022536236449787563,two_sided_Student_t_95_df_n_minus_1,estimated,raw_instance,original_only_minus_cold,all_scheduled,6,max3sat,0.0005779009704060455,auxiliary_inconsistency_rate,unadjusted_exploratory,7,selective,all_designs_diagnostic,0.0030616182434036244,original_e4,0
equal_2q_budget_256,6.148370169235855e-16,-1.390271492270899e-16,two_sided_Student_t_95_df_n_minus_1,estimated,raw_instance,original_only_minus_cold,all_scheduled,6,max3sat,2.379049338482478e-16,statevector_norm,unadjusted_exploratory,7,selective,all_designs_diagnostic,4.075621083416765e-16,original_e4,0
equal_2q_budget_256,0.635490666849808,-1.879166747396285,two_sided_Student_t_95_df_n_minus_1,estimated,raw_instance,pair_minus_cold,all_scheduled,6,max3sat,-0.6218380402732385,original_objective_mean,unadjusted_exploratory,7,selective,all_designs_diagnostic,1.3595009864181857,original_e4,0
equal_2q_budget_256,-0.3690619015209622,-8.490576216401998,two_sided_Student_t_95_df_n_minus_1,estimated,raw_instance,pair_minus_cold,all_scheduled,6,max3sat,-4.429819058961479,encoded_energy_mean,unadjusted_exploratory,7,selective,all_designs_diagnostic,4.3907399313080555,original_e4,0
equal_2q_budget_256,0.05766623244449526,-0.013361459347805294,two_sided_Student_t_95_df_n_minus_1,estimated,raw_instance,pair_minus_cold,all_scheduled,6,max3sat,0.02215238654834498,optimum_hit_rate,unadjusted_exploratory,7,selective,all_designs_diagnostic,0.03839975040241786,original_e4,0
equal_2q_budget_256,-0.006524034240494692,-0.11132803609689843,two_sided_Student_t_95_df_n_minus_1,estimated,raw_instance,pair_minus_cold,all_scheduled,6,max3sat,-0.05892603516869656,auxiliary_inconsistency_rate,unadjusted_exploratory,7,selective,all_designs_diagnostic,0.056660260398560425,original_e4,0
equal_2q_budget_256,8.884594170996785e-16,-4.126495494031829e-16,two_sided_Student_t_95_df_n_minus_1,estimated,raw_instance,pair_minus_cold,all_scheduled,6,max3sat,2.379049338482478e-16,statevector_norm,unadjusted_exploratory,7,selective,all_designs_diagnostic,7.034194452799842e-16,original_e4,0
equal_2q_budget_256,0.4968458712746402,-0.8270677571160321,two_sided_Student_t_95_df_n_minus_1,estimated,raw_instance,pair_minus_independence,all_scheduled,6,max3sat,-0.16511094292069592,original_objective_mean,unadjusted_exploratory,7,selective,all_designs_diagnostic,0.7157483454934978,original_e4,0
equal_2q_budget_256,4.86040898380483,-7.98575340570549,two_sided_Student_t_95_df_n_minus_1,estimated,raw_instance,pair_minus_independence,all_scheduled,6,max3sat,-1.56267221095033,encoded_energy_mean,unadjusted_exploratory,7,selective,all_designs_diagnostic,6.945029705155039,original_e4,0
equal_2q_budget_256,0.03517645582614722,-0.026843334666023334,two_sided_Student_t_95_df_n_minus_1,estimated,raw_instance,pair_minus_independence,all_scheduled,6,max3sat,0.004166560580061945,optimum_hit_rate,unadjusted_exploratory,7,selective,all_designs_diagnostic,0.033529802458929954,original_e4,0
equal_2q_budget_256,0.1143245400717125,-0.16277603761440074,two_sided_Student_t_95_df_n_minus_1,estimated,raw_instance,pair_minus_independence,all_scheduled,6,max3sat,-0.024225748771344115,auxiliary_inconsistency_rate,unadjusted_exploratory,7,selective,all_designs_diagnostic,0.14980907799492924,original_e4,0
equal_2q_budget_256,6.177210918602952e-16,-5.542797761674292e-16,two_sided_Student_t_95_df_n_minus_1,estimated,raw_instance,pair_minus_independence,all_scheduled,6,max3sat,3.172065784643304e-17,statevector_norm,unadjusted_exploratory,7,selective,all_designs_diagnostic,6.336196442267074e-16,original_e4,0
equal_2q_budget_256,0.18450116230727298,-0.2647964075118639,two_sided_Student_t_95_df_n_minus_1,estimated,raw_instance,pair_minus_original_only,all_scheduled,6,max3sat,-0.040147622602295464,original_objective_mean,unadjusted_exploratory,7,selective,all_designs_diagnostic,0.2429040575881138,original_e4,0
equal_2q_budget_256,-0.4225465355674727,-7.093369310540579,two_sided_Student_t_95_df_n_minus_1,estimated,raw_instance,pair_minus_original_only,all_scheduled,6,max3sat,-3.757957923054026,encoded_energy_mean,unadjusted_exploratory,7,selective,all_designs_diagnostic,3.6064515553566032,original_e4,0
equal_2q_budget_256,0.027551650227029323,-0.005798900408628493,two_sided_Student_t_95_df_n_minus_1,estimated,raw_instance,pair_minus_original_only,all_scheduled,6,max3sat,0.010876374909200416,optimum_hit_rate,unadjusted_exploratory,7,selective,all_designs_diagnostic,0.01803033138029247,original_e4,0
equal_2q_budget_256,-0.0057235439117781575,-0.11328432836642705,two_sided_Student_t_95_df_n_minus_1,estimated,raw_instance,pair_minus_original_only,all_scheduled,6,max3sat,-0.059503936139102605,auxiliary_inconsistency_rate,unadjusted_exploratory,7,selective,all_designs_diagnostic,0.05815066169156454,original_e4,0
equal_2q_budget_256,9.686670731862358e-16,-9.686670731862358e-16,two_sided_Student_t_95_df_n_minus_1,estimated,raw_instance,pair_minus_original_only,all_scheduled,6,max3sat,0.0,statevector_norm,unadjusted_exploratory,7,selective,all_designs_diagnostic,1.047382306668854e-15,original_e4,0
equal_2q_budget_256,1.1209127094860176,-2.0343669041911028,two_sided_Student_t_95_df_n_minus_1,estimated,raw_instance,independence_minus_cold,positive_depth_only,6,max3sat,-0.45672709735254263,original_objective_mean,unadjusted_exploratory,7,selective,all_designs_diagnostic,1.7058410115499896,original_e4,0
equal_2q_budget_256,4.813118257134619,-10.547411953156919,two_sided_Student_t_95_df_n_minus_1,estimated,raw_instance,independence_minus_cold,positive_depth_only,6,max3sat,-2.8671468480111497,encoded_energy_mean,unadjusted_exploratory,7,selective,all_designs_diagnostic,8.304374128456942,original_e4,0
equal_2q_budget_256,0.06482487069416946,-0.028853218757603386,two_sided_Student_t_95_df_n_minus_1,estimated,raw_instance,independence_minus_cold,positive_depth_only,6,max3sat,0.017985825968283038,optimum_hit_rate,unadjusted_exploratory,7,selective,all_designs_diagnostic,0.050645250638897875,original_e4,0
equal_2q_budget_256,0.1004859533499387,-0.1698865261446436,two_sided_Student_t_95_df_n_minus_1,estimated,raw_instance,independence_minus_cold,positive_depth_only,6,max3sat,-0.034700286397352446,auxiliary_inconsistency_rate,unadjusted_exploratory,7,selective,all_designs_diagnostic,0.14617166159129283,original_e4,0
equal_2q_budget_256,1.0982246684417205e-15,-6.858561164380908e-16,two_sided_Student_t_95_df_n_minus_1,estimated,raw_instance,independence_minus_cold,positive_depth_only,6,max3sat,2.061842760018148e-16,statevector_norm,unadjusted_exploratory,7,selective,all_designs_diagnostic,9.64528835281127e-16,original_e4,0
equal_2q_budget_256,0.6316214427855918,-1.7950022781274781,two_sided_Student_t_95_df_n_minus_1,estimated,raw_instance,original_only_minus_cold,positive_depth_only,6,max3sat,-0.5816904176709431,original_objective_mean,unadjusted_exploratory,7,selective,all_designs_diagnostic,1.3119072695777698,original_e4,0
equal_2q_budget_256,0.7562836340070754,-2.1000059058219818,two_sided_Student_t_95_df_n_minus_1,estimated,raw_instance,original_only_minus_cold,positive_depth_only,6,max3sat,-0.6718611359074532,encoded_energy_mean,unadjusted_exploratory,7,selective,all_designs_diagnostic,1.544197800024275,original_e4,0
equal_2q_budget_256,0.047823638279850214,-0.025271615001561082,two_sided_Student_t_95_df_n_minus_1,estimated,raw_instance,original_only_minus_cold,positive_depth_only,6,max3sat,0.011276011639144564,optimum_hit_rate,unadjusted_exploratory,7,selective,all_designs_diagnostic,0.03951753760794423,original_e4,0
equal_2q_budget_256,0.0034094255857908475,-0.0022536236449787563,two_sided_Student_t_95_df_n_minus_1,estimated,raw_instance,original_only_minus_cold,positive_depth_only,6,max3sat,0.0005779009704060455,auxiliary_inconsistency_rate,unadjusted_exploratory,7,selective,all_designs_diagnostic,0.0030616182434036244,original_e4,0
equal_2q_budget_256,6.148370169235855e-16,-1.390271492270899e-16,two_sided_Student_t_95_df_n_minus_1,estimated,raw_instance,original_only_minus_cold,positive_depth_only,6,max3sat,2.379049338482478e-16,statevector_norm,unadjusted_exploratory,7,selective,all_designs_diagnostic,4.075621083416765e-16,original_e4,0
equal_2q_budget_256,0.635490666849808,-1.879166747396285,two_sided_Student_t_95_df_n_minus_1,estimated,raw_instance,pair_minus_cold,positive_depth_only,6,max3sat,-0.6218380402732385,original_objective_mean,unadjusted_exploratory,7,selective,all_designs_diagnostic,1.3595009864181857,original_e4,0
equal_2q_budget_256,-0.3690619015209622,-8.490576216401998,two_sided_Student_t_95_df_n_minus_1,estimated,raw_instance,pair_minus_cold,positive_depth_only,6,max3sat,-4.429819058961479,encoded_energy_mean,unadjusted_exploratory,7,selective,all_designs_diagnostic,4.3907399313080555,original_e4,0
equal_2q_budget_256,0.05766623244449526,-0.013361459347805294,two_sided_Student_t_95_df_n_minus_1,estimated,raw_instance,pair_minus_cold,positive_depth_only,6,max3sat,0.02215238654834498,optimum_hit_rate,unadjusted_exploratory,7,selective,all_designs_diagnostic,0.03839975040241786,original_e4,0
equal_2q_budget_256,-0.006524034240494692,-0.11132803609689843,two_sided_Student_t_95_df_n_minus_1,estimated,raw_instance,pair_minus_cold,positive_depth_only,6,max3sat,-0.05892603516869656,auxiliary_inconsistency_rate,unadjusted_exploratory,7,selective,all_designs_diagnostic,0.056660260398560425,original_e4,0
equal_2q_budget_256,8.884594170996785e-16,-4.126495494031829e-16,two_sided_Student_t_95_df_n_minus_1,estimated,raw_instance,pair_minus_cold,positive_depth_only,6,max3sat,2.379049338482478e-16,statevector_norm,unadjusted_exploratory,7,selective,all_designs_diagnostic,7.034194452799842e-16,original_e4,0
equal_2q_budget_256,0.4968458712746402,-0.8270677571160321,two_sided_Student_t_95_df_n_minus_1,estimated,raw_instance,pair_minus_independence,positive_depth_only,6,max3sat,-0.16511094292069592,original_objective_mean,unadjusted_exploratory,7,selective,all_designs_diagnostic,0.7157483454934978,original_e4,0
equal_2q_budget_256,4.86040898380483,-7.98575340570549,two_sided_Student_t_95_df_n_minus_1,estimated,raw_instance,pair_minus_independence,positive_depth_only,6,max3sat,-1.56267221095033,encoded_energy_mean,unadjusted_exploratory,7,selective,all_designs_diagnostic,6.945029705155039,original_e4,0
equal_2q_budget_256,0.03517645582614722,-0.026843334666023334,two_sided_Student_t_95_df_n_minus_1,estimated,raw_instance,pair_minus_independence,positive_depth_only,6,max3sat,0.004166560580061945,optimum_hit_rate,unadjusted_exploratory,7,selective,all_designs_diagnostic,0.033529802458929954,original_e4,0
equal_2q_budget_256,0.1143245400717125,-0.16277603761440074,two_sided_Student_t_95_df_n_minus_1,estimated,raw_instance,pair_minus_independence,positive_depth_only,6,max3sat,-0.024225748771344115,auxiliary_inconsistency_rate,unadjusted_exploratory,7,selective,all_designs_diagnostic,0.14980907799492924,original_e4,0
equal_2q_budget_256,6.177210918602952e-16,-5.542797761674292e-16,two_sided_Student_t_95_df_n_minus_1,estimated,raw_instance,pair_minus_independence,positive_depth_only,6,max3sat,3.172065784643304e-17,statevector_norm,unadjusted_exploratory,7,selective,all_designs_diagnostic,6.336196442267074e-16,original_e4,0
equal_2q_budget_256,0.18450116230727298,-0.2647964075118639,two_sided_Student_t_95_df_n_minus_1,estimated,raw_instance,pair_minus_original_only,positive_depth_only,6,max3sat,-0.040147622602295464,original_objective_mean,unadjusted_exploratory,7,selective,all_designs_diagnostic,0.2429040575881138,original_e4,0
equal_2q_budget_256,-0.4225465355674727,-7.093369310540579,two_sided_Student_t_95_df_n_minus_1,estimated,raw_instance,pair_minus_original_only,positive_depth_only,6,max3sat,-3.757957923054026,encoded_energy_mean,unadjusted_exploratory,7,selective,all_designs_diagnostic,3.6064515553566032,original_e4,0
equal_2q_budget_256,0.027551650227029323,-0.005798900408628493,two_sided_Student_t_95_df_n_minus_1,estimated,raw_instance,pair_minus_original_only,positive_depth_only,6,max3sat,0.010876374909200416,optimum_hit_rate,unadjusted_exploratory,7,selective,all_designs_diagnostic,0.01803033138029247,original_e4,0
equal_2q_budget_256,-0.0057235439117781575,-0.11328432836642705,two_sided_Student_t_95_df_n_minus_1,estimated,raw_instance,pair_minus_original_only,positive_depth_only,6,max3sat,-0.059503936139102605,auxiliary_inconsistency_rate,unadjusted_exploratory,7,selective,all_designs_diagnostic,0.05815066169156454,original_e4,0
equal_2q_budget_256,9.686670731862358e-16,-9.686670731862358e-16,two_sided_Student_t_95_df_n_minus_1,estimated,raw_instance,pair_minus_original_only,positive_depth_only,6,max3sat,0.0,statevector_norm,unadjusted_exploratory,7,selective,all_designs_diagnostic,1.047382306668854e-15,original_e4,0
equal_layer_p1,0.7678764564101995,-1.8723949965701596,two_sided_Student_t_95_df_n_minus_1,estimated,raw_instance,independence_minus_cold,all_scheduled,6,max3sat,-0.5522592700799801,original_objective_mean,unadjusted_exploratory,7,selective,all_designs_diagnostic,1.4274117915241789,original_e4,0
equal_layer_p1,4.1417955798215775,-8.282008978106324,two_sided_Student_t_95_df_n_minus_1,estimated,raw_instance,independence_minus_cold,all_scheduled,6,max3sat,-2.070106699142373,encoded_energy_mean,unadjusted_exploratory,7,selective,all_designs_diagnostic,6.716690096982254,original_e4,0
equal_layer_p1,0.0563775287949106,-0.03378818673741362,two_sided_Student_t_95_df_n_minus_1,estimated,raw_instance,independence_minus_cold,all_scheduled,6,max3sat,0.01129467102874849,optimum_hit_rate,unadjusted_exploratory,7,selective,all_designs_diagnostic,0.048746353484514914,original_e4,0
equal_layer_p1,0.036375402932851034,-0.07325482644095206,two_sided_Student_t_95_df_n_minus_1,estimated,raw_instance,independence_minus_cold,all_scheduled,6,max3sat,-0.018439711754050514,auxiliary_inconsistency_rate,unadjusted_exploratory,7,selective,all_designs_diagnostic,0.05926946713718494,original_e4,0
equal_layer_p1,4.6953804746201545e-16,-6.281413366941807e-16,two_sided_Student_t_95_df_n_minus_1,estimated,raw_instance,independence_minus_cold,all_scheduled,6,max3sat,-7.930164461608261e-17,statevector_norm,unadjusted_exploratory,7,selective,all_designs_diagnostic,5.934391687221749e-16,original_e4,0
equal_layer_p1,0.6402406256204738,-1.7634602648967033,two_sided_Student_t_95_df_n_minus_1,estimated,raw_instance,original_only_minus_cold,all_scheduled,6,max3sat,-0.5616098196381147,original_objective_mean,unadjusted_exploratory,7,selective,all_designs_diagnostic,1.299514483841564,original_e4,0
equal_layer_p1,0.647776169108976,-2.3347917171477857,two_sided_Student_t_95_df_n_minus_1,estimated,raw_instance,original_only_minus_cold,all_scheduled,6,max3sat,-0.8435077740194049,encoded_energy_mean,unadjusted_exploratory,7,selective,all_designs_diagnostic,1.612467750260495,original_e4,0
equal_layer_p1,0.04766942632383328,-0.020977417089994375,two_sided_Student_t_95_df_n_minus_1,estimated,raw_instance,original_only_minus_cold,all_scheduled,6,max3sat,0.013346004616919451,optimum_hit_rate,unadjusted_exploratory,7,selective,all_designs_diagnostic,0.03711259068805318,original_e4,0
equal_layer_p1,0.0070655899367269145,-0.01700890443545252,two_sided_Student_t_95_df_n_minus_1,estimated,raw_instance,original_only_minus_cold,all_scheduled,6,max3sat,-0.004971657249362803,auxiliary_inconsistency_rate,unadjusted_exploratory,7,selective,all_designs_diagnostic,0.013015410632509323,original_e4,0
equal_layer_p1,5.732027403872888e-16,-1.9255484623009234e-16,two_sided_Student_t_95_df_n_minus_1,estimated,raw_instance,original_only_minus_cold,all_scheduled,6,max3sat,1.9032394707859825e-16,statevector_norm,unadjusted_exploratory,7,selective,all_designs_diagnostic,4.1399205651862146e-16,original_e4,0
equal_layer_p1,0.2654636854623167,-2.008888883311854,two_sided_Student_t_95_df_n_minus_1,estimated,raw_instance,pair_minus_cold,all_scheduled,6,max3sat,-0.8717125989247687,original_objective_mean,unadjusted_exploratory,7,selective,all_designs_diagnostic,1.229584810715941,original_e4,0
equal_layer_p1,-0.38218642776315015,-9.84480452832942,two_sided_Student_t_95_df_n_minus_1,estimated,raw_instance,pair_minus_cold,all_scheduled,6,max3sat,-5.113495478046285,encoded_energy_mean,unadjusted_exploratory,7,selective,all_designs_diagnostic,5.115781803492801,original_e4,0
equal_layer_p1,0.05206407903224239,-0.016611658423466,two_sided_Student_t_95_df_n_minus_1,estimated,raw_instance,pair_minus_cold,all_scheduled,6,max3sat,0.017726210304388194,optimum_hit_rate,unadjusted_exploratory,7,selective,all_designs_diagnostic,0.03712821169400648,original_e4,0
equal_layer_p1,0.007352036429743983,-0.13556640925364516,two_sided_Student_t_95_df_n_minus_1,estimated,raw_instance,pair_minus_cold,all_scheduled,6,max3sat,-0.0641071864119506,auxiliary_inconsistency_rate,unadjusted_exploratory,7,selective,all_designs_diagnostic,0.07726609866742938,original_e4,0
equal_layer_p1,1.9139409612590924e-16,-5.086006745902397e-16,two_sided_Student_t_95_df_n_minus_1,estimated,raw_instance,pair_minus_cold,all_scheduled,6,max3sat,-1.5860328923216522e-16,statevector_norm,unadjusted_exploratory,7,selective,all_designs_diagnostic,3.784386596300967e-16,original_e4,0
equal_layer_p1,0.17173112560746973,-0.8106377832970468,two_sided_Student_t_95_df_n_minus_1,estimated,raw_instance,pair_minus_independence,all_scheduled,6,max3sat,-0.31945332884478855,original_objective_mean,unadjusted_exploratory,7,selective,all_designs_diagnostic,0.5310987863063034,original_e4,0
equal_layer_p1,2.601607903148443,-8.688385460956269,two_sided_Student_t_95_df_n_minus_1,estimated,raw_instance,pair_minus_independence,all_scheduled,6,max3sat,-3.0433887789039127,encoded_energy_mean,unadjusted_exploratory,7,selective,all_designs_diagnostic,6.10371696287574,original_e4,0
equal_layer_p1,0.03043969535483135,-0.01757661680355194,two_sided_Student_t_95_df_n_minus_1,estimated,raw_instance,pair_minus_independence,all_scheduled,6,max3sat,0.006431539275639705,optimum_hit_rate,unadjusted_exploratory,7,selective,all_designs_diagnostic,0.02595909223008668,original_e4,0
equal_layer_p1,0.03565246310524311,-0.12698741242104328,two_sided_Student_t_95_df_n_minus_1,estimated,raw_instance,pair_minus_independence,all_scheduled,6,max3sat,-0.04566747465790009,auxiliary_inconsistency_rate,unadjusted_exploratory,7,selective,all_designs_diagnostic,0.08792810899659145,original_e4,0
equal_layer_p1,3.215141951244024e-16,-4.801174843565676e-16,two_sided_Student_t_95_df_n_minus_1,estimated,raw_instance,pair_minus_independence,all_scheduled,6,max3sat,-7.930164461608261e-17,statevector_norm,unadjusted_exploratory,7,selective,all_designs_diagnostic,4.333866922883326e-16,original_e4,0
equal_layer_p1,0.05114994854042243,-0.6713555071137303,two_sided_Student_t_95_df_n_minus_1,estimated,raw_instance,pair_minus_original_only,all_scheduled,6,max3sat,-0.3101027792866539,original_objective_mean,unadjusted_exploratory,7,selective,all_designs_diagnostic,0.3906086268808206,original_e4,0
equal_layer_p1,-0.04511671827816599,-8.494858689775594,two_sided_Student_t_95_df_n_minus_1,estimated,raw_instance,pair_minus_original_only,all_scheduled,6,max3sat,-4.26998770402688,encoded_energy_mean,unadjusted_exploratory,7,selective,all_designs_diagnostic,4.5681898775360175,original_e4,0
equal_layer_p1,0.014655785067722082,-0.005895373692784595,two_sided_Student_t_95_df_n_minus_1,estimated,raw_instance,pair_minus_original_only,all_scheduled,6,max3sat,0.004380205687468744,optimum_hit_rate,unadjusted_exploratory,7,selective,all_designs_diagnostic,0.011110587250837077,original_e4,0
equal_layer_p1,0.010542435098602865,-0.12881349342377846,two_sided_Student_t_95_df_n_minus_1,estimated,raw_instance,pair_minus_original_only,all_scheduled,6,max3sat,-0.0591355291625878,auxiliary_inconsistency_rate,unadjusted_exploratory,7,selective,all_designs_diagnostic,0.07534009253749542,original_e4,0
equal_layer_p1,3.2026718832672597e-16,-1.018121660948253e-15,two_sided_Student_t_95_df_n_minus_1,estimated,raw_instance,pair_minus_original_only,all_scheduled,6,max3sat,-3.489272363107635e-16,statevector_norm,unadjusted_exploratory,7,selective,all_designs_diagnostic,7.235740942254521e-16,original_e4,0
equal_layer_p1,0.7678764564101995,-1.8723949965701596,two_sided_Student_t_95_df_n_minus_1,estimated,raw_instance,independence_minus_cold,positive_depth_only,6,max3sat,-0.5522592700799801,original_objective_mean,unadjusted_exploratory,7,selective,all_designs_diagnostic,1.4274117915241789,original_e4,0
equal_layer_p1,4.1417955798215775,-8.282008978106324,two_sided_Student_t_95_df_n_minus_1,estimated,raw_instance,independence_minus_cold,positive_depth_only,6,max3sat,-2.070106699142373,encoded_energy_mean,unadjusted_exploratory,7,selective,all_designs_diagnostic,6.716690096982254,original_e4,0
equal_layer_p1,0.0563775287949106,-0.03378818673741362,two_sided_Student_t_95_df_n_minus_1,estimated,raw_instance,independence_minus_cold,positive_depth_only,6,max3sat,0.01129467102874849,optimum_hit_rate,unadjusted_exploratory,7,selective,all_designs_diagnostic,0.048746353484514914,original_e4,0
equal_layer_p1,0.036375402932851034,-0.07325482644095206,two_sided_Student_t_95_df_n_minus_1,estimated,raw_instance,independence_minus_cold,positive_depth_only,6,max3sat,-0.018439711754050514,auxiliary_inconsistency_rate,unadjusted_exploratory,7,selective,all_designs_diagnostic,0.05926946713718494,original_e4,0
equal_layer_p1,4.6953804746201545e-16,-6.281413366941807e-16,two_sided_Student_t_95_df_n_minus_1,estimated,raw_instance,independence_minus_cold,positive_depth_only,6,max3sat,-7.930164461608261e-17,statevector_norm,unadjusted_exploratory,7,selective,all_designs_diagnostic,5.934391687221749e-16,original_e4,0
equal_layer_p1,0.6402406256204738,-1.7634602648967033,two_sided_Student_t_95_df_n_minus_1,estimated,raw_instance,original_only_minus_cold,positive_depth_only,6,max3sat,-0.5616098196381147,original_objective_mean,unadjusted_exploratory,7,selective,all_designs_diagnostic,1.299514483841564,original_e4,0
equal_layer_p1,0.647776169108976,-2.3347917171477857,two_sided_Student_t_95_df_n_minus_1,estimated,raw_instance,original_only_minus_cold,positive_depth_only,6,max3sat,-0.8435077740194049,encoded_energy_mean,unadjusted_exploratory,7,selective,all_designs_diagnostic,1.612467750260495,original_e4,0
equal_layer_p1,0.04766942632383328,-0.020977417089994375,two_sided_Student_t_95_df_n_minus_1,estimated,raw_instance,original_only_minus_cold,positive_depth_only,6,max3sat,0.013346004616919451,optimum_hit_rate,unadjusted_exploratory,7,selective,all_designs_diagnostic,0.03711259068805318,original_e4,0
equal_layer_p1,0.0070655899367269145,-0.01700890443545252,two_sided_Student_t_95_df_n_minus_1,estimated,raw_instance,original_only_minus_cold,positive_depth_only,6,max3sat,-0.004971657249362803,auxiliary_inconsistency_rate,unadjusted_exploratory,7,selective,all_designs_diagnostic,0.013015410632509323,original_e4,0
equal_layer_p1,5.732027403872888e-16,-1.9255484623009234e-16,two_sided_Student_t_95_df_n_minus_1,estimated,raw_instance,original_only_minus_cold,positive_depth_only,6,max3sat,1.9032394707859825e-16,statevector_norm,unadjusted_exploratory,7,selective,all_designs_diagnostic,4.1399205651862146e-16,original_e4,0
equal_layer_p1,0.2654636854623167,-2.008888883311854,two_sided_Student_t_95_df_n_minus_1,estimated,raw_instance,pair_minus_cold,positive_depth_only,6,max3sat,-0.8717125989247687,original_objective_mean,unadjusted_exploratory,7,selective,all_designs_diagnostic,1.229584810715941,original_e4,0
equal_layer_p1,-0.38218642776315015,-9.84480452832942,two_sided_Student_t_95_df_n_minus_1,estimated,raw_instance,pair_minus_cold,positive_depth_only,6,max3sat,-5.113495478046285,encoded_energy_mean,unadjusted_exploratory,7,selective,all_designs_diagnostic,5.115781803492801,original_e4,0
equal_layer_p1,0.05206407903224239,-0.016611658423466,two_sided_Student_t_95_df_n_minus_1,estimated,raw_instance,pair_minus_cold,positive_depth_only,6,max3sat,0.017726210304388194,optimum_hit_rate,unadjusted_exploratory,7,selective,all_designs_diagnostic,0.03712821169400648,original_e4,0
equal_layer_p1,0.007352036429743983,-0.13556640925364516,two_sided_Student_t_95_df_n_minus_1,estimated,raw_instance,pair_minus_cold,positive_depth_only,6,max3sat,-0.0641071864119506,auxiliary_inconsistency_rate,unadjusted_exploratory,7,selective,all_designs_diagnostic,0.07726609866742938,original_e4,0
equal_layer_p1,1.9139409612590924e-16,-5.086006745902397e-16,two_sided_Student_t_95_df_n_minus_1,estimated,raw_instance,pair_minus_cold,positive_depth_only,6,max3sat,-1.5860328923216522e-16,statevector_norm,unadjusted_exploratory,7,selective,all_designs_diagnostic,3.784386596300967e-16,original_e4,0
equal_layer_p1,0.17173112560746973,-0.8106377832970468,two_sided_Student_t_95_df_n_minus_1,estimated,raw_instance,pair_minus_independence,positive_depth_only,6,max3sat,-0.31945332884478855,original_objective_mean,unadjusted_exploratory,7,selective,all_designs_diagnostic,0.5310987863063034,original_e4,0
equal_layer_p1,2.601607903148443,-8.688385460956269,two_sided_Student_t_95_df_n_minus_1,estimated,raw_instance,pair_minus_independence,positive_depth_only,6,max3sat,-3.0433887789039127,encoded_energy_mean,unadjusted_exploratory,7,selective,all_designs_diagnostic,6.10371696287574,original_e4,0
equal_layer_p1,0.03043969535483135,-0.01757661680355194,two_sided_Student_t_95_df_n_minus_1,estimated,raw_instance,pair_minus_independence,positive_depth_only,6,max3sat,0.006431539275639705,optimum_hit_rate,unadjusted_exploratory,7,selective,all_designs_diagnostic,0.02595909223008668,original_e4,0
equal_layer_p1,0.03565246310524311,-0.12698741242104328,two_sided_Student_t_95_df_n_minus_1,estimated,raw_instance,pair_minus_independence,positive_depth_only,6,max3sat,-0.04566747465790009,auxiliary_inconsistency_rate,unadjusted_exploratory,7,selective,all_designs_diagnostic,0.08792810899659145,original_e4,0
equal_layer_p1,3.215141951244024e-16,-4.801174843565676e-16,two_sided_Student_t_95_df_n_minus_1,estimated,raw_instance,pair_minus_independence,positive_depth_only,6,max3sat,-7.930164461608261e-17,statevector_norm,unadjusted_exploratory,7,selective,all_designs_diagnostic,4.333866922883326e-16,original_e4,0
equal_layer_p1,0.05114994854042243,-0.6713555071137303,two_sided_Student_t_95_df_n_minus_1,estimated,raw_instance,pair_minus_original_only,positive_depth_only,6,max3sat,-0.3101027792866539,original_objective_mean,unadjusted_exploratory,7,selective,all_designs_diagnostic,0.3906086268808206,original_e4,0
equal_layer_p1,-0.04511671827816599,-8.494858689775594,two_sided_Student_t_95_df_n_minus_1,estimated,raw_instance,pair_minus_original_only,positive_depth_only,6,max3sat,-4.26998770402688,encoded_energy_mean,unadjusted_exploratory,7,selective,all_designs_diagnostic,4.5681898775360175,original_e4,0
equal_layer_p1,0.014655785067722082,-0.005895373692784595,two_sided_Student_t_95_df_n_minus_1,estimated,raw_instance,pair_minus_original_only,positive_depth_only,6,max3sat,0.004380205687468744,optimum_hit_rate,unadjusted_exploratory,7,selective,all_designs_diagnostic,0.011110587250837077,original_e4,0
equal_layer_p1,0.010542435098602865,-0.12881349342377846,two_sided_Student_t_95_df_n_minus_1,estimated,raw_instance,pair_minus_original_only,positive_depth_only,6,max3sat,-0.0591355291625878,auxiliary_inconsistency_rate,unadjusted_exploratory,7,selective,all_designs_diagnostic,0.07534009253749542,original_e4,0
equal_layer_p1,3.2026718832672597e-16,-1.018121660948253e-15,two_sided_Student_t_95_df_n_minus_1,estimated,raw_instance,pair_minus_original_only,positive_depth_only,6,max3sat,-3.489272363107635e-16,statevector_norm,unadjusted_exploratory,7,selective,all_designs_diagnostic,7.235740942254521e-16,original_e4,0
equal_layer_p2,0.38710010233803427,-2.035926985976977,two_sided_Student_t_95_df_n_minus_1,estimated,raw_instance,independence_minus_cold,all_scheduled,6,max3sat,-0.8244134418194713,original_objective_mean,unadjusted_exploratory,7,selective,all_designs_diagnostic,1.309962819595381,original_e4,0
equal_layer_p2,1.652741001398502,-8.152752151387586,two_sided_Student_t_95_df_n_minus_1,estimated,raw_instance,independence_minus_cold,all_scheduled,6,max3sat,-3.250005574994542,encoded_energy_mean,unadjusted_exploratory,7,selective,all_designs_diagnostic,5.301150581390836,original_e4,0
equal_layer_p2,0.06020647913179139,-0.014025487811326665,two_sided_Student_t_95_df_n_minus_1,estimated,raw_instance,independence_minus_cold,all_scheduled,6,max3sat,0.02309049566023236,optimum_hit_rate,unadjusted_exploratory,7,selective,all_designs_diagnostic,0.04013207990528086,original_e4,0
equal_layer_p2,-0.005980405923801193,-0.06078226356305873,two_sided_Student_t_95_df_n_minus_1,estimated,raw_instance,independence_minus_cold,all_scheduled,6,max3sat,-0.03338133474342996,auxiliary_inconsistency_rate,unadjusted_exploratory,7,selective,all_designs_diagnostic,0.029627566401706468,original_e4,0
equal_layer_p2,1.2562473012716059e-15,-1.1293646698858737e-15,two_sided_Student_t_95_df_n_minus_1,estimated,raw_instance,independence_minus_cold,all_scheduled,6,max3sat,6.344131569286608e-17,statevector_norm,unadjusted_exploratory,7,selective,all_designs_diagnostic,1.2897350587900921e-15,original_e4,0
equal_layer_p2,0.6164203573789339,-1.7410794708767345,two_sided_Student_t_95_df_n_minus_1,estimated,raw_instance,original_only_minus_cold,all_scheduled,6,max3sat,-0.5623295567489003,original_objective_mean,unadjusted_exploratory,7,selective,all_designs_diagnostic,1.2745367714254494,original_e4,0
equal_layer_p2,0.8945929512868953,-1.872688707338844,two_sided_Student_t_95_df_n_minus_1,estimated,raw_instance,original_only_minus_cold,all_scheduled,6,max3sat,-0.4890478780259743,encoded_energy_mean,unadjusted_exploratory,7,selective,all_designs_diagnostic,1.496077407318145,original_e4,0
equal_layer_p2,0.04837835706922526,-0.02287093271398752,two_sided_Student_t_95_df_n_minus_1,estimated,raw_instance,original_only_minus_cold,all_scheduled,6,max3sat,0.01275371217761887,optimum_hit_rate,unadjusted_exploratory,7,selective,all_designs_diagnostic,0.038519553078331784,original_e4,0
equal_layer_p2,0.0017803284542066344,-0.0007834908117153953,two_sided_Student_t_95_df_n_minus_1,estimated,raw_instance,original_only_minus_cold,all_scheduled,6,max3sat,0.0004984188212456196,auxiliary_inconsistency_rate,unadjusted_exploratory,7,selective,all_designs_diagnostic,0.0013860793924741924,original_e4,0
equal_layer_p2,6.271601812563687e-16,-2.1479162925273907e-16,two_sided_Student_t_95_df_n_minus_1,estimated,raw_instance,original_only_minus_cold,all_scheduled,6,max3sat,2.061842760018148e-16,statevector_norm,unadjusted_exploratory,7,selective,all_designs_diagnostic,4.55184992762474e-16,original_e4,0
equal_layer_p2,0.40775402904312263,-2.1540428189402787,two_sided_Student_t_95_df_n_minus_1,estimated,raw_instance,pair_minus_cold,all_scheduled,6,max3sat,-0.8731443949485781,original_objective_mean,unadjusted_exploratory,7,selective,all_designs_diagnostic,1.3849860112577537,original_e4,0
equal_layer_p2,-0.4566060367692035,-10.862211616417891,two_sided_Student_t_95_df_n_minus_1,estimated,raw_instance,pair_minus_cold,all_scheduled,6,max3sat,-5.659408826593547,encoded_energy_mean,unadjusted_exploratory,7,selective,all_designs_diagnostic,5.6255897800107055,original_e4,0
equal_layer_p2,0.06576777111113655,-0.01151797770717294,two_sided_Student_t_95_df_n_minus_1,estimated,raw_instance,pair_minus_cold,all_scheduled,6,max3sat,0.027124896701981805,optimum_hit_rate,unadjusted_exploratory,7,selective,all_designs_diagnostic,0.04178304812389739,original_e4,0
equal_layer_p2,-0.018952542286305538,-0.16622041907084484,two_sided_Student_t_95_df_n_minus_1,estimated,raw_instance,pair_minus_cold,all_scheduled,6,max3sat,-0.09258648067857518,auxiliary_inconsistency_rate,unadjusted_exploratory,7,selective,all_designs_diagnostic,0.0796175346279991,original_e4,0
equal_layer_p2,3.3510052710689505e-16,-8.109103948033907e-16,two_sided_Student_t_95_df_n_minus_1,estimated,raw_instance,pair_minus_cold,all_scheduled,6,max3sat,-2.379049338482478e-16,statevector_norm,unadjusted_exploratory,7,selective,all_designs_diagnostic,6.195686815852589e-16,original_e4,0
equal_layer_p2,0.311706702831453,-0.40916860908966673,two_sided_Student_t_95_df_n_minus_1,estimated,raw_instance,pair_minus_independence,all_scheduled,6,max3sat,-0.04873095312910688,original_objective_mean,unadjusted_exploratory,7,selective,all_designs_diagnostic,0.38972732114091885,original_e4,0
equal_layer_p2,0.7878192875999082,-5.60662579079792,two_sided_Student_t_95_df_n_minus_1,estimated,raw_instance,pair_minus_independence,all_scheduled,6,max3sat,-2.409403251599006,encoded_energy_mean,unadjusted_exploratory,7,selective,all_designs_diagnostic,3.457033289079277,original_e4,0
equal_layer_p2,0.015034802557640881,-0.006966000474141993,two_sided_Student_t_95_df_n_minus_1,estimated,raw_instance,pair_minus_independence,all_scheduled,6,max3sat,0.004034401041749444,optimum_hit_rate,unadjusted_exploratory,7,selective,all_designs_diagnostic,0.011894309441219941,original_e4,0
equal_layer_p2,0.018027070639238016,-0.13643736250952843,two_sided_Student_t_95_df_n_minus_1,estimated,raw_instance,pair_minus_independence,all_scheduled,6,max3sat,-0.05920514593514521,auxiliary_inconsistency_rate,unadjusted_exploratory,7,selective,all_designs_diagnostic,0.08350821389928033,original_e4,0
equal_layer_p2,4.0684838306678393e-16,-1.0095408821490118e-15,two_sided_Student_t_95_df_n_minus_1,estimated,raw_instance,pair_minus_independence,all_scheduled,6,max3sat,-3.0134624954111393e-16,statevector_norm,unadjusted_exploratory,7,selective,all_designs_diagnostic,7.657435133327307e-16,original_e4,0
equal_layer_p2,-0.06538892055275985,-0.5562407558465958,two_sided_Student_t_95_df_n_minus_1,estimated,raw_instance,pair_minus_original_only,all_scheduled,6,max3sat,-0.31081483819967787,original_objective_mean,unadjusted_exploratory,7,selective,all_designs_diagnostic,0.2653695690262488,original_e4,0
equal_layer_p2,-0.9137059713798941,-9.427015925755251,two_sided_Student_t_95_df_n_minus_1,estimated,raw_instance,pair_minus_original_only,all_scheduled,6,max3sat,-5.170360948567573,encoded_energy_mean,unadjusted_exploratory,7,selective,all_designs_diagnostic,4.602556680320988,original_e4,0
equal_layer_p2,0.037463098157953845,-0.008720729109227977,two_sided_Student_t_95_df_n_minus_1,estimated,raw_instance,pair_minus_original_only,all_scheduled,6,max3sat,0.014371184524362934,optimum_hit_rate,unadjusted_exploratory,7,selective,all_designs_diagnostic,0.02496839464914732,original_e4,0
equal_layer_p2,-0.019082381840414886,-0.1670874171592267,two_sided_Student_t_95_df_n_minus_1,estimated,raw_instance,pair_minus_original_only,all_scheduled,6,max3sat,-0.0930848994998208,auxiliary_inconsistency_rate,unadjusted_exploratory,7,selective,all_designs_diagnostic,0.08001606515896233,original_e4,0
equal_layer_p2,1.8328681503280769e-16,-1.0714652347329328e-15,two_sided_Student_t_95_df_n_minus_1,estimated,raw_instance,pair_minus_original_only,all_scheduled,6,max3sat,-4.440892098500626e-16,statevector_norm,unadjusted_exploratory,7,selective,all_designs_diagnostic,6.783574731503469e-16,original_e4,0
equal_layer_p2,0.38710010233803427,-2.035926985976977,two_sided_Student_t_95_df_n_minus_1,estimated,raw_instance,independence_minus_cold,positive_depth_only,6,max3sat,-0.8244134418194713,original_objective_mean,unadjusted_exploratory,7,selective,all_designs_diagnostic,1.309962819595381,original_e4,0
equal_layer_p2,1.652741001398502,-8.152752151387586,two_sided_Student_t_95_df_n_minus_1,estimated,raw_instance,independence_minus_cold,positive_depth_only,6,max3sat,-3.250005574994542,encoded_energy_mean,unadjusted_exploratory,7,selective,all_designs_diagnostic,5.301150581390836,original_e4,0
equal_layer_p2,0.06020647913179139,-0.014025487811326665,two_sided_Student_t_95_df_n_minus_1,estimated,raw_instance,independence_minus_cold,positive_depth_only,6,max3sat,0.02309049566023236,optimum_hit_rate,unadjusted_exploratory,7,selective,all_designs_diagnostic,0.04013207990528086,original_e4,0
equal_layer_p2,-0.005980405923801193,-0.06078226356305873,two_sided_Student_t_95_df_n_minus_1,estimated,raw_instance,independence_minus_cold,positive_depth_only,6,max3sat,-0.03338133474342996,auxiliary_inconsistency_rate,unadjusted_exploratory,7,selective,all_designs_diagnostic,0.029627566401706468,original_e4,0
equal_layer_p2,1.2562473012716059e-15,-1.1293646698858737e-15,two_sided_Student_t_95_df_n_minus_1,estimated,raw_instance,independence_minus_cold,positive_depth_only,6,max3sat,6.344131569286608e-17,statevector_norm,unadjusted_exploratory,7,selective,all_designs_diagnostic,1.2897350587900921e-15,original_e4,0
equal_layer_p2,0.6164203573789339,-1.7410794708767345,two_sided_Student_t_95_df_n_minus_1,estimated,raw_instance,original_only_minus_cold,positive_depth_only,6,max3sat,-0.5623295567489003,original_objective_mean,unadjusted_exploratory,7,selective,all_designs_diagnostic,1.2745367714254494,original_e4,0
equal_layer_p2,0.8945929512868953,-1.872688707338844,two_sided_Student_t_95_df_n_minus_1,estimated,raw_instance,original_only_minus_cold,positive_depth_only,6,max3sat,-0.4890478780259743,encoded_energy_mean,unadjusted_exploratory,7,selective,all_designs_diagnostic,1.496077407318145,original_e4,0
equal_layer_p2,0.04837835706922526,-0.02287093271398752,two_sided_Student_t_95_df_n_minus_1,estimated,raw_instance,original_only_minus_cold,positive_depth_only,6,max3sat,0.01275371217761887,optimum_hit_rate,unadjusted_exploratory,7,selective,all_designs_diagnostic,0.038519553078331784,original_e4,0
equal_layer_p2,0.0017803284542066344,-0.0007834908117153953,two_sided_Student_t_95_df_n_minus_1,estimated,raw_instance,original_only_minus_cold,positive_depth_only,6,max3sat,0.0004984188212456196,auxiliary_inconsistency_rate,unadjusted_exploratory,7,selective,all_designs_diagnostic,0.0013860793924741924,original_e4,0
equal_layer_p2,6.271601812563687e-16,-2.1479162925273907e-16,two_sided_Student_t_95_df_n_minus_1,estimated,raw_instance,original_only_minus_cold,positive_depth_only,6,max3sat,2.061842760018148e-16,statevector_norm,unadjusted_exploratory,7,selective,all_designs_diagnostic,4.55184992762474e-16,original_e4,0
equal_layer_p2,0.40775402904312263,-2.1540428189402787,two_sided_Student_t_95_df_n_minus_1,estimated,raw_instance,pair_minus_cold,positive_depth_only,6,max3sat,-0.8731443949485781,original_objective_mean,unadjusted_exploratory,7,selective,all_designs_diagnostic,1.3849860112577537,original_e4,0
equal_layer_p2,-0.4566060367692035,-10.862211616417891,two_sided_Student_t_95_df_n_minus_1,estimated,raw_instance,pair_minus_cold,positive_depth_only,6,max3sat,-5.659408826593547,encoded_energy_mean,unadjusted_exploratory,7,selective,all_designs_diagnostic,5.6255897800107055,original_e4,0
equal_layer_p2,0.06576777111113655,-0.01151797770717294,two_sided_Student_t_95_df_n_minus_1,estimated,raw_instance,pair_minus_cold,positive_depth_only,6,max3sat,0.027124896701981805,optimum_hit_rate,unadjusted_exploratory,7,selective,all_designs_diagnostic,0.04178304812389739,original_e4,0
equal_layer_p2,-0.018952542286305538,-0.16622041907084484,two_sided_Student_t_95_df_n_minus_1,estimated,raw_instance,pair_minus_cold,positive_depth_only,6,max3sat,-0.09258648067857518,auxiliary_inconsistency_rate,unadjusted_exploratory,7,selective,all_designs_diagnostic,0.0796175346279991,original_e4,0
equal_layer_p2,3.3510052710689505e-16,-8.109103948033907e-16,two_sided_Student_t_95_df_n_minus_1,estimated,raw_instance,pair_minus_cold,positive_depth_only,6,max3sat,-2.379049338482478e-16,statevector_norm,unadjusted_exploratory,7,selective,all_designs_diagnostic,6.195686815852589e-16,original_e4,0
equal_layer_p2,0.311706702831453,-0.40916860908966673,two_sided_Student_t_95_df_n_minus_1,estimated,raw_instance,pair_minus_independence,positive_depth_only,6,max3sat,-0.04873095312910688,original_objective_mean,unadjusted_exploratory,7,selective,all_designs_diagnostic,0.38972732114091885,original_e4,0
equal_layer_p2,0.7878192875999082,-5.60662579079792,two_sided_Student_t_95_df_n_minus_1,estimated,raw_instance,pair_minus_independence,positive_depth_only,6,max3sat,-2.409403251599006,encoded_energy_mean,unadjusted_exploratory,7,selective,all_designs_diagnostic,3.457033289079277,original_e4,0
equal_layer_p2,0.015034802557640881,-0.006966000474141993,two_sided_Student_t_95_df_n_minus_1,estimated,raw_instance,pair_minus_independence,positive_depth_only,6,max3sat,0.004034401041749444,optimum_hit_rate,unadjusted_exploratory,7,selective,all_designs_diagnostic,0.011894309441219941,original_e4,0
equal_layer_p2,0.018027070639238016,-0.13643736250952843,two_sided_Student_t_95_df_n_minus_1,estimated,raw_instance,pair_minus_independence,positive_depth_only,6,max3sat,-0.05920514593514521,auxiliary_inconsistency_rate,unadjusted_exploratory,7,selective,all_designs_diagnostic,0.08350821389928033,original_e4,0
equal_layer_p2,4.0684838306678393e-16,-1.0095408821490118e-15,two_sided_Student_t_95_df_n_minus_1,estimated,raw_instance,pair_minus_independence,positive_depth_only,6,max3sat,-3.0134624954111393e-16,statevector_norm,unadjusted_exploratory,7,selective,all_designs_diagnostic,7.657435133327307e-16,original_e4,0
equal_layer_p2,-0.06538892055275985,-0.5562407558465958,two_sided_Student_t_95_df_n_minus_1,estimated,raw_instance,pair_minus_original_only,positive_depth_only,6,max3sat,-0.31081483819967787,original_objective_mean,unadjusted_exploratory,7,selective,all_designs_diagnostic,0.2653695690262488,original_e4,0
equal_layer_p2,-0.9137059713798941,-9.427015925755251,two_sided_Student_t_95_df_n_minus_1,estimated,raw_instance,pair_minus_original_only,positive_depth_only,6,max3sat,-5.170360948567573,encoded_energy_mean,unadjusted_exploratory,7,selective,all_designs_diagnostic,4.602556680320988,original_e4,0
equal_layer_p2,0.037463098157953845,-0.008720729109227977,two_sided_Student_t_95_df_n_minus_1,estimated,raw_instance,pair_minus_original_only,positive_depth_only,6,max3sat,0.014371184524362934,optimum_hit_rate,unadjusted_exploratory,7,selective,all_designs_diagnostic,0.02496839464914732,original_e4,0
equal_layer_p2,-0.019082381840414886,-0.1670874171592267,two_sided_Student_t_95_df_n_minus_1,estimated,raw_instance,pair_minus_original_only,positive_depth_only,6,max3sat,-0.0930848994998208,auxiliary_inconsistency_rate,unadjusted_exploratory,7,selective,all_designs_diagnostic,0.08001606515896233,original_e4,0
equal_layer_p2,1.8328681503280769e-16,-1.0714652347329328e-15,two_sided_Student_t_95_df_n_minus_1,estimated,raw_instance,pair_minus_original_only,positive_depth_only,6,max3sat,-4.440892098500626e-16,statevector_norm,unadjusted_exploratory,7,selective,all_designs_diagnostic,6.783574731503469e-16,original_e4,0
equal_layer_p1,0.3689077537496073,-0.1785787958580735,two_sided_Student_t_95_df_n_minus_1,estimated,raw_instance,independence_minus_cold,all_scheduled,9,cubic_spin_glass,0.09516447894576689,original_objective_mean,unadjusted_exploratory,10,selective,all_designs_diagnostic,0.38266671156602505,targeted,0
equal_layer_p1,1.2724544689642565,-10.234492025503986,two_sided_Student_t_95_df_n_minus_1,estimated,raw_instance,independence_minus_cold,all_scheduled,9,cubic_spin_glass,-4.481018778269865,encoded_energy_mean,unadjusted_exploratory,10,selective,all_designs_diagnostic,8.042801011933,targeted,0
equal_layer_p1,0.022455205969976993,-0.014600020181446835,two_sided_Student_t_95_df_n_minus_1,estimated,raw_instance,independence_minus_cold,all_scheduled,9,cubic_spin_glass,0.00392759289426508,optimum_hit_rate,unadjusted_exploratory,10,selective,all_designs_diagnostic,0.025899817169685216,targeted,0
equal_layer_p1,0.014215020019283084,-0.06417831266978796,two_sided_Student_t_95_df_n_minus_1,estimated,raw_instance,independence_minus_cold,all_scheduled,9,cubic_spin_glass,-0.02498164632525244,auxiliary_inconsistency_rate,unadjusted_exploratory,10,selective,all_designs_diagnostic,0.054793161312044286,targeted,0
equal_layer_p1,3.854603218479894e-16,-3.854603218479894e-16,two_sided_Student_t_95_df_n_minus_1,estimated,raw_instance,independence_minus_cold,all_scheduled,9,cubic_spin_glass,0.0,statevector_norm,unadjusted_exploratory,10,selective,all_designs_diagnostic,5.388363747253687e-16,targeted,0
equal_layer_p1,0.3319404083016364,-0.12024681896205175,two_sided_Student_t_95_df_n_minus_1,estimated,raw_instance,original_only_minus_cold,all_scheduled,9,cubic_spin_glass,0.10584679466979233,original_objective_mean,unadjusted_exploratory,10,selective,all_designs_diagnostic,0.3160570782846622,targeted,0
equal_layer_p1,-1.2435594552436107,-8.587309182402018,two_sided_Student_t_95_df_n_minus_1,estimated,raw_instance,original_only_minus_cold,all_scheduled,9,cubic_spin_glass,-4.915434318822815,encoded_energy_mean,unadjusted_exploratory,10,selective,all_designs_diagnostic,5.132927120619397,targeted,0
equal_layer_p1,0.02315168308018021,-0.011598242038574224,two_sided_Student_t_95_df_n_minus_1,estimated,raw_instance,original_only_minus_cold,all_scheduled,9,cubic_spin_glass,0.005776720520802992,optimum_hit_rate,unadjusted_exploratory,10,selective,all_designs_diagnostic,0.024288522853918918,targeted,0
equal_layer_p1,0.0135753373091674,-0.011160551572314745,two_sided_Student_t_95_df_n_minus_1,estimated,raw_instance,original_only_minus_cold,all_scheduled,9,cubic_spin_glass,0.0012073928684263268,auxiliary_inconsistency_rate,unadjusted_exploratory,10,selective,all_designs_diagnostic,0.017289194159604938,targeted,0
equal_layer_p1,1.0982399885726243e-15,2.562321014700665e-16,two_sided_Student_t_95_df_n_minus_1,estimated,raw_instance,original_only_minus_cold,all_scheduled,9,cubic_spin_glass,6.7723604502134545e-16,statevector_norm,unadjusted_exploratory,10,selective,all_designs_diagnostic,5.885229317525363e-16,targeted,0
equal_layer_p1,0.2600512041534221,-0.28060392923030664,two_sided_Student_t_95_df_n_minus_1,estimated,raw_instance,pair_minus_cold,all_scheduled,9,cubic_spin_glass,-0.010276362538442297,original_objective_mean,unadjusted_exploratory,10,selective,all_designs_diagnostic,0.37789188087176995,targeted,0
equal_layer_p1,1.0440784968521135,-7.785548858061169,two_sided_Student_t_95_df_n_minus_1,estimated,raw_instance,pair_minus_cold,all_scheduled,9,cubic_spin_glass,-3.370735180604528,encoded_energy_mean,unadjusted_exploratory,10,selective,all_designs_diagnostic,6.171483969203037,targeted,0
equal_layer_p1,0.022819622681230226,-0.014125878263619728,two_sided_Student_t_95_df_n_minus_1,estimated,raw_instance,pair_minus_cold,all_scheduled,9,cubic_spin_glass,0.004346872208805249,optimum_hit_rate,unadjusted_exploratory,10,selective,all_designs_diagnostic,0.025823124538595713,targeted,0
equal_layer_p1,0.0009655489788068586,-0.04168845575426835,two_sided_Student_t_95_df_n_minus_1,estimated,raw_instance,pair_minus_cold,all_scheduled,9,cubic_spin_glass,-0.020361453387730745,auxiliary_inconsistency_rate,unadjusted_exploratory,10,selective,all_designs_diagnostic,0.02981309356005879,targeted,0
equal_layer_p1,4.1135391478069603e-16,-7.44420822168243e-16,two_sided_Student_t_95_df_n_minus_1,estimated,raw_instance,pair_minus_cold,all_scheduled,9,cubic_spin_glass,-1.6653345369377348e-16,statevector_norm,unadjusted_exploratory,10,selective,all_designs_diagnostic,8.078308375178635e-16,targeted,0
equal_layer_p1,0.10928488347839263,-0.32016656644681096,two_sided_Student_t_95_df_n_minus_1,estimated,raw_instance,pair_minus_independence,all_scheduled,9,cubic_spin_glass,-0.10544084148420918,original_objective_mean,unadjusted_exploratory,10,selective,all_designs_diagnostic,0.3001658656964266,targeted,0
equal_layer_p1,7.275277806506067,-5.054710611175394,two_sided_Student_t_95_df_n_minus_1,estimated,raw_instance,pair_minus_independence,all_scheduled,9,cubic_spin_glass,1.1102835976653367,encoded_energy_mean,unadjusted_exploratory,10,selective,all_designs_diagnostic,8.618067649008681,targeted,0
equal_layer_p1,0.008894215501356245,-0.008055656872275906,two_sided_Student_t_95_df_n_minus_1,estimated,raw_instance,pair_minus_independence,all_scheduled,9,cubic_spin_glass,0.0004192793145401705,optimum_hit_rate,unadjusted_exploratory,10,selective,all_designs_diagnostic,0.011847143874729876,targeted,0
equal_layer_p1,0.04326775197700726,-0.03402736610196387,two_sided_Student_t_95_df_n_minus_1,estimated,raw_instance,pair_minus_independence,all_scheduled,9,cubic_spin_glass,0.004620192937521694,auxiliary_inconsistency_rate,unadjusted_exploratory,10,selective,all_designs_diagnostic,0.05402556222903148,targeted,0
equal_layer_p1,3.3331864089190814e-16,-6.663855482794551e-16,two_sided_Student_t_95_df_n_minus_1,estimated,raw_instance,pair_minus_independence,all_scheduled,9,cubic_spin_glass,-1.6653345369377348e-16,statevector_norm,unadjusted_exploratory,10,selective,all_designs_diagnostic,6.987450465826349e-16,targeted,0
equal_layer_p1,0.11195757871334441,-0.3442038931298136,two_sided_Student_t_95_df_n_minus_1,estimated,raw_instance,pair_minus_original_only,all_scheduled,9,cubic_spin_glass,-0.1161231572082346,original_objective_mean,unadjusted_exploratory,10,selective,all_designs_diagnostic,0.31883488370339735,targeted,0
equal_layer_p1,6.725131500500777,-3.6357332240642046,two_sided_Student_t_95_df_n_minus_1,estimated,raw_instance,pair_minus_original_only,all_scheduled,9,cubic_spin_glass,1.5446991382182862,encoded_energy_mean,unadjusted_exploratory,10,selective,all_designs_diagnostic,7.241745091218746,targeted,0
equal_layer_p1,0.004496950021004526,-0.00735664664500001,two_sided_Student_t_95_df_n_minus_1,estimated,raw_instance,pair_minus_original_only,all_scheduled,9,cubic_spin_glass,-0.0014298483119977415,optimum_hit_rate,unadjusted_exploratory,10,selective,all_designs_diagnostic,0.008285092774718126,targeted,0
equal_layer_p1,0.0010988594830862765,-0.044236551995400414,two_sided_Student_t_95_df_n_minus_1,estimated,raw_instance,pair_minus_original_only,all_scheduled,9,cubic_spin_glass,-0.02156884625615707,auxiliary_inconsistency_rate,unadjusted_exploratory,10,selective,all_designs_diagnostic,0.0316872676422766,targeted,0
equal_layer_p1,-3.2743397741847847e-16,-1.3601050200117594e-15,two_sided_Student_t_95_df_n_minus_1,estimated,raw_instance,pair_minus_original_only,all_scheduled,9,cubic_spin_glass,-8.437694987151189e-16,statevector_norm,unadjusted_exploratory,10,selective,all_designs_diagnostic,7.21787288257219e-16,targeted,0
equal_layer_p1,0.3689077537496073,-0.1785787958580735,two_sided_Student_t_95_df_n_minus_1,estimated,raw_instance,independence_minus_cold,positive_depth_only,9,cubic_spin_glass,0.09516447894576689,original_objective_mean,unadjusted_exploratory,10,selective,all_designs_diagnostic,0.38266671156602505,targeted,0
equal_layer_p1,1.2724544689642565,-10.234492025503986,two_sided_Student_t_95_df_n_minus_1,estimated,raw_instance,independence_minus_cold,positive_depth_only,9,cubic_spin_glass,-4.481018778269865,encoded_energy_mean,unadjusted_exploratory,10,selective,all_designs_diagnostic,8.042801011933,targeted,0
equal_layer_p1,0.022455205969976993,-0.014600020181446835,two_sided_Student_t_95_df_n_minus_1,estimated,raw_instance,independence_minus_cold,positive_depth_only,9,cubic_spin_glass,0.00392759289426508,optimum_hit_rate,unadjusted_exploratory,10,selective,all_designs_diagnostic,0.025899817169685216,targeted,0
equal_layer_p1,0.014215020019283084,-0.06417831266978796,two_sided_Student_t_95_df_n_minus_1,estimated,raw_instance,independence_minus_cold,positive_depth_only,9,cubic_spin_glass,-0.02498164632525244,auxiliary_inconsistency_rate,unadjusted_exploratory,10,selective,all_designs_diagnostic,0.054793161312044286,targeted,0
equal_layer_p1,3.854603218479894e-16,-3.854603218479894e-16,two_sided_Student_t_95_df_n_minus_1,estimated,raw_instance,independence_minus_cold,positive_depth_only,9,cubic_spin_glass,0.0,statevector_norm,unadjusted_exploratory,10,selective,all_designs_diagnostic,5.388363747253687e-16,targeted,0
equal_layer_p1,0.3319404083016364,-0.12024681896205175,two_sided_Student_t_95_df_n_minus_1,estimated,raw_instance,original_only_minus_cold,positive_depth_only,9,cubic_spin_glass,0.10584679466979233,original_objective_mean,unadjusted_exploratory,10,selective,all_designs_diagnostic,0.3160570782846622,targeted,0
equal_layer_p1,-1.2435594552436107,-8.587309182402018,two_sided_Student_t_95_df_n_minus_1,estimated,raw_instance,original_only_minus_cold,positive_depth_only,9,cubic_spin_glass,-4.915434318822815,encoded_energy_mean,unadjusted_exploratory,10,selective,all_designs_diagnostic,5.132927120619397,targeted,0
equal_layer_p1,0.02315168308018021,-0.011598242038574224,two_sided_Student_t_95_df_n_minus_1,estimated,raw_instance,original_only_minus_cold,positive_depth_only,9,cubic_spin_glass,0.005776720520802992,optimum_hit_rate,unadjusted_exploratory,10,selective,all_designs_diagnostic,0.024288522853918918,targeted,0
equal_layer_p1,0.0135753373091674,-0.011160551572314745,two_sided_Student_t_95_df_n_minus_1,estimated,raw_instance,original_only_minus_cold,positive_depth_only,9,cubic_spin_glass,0.0012073928684263268,auxiliary_inconsistency_rate,unadjusted_exploratory,10,selective,all_designs_diagnostic,0.017289194159604938,targeted,0
equal_layer_p1,1.0982399885726243e-15,2.562321014700665e-16,two_sided_Student_t_95_df_n_minus_1,estimated,raw_instance,original_only_minus_cold,positive_depth_only,9,cubic_spin_glass,6.7723604502134545e-16,statevector_norm,unadjusted_exploratory,10,selective,all_designs_diagnostic,5.885229317525363e-16,targeted,0
equal_layer_p1,0.2600512041534221,-0.28060392923030664,two_sided_Student_t_95_df_n_minus_1,estimated,raw_instance,pair_minus_cold,positive_depth_only,9,cubic_spin_glass,-0.010276362538442297,original_objective_mean,unadjusted_exploratory,10,selective,all_designs_diagnostic,0.37789188087176995,targeted,0
equal_layer_p1,1.0440784968521135,-7.785548858061169,two_sided_Student_t_95_df_n_minus_1,estimated,raw_instance,pair_minus_cold,positive_depth_only,9,cubic_spin_glass,-3.370735180604528,encoded_energy_mean,unadjusted_exploratory,10,selective,all_designs_diagnostic,6.171483969203037,targeted,0
equal_layer_p1,0.022819622681230226,-0.014125878263619728,two_sided_Student_t_95_df_n_minus_1,estimated,raw_instance,pair_minus_cold,positive_depth_only,9,cubic_spin_glass,0.004346872208805249,optimum_hit_rate,unadjusted_exploratory,10,selective,all_designs_diagnostic,0.025823124538595713,targeted,0
equal_layer_p1,0.0009655489788068586,-0.04168845575426835,two_sided_Student_t_95_df_n_minus_1,estimated,raw_instance,pair_minus_cold,positive_depth_only,9,cubic_spin_glass,-0.020361453387730745,auxiliary_inconsistency_rate,unadjusted_exploratory,10,selective,all_designs_diagnostic,0.02981309356005879,targeted,0
equal_layer_p1,4.1135391478069603e-16,-7.44420822168243e-16,two_sided_Student_t_95_df_n_minus_1,estimated,raw_instance,pair_minus_cold,positive_depth_only,9,cubic_spin_glass,-1.6653345369377348e-16,statevector_norm,unadjusted_exploratory,10,selective,all_designs_diagnostic,8.078308375178635e-16,targeted,0
equal_layer_p1,0.10928488347839263,-0.32016656644681096,two_sided_Student_t_95_df_n_minus_1,estimated,raw_instance,pair_minus_independence,positive_depth_only,9,cubic_spin_glass,-0.10544084148420918,original_objective_mean,unadjusted_exploratory,10,selective,all_designs_diagnostic,0.3001658656964266,targeted,0
equal_layer_p1,7.275277806506067,-5.054710611175394,two_sided_Student_t_95_df_n_minus_1,estimated,raw_instance,pair_minus_independence,positive_depth_only,9,cubic_spin_glass,1.1102835976653367,encoded_energy_mean,unadjusted_exploratory,10,selective,all_designs_diagnostic,8.618067649008681,targeted,0
equal_layer_p1,0.008894215501356245,-0.008055656872275906,two_sided_Student_t_95_df_n_minus_1,estimated,raw_instance,pair_minus_independence,positive_depth_only,9,cubic_spin_glass,0.0004192793145401705,optimum_hit_rate,unadjusted_exploratory,10,selective,all_designs_diagnostic,0.011847143874729876,targeted,0
equal_layer_p1,0.04326775197700726,-0.03402736610196387,two_sided_Student_t_95_df_n_minus_1,estimated,raw_instance,pair_minus_independence,positive_depth_only,9,cubic_spin_glass,0.004620192937521694,auxiliary_inconsistency_rate,unadjusted_exploratory,10,selective,all_designs_diagnostic,0.05402556222903148,targeted,0
equal_layer_p1,3.3331864089190814e-16,-6.663855482794551e-16,two_sided_Student_t_95_df_n_minus_1,estimated,raw_instance,pair_minus_independence,positive_depth_only,9,cubic_spin_glass,-1.6653345369377348e-16,statevector_norm,unadjusted_exploratory,10,selective,all_designs_diagnostic,6.987450465826349e-16,targeted,0
equal_layer_p1,0.11195757871334441,-0.3442038931298136,two_sided_Student_t_95_df_n_minus_1,estimated,raw_instance,pair_minus_original_only,positive_depth_only,9,cubic_spin_glass,-0.1161231572082346,original_objective_mean,unadjusted_exploratory,10,selective,all_designs_diagnostic,0.31883488370339735,targeted,0
equal_layer_p1,6.725131500500777,-3.6357332240642046,two_sided_Student_t_95_df_n_minus_1,estimated,raw_instance,pair_minus_original_only,positive_depth_only,9,cubic_spin_glass,1.5446991382182862,encoded_energy_mean,unadjusted_exploratory,10,selective,all_designs_diagnostic,7.241745091218746,targeted,0
equal_layer_p1,0.004496950021004526,-0.00735664664500001,two_sided_Student_t_95_df_n_minus_1,estimated,raw_instance,pair_minus_original_only,positive_depth_only,9,cubic_spin_glass,-0.0014298483119977415,optimum_hit_rate,unadjusted_exploratory,10,selective,all_designs_diagnostic,0.008285092774718126,targeted,0
equal_layer_p1,0.0010988594830862765,-0.044236551995400414,two_sided_Student_t_95_df_n_minus_1,estimated,raw_instance,pair_minus_original_only,positive_depth_only,9,cubic_spin_glass,-0.02156884625615707,auxiliary_inconsistency_rate,unadjusted_exploratory,10,selective,all_designs_diagnostic,0.0316872676422766,targeted,0
equal_layer_p1,-3.2743397741847847e-16,-1.3601050200117594e-15,two_sided_Student_t_95_df_n_minus_1,estimated,raw_instance,pair_minus_original_only,positive_depth_only,9,cubic_spin_glass,-8.437694987151189e-16,statevector_norm,unadjusted_exploratory,10,selective,all_designs_diagnostic,7.21787288257219e-16,targeted,0
equal_layer_p2,0.5579213511695621,-0.2698602528744186,two_sided_Student_t_95_df_n_minus_1,estimated,raw_instance,independence_minus_cold,all_scheduled,9,cubic_spin_glass,0.1440305491475717,original_objective_mean,unadjusted_exploratory,10,selective,all_designs_diagnostic,0.5785794455431779,targeted,0
equal_layer_p2,5.702019967111052,-5.06487812322558,two_sided_Student_t_95_df_n_minus_1,estimated,raw_instance,independence_minus_cold,all_scheduled,9,cubic_spin_glass,0.31857092194273606,encoded_energy_mean,unadjusted_exploratory,10,selective,all_designs_diagnostic,7.525542844747599,targeted,0
equal_layer_p2,0.013941885485108009,-0.0018259162142721472,two_sided_Student_t_95_df_n_minus_1,estimated,raw_instance,independence_minus_cold,all_scheduled,9,cubic_spin_glass,0.006057984635417931,optimum_hit_rate,unadjusted_exploratory,10,selective,all_designs_diagnostic,0.011020933444393673,targeted,0
equal_layer_p2,0.023290235461627177,-0.010119231165577527,two_sided_Student_t_95_df_n_minus_1,estimated,raw_instance,independence_minus_cold,all_scheduled,9,cubic_spin_glass,0.006585502148024824,auxiliary_inconsistency_rate,unadjusted_exploratory,10,selective,all_designs_diagnostic,0.0233516069729358,targeted,0
equal_layer_p2,1.110602367907139e-15,-5.110819346095542e-16,two_sided_Student_t_95_df_n_minus_1,estimated,raw_instance,independence_minus_cold,all_scheduled,9,cubic_spin_glass,2.997602166487923e-16,statevector_norm,unadjusted_exploratory,10,selective,all_designs_diagnostic,1.1334791689165542e-15,targeted,0
equal_layer_p2,0.4531388437802737,-0.09995256640390218,two_sided_Student_t_95_df_n_minus_1,estimated,raw_instance,original_only_minus_cold,all_scheduled,9,cubic_spin_glass,0.17659313868818574,original_objective_mean,unadjusted_exploratory,10,selective,all_designs_diagnostic,0.386584238977667,targeted,0
equal_layer_p2,2.2076692809753204,-5.765381736452038,two_sided_Student_t_95_df_n_minus_1,estimated,raw_instance,original_only_minus_cold,all_scheduled,9,cubic_spin_glass,-1.7788562277383584,encoded_energy_mean,unadjusted_exploratory,10,selective,all_designs_diagnostic,5.572778392772179,targeted,0
equal_layer_p2,0.00953863750569946,-0.00908559520601723,two_sided_Student_t_95_df_n_minus_1,estimated,raw_instance,original_only_minus_cold,all_scheduled,9,cubic_spin_glass,0.0002265211498411153,optimum_hit_rate,unadjusted_exploratory,10,selective,all_designs_diagnostic,0.013017441053739148,targeted,0
equal_layer_p2,0.009953974785046001,-0.016571585734332504,two_sided_Student_t_95_df_n_minus_1,estimated,raw_instance,original_only_minus_cold,all_scheduled,9,cubic_spin_glass,-0.0033088054746432507,auxiliary_inconsistency_rate,unadjusted_exploratory,10,selective,all_designs_diagnostic,0.018540088379650217,targeted,0
equal_layer_p2,1.3015653080856937e-15,-3.591106001301515e-17,two_sided_Student_t_95_df_n_minus_1,estimated,raw_instance,original_only_minus_cold,all_scheduled,9,cubic_spin_glass,6.328271240363392e-16,statevector_norm,unadjusted_exploratory,10,selective,all_designs_diagnostic,9.348315204169958e-16,targeted,0
equal_layer_p2,0.3302122696359324,-0.026279323557719475,two_sided_Student_t_95_df_n_minus_1,estimated,raw_instance,pair_minus_cold,all_scheduled,9,cubic_spin_glass,0.15196647303910646,original_objective_mean,unadjusted_exploratory,10,selective,all_designs_diagnostic,0.24917044220739715,targeted,0
equal_layer_p2,5.421707549979229,-5.328951211274998,two_sided_Student_t_95_df_n_minus_1,estimated,raw_instance,pair_minus_cold,all_scheduled,9,cubic_spin_glass,0.04637816935211507,encoded_energy_mean,unadjusted_exploratory,10,selective,all_designs_diagnostic,7.51419233638816,targeted,0
equal_layer_p2,0.010874934919878489,-0.004325963729077676,two_sided_Student_t_95_df_n_minus_1,estimated,raw_instance,pair_minus_cold,all_scheduled,9,cubic_spin_glass,0.0032744855954004067,optimum_hit_rate,unadjusted_exploratory,10,selective,all_designs_diagnostic,0.010624695534552878,targeted,0
equal_layer_p2,0.014030746237825284,-0.01090152983990643,two_sided_Student_t_95_df_n_minus_1,estimated,raw_instance,pair_minus_cold,all_scheduled,9,cubic_spin_glass,0.0015646081989594274,auxiliary_inconsistency_rate,unadjusted_exploratory,10,selective,all_designs_diagnostic,0.017426459344724726,targeted,0
equal_layer_p2,9.735356936239462e-16,-8.625133911614305e-16,two_sided_Student_t_95_df_n_minus_1,estimated,raw_instance,pair_minus_cold,all_scheduled,9,cubic_spin_glass,5.551115123125783e-17,statevector_norm,unadjusted_exploratory,10,selective,all_designs_diagnostic,1.2833098202176783e-15,targeted,0
equal_layer_p2,0.30440902819511073,-0.28853718041204124,two_sided_Student_t_95_df_n_minus_1,estimated,raw_instance,pair_minus_independence,all_scheduled,9,cubic_spin_glass,0.007935923891534729,original_objective_mean,unadjusted_exploratory,10,selective,all_designs_diagnostic,0.41444082223724804,targeted,0
equal_layer_p2,3.7246600369291,-4.269045542110342,two_sided_Student_t_95_df_n_minus_1,estimated,raw_instance,pair_minus_independence,all_scheduled,9,cubic_spin_glass,-0.27219275259062103,encoded_energy_mean,unadjusted_exploratory,10,selective,all_designs_diagnostic,5.587214935873735,targeted,0
equal_layer_p2,0.003100367484376755,-0.008667365564411802,two_sided_Student_t_95_df_n_minus_1,estimated,raw_instance,pair_minus_independence,all_scheduled,9,cubic_spin_glass,-0.0027834990400175236,optimum_hit_rate,unadjusted_exploratory,10,selective,all_designs_diagnostic,0.008225078244558898,targeted,0
equal_layer_p2,0.009602091279168345,-0.019643879177299137,two_sided_Student_t_95_df_n_minus_1,estimated,raw_instance,pair_minus_independence,all_scheduled,9,cubic_spin_glass,-0.005020893949065397,auxiliary_inconsistency_rate,unadjusted_exploratory,10,selective,all_designs_diagnostic,0.020441523813056472,targeted,0
equal_layer_p2,2.000015871919298e-16,-6.884997180269987e-16,two_sided_Student_t_95_df_n_minus_1,estimated,raw_instance,pair_minus_independence,all_scheduled,9,cubic_spin_glass,-2.4424906541753446e-16,statevector_norm,unadjusted_exploratory,10,selective,all_designs_diagnostic,6.210195902235158e-16,targeted,0
equal_layer_p2,0.17872805293063881,-0.22798138422879738,two_sided_Student_t_95_df_n_minus_1,estimated,raw_instance,pair_minus_original_only,all_scheduled,9,cubic_spin_glass,-0.024626665649079275,original_objective_mean,unadjusted_exploratory,10,selective,all_designs_diagnostic,0.28427029484504235,targeted,0
equal_layer_p2,5.018276584461604,-1.3678077902806576,two_sided_Student_t_95_df_n_minus_1,estimated,raw_instance,pair_minus_original_only,all_scheduled,9,cubic_spin_glass,1.8252343970904732,encoded_energy_mean,unadjusted_exploratory,10,selective,all_designs_diagnostic,4.463565194828875,targeted,0
equal_layer_p2,0.01673678040933862,-0.010640851518220034,two_sided_Student_t_95_df_n_minus_1,estimated,raw_instance,pair_minus_original_only,all_scheduled,9,cubic_spin_glass,0.0030479644455592915,optimum_hit_rate,unadjusted_exploratory,10,selective,all_designs_diagnostic,0.019135645227615482,targeted,0
equal_layer_p2,0.01934886244836605,-0.009602035101160693,two_sided_Student_t_95_df_n_minus_1,estimated,raw_instance,pair_minus_original_only,all_scheduled,9,cubic_spin_glass,0.004873413673602678,auxiliary_inconsistency_rate,unadjusted_exploratory,10,selective,all_designs_diagnostic,0.020235282072410692,targeted,0
equal_layer_p2,-2.860469611510701e-17,-1.1260272494950558e-15,two_sided_Student_t_95_df_n_minus_1,estimated,raw_instance,pair_minus_original_only,all_scheduled,9,cubic_spin_glass,-5.773159728050814e-16,statevector_norm,unadjusted_exploratory,10,selective,all_designs_diagnostic,7.670454735394362e-16,targeted,0
equal_layer_p2,0.5579213511695621,-0.2698602528744186,two_sided_Student_t_95_df_n_minus_1,estimated,raw_instance,independence_minus_cold,positive_depth_only,9,cubic_spin_glass,0.1440305491475717,original_objective_mean,unadjusted_exploratory,10,selective,all_designs_diagnostic,0.5785794455431779,targeted,0
equal_layer_p2,5.702019967111052,-5.06487812322558,two_sided_Student_t_95_df_n_minus_1,estimated,raw_instance,independence_minus_cold,positive_depth_only,9,cubic_spin_glass,0.31857092194273606,encoded_energy_mean,unadjusted_exploratory,10,selective,all_designs_diagnostic,7.525542844747599,targeted,0
equal_layer_p2,0.013941885485108009,-0.0018259162142721472,two_sided_Student_t_95_df_n_minus_1,estimated,raw_instance,independence_minus_cold,positive_depth_only,9,cubic_spin_glass,0.006057984635417931,optimum_hit_rate,unadjusted_exploratory,10,selective,all_designs_diagnostic,0.011020933444393673,targeted,0
equal_layer_p2,0.023290235461627177,-0.010119231165577527,two_sided_Student_t_95_df_n_minus_1,estimated,raw_instance,independence_minus_cold,positive_depth_only,9,cubic_spin_glass,0.006585502148024824,auxiliary_inconsistency_rate,unadjusted_exploratory,10,selective,all_designs_diagnostic,0.0233516069729358,targeted,0
equal_layer_p2,1.110602367907139e-15,-5.110819346095542e-16,two_sided_Student_t_95_df_n_minus_1,estimated,raw_instance,independence_minus_cold,positive_depth_only,9,cubic_spin_glass,2.997602166487923e-16,statevector_norm,unadjusted_exploratory,10,selective,all_designs_diagnostic,1.1334791689165542e-15,targeted,0
equal_layer_p2,0.4531388437802737,-0.09995256640390218,two_sided_Student_t_95_df_n_minus_1,estimated,raw_instance,original_only_minus_cold,positive_depth_only,9,cubic_spin_glass,0.17659313868818574,original_objective_mean,unadjusted_exploratory,10,selective,all_designs_diagnostic,0.386584238977667,targeted,0
equal_layer_p2,2.2076692809753204,-5.765381736452038,two_sided_Student_t_95_df_n_minus_1,estimated,raw_instance,original_only_minus_cold,positive_depth_only,9,cubic_spin_glass,-1.7788562277383584,encoded_energy_mean,unadjusted_exploratory,10,selective,all_designs_diagnostic,5.572778392772179,targeted,0
equal_layer_p2,0.00953863750569946,-0.00908559520601723,two_sided_Student_t_95_df_n_minus_1,estimated,raw_instance,original_only_minus_cold,positive_depth_only,9,cubic_spin_glass,0.0002265211498411153,optimum_hit_rate,unadjusted_exploratory,10,selective,all_designs_diagnostic,0.013017441053739148,targeted,0
equal_layer_p2,0.009953974785046001,-0.016571585734332504,two_sided_Student_t_95_df_n_minus_1,estimated,raw_instance,original_only_minus_cold,positive_depth_only,9,cubic_spin_glass,-0.0033088054746432507,auxiliary_inconsistency_rate,unadjusted_exploratory,10,selective,all_designs_diagnostic,0.018540088379650217,targeted,0
equal_layer_p2,1.3015653080856937e-15,-3.591106001301515e-17,two_sided_Student_t_95_df_n_minus_1,estimated,raw_instance,original_only_minus_cold,positive_depth_only,9,cubic_spin_glass,6.328271240363392e-16,statevector_norm,unadjusted_exploratory,10,selective,all_designs_diagnostic,9.348315204169958e-16,targeted,0
equal_layer_p2,0.3302122696359324,-0.026279323557719475,two_sided_Student_t_95_df_n_minus_1,estimated,raw_instance,pair_minus_cold,positive_depth_only,9,cubic_spin_glass,0.15196647303910646,original_objective_mean,unadjusted_exploratory,10,selective,all_designs_diagnostic,0.24917044220739715,targeted,0
equal_layer_p2,5.421707549979229,-5.328951211274998,two_sided_Student_t_95_df_n_minus_1,estimated,raw_instance,pair_minus_cold,positive_depth_only,9,cubic_spin_glass,0.04637816935211507,encoded_energy_mean,unadjusted_exploratory,10,selective,all_designs_diagnostic,7.51419233638816,targeted,0
equal_layer_p2,0.010874934919878489,-0.004325963729077676,two_sided_Student_t_95_df_n_minus_1,estimated,raw_instance,pair_minus_cold,positive_depth_only,9,cubic_spin_glass,0.0032744855954004067,optimum_hit_rate,unadjusted_exploratory,10,selective,all_designs_diagnostic,0.010624695534552878,targeted,0
equal_layer_p2,0.014030746237825284,-0.01090152983990643,two_sided_Student_t_95_df_n_minus_1,estimated,raw_instance,pair_minus_cold,positive_depth_only,9,cubic_spin_glass,0.0015646081989594274,auxiliary_inconsistency_rate,unadjusted_exploratory,10,selective,all_designs_diagnostic,0.017426459344724726,targeted,0
equal_layer_p2,9.735356936239462e-16,-8.625133911614305e-16,two_sided_Student_t_95_df_n_minus_1,estimated,raw_instance,pair_minus_cold,positive_depth_only,9,cubic_spin_glass,5.551115123125783e-17,statevector_norm,unadjusted_exploratory,10,selective,all_designs_diagnostic,1.2833098202176783e-15,targeted,0
equal_layer_p2,0.30440902819511073,-0.28853718041204124,two_sided_Student_t_95_df_n_minus_1,estimated,raw_instance,pair_minus_independence,positive_depth_only,9,cubic_spin_glass,0.007935923891534729,original_objective_mean,unadjusted_exploratory,10,selective,all_designs_diagnostic,0.41444082223724804,targeted,0
equal_layer_p2,3.7246600369291,-4.269045542110342,two_sided_Student_t_95_df_n_minus_1,estimated,raw_instance,pair_minus_independence,positive_depth_only,9,cubic_spin_glass,-0.27219275259062103,encoded_energy_mean,unadjusted_exploratory,10,selective,all_designs_diagnostic,5.587214935873735,targeted,0
equal_layer_p2,0.003100367484376755,-0.008667365564411802,two_sided_Student_t_95_df_n_minus_1,estimated,raw_instance,pair_minus_independence,positive_depth_only,9,cubic_spin_glass,-0.0027834990400175236,optimum_hit_rate,unadjusted_exploratory,10,selective,all_designs_diagnostic,0.008225078244558898,targeted,0
equal_layer_p2,0.009602091279168345,-0.019643879177299137,two_sided_Student_t_95_df_n_minus_1,estimated,raw_instance,pair_minus_independence,positive_depth_only,9,cubic_spin_glass,-0.005020893949065397,auxiliary_inconsistency_rate,unadjusted_exploratory,10,selective,all_designs_diagnostic,0.020441523813056472,targeted,0
equal_layer_p2,2.000015871919298e-16,-6.884997180269987e-16,two_sided_Student_t_95_df_n_minus_1,estimated,raw_instance,pair_minus_independence,positive_depth_only,9,cubic_spin_glass,-2.4424906541753446e-16,statevector_norm,unadjusted_exploratory,10,selective,all_designs_diagnostic,6.210195902235158e-16,targeted,0
equal_layer_p2,0.17872805293063881,-0.22798138422879738,two_sided_Student_t_95_df_n_minus_1,estimated,raw_instance,pair_minus_original_only,positive_depth_only,9,cubic_spin_glass,-0.024626665649079275,original_objective_mean,unadjusted_exploratory,10,selective,all_designs_diagnostic,0.28427029484504235,targeted,0
equal_layer_p2,5.018276584461604,-1.3678077902806576,two_sided_Student_t_95_df_n_minus_1,estimated,raw_instance,pair_minus_original_only,positive_depth_only,9,cubic_spin_glass,1.8252343970904732,encoded_energy_mean,unadjusted_exploratory,10,selective,all_designs_diagnostic,4.463565194828875,targeted,0
equal_layer_p2,0.01673678040933862,-0.010640851518220034,two_sided_Student_t_95_df_n_minus_1,estimated,raw_instance,pair_minus_original_only,positive_depth_only,9,cubic_spin_glass,0.0030479644455592915,optimum_hit_rate,unadjusted_exploratory,10,selective,all_designs_diagnostic,0.019135645227615482,targeted,0
equal_layer_p2,0.01934886244836605,-0.009602035101160693,two_sided_Student_t_95_df_n_minus_1,estimated,raw_instance,pair_minus_original_only,positive_depth_only,9,cubic_spin_glass,0.004873413673602678,auxiliary_inconsistency_rate,unadjusted_exploratory,10,selective,all_designs_diagnostic,0.020235282072410692,targeted,0
equal_layer_p2,-2.860469611510701e-17,-1.1260272494950558e-15,two_sided_Student_t_95_df_n_minus_1,estimated,raw_instance,pair_minus_original_only,positive_depth_only,9,cubic_spin_glass,-5.773159728050814e-16,statevector_norm,unadjusted_exploratory,10,selective,all_designs_diagnostic,7.670454735394362e-16,targeted,0
equal_layer_p1,-4.390420567061064,-9.317022336302925,two_sided_Student_t_95_df_n_minus_1,estimated,raw_instance,independence_minus_cold,all_scheduled,9,max3sat,-6.853721451681994,original_objective_mean,unadjusted_exploratory,10,selective,all_designs_diagnostic,3.443457194669126,targeted,0
equal_layer_p1,-10.175469440578809,-25.948259555157826,two_sided_Student_t_95_df_n_minus_1,estimated,raw_instance,independence_minus_cold,all_scheduled,9,max3sat,-18.061864497868317,encoded_energy_mean,unadjusted_exploratory,10,selective,all_designs_diagnostic,11.024420106196493,targeted,0
equal_layer_p1,0.7810444896596165,0.3657710452030381,two_sided_Student_t_95_df_n_minus_1,estimated,raw_instance,independence_minus_cold,all_scheduled,9,max3sat,0.5734077674313273,optimum_hit_rate,unadjusted_exploratory,10,selective,all_designs_diagnostic,0.29025612319566246,targeted,0
equal_layer_p1,-0.24218578129373938,-0.6000659116956443,two_sided_Student_t_95_df_n_minus_1,estimated,raw_instance,independence_minus_cold,all_scheduled,9,max3sat,-0.4211258464946918,auxiliary_inconsistency_rate,unadjusted_exploratory,10,selective,all_designs_diagnostic,0.2501409627941586,targeted,0
equal_layer_p1,2.87939457123908e-18,-1.0686934982113894e-15,two_sided_Student_t_95_df_n_minus_1,estimated,raw_instance,independence_minus_cold,all_scheduled,9,max3sat,-5.329070518200751e-16,statevector_norm,unadjusted_exploratory,10,selective,all_designs_diagnostic,7.489778066296962e-16,targeted,0
equal_layer_p1,-4.140233284068184,-9.08378136841594,two_sided_Student_t_95_df_n_minus_1,estimated,raw_instance,original_only_minus_cold,all_scheduled,9,max3sat,-6.612007326242062,original_objective_mean,unadjusted_exploratory,10,selective,all_designs_diagnostic,3.455301852185153,targeted,0
equal_layer_p1,-4.018866321135337,-10.784104237198068,two_sided_Student_t_95_df_n_minus_1,estimated,raw_instance,original_only_minus_cold,all_scheduled,9,max3sat,-7.401485279166702,encoded_energy_mean,unadjusted_exploratory,10,selective,all_designs_diagnostic,4.728575246563818,targeted,0
equal_layer_p1,0.7632168504220175,0.3484923698354693,two_sided_Student_t_95_df_n_minus_1,estimated,raw_instance,original_only_minus_cold,all_scheduled,9,max3sat,0.5558546101287434,optimum_hit_rate,unadjusted_exploratory,10,selective,all_designs_diagnostic,0.2898724239083219,targeted,0
equal_layer_p1,0.07348870096073257,-0.01218866737590419,two_sided_Student_t_95_df_n_minus_1,estimated,raw_instance,original_only_minus_cold,all_scheduled,9,max3sat,0.030650016792414185,auxiliary_inconsistency_rate,unadjusted_exploratory,10,selective,all_designs_diagnostic,0.05988435116900249,targeted,0
equal_layer_p1,3.8425197309286558e-16,-6.062965780178969e-16,two_sided_Student_t_95_df_n_minus_1,estimated,raw_instance,original_only_minus_cold,all_scheduled,9,max3sat,-1.1102230246251565e-16,statevector_norm,unadjusted_exploratory,10,selective,all_designs_diagnostic,6.923456968425374e-16,targeted,0
equal_layer_p1,-4.259885368332134,-9.262959401227977,two_sided_Student_t_95_df_n_minus_1,estimated,raw_instance,pair_minus_cold,all_scheduled,9,max3sat,-6.761422384780056,original_objective_mean,unadjusted_exploratory,10,selective,all_designs_diagnostic,3.4969076213133046,targeted,0
equal_layer_p1,-9.851032421012803,-25.629931816804792,two_sided_Student_t_95_df_n_minus_1,estimated,raw_instance,pair_minus_cold,all_scheduled,9,max3sat,-17.740482118908798,encoded_energy_mean,unadjusted_exploratory,10,selective,all_designs_diagnostic,11.028690199322021,targeted,0
equal_layer_p1,0.7733421260442901,0.3520855750897711,two_sided_Student_t_95_df_n_minus_1,estimated,raw_instance,pair_minus_cold,all_scheduled,9,max3sat,0.5627138505670306,optimum_hit_rate,unadjusted_exploratory,10,selective,all_designs_diagnostic,0.29443802627649046,targeted,0
equal_layer_p1,-0.22526628188115075,-0.5889539108775057,two_sided_Student_t_95_df_n_minus_1,estimated,raw_instance,pair_minus_cold,all_scheduled,9,max3sat,-0.4071100963793282,auxiliary_inconsistency_rate,unadjusted_exploratory,10,selective,all_designs_diagnostic,0.2542001244140285,targeted,0
equal_layer_p1,-7.686758016104916e-17,-1.144377746926623e-15,two_sided_Student_t_95_df_n_minus_1,estimated,raw_instance,pair_minus_cold,all_scheduled,9,max3sat,-6.106226635438361e-16,statevector_norm,unadjusted_exploratory,10,selective,all_designs_diagnostic,7.461381569505322e-16,targeted,0
equal_layer_p1,0.20156739037315113,-0.016969256569274532,two_sided_Student_t_95_df_n_minus_1,estimated,raw_instance,pair_minus_independence,all_scheduled,9,max3sat,0.0922990669019383,original_objective_mean,unadjusted_exploratory,10,selective,all_designs_diagnostic,0.1527465836412764,targeted,0
equal_layer_p1,0.982366274100096,-0.33960151618105744,two_sided_Student_t_95_df_n_minus_1,estimated,raw_instance,pair_minus_independence,all_scheduled,9,max3sat,0.3213823789595193,encoded_energy_mean,unadjusted_exploratory,10,selective,all_designs_diagnostic,0.9239917719724683,targeted,0
equal_layer_p1,0.001902341822127028,-0.023290175550720476,two_sided_Student_t_95_df_n_minus_1,estimated,raw_instance,pair_minus_independence,all_scheduled,9,max3sat,-0.010693916864296724,optimum_hit_rate,unadjusted_exploratory,10,selective,all_designs_diagnostic,0.01760835546744592,targeted,0
equal_layer_p1,0.046365375943408865,-0.018333875712681514,two_sided_Student_t_95_df_n_minus_1,estimated,raw_instance,pair_minus_independence,all_scheduled,9,max3sat,0.014015750115363674,auxiliary_inconsistency_rate,unadjusted_exploratory,10,selective,all_designs_diagnostic,0.04522165866861958,targeted,0
equal_layer_p1,3.041827447250254e-16,-4.596139681725474e-16,two_sided_Student_t_95_df_n_minus_1,estimated,raw_instance,pair_minus_independence,all_scheduled,9,max3sat,-7.771561172376095e-17,statevector_norm,unadjusted_exploratory,10,selective,all_designs_diagnostic,5.33857090441575e-16,targeted,0
equal_layer_p1,-0.08017489078591765,-0.21865522629007217,two_sided_Student_t_95_df_n_minus_1,estimated,raw_instance,pair_minus_original_only,all_scheduled,9,max3sat,-0.14941505853799492,original_objective_mean,unadjusted_exploratory,10,selective,all_designs_diagnostic,0.09679108033230711,targeted,0
equal_layer_p1,-4.94754581424983,-15.730447865234359,two_sided_Student_t_95_df_n_minus_1,estimated,raw_instance,pair_minus_original_only,all_scheduled,9,max3sat,-10.338996839742094,encoded_energy_mean,unadjusted_exploratory,10,selective,all_designs_diagnostic,7.536728841915111,targeted,0
equal_layer_p1,0.014266206880246268,-0.0005477260036719942,two_sided_Student_t_95_df_n_minus_1,estimated,raw_instance,pair_minus_original_only,all_scheduled,9,max3sat,0.006859240438287137,optimum_hit_rate,unadjusted_exploratory,10,selective,all_designs_diagnostic,0.01035422511495664,targeted,0
equal_layer_p1,-0.2664931041405309,-0.609027122202954,two_sided_Student_t_95_df_n_minus_1,estimated,raw_instance,pair_minus_original_only,all_scheduled,9,max3sat,-0.4377601131717424,auxiliary_inconsistency_rate,unadjusted_exploratory,10,selective,all_designs_diagnostic,0.23941476988863347,targeted,0
equal_layer_p1,-2.5914264182656313e-16,-7.400580803360778e-16,two_sided_Student_t_95_df_n_minus_1,estimated,raw_instance,pair_minus_original_only,all_scheduled,9,max3sat,-4.996003610813204e-16,statevector_norm,unadjusted_exploratory,10,selective,all_designs_diagnostic,3.3613671336335435e-16,targeted,0
equal_layer_p1,-4.390420567061064,-9.317022336302925,two_sided_Student_t_95_df_n_minus_1,estimated,raw_instance,independence_minus_cold,positive_depth_only,9,max3sat,-6.853721451681994,original_objective_mean,unadjusted_exploratory,10,selective,all_designs_diagnostic,3.443457194669126,targeted,0
equal_layer_p1,-10.175469440578809,-25.948259555157826,two_sided_Student_t_95_df_n_minus_1,estimated,raw_instance,independence_minus_cold,positive_depth_only,9,max3sat,-18.061864497868317,encoded_energy_mean,unadjusted_exploratory,10,selective,all_designs_diagnostic,11.024420106196493,targeted,0
equal_layer_p1,0.7810444896596165,0.3657710452030381,two_sided_Student_t_95_df_n_minus_1,estimated,raw_instance,independence_minus_cold,positive_depth_only,9,max3sat,0.5734077674313273,optimum_hit_rate,unadjusted_exploratory,10,selective,all_designs_diagnostic,0.29025612319566246,targeted,0
equal_layer_p1,-0.24218578129373938,-0.6000659116956443,two_sided_Student_t_95_df_n_minus_1,estimated,raw_instance,independence_minus_cold,positive_depth_only,9,max3sat,-0.4211258464946918,auxiliary_inconsistency_rate,unadjusted_exploratory,10,selective,all_designs_diagnostic,0.2501409627941586,targeted,0
equal_layer_p1,2.87939457123908e-18,-1.0686934982113894e-15,two_sided_Student_t_95_df_n_minus_1,estimated,raw_instance,independence_minus_cold,positive_depth_only,9,max3sat,-5.329070518200751e-16,statevector_norm,unadjusted_exploratory,10,selective,all_designs_diagnostic,7.489778066296962e-16,targeted,0
equal_layer_p1,-4.140233284068184,-9.08378136841594,two_sided_Student_t_95_df_n_minus_1,estimated,raw_instance,original_only_minus_cold,positive_depth_only,9,max3sat,-6.612007326242062,original_objective_mean,unadjusted_exploratory,10,selective,all_designs_diagnostic,3.455301852185153,targeted,0
equal_layer_p1,-4.018866321135337,-10.784104237198068,two_sided_Student_t_95_df_n_minus_1,estimated,raw_instance,original_only_minus_cold,positive_depth_only,9,max3sat,-7.401485279166702,encoded_energy_mean,unadjusted_exploratory,10,selective,all_designs_diagnostic,4.728575246563818,targeted,0
equal_layer_p1,0.7632168504220175,0.3484923698354693,two_sided_Student_t_95_df_n_minus_1,estimated,raw_instance,original_only_minus_cold,positive_depth_only,9,max3sat,0.5558546101287434,optimum_hit_rate,unadjusted_exploratory,10,selective,all_designs_diagnostic,0.2898724239083219,targeted,0
equal_layer_p1,0.07348870096073257,-0.01218866737590419,two_sided_Student_t_95_df_n_minus_1,estimated,raw_instance,original_only_minus_cold,positive_depth_only,9,max3sat,0.030650016792414185,auxiliary_inconsistency_rate,unadjusted_exploratory,10,selective,all_designs_diagnostic,0.05988435116900249,targeted,0
equal_layer_p1,3.8425197309286558e-16,-6.062965780178969e-16,two_sided_Student_t_95_df_n_minus_1,estimated,raw_instance,original_only_minus_cold,positive_depth_only,9,max3sat,-1.1102230246251565e-16,statevector_norm,unadjusted_exploratory,10,selective,all_designs_diagnostic,6.923456968425374e-16,targeted,0
equal_layer_p1,-4.259885368332134,-9.262959401227977,two_sided_Student_t_95_df_n_minus_1,estimated,raw_instance,pair_minus_cold,positive_depth_only,9,max3sat,-6.761422384780056,original_objective_mean,unadjusted_exploratory,10,selective,all_designs_diagnostic,3.4969076213133046,targeted,0
equal_layer_p1,-9.851032421012803,-25.629931816804792,two_sided_Student_t_95_df_n_minus_1,estimated,raw_instance,pair_minus_cold,positive_depth_only,9,max3sat,-17.740482118908798,encoded_energy_mean,unadjusted_exploratory,10,selective,all_designs_diagnostic,11.028690199322021,targeted,0
equal_layer_p1,0.7733421260442901,0.3520855750897711,two_sided_Student_t_95_df_n_minus_1,estimated,raw_instance,pair_minus_cold,positive_depth_only,9,max3sat,0.5627138505670306,optimum_hit_rate,unadjusted_exploratory,10,selective,all_designs_diagnostic,0.29443802627649046,targeted,0
equal_layer_p1,-0.22526628188115075,-0.5889539108775057,two_sided_Student_t_95_df_n_minus_1,estimated,raw_instance,pair_minus_cold,positive_depth_only,9,max3sat,-0.4071100963793282,auxiliary_inconsistency_rate,unadjusted_exploratory,10,selective,all_designs_diagnostic,0.2542001244140285,targeted,0
equal_layer_p1,-7.686758016104916e-17,-1.144377746926623e-15,two_sided_Student_t_95_df_n_minus_1,estimated,raw_instance,pair_minus_cold,positive_depth_only,9,max3sat,-6.106226635438361e-16,statevector_norm,unadjusted_exploratory,10,selective,all_designs_diagnostic,7.461381569505322e-16,targeted,0
equal_layer_p1,0.20156739037315113,-0.016969256569274532,two_sided_Student_t_95_df_n_minus_1,estimated,raw_instance,pair_minus_independence,positive_depth_only,9,max3sat,0.0922990669019383,original_objective_mean,unadjusted_exploratory,10,selective,all_designs_diagnostic,0.1527465836412764,targeted,0
equal_layer_p1,0.982366274100096,-0.33960151618105744,two_sided_Student_t_95_df_n_minus_1,estimated,raw_instance,pair_minus_independence,positive_depth_only,9,max3sat,0.3213823789595193,encoded_energy_mean,unadjusted_exploratory,10,selective,all_designs_diagnostic,0.9239917719724683,targeted,0
equal_layer_p1,0.001902341822127028,-0.023290175550720476,two_sided_Student_t_95_df_n_minus_1,estimated,raw_instance,pair_minus_independence,positive_depth_only,9,max3sat,-0.010693916864296724,optimum_hit_rate,unadjusted_exploratory,10,selective,all_designs_diagnostic,0.01760835546744592,targeted,0
equal_layer_p1,0.046365375943408865,-0.018333875712681514,two_sided_Student_t_95_df_n_minus_1,estimated,raw_instance,pair_minus_independence,positive_depth_only,9,max3sat,0.014015750115363674,auxiliary_inconsistency_rate,unadjusted_exploratory,10,selective,all_designs_diagnostic,0.04522165866861958,targeted,0
equal_layer_p1,3.041827447250254e-16,-4.596139681725474e-16,two_sided_Student_t_95_df_n_minus_1,estimated,raw_instance,pair_minus_independence,positive_depth_only,9,max3sat,-7.771561172376095e-17,statevector_norm,unadjusted_exploratory,10,selective,all_designs_diagnostic,5.33857090441575e-16,targeted,0
equal_layer_p1,-0.08017489078591765,-0.21865522629007217,two_sided_Student_t_95_df_n_minus_1,estimated,raw_instance,pair_minus_original_only,positive_depth_only,9,max3sat,-0.14941505853799492,original_objective_mean,unadjusted_exploratory,10,selective,all_designs_diagnostic,0.09679108033230711,targeted,0
equal_layer_p1,-4.94754581424983,-15.730447865234359,two_sided_Student_t_95_df_n_minus_1,estimated,raw_instance,pair_minus_original_only,positive_depth_only,9,max3sat,-10.338996839742094,encoded_energy_mean,unadjusted_exploratory,10,selective,all_designs_diagnostic,7.536728841915111,targeted,0
equal_layer_p1,0.014266206880246268,-0.0005477260036719942,two_sided_Student_t_95_df_n_minus_1,estimated,raw_instance,pair_minus_original_only,positive_depth_only,9,max3sat,0.006859240438287137,optimum_hit_rate,unadjusted_exploratory,10,selective,all_designs_diagnostic,0.01035422511495664,targeted,0
equal_layer_p1,-0.2664931041405309,-0.609027122202954,two_sided_Student_t_95_df_n_minus_1,estimated,raw_instance,pair_minus_original_only,positive_depth_only,9,max3sat,-0.4377601131717424,auxiliary_inconsistency_rate,unadjusted_exploratory,10,selective,all_designs_diagnostic,0.23941476988863347,targeted,0
equal_layer_p1,-2.5914264182656313e-16,-7.400580803360778e-16,two_sided_Student_t_95_df_n_minus_1,estimated,raw_instance,pair_minus_original_only,positive_depth_only,9,max3sat,-4.996003610813204e-16,statevector_norm,unadjusted_exploratory,10,selective,all_designs_diagnostic,3.3613671336335435e-16,targeted,0
equal_layer_p2,-4.095307858920616,-9.04172486226755,two_sided_Student_t_95_df_n_minus_1,estimated,raw_instance,independence_minus_cold,all_scheduled,9,max3sat,-6.568516360594083,original_objective_mean,unadjusted_exploratory,10,selective,all_designs_diagnostic,3.4573070882954307,targeted,0
equal_layer_p2,-9.386667063048172,-24.577849024058537,two_sided_Student_t_95_df_n_minus_1,estimated,raw_instance,independence_minus_cold,all_scheduled,9,max3sat,-16.982258043553355,encoded_energy_mean,unadjusted_exploratory,10,selective,all_designs_diagnostic,10.61790403798333,targeted,0
equal_layer_p2,0.7798109556441439,0.381340501924923,two_sided_Student_t_95_df_n_minus_1,estimated,raw_instance,independence_minus_cold,all_scheduled,9,max3sat,0.5805757287845335,optimum_hit_rate,unadjusted_exploratory,10,selective,all_designs_diagnostic,0.2785116425055952,targeted,0
equal_layer_p2,-0.24538951406822618,-0.5940843521117939,two_sided_Student_t_95_df_n_minus_1,estimated,raw_instance,independence_minus_cold,all_scheduled,9,max3sat,-0.41973693309001003,auxiliary_inconsistency_rate,unadjusted_exploratory,10,selective,all_designs_diagnostic,0.243720886129159,targeted,0
equal_layer_p2,1.6858965952708697e-16,-1.1899948421822308e-15,two_sided_Student_t_95_df_n_minus_1,estimated,raw_instance,independence_minus_cold,all_scheduled,9,max3sat,-5.10702591327572e-16,statevector_norm,unadjusted_exploratory,10,selective,all_designs_diagnostic,9.49585088485209e-16,targeted,0
equal_layer_p2,-3.777654473451658,-8.66623361405013,two_sided_Student_t_95_df_n_minus_1,estimated,raw_instance,original_only_minus_cold,all_scheduled,9,max3sat,-6.221944043750894,original_objective_mean,unadjusted_exploratory,10,selective,all_designs_diagnostic,3.416881209782396,targeted,0
equal_layer_p2,-4.250273620672219,-10.443261227845415,two_sided_Student_t_95_df_n_minus_1,estimated,raw_instance,original_only_minus_cold,all_scheduled,9,max3sat,-7.346767424258817,encoded_energy_mean,unadjusted_exploratory,10,selective,all_designs_diagnostic,4.328599860771567,targeted,0
equal_layer_p2,0.7442478986737615,0.3422707340312055,two_sided_Student_t_95_df_n_minus_1,estimated,raw_instance,original_only_minus_cold,all_scheduled,9,max3sat,0.5432593163524835,optimum_hit_rate,unadjusted_exploratory,10,selective,all_designs_diagnostic,0.2809626644318998,targeted,0
equal_layer_p2,0.05465057928658419,-0.041765167150920796,two_sided_Student_t_95_df_n_minus_1,estimated,raw_instance,original_only_minus_cold,all_scheduled,9,max3sat,0.0064427060678317,auxiliary_inconsistency_rate,unadjusted_exploratory,10,selective,all_designs_diagnostic,0.06738995991565838,targeted,0
equal_layer_p2,4.508946532193488e-16,-6.507347976518771e-16,two_sided_Student_t_95_df_n_minus_1,estimated,raw_instance,original_only_minus_cold,all_scheduled,9,max3sat,-9.992007221626409e-17,statevector_norm,unadjusted_exploratory,10,selective,all_designs_diagnostic,7.69985892130607e-16,targeted,0
equal_layer_p2,-4.300280223202968,-9.142899163723387,two_sided_Student_t_95_df_n_minus_1,estimated,raw_instance,pair_minus_cold,all_scheduled,9,max3sat,-6.721589693463177,original_objective_mean,unadjusted_exploratory,10,selective,all_designs_diagnostic,3.384757245021274,targeted,0
equal_layer_p2,-9.540345483401055,-23.89644125147882,two_sided_Student_t_95_df_n_minus_1,estimated,raw_instance,pair_minus_cold,all_scheduled,9,max3sat,-16.718393367439937,encoded_energy_mean,unadjusted_exploratory,10,selective,all_designs_diagnostic,10.03421903685828,targeted,0
equal_layer_p2,0.7882190163427263,0.3803744134775142,two_sided_Student_t_95_df_n_minus_1,estimated,raw_instance,pair_minus_cold,all_scheduled,9,max3sat,0.5842967149101203,optimum_hit_rate,unadjusted_exploratory,10,selective,all_designs_diagnostic,0.2850637209630412,targeted,0
equal_layer_p2,-0.24821445907294495,-0.5704194307999894,two_sided_Student_t_95_df_n_minus_1,estimated,raw_instance,pair_minus_cold,all_scheduled,9,max3sat,-0.40931694493646714,auxiliary_inconsistency_rate,unadjusted_exploratory,10,selective,all_designs_diagnostic,0.22520574627699014,targeted,0
equal_layer_p2,3.562396253134482e-16,-1.377644807968592e-15,two_sided_Student_t_95_df_n_minus_1,estimated,raw_instance,pair_minus_cold,all_scheduled,9,max3sat,-5.10702591327572e-16,statevector_norm,unadjusted_exploratory,10,selective,all_designs_diagnostic,1.2119016527346864e-15,targeted,0
equal_layer_p2,0.3502164939496868,-0.6563631596878745,two_sided_Student_t_95_df_n_minus_1,estimated,raw_instance,pair_minus_independence,all_scheduled,9,max3sat,-0.15307333286909386,original_objective_mean,unadjusted_exploratory,10,selective,all_designs_diagnostic,0.7035506648752748,targeted,0
equal_layer_p2,2.2675987489336022,-1.739869396706768,two_sided_Student_t_95_df_n_minus_1,estimated,raw_instance,pair_minus_independence,all_scheduled,9,max3sat,0.26386467611341713,encoded_energy_mean,unadjusted_exploratory,10,selective,all_designs_diagnostic,2.801027090248506,targeted,0
equal_layer_p2,0.06615131070640935,-0.05870933845523577,two_sided_Student_t_95_df_n_minus_1,estimated,raw_instance,pair_minus_independence,all_scheduled,9,max3sat,0.003720986125586788,optimum_hit_rate,unadjusted_exploratory,10,selective,all_designs_diagnostic,0.08727157599200237,targeted,0
equal_layer_p2,0.10190463574849834,-0.08106465944141245,two_sided_Student_t_95_df_n_minus_1,estimated,raw_instance,pair_minus_independence,all_scheduled,9,max3sat,0.010419988153542947,auxiliary_inconsistency_rate,unadjusted_exploratory,10,selective,all_designs_diagnostic,0.12788671896697534,targeted,0
equal_layer_p2,4.366125362486545e-16,-4.366125362486545e-16,two_sided_Student_t_95_df_n_minus_1,estimated,raw_instance,pair_minus_independence,all_scheduled,9,max3sat,0.0,statevector_norm,unadjusted_exploratory,10,selective,all_designs_diagnostic,6.10342239802965e-16,targeted,0
equal_layer_p2,-0.12405608949856967,-0.8752352099259955,two_sided_Student_t_95_df_n_minus_1,estimated,raw_instance,pair_minus_original_only,all_scheduled,9,max3sat,-0.4996456497122826,original_objective_mean,unadjusted_exploratory,10,selective,all_designs_diagnostic,0.5250380014212306,targeted,0
equal_layer_p2,-3.697137635596282,-15.046114250765957,two_sided_Student_t_95_df_n_minus_1,estimated,raw_instance,pair_minus_original_only,all_scheduled,9,max3sat,-9.371625943181119,encoded_energy_mean,unadjusted_exploratory,10,selective,all_designs_diagnostic,7.932387679804599,targeted,0
equal_layer_p2,0.09188015122619583,-0.009805354110922149,two_sided_Student_t_95_df_n_minus_1,estimated,raw_instance,pair_minus_original_only,all_scheduled,9,max3sat,0.04103739855763684,optimum_hit_rate,unadjusted_exploratory,10,selective,all_designs_diagnostic,0.07107326740568846,targeted,0
equal_layer_p2,-0.26459753569176536,-0.5669217663168322,two_sided_Student_t_95_df_n_minus_1,estimated,raw_instance,pair_minus_original_only,all_scheduled,9,max3sat,-0.4157596510042988,auxiliary_inconsistency_rate,unadjusted_exploratory,10,selective,all_designs_diagnostic,0.21131006641701766,targeted,0
equal_layer_p2,2.101330814924686e-16,-1.0316981197150845e-15,two_sided_Student_t_95_df_n_minus_1,estimated,raw_instance,pair_minus_original_only,all_scheduled,9,max3sat,-4.1078251911130794e-16,statevector_norm,unadjusted_exploratory,10,selective,all_designs_diagnostic,8.67980158465457e-16,targeted,0
equal_layer_p2,-4.095307858920616,-9.04172486226755,two_sided_Student_t_95_df_n_minus_1,estimated,raw_instance,independence_minus_cold,positive_depth_only,9,max3sat,-6.568516360594083,original_objective_mean,unadjusted_exploratory,10,selective,all_designs_diagnostic,3.4573070882954307,targeted,0
equal_layer_p2,-9.386667063048172,-24.577849024058537,two_sided_Student_t_95_df_n_minus_1,estimated,raw_instance,independence_minus_cold,positive_depth_only,9,max3sat,-16.982258043553355,encoded_energy_mean,unadjusted_exploratory,10,selective,all_designs_diagnostic,10.61790403798333,targeted,0
equal_layer_p2,0.7798109556441439,0.381340501924923,two_sided_Student_t_95_df_n_minus_1,estimated,raw_instance,independence_minus_cold,positive_depth_only,9,max3sat,0.5805757287845335,optimum_hit_rate,unadjusted_exploratory,10,selective,all_designs_diagnostic,0.2785116425055952,targeted,0
equal_layer_p2,-0.24538951406822618,-0.5940843521117939,two_sided_Student_t_95_df_n_minus_1,estimated,raw_instance,independence_minus_cold,positive_depth_only,9,max3sat,-0.41973693309001003,auxiliary_inconsistency_rate,unadjusted_exploratory,10,selective,all_designs_diagnostic,0.243720886129159,targeted,0
equal_layer_p2,1.6858965952708697e-16,-1.1899948421822308e-15,two_sided_Student_t_95_df_n_minus_1,estimated,raw_instance,independence_minus_cold,positive_depth_only,9,max3sat,-5.10702591327572e-16,statevector_norm,unadjusted_exploratory,10,selective,all_designs_diagnostic,9.49585088485209e-16,targeted,0
equal_layer_p2,-3.777654473451658,-8.66623361405013,two_sided_Student_t_95_df_n_minus_1,estimated,raw_instance,original_only_minus_cold,positive_depth_only,9,max3sat,-6.221944043750894,original_objective_mean,unadjusted_exploratory,10,selective,all_designs_diagnostic,3.416881209782396,targeted,0
equal_layer_p2,-4.250273620672219,-10.443261227845415,two_sided_Student_t_95_df_n_minus_1,estimated,raw_instance,original_only_minus_cold,positive_depth_only,9,max3sat,-7.346767424258817,encoded_energy_mean,unadjusted_exploratory,10,selective,all_designs_diagnostic,4.328599860771567,targeted,0
equal_layer_p2,0.7442478986737615,0.3422707340312055,two_sided_Student_t_95_df_n_minus_1,estimated,raw_instance,original_only_minus_cold,positive_depth_only,9,max3sat,0.5432593163524835,optimum_hit_rate,unadjusted_exploratory,10,selective,all_designs_diagnostic,0.2809626644318998,targeted,0
equal_layer_p2,0.05465057928658419,-0.041765167150920796,two_sided_Student_t_95_df_n_minus_1,estimated,raw_instance,original_only_minus_cold,positive_depth_only,9,max3sat,0.0064427060678317,auxiliary_inconsistency_rate,unadjusted_exploratory,10,selective,all_designs_diagnostic,0.06738995991565838,targeted,0
equal_layer_p2,4.508946532193488e-16,-6.507347976518771e-16,two_sided_Student_t_95_df_n_minus_1,estimated,raw_instance,original_only_minus_cold,positive_depth_only,9,max3sat,-9.992007221626409e-17,statevector_norm,unadjusted_exploratory,10,selective,all_designs_diagnostic,7.69985892130607e-16,targeted,0
equal_layer_p2,-4.300280223202968,-9.142899163723387,two_sided_Student_t_95_df_n_minus_1,estimated,raw_instance,pair_minus_cold,positive_depth_only,9,max3sat,-6.721589693463177,original_objective_mean,unadjusted_exploratory,10,selective,all_designs_diagnostic,3.384757245021274,targeted,0
equal_layer_p2,-9.540345483401055,-23.89644125147882,two_sided_Student_t_95_df_n_minus_1,estimated,raw_instance,pair_minus_cold,positive_depth_only,9,max3sat,-16.718393367439937,encoded_energy_mean,unadjusted_exploratory,10,selective,all_designs_diagnostic,10.03421903685828,targeted,0
equal_layer_p2,0.7882190163427263,0.3803744134775142,two_sided_Student_t_95_df_n_minus_1,estimated,raw_instance,pair_minus_cold,positive_depth_only,9,max3sat,0.5842967149101203,optimum_hit_rate,unadjusted_exploratory,10,selective,all_designs_diagnostic,0.2850637209630412,targeted,0
equal_layer_p2,-0.24821445907294495,-0.5704194307999894,two_sided_Student_t_95_df_n_minus_1,estimated,raw_instance,pair_minus_cold,positive_depth_only,9,max3sat,-0.40931694493646714,auxiliary_inconsistency_rate,unadjusted_exploratory,10,selective,all_designs_diagnostic,0.22520574627699014,targeted,0
equal_layer_p2,3.562396253134482e-16,-1.377644807968592e-15,two_sided_Student_t_95_df_n_minus_1,estimated,raw_instance,pair_minus_cold,positive_depth_only,9,max3sat,-5.10702591327572e-16,statevector_norm,unadjusted_exploratory,10,selective,all_designs_diagnostic,1.2119016527346864e-15,targeted,0
equal_layer_p2,0.3502164939496868,-0.6563631596878745,two_sided_Student_t_95_df_n_minus_1,estimated,raw_instance,pair_minus_independence,positive_depth_only,9,max3sat,-0.15307333286909386,original_objective_mean,unadjusted_exploratory,10,selective,all_designs_diagnostic,0.7035506648752748,targeted,0
equal_layer_p2,2.2675987489336022,-1.739869396706768,two_sided_Student_t_95_df_n_minus_1,estimated,raw_instance,pair_minus_independence,positive_depth_only,9,max3sat,0.26386467611341713,encoded_energy_mean,unadjusted_exploratory,10,selective,all_designs_diagnostic,2.801027090248506,targeted,0
equal_layer_p2,0.06615131070640935,-0.05870933845523577,two_sided_Student_t_95_df_n_minus_1,estimated,raw_instance,pair_minus_independence,positive_depth_only,9,max3sat,0.003720986125586788,optimum_hit_rate,unadjusted_exploratory,10,selective,all_designs_diagnostic,0.08727157599200237,targeted,0
equal_layer_p2,0.10190463574849834,-0.08106465944141245,two_sided_Student_t_95_df_n_minus_1,estimated,raw_instance,pair_minus_independence,positive_depth_only,9,max3sat,0.010419988153542947,auxiliary_inconsistency_rate,unadjusted_exploratory,10,selective,all_designs_diagnostic,0.12788671896697534,targeted,0
equal_layer_p2,4.366125362486545e-16,-4.366125362486545e-16,two_sided_Student_t_95_df_n_minus_1,estimated,raw_instance,pair_minus_independence,positive_depth_only,9,max3sat,0.0,statevector_norm,unadjusted_exploratory,10,selective,all_designs_diagnostic,6.10342239802965e-16,targeted,0
equal_layer_p2,-0.12405608949856967,-0.8752352099259955,two_sided_Student_t_95_df_n_minus_1,estimated,raw_instance,pair_minus_original_only,positive_depth_only,9,max3sat,-0.4996456497122826,original_objective_mean,unadjusted_exploratory,10,selective,all_designs_diagnostic,0.5250380014212306,targeted,0
equal_layer_p2,-3.697137635596282,-15.046114250765957,two_sided_Student_t_95_df_n_minus_1,estimated,raw_instance,pair_minus_original_only,positive_depth_only,9,max3sat,-9.371625943181119,encoded_energy_mean,unadjusted_exploratory,10,selective,all_designs_diagnostic,7.932387679804599,targeted,0
equal_layer_p2,0.09188015122619583,-0.009805354110922149,two_sided_Student_t_95_df_n_minus_1,estimated,raw_instance,pair_minus_original_only,positive_depth_only,9,max3sat,0.04103739855763684,optimum_hit_rate,unadjusted_exploratory,10,selective,all_designs_diagnostic,0.07107326740568846,targeted,0
equal_layer_p2,-0.26459753569176536,-0.5669217663168322,two_sided_Student_t_95_df_n_minus_1,estimated,raw_instance,pair_minus_original_only,positive_depth_only,9,max3sat,-0.4157596510042988,auxiliary_inconsistency_rate,unadjusted_exploratory,10,selective,all_designs_diagnostic,0.21131006641701766,targeted,0
equal_layer_p2,2.101330814924686e-16,-1.0316981197150845e-15,two_sided_Student_t_95_df_n_minus_1,estimated,raw_instance,pair_minus_original_only,positive_depth_only,9,max3sat,-4.1078251911130794e-16,statevector_norm,unadjusted_exploratory,10,selective,all_designs_diagnostic,8.67980158465457e-16,targeted,0
equal_2q_budget_128,,,two_sided_Student_t_95_df_n_minus_1,not_estimable,raw_instance,independence_minus_cold,all_scheduled,0,cubic_spin_glass,-0.44444444444444536,original_objective_mean,unadjusted_exploratory,1,selective,primary_selected_active_aux,,original_e4,1
equal_2q_budget_128,,,two_sided_Student_t_95_df_n_minus_1,not_estimable,raw_instance,independence_minus_cold,all_scheduled,0,cubic_spin_glass,-6.212962962962951,encoded_energy_mean,unadjusted_exploratory,1,selective,primary_selected_active_aux,,original_e4,1
equal_2q_budget_128,,,two_sided_Student_t_95_df_n_minus_1,not_estimable,raw_instance,independence_minus_cold,all_scheduled,0,cubic_spin_glass,0.07216649519890268,optimum_hit_rate,unadjusted_exploratory,1,selective,primary_selected_active_aux,,original_e4,1
equal_2q_budget_128,,,two_sided_Student_t_95_df_n_minus_1,not_estimable,raw_instance,independence_minus_cold,all_scheduled,0,cubic_spin_glass,-0.005891293671357434,auxiliary_inconsistency_rate,unadjusted_exploratory,1,selective,primary_selected_active_aux,,original_e4,1
equal_2q_budget_128,,,two_sided_Student_t_95_df_n_minus_1,not_estimable,raw_instance,independence_minus_cold,all_scheduled,0,cubic_spin_glass,1.1102230246251565e-16,statevector_norm,unadjusted_exploratory,1,selective,primary_selected_active_aux,,original_e4,1
equal_2q_budget_128,,,two_sided_Student_t_95_df_n_minus_1,not_estimable,raw_instance,original_only_minus_cold,all_scheduled,0,cubic_spin_glass,-0.44444444444444525,original_objective_mean,unadjusted_exploratory,1,selective,primary_selected_active_aux,,original_e4,1
equal_2q_budget_128,,,two_sided_Student_t_95_df_n_minus_1,not_estimable,raw_instance,original_only_minus_cold,all_scheduled,0,cubic_spin_glass,-5.712962962962937,encoded_energy_mean,unadjusted_exploratory,1,selective,primary_selected_active_aux,,original_e4,1
equal_2q_budget_128,,,two_sided_Student_t_95_df_n_minus_1,not_estimable,raw_instance,original_only_minus_cold,all_scheduled,0,cubic_spin_glass,0.07216649519890274,optimum_hit_rate,unadjusted_exploratory,1,selective,primary_selected_active_aux,,original_e4,1
equal_2q_budget_128,,,two_sided_Student_t_95_df_n_minus_1,not_estimable,raw_instance,original_only_minus_cold,all_scheduled,0,cubic_spin_glass,5.551115123125783e-16,auxiliary_inconsistency_rate,unadjusted_exploratory,1,selective,primary_selected_active_aux,,original_e4,1
equal_2q_budget_128,,,two_sided_Student_t_95_df_n_minus_1,not_estimable,raw_instance,original_only_minus_cold,all_scheduled,0,cubic_spin_glass,5.551115123125783e-16,statevector_norm,unadjusted_exploratory,1,selective,primary_selected_active_aux,,original_e4,1
equal_2q_budget_128,,,two_sided_Student_t_95_df_n_minus_1,not_estimable,raw_instance,pair_minus_cold,all_scheduled,0,cubic_spin_glass,-0.44444444444444525,original_objective_mean,unadjusted_exploratory,1,selective,primary_selected_active_aux,,original_e4,1
equal_2q_budget_128,,,two_sided_Student_t_95_df_n_minus_1,not_estimable,raw_instance,pair_minus_cold,all_scheduled,0,cubic_spin_glass,-7.212962962962962,encoded_energy_mean,unadjusted_exploratory,1,selective,primary_selected_active_aux,,original_e4,1
equal_2q_budget_128,,,two_sided_Student_t_95_df_n_minus_1,not_estimable,raw_instance,pair_minus_cold,all_scheduled,0,cubic_spin_glass,0.07216649519890267,optimum_hit_rate,unadjusted_exploratory,1,selective,primary_selected_active_aux,,original_e4,1
equal_2q_budget_128,,,two_sided_Student_t_95_df_n_minus_1,not_estimable,raw_instance,pair_minus_cold,all_scheduled,0,cubic_spin_glass,-0.02497713763145848,auxiliary_inconsistency_rate,unadjusted_exploratory,1,selective,primary_selected_active_aux,,original_e4,1
equal_2q_budget_128,,,two_sided_Student_t_95_df_n_minus_1,not_estimable,raw_instance,pair_minus_cold,all_scheduled,0,cubic_spin_glass,0.0,statevector_norm,unadjusted_exploratory,1,selective,primary_selected_active_aux,,original_e4,1
equal_2q_budget_128,,,two_sided_Student_t_95_df_n_minus_1,not_estimable,raw_instance,pair_minus_independence,all_scheduled,0,cubic_spin_glass,1.1102230246251565e-16,original_objective_mean,unadjusted_exploratory,1,selective,primary_selected_active_aux,,original_e4,1
equal_2q_budget_128,,,two_sided_Student_t_95_df_n_minus_1,not_estimable,raw_instance,pair_minus_independence,all_scheduled,0,cubic_spin_glass,-1.0000000000000107,encoded_energy_mean,unadjusted_exploratory,1,selective,primary_selected_active_aux,,original_e4,1
equal_2q_budget_128,,,two_sided_Student_t_95_df_n_minus_1,not_estimable,raw_instance,pair_minus_independence,all_scheduled,0,cubic_spin_glass,-1.3877787807814457e-17,optimum_hit_rate,unadjusted_exploratory,1,selective,primary_selected_active_aux,,original_e4,1
equal_2q_budget_128,,,two_sided_Student_t_95_df_n_minus_1,not_estimable,raw_instance,pair_minus_independence,all_scheduled,0,cubic_spin_glass,-0.019085843960101045,auxiliary_inconsistency_rate,unadjusted_exploratory,1,selective,primary_selected_active_aux,,original_e4,1
equal_2q_budget_128,,,two_sided_Student_t_95_df_n_minus_1,not_estimable,raw_instance,pair_minus_independence,all_scheduled,0,cubic_spin_glass,-1.1102230246251565e-16,statevector_norm,unadjusted_exploratory,1,selective,primary_selected_active_aux,,original_e4,1
equal_2q_budget_128,,,two_sided_Student_t_95_df_n_minus_1,not_estimable,raw_instance,pair_minus_original_only,all_scheduled,0,cubic_spin_glass,0.0,original_objective_mean,unadjusted_exploratory,1,selective,primary_selected_active_aux,,original_e4,1
equal_2q_budget_128,,,two_sided_Student_t_95_df_n_minus_1,not_estimable,raw_instance,pair_minus_original_only,all_scheduled,0,cubic_spin_glass,-1.5000000000000249,encoded_energy_mean,unadjusted_exploratory,1,selective,primary_selected_active_aux,,original_e4,1
equal_2q_budget_128,,,two_sided_Student_t_95_df_n_minus_1,not_estimable,raw_instance,pair_minus_original_only,all_scheduled,0,cubic_spin_glass,-6.938893903907228e-17,optimum_hit_rate,unadjusted_exploratory,1,selective,primary_selected_active_aux,,original_e4,1
equal_2q_budget_128,,,two_sided_Student_t_95_df_n_minus_1,not_estimable,raw_instance,pair_minus_original_only,all_scheduled,0,cubic_spin_glass,-0.024977137631459034,auxiliary_inconsistency_rate,unadjusted_exploratory,1,selective,primary_selected_active_aux,,original_e4,1
equal_2q_budget_128,,,two_sided_Student_t_95_df_n_minus_1,not_estimable,raw_instance,pair_minus_original_only,all_scheduled,0,cubic_spin_glass,-5.551115123125783e-16,statevector_norm,unadjusted_exploratory,1,selective,primary_selected_active_aux,,original_e4,1
equal_2q_budget_128,,,two_sided_Student_t_95_df_n_minus_1,not_estimable,raw_instance,independence_minus_cold,zero_depth_only,0,cubic_spin_glass,-0.44444444444444536,original_objective_mean,unadjusted_exploratory,1,selective,primary_selected_active_aux,,original_e4,1
equal_2q_budget_128,,,two_sided_Student_t_95_df_n_minus_1,not_estimable,raw_instance,independence_minus_cold,zero_depth_only,0,cubic_spin_glass,-6.212962962962951,encoded_energy_mean,unadjusted_exploratory,1,selective,primary_selected_active_aux,,original_e4,1
equal_2q_budget_128,,,two_sided_Student_t_95_df_n_minus_1,not_estimable,raw_instance,independence_minus_cold,zero_depth_only,0,cubic_spin_glass,0.07216649519890268,optimum_hit_rate,unadjusted_exploratory,1,selective,primary_selected_active_aux,,original_e4,1
equal_2q_budget_128,,,two_sided_Student_t_95_df_n_minus_1,not_estimable,raw_instance,independence_minus_cold,zero_depth_only,0,cubic_spin_glass,-0.005891293671357434,auxiliary_inconsistency_rate,unadjusted_exploratory,1,selective,primary_selected_active_aux,,original_e4,1
equal_2q_budget_128,,,two_sided_Student_t_95_df_n_minus_1,not_estimable,raw_instance,independence_minus_cold,zero_depth_only,0,cubic_spin_glass,1.1102230246251565e-16,statevector_norm,unadjusted_exploratory,1,selective,primary_selected_active_aux,,original_e4,1
equal_2q_budget_128,,,two_sided_Student_t_95_df_n_minus_1,not_estimable,raw_instance,original_only_minus_cold,zero_depth_only,0,cubic_spin_glass,-0.44444444444444525,original_objective_mean,unadjusted_exploratory,1,selective,primary_selected_active_aux,,original_e4,1
equal_2q_budget_128,,,two_sided_Student_t_95_df_n_minus_1,not_estimable,raw_instance,original_only_minus_cold,zero_depth_only,0,cubic_spin_glass,-5.712962962962937,encoded_energy_mean,unadjusted_exploratory,1,selective,primary_selected_active_aux,,original_e4,1
equal_2q_budget_128,,,two_sided_Student_t_95_df_n_minus_1,not_estimable,raw_instance,original_only_minus_cold,zero_depth_only,0,cubic_spin_glass,0.07216649519890274,optimum_hit_rate,unadjusted_exploratory,1,selective,primary_selected_active_aux,,original_e4,1
equal_2q_budget_128,,,two_sided_Student_t_95_df_n_minus_1,not_estimable,raw_instance,original_only_minus_cold,zero_depth_only,0,cubic_spin_glass,5.551115123125783e-16,auxiliary_inconsistency_rate,unadjusted_exploratory,1,selective,primary_selected_active_aux,,original_e4,1
equal_2q_budget_128,,,two_sided_Student_t_95_df_n_minus_1,not_estimable,raw_instance,original_only_minus_cold,zero_depth_only,0,cubic_spin_glass,5.551115123125783e-16,statevector_norm,unadjusted_exploratory,1,selective,primary_selected_active_aux,,original_e4,1
equal_2q_budget_128,,,two_sided_Student_t_95_df_n_minus_1,not_estimable,raw_instance,pair_minus_cold,zero_depth_only,0,cubic_spin_glass,-0.44444444444444525,original_objective_mean,unadjusted_exploratory,1,selective,primary_selected_active_aux,,original_e4,1
equal_2q_budget_128,,,two_sided_Student_t_95_df_n_minus_1,not_estimable,raw_instance,pair_minus_cold,zero_depth_only,0,cubic_spin_glass,-7.212962962962962,encoded_energy_mean,unadjusted_exploratory,1,selective,primary_selected_active_aux,,original_e4,1
equal_2q_budget_128,,,two_sided_Student_t_95_df_n_minus_1,not_estimable,raw_instance,pair_minus_cold,zero_depth_only,0,cubic_spin_glass,0.07216649519890267,optimum_hit_rate,unadjusted_exploratory,1,selective,primary_selected_active_aux,,original_e4,1
equal_2q_budget_128,,,two_sided_Student_t_95_df_n_minus_1,not_estimable,raw_instance,pair_minus_cold,zero_depth_only,0,cubic_spin_glass,-0.02497713763145848,auxiliary_inconsistency_rate,unadjusted_exploratory,1,selective,primary_selected_active_aux,,original_e4,1
equal_2q_budget_128,,,two_sided_Student_t_95_df_n_minus_1,not_estimable,raw_instance,pair_minus_cold,zero_depth_only,0,cubic_spin_glass,0.0,statevector_norm,unadjusted_exploratory,1,selective,primary_selected_active_aux,,original_e4,1
equal_2q_budget_128,,,two_sided_Student_t_95_df_n_minus_1,not_estimable,raw_instance,pair_minus_independence,zero_depth_only,0,cubic_spin_glass,1.1102230246251565e-16,original_objective_mean,unadjusted_exploratory,1,selective,primary_selected_active_aux,,original_e4,1
equal_2q_budget_128,,,two_sided_Student_t_95_df_n_minus_1,not_estimable,raw_instance,pair_minus_independence,zero_depth_only,0,cubic_spin_glass,-1.0000000000000107,encoded_energy_mean,unadjusted_exploratory,1,selective,primary_selected_active_aux,,original_e4,1
equal_2q_budget_128,,,two_sided_Student_t_95_df_n_minus_1,not_estimable,raw_instance,pair_minus_independence,zero_depth_only,0,cubic_spin_glass,-1.3877787807814457e-17,optimum_hit_rate,unadjusted_exploratory,1,selective,primary_selected_active_aux,,original_e4,1
equal_2q_budget_128,,,two_sided_Student_t_95_df_n_minus_1,not_estimable,raw_instance,pair_minus_independence,zero_depth_only,0,cubic_spin_glass,-0.019085843960101045,auxiliary_inconsistency_rate,unadjusted_exploratory,1,selective,primary_selected_active_aux,,original_e4,1
equal_2q_budget_128,,,two_sided_Student_t_95_df_n_minus_1,not_estimable,raw_instance,pair_minus_independence,zero_depth_only,0,cubic_spin_glass,-1.1102230246251565e-16,statevector_norm,unadjusted_exploratory,1,selective,primary_selected_active_aux,,original_e4,1
equal_2q_budget_128,,,two_sided_Student_t_95_df_n_minus_1,not_estimable,raw_instance,pair_minus_original_only,zero_depth_only,0,cubic_spin_glass,0.0,original_objective_mean,unadjusted_exploratory,1,selective,primary_selected_active_aux,,original_e4,1
equal_2q_budget_128,,,two_sided_Student_t_95_df_n_minus_1,not_estimable,raw_instance,pair_minus_original_only,zero_depth_only,0,cubic_spin_glass,-1.5000000000000249,encoded_energy_mean,unadjusted_exploratory,1,selective,primary_selected_active_aux,,original_e4,1
equal_2q_budget_128,,,two_sided_Student_t_95_df_n_minus_1,not_estimable,raw_instance,pair_minus_original_only,zero_depth_only,0,cubic_spin_glass,-6.938893903907228e-17,optimum_hit_rate,unadjusted_exploratory,1,selective,primary_selected_active_aux,,original_e4,1
equal_2q_budget_128,,,two_sided_Student_t_95_df_n_minus_1,not_estimable,raw_instance,pair_minus_original_only,zero_depth_only,0,cubic_spin_glass,-0.024977137631459034,auxiliary_inconsistency_rate,unadjusted_exploratory,1,selective,primary_selected_active_aux,,original_e4,1
equal_2q_budget_128,,,two_sided_Student_t_95_df_n_minus_1,not_estimable,raw_instance,pair_minus_original_only,zero_depth_only,0,cubic_spin_glass,-5.551115123125783e-16,statevector_norm,unadjusted_exploratory,1,selective,primary_selected_active_aux,,original_e4,1
equal_2q_budget_256,,,two_sided_Student_t_95_df_n_minus_1,not_estimable,raw_instance,independence_minus_cold,all_scheduled,0,cubic_spin_glass,0.30716963321641555,original_objective_mean,unadjusted_exploratory,1,selective,primary_selected_active_aux,,original_e4,0
equal_2q_budget_256,,,two_sided_Student_t_95_df_n_minus_1,not_estimable,raw_instance,independence_minus_cold,all_scheduled,0,cubic_spin_glass,3.8263328228468865,encoded_energy_mean,unadjusted_exploratory,1,selective,primary_selected_active_aux,,original_e4,0
equal_2q_budget_256,,,two_sided_Student_t_95_df_n_minus_1,not_estimable,raw_instance,independence_minus_cold,all_scheduled,0,cubic_spin_glass,0.03748986403908369,optimum_hit_rate,unadjusted_exploratory,1,selective,primary_selected_active_aux,,original_e4,0
equal_2q_budget_256,,,two_sided_Student_t_95_df_n_minus_1,not_estimable,raw_instance,independence_minus_cold,all_scheduled,0,cubic_spin_glass,-0.011272913007994712,auxiliary_inconsistency_rate,unadjusted_exploratory,1,selective,primary_selected_active_aux,,original_e4,0
equal_2q_budget_256,,,two_sided_Student_t_95_df_n_minus_1,not_estimable,raw_instance,independence_minus_cold,all_scheduled,0,cubic_spin_glass,5.551115123125783e-16,statevector_norm,unadjusted_exploratory,1,selective,primary_selected_active_aux,,original_e4,0
equal_2q_budget_256,,,two_sided_Student_t_95_df_n_minus_1,not_estimable,raw_instance,original_only_minus_cold,all_scheduled,0,cubic_spin_glass,0.2896715331144414,original_objective_mean,unadjusted_exploratory,1,selective,primary_selected_active_aux,,original_e4,0
equal_2q_budget_256,,,two_sided_Student_t_95_df_n_minus_1,not_estimable,raw_instance,original_only_minus_cold,all_scheduled,0,cubic_spin_glass,-1.0851877472442517,encoded_energy_mean,unadjusted_exploratory,1,selective,primary_selected_active_aux,,original_e4,0
equal_2q_budget_256,,,two_sided_Student_t_95_df_n_minus_1,not_estimable,raw_instance,original_only_minus_cold,all_scheduled,0,cubic_spin_glass,0.07131403166140576,optimum_hit_rate,unadjusted_exploratory,1,selective,primary_selected_active_aux,,original_e4,0
equal_2q_budget_256,,,two_sided_Student_t_95_df_n_minus_1,not_estimable,raw_instance,original_only_minus_cold,all_scheduled,0,cubic_spin_glass,-0.019766752718532232,auxiliary_inconsistency_rate,unadjusted_exploratory,1,selective,primary_selected_active_aux,,original_e4,0
equal_2q_budget_256,,,two_sided_Student_t_95_df_n_minus_1,not_estimable,raw_instance,original_only_minus_cold,all_scheduled,0,cubic_spin_glass,1.4432899320127035e-15,statevector_norm,unadjusted_exploratory,1,selective,primary_selected_active_aux,,original_e4,0
equal_2q_budget_256,,,two_sided_Student_t_95_df_n_minus_1,not_estimable,raw_instance,pair_minus_cold,all_scheduled,0,cubic_spin_glass,0.2247318138548381,original_objective_mean,unadjusted_exploratory,1,selective,primary_selected_active_aux,,original_e4,0
equal_2q_budget_256,,,two_sided_Student_t_95_df_n_minus_1,not_estimable,raw_instance,pair_minus_cold,all_scheduled,0,cubic_spin_glass,3.726420450142882,encoded_energy_mean,unadjusted_exploratory,1,selective,primary_selected_active_aux,,original_e4,0
equal_2q_budget_256,,,two_sided_Student_t_95_df_n_minus_1,not_estimable,raw_instance,pair_minus_cold,all_scheduled,0,cubic_spin_glass,0.028769033602476037,optimum_hit_rate,unadjusted_exploratory,1,selective,primary_selected_active_aux,,original_e4,0
equal_2q_budget_256,,,two_sided_Student_t_95_df_n_minus_1,not_estimable,raw_instance,pair_minus_cold,all_scheduled,0,cubic_spin_glass,-0.018086925536503373,auxiliary_inconsistency_rate,unadjusted_exploratory,1,selective,primary_selected_active_aux,,original_e4,0
equal_2q_budget_256,,,two_sided_Student_t_95_df_n_minus_1,not_estimable,raw_instance,pair_minus_cold,all_scheduled,0,cubic_spin_glass,-5.551115123125783e-16,statevector_norm,unadjusted_exploratory,1,selective,primary_selected_active_aux,,original_e4,0
equal_2q_budget_256,,,two_sided_Student_t_95_df_n_minus_1,not_estimable,raw_instance,pair_minus_independence,all_scheduled,0,cubic_spin_glass,-0.08243781936157746,original_objective_mean,unadjusted_exploratory,1,selective,primary_selected_active_aux,,original_e4,0
equal_2q_budget_256,,,two_sided_Student_t_95_df_n_minus_1,not_estimable,raw_instance,pair_minus_independence,all_scheduled,0,cubic_spin_glass,-0.09991237270400433,encoded_energy_mean,unadjusted_exploratory,1,selective,primary_selected_active_aux,,original_e4,0
equal_2q_budget_256,,,two_sided_Student_t_95_df_n_minus_1,not_estimable,raw_instance,pair_minus_independence,all_scheduled,0,cubic_spin_glass,-0.008720830436607659,optimum_hit_rate,unadjusted_exploratory,1,selective,primary_selected_active_aux,,original_e4,0
equal_2q_budget_256,,,two_sided_Student_t_95_df_n_minus_1,not_estimable,raw_instance,pair_minus_independence,all_scheduled,0,cubic_spin_glass,-0.006814012528508662,auxiliary_inconsistency_rate,unadjusted_exploratory,1,selective,primary_selected_active_aux,,original_e4,0
equal_2q_budget_256,,,two_sided_Student_t_95_df_n_minus_1,not_estimable,raw_instance,pair_minus_independence,all_scheduled,0,cubic_spin_glass,-1.1102230246251565e-15,statevector_norm,unadjusted_exploratory,1,selective,primary_selected_active_aux,,original_e4,0
equal_2q_budget_256,,,two_sided_Student_t_95_df_n_minus_1,not_estimable,raw_instance,pair_minus_original_only,all_scheduled,0,cubic_spin_glass,-0.06493971925960329,original_objective_mean,unadjusted_exploratory,1,selective,primary_selected_active_aux,,original_e4,0
equal_2q_budget_256,,,two_sided_Student_t_95_df_n_minus_1,not_estimable,raw_instance,pair_minus_original_only,all_scheduled,0,cubic_spin_glass,4.811608197387134,encoded_energy_mean,unadjusted_exploratory,1,selective,primary_selected_active_aux,,original_e4,0
equal_2q_budget_256,,,two_sided_Student_t_95_df_n_minus_1,not_estimable,raw_instance,pair_minus_original_only,all_scheduled,0,cubic_spin_glass,-0.04254499805892973,optimum_hit_rate,unadjusted_exploratory,1,selective,primary_selected_active_aux,,original_e4,0
equal_2q_budget_256,,,two_sided_Student_t_95_df_n_minus_1,not_estimable,raw_instance,pair_minus_original_only,all_scheduled,0,cubic_spin_glass,0.001679827182028859,auxiliary_inconsistency_rate,unadjusted_exploratory,1,selective,primary_selected_active_aux,,original_e4,0
equal_2q_budget_256,,,two_sided_Student_t_95_df_n_minus_1,not_estimable,raw_instance,pair_minus_original_only,all_scheduled,0,cubic_spin_glass,-1.9984014443252818e-15,statevector_norm,unadjusted_exploratory,1,selective,primary_selected_active_aux,,original_e4,0
equal_2q_budget_256,,,two_sided_Student_t_95_df_n_minus_1,not_estimable,raw_instance,independence_minus_cold,positive_depth_only,0,cubic_spin_glass,0.30716963321641555,original_objective_mean,unadjusted_exploratory,1,selective,primary_selected_active_aux,,original_e4,0
equal_2q_budget_256,,,two_sided_Student_t_95_df_n_minus_1,not_estimable,raw_instance,independence_minus_cold,positive_depth_only,0,cubic_spin_glass,3.8263328228468865,encoded_energy_mean,unadjusted_exploratory,1,selective,primary_selected_active_aux,,original_e4,0
equal_2q_budget_256,,,two_sided_Student_t_95_df_n_minus_1,not_estimable,raw_instance,independence_minus_cold,positive_depth_only,0,cubic_spin_glass,0.03748986403908369,optimum_hit_rate,unadjusted_exploratory,1,selective,primary_selected_active_aux,,original_e4,0
equal_2q_budget_256,,,two_sided_Student_t_95_df_n_minus_1,not_estimable,raw_instance,independence_minus_cold,positive_depth_only,0,cubic_spin_glass,-0.011272913007994712,auxiliary_inconsistency_rate,unadjusted_exploratory,1,selective,primary_selected_active_aux,,original_e4,0
equal_2q_budget_256,,,two_sided_Student_t_95_df_n_minus_1,not_estimable,raw_instance,independence_minus_cold,positive_depth_only,0,cubic_spin_glass,5.551115123125783e-16,statevector_norm,unadjusted_exploratory,1,selective,primary_selected_active_aux,,original_e4,0
equal_2q_budget_256,,,two_sided_Student_t_95_df_n_minus_1,not_estimable,raw_instance,original_only_minus_cold,positive_depth_only,0,cubic_spin_glass,0.2896715331144414,original_objective_mean,unadjusted_exploratory,1,selective,primary_selected_active_aux,,original_e4,0
equal_2q_budget_256,,,two_sided_Student_t_95_df_n_minus_1,not_estimable,raw_instance,original_only_minus_cold,positive_depth_only,0,cubic_spin_glass,-1.0851877472442517,encoded_energy_mean,unadjusted_exploratory,1,selective,primary_selected_active_aux,,original_e4,0
equal_2q_budget_256,,,two_sided_Student_t_95_df_n_minus_1,not_estimable,raw_instance,original_only_minus_cold,positive_depth_only,0,cubic_spin_glass,0.07131403166140576,optimum_hit_rate,unadjusted_exploratory,1,selective,primary_selected_active_aux,,original_e4,0
equal_2q_budget_256,,,two_sided_Student_t_95_df_n_minus_1,not_estimable,raw_instance,original_only_minus_cold,positive_depth_only,0,cubic_spin_glass,-0.019766752718532232,auxiliary_inconsistency_rate,unadjusted_exploratory,1,selective,primary_selected_active_aux,,original_e4,0
equal_2q_budget_256,,,two_sided_Student_t_95_df_n_minus_1,not_estimable,raw_instance,original_only_minus_cold,positive_depth_only,0,cubic_spin_glass,1.4432899320127035e-15,statevector_norm,unadjusted_exploratory,1,selective,primary_selected_active_aux,,original_e4,0
equal_2q_budget_256,,,two_sided_Student_t_95_df_n_minus_1,not_estimable,raw_instance,pair_minus_cold,positive_depth_only,0,cubic_spin_glass,0.2247318138548381,original_objective_mean,unadjusted_exploratory,1,selective,primary_selected_active_aux,,original_e4,0
equal_2q_budget_256,,,two_sided_Student_t_95_df_n_minus_1,not_estimable,raw_instance,pair_minus_cold,positive_depth_only,0,cubic_spin_glass,3.726420450142882,encoded_energy_mean,unadjusted_exploratory,1,selective,primary_selected_active_aux,,original_e4,0
equal_2q_budget_256,,,two_sided_Student_t_95_df_n_minus_1,not_estimable,raw_instance,pair_minus_cold,positive_depth_only,0,cubic_spin_glass,0.028769033602476037,optimum_hit_rate,unadjusted_exploratory,1,selective,primary_selected_active_aux,,original_e4,0
equal_2q_budget_256,,,two_sided_Student_t_95_df_n_minus_1,not_estimable,raw_instance,pair_minus_cold,positive_depth_only,0,cubic_spin_glass,-0.018086925536503373,auxiliary_inconsistency_rate,unadjusted_exploratory,1,selective,primary_selected_active_aux,,original_e4,0
equal_2q_budget_256,,,two_sided_Student_t_95_df_n_minus_1,not_estimable,raw_instance,pair_minus_cold,positive_depth_only,0,cubic_spin_glass,-5.551115123125783e-16,statevector_norm,unadjusted_exploratory,1,selective,primary_selected_active_aux,,original_e4,0
equal_2q_budget_256,,,two_sided_Student_t_95_df_n_minus_1,not_estimable,raw_instance,pair_minus_independence,positive_depth_only,0,cubic_spin_glass,-0.08243781936157746,original_objective_mean,unadjusted_exploratory,1,selective,primary_selected_active_aux,,original_e4,0
equal_2q_budget_256,,,two_sided_Student_t_95_df_n_minus_1,not_estimable,raw_instance,pair_minus_independence,positive_depth_only,0,cubic_spin_glass,-0.09991237270400433,encoded_energy_mean,unadjusted_exploratory,1,selective,primary_selected_active_aux,,original_e4,0
equal_2q_budget_256,,,two_sided_Student_t_95_df_n_minus_1,not_estimable,raw_instance,pair_minus_independence,positive_depth_only,0,cubic_spin_glass,-0.008720830436607659,optimum_hit_rate,unadjusted_exploratory,1,selective,primary_selected_active_aux,,original_e4,0
equal_2q_budget_256,,,two_sided_Student_t_95_df_n_minus_1,not_estimable,raw_instance,pair_minus_independence,positive_depth_only,0,cubic_spin_glass,-0.006814012528508662,auxiliary_inconsistency_rate,unadjusted_exploratory,1,selective,primary_selected_active_aux,,original_e4,0
equal_2q_budget_256,,,two_sided_Student_t_95_df_n_minus_1,not_estimable,raw_instance,pair_minus_independence,positive_depth_only,0,cubic_spin_glass,-1.1102230246251565e-15,statevector_norm,unadjusted_exploratory,1,selective,primary_selected_active_aux,,original_e4,0
equal_2q_budget_256,,,two_sided_Student_t_95_df_n_minus_1,not_estimable,raw_instance,pair_minus_original_only,positive_depth_only,0,cubic_spin_glass,-0.06493971925960329,original_objective_mean,unadjusted_exploratory,1,selective,primary_selected_active_aux,,original_e4,0
equal_2q_budget_256,,,two_sided_Student_t_95_df_n_minus_1,not_estimable,raw_instance,pair_minus_original_only,positive_depth_only,0,cubic_spin_glass,4.811608197387134,encoded_energy_mean,unadjusted_exploratory,1,selective,primary_selected_active_aux,,original_e4,0
equal_2q_budget_256,,,two_sided_Student_t_95_df_n_minus_1,not_estimable,raw_instance,pair_minus_original_only,positive_depth_only,0,cubic_spin_glass,-0.04254499805892973,optimum_hit_rate,unadjusted_exploratory,1,selective,primary_selected_active_aux,,original_e4,0
equal_2q_budget_256,,,two_sided_Student_t_95_df_n_minus_1,not_estimable,raw_instance,pair_minus_original_only,positive_depth_only,0,cubic_spin_glass,0.001679827182028859,auxiliary_inconsistency_rate,unadjusted_exploratory,1,selective,primary_selected_active_aux,,original_e4,0
equal_2q_budget_256,,,two_sided_Student_t_95_df_n_minus_1,not_estimable,raw_instance,pair_minus_original_only,positive_depth_only,0,cubic_spin_glass,-1.9984014443252818e-15,statevector_norm,unadjusted_exploratory,1,selective,primary_selected_active_aux,,original_e4,0
equal_layer_p1,,,two_sided_Student_t_95_df_n_minus_1,not_estimable,raw_instance,independence_minus_cold,all_scheduled,0,cubic_spin_glass,-0.6812674151821461,original_objective_mean,unadjusted_exploratory,1,selective,primary_selected_active_aux,,original_e4,0
equal_layer_p1,,,two_sided_Student_t_95_df_n_minus_1,not_estimable,raw_instance,independence_minus_cold,all_scheduled,0,cubic_spin_glass,0.9602878248159001,encoded_energy_mean,unadjusted_exploratory,1,selective,primary_selected_active_aux,,original_e4,0
equal_layer_p1,,,two_sided_Student_t_95_df_n_minus_1,not_estimable,raw_instance,independence_minus_cold,all_scheduled,0,cubic_spin_glass,0.09673193289327123,optimum_hit_rate,unadjusted_exploratory,1,selective,primary_selected_active_aux,,original_e4,0
equal_layer_p1,,,two_sided_Student_t_95_df_n_minus_1,not_estimable,raw_instance,independence_minus_cold,all_scheduled,0,cubic_spin_glass,0.04618250258765211,auxiliary_inconsistency_rate,unadjusted_exploratory,1,selective,primary_selected_active_aux,,original_e4,0
equal_layer_p1,,,two_sided_Student_t_95_df_n_minus_1,not_estimable,raw_instance,independence_minus_cold,all_scheduled,0,cubic_spin_glass,-5.551115123125783e-16,statevector_norm,unadjusted_exploratory,1,selective,primary_selected_active_aux,,original_e4,0
equal_layer_p1,,,two_sided_Student_t_95_df_n_minus_1,not_estimable,raw_instance,original_only_minus_cold,all_scheduled,0,cubic_spin_glass,-0.7148404028454796,original_objective_mean,unadjusted_exploratory,1,selective,primary_selected_active_aux,,original_e4,0
equal_layer_p1,,,two_sided_Student_t_95_df_n_minus_1,not_estimable,raw_instance,original_only_minus_cold,all_scheduled,0,cubic_spin_glass,0.9437655812705295,encoded_energy_mean,unadjusted_exploratory,1,selective,primary_selected_active_aux,,original_e4,0
equal_layer_p1,,,two_sided_Student_t_95_df_n_minus_1,not_estimable,raw_instance,original_only_minus_cold,all_scheduled,0,cubic_spin_glass,0.1019977506015474,optimum_hit_rate,unadjusted_exploratory,1,selective,primary_selected_active_aux,,original_e4,0
equal_layer_p1,,,two_sided_Student_t_95_df_n_minus_1,not_estimable,raw_instance,original_only_minus_cold,all_scheduled,0,cubic_spin_glass,0.048483223324415126,auxiliary_inconsistency_rate,unadjusted_exploratory,1,selective,primary_selected_active_aux,,original_e4,0
equal_layer_p1,,,two_sided_Student_t_95_df_n_minus_1,not_estimable,raw_instance,original_only_minus_cold,all_scheduled,0,cubic_spin_glass,0.0,statevector_norm,unadjusted_exploratory,1,selective,primary_selected_active_aux,,original_e4,0
equal_layer_p1,,,two_sided_Student_t_95_df_n_minus_1,not_estimable,raw_instance,pair_minus_cold,all_scheduled,0,cubic_spin_glass,-0.6465180431141011,original_objective_mean,unadjusted_exploratory,1,selective,primary_selected_active_aux,,original_e4,0
equal_layer_p1,,,two_sided_Student_t_95_df_n_minus_1,not_estimable,raw_instance,pair_minus_cold,all_scheduled,0,cubic_spin_glass,0.38160854256697974,encoded_energy_mean,unadjusted_exploratory,1,selective,primary_selected_active_aux,,original_e4,0
equal_layer_p1,,,two_sided_Student_t_95_df_n_minus_1,not_estimable,raw_instance,pair_minus_cold,all_scheduled,0,cubic_spin_glass,0.085714240040767,optimum_hit_rate,unadjusted_exploratory,1,selective,primary_selected_active_aux,,original_e4,0
equal_layer_p1,,,two_sided_Student_t_95_df_n_minus_1,not_estimable,raw_instance,pair_minus_cold,all_scheduled,0,cubic_spin_glass,0.03112414638884564,auxiliary_inconsistency_rate,unadjusted_exploratory,1,selective,primary_selected_active_aux,,original_e4,0
equal_layer_p1,,,two_sided_Student_t_95_df_n_minus_1,not_estimable,raw_instance,pair_minus_cold,all_scheduled,0,cubic_spin_glass,-5.551115123125783e-16,statevector_norm,unadjusted_exploratory,1,selective,primary_selected_active_aux,,original_e4,0
equal_layer_p1,,,two_sided_Student_t_95_df_n_minus_1,not_estimable,raw_instance,pair_minus_independence,all_scheduled,0,cubic_spin_glass,0.03474937206804496,original_objective_mean,unadjusted_exploratory,1,selective,primary_selected_active_aux,,original_e4,0
equal_layer_p1,,,two_sided_Student_t_95_df_n_minus_1,not_estimable,raw_instance,pair_minus_independence,all_scheduled,0,cubic_spin_glass,-0.5786792822489204,encoded_energy_mean,unadjusted_exploratory,1,selective,primary_selected_active_aux,,original_e4,0
equal_layer_p1,,,two_sided_Student_t_95_df_n_minus_1,not_estimable,raw_instance,pair_minus_independence,all_scheduled,0,cubic_spin_glass,-0.011017692852504216,optimum_hit_rate,unadjusted_exploratory,1,selective,primary_selected_active_aux,,original_e4,0
equal_layer_p1,,,two_sided_Student_t_95_df_n_minus_1,not_estimable,raw_instance,pair_minus_independence,all_scheduled,0,cubic_spin_glass,-0.015058356198806466,auxiliary_inconsistency_rate,unadjusted_exploratory,1,selective,primary_selected_active_aux,,original_e4,0
equal_layer_p1,,,two_sided_Student_t_95_df_n_minus_1,not_estimable,raw_instance,pair_minus_independence,all_scheduled,0,cubic_spin_glass,0.0,statevector_norm,unadjusted_exploratory,1,selective,primary_selected_active_aux,,original_e4,0
equal_layer_p1,,,two_sided_Student_t_95_df_n_minus_1,not_estimable,raw_instance,pair_minus_original_only,all_scheduled,0,cubic_spin_glass,0.06832235973137846,original_objective_mean,unadjusted_exploratory,1,selective,primary_selected_active_aux,,original_e4,0
equal_layer_p1,,,two_sided_Student_t_95_df_n_minus_1,not_estimable,raw_instance,pair_minus_original_only,all_scheduled,0,cubic_spin_glass,-0.5621570387035497,encoded_energy_mean,unadjusted_exploratory,1,selective,primary_selected_active_aux,,original_e4,0
equal_layer_p1,,,two_sided_Student_t_95_df_n_minus_1,not_estimable,raw_instance,pair_minus_original_only,all_scheduled,0,cubic_spin_glass,-0.01628351056078038,optimum_hit_rate,unadjusted_exploratory,1,selective,primary_selected_active_aux,,original_e4,0
equal_layer_p1,,,two_sided_Student_t_95_df_n_minus_1,not_estimable,raw_instance,pair_minus_original_only,all_scheduled,0,cubic_spin_glass,-0.017359076935569484,auxiliary_inconsistency_rate,unadjusted_exploratory,1,selective,primary_selected_active_aux,,original_e4,0
equal_layer_p1,,,two_sided_Student_t_95_df_n_minus_1,not_estimable,raw_instance,pair_minus_original_only,all_scheduled,0,cubic_spin_glass,-5.551115123125783e-16,statevector_norm,unadjusted_exploratory,1,selective,primary_selected_active_aux,,original_e4,0
equal_layer_p1,,,two_sided_Student_t_95_df_n_minus_1,not_estimable,raw_instance,independence_minus_cold,positive_depth_only,0,cubic_spin_glass,-0.6812674151821461,original_objective_mean,unadjusted_exploratory,1,selective,primary_selected_active_aux,,original_e4,0
equal_layer_p1,,,two_sided_Student_t_95_df_n_minus_1,not_estimable,raw_instance,independence_minus_cold,positive_depth_only,0,cubic_spin_glass,0.9602878248159001,encoded_energy_mean,unadjusted_exploratory,1,selective,primary_selected_active_aux,,original_e4,0
equal_layer_p1,,,two_sided_Student_t_95_df_n_minus_1,not_estimable,raw_instance,independence_minus_cold,positive_depth_only,0,cubic_spin_glass,0.09673193289327123,optimum_hit_rate,unadjusted_exploratory,1,selective,primary_selected_active_aux,,original_e4,0
equal_layer_p1,,,two_sided_Student_t_95_df_n_minus_1,not_estimable,raw_instance,independence_minus_cold,positive_depth_only,0,cubic_spin_glass,0.04618250258765211,auxiliary_inconsistency_rate,unadjusted_exploratory,1,selective,primary_selected_active_aux,,original_e4,0
equal_layer_p1,,,two_sided_Student_t_95_df_n_minus_1,not_estimable,raw_instance,independence_minus_cold,positive_depth_only,0,cubic_spin_glass,-5.551115123125783e-16,statevector_norm,unadjusted_exploratory,1,selective,primary_selected_active_aux,,original_e4,0
equal_layer_p1,,,two_sided_Student_t_95_df_n_minus_1,not_estimable,raw_instance,original_only_minus_cold,positive_depth_only,0,cubic_spin_glass,-0.7148404028454796,original_objective_mean,unadjusted_exploratory,1,selective,primary_selected_active_aux,,original_e4,0
equal_layer_p1,,,two_sided_Student_t_95_df_n_minus_1,not_estimable,raw_instance,original_only_minus_cold,positive_depth_only,0,cubic_spin_glass,0.9437655812705295,encoded_energy_mean,unadjusted_exploratory,1,selective,primary_selected_active_aux,,original_e4,0
equal_layer_p1,,,two_sided_Student_t_95_df_n_minus_1,not_estimable,raw_instance,original_only_minus_cold,positive_depth_only,0,cubic_spin_glass,0.1019977506015474,optimum_hit_rate,unadjusted_exploratory,1,selective,primary_selected_active_aux,,original_e4,0
equal_layer_p1,,,two_sided_Student_t_95_df_n_minus_1,not_estimable,raw_instance,original_only_minus_cold,positive_depth_only,0,cubic_spin_glass,0.048483223324415126,auxiliary_inconsistency_rate,unadjusted_exploratory,1,selective,primary_selected_active_aux,,original_e4,0
equal_layer_p1,,,two_sided_Student_t_95_df_n_minus_1,not_estimable,raw_instance,original_only_minus_cold,positive_depth_only,0,cubic_spin_glass,0.0,statevector_norm,unadjusted_exploratory,1,selective,primary_selected_active_aux,,original_e4,0
equal_layer_p1,,,two_sided_Student_t_95_df_n_minus_1,not_estimable,raw_instance,pair_minus_cold,positive_depth_only,0,cubic_spin_glass,-0.6465180431141011,original_objective_mean,unadjusted_exploratory,1,selective,primary_selected_active_aux,,original_e4,0
equal_layer_p1,,,two_sided_Student_t_95_df_n_minus_1,not_estimable,raw_instance,pair_minus_cold,positive_depth_only,0,cubic_spin_glass,0.38160854256697974,encoded_energy_mean,unadjusted_exploratory,1,selective,primary_selected_active_aux,,original_e4,0
equal_layer_p1,,,two_sided_Student_t_95_df_n_minus_1,not_estimable,raw_instance,pair_minus_cold,positive_depth_only,0,cubic_spin_glass,0.085714240040767,optimum_hit_rate,unadjusted_exploratory,1,selective,primary_selected_active_aux,,original_e4,0
equal_layer_p1,,,two_sided_Student_t_95_df_n_minus_1,not_estimable,raw_instance,pair_minus_cold,positive_depth_only,0,cubic_spin_glass,0.03112414638884564,auxiliary_inconsistency_rate,unadjusted_exploratory,1,selective,primary_selected_active_aux,,original_e4,0
equal_layer_p1,,,two_sided_Student_t_95_df_n_minus_1,not_estimable,raw_instance,pair_minus_cold,positive_depth_only,0,cubic_spin_glass,-5.551115123125783e-16,statevector_norm,unadjusted_exploratory,1,selective,primary_selected_active_aux,,original_e4,0
equal_layer_p1,,,two_sided_Student_t_95_df_n_minus_1,not_estimable,raw_instance,pair_minus_independence,positive_depth_only,0,cubic_spin_glass,0.03474937206804496,original_objective_mean,unadjusted_exploratory,1,selective,primary_selected_active_aux,,original_e4,0
equal_layer_p1,,,two_sided_Student_t_95_df_n_minus_1,not_estimable,raw_instance,pair_minus_independence,positive_depth_only,0,cubic_spin_glass,-0.5786792822489204,encoded_energy_mean,unadjusted_exploratory,1,selective,primary_selected_active_aux,,original_e4,0
equal_layer_p1,,,two_sided_Student_t_95_df_n_minus_1,not_estimable,raw_instance,pair_minus_independence,positive_depth_only,0,cubic_spin_glass,-0.011017692852504216,optimum_hit_rate,unadjusted_exploratory,1,selective,primary_selected_active_aux,,original_e4,0
equal_layer_p1,,,two_sided_Student_t_95_df_n_minus_1,not_estimable,raw_instance,pair_minus_independence,positive_depth_only,0,cubic_spin_glass,-0.015058356198806466,auxiliary_inconsistency_rate,unadjusted_exploratory,1,selective,primary_selected_active_aux,,original_e4,0
equal_layer_p1,,,two_sided_Student_t_95_df_n_minus_1,not_estimable,raw_instance,pair_minus_independence,positive_depth_only,0,cubic_spin_glass,0.0,statevector_norm,unadjusted_exploratory,1,selective,primary_selected_active_aux,,original_e4,0
equal_layer_p1,,,two_sided_Student_t_95_df_n_minus_1,not_estimable,raw_instance,pair_minus_original_only,positive_depth_only,0,cubic_spin_glass,0.06832235973137846,original_objective_mean,unadjusted_exploratory,1,selective,primary_selected_active_aux,,original_e4,0
equal_layer_p1,,,two_sided_Student_t_95_df_n_minus_1,not_estimable,raw_instance,pair_minus_original_only,positive_depth_only,0,cubic_spin_glass,-0.5621570387035497,encoded_energy_mean,unadjusted_exploratory,1,selective,primary_selected_active_aux,,original_e4,0
equal_layer_p1,,,two_sided_Student_t_95_df_n_minus_1,not_estimable,raw_instance,pair_minus_original_only,positive_depth_only,0,cubic_spin_glass,-0.01628351056078038,optimum_hit_rate,unadjusted_exploratory,1,selective,primary_selected_active_aux,,original_e4,0
equal_layer_p1,,,two_sided_Student_t_95_df_n_minus_1,not_estimable,raw_instance,pair_minus_original_only,positive_depth_only,0,cubic_spin_glass,-0.017359076935569484,auxiliary_inconsistency_rate,unadjusted_exploratory,1,selective,primary_selected_active_aux,,original_e4,0
equal_layer_p1,,,two_sided_Student_t_95_df_n_minus_1,not_estimable,raw_instance,pair_minus_original_only,positive_depth_only,0,cubic_spin_glass,-5.551115123125783e-16,statevector_norm,unadjusted_exploratory,1,selective,primary_selected_active_aux,,original_e4,0
equal_layer_p2,,,two_sided_Student_t_95_df_n_minus_1,not_estimable,raw_instance,independence_minus_cold,all_scheduled,0,cubic_spin_glass,0.16422320025243198,original_objective_mean,unadjusted_exploratory,1,selective,primary_selected_active_aux,,original_e4,0
equal_layer_p2,,,two_sided_Student_t_95_df_n_minus_1,not_estimable,raw_instance,independence_minus_cold,all_scheduled,0,cubic_spin_glass,-0.7265042758969287,encoded_energy_mean,unadjusted_exploratory,1,selective,primary_selected_active_aux,,original_e4,0
equal_layer_p2,,,two_sided_Student_t_95_df_n_minus_1,not_estimable,raw_instance,independence_minus_cold,all_scheduled,0,cubic_spin_glass,0.019177891809100137,optimum_hit_rate,unadjusted_exploratory,1,selective,primary_selected_active_aux,,original_e4,0
equal_layer_p2,,,two_sided_Student_t_95_df_n_minus_1,not_estimable,raw_instance,independence_minus_cold,all_scheduled,0,cubic_spin_glass,-0.03506132210938928,auxiliary_inconsistency_rate,unadjusted_exploratory,1,selective,primary_selected_active_aux,,original_e4,0
equal_layer_p2,,,two_sided_Student_t_95_df_n_minus_1,not_estimable,raw_instance,independence_minus_cold,all_scheduled,0,cubic_spin_glass,-2.220446049250313e-16,statevector_norm,unadjusted_exploratory,1,selective,primary_selected_active_aux,,original_e4,0
equal_layer_p2,,,two_sided_Student_t_95_df_n_minus_1,not_estimable,raw_instance,original_only_minus_cold,all_scheduled,0,cubic_spin_glass,0.7354787167193623,original_objective_mean,unadjusted_exploratory,1,selective,primary_selected_active_aux,,original_e4,0
equal_layer_p2,,,two_sided_Student_t_95_df_n_minus_1,not_estimable,raw_instance,original_only_minus_cold,all_scheduled,0,cubic_spin_glass,1.324496663415644,encoded_energy_mean,unadjusted_exploratory,1,selective,primary_selected_active_aux,,original_e4,0
equal_layer_p2,,,two_sided_Student_t_95_df_n_minus_1,not_estimable,raw_instance,original_only_minus_cold,all_scheduled,0,cubic_spin_glass,-0.028085230802327367,optimum_hit_rate,unadjusted_exploratory,1,selective,primary_selected_active_aux,,original_e4,0
equal_layer_p2,,,two_sided_Student_t_95_df_n_minus_1,not_estimable,raw_instance,original_only_minus_cold,all_scheduled,0,cubic_spin_glass,-0.012986228868518523,auxiliary_inconsistency_rate,unadjusted_exploratory,1,selective,primary_selected_active_aux,,original_e4,0
equal_layer_p2,,,two_sided_Student_t_95_df_n_minus_1,not_estimable,raw_instance,original_only_minus_cold,all_scheduled,0,cubic_spin_glass,-5.551115123125783e-16,statevector_norm,unadjusted_exploratory,1,selective,primary_selected_active_aux,,original_e4,0
equal_layer_p2,,,two_sided_Student_t_95_df_n_minus_1,not_estimable,raw_instance,pair_minus_cold,all_scheduled,0,cubic_spin_glass,-0.10413937709310872,original_objective_mean,unadjusted_exploratory,1,selective,primary_selected_active_aux,,original_e4,0
equal_layer_p2,,,two_sided_Student_t_95_df_n_minus_1,not_estimable,raw_instance,pair_minus_cold,all_scheduled,0,cubic_spin_glass,3.667331309711866,encoded_energy_mean,unadjusted_exploratory,1,selective,primary_selected_active_aux,,original_e4,0
equal_layer_p2,,,two_sided_Student_t_95_df_n_minus_1,not_estimable,raw_instance,pair_minus_cold,all_scheduled,0,cubic_spin_glass,0.015727136634593852,optimum_hit_rate,unadjusted_exploratory,1,selective,primary_selected_active_aux,,original_e4,0
equal_layer_p2,,,two_sided_Student_t_95_df_n_minus_1,not_estimable,raw_instance,pair_minus_cold,all_scheduled,0,cubic_spin_glass,-0.022335270929765505,auxiliary_inconsistency_rate,unadjusted_exploratory,1,selective,primary_selected_active_aux,,original_e4,0
equal_layer_p2,,,two_sided_Student_t_95_df_n_minus_1,not_estimable,raw_instance,pair_minus_cold,all_scheduled,0,cubic_spin_glass,-2.220446049250313e-16,statevector_norm,unadjusted_exploratory,1,selective,primary_selected_active_aux,,original_e4,0
equal_layer_p2,,,two_sided_Student_t_95_df_n_minus_1,not_estimable,raw_instance,pair_minus_independence,all_scheduled,0,cubic_spin_glass,-0.2683625773455407,original_objective_mean,unadjusted_exploratory,1,selective,primary_selected_active_aux,,original_e4,0
equal_layer_p2,,,two_sided_Student_t_95_df_n_minus_1,not_estimable,raw_instance,pair_minus_independence,all_scheduled,0,cubic_spin_glass,4.3938355856087945,encoded_energy_mean,unadjusted_exploratory,1,selective,primary_selected_active_aux,,original_e4,0
equal_layer_p2,,,two_sided_Student_t_95_df_n_minus_1,not_estimable,raw_instance,pair_minus_independence,all_scheduled,0,cubic_spin_glass,-0.0034507551745062842,optimum_hit_rate,unadjusted_exploratory,1,selective,primary_selected_active_aux,,original_e4,0
equal_layer_p2,,,two_sided_Student_t_95_df_n_minus_1,not_estimable,raw_instance,pair_minus_independence,all_scheduled,0,cubic_spin_glass,0.012726051179623776,auxiliary_inconsistency_rate,unadjusted_exploratory,1,selective,primary_selected_active_aux,,original_e4,0
equal_layer_p2,,,two_sided_Student_t_95_df_n_minus_1,not_estimable,raw_instance,pair_minus_independence,all_scheduled,0,cubic_spin_glass,0.0,statevector_norm,unadjusted_exploratory,1,selective,primary_selected_active_aux,,original_e4,0
equal_layer_p2,,,two_sided_Student_t_95_df_n_minus_1,not_estimable,raw_instance,pair_minus_original_only,all_scheduled,0,cubic_spin_glass,-0.839618093812471,original_objective_mean,unadjusted_exploratory,1,selective,primary_selected_active_aux,,original_e4,0
equal_layer_p2,,,two_sided_Student_t_95_df_n_minus_1,not_estimable,raw_instance,pair_minus_original_only,all_scheduled,0,cubic_spin_glass,2.3428346462962217,encoded_energy_mean,unadjusted_exploratory,1,selective,primary_selected_active_aux,,original_e4,0
equal_layer_p2,,,two_sided_Student_t_95_df_n_minus_1,not_estimable,raw_instance,pair_minus_original_only,all_scheduled,0,cubic_spin_glass,0.04381236743692122,optimum_hit_rate,unadjusted_exploratory,1,selective,primary_selected_active_aux,,original_e4,0
equal_layer_p2,,,two_sided_Student_t_95_df_n_minus_1,not_estimable,raw_instance,pair_minus_original_only,all_scheduled,0,cubic_spin_glass,-0.009349042061246982,auxiliary_inconsistency_rate,unadjusted_exploratory,1,selective,primary_selected_active_aux,,original_e4,0
equal_layer_p2,,,two_sided_Student_t_95_df_n_minus_1,not_estimable,raw_instance,pair_minus_original_only,all_scheduled,0,cubic_spin_glass,3.3306690738754696e-16,statevector_norm,unadjusted_exploratory,1,selective,primary_selected_active_aux,,original_e4,0
equal_layer_p2,,,two_sided_Student_t_95_df_n_minus_1,not_estimable,raw_instance,independence_minus_cold,positive_depth_only,0,cubic_spin_glass,0.16422320025243198,original_objective_mean,unadjusted_exploratory,1,selective,primary_selected_active_aux,,original_e4,0
equal_layer_p2,,,two_sided_Student_t_95_df_n_minus_1,not_estimable,raw_instance,independence_minus_cold,positive_depth_only,0,cubic_spin_glass,-0.7265042758969287,encoded_energy_mean,unadjusted_exploratory,1,selective,primary_selected_active_aux,,original_e4,0
equal_layer_p2,,,two_sided_Student_t_95_df_n_minus_1,not_estimable,raw_instance,independence_minus_cold,positive_depth_only,0,cubic_spin_glass,0.019177891809100137,optimum_hit_rate,unadjusted_exploratory,1,selective,primary_selected_active_aux,,original_e4,0
equal_layer_p2,,,two_sided_Student_t_95_df_n_minus_1,not_estimable,raw_instance,independence_minus_cold,positive_depth_only,0,cubic_spin_glass,-0.03506132210938928,auxiliary_inconsistency_rate,unadjusted_exploratory,1,selective,primary_selected_active_aux,,original_e4,0
equal_layer_p2,,,two_sided_Student_t_95_df_n_minus_1,not_estimable,raw_instance,independence_minus_cold,positive_depth_only,0,cubic_spin_glass,-2.220446049250313e-16,statevector_norm,unadjusted_exploratory,1,selective,primary_selected_active_aux,,original_e4,0
equal_layer_p2,,,two_sided_Student_t_95_df_n_minus_1,not_estimable,raw_instance,original_only_minus_cold,positive_depth_only,0,cubic_spin_glass,0.7354787167193623,original_objective_mean,unadjusted_exploratory,1,selective,primary_selected_active_aux,,original_e4,0
equal_layer_p2,,,two_sided_Student_t_95_df_n_minus_1,not_estimable,raw_instance,original_only_minus_cold,positive_depth_only,0,cubic_spin_glass,1.324496663415644,encoded_energy_mean,unadjusted_exploratory,1,selective,primary_selected_active_aux,,original_e4,0
equal_layer_p2,,,two_sided_Student_t_95_df_n_minus_1,not_estimable,raw_instance,original_only_minus_cold,positive_depth_only,0,cubic_spin_glass,-0.028085230802327367,optimum_hit_rate,unadjusted_exploratory,1,selective,primary_selected_active_aux,,original_e4,0
equal_layer_p2,,,two_sided_Student_t_95_df_n_minus_1,not_estimable,raw_instance,original_only_minus_cold,positive_depth_only,0,cubic_spin_glass,-0.012986228868518523,auxiliary_inconsistency_rate,unadjusted_exploratory,1,selective,primary_selected_active_aux,,original_e4,0
equal_layer_p2,,,two_sided_Student_t_95_df_n_minus_1,not_estimable,raw_instance,original_only_minus_cold,positive_depth_only,0,cubic_spin_glass,-5.551115123125783e-16,statevector_norm,unadjusted_exploratory,1,selective,primary_selected_active_aux,,original_e4,0
equal_layer_p2,,,two_sided_Student_t_95_df_n_minus_1,not_estimable,raw_instance,pair_minus_cold,positive_depth_only,0,cubic_spin_glass,-0.10413937709310872,original_objective_mean,unadjusted_exploratory,1,selective,primary_selected_active_aux,,original_e4,0
equal_layer_p2,,,two_sided_Student_t_95_df_n_minus_1,not_estimable,raw_instance,pair_minus_cold,positive_depth_only,0,cubic_spin_glass,3.667331309711866,encoded_energy_mean,unadjusted_exploratory,1,selective,primary_selected_active_aux,,original_e4,0
equal_layer_p2,,,two_sided_Student_t_95_df_n_minus_1,not_estimable,raw_instance,pair_minus_cold,positive_depth_only,0,cubic_spin_glass,0.015727136634593852,optimum_hit_rate,unadjusted_exploratory,1,selective,primary_selected_active_aux,,original_e4,0
equal_layer_p2,,,two_sided_Student_t_95_df_n_minus_1,not_estimable,raw_instance,pair_minus_cold,positive_depth_only,0,cubic_spin_glass,-0.022335270929765505,auxiliary_inconsistency_rate,unadjusted_exploratory,1,selective,primary_selected_active_aux,,original_e4,0
equal_layer_p2,,,two_sided_Student_t_95_df_n_minus_1,not_estimable,raw_instance,pair_minus_cold,positive_depth_only,0,cubic_spin_glass,-2.220446049250313e-16,statevector_norm,unadjusted_exploratory,1,selective,primary_selected_active_aux,,original_e4,0
equal_layer_p2,,,two_sided_Student_t_95_df_n_minus_1,not_estimable,raw_instance,pair_minus_independence,positive_depth_only,0,cubic_spin_glass,-0.2683625773455407,original_objective_mean,unadjusted_exploratory,1,selective,primary_selected_active_aux,,original_e4,0
equal_layer_p2,,,two_sided_Student_t_95_df_n_minus_1,not_estimable,raw_instance,pair_minus_independence,positive_depth_only,0,cubic_spin_glass,4.3938355856087945,encoded_energy_mean,unadjusted_exploratory,1,selective,primary_selected_active_aux,,original_e4,0
equal_layer_p2,,,two_sided_Student_t_95_df_n_minus_1,not_estimable,raw_instance,pair_minus_independence,positive_depth_only,0,cubic_spin_glass,-0.0034507551745062842,optimum_hit_rate,unadjusted_exploratory,1,selective,primary_selected_active_aux,,original_e4,0
equal_layer_p2,,,two_sided_Student_t_95_df_n_minus_1,not_estimable,raw_instance,pair_minus_independence,positive_depth_only,0,cubic_spin_glass,0.012726051179623776,auxiliary_inconsistency_rate,unadjusted_exploratory,1,selective,primary_selected_active_aux,,original_e4,0
equal_layer_p2,,,two_sided_Student_t_95_df_n_minus_1,not_estimable,raw_instance,pair_minus_independence,positive_depth_only,0,cubic_spin_glass,0.0,statevector_norm,unadjusted_exploratory,1,selective,primary_selected_active_aux,,original_e4,0
equal_layer_p2,,,two_sided_Student_t_95_df_n_minus_1,not_estimable,raw_instance,pair_minus_original_only,positive_depth_only,0,cubic_spin_glass,-0.839618093812471,original_objective_mean,unadjusted_exploratory,1,selective,primary_selected_active_aux,,original_e4,0
equal_layer_p2,,,two_sided_Student_t_95_df_n_minus_1,not_estimable,raw_instance,pair_minus_original_only,positive_depth_only,0,cubic_spin_glass,2.3428346462962217,encoded_energy_mean,unadjusted_exploratory,1,selective,primary_selected_active_aux,,original_e4,0
equal_layer_p2,,,two_sided_Student_t_95_df_n_minus_1,not_estimable,raw_instance,pair_minus_original_only,positive_depth_only,0,cubic_spin_glass,0.04381236743692122,optimum_hit_rate,unadjusted_exploratory,1,selective,primary_selected_active_aux,,original_e4,0
equal_layer_p2,,,two_sided_Student_t_95_df_n_minus_1,not_estimable,raw_instance,pair_minus_original_only,positive_depth_only,0,cubic_spin_glass,-0.009349042061246982,auxiliary_inconsistency_rate,unadjusted_exploratory,1,selective,primary_selected_active_aux,,original_e4,0
equal_layer_p2,,,two_sided_Student_t_95_df_n_minus_1,not_estimable,raw_instance,pair_minus_original_only,positive_depth_only,0,cubic_spin_glass,3.3306690738754696e-16,statevector_norm,unadjusted_exploratory,1,selective,primary_selected_active_aux,,original_e4,0
equal_2q_budget_128,0.46654232056143885,-2.0829684759181952,two_sided_Student_t_95_df_n_minus_1,estimated,raw_instance,independence_minus_cold,all_scheduled,6,max3sat,-0.8082130776783781,original_objective_mean,unadjusted_exploratory,7,selective,primary_selected_active_aux,1.3783437946902282,original_e4,2
equal_2q_budget_128,-1.127256477134651,-10.854924676118872,two_sided_Student_t_95_df_n_minus_1,estimated,raw_instance,independence_minus_cold,all_scheduled,6,max3sat,-5.991090576626761,encoded_energy_mean,unadjusted_exploratory,7,selective,primary_selected_active_aux,5.259076022501744,original_e4,2
equal_2q_budget_128,0.05403431957063551,-0.014478690873780908,two_sided_Student_t_95_df_n_minus_1,estimated,raw_instance,independence_minus_cold,all_scheduled,6,max3sat,0.019777814348427302,optimum_hit_rate,unadjusted_exploratory,7,selective,primary_selected_active_aux,0.037040236476740304,original_e4,2
equal_2q_budget_128,-0.06587107094707956,-0.1577281176843837,two_sided_Student_t_95_df_n_minus_1,estimated,raw_instance,independence_minus_cold,all_scheduled,6,max3sat,-0.11179959431573162,auxiliary_inconsistency_rate,unadjusted_exploratory,7,selective,primary_selected_active_aux,0.04966073904992181,original_e4,2
equal_2q_budget_128,6.408015774938459e-16,-4.821982882616806e-16,two_sided_Student_t_95_df_n_minus_1,estimated,raw_instance,independence_minus_cold,all_scheduled,6,max3sat,7.930164461608261e-17,statevector_norm,unadjusted_exploratory,7,selective,primary_selected_active_aux,6.071281982956898e-16,original_e4,2
equal_2q_budget_128,0.6406043482140937,-1.9345775085665093,two_sided_Student_t_95_df_n_minus_1,estimated,raw_instance,original_only_minus_cold,all_scheduled,6,max3sat,-0.6469865801762078,original_objective_mean,unadjusted_exploratory,7,selective,primary_selected_active_aux,1.392222357870983,original_e4,2
equal_2q_budget_128,0.5717878907195239,-1.8981786371533702,two_sided_Student_t_95_df_n_minus_1,estimated,raw_instance,original_only_minus_cold,all_scheduled,6,max3sat,-0.6631953732169232,encoded_energy_mean,unadjusted_exploratory,7,selective,primary_selected_active_aux,1.3353397214426612,original_e4,2
equal_2q_budget_128,0.049772727538073325,-0.020079647454176796,two_sided_Student_t_95_df_n_minus_1,estimated,raw_instance,original_only_minus_cold,all_scheduled,6,max3sat,0.014846540041948266,optimum_hit_rate,unadjusted_exploratory,7,selective,primary_selected_active_aux,0.03776433806355601,original_e4,2
equal_2q_budget_128,0.0019896019114051624,-0.0008351761544802999,two_sided_Student_t_95_df_n_minus_1,estimated,raw_instance,original_only_minus_cold,all_scheduled,6,max3sat,0.0005772128784624313,auxiliary_inconsistency_rate,unadjusted_exploratory,7,selective,primary_selected_active_aux,0.0015271617299548053,original_e4,2
equal_2q_budget_128,2.1867662291397002e-16,-9.179399152823785e-17,two_sided_Student_t_95_df_n_minus_1,estimated,raw_instance,original_only_minus_cold,all_scheduled,6,max3sat,6.344131569286608e-17,statevector_norm,unadjusted_exploratory,7,selective,primary_selected_active_aux,1.6784994417006305e-16,original_e4,2
equal_2q_budget_128,0.6136431882830391,-1.9672864445645701,two_sided_Student_t_95_df_n_minus_1,estimated,raw_instance,pair_minus_cold,all_scheduled,6,max3sat,-0.6768216281407655,original_objective_mean,unadjusted_exploratory,7,selective,primary_selected_active_aux,1.3953297820427755,original_e4,2
equal_2q_budget_128,-0.7862804485713832,-9.92976348008201,two_sided_Student_t_95_df_n_minus_1,estimated,raw_instance,pair_minus_cold,all_scheduled,6,max3sat,-5.358021964326696,encoded_energy_mean,unadjusted_exploratory,7,selective,primary_selected_active_aux,4.943247589200292,original_e4,2
equal_2q_budget_128,0.051695437780394655,-0.016655731141361395,two_sided_Student_t_95_df_n_minus_1,estimated,raw_instance,pair_minus_cold,all_scheduled,6,max3sat,0.01751985331951663,optimum_hit_rate,unadjusted_exploratory,7,selective,primary_selected_active_aux,0.036952739981808744,original_e4,2
equal_2q_budget_128,6.020349987209683e-05,-0.14951026240889567,two_sided_Student_t_95_df_n_minus_1,estimated,raw_instance,pair_minus_cold,all_scheduled,6,max3sat,-0.07472502945451179,auxiliary_inconsistency_rate,unadjusted_exploratory,7,selective,primary_selected_active_aux,0.08086238498732445,original_e4,2
equal_2q_budget_128,6.518787094228438e-16,-3.981134466513795e-16,two_sided_Student_t_95_df_n_minus_1,estimated,raw_instance,pair_minus_cold,all_scheduled,6,max3sat,1.2688263138573217e-16,statevector_norm,unadjusted_exploratory,7,selective,primary_selected_active_aux,5.67657989445145e-16,original_e4,2
equal_2q_budget_128,0.5885040991163673,-0.32572120004114186,two_sided_Student_t_95_df_n_minus_1,estimated,raw_instance,pair_minus_independence,all_scheduled,6,max3sat,0.13139144953761267,original_objective_mean,unadjusted_exploratory,7,selective,primary_selected_active_aux,0.4942582591854642,original_e4,2
equal_2q_budget_128,4.932302959210253,-3.6661657346101224,two_sided_Student_t_95_df_n_minus_1,estimated,raw_instance,pair_minus_independence,all_scheduled,6,max3sat,0.6330686123000653,encoded_energy_mean,unadjusted_exploratory,7,selective,primary_selected_active_aux,4.648596108841847,original_e4,2
equal_2q_budget_128,0.003951445714047885,-0.008467367771869237,two_sided_Student_t_95_df_n_minus_1,estimated,raw_instance,pair_minus_independence,all_scheduled,6,max3sat,-0.002257961028910676,optimum_hit_rate,unadjusted_exploratory,7,selective,primary_selected_active_aux,0.006713991770250549,original_e4,2
equal_2q_budget_128,0.14496226307599763,-0.07081313335355795,two_sided_Student_t_95_df_n_minus_1,estimated,raw_instance,pair_minus_independence,all_scheduled,6,max3sat,0.037074564861219836,auxiliary_inconsistency_rate,unadjusted_exploratory,7,selective,primary_selected_active_aux,0.11665480261004171,original_e4,2
equal_2q_budget_128,5.023789329892816e-16,-4.0721695944998246e-16,two_sided_Student_t_95_df_n_minus_1,estimated,raw_instance,pair_minus_independence,all_scheduled,6,max3sat,4.7580986769649563e-17,statevector_norm,unadjusted_exploratory,7,selective,primary_selected_active_aux,4.917554598123447e-16,original_e4,2
equal_2q_budget_128,0.04224150555810097,-0.10191160148721634,two_sided_Student_t_95_df_n_minus_1,estimated,raw_instance,pair_minus_original_only,all_scheduled,6,max3sat,-0.029835047964557684,original_objective_mean,unadjusted_exploratory,7,selective,primary_selected_active_aux,0.07793359449804413,original_e4,2
equal_2q_budget_128,-0.5454719928606915,-8.844181189358853,two_sided_Student_t_95_df_n_minus_1,estimated,raw_instance,pair_minus_original_only,all_scheduled,6,max3sat,-4.694826591109773,encoded_energy_mean,unadjusted_exploratory,7,selective,primary_selected_active_aux,4.486536923368288,original_e4,2
equal_2q_budget_128,0.008253884784967419,-0.0029072582298306925,two_sided_Student_t_95_df_n_minus_1,estimated,raw_instance,pair_minus_original_only,all_scheduled,6,max3sat,0.002673313277568363,optimum_hit_rate,unadjusted_exploratory,7,selective,primary_selected_active_aux,0.006034056508934674,original_e4,2
equal_2q_budget_128,0.00015773833217028188,-0.15076222299811873,two_sided_Student_t_95_df_n_minus_1,estimated,raw_instance,pair_minus_original_only,all_scheduled,6,max3sat,-0.07530224233297422,auxiliary_inconsistency_rate,unadjusted_exploratory,7,selective,primary_selected_active_aux,0.0815919636354263,original_e4,2
equal_2q_budget_128,7.070129010278034e-16,-5.801302696420713e-16,two_sided_Student_t_95_df_n_minus_1,estimated,raw_instance,pair_minus_original_only,all_scheduled,6,max3sat,6.344131569286608e-17,statevector_norm,unadjusted_exploratory,7,selective,primary_selected_active_aux,6.958691073677511e-16,original_e4,2
equal_2q_budget_128,0.3241760042057613,-1.0945800291126264,two_sided_Student_t_95_df_n_minus_1,estimated,raw_instance,independence_minus_cold,positive_depth_only,4,max3sat,-0.38520201245343255,original_objective_mean,unadjusted_exploratory,5,selective,primary_selected_active_aux,0.5713123821624897,original_e4,0
equal_2q_budget_128,-0.8370273272724291,-5.865804065060278,two_sided_Student_t_95_df_n_minus_1,estimated,raw_instance,independence_minus_cold,positive_depth_only,4,max3sat,-3.3514156961663533,encoded_energy_mean,unadjusted_exploratory,5,selective,primary_selected_active_aux,2.0250151188496477,original_e4,0
equal_2q_budget_128,0.022725539887106915,-0.007522556830852005,two_sided_Student_t_95_df_n_minus_1,estimated,raw_instance,independence_minus_cold,positive_depth_only,4,max3sat,0.007601491528127455,optimum_hit_rate,unadjusted_exploratory,5,selective,primary_selected_active_aux,0.01218046780840747,original_e4,0
equal_2q_budget_128,-0.04063185811768688,-0.19031206144226573,two_sided_Student_t_95_df_n_minus_1,estimated,raw_instance,independence_minus_cold,positive_depth_only,4,max3sat,-0.1154719597799763,auxiliary_inconsistency_rate,unadjusted_exploratory,5,selective,primary_selected_active_aux,0.060274036913815505,original_e4,0
equal_2q_budget_128,1.0462583459541991e-15,-6.465780570891427e-16,two_sided_Student_t_95_df_n_minus_1,estimated,raw_instance,independence_minus_cold,positive_depth_only,4,max3sat,1.9984014443252818e-16,statevector_norm,unadjusted_exploratory,5,selective,primary_selected_active_aux,6.816805534718973e-16,original_e4,0
equal_2q_budget_128,0.28331619829296467,-0.6022860301937591,two_sided_Student_t_95_df_n_minus_1,estimated,raw_instance,original_only_minus_cold,positive_depth_only,4,max3sat,-0.15948491595039727,original_objective_mean,unadjusted_exploratory,5,selective,primary_selected_active_aux,0.3566191134509288,original_e4,0
equal_2q_budget_128,0.3894221049301212,-0.8278506314189957,two_sided_Student_t_95_df_n_minus_1,estimated,raw_instance,original_only_minus_cold,positive_depth_only,4,max3sat,-0.2192142632444373,encoded_energy_mean,unadjusted_exploratory,5,selective,primary_selected_active_aux,0.4901779942520954,original_e4,0
equal_2q_budget_128,0.0026348540696728632,-0.0012394390715592543,two_sided_Student_t_95_df_n_minus_1,estimated,raw_instance,original_only_minus_cold,positive_depth_only,4,max3sat,0.0006977074990568044,optimum_hit_rate,unadjusted_exploratory,5,selective,primary_selected_active_aux,0.001560121396302385,original_e4,0
equal_2q_budget_128,0.003051737849336286,-0.0014355417896419666,two_sided_Student_t_95_df_n_minus_1,estimated,raw_instance,original_only_minus_cold,positive_depth_only,4,max3sat,0.0008080980298471596,auxiliary_inconsistency_rate,unadjusted_exploratory,5,selective,primary_selected_active_aux,0.0018069621272219028,original_e4,0
equal_2q_budget_128,0.0,0.0,two_sided_Student_t_95_df_n_minus_1,estimated,raw_instance,original_only_minus_cold,positive_depth_only,4,max3sat,0.0,statevector_norm,unadjusted_exploratory,5,selective,primary_selected_active_aux,0.0,original_e4,0
equal_2q_budget_128,0.34062031447951513,-0.7431282806810612,two_sided_Student_t_95_df_n_minus_1,estimated,raw_instance,pair_minus_cold,positive_depth_only,4,max3sat,-0.20125398310077305,original_objective_mean,unadjusted_exploratory,5,selective,primary_selected_active_aux,0.43640976815320653,original_e4,0
equal_2q_budget_128,2.5262723512724063,-10.94465977731307,two_sided_Student_t_95_df_n_minus_1,estimated,raw_instance,pair_minus_cold,positive_depth_only,4,max3sat,-4.2091937130203325,encoded_energy_mean,unadjusted_exploratory,5,selective,primary_selected_active_aux,5.4245480855018,original_e4,0
equal_2q_budget_128,0.012180198327620946,-0.00329950615231594,two_sided_Student_t_95_df_n_minus_1,estimated,raw_instance,pair_minus_cold,positive_depth_only,4,max3sat,0.004440346087652503,optimum_hit_rate,unadjusted_exploratory,5,selective,primary_selected_active_aux,0.0062334514419079496,original_e4,0
equal_2q_budget_128,0.03482290750667481,-0.20369491389466293,two_sided_Student_t_95_df_n_minus_1,estimated,raw_instance,pair_minus_cold,positive_depth_only,4,max3sat,-0.08443600319399407,auxiliary_inconsistency_rate,unadjusted_exploratory,5,selective,primary_selected_active_aux,0.09604765127537974,original_e4,0
equal_2q_budget_128,9.179250913272092e-16,-2.5179127655211535e-16,two_sided_Student_t_95_df_n_minus_1,estimated,raw_instance,pair_minus_cold,positive_depth_only,4,max3sat,3.3306690738754696e-16,statevector_norm,unadjusted_exploratory,5,selective,primary_selected_active_aux,4.710277376051325e-16,original_e4,0
equal_2q_budget_128,0.9230794776788465,-0.5551834189735274,two_sided_Student_t_95_df_n_minus_1,estimated,raw_instance,pair_minus_independence,positive_depth_only,4,max3sat,0.1839480293526595,original_objective_mean,unadjusted_exploratory,5,selective,primary_selected_active_aux,0.5952749289626188,original_e4,0
equal_2q_budget_128,4.787325220858493,-6.502881254566452,two_sided_Student_t_95_df_n_minus_1,estimated,raw_instance,pair_minus_independence,positive_depth_only,4,max3sat,-0.8577780168539795,encoded_energy_mean,unadjusted_exploratory,5,selective,primary_selected_active_aux,4.546401639959669,original_e4,0
equal_2q_budget_128,0.006775864202105974,-0.013098155083055875,two_sided_Student_t_95_df_n_minus_1,estimated,raw_instance,pair_minus_independence,positive_depth_only,4,max3sat,-0.003161145440474951,optimum_hit_rate,unadjusted_exploratory,5,selective,primary_selected_active_aux,0.008002977985152312,original_e4,0
equal_2q_budget_128,0.20727323648143853,-0.14520132330947405,two_sided_Student_t_95_df_n_minus_1,estimated,raw_instance,pair_minus_independence,positive_depth_only,4,max3sat,0.03103595658598224,auxiliary_inconsistency_rate,unadjusted_exploratory,5,selective,primary_selected_active_aux,0.14193636938045034,original_e4,0
equal_2q_budget_128,8.320717922615024e-16,-5.656182663514648e-16,two_sided_Student_t_95_df_n_minus_1,estimated,raw_instance,pair_minus_independence,positive_depth_only,4,max3sat,1.3322676295501878e-16,statevector_norm,unadjusted_exploratory,5,selective,primary_selected_active_aux,5.628294210973806e-16,original_e4,0
equal_2q_budget_128,0.07262166172091616,-0.15615979602166774,two_sided_Student_t_95_df_n_minus_1,estimated,raw_instance,pair_minus_original_only,positive_depth_only,4,max3sat,-0.04176906715037578,original_objective_mean,unadjusted_exploratory,5,selective,primary_selected_active_aux,0.09212695949691198,original_e4,0
equal_2q_budget_128,2.5823608632209556,-10.562319762772747,two_sided_Student_t_95_df_n_minus_1,estimated,raw_instance,pair_minus_original_only,positive_depth_only,4,max3sat,-3.9899794497758956,encoded_energy_mean,unadjusted_exploratory,5,selective,primary_selected_active_aux,5.2931713591637,original_e4,0
equal_2q_budget_128,0.012488408429080363,-0.005003131251888967,two_sided_Student_t_95_df_n_minus_1,estimated,raw_instance,pair_minus_original_only,positive_depth_only,4,max3sat,0.003742638588595698,optimum_hit_rate,unadjusted_exploratory,5,selective,primary_selected_active_aux,0.007043588163252387,original_e4,0
equal_2q_budget_128,0.03503132372793023,-0.2055195261756127,two_sided_Student_t_95_df_n_minus_1,estimated,raw_instance,pair_minus_original_only,positive_depth_only,4,max3sat,-0.08524410122384123,auxiliary_inconsistency_rate,unadjusted_exploratory,5,selective,primary_selected_active_aux,0.09686632223030243,original_e4,0
equal_2q_budget_128,9.179250913272092e-16,-2.5179127655211535e-16,two_sided_Student_t_95_df_n_minus_1,estimated,raw_instance,pair_minus_original_only,positive_depth_only,4,max3sat,3.3306690738754696e-16,statevector_norm,unadjusted_exploratory,5,selective,primary_selected_active_aux,4.710277376051325e-16,original_e4,0
equal_2q_budget_128,21.84074309573336,-25.57222457721484,two_sided_Student_t_95_df_n_minus_1,estimated,raw_instance,independence_minus_cold,zero_depth_only,1,max3sat,-1.8657407407407423,original_objective_mean,unadjusted_exploratory,2,selective,primary_selected_active_aux,2.638555859427582,original_e4,2
equal_2q_budget_128,34.61680231842685,-59.797357873982406,two_sided_Student_t_95_df_n_minus_1,estimated,raw_instance,independence_minus_cold,zero_depth_only,1,max3sat,-12.59027777777778,encoded_energy_mean,unadjusted_exploratory,2,selective,primary_selected_active_aux,5.254196221316711,original_e4,2
equal_2q_budget_128,0.6883067064655626,-0.5878694636672088,two_sided_Student_t_95_df_n_minus_1,estimated,raw_instance,independence_minus_cold,zero_depth_only,1,max3sat,0.05021862139917693,optimum_hit_rate,unadjusted_exploratory,2,selective,primary_selected_active_aux,0.07101985546639575,original_e4,2
equal_2q_budget_128,-0.05399671298410775,-0.1512406483261321,two_sided_Student_t_95_df_n_minus_1,estimated,raw_instance,independence_minus_cold,zero_depth_only,1,max3sat,-0.10261868065511992,auxiliary_inconsistency_rate,unadjusted_exploratory,2,selective,primary_selected_active_aux,0.005411674653238186,original_e4,2
equal_2q_budget_128,2.5992996058154403e-15,-3.043388815665503e-15,two_sided_Student_t_95_df_n_minus_1,estimated,raw_instance,independence_minus_cold,zero_depth_only,1,max3sat,-2.220446049250313e-16,statevector_norm,unadjusted_exploratory,2,selective,primary_selected_active_aux,3.1401849173675503e-16,original_e4,2
equal_2q_budget_128,21.840743095733266,-25.572224577214733,two_sided_Student_t_95_df_n_minus_1,estimated,raw_instance,original_only_minus_cold,zero_depth_only,1,max3sat,-1.8657407407407343,original_objective_mean,unadjusted_exploratory,2,selective,primary_selected_active_aux,2.638555859427571,original_e4,2
equal_2q_budget_128,20.756835249791123,-24.3031315460874,two_sided_Student_t_95_df_n_minus_1,estimated,raw_instance,original_only_minus_cold,zero_depth_only,1,max3sat,-1.7731481481481381,encoded_energy_mean,unadjusted_exploratory,2,selective,primary_selected_active_aux,2.507610159207835,original_e4,2
equal_2q_budget_128,0.6883067064655625,-0.5878694636672087,two_sided_Student_t_95_df_n_minus_1,estimated,raw_instance,original_only_minus_cold,zero_depth_only,1,max3sat,0.05021862139917692,optimum_hit_rate,unadjusted_exploratory,2,selective,primary_selected_active_aux,0.07101985546639573,original_e4,2
equal_2q_budget_128,8.369319243080132e-15,-7.14807391599246e-15,two_sided_Student_t_95_df_n_minus_1,estimated,raw_instance,original_only_minus_cold,zero_depth_only,1,max3sat,6.106226635438361e-16,auxiliary_inconsistency_rate,unadjusted_exploratory,2,selective,primary_selected_active_aux,8.635508522760763e-16,original_e4,2
equal_2q_budget_128,3.043388815665503e-15,-2.5992996058154403e-15,two_sided_Student_t_95_df_n_minus_1,estimated,raw_instance,original_only_minus_cold,zero_depth_only,1,max3sat,2.220446049250313e-16,statevector_norm,unadjusted_exploratory,2,selective,primary_selected_active_aux,3.1401849173675503e-16,original_e4,2
equal_2q_budget_128,21.840743095733337,-25.572224577214833,two_sided_Student_t_95_df_n_minus_1,estimated,raw_instance,pair_minus_cold,zero_depth_only,1,max3sat,-1.8657407407407467,original_objective_mean,unadjusted_exploratory,2,selective,primary_selected_active_aux,2.638555859427581,original_e4,2
equal_2q_budget_128,13.435162983023984,-29.89534816820919,two_sided_Student_t_95_df_n_minus_1,estimated,raw_instance,pair_minus_cold,zero_depth_only,1,max3sat,-8.230092592592603,encoded_energy_mean,unadjusted_exploratory,2,selective,primary_selected_active_aux,2.411365069546369,original_e4,2
equal_2q_budget_128,0.6883067064655629,-0.5878694636672089,two_sided_Student_t_95_df_n_minus_1,estimated,raw_instance,pair_minus_cold,zero_depth_only,1,max3sat,0.050218621399176946,optimum_hit_rate,unadjusted_exploratory,2,selective,primary_selected_active_aux,0.07101985546639578,original_e4,2
equal_2q_budget_128,0.1840918531342027,-0.2849870433458149,two_sided_Student_t_95_df_n_minus_1,estimated,raw_instance,pair_minus_cold,zero_depth_only,1,max3sat,-0.0504475951058061,auxiliary_inconsistency_rate,unadjusted_exploratory,2,selective,primary_selected_active_aux,0.026104480094532194,original_e4,2
equal_2q_budget_128,4.54877431017702e-15,-5.32593042741463e-15,two_sided_Student_t_95_df_n_minus_1,estimated,raw_instance,pair_minus_cold,zero_depth_only,1,max3sat,-3.885780586188048e-16,statevector_norm,unadjusted_exploratory,2,selective,primary_selected_active_aux,5.495323605393213e-16,original_e4,2
equal_2q_budget_128,6.84448474446126e-15,-1.5726268941462513e-14,two_sided_Student_t_95_df_n_minus_1,estimated,raw_instance,pair_minus_independence,zero_depth_only,1,max3sat,-4.440892098500626e-15,original_objective_mean,unadjusted_exploratory,2,selective,primary_selected_active_aux,1.2560739669470201e-15,original_e4,2
equal_2q_budget_128,29.902009705773214,-21.18163933540286,two_sided_Student_t_95_df_n_minus_1,estimated,raw_instance,pair_minus_independence,zero_depth_only,1,max3sat,4.360185185185177,encoded_energy_mean,unadjusted_exploratory,2,selective,primary_selected_active_aux,2.842831151770342,original_e4,2
equal_2q_budget_128,2.206723432347436e-16,-1.9812093804704512e-16,two_sided_Student_t_95_df_n_minus_1,estimated,raw_instance,pair_minus_independence,zero_depth_only,1,max3sat,1.1275702593849246e-17,optimum_hit_rate,unadjusted_exploratory,2,selective,primary_selected_active_aux,2.3306059933587286e-17,original_e4,2
equal_2q_budget_128,0.23808856611831042,-0.13374639501968277,two_sided_Student_t_95_df_n_minus_1,estimated,raw_instance,pair_minus_independence,zero_depth_only,1,max3sat,0.05217108554931382,auxiliary_inconsistency_rate,unadjusted_exploratory,2,selective,primary_selected_active_aux,0.020692805441294006,original_e4,2
equal_2q_budget_128,1.94947470436158e-15,-2.282541611749127e-15,two_sided_Student_t_95_df_n_minus_1,estimated,raw_instance,pair_minus_independence,zero_depth_only,1,max3sat,-1.6653345369377348e-16,statevector_norm,unadjusted_exploratory,2,selective,primary_selected_active_aux,2.3551386880256624e-16,original_e4,2
equal_2q_budget_128,7.784851686789334e-14,-1.0271751261949685e-13,two_sided_Student_t_95_df_n_minus_1,estimated,raw_instance,pair_minus_original_only,zero_depth_only,1,max3sat,-1.2434497875801753e-14,original_objective_mean,unadjusted_exploratory,2,selective,primary_selected_active_aux,1.0048591735576161e-14,original_e4,2
equal_2q_budget_128,-5.592216622121793,-7.321672266767138,two_sided_Student_t_95_df_n_minus_1,estimated,raw_instance,pair_minus_original_only,zero_depth_only,1,max3sat,-6.456944444444465,encoded_energy_mean,unadjusted_exploratory,2,selective,primary_selected_active_aux,0.09624508966146585,original_e4,2
equal_2q_budget_128,4.108841442138375e-16,-3.605771634105101e-16,two_sided_Student_t_95_df_n_minus_1,estimated,raw_instance,pair_minus_original_only,zero_depth_only,1,max3sat,2.5153490401663703e-17,optimum_hit_rate,unadjusted_exploratory,2,selective,primary_selected_active_aux,4.2932215667134476e-17,original_e4,2
equal_2q_budget_128,0.18409185313419432,-0.2849870433458077,two_sided_Student_t_95_df_n_minus_1,estimated,raw_instance,pair_minus_original_only,zero_depth_only,1,max3sat,-0.05044759510580671,auxiliary_inconsistency_rate,unadjusted_exploratory,2,selective,primary_selected_active_aux,0.02610448009453133,original_e4,2
equal_2q_budget_128,7.14807391599246e-15,-8.369319243080132e-15,two_sided_Student_t_95_df_n_minus_1,estimated,raw_instance,pair_minus_original_only,zero_depth_only,1,max3sat,-6.106226635438361e-16,statevector_norm,unadjusted_exploratory,2,selective,primary_selected_active_aux,8.635508522760763e-16,original_e4,2
equal_2q_budget_256,1.1209127094860176,-2.0343669041911028,two_sided_Student_t_95_df_n_minus_1,estimated,raw_instance,independence_minus_cold,all_scheduled,6,max3sat,-0.45672709735254263,original_objective_mean,unadjusted_exploratory,7,selective,primary_selected_active_aux,1.7058410115499896,original_e4,0
equal_2q_budget_256,4.813118257134619,-10.547411953156919,two_sided_Student_t_95_df_n_minus_1,estimated,raw_instance,independence_minus_cold,all_scheduled,6,max3sat,-2.8671468480111497,encoded_energy_mean,unadjusted_exploratory,7,selective,primary_selected_active_aux,8.304374128456942,original_e4,0
equal_2q_budget_256,0.06482487069416946,-0.028853218757603386,two_sided_Student_t_95_df_n_minus_1,estimated,raw_instance,independence_minus_cold,all_scheduled,6,max3sat,0.017985825968283038,optimum_hit_rate,unadjusted_exploratory,7,selective,primary_selected_active_aux,0.050645250638897875,original_e4,0
equal_2q_budget_256,0.1004859533499387,-0.1698865261446436,two_sided_Student_t_95_df_n_minus_1,estimated,raw_instance,independence_minus_cold,all_scheduled,6,max3sat,-0.034700286397352446,auxiliary_inconsistency_rate,unadjusted_exploratory,7,selective,primary_selected_active_aux,0.14617166159129283,original_e4,0
equal_2q_budget_256,1.0982246684417205e-15,-6.858561164380908e-16,two_sided_Student_t_95_df_n_minus_1,estimated,raw_instance,independence_minus_cold,all_scheduled,6,max3sat,2.061842760018148e-16,statevector_norm,unadjusted_exploratory,7,selective,primary_selected_active_aux,9.64528835281127e-16,original_e4,0
equal_2q_budget_256,0.6316214427855918,-1.7950022781274781,two_sided_Student_t_95_df_n_minus_1,estimated,raw_instance,original_only_minus_cold,all_scheduled,6,max3sat,-0.5816904176709431,original_objective_mean,unadjusted_exploratory,7,selective,primary_selected_active_aux,1.3119072695777698,original_e4,0
equal_2q_budget_256,0.7562836340070754,-2.1000059058219818,two_sided_Student_t_95_df_n_minus_1,estimated,raw_instance,original_only_minus_cold,all_scheduled,6,max3sat,-0.6718611359074532,encoded_energy_mean,unadjusted_exploratory,7,selective,primary_selected_active_aux,1.544197800024275,original_e4,0
equal_2q_budget_256,0.047823638279850214,-0.025271615001561082,two_sided_Student_t_95_df_n_minus_1,estimated,raw_instance,original_only_minus_cold,all_scheduled,6,max3sat,0.011276011639144564,optimum_hit_rate,unadjusted_exploratory,7,selective,primary_selected_active_aux,0.03951753760794423,original_e4,0
equal_2q_budget_256,0.0034094255857908475,-0.0022536236449787563,two_sided_Student_t_95_df_n_minus_1,estimated,raw_instance,original_only_minus_cold,all_scheduled,6,max3sat,0.0005779009704060455,auxiliary_inconsistency_rate,unadjusted_exploratory,7,selective,primary_selected_active_aux,0.0030616182434036244,original_e4,0
equal_2q_budget_256,6.148370169235855e-16,-1.390271492270899e-16,two_sided_Student_t_95_df_n_minus_1,estimated,raw_instance,original_only_minus_cold,all_scheduled,6,max3sat,2.379049338482478e-16,statevector_norm,unadjusted_exploratory,7,selective,primary_selected_active_aux,4.075621083416765e-16,original_e4,0
equal_2q_budget_256,0.635490666849808,-1.879166747396285,two_sided_Student_t_95_df_n_minus_1,estimated,raw_instance,pair_minus_cold,all_scheduled,6,max3sat,-0.6218380402732385,original_objective_mean,unadjusted_exploratory,7,selective,primary_selected_active_aux,1.3595009864181857,original_e4,0
equal_2q_budget_256,-0.3690619015209622,-8.490576216401998,two_sided_Student_t_95_df_n_minus_1,estimated,raw_instance,pair_minus_cold,all_scheduled,6,max3sat,-4.429819058961479,encoded_energy_mean,unadjusted_exploratory,7,selective,primary_selected_active_aux,4.3907399313080555,original_e4,0
equal_2q_budget_256,0.05766623244449526,-0.013361459347805294,two_sided_Student_t_95_df_n_minus_1,estimated,raw_instance,pair_minus_cold,all_scheduled,6,max3sat,0.02215238654834498,optimum_hit_rate,unadjusted_exploratory,7,selective,primary_selected_active_aux,0.03839975040241786,original_e4,0
equal_2q_budget_256,-0.006524034240494692,-0.11132803609689843,two_sided_Student_t_95_df_n_minus_1,estimated,raw_instance,pair_minus_cold,all_scheduled,6,max3sat,-0.05892603516869656,auxiliary_inconsistency_rate,unadjusted_exploratory,7,selective,primary_selected_active_aux,0.056660260398560425,original_e4,0
equal_2q_budget_256,8.884594170996785e-16,-4.126495494031829e-16,two_sided_Student_t_95_df_n_minus_1,estimated,raw_instance,pair_minus_cold,all_scheduled,6,max3sat,2.379049338482478e-16,statevector_norm,unadjusted_exploratory,7,selective,primary_selected_active_aux,7.034194452799842e-16,original_e4,0
equal_2q_budget_256,0.4968458712746402,-0.8270677571160321,two_sided_Student_t_95_df_n_minus_1,estimated,raw_instance,pair_minus_independence,all_scheduled,6,max3sat,-0.16511094292069592,original_objective_mean,unadjusted_exploratory,7,selective,primary_selected_active_aux,0.7157483454934978,original_e4,0
equal_2q_budget_256,4.86040898380483,-7.98575340570549,two_sided_Student_t_95_df_n_minus_1,estimated,raw_instance,pair_minus_independence,all_scheduled,6,max3sat,-1.56267221095033,encoded_energy_mean,unadjusted_exploratory,7,selective,primary_selected_active_aux,6.945029705155039,original_e4,0
equal_2q_budget_256,0.03517645582614722,-0.026843334666023334,two_sided_Student_t_95_df_n_minus_1,estimated,raw_instance,pair_minus_independence,all_scheduled,6,max3sat,0.004166560580061945,optimum_hit_rate,unadjusted_exploratory,7,selective,primary_selected_active_aux,0.033529802458929954,original_e4,0
equal_2q_budget_256,0.1143245400717125,-0.16277603761440074,two_sided_Student_t_95_df_n_minus_1,estimated,raw_instance,pair_minus_independence,all_scheduled,6,max3sat,-0.024225748771344115,auxiliary_inconsistency_rate,unadjusted_exploratory,7,selective,primary_selected_active_aux,0.14980907799492924,original_e4,0
equal_2q_budget_256,6.177210918602952e-16,-5.542797761674292e-16,two_sided_Student_t_95_df_n_minus_1,estimated,raw_instance,pair_minus_independence,all_scheduled,6,max3sat,3.172065784643304e-17,statevector_norm,unadjusted_exploratory,7,selective,primary_selected_active_aux,6.336196442267074e-16,original_e4,0
equal_2q_budget_256,0.18450116230727298,-0.2647964075118639,two_sided_Student_t_95_df_n_minus_1,estimated,raw_instance,pair_minus_original_only,all_scheduled,6,max3sat,-0.040147622602295464,original_objective_mean,unadjusted_exploratory,7,selective,primary_selected_active_aux,0.2429040575881138,original_e4,0
equal_2q_budget_256,-0.4225465355674727,-7.093369310540579,two_sided_Student_t_95_df_n_minus_1,estimated,raw_instance,pair_minus_original_only,all_scheduled,6,max3sat,-3.757957923054026,encoded_energy_mean,unadjusted_exploratory,7,selective,primary_selected_active_aux,3.6064515553566032,original_e4,0
equal_2q_budget_256,0.027551650227029323,-0.005798900408628493,two_sided_Student_t_95_df_n_minus_1,estimated,raw_instance,pair_minus_original_only,all_scheduled,6,max3sat,0.010876374909200416,optimum_hit_rate,unadjusted_exploratory,7,selective,primary_selected_active_aux,0.01803033138029247,original_e4,0
equal_2q_budget_256,-0.0057235439117781575,-0.11328432836642705,two_sided_Student_t_95_df_n_minus_1,estimated,raw_instance,pair_minus_original_only,all_scheduled,6,max3sat,-0.059503936139102605,auxiliary_inconsistency_rate,unadjusted_exploratory,7,selective,primary_selected_active_aux,0.05815066169156454,original_e4,0
equal_2q_budget_256,9.686670731862358e-16,-9.686670731862358e-16,two_sided_Student_t_95_df_n_minus_1,estimated,raw_instance,pair_minus_original_only,all_scheduled,6,max3sat,0.0,statevector_norm,unadjusted_exploratory,7,selective,primary_selected_active_aux,1.047382306668854e-15,original_e4,0
equal_2q_budget_256,1.1209127094860176,-2.0343669041911028,two_sided_Student_t_95_df_n_minus_1,estimated,raw_instance,independence_minus_cold,positive_depth_only,6,max3sat,-0.45672709735254263,original_objective_mean,unadjusted_exploratory,7,selective,primary_selected_active_aux,1.7058410115499896,original_e4,0
equal_2q_budget_256,4.813118257134619,-10.547411953156919,two_sided_Student_t_95_df_n_minus_1,estimated,raw_instance,independence_minus_cold,positive_depth_only,6,max3sat,-2.8671468480111497,encoded_energy_mean,unadjusted_exploratory,7,selective,primary_selected_active_aux,8.304374128456942,original_e4,0
equal_2q_budget_256,0.06482487069416946,-0.028853218757603386,two_sided_Student_t_95_df_n_minus_1,estimated,raw_instance,independence_minus_cold,positive_depth_only,6,max3sat,0.017985825968283038,optimum_hit_rate,unadjusted_exploratory,7,selective,primary_selected_active_aux,0.050645250638897875,original_e4,0
equal_2q_budget_256,0.1004859533499387,-0.1698865261446436,two_sided_Student_t_95_df_n_minus_1,estimated,raw_instance,independence_minus_cold,positive_depth_only,6,max3sat,-0.034700286397352446,auxiliary_inconsistency_rate,unadjusted_exploratory,7,selective,primary_selected_active_aux,0.14617166159129283,original_e4,0
equal_2q_budget_256,1.0982246684417205e-15,-6.858561164380908e-16,two_sided_Student_t_95_df_n_minus_1,estimated,raw_instance,independence_minus_cold,positive_depth_only,6,max3sat,2.061842760018148e-16,statevector_norm,unadjusted_exploratory,7,selective,primary_selected_active_aux,9.64528835281127e-16,original_e4,0
equal_2q_budget_256,0.6316214427855918,-1.7950022781274781,two_sided_Student_t_95_df_n_minus_1,estimated,raw_instance,original_only_minus_cold,positive_depth_only,6,max3sat,-0.5816904176709431,original_objective_mean,unadjusted_exploratory,7,selective,primary_selected_active_aux,1.3119072695777698,original_e4,0
equal_2q_budget_256,0.7562836340070754,-2.1000059058219818,two_sided_Student_t_95_df_n_minus_1,estimated,raw_instance,original_only_minus_cold,positive_depth_only,6,max3sat,-0.6718611359074532,encoded_energy_mean,unadjusted_exploratory,7,selective,primary_selected_active_aux,1.544197800024275,original_e4,0
equal_2q_budget_256,0.047823638279850214,-0.025271615001561082,two_sided_Student_t_95_df_n_minus_1,estimated,raw_instance,original_only_minus_cold,positive_depth_only,6,max3sat,0.011276011639144564,optimum_hit_rate,unadjusted_exploratory,7,selective,primary_selected_active_aux,0.03951753760794423,original_e4,0
equal_2q_budget_256,0.0034094255857908475,-0.0022536236449787563,two_sided_Student_t_95_df_n_minus_1,estimated,raw_instance,original_only_minus_cold,positive_depth_only,6,max3sat,0.0005779009704060455,auxiliary_inconsistency_rate,unadjusted_exploratory,7,selective,primary_selected_active_aux,0.0030616182434036244,original_e4,0
equal_2q_budget_256,6.148370169235855e-16,-1.390271492270899e-16,two_sided_Student_t_95_df_n_minus_1,estimated,raw_instance,original_only_minus_cold,positive_depth_only,6,max3sat,2.379049338482478e-16,statevector_norm,unadjusted_exploratory,7,selective,primary_selected_active_aux,4.075621083416765e-16,original_e4,0
equal_2q_budget_256,0.635490666849808,-1.879166747396285,two_sided_Student_t_95_df_n_minus_1,estimated,raw_instance,pair_minus_cold,positive_depth_only,6,max3sat,-0.6218380402732385,original_objective_mean,unadjusted_exploratory,7,selective,primary_selected_active_aux,1.3595009864181857,original_e4,0
equal_2q_budget_256,-0.3690619015209622,-8.490576216401998,two_sided_Student_t_95_df_n_minus_1,estimated,raw_instance,pair_minus_cold,positive_depth_only,6,max3sat,-4.429819058961479,encoded_energy_mean,unadjusted_exploratory,7,selective,primary_selected_active_aux,4.3907399313080555,original_e4,0
equal_2q_budget_256,0.05766623244449526,-0.013361459347805294,two_sided_Student_t_95_df_n_minus_1,estimated,raw_instance,pair_minus_cold,positive_depth_only,6,max3sat,0.02215238654834498,optimum_hit_rate,unadjusted_exploratory,7,selective,primary_selected_active_aux,0.03839975040241786,original_e4,0
equal_2q_budget_256,-0.006524034240494692,-0.11132803609689843,two_sided_Student_t_95_df_n_minus_1,estimated,raw_instance,pair_minus_cold,positive_depth_only,6,max3sat,-0.05892603516869656,auxiliary_inconsistency_rate,unadjusted_exploratory,7,selective,primary_selected_active_aux,0.056660260398560425,original_e4,0
equal_2q_budget_256,8.884594170996785e-16,-4.126495494031829e-16,two_sided_Student_t_95_df_n_minus_1,estimated,raw_instance,pair_minus_cold,positive_depth_only,6,max3sat,2.379049338482478e-16,statevector_norm,unadjusted_exploratory,7,selective,primary_selected_active_aux,7.034194452799842e-16,original_e4,0
equal_2q_budget_256,0.4968458712746402,-0.8270677571160321,two_sided_Student_t_95_df_n_minus_1,estimated,raw_instance,pair_minus_independence,positive_depth_only,6,max3sat,-0.16511094292069592,original_objective_mean,unadjusted_exploratory,7,selective,primary_selected_active_aux,0.7157483454934978,original_e4,0
equal_2q_budget_256,4.86040898380483,-7.98575340570549,two_sided_Student_t_95_df_n_minus_1,estimated,raw_instance,pair_minus_independence,positive_depth_only,6,max3sat,-1.56267221095033,encoded_energy_mean,unadjusted_exploratory,7,selective,primary_selected_active_aux,6.945029705155039,original_e4,0
equal_2q_budget_256,0.03517645582614722,-0.026843334666023334,two_sided_Student_t_95_df_n_minus_1,estimated,raw_instance,pair_minus_independence,positive_depth_only,6,max3sat,0.004166560580061945,optimum_hit_rate,unadjusted_exploratory,7,selective,primary_selected_active_aux,0.033529802458929954,original_e4,0
equal_2q_budget_256,0.1143245400717125,-0.16277603761440074,two_sided_Student_t_95_df_n_minus_1,estimated,raw_instance,pair_minus_independence,positive_depth_only,6,max3sat,-0.024225748771344115,auxiliary_inconsistency_rate,unadjusted_exploratory,7,selective,primary_selected_active_aux,0.14980907799492924,original_e4,0
equal_2q_budget_256,6.177210918602952e-16,-5.542797761674292e-16,two_sided_Student_t_95_df_n_minus_1,estimated,raw_instance,pair_minus_independence,positive_depth_only,6,max3sat,3.172065784643304e-17,statevector_norm,unadjusted_exploratory,7,selective,primary_selected_active_aux,6.336196442267074e-16,original_e4,0
equal_2q_budget_256,0.18450116230727298,-0.2647964075118639,two_sided_Student_t_95_df_n_minus_1,estimated,raw_instance,pair_minus_original_only,positive_depth_only,6,max3sat,-0.040147622602295464,original_objective_mean,unadjusted_exploratory,7,selective,primary_selected_active_aux,0.2429040575881138,original_e4,0
equal_2q_budget_256,-0.4225465355674727,-7.093369310540579,two_sided_Student_t_95_df_n_minus_1,estimated,raw_instance,pair_minus_original_only,positive_depth_only,6,max3sat,-3.757957923054026,encoded_energy_mean,unadjusted_exploratory,7,selective,primary_selected_active_aux,3.6064515553566032,original_e4,0
equal_2q_budget_256,0.027551650227029323,-0.005798900408628493,two_sided_Student_t_95_df_n_minus_1,estimated,raw_instance,pair_minus_original_only,positive_depth_only,6,max3sat,0.010876374909200416,optimum_hit_rate,unadjusted_exploratory,7,selective,primary_selected_active_aux,0.01803033138029247,original_e4,0
equal_2q_budget_256,-0.0057235439117781575,-0.11328432836642705,two_sided_Student_t_95_df_n_minus_1,estimated,raw_instance,pair_minus_original_only,positive_depth_only,6,max3sat,-0.059503936139102605,auxiliary_inconsistency_rate,unadjusted_exploratory,7,selective,primary_selected_active_aux,0.05815066169156454,original_e4,0
equal_2q_budget_256,9.686670731862358e-16,-9.686670731862358e-16,two_sided_Student_t_95_df_n_minus_1,estimated,raw_instance,pair_minus_original_only,positive_depth_only,6,max3sat,0.0,statevector_norm,unadjusted_exploratory,7,selective,primary_selected_active_aux,1.047382306668854e-15,original_e4,0
equal_layer_p1,0.7678764564101995,-1.8723949965701596,two_sided_Student_t_95_df_n_minus_1,estimated,raw_instance,independence_minus_cold,all_scheduled,6,max3sat,-0.5522592700799801,original_objective_mean,unadjusted_exploratory,7,selective,primary_selected_active_aux,1.4274117915241789,original_e4,0
equal_layer_p1,4.1417955798215775,-8.282008978106324,two_sided_Student_t_95_df_n_minus_1,estimated,raw_instance,independence_minus_cold,all_scheduled,6,max3sat,-2.070106699142373,encoded_energy_mean,unadjusted_exploratory,7,selective,primary_selected_active_aux,6.716690096982254,original_e4,0
equal_layer_p1,0.0563775287949106,-0.03378818673741362,two_sided_Student_t_95_df_n_minus_1,estimated,raw_instance,independence_minus_cold,all_scheduled,6,max3sat,0.01129467102874849,optimum_hit_rate,unadjusted_exploratory,7,selective,primary_selected_active_aux,0.048746353484514914,original_e4,0
equal_layer_p1,0.036375402932851034,-0.07325482644095206,two_sided_Student_t_95_df_n_minus_1,estimated,raw_instance,independence_minus_cold,all_scheduled,6,max3sat,-0.018439711754050514,auxiliary_inconsistency_rate,unadjusted_exploratory,7,selective,primary_selected_active_aux,0.05926946713718494,original_e4,0
equal_layer_p1,4.6953804746201545e-16,-6.281413366941807e-16,two_sided_Student_t_95_df_n_minus_1,estimated,raw_instance,independence_minus_cold,all_scheduled,6,max3sat,-7.930164461608261e-17,statevector_norm,unadjusted_exploratory,7,selective,primary_selected_active_aux,5.934391687221749e-16,original_e4,0
equal_layer_p1,0.6402406256204738,-1.7634602648967033,two_sided_Student_t_95_df_n_minus_1,estimated,raw_instance,original_only_minus_cold,all_scheduled,6,max3sat,-0.5616098196381147,original_objective_mean,unadjusted_exploratory,7,selective,primary_selected_active_aux,1.299514483841564,original_e4,0
equal_layer_p1,0.647776169108976,-2.3347917171477857,two_sided_Student_t_95_df_n_minus_1,estimated,raw_instance,original_only_minus_cold,all_scheduled,6,max3sat,-0.8435077740194049,encoded_energy_mean,unadjusted_exploratory,7,selective,primary_selected_active_aux,1.612467750260495,original_e4,0
equal_layer_p1,0.04766942632383328,-0.020977417089994375,two_sided_Student_t_95_df_n_minus_1,estimated,raw_instance,original_only_minus_cold,all_scheduled,6,max3sat,0.013346004616919451,optimum_hit_rate,unadjusted_exploratory,7,selective,primary_selected_active_aux,0.03711259068805318,original_e4,0
equal_layer_p1,0.0070655899367269145,-0.01700890443545252,two_sided_Student_t_95_df_n_minus_1,estimated,raw_instance,original_only_minus_cold,all_scheduled,6,max3sat,-0.004971657249362803,auxiliary_inconsistency_rate,unadjusted_exploratory,7,selective,primary_selected_active_aux,0.013015410632509323,original_e4,0
equal_layer_p1,5.732027403872888e-16,-1.9255484623009234e-16,two_sided_Student_t_95_df_n_minus_1,estimated,raw_instance,original_only_minus_cold,all_scheduled,6,max3sat,1.9032394707859825e-16,statevector_norm,unadjusted_exploratory,7,selective,primary_selected_active_aux,4.1399205651862146e-16,original_e4,0
equal_layer_p1,0.2654636854623167,-2.008888883311854,two_sided_Student_t_95_df_n_minus_1,estimated,raw_instance,pair_minus_cold,all_scheduled,6,max3sat,-0.8717125989247687,original_objective_mean,unadjusted_exploratory,7,selective,primary_selected_active_aux,1.229584810715941,original_e4,0
equal_layer_p1,-0.38218642776315015,-9.84480452832942,two_sided_Student_t_95_df_n_minus_1,estimated,raw_instance,pair_minus_cold,all_scheduled,6,max3sat,-5.113495478046285,encoded_energy_mean,unadjusted_exploratory,7,selective,primary_selected_active_aux,5.115781803492801,original_e4,0
equal_layer_p1,0.05206407903224239,-0.016611658423466,two_sided_Student_t_95_df_n_minus_1,estimated,raw_instance,pair_minus_cold,all_scheduled,6,max3sat,0.017726210304388194,optimum_hit_rate,unadjusted_exploratory,7,selective,primary_selected_active_aux,0.03712821169400648,original_e4,0
equal_layer_p1,0.007352036429743983,-0.13556640925364516,two_sided_Student_t_95_df_n_minus_1,estimated,raw_instance,pair_minus_cold,all_scheduled,6,max3sat,-0.0641071864119506,auxiliary_inconsistency_rate,unadjusted_exploratory,7,selective,primary_selected_active_aux,0.07726609866742938,original_e4,0
equal_layer_p1,1.9139409612590924e-16,-5.086006745902397e-16,two_sided_Student_t_95_df_n_minus_1,estimated,raw_instance,pair_minus_cold,all_scheduled,6,max3sat,-1.5860328923216522e-16,statevector_norm,unadjusted_exploratory,7,selective,primary_selected_active_aux,3.784386596300967e-16,original_e4,0
equal_layer_p1,0.17173112560746973,-0.8106377832970468,two_sided_Student_t_95_df_n_minus_1,estimated,raw_instance,pair_minus_independence,all_scheduled,6,max3sat,-0.31945332884478855,original_objective_mean,unadjusted_exploratory,7,selective,primary_selected_active_aux,0.5310987863063034,original_e4,0
equal_layer_p1,2.601607903148443,-8.688385460956269,two_sided_Student_t_95_df_n_minus_1,estimated,raw_instance,pair_minus_independence,all_scheduled,6,max3sat,-3.0433887789039127,encoded_energy_mean,unadjusted_exploratory,7,selective,primary_selected_active_aux,6.10371696287574,original_e4,0
equal_layer_p1,0.03043969535483135,-0.01757661680355194,two_sided_Student_t_95_df_n_minus_1,estimated,raw_instance,pair_minus_independence,all_scheduled,6,max3sat,0.006431539275639705,optimum_hit_rate,unadjusted_exploratory,7,selective,primary_selected_active_aux,0.02595909223008668,original_e4,0
equal_layer_p1,0.03565246310524311,-0.12698741242104328,two_sided_Student_t_95_df_n_minus_1,estimated,raw_instance,pair_minus_independence,all_scheduled,6,max3sat,-0.04566747465790009,auxiliary_inconsistency_rate,unadjusted_exploratory,7,selective,primary_selected_active_aux,0.08792810899659145,original_e4,0
equal_layer_p1,3.215141951244024e-16,-4.801174843565676e-16,two_sided_Student_t_95_df_n_minus_1,estimated,raw_instance,pair_minus_independence,all_scheduled,6,max3sat,-7.930164461608261e-17,statevector_norm,unadjusted_exploratory,7,selective,primary_selected_active_aux,4.333866922883326e-16,original_e4,0
equal_layer_p1,0.05114994854042243,-0.6713555071137303,two_sided_Student_t_95_df_n_minus_1,estimated,raw_instance,pair_minus_original_only,all_scheduled,6,max3sat,-0.3101027792866539,original_objective_mean,unadjusted_exploratory,7,selective,primary_selected_active_aux,0.3906086268808206,original_e4,0
equal_layer_p1,-0.04511671827816599,-8.494858689775594,two_sided_Student_t_95_df_n_minus_1,estimated,raw_instance,pair_minus_original_only,all_scheduled,6,max3sat,-4.26998770402688,encoded_energy_mean,unadjusted_exploratory,7,selective,primary_selected_active_aux,4.5681898775360175,original_e4,0
equal_layer_p1,0.014655785067722082,-0.005895373692784595,two_sided_Student_t_95_df_n_minus_1,estimated,raw_instance,pair_minus_original_only,all_scheduled,6,max3sat,0.004380205687468744,optimum_hit_rate,unadjusted_exploratory,7,selective,primary_selected_active_aux,0.011110587250837077,original_e4,0
equal_layer_p1,0.010542435098602865,-0.12881349342377846,two_sided_Student_t_95_df_n_minus_1,estimated,raw_instance,pair_minus_original_only,all_scheduled,6,max3sat,-0.0591355291625878,auxiliary_inconsistency_rate,unadjusted_exploratory,7,selective,primary_selected_active_aux,0.07534009253749542,original_e4,0
equal_layer_p1,3.2026718832672597e-16,-1.018121660948253e-15,two_sided_Student_t_95_df_n_minus_1,estimated,raw_instance,pair_minus_original_only,all_scheduled,6,max3sat,-3.489272363107635e-16,statevector_norm,unadjusted_exploratory,7,selective,primary_selected_active_aux,7.235740942254521e-16,original_e4,0
equal_layer_p1,0.7678764564101995,-1.8723949965701596,two_sided_Student_t_95_df_n_minus_1,estimated,raw_instance,independence_minus_cold,positive_depth_only,6,max3sat,-0.5522592700799801,original_objective_mean,unadjusted_exploratory,7,selective,primary_selected_active_aux,1.4274117915241789,original_e4,0
equal_layer_p1,4.1417955798215775,-8.282008978106324,two_sided_Student_t_95_df_n_minus_1,estimated,raw_instance,independence_minus_cold,positive_depth_only,6,max3sat,-2.070106699142373,encoded_energy_mean,unadjusted_exploratory,7,selective,primary_selected_active_aux,6.716690096982254,original_e4,0
equal_layer_p1,0.0563775287949106,-0.03378818673741362,two_sided_Student_t_95_df_n_minus_1,estimated,raw_instance,independence_minus_cold,positive_depth_only,6,max3sat,0.01129467102874849,optimum_hit_rate,unadjusted_exploratory,7,selective,primary_selected_active_aux,0.048746353484514914,original_e4,0
equal_layer_p1,0.036375402932851034,-0.07325482644095206,two_sided_Student_t_95_df_n_minus_1,estimated,raw_instance,independence_minus_cold,positive_depth_only,6,max3sat,-0.018439711754050514,auxiliary_inconsistency_rate,unadjusted_exploratory,7,selective,primary_selected_active_aux,0.05926946713718494,original_e4,0
equal_layer_p1,4.6953804746201545e-16,-6.281413366941807e-16,two_sided_Student_t_95_df_n_minus_1,estimated,raw_instance,independence_minus_cold,positive_depth_only,6,max3sat,-7.930164461608261e-17,statevector_norm,unadjusted_exploratory,7,selective,primary_selected_active_aux,5.934391687221749e-16,original_e4,0
equal_layer_p1,0.6402406256204738,-1.7634602648967033,two_sided_Student_t_95_df_n_minus_1,estimated,raw_instance,original_only_minus_cold,positive_depth_only,6,max3sat,-0.5616098196381147,original_objective_mean,unadjusted_exploratory,7,selective,primary_selected_active_aux,1.299514483841564,original_e4,0
equal_layer_p1,0.647776169108976,-2.3347917171477857,two_sided_Student_t_95_df_n_minus_1,estimated,raw_instance,original_only_minus_cold,positive_depth_only,6,max3sat,-0.8435077740194049,encoded_energy_mean,unadjusted_exploratory,7,selective,primary_selected_active_aux,1.612467750260495,original_e4,0
equal_layer_p1,0.04766942632383328,-0.020977417089994375,two_sided_Student_t_95_df_n_minus_1,estimated,raw_instance,original_only_minus_cold,positive_depth_only,6,max3sat,0.013346004616919451,optimum_hit_rate,unadjusted_exploratory,7,selective,primary_selected_active_aux,0.03711259068805318,original_e4,0
equal_layer_p1,0.0070655899367269145,-0.01700890443545252,two_sided_Student_t_95_df_n_minus_1,estimated,raw_instance,original_only_minus_cold,positive_depth_only,6,max3sat,-0.004971657249362803,auxiliary_inconsistency_rate,unadjusted_exploratory,7,selective,primary_selected_active_aux,0.013015410632509323,original_e4,0
equal_layer_p1,5.732027403872888e-16,-1.9255484623009234e-16,two_sided_Student_t_95_df_n_minus_1,estimated,raw_instance,original_only_minus_cold,positive_depth_only,6,max3sat,1.9032394707859825e-16,statevector_norm,unadjusted_exploratory,7,selective,primary_selected_active_aux,4.1399205651862146e-16,original_e4,0
equal_layer_p1,0.2654636854623167,-2.008888883311854,two_sided_Student_t_95_df_n_minus_1,estimated,raw_instance,pair_minus_cold,positive_depth_only,6,max3sat,-0.8717125989247687,original_objective_mean,unadjusted_exploratory,7,selective,primary_selected_active_aux,1.229584810715941,original_e4,0
equal_layer_p1,-0.38218642776315015,-9.84480452832942,two_sided_Student_t_95_df_n_minus_1,estimated,raw_instance,pair_minus_cold,positive_depth_only,6,max3sat,-5.113495478046285,encoded_energy_mean,unadjusted_exploratory,7,selective,primary_selected_active_aux,5.115781803492801,original_e4,0
equal_layer_p1,0.05206407903224239,-0.016611658423466,two_sided_Student_t_95_df_n_minus_1,estimated,raw_instance,pair_minus_cold,positive_depth_only,6,max3sat,0.017726210304388194,optimum_hit_rate,unadjusted_exploratory,7,selective,primary_selected_active_aux,0.03712821169400648,original_e4,0
equal_layer_p1,0.007352036429743983,-0.13556640925364516,two_sided_Student_t_95_df_n_minus_1,estimated,raw_instance,pair_minus_cold,positive_depth_only,6,max3sat,-0.0641071864119506,auxiliary_inconsistency_rate,unadjusted_exploratory,7,selective,primary_selected_active_aux,0.07726609866742938,original_e4,0
equal_layer_p1,1.9139409612590924e-16,-5.086006745902397e-16,two_sided_Student_t_95_df_n_minus_1,estimated,raw_instance,pair_minus_cold,positive_depth_only,6,max3sat,-1.5860328923216522e-16,statevector_norm,unadjusted_exploratory,7,selective,primary_selected_active_aux,3.784386596300967e-16,original_e4,0
equal_layer_p1,0.17173112560746973,-0.8106377832970468,two_sided_Student_t_95_df_n_minus_1,estimated,raw_instance,pair_minus_independence,positive_depth_only,6,max3sat,-0.31945332884478855,original_objective_mean,unadjusted_exploratory,7,selective,primary_selected_active_aux,0.5310987863063034,original_e4,0
equal_layer_p1,2.601607903148443,-8.688385460956269,two_sided_Student_t_95_df_n_minus_1,estimated,raw_instance,pair_minus_independence,positive_depth_only,6,max3sat,-3.0433887789039127,encoded_energy_mean,unadjusted_exploratory,7,selective,primary_selected_active_aux,6.10371696287574,original_e4,0
equal_layer_p1,0.03043969535483135,-0.01757661680355194,two_sided_Student_t_95_df_n_minus_1,estimated,raw_instance,pair_minus_independence,positive_depth_only,6,max3sat,0.006431539275639705,optimum_hit_rate,unadjusted_exploratory,7,selective,primary_selected_active_aux,0.02595909223008668,original_e4,0
equal_layer_p1,0.03565246310524311,-0.12698741242104328,two_sided_Student_t_95_df_n_minus_1,estimated,raw_instance,pair_minus_independence,positive_depth_only,6,max3sat,-0.04566747465790009,auxiliary_inconsistency_rate,unadjusted_exploratory,7,selective,primary_selected_active_aux,0.08792810899659145,original_e4,0
equal_layer_p1,3.215141951244024e-16,-4.801174843565676e-16,two_sided_Student_t_95_df_n_minus_1,estimated,raw_instance,pair_minus_independence,positive_depth_only,6,max3sat,-7.930164461608261e-17,statevector_norm,unadjusted_exploratory,7,selective,primary_selected_active_aux,4.333866922883326e-16,original_e4,0
equal_layer_p1,0.05114994854042243,-0.6713555071137303,two_sided_Student_t_95_df_n_minus_1,estimated,raw_instance,pair_minus_original_only,positive_depth_only,6,max3sat,-0.3101027792866539,original_objective_mean,unadjusted_exploratory,7,selective,primary_selected_active_aux,0.3906086268808206,original_e4,0
equal_layer_p1,-0.04511671827816599,-8.494858689775594,two_sided_Student_t_95_df_n_minus_1,estimated,raw_instance,pair_minus_original_only,positive_depth_only,6,max3sat,-4.26998770402688,encoded_energy_mean,unadjusted_exploratory,7,selective,primary_selected_active_aux,4.5681898775360175,original_e4,0
equal_layer_p1,0.014655785067722082,-0.005895373692784595,two_sided_Student_t_95_df_n_minus_1,estimated,raw_instance,pair_minus_original_only,positive_depth_only,6,max3sat,0.004380205687468744,optimum_hit_rate,unadjusted_exploratory,7,selective,primary_selected_active_aux,0.011110587250837077,original_e4,0
equal_layer_p1,0.010542435098602865,-0.12881349342377846,two_sided_Student_t_95_df_n_minus_1,estimated,raw_instance,pair_minus_original_only,positive_depth_only,6,max3sat,-0.0591355291625878,auxiliary_inconsistency_rate,unadjusted_exploratory,7,selective,primary_selected_active_aux,0.07534009253749542,original_e4,0
equal_layer_p1,3.2026718832672597e-16,-1.018121660948253e-15,two_sided_Student_t_95_df_n_minus_1,estimated,raw_instance,pair_minus_original_only,positive_depth_only,6,max3sat,-3.489272363107635e-16,statevector_norm,unadjusted_exploratory,7,selective,primary_selected_active_aux,7.235740942254521e-16,original_e4,0
equal_layer_p2,0.38710010233803427,-2.035926985976977,two_sided_Student_t_95_df_n_minus_1,estimated,raw_instance,independence_minus_cold,all_scheduled,6,max3sat,-0.8244134418194713,original_objective_mean,unadjusted_exploratory,7,selective,primary_selected_active_aux,1.309962819595381,original_e4,0
equal_layer_p2,1.652741001398502,-8.152752151387586,two_sided_Student_t_95_df_n_minus_1,estimated,raw_instance,independence_minus_cold,all_scheduled,6,max3sat,-3.250005574994542,encoded_energy_mean,unadjusted_exploratory,7,selective,primary_selected_active_aux,5.301150581390836,original_e4,0
equal_layer_p2,0.06020647913179139,-0.014025487811326665,two_sided_Student_t_95_df_n_minus_1,estimated,raw_instance,independence_minus_cold,all_scheduled,6,max3sat,0.02309049566023236,optimum_hit_rate,unadjusted_exploratory,7,selective,primary_selected_active_aux,0.04013207990528086,original_e4,0
equal_layer_p2,-0.005980405923801193,-0.06078226356305873,two_sided_Student_t_95_df_n_minus_1,estimated,raw_instance,independence_minus_cold,all_scheduled,6,max3sat,-0.03338133474342996,auxiliary_inconsistency_rate,unadjusted_exploratory,7,selective,primary_selected_active_aux,0.029627566401706468,original_e4,0
equal_layer_p2,1.2562473012716059e-15,-1.1293646698858737e-15,two_sided_Student_t_95_df_n_minus_1,estimated,raw_instance,independence_minus_cold,all_scheduled,6,max3sat,6.344131569286608e-17,statevector_norm,unadjusted_exploratory,7,selective,primary_selected_active_aux,1.2897350587900921e-15,original_e4,0
equal_layer_p2,0.6164203573789339,-1.7410794708767345,two_sided_Student_t_95_df_n_minus_1,estimated,raw_instance,original_only_minus_cold,all_scheduled,6,max3sat,-0.5623295567489003,original_objective_mean,unadjusted_exploratory,7,selective,primary_selected_active_aux,1.2745367714254494,original_e4,0
equal_layer_p2,0.8945929512868953,-1.872688707338844,two_sided_Student_t_95_df_n_minus_1,estimated,raw_instance,original_only_minus_cold,all_scheduled,6,max3sat,-0.4890478780259743,encoded_energy_mean,unadjusted_exploratory,7,selective,primary_selected_active_aux,1.496077407318145,original_e4,0
equal_layer_p2,0.04837835706922526,-0.02287093271398752,two_sided_Student_t_95_df_n_minus_1,estimated,raw_instance,original_only_minus_cold,all_scheduled,6,max3sat,0.01275371217761887,optimum_hit_rate,unadjusted_exploratory,7,selective,primary_selected_active_aux,0.038519553078331784,original_e4,0
equal_layer_p2,0.0017803284542066344,-0.0007834908117153953,two_sided_Student_t_95_df_n_minus_1,estimated,raw_instance,original_only_minus_cold,all_scheduled,6,max3sat,0.0004984188212456196,auxiliary_inconsistency_rate,unadjusted_exploratory,7,selective,primary_selected_active_aux,0.0013860793924741924,original_e4,0
equal_layer_p2,6.271601812563687e-16,-2.1479162925273907e-16,two_sided_Student_t_95_df_n_minus_1,estimated,raw_instance,original_only_minus_cold,all_scheduled,6,max3sat,2.061842760018148e-16,statevector_norm,unadjusted_exploratory,7,selective,primary_selected_active_aux,4.55184992762474e-16,original_e4,0
equal_layer_p2,0.40775402904312263,-2.1540428189402787,two_sided_Student_t_95_df_n_minus_1,estimated,raw_instance,pair_minus_cold,all_scheduled,6,max3sat,-0.8731443949485781,original_objective_mean,unadjusted_exploratory,7,selective,primary_selected_active_aux,1.3849860112577537,original_e4,0
equal_layer_p2,-0.4566060367692035,-10.862211616417891,two_sided_Student_t_95_df_n_minus_1,estimated,raw_instance,pair_minus_cold,all_scheduled,6,max3sat,-5.659408826593547,encoded_energy_mean,unadjusted_exploratory,7,selective,primary_selected_active_aux,5.6255897800107055,original_e4,0
equal_layer_p2,0.06576777111113655,-0.01151797770717294,two_sided_Student_t_95_df_n_minus_1,estimated,raw_instance,pair_minus_cold,all_scheduled,6,max3sat,0.027124896701981805,optimum_hit_rate,unadjusted_exploratory,7,selective,primary_selected_active_aux,0.04178304812389739,original_e4,0
equal_layer_p2,-0.018952542286305538,-0.16622041907084484,two_sided_Student_t_95_df_n_minus_1,estimated,raw_instance,pair_minus_cold,all_scheduled,6,max3sat,-0.09258648067857518,auxiliary_inconsistency_rate,unadjusted_exploratory,7,selective,primary_selected_active_aux,0.0796175346279991,original_e4,0
equal_layer_p2,3.3510052710689505e-16,-8.109103948033907e-16,two_sided_Student_t_95_df_n_minus_1,estimated,raw_instance,pair_minus_cold,all_scheduled,6,max3sat,-2.379049338482478e-16,statevector_norm,unadjusted_exploratory,7,selective,primary_selected_active_aux,6.195686815852589e-16,original_e4,0
equal_layer_p2,0.311706702831453,-0.40916860908966673,two_sided_Student_t_95_df_n_minus_1,estimated,raw_instance,pair_minus_independence,all_scheduled,6,max3sat,-0.04873095312910688,original_objective_mean,unadjusted_exploratory,7,selective,primary_selected_active_aux,0.38972732114091885,original_e4,0
equal_layer_p2,0.7878192875999082,-5.60662579079792,two_sided_Student_t_95_df_n_minus_1,estimated,raw_instance,pair_minus_independence,all_scheduled,6,max3sat,-2.409403251599006,encoded_energy_mean,unadjusted_exploratory,7,selective,primary_selected_active_aux,3.457033289079277,original_e4,0
equal_layer_p2,0.015034802557640881,-0.006966000474141993,two_sided_Student_t_95_df_n_minus_1,estimated,raw_instance,pair_minus_independence,all_scheduled,6,max3sat,0.004034401041749444,optimum_hit_rate,unadjusted_exploratory,7,selective,primary_selected_active_aux,0.011894309441219941,original_e4,0
equal_layer_p2,0.018027070639238016,-0.13643736250952843,two_sided_Student_t_95_df_n_minus_1,estimated,raw_instance,pair_minus_independence,all_scheduled,6,max3sat,-0.05920514593514521,auxiliary_inconsistency_rate,unadjusted_exploratory,7,selective,primary_selected_active_aux,0.08350821389928033,original_e4,0
equal_layer_p2,4.0684838306678393e-16,-1.0095408821490118e-15,two_sided_Student_t_95_df_n_minus_1,estimated,raw_instance,pair_minus_independence,all_scheduled,6,max3sat,-3.0134624954111393e-16,statevector_norm,unadjusted_exploratory,7,selective,primary_selected_active_aux,7.657435133327307e-16,original_e4,0
equal_layer_p2,-0.06538892055275985,-0.5562407558465958,two_sided_Student_t_95_df_n_minus_1,estimated,raw_instance,pair_minus_original_only,all_scheduled,6,max3sat,-0.31081483819967787,original_objective_mean,unadjusted_exploratory,7,selective,primary_selected_active_aux,0.2653695690262488,original_e4,0
equal_layer_p2,-0.9137059713798941,-9.427015925755251,two_sided_Student_t_95_df_n_minus_1,estimated,raw_instance,pair_minus_original_only,all_scheduled,6,max3sat,-5.170360948567573,encoded_energy_mean,unadjusted_exploratory,7,selective,primary_selected_active_aux,4.602556680320988,original_e4,0
equal_layer_p2,0.037463098157953845,-0.008720729109227977,two_sided_Student_t_95_df_n_minus_1,estimated,raw_instance,pair_minus_original_only,all_scheduled,6,max3sat,0.014371184524362934,optimum_hit_rate,unadjusted_exploratory,7,selective,primary_selected_active_aux,0.02496839464914732,original_e4,0
equal_layer_p2,-0.019082381840414886,-0.1670874171592267,two_sided_Student_t_95_df_n_minus_1,estimated,raw_instance,pair_minus_original_only,all_scheduled,6,max3sat,-0.0930848994998208,auxiliary_inconsistency_rate,unadjusted_exploratory,7,selective,primary_selected_active_aux,0.08001606515896233,original_e4,0
equal_layer_p2,1.8328681503280769e-16,-1.0714652347329328e-15,two_sided_Student_t_95_df_n_minus_1,estimated,raw_instance,pair_minus_original_only,all_scheduled,6,max3sat,-4.440892098500626e-16,statevector_norm,unadjusted_exploratory,7,selective,primary_selected_active_aux,6.783574731503469e-16,original_e4,0
equal_layer_p2,0.38710010233803427,-2.035926985976977,two_sided_Student_t_95_df_n_minus_1,estimated,raw_instance,independence_minus_cold,positive_depth_only,6,max3sat,-0.8244134418194713,original_objective_mean,unadjusted_exploratory,7,selective,primary_selected_active_aux,1.309962819595381,original_e4,0
equal_layer_p2,1.652741001398502,-8.152752151387586,two_sided_Student_t_95_df_n_minus_1,estimated,raw_instance,independence_minus_cold,positive_depth_only,6,max3sat,-3.250005574994542,encoded_energy_mean,unadjusted_exploratory,7,selective,primary_selected_active_aux,5.301150581390836,original_e4,0
equal_layer_p2,0.06020647913179139,-0.014025487811326665,two_sided_Student_t_95_df_n_minus_1,estimated,raw_instance,independence_minus_cold,positive_depth_only,6,max3sat,0.02309049566023236,optimum_hit_rate,unadjusted_exploratory,7,selective,primary_selected_active_aux,0.04013207990528086,original_e4,0
equal_layer_p2,-0.005980405923801193,-0.06078226356305873,two_sided_Student_t_95_df_n_minus_1,estimated,raw_instance,independence_minus_cold,positive_depth_only,6,max3sat,-0.03338133474342996,auxiliary_inconsistency_rate,unadjusted_exploratory,7,selective,primary_selected_active_aux,0.029627566401706468,original_e4,0
equal_layer_p2,1.2562473012716059e-15,-1.1293646698858737e-15,two_sided_Student_t_95_df_n_minus_1,estimated,raw_instance,independence_minus_cold,positive_depth_only,6,max3sat,6.344131569286608e-17,statevector_norm,unadjusted_exploratory,7,selective,primary_selected_active_aux,1.2897350587900921e-15,original_e4,0
equal_layer_p2,0.6164203573789339,-1.7410794708767345,two_sided_Student_t_95_df_n_minus_1,estimated,raw_instance,original_only_minus_cold,positive_depth_only,6,max3sat,-0.5623295567489003,original_objective_mean,unadjusted_exploratory,7,selective,primary_selected_active_aux,1.2745367714254494,original_e4,0
equal_layer_p2,0.8945929512868953,-1.872688707338844,two_sided_Student_t_95_df_n_minus_1,estimated,raw_instance,original_only_minus_cold,positive_depth_only,6,max3sat,-0.4890478780259743,encoded_energy_mean,unadjusted_exploratory,7,selective,primary_selected_active_aux,1.496077407318145,original_e4,0
equal_layer_p2,0.04837835706922526,-0.02287093271398752,two_sided_Student_t_95_df_n_minus_1,estimated,raw_instance,original_only_minus_cold,positive_depth_only,6,max3sat,0.01275371217761887,optimum_hit_rate,unadjusted_exploratory,7,selective,primary_selected_active_aux,0.038519553078331784,original_e4,0
equal_layer_p2,0.0017803284542066344,-0.0007834908117153953,two_sided_Student_t_95_df_n_minus_1,estimated,raw_instance,original_only_minus_cold,positive_depth_only,6,max3sat,0.0004984188212456196,auxiliary_inconsistency_rate,unadjusted_exploratory,7,selective,primary_selected_active_aux,0.0013860793924741924,original_e4,0
equal_layer_p2,6.271601812563687e-16,-2.1479162925273907e-16,two_sided_Student_t_95_df_n_minus_1,estimated,raw_instance,original_only_minus_cold,positive_depth_only,6,max3sat,2.061842760018148e-16,statevector_norm,unadjusted_exploratory,7,selective,primary_selected_active_aux,4.55184992762474e-16,original_e4,0
equal_layer_p2,0.40775402904312263,-2.1540428189402787,two_sided_Student_t_95_df_n_minus_1,estimated,raw_instance,pair_minus_cold,positive_depth_only,6,max3sat,-0.8731443949485781,original_objective_mean,unadjusted_exploratory,7,selective,primary_selected_active_aux,1.3849860112577537,original_e4,0
equal_layer_p2,-0.4566060367692035,-10.862211616417891,two_sided_Student_t_95_df_n_minus_1,estimated,raw_instance,pair_minus_cold,positive_depth_only,6,max3sat,-5.659408826593547,encoded_energy_mean,unadjusted_exploratory,7,selective,primary_selected_active_aux,5.6255897800107055,original_e4,0
equal_layer_p2,0.06576777111113655,-0.01151797770717294,two_sided_Student_t_95_df_n_minus_1,estimated,raw_instance,pair_minus_cold,positive_depth_only,6,max3sat,0.027124896701981805,optimum_hit_rate,unadjusted_exploratory,7,selective,primary_selected_active_aux,0.04178304812389739,original_e4,0
equal_layer_p2,-0.018952542286305538,-0.16622041907084484,two_sided_Student_t_95_df_n_minus_1,estimated,raw_instance,pair_minus_cold,positive_depth_only,6,max3sat,-0.09258648067857518,auxiliary_inconsistency_rate,unadjusted_exploratory,7,selective,primary_selected_active_aux,0.0796175346279991,original_e4,0
equal_layer_p2,3.3510052710689505e-16,-8.109103948033907e-16,two_sided_Student_t_95_df_n_minus_1,estimated,raw_instance,pair_minus_cold,positive_depth_only,6,max3sat,-2.379049338482478e-16,statevector_norm,unadjusted_exploratory,7,selective,primary_selected_active_aux,6.195686815852589e-16,original_e4,0
equal_layer_p2,0.311706702831453,-0.40916860908966673,two_sided_Student_t_95_df_n_minus_1,estimated,raw_instance,pair_minus_independence,positive_depth_only,6,max3sat,-0.04873095312910688,original_objective_mean,unadjusted_exploratory,7,selective,primary_selected_active_aux,0.38972732114091885,original_e4,0
equal_layer_p2,0.7878192875999082,-5.60662579079792,two_sided_Student_t_95_df_n_minus_1,estimated,raw_instance,pair_minus_independence,positive_depth_only,6,max3sat,-2.409403251599006,encoded_energy_mean,unadjusted_exploratory,7,selective,primary_selected_active_aux,3.457033289079277,original_e4,0
equal_layer_p2,0.015034802557640881,-0.006966000474141993,two_sided_Student_t_95_df_n_minus_1,estimated,raw_instance,pair_minus_independence,positive_depth_only,6,max3sat,0.004034401041749444,optimum_hit_rate,unadjusted_exploratory,7,selective,primary_selected_active_aux,0.011894309441219941,original_e4,0
equal_layer_p2,0.018027070639238016,-0.13643736250952843,two_sided_Student_t_95_df_n_minus_1,estimated,raw_instance,pair_minus_independence,positive_depth_only,6,max3sat,-0.05920514593514521,auxiliary_inconsistency_rate,unadjusted_exploratory,7,selective,primary_selected_active_aux,0.08350821389928033,original_e4,0
equal_layer_p2,4.0684838306678393e-16,-1.0095408821490118e-15,two_sided_Student_t_95_df_n_minus_1,estimated,raw_instance,pair_minus_independence,positive_depth_only,6,max3sat,-3.0134624954111393e-16,statevector_norm,unadjusted_exploratory,7,selective,primary_selected_active_aux,7.657435133327307e-16,original_e4,0
equal_layer_p2,-0.06538892055275985,-0.5562407558465958,two_sided_Student_t_95_df_n_minus_1,estimated,raw_instance,pair_minus_original_only,positive_depth_only,6,max3sat,-0.31081483819967787,original_objective_mean,unadjusted_exploratory,7,selective,primary_selected_active_aux,0.2653695690262488,original_e4,0
equal_layer_p2,-0.9137059713798941,-9.427015925755251,two_sided_Student_t_95_df_n_minus_1,estimated,raw_instance,pair_minus_original_only,positive_depth_only,6,max3sat,-5.170360948567573,encoded_energy_mean,unadjusted_exploratory,7,selective,primary_selected_active_aux,4.602556680320988,original_e4,0
equal_layer_p2,0.037463098157953845,-0.008720729109227977,two_sided_Student_t_95_df_n_minus_1,estimated,raw_instance,pair_minus_original_only,positive_depth_only,6,max3sat,0.014371184524362934,optimum_hit_rate,unadjusted_exploratory,7,selective,primary_selected_active_aux,0.02496839464914732,original_e4,0
equal_layer_p2,-0.019082381840414886,-0.1670874171592267,two_sided_Student_t_95_df_n_minus_1,estimated,raw_instance,pair_minus_original_only,positive_depth_only,6,max3sat,-0.0930848994998208,auxiliary_inconsistency_rate,unadjusted_exploratory,7,selective,primary_selected_active_aux,0.08001606515896233,original_e4,0
equal_layer_p2,1.8328681503280769e-16,-1.0714652347329328e-15,two_sided_Student_t_95_df_n_minus_1,estimated,raw_instance,pair_minus_original_only,positive_depth_only,6,max3sat,-4.440892098500626e-16,statevector_norm,unadjusted_exploratory,7,selective,primary_selected_active_aux,6.783574731503469e-16,original_e4,0
equal_layer_p1,0.3689077537496073,-0.1785787958580735,two_sided_Student_t_95_df_n_minus_1,estimated,raw_instance,independence_minus_cold,all_scheduled,9,cubic_spin_glass,0.09516447894576689,original_objective_mean,unadjusted_exploratory,10,selective,primary_selected_active_aux,0.38266671156602505,targeted,0
equal_layer_p1,1.2724544689642565,-10.234492025503986,two_sided_Student_t_95_df_n_minus_1,estimated,raw_instance,independence_minus_cold,all_scheduled,9,cubic_spin_glass,-4.481018778269865,encoded_energy_mean,unadjusted_exploratory,10,selective,primary_selected_active_aux,8.042801011933,targeted,0
equal_layer_p1,0.022455205969976993,-0.014600020181446835,two_sided_Student_t_95_df_n_minus_1,estimated,raw_instance,independence_minus_cold,all_scheduled,9,cubic_spin_glass,0.00392759289426508,optimum_hit_rate,unadjusted_exploratory,10,selective,primary_selected_active_aux,0.025899817169685216,targeted,0
equal_layer_p1,0.014215020019283084,-0.06417831266978796,two_sided_Student_t_95_df_n_minus_1,estimated,raw_instance,independence_minus_cold,all_scheduled,9,cubic_spin_glass,-0.02498164632525244,auxiliary_inconsistency_rate,unadjusted_exploratory,10,selective,primary_selected_active_aux,0.054793161312044286,targeted,0
equal_layer_p1,3.854603218479894e-16,-3.854603218479894e-16,two_sided_Student_t_95_df_n_minus_1,estimated,raw_instance,independence_minus_cold,all_scheduled,9,cubic_spin_glass,0.0,statevector_norm,unadjusted_exploratory,10,selective,primary_selected_active_aux,5.388363747253687e-16,targeted,0
equal_layer_p1,0.3319404083016364,-0.12024681896205175,two_sided_Student_t_95_df_n_minus_1,estimated,raw_instance,original_only_minus_cold,all_scheduled,9,cubic_spin_glass,0.10584679466979233,original_objective_mean,unadjusted_exploratory,10,selective,primary_selected_active_aux,0.3160570782846622,targeted,0
equal_layer_p1,-1.2435594552436107,-8.587309182402018,two_sided_Student_t_95_df_n_minus_1,estimated,raw_instance,original_only_minus_cold,all_scheduled,9,cubic_spin_glass,-4.915434318822815,encoded_energy_mean,unadjusted_exploratory,10,selective,primary_selected_active_aux,5.132927120619397,targeted,0
equal_layer_p1,0.02315168308018021,-0.011598242038574224,two_sided_Student_t_95_df_n_minus_1,estimated,raw_instance,original_only_minus_cold,all_scheduled,9,cubic_spin_glass,0.005776720520802992,optimum_hit_rate,unadjusted_exploratory,10,selective,primary_selected_active_aux,0.024288522853918918,targeted,0
equal_layer_p1,0.0135753373091674,-0.011160551572314745,two_sided_Student_t_95_df_n_minus_1,estimated,raw_instance,original_only_minus_cold,all_scheduled,9,cubic_spin_glass,0.0012073928684263268,auxiliary_inconsistency_rate,unadjusted_exploratory,10,selective,primary_selected_active_aux,0.017289194159604938,targeted,0
equal_layer_p1,1.0982399885726243e-15,2.562321014700665e-16,two_sided_Student_t_95_df_n_minus_1,estimated,raw_instance,original_only_minus_cold,all_scheduled,9,cubic_spin_glass,6.7723604502134545e-16,statevector_norm,unadjusted_exploratory,10,selective,primary_selected_active_aux,5.885229317525363e-16,targeted,0
equal_layer_p1,0.2600512041534221,-0.28060392923030664,two_sided_Student_t_95_df_n_minus_1,estimated,raw_instance,pair_minus_cold,all_scheduled,9,cubic_spin_glass,-0.010276362538442297,original_objective_mean,unadjusted_exploratory,10,selective,primary_selected_active_aux,0.37789188087176995,targeted,0
equal_layer_p1,1.0440784968521135,-7.785548858061169,two_sided_Student_t_95_df_n_minus_1,estimated,raw_instance,pair_minus_cold,all_scheduled,9,cubic_spin_glass,-3.370735180604528,encoded_energy_mean,unadjusted_exploratory,10,selective,primary_selected_active_aux,6.171483969203037,targeted,0
equal_layer_p1,0.022819622681230226,-0.014125878263619728,two_sided_Student_t_95_df_n_minus_1,estimated,raw_instance,pair_minus_cold,all_scheduled,9,cubic_spin_glass,0.004346872208805249,optimum_hit_rate,unadjusted_exploratory,10,selective,primary_selected_active_aux,0.025823124538595713,targeted,0
equal_layer_p1,0.0009655489788068586,-0.04168845575426835,two_sided_Student_t_95_df_n_minus_1,estimated,raw_instance,pair_minus_cold,all_scheduled,9,cubic_spin_glass,-0.020361453387730745,auxiliary_inconsistency_rate,unadjusted_exploratory,10,selective,primary_selected_active_aux,0.02981309356005879,targeted,0
equal_layer_p1,4.1135391478069603e-16,-7.44420822168243e-16,two_sided_Student_t_95_df_n_minus_1,estimated,raw_instance,pair_minus_cold,all_scheduled,9,cubic_spin_glass,-1.6653345369377348e-16,statevector_norm,unadjusted_exploratory,10,selective,primary_selected_active_aux,8.078308375178635e-16,targeted,0
equal_layer_p1,0.10928488347839263,-0.32016656644681096,two_sided_Student_t_95_df_n_minus_1,estimated,raw_instance,pair_minus_independence,all_scheduled,9,cubic_spin_glass,-0.10544084148420918,original_objective_mean,unadjusted_exploratory,10,selective,primary_selected_active_aux,0.3001658656964266,targeted,0
equal_layer_p1,7.275277806506067,-5.054710611175394,two_sided_Student_t_95_df_n_minus_1,estimated,raw_instance,pair_minus_independence,all_scheduled,9,cubic_spin_glass,1.1102835976653367,encoded_energy_mean,unadjusted_exploratory,10,selective,primary_selected_active_aux,8.618067649008681,targeted,0
equal_layer_p1,0.008894215501356245,-0.008055656872275906,two_sided_Student_t_95_df_n_minus_1,estimated,raw_instance,pair_minus_independence,all_scheduled,9,cubic_spin_glass,0.0004192793145401705,optimum_hit_rate,unadjusted_exploratory,10,selective,primary_selected_active_aux,0.011847143874729876,targeted,0
equal_layer_p1,0.04326775197700726,-0.03402736610196387,two_sided_Student_t_95_df_n_minus_1,estimated,raw_instance,pair_minus_independence,all_scheduled,9,cubic_spin_glass,0.004620192937521694,auxiliary_inconsistency_rate,unadjusted_exploratory,10,selective,primary_selected_active_aux,0.05402556222903148,targeted,0
equal_layer_p1,3.3331864089190814e-16,-6.663855482794551e-16,two_sided_Student_t_95_df_n_minus_1,estimated,raw_instance,pair_minus_independence,all_scheduled,9,cubic_spin_glass,-1.6653345369377348e-16,statevector_norm,unadjusted_exploratory,10,selective,primary_selected_active_aux,6.987450465826349e-16,targeted,0
equal_layer_p1,0.11195757871334441,-0.3442038931298136,two_sided_Student_t_95_df_n_minus_1,estimated,raw_instance,pair_minus_original_only,all_scheduled,9,cubic_spin_glass,-0.1161231572082346,original_objective_mean,unadjusted_exploratory,10,selective,primary_selected_active_aux,0.31883488370339735,targeted,0
equal_layer_p1,6.725131500500777,-3.6357332240642046,two_sided_Student_t_95_df_n_minus_1,estimated,raw_instance,pair_minus_original_only,all_scheduled,9,cubic_spin_glass,1.5446991382182862,encoded_energy_mean,unadjusted_exploratory,10,selective,primary_selected_active_aux,7.241745091218746,targeted,0
equal_layer_p1,0.004496950021004526,-0.00735664664500001,two_sided_Student_t_95_df_n_minus_1,estimated,raw_instance,pair_minus_original_only,all_scheduled,9,cubic_spin_glass,-0.0014298483119977415,optimum_hit_rate,unadjusted_exploratory,10,selective,primary_selected_active_aux,0.008285092774718126,targeted,0
equal_layer_p1,0.0010988594830862765,-0.044236551995400414,two_sided_Student_t_95_df_n_minus_1,estimated,raw_instance,pair_minus_original_only,all_scheduled,9,cubic_spin_glass,-0.02156884625615707,auxiliary_inconsistency_rate,unadjusted_exploratory,10,selective,primary_selected_active_aux,0.0316872676422766,targeted,0
equal_layer_p1,-3.2743397741847847e-16,-1.3601050200117594e-15,two_sided_Student_t_95_df_n_minus_1,estimated,raw_instance,pair_minus_original_only,all_scheduled,9,cubic_spin_glass,-8.437694987151189e-16,statevector_norm,unadjusted_exploratory,10,selective,primary_selected_active_aux,7.21787288257219e-16,targeted,0
equal_layer_p1,0.3689077537496073,-0.1785787958580735,two_sided_Student_t_95_df_n_minus_1,estimated,raw_instance,independence_minus_cold,positive_depth_only,9,cubic_spin_glass,0.09516447894576689,original_objective_mean,unadjusted_exploratory,10,selective,primary_selected_active_aux,0.38266671156602505,targeted,0
equal_layer_p1,1.2724544689642565,-10.234492025503986,two_sided_Student_t_95_df_n_minus_1,estimated,raw_instance,independence_minus_cold,positive_depth_only,9,cubic_spin_glass,-4.481018778269865,encoded_energy_mean,unadjusted_exploratory,10,selective,primary_selected_active_aux,8.042801011933,targeted,0
equal_layer_p1,0.022455205969976993,-0.014600020181446835,two_sided_Student_t_95_df_n_minus_1,estimated,raw_instance,independence_minus_cold,positive_depth_only,9,cubic_spin_glass,0.00392759289426508,optimum_hit_rate,unadjusted_exploratory,10,selective,primary_selected_active_aux,0.025899817169685216,targeted,0
equal_layer_p1,0.014215020019283084,-0.06417831266978796,two_sided_Student_t_95_df_n_minus_1,estimated,raw_instance,independence_minus_cold,positive_depth_only,9,cubic_spin_glass,-0.02498164632525244,auxiliary_inconsistency_rate,unadjusted_exploratory,10,selective,primary_selected_active_aux,0.054793161312044286,targeted,0
equal_layer_p1,3.854603218479894e-16,-3.854603218479894e-16,two_sided_Student_t_95_df_n_minus_1,estimated,raw_instance,independence_minus_cold,positive_depth_only,9,cubic_spin_glass,0.0,statevector_norm,unadjusted_exploratory,10,selective,primary_selected_active_aux,5.388363747253687e-16,targeted,0
equal_layer_p1,0.3319404083016364,-0.12024681896205175,two_sided_Student_t_95_df_n_minus_1,estimated,raw_instance,original_only_minus_cold,positive_depth_only,9,cubic_spin_glass,0.10584679466979233,original_objective_mean,unadjusted_exploratory,10,selective,primary_selected_active_aux,0.3160570782846622,targeted,0
equal_layer_p1,-1.2435594552436107,-8.587309182402018,two_sided_Student_t_95_df_n_minus_1,estimated,raw_instance,original_only_minus_cold,positive_depth_only,9,cubic_spin_glass,-4.915434318822815,encoded_energy_mean,unadjusted_exploratory,10,selective,primary_selected_active_aux,5.132927120619397,targeted,0
equal_layer_p1,0.02315168308018021,-0.011598242038574224,two_sided_Student_t_95_df_n_minus_1,estimated,raw_instance,original_only_minus_cold,positive_depth_only,9,cubic_spin_glass,0.005776720520802992,optimum_hit_rate,unadjusted_exploratory,10,selective,primary_selected_active_aux,0.024288522853918918,targeted,0
equal_layer_p1,0.0135753373091674,-0.011160551572314745,two_sided_Student_t_95_df_n_minus_1,estimated,raw_instance,original_only_minus_cold,positive_depth_only,9,cubic_spin_glass,0.0012073928684263268,auxiliary_inconsistency_rate,unadjusted_exploratory,10,selective,primary_selected_active_aux,0.017289194159604938,targeted,0
equal_layer_p1,1.0982399885726243e-15,2.562321014700665e-16,two_sided_Student_t_95_df_n_minus_1,estimated,raw_instance,original_only_minus_cold,positive_depth_only,9,cubic_spin_glass,6.7723604502134545e-16,statevector_norm,unadjusted_exploratory,10,selective,primary_selected_active_aux,5.885229317525363e-16,targeted,0
equal_layer_p1,0.2600512041534221,-0.28060392923030664,two_sided_Student_t_95_df_n_minus_1,estimated,raw_instance,pair_minus_cold,positive_depth_only,9,cubic_spin_glass,-0.010276362538442297,original_objective_mean,unadjusted_exploratory,10,selective,primary_selected_active_aux,0.37789188087176995,targeted,0
equal_layer_p1,1.0440784968521135,-7.785548858061169,two_sided_Student_t_95_df_n_minus_1,estimated,raw_instance,pair_minus_cold,positive_depth_only,9,cubic_spin_glass,-3.370735180604528,encoded_energy_mean,unadjusted_exploratory,10,selective,primary_selected_active_aux,6.171483969203037,targeted,0
equal_layer_p1,0.022819622681230226,-0.014125878263619728,two_sided_Student_t_95_df_n_minus_1,estimated,raw_instance,pair_minus_cold,positive_depth_only,9,cubic_spin_glass,0.004346872208805249,optimum_hit_rate,unadjusted_exploratory,10,selective,primary_selected_active_aux,0.025823124538595713,targeted,0
equal_layer_p1,0.0009655489788068586,-0.04168845575426835,two_sided_Student_t_95_df_n_minus_1,estimated,raw_instance,pair_minus_cold,positive_depth_only,9,cubic_spin_glass,-0.020361453387730745,auxiliary_inconsistency_rate,unadjusted_exploratory,10,selective,primary_selected_active_aux,0.02981309356005879,targeted,0
equal_layer_p1,4.1135391478069603e-16,-7.44420822168243e-16,two_sided_Student_t_95_df_n_minus_1,estimated,raw_instance,pair_minus_cold,positive_depth_only,9,cubic_spin_glass,-1.6653345369377348e-16,statevector_norm,unadjusted_exploratory,10,selective,primary_selected_active_aux,8.078308375178635e-16,targeted,0
equal_layer_p1,0.10928488347839263,-0.32016656644681096,two_sided_Student_t_95_df_n_minus_1,estimated,raw_instance,pair_minus_independence,positive_depth_only,9,cubic_spin_glass,-0.10544084148420918,original_objective_mean,unadjusted_exploratory,10,selective,primary_selected_active_aux,0.3001658656964266,targeted,0
equal_layer_p1,7.275277806506067,-5.054710611175394,two_sided_Student_t_95_df_n_minus_1,estimated,raw_instance,pair_minus_independence,positive_depth_only,9,cubic_spin_glass,1.1102835976653367,encoded_energy_mean,unadjusted_exploratory,10,selective,primary_selected_active_aux,8.618067649008681,targeted,0
equal_layer_p1,0.008894215501356245,-0.008055656872275906,two_sided_Student_t_95_df_n_minus_1,estimated,raw_instance,pair_minus_independence,positive_depth_only,9,cubic_spin_glass,0.0004192793145401705,optimum_hit_rate,unadjusted_exploratory,10,selective,primary_selected_active_aux,0.011847143874729876,targeted,0
equal_layer_p1,0.04326775197700726,-0.03402736610196387,two_sided_Student_t_95_df_n_minus_1,estimated,raw_instance,pair_minus_independence,positive_depth_only,9,cubic_spin_glass,0.004620192937521694,auxiliary_inconsistency_rate,unadjusted_exploratory,10,selective,primary_selected_active_aux,0.05402556222903148,targeted,0
equal_layer_p1,3.3331864089190814e-16,-6.663855482794551e-16,two_sided_Student_t_95_df_n_minus_1,estimated,raw_instance,pair_minus_independence,positive_depth_only,9,cubic_spin_glass,-1.6653345369377348e-16,statevector_norm,unadjusted_exploratory,10,selective,primary_selected_active_aux,6.987450465826349e-16,targeted,0
equal_layer_p1,0.11195757871334441,-0.3442038931298136,two_sided_Student_t_95_df_n_minus_1,estimated,raw_instance,pair_minus_original_only,positive_depth_only,9,cubic_spin_glass,-0.1161231572082346,original_objective_mean,unadjusted_exploratory,10,selective,primary_selected_active_aux,0.31883488370339735,targeted,0
equal_layer_p1,6.725131500500777,-3.6357332240642046,two_sided_Student_t_95_df_n_minus_1,estimated,raw_instance,pair_minus_original_only,positive_depth_only,9,cubic_spin_glass,1.5446991382182862,encoded_energy_mean,unadjusted_exploratory,10,selective,primary_selected_active_aux,7.241745091218746,targeted,0
equal_layer_p1,0.004496950021004526,-0.00735664664500001,two_sided_Student_t_95_df_n_minus_1,estimated,raw_instance,pair_minus_original_only,positive_depth_only,9,cubic_spin_glass,-0.0014298483119977415,optimum_hit_rate,unadjusted_exploratory,10,selective,primary_selected_active_aux,0.008285092774718126,targeted,0
equal_layer_p1,0.0010988594830862765,-0.044236551995400414,two_sided_Student_t_95_df_n_minus_1,estimated,raw_instance,pair_minus_original_only,positive_depth_only,9,cubic_spin_glass,-0.02156884625615707,auxiliary_inconsistency_rate,unadjusted_exploratory,10,selective,primary_selected_active_aux,0.0316872676422766,targeted,0
equal_layer_p1,-3.2743397741847847e-16,-1.3601050200117594e-15,two_sided_Student_t_95_df_n_minus_1,estimated,raw_instance,pair_minus_original_only,positive_depth_only,9,cubic_spin_glass,-8.437694987151189e-16,statevector_norm,unadjusted_exploratory,10,selective,primary_selected_active_aux,7.21787288257219e-16,targeted,0
equal_layer_p2,0.5579213511695621,-0.2698602528744186,two_sided_Student_t_95_df_n_minus_1,estimated,raw_instance,independence_minus_cold,all_scheduled,9,cubic_spin_glass,0.1440305491475717,original_objective_mean,unadjusted_exploratory,10,selective,primary_selected_active_aux,0.5785794455431779,targeted,0
equal_layer_p2,5.702019967111052,-5.06487812322558,two_sided_Student_t_95_df_n_minus_1,estimated,raw_instance,independence_minus_cold,all_scheduled,9,cubic_spin_glass,0.31857092194273606,encoded_energy_mean,unadjusted_exploratory,10,selective,primary_selected_active_aux,7.525542844747599,targeted,0
equal_layer_p2,0.013941885485108009,-0.0018259162142721472,two_sided_Student_t_95_df_n_minus_1,estimated,raw_instance,independence_minus_cold,all_scheduled,9,cubic_spin_glass,0.006057984635417931,optimum_hit_rate,unadjusted_exploratory,10,selective,primary_selected_active_aux,0.011020933444393673,targeted,0
equal_layer_p2,0.023290235461627177,-0.010119231165577527,two_sided_Student_t_95_df_n_minus_1,estimated,raw_instance,independence_minus_cold,all_scheduled,9,cubic_spin_glass,0.006585502148024824,auxiliary_inconsistency_rate,unadjusted_exploratory,10,selective,primary_selected_active_aux,0.0233516069729358,targeted,0
equal_layer_p2,1.110602367907139e-15,-5.110819346095542e-16,two_sided_Student_t_95_df_n_minus_1,estimated,raw_instance,independence_minus_cold,all_scheduled,9,cubic_spin_glass,2.997602166487923e-16,statevector_norm,unadjusted_exploratory,10,selective,primary_selected_active_aux,1.1334791689165542e-15,targeted,0
equal_layer_p2,0.4531388437802737,-0.09995256640390218,two_sided_Student_t_95_df_n_minus_1,estimated,raw_instance,original_only_minus_cold,all_scheduled,9,cubic_spin_glass,0.17659313868818574,original_objective_mean,unadjusted_exploratory,10,selective,primary_selected_active_aux,0.386584238977667,targeted,0
equal_layer_p2,2.2076692809753204,-5.765381736452038,two_sided_Student_t_95_df_n_minus_1,estimated,raw_instance,original_only_minus_cold,all_scheduled,9,cubic_spin_glass,-1.7788562277383584,encoded_energy_mean,unadjusted_exploratory,10,selective,primary_selected_active_aux,5.572778392772179,targeted,0
equal_layer_p2,0.00953863750569946,-0.00908559520601723,two_sided_Student_t_95_df_n_minus_1,estimated,raw_instance,original_only_minus_cold,all_scheduled,9,cubic_spin_glass,0.0002265211498411153,optimum_hit_rate,unadjusted_exploratory,10,selective,primary_selected_active_aux,0.013017441053739148,targeted,0
equal_layer_p2,0.009953974785046001,-0.016571585734332504,two_sided_Student_t_95_df_n_minus_1,estimated,raw_instance,original_only_minus_cold,all_scheduled,9,cubic_spin_glass,-0.0033088054746432507,auxiliary_inconsistency_rate,unadjusted_exploratory,10,selective,primary_selected_active_aux,0.018540088379650217,targeted,0
equal_layer_p2,1.3015653080856937e-15,-3.591106001301515e-17,two_sided_Student_t_95_df_n_minus_1,estimated,raw_instance,original_only_minus_cold,all_scheduled,9,cubic_spin_glass,6.328271240363392e-16,statevector_norm,unadjusted_exploratory,10,selective,primary_selected_active_aux,9.348315204169958e-16,targeted,0
equal_layer_p2,0.3302122696359324,-0.026279323557719475,two_sided_Student_t_95_df_n_minus_1,estimated,raw_instance,pair_minus_cold,all_scheduled,9,cubic_spin_glass,0.15196647303910646,original_objective_mean,unadjusted_exploratory,10,selective,primary_selected_active_aux,0.24917044220739715,targeted,0
equal_layer_p2,5.421707549979229,-5.328951211274998,two_sided_Student_t_95_df_n_minus_1,estimated,raw_instance,pair_minus_cold,all_scheduled,9,cubic_spin_glass,0.04637816935211507,encoded_energy_mean,unadjusted_exploratory,10,selective,primary_selected_active_aux,7.51419233638816,targeted,0
equal_layer_p2,0.010874934919878489,-0.004325963729077676,two_sided_Student_t_95_df_n_minus_1,estimated,raw_instance,pair_minus_cold,all_scheduled,9,cubic_spin_glass,0.0032744855954004067,optimum_hit_rate,unadjusted_exploratory,10,selective,primary_selected_active_aux,0.010624695534552878,targeted,0
equal_layer_p2,0.014030746237825284,-0.01090152983990643,two_sided_Student_t_95_df_n_minus_1,estimated,raw_instance,pair_minus_cold,all_scheduled,9,cubic_spin_glass,0.0015646081989594274,auxiliary_inconsistency_rate,unadjusted_exploratory,10,selective,primary_selected_active_aux,0.017426459344724726,targeted,0
equal_layer_p2,9.735356936239462e-16,-8.625133911614305e-16,two_sided_Student_t_95_df_n_minus_1,estimated,raw_instance,pair_minus_cold,all_scheduled,9,cubic_spin_glass,5.551115123125783e-17,statevector_norm,unadjusted_exploratory,10,selective,primary_selected_active_aux,1.2833098202176783e-15,targeted,0
equal_layer_p2,0.30440902819511073,-0.28853718041204124,two_sided_Student_t_95_df_n_minus_1,estimated,raw_instance,pair_minus_independence,all_scheduled,9,cubic_spin_glass,0.007935923891534729,original_objective_mean,unadjusted_exploratory,10,selective,primary_selected_active_aux,0.41444082223724804,targeted,0
equal_layer_p2,3.7246600369291,-4.269045542110342,two_sided_Student_t_95_df_n_minus_1,estimated,raw_instance,pair_minus_independence,all_scheduled,9,cubic_spin_glass,-0.27219275259062103,encoded_energy_mean,unadjusted_exploratory,10,selective,primary_selected_active_aux,5.587214935873735,targeted,0
equal_layer_p2,0.003100367484376755,-0.008667365564411802,two_sided_Student_t_95_df_n_minus_1,estimated,raw_instance,pair_minus_independence,all_scheduled,9,cubic_spin_glass,-0.0027834990400175236,optimum_hit_rate,unadjusted_exploratory,10,selective,primary_selected_active_aux,0.008225078244558898,targeted,0
equal_layer_p2,0.009602091279168345,-0.019643879177299137,two_sided_Student_t_95_df_n_minus_1,estimated,raw_instance,pair_minus_independence,all_scheduled,9,cubic_spin_glass,-0.005020893949065397,auxiliary_inconsistency_rate,unadjusted_exploratory,10,selective,primary_selected_active_aux,0.020441523813056472,targeted,0
equal_layer_p2,2.000015871919298e-16,-6.884997180269987e-16,two_sided_Student_t_95_df_n_minus_1,estimated,raw_instance,pair_minus_independence,all_scheduled,9,cubic_spin_glass,-2.4424906541753446e-16,statevector_norm,unadjusted_exploratory,10,selective,primary_selected_active_aux,6.210195902235158e-16,targeted,0
equal_layer_p2,0.17872805293063881,-0.22798138422879738,two_sided_Student_t_95_df_n_minus_1,estimated,raw_instance,pair_minus_original_only,all_scheduled,9,cubic_spin_glass,-0.024626665649079275,original_objective_mean,unadjusted_exploratory,10,selective,primary_selected_active_aux,0.28427029484504235,targeted,0
equal_layer_p2,5.018276584461604,-1.3678077902806576,two_sided_Student_t_95_df_n_minus_1,estimated,raw_instance,pair_minus_original_only,all_scheduled,9,cubic_spin_glass,1.8252343970904732,encoded_energy_mean,unadjusted_exploratory,10,selective,primary_selected_active_aux,4.463565194828875,targeted,0
equal_layer_p2,0.01673678040933862,-0.010640851518220034,two_sided_Student_t_95_df_n_minus_1,estimated,raw_instance,pair_minus_original_only,all_scheduled,9,cubic_spin_glass,0.0030479644455592915,optimum_hit_rate,unadjusted_exploratory,10,selective,primary_selected_active_aux,0.019135645227615482,targeted,0
equal_layer_p2,0.01934886244836605,-0.009602035101160693,two_sided_Student_t_95_df_n_minus_1,estimated,raw_instance,pair_minus_original_only,all_scheduled,9,cubic_spin_glass,0.004873413673602678,auxiliary_inconsistency_rate,unadjusted_exploratory,10,selective,primary_selected_active_aux,0.020235282072410692,targeted,0
equal_layer_p2,-2.860469611510701e-17,-1.1260272494950558e-15,two_sided_Student_t_95_df_n_minus_1,estimated,raw_instance,pair_minus_original_only,all_scheduled,9,cubic_spin_glass,-5.773159728050814e-16,statevector_norm,unadjusted_exploratory,10,selective,primary_selected_active_aux,7.670454735394362e-16,targeted,0
equal_layer_p2,0.5579213511695621,-0.2698602528744186,two_sided_Student_t_95_df_n_minus_1,estimated,raw_instance,independence_minus_cold,positive_depth_only,9,cubic_spin_glass,0.1440305491475717,original_objective_mean,unadjusted_exploratory,10,selective,primary_selected_active_aux,0.5785794455431779,targeted,0
equal_layer_p2,5.702019967111052,-5.06487812322558,two_sided_Student_t_95_df_n_minus_1,estimated,raw_instance,independence_minus_cold,positive_depth_only,9,cubic_spin_glass,0.31857092194273606,encoded_energy_mean,unadjusted_exploratory,10,selective,primary_selected_active_aux,7.525542844747599,targeted,0
equal_layer_p2,0.013941885485108009,-0.0018259162142721472,two_sided_Student_t_95_df_n_minus_1,estimated,raw_instance,independence_minus_cold,positive_depth_only,9,cubic_spin_glass,0.006057984635417931,optimum_hit_rate,unadjusted_exploratory,10,selective,primary_selected_active_aux,0.011020933444393673,targeted,0
equal_layer_p2,0.023290235461627177,-0.010119231165577527,two_sided_Student_t_95_df_n_minus_1,estimated,raw_instance,independence_minus_cold,positive_depth_only,9,cubic_spin_glass,0.006585502148024824,auxiliary_inconsistency_rate,unadjusted_exploratory,10,selective,primary_selected_active_aux,0.0233516069729358,targeted,0
equal_layer_p2,1.110602367907139e-15,-5.110819346095542e-16,two_sided_Student_t_95_df_n_minus_1,estimated,raw_instance,independence_minus_cold,positive_depth_only,9,cubic_spin_glass,2.997602166487923e-16,statevector_norm,unadjusted_exploratory,10,selective,primary_selected_active_aux,1.1334791689165542e-15,targeted,0
equal_layer_p2,0.4531388437802737,-0.09995256640390218,two_sided_Student_t_95_df_n_minus_1,estimated,raw_instance,original_only_minus_cold,positive_depth_only,9,cubic_spin_glass,0.17659313868818574,original_objective_mean,unadjusted_exploratory,10,selective,primary_selected_active_aux,0.386584238977667,targeted,0
equal_layer_p2,2.2076692809753204,-5.765381736452038,two_sided_Student_t_95_df_n_minus_1,estimated,raw_instance,original_only_minus_cold,positive_depth_only,9,cubic_spin_glass,-1.7788562277383584,encoded_energy_mean,unadjusted_exploratory,10,selective,primary_selected_active_aux,5.572778392772179,targeted,0
equal_layer_p2,0.00953863750569946,-0.00908559520601723,two_sided_Student_t_95_df_n_minus_1,estimated,raw_instance,original_only_minus_cold,positive_depth_only,9,cubic_spin_glass,0.0002265211498411153,optimum_hit_rate,unadjusted_exploratory,10,selective,primary_selected_active_aux,0.013017441053739148,targeted,0
equal_layer_p2,0.009953974785046001,-0.016571585734332504,two_sided_Student_t_95_df_n_minus_1,estimated,raw_instance,original_only_minus_cold,positive_depth_only,9,cubic_spin_glass,-0.0033088054746432507,auxiliary_inconsistency_rate,unadjusted_exploratory,10,selective,primary_selected_active_aux,0.018540088379650217,targeted,0
equal_layer_p2,1.3015653080856937e-15,-3.591106001301515e-17,two_sided_Student_t_95_df_n_minus_1,estimated,raw_instance,original_only_minus_cold,positive_depth_only,9,cubic_spin_glass,6.328271240363392e-16,statevector_norm,unadjusted_exploratory,10,selective,primary_selected_active_aux,9.348315204169958e-16,targeted,0
equal_layer_p2,0.3302122696359324,-0.026279323557719475,two_sided_Student_t_95_df_n_minus_1,estimated,raw_instance,pair_minus_cold,positive_depth_only,9,cubic_spin_glass,0.15196647303910646,original_objective_mean,unadjusted_exploratory,10,selective,primary_selected_active_aux,0.24917044220739715,targeted,0
equal_layer_p2,5.421707549979229,-5.328951211274998,two_sided_Student_t_95_df_n_minus_1,estimated,raw_instance,pair_minus_cold,positive_depth_only,9,cubic_spin_glass,0.04637816935211507,encoded_energy_mean,unadjusted_exploratory,10,selective,primary_selected_active_aux,7.51419233638816,targeted,0
equal_layer_p2,0.010874934919878489,-0.004325963729077676,two_sided_Student_t_95_df_n_minus_1,estimated,raw_instance,pair_minus_cold,positive_depth_only,9,cubic_spin_glass,0.0032744855954004067,optimum_hit_rate,unadjusted_exploratory,10,selective,primary_selected_active_aux,0.010624695534552878,targeted,0
equal_layer_p2,0.014030746237825284,-0.01090152983990643,two_sided_Student_t_95_df_n_minus_1,estimated,raw_instance,pair_minus_cold,positive_depth_only,9,cubic_spin_glass,0.0015646081989594274,auxiliary_inconsistency_rate,unadjusted_exploratory,10,selective,primary_selected_active_aux,0.017426459344724726,targeted,0
equal_layer_p2,9.735356936239462e-16,-8.625133911614305e-16,two_sided_Student_t_95_df_n_minus_1,estimated,raw_instance,pair_minus_cold,positive_depth_only,9,cubic_spin_glass,5.551115123125783e-17,statevector_norm,unadjusted_exploratory,10,selective,primary_selected_active_aux,1.2833098202176783e-15,targeted,0
equal_layer_p2,0.30440902819511073,-0.28853718041204124,two_sided_Student_t_95_df_n_minus_1,estimated,raw_instance,pair_minus_independence,positive_depth_only,9,cubic_spin_glass,0.007935923891534729,original_objective_mean,unadjusted_exploratory,10,selective,primary_selected_active_aux,0.41444082223724804,targeted,0
equal_layer_p2,3.7246600369291,-4.269045542110342,two_sided_Student_t_95_df_n_minus_1,estimated,raw_instance,pair_minus_independence,positive_depth_only,9,cubic_spin_glass,-0.27219275259062103,encoded_energy_mean,unadjusted_exploratory,10,selective,primary_selected_active_aux,5.587214935873735,targeted,0
equal_layer_p2,0.003100367484376755,-0.008667365564411802,two_sided_Student_t_95_df_n_minus_1,estimated,raw_instance,pair_minus_independence,positive_depth_only,9,cubic_spin_glass,-0.0027834990400175236,optimum_hit_rate,unadjusted_exploratory,10,selective,primary_selected_active_aux,0.008225078244558898,targeted,0
equal_layer_p2,0.009602091279168345,-0.019643879177299137,two_sided_Student_t_95_df_n_minus_1,estimated,raw_instance,pair_minus_independence,positive_depth_only,9,cubic_spin_glass,-0.005020893949065397,auxiliary_inconsistency_rate,unadjusted_exploratory,10,selective,primary_selected_active_aux,0.020441523813056472,targeted,0
equal_layer_p2,2.000015871919298e-16,-6.884997180269987e-16,two_sided_Student_t_95_df_n_minus_1,estimated,raw_instance,pair_minus_independence,positive_depth_only,9,cubic_spin_glass,-2.4424906541753446e-16,statevector_norm,unadjusted_exploratory,10,selective,primary_selected_active_aux,6.210195902235158e-16,targeted,0
equal_layer_p2,0.17872805293063881,-0.22798138422879738,two_sided_Student_t_95_df_n_minus_1,estimated,raw_instance,pair_minus_original_only,positive_depth_only,9,cubic_spin_glass,-0.024626665649079275,original_objective_mean,unadjusted_exploratory,10,selective,primary_selected_active_aux,0.28427029484504235,targeted,0
equal_layer_p2,5.018276584461604,-1.3678077902806576,two_sided_Student_t_95_df_n_minus_1,estimated,raw_instance,pair_minus_original_only,positive_depth_only,9,cubic_spin_glass,1.8252343970904732,encoded_energy_mean,unadjusted_exploratory,10,selective,primary_selected_active_aux,4.463565194828875,targeted,0
equal_layer_p2,0.01673678040933862,-0.010640851518220034,two_sided_Student_t_95_df_n_minus_1,estimated,raw_instance,pair_minus_original_only,positive_depth_only,9,cubic_spin_glass,0.0030479644455592915,optimum_hit_rate,unadjusted_exploratory,10,selective,primary_selected_active_aux,0.019135645227615482,targeted,0
equal_layer_p2,0.01934886244836605,-0.009602035101160693,two_sided_Student_t_95_df_n_minus_1,estimated,raw_instance,pair_minus_original_only,positive_depth_only,9,cubic_spin_glass,0.004873413673602678,auxiliary_inconsistency_rate,unadjusted_exploratory,10,selective,primary_selected_active_aux,0.020235282072410692,targeted,0
equal_layer_p2,-2.860469611510701e-17,-1.1260272494950558e-15,two_sided_Student_t_95_df_n_minus_1,estimated,raw_instance,pair_minus_original_only,positive_depth_only,9,cubic_spin_glass,-5.773159728050814e-16,statevector_norm,unadjusted_exploratory,10,selective,primary_selected_active_aux,7.670454735394362e-16,targeted,0
equal_layer_p1,-4.390420567061064,-9.317022336302925,two_sided_Student_t_95_df_n_minus_1,estimated,raw_instance,independence_minus_cold,all_scheduled,9,max3sat,-6.853721451681994,original_objective_mean,unadjusted_exploratory,10,selective,primary_selected_active_aux,3.443457194669126,targeted,0
equal_layer_p1,-10.175469440578809,-25.948259555157826,two_sided_Student_t_95_df_n_minus_1,estimated,raw_instance,independence_minus_cold,all_scheduled,9,max3sat,-18.061864497868317,encoded_energy_mean,unadjusted_exploratory,10,selective,primary_selected_active_aux,11.024420106196493,targeted,0
equal_layer_p1,0.7810444896596165,0.3657710452030381,two_sided_Student_t_95_df_n_minus_1,estimated,raw_instance,independence_minus_cold,all_scheduled,9,max3sat,0.5734077674313273,optimum_hit_rate,unadjusted_exploratory,10,selective,primary_selected_active_aux,0.29025612319566246,targeted,0
equal_layer_p1,-0.24218578129373938,-0.6000659116956443,two_sided_Student_t_95_df_n_minus_1,estimated,raw_instance,independence_minus_cold,all_scheduled,9,max3sat,-0.4211258464946918,auxiliary_inconsistency_rate,unadjusted_exploratory,10,selective,primary_selected_active_aux,0.2501409627941586,targeted,0
equal_layer_p1,2.87939457123908e-18,-1.0686934982113894e-15,two_sided_Student_t_95_df_n_minus_1,estimated,raw_instance,independence_minus_cold,all_scheduled,9,max3sat,-5.329070518200751e-16,statevector_norm,unadjusted_exploratory,10,selective,primary_selected_active_aux,7.489778066296962e-16,targeted,0
equal_layer_p1,-4.140233284068184,-9.08378136841594,two_sided_Student_t_95_df_n_minus_1,estimated,raw_instance,original_only_minus_cold,all_scheduled,9,max3sat,-6.612007326242062,original_objective_mean,unadjusted_exploratory,10,selective,primary_selected_active_aux,3.455301852185153,targeted,0
equal_layer_p1,-4.018866321135337,-10.784104237198068,two_sided_Student_t_95_df_n_minus_1,estimated,raw_instance,original_only_minus_cold,all_scheduled,9,max3sat,-7.401485279166702,encoded_energy_mean,unadjusted_exploratory,10,selective,primary_selected_active_aux,4.728575246563818,targeted,0
equal_layer_p1,0.7632168504220175,0.3484923698354693,two_sided_Student_t_95_df_n_minus_1,estimated,raw_instance,original_only_minus_cold,all_scheduled,9,max3sat,0.5558546101287434,optimum_hit_rate,unadjusted_exploratory,10,selective,primary_selected_active_aux,0.2898724239083219,targeted,0
equal_layer_p1,0.07348870096073257,-0.01218866737590419,two_sided_Student_t_95_df_n_minus_1,estimated,raw_instance,original_only_minus_cold,all_scheduled,9,max3sat,0.030650016792414185,auxiliary_inconsistency_rate,unadjusted_exploratory,10,selective,primary_selected_active_aux,0.05988435116900249,targeted,0
equal_layer_p1,3.8425197309286558e-16,-6.062965780178969e-16,two_sided_Student_t_95_df_n_minus_1,estimated,raw_instance,original_only_minus_cold,all_scheduled,9,max3sat,-1.1102230246251565e-16,statevector_norm,unadjusted_exploratory,10,selective,primary_selected_active_aux,6.923456968425374e-16,targeted,0
equal_layer_p1,-4.259885368332134,-9.262959401227977,two_sided_Student_t_95_df_n_minus_1,estimated,raw_instance,pair_minus_cold,all_scheduled,9,max3sat,-6.761422384780056,original_objective_mean,unadjusted_exploratory,10,selective,primary_selected_active_aux,3.4969076213133046,targeted,0
equal_layer_p1,-9.851032421012803,-25.629931816804792,two_sided_Student_t_95_df_n_minus_1,estimated,raw_instance,pair_minus_cold,all_scheduled,9,max3sat,-17.740482118908798,encoded_energy_mean,unadjusted_exploratory,10,selective,primary_selected_active_aux,11.028690199322021,targeted,0
equal_layer_p1,0.7733421260442901,0.3520855750897711,two_sided_Student_t_95_df_n_minus_1,estimated,raw_instance,pair_minus_cold,all_scheduled,9,max3sat,0.5627138505670306,optimum_hit_rate,unadjusted_exploratory,10,selective,primary_selected_active_aux,0.29443802627649046,targeted,0
equal_layer_p1,-0.22526628188115075,-0.5889539108775057,two_sided_Student_t_95_df_n_minus_1,estimated,raw_instance,pair_minus_cold,all_scheduled,9,max3sat,-0.4071100963793282,auxiliary_inconsistency_rate,unadjusted_exploratory,10,selective,primary_selected_active_aux,0.2542001244140285,targeted,0
equal_layer_p1,-7.686758016104916e-17,-1.144377746926623e-15,two_sided_Student_t_95_df_n_minus_1,estimated,raw_instance,pair_minus_cold,all_scheduled,9,max3sat,-6.106226635438361e-16,statevector_norm,unadjusted_exploratory,10,selective,primary_selected_active_aux,7.461381569505322e-16,targeted,0
equal_layer_p1,0.20156739037315113,-0.016969256569274532,two_sided_Student_t_95_df_n_minus_1,estimated,raw_instance,pair_minus_independence,all_scheduled,9,max3sat,0.0922990669019383,original_objective_mean,unadjusted_exploratory,10,selective,primary_selected_active_aux,0.1527465836412764,targeted,0
equal_layer_p1,0.982366274100096,-0.33960151618105744,two_sided_Student_t_95_df_n_minus_1,estimated,raw_instance,pair_minus_independence,all_scheduled,9,max3sat,0.3213823789595193,encoded_energy_mean,unadjusted_exploratory,10,selective,primary_selected_active_aux,0.9239917719724683,targeted,0
equal_layer_p1,0.001902341822127028,-0.023290175550720476,two_sided_Student_t_95_df_n_minus_1,estimated,raw_instance,pair_minus_independence,all_scheduled,9,max3sat,-0.010693916864296724,optimum_hit_rate,unadjusted_exploratory,10,selective,primary_selected_active_aux,0.01760835546744592,targeted,0
equal_layer_p1,0.046365375943408865,-0.018333875712681514,two_sided_Student_t_95_df_n_minus_1,estimated,raw_instance,pair_minus_independence,all_scheduled,9,max3sat,0.014015750115363674,auxiliary_inconsistency_rate,unadjusted_exploratory,10,selective,primary_selected_active_aux,0.04522165866861958,targeted,0
equal_layer_p1,3.041827447250254e-16,-4.596139681725474e-16,two_sided_Student_t_95_df_n_minus_1,estimated,raw_instance,pair_minus_independence,all_scheduled,9,max3sat,-7.771561172376095e-17,statevector_norm,unadjusted_exploratory,10,selective,primary_selected_active_aux,5.33857090441575e-16,targeted,0
equal_layer_p1,-0.08017489078591765,-0.21865522629007217,two_sided_Student_t_95_df_n_minus_1,estimated,raw_instance,pair_minus_original_only,all_scheduled,9,max3sat,-0.14941505853799492,original_objective_mean,unadjusted_exploratory,10,selective,primary_selected_active_aux,0.09679108033230711,targeted,0
equal_layer_p1,-4.94754581424983,-15.730447865234359,two_sided_Student_t_95_df_n_minus_1,estimated,raw_instance,pair_minus_original_only,all_scheduled,9,max3sat,-10.338996839742094,encoded_energy_mean,unadjusted_exploratory,10,selective,primary_selected_active_aux,7.536728841915111,targeted,0
equal_layer_p1,0.014266206880246268,-0.0005477260036719942,two_sided_Student_t_95_df_n_minus_1,estimated,raw_instance,pair_minus_original_only,all_scheduled,9,max3sat,0.006859240438287137,optimum_hit_rate,unadjusted_exploratory,10,selective,primary_selected_active_aux,0.01035422511495664,targeted,0
equal_layer_p1,-0.2664931041405309,-0.609027122202954,two_sided_Student_t_95_df_n_minus_1,estimated,raw_instance,pair_minus_original_only,all_scheduled,9,max3sat,-0.4377601131717424,auxiliary_inconsistency_rate,unadjusted_exploratory,10,selective,primary_selected_active_aux,0.23941476988863347,targeted,0
equal_layer_p1,-2.5914264182656313e-16,-7.400580803360778e-16,two_sided_Student_t_95_df_n_minus_1,estimated,raw_instance,pair_minus_original_only,all_scheduled,9,max3sat,-4.996003610813204e-16,statevector_norm,unadjusted_exploratory,10,selective,primary_selected_active_aux,3.3613671336335435e-16,targeted,0
equal_layer_p1,-4.390420567061064,-9.317022336302925,two_sided_Student_t_95_df_n_minus_1,estimated,raw_instance,independence_minus_cold,positive_depth_only,9,max3sat,-6.853721451681994,original_objective_mean,unadjusted_exploratory,10,selective,primary_selected_active_aux,3.443457194669126,targeted,0
equal_layer_p1,-10.175469440578809,-25.948259555157826,two_sided_Student_t_95_df_n_minus_1,estimated,raw_instance,independence_minus_cold,positive_depth_only,9,max3sat,-18.061864497868317,encoded_energy_mean,unadjusted_exploratory,10,selective,primary_selected_active_aux,11.024420106196493,targeted,0
equal_layer_p1,0.7810444896596165,0.3657710452030381,two_sided_Student_t_95_df_n_minus_1,estimated,raw_instance,independence_minus_cold,positive_depth_only,9,max3sat,0.5734077674313273,optimum_hit_rate,unadjusted_exploratory,10,selective,primary_selected_active_aux,0.29025612319566246,targeted,0
equal_layer_p1,-0.24218578129373938,-0.6000659116956443,two_sided_Student_t_95_df_n_minus_1,estimated,raw_instance,independence_minus_cold,positive_depth_only,9,max3sat,-0.4211258464946918,auxiliary_inconsistency_rate,unadjusted_exploratory,10,selective,primary_selected_active_aux,0.2501409627941586,targeted,0
equal_layer_p1,2.87939457123908e-18,-1.0686934982113894e-15,two_sided_Student_t_95_df_n_minus_1,estimated,raw_instance,independence_minus_cold,positive_depth_only,9,max3sat,-5.329070518200751e-16,statevector_norm,unadjusted_exploratory,10,selective,primary_selected_active_aux,7.489778066296962e-16,targeted,0
equal_layer_p1,-4.140233284068184,-9.08378136841594,two_sided_Student_t_95_df_n_minus_1,estimated,raw_instance,original_only_minus_cold,positive_depth_only,9,max3sat,-6.612007326242062,original_objective_mean,unadjusted_exploratory,10,selective,primary_selected_active_aux,3.455301852185153,targeted,0
equal_layer_p1,-4.018866321135337,-10.784104237198068,two_sided_Student_t_95_df_n_minus_1,estimated,raw_instance,original_only_minus_cold,positive_depth_only,9,max3sat,-7.401485279166702,encoded_energy_mean,unadjusted_exploratory,10,selective,primary_selected_active_aux,4.728575246563818,targeted,0
equal_layer_p1,0.7632168504220175,0.3484923698354693,two_sided_Student_t_95_df_n_minus_1,estimated,raw_instance,original_only_minus_cold,positive_depth_only,9,max3sat,0.5558546101287434,optimum_hit_rate,unadjusted_exploratory,10,selective,primary_selected_active_aux,0.2898724239083219,targeted,0
equal_layer_p1,0.07348870096073257,-0.01218866737590419,two_sided_Student_t_95_df_n_minus_1,estimated,raw_instance,original_only_minus_cold,positive_depth_only,9,max3sat,0.030650016792414185,auxiliary_inconsistency_rate,unadjusted_exploratory,10,selective,primary_selected_active_aux,0.05988435116900249,targeted,0
equal_layer_p1,3.8425197309286558e-16,-6.062965780178969e-16,two_sided_Student_t_95_df_n_minus_1,estimated,raw_instance,original_only_minus_cold,positive_depth_only,9,max3sat,-1.1102230246251565e-16,statevector_norm,unadjusted_exploratory,10,selective,primary_selected_active_aux,6.923456968425374e-16,targeted,0
equal_layer_p1,-4.259885368332134,-9.262959401227977,two_sided_Student_t_95_df_n_minus_1,estimated,raw_instance,pair_minus_cold,positive_depth_only,9,max3sat,-6.761422384780056,original_objective_mean,unadjusted_exploratory,10,selective,primary_selected_active_aux,3.4969076213133046,targeted,0
equal_layer_p1,-9.851032421012803,-25.629931816804792,two_sided_Student_t_95_df_n_minus_1,estimated,raw_instance,pair_minus_cold,positive_depth_only,9,max3sat,-17.740482118908798,encoded_energy_mean,unadjusted_exploratory,10,selective,primary_selected_active_aux,11.028690199322021,targeted,0
equal_layer_p1,0.7733421260442901,0.3520855750897711,two_sided_Student_t_95_df_n_minus_1,estimated,raw_instance,pair_minus_cold,positive_depth_only,9,max3sat,0.5627138505670306,optimum_hit_rate,unadjusted_exploratory,10,selective,primary_selected_active_aux,0.29443802627649046,targeted,0
equal_layer_p1,-0.22526628188115075,-0.5889539108775057,two_sided_Student_t_95_df_n_minus_1,estimated,raw_instance,pair_minus_cold,positive_depth_only,9,max3sat,-0.4071100963793282,auxiliary_inconsistency_rate,unadjusted_exploratory,10,selective,primary_selected_active_aux,0.2542001244140285,targeted,0
equal_layer_p1,-7.686758016104916e-17,-1.144377746926623e-15,two_sided_Student_t_95_df_n_minus_1,estimated,raw_instance,pair_minus_cold,positive_depth_only,9,max3sat,-6.106226635438361e-16,statevector_norm,unadjusted_exploratory,10,selective,primary_selected_active_aux,7.461381569505322e-16,targeted,0
equal_layer_p1,0.20156739037315113,-0.016969256569274532,two_sided_Student_t_95_df_n_minus_1,estimated,raw_instance,pair_minus_independence,positive_depth_only,9,max3sat,0.0922990669019383,original_objective_mean,unadjusted_exploratory,10,selective,primary_selected_active_aux,0.1527465836412764,targeted,0
equal_layer_p1,0.982366274100096,-0.33960151618105744,two_sided_Student_t_95_df_n_minus_1,estimated,raw_instance,pair_minus_independence,positive_depth_only,9,max3sat,0.3213823789595193,encoded_energy_mean,unadjusted_exploratory,10,selective,primary_selected_active_aux,0.9239917719724683,targeted,0
equal_layer_p1,0.001902341822127028,-0.023290175550720476,two_sided_Student_t_95_df_n_minus_1,estimated,raw_instance,pair_minus_independence,positive_depth_only,9,max3sat,-0.010693916864296724,optimum_hit_rate,unadjusted_exploratory,10,selective,primary_selected_active_aux,0.01760835546744592,targeted,0
equal_layer_p1,0.046365375943408865,-0.018333875712681514,two_sided_Student_t_95_df_n_minus_1,estimated,raw_instance,pair_minus_independence,positive_depth_only,9,max3sat,0.014015750115363674,auxiliary_inconsistency_rate,unadjusted_exploratory,10,selective,primary_selected_active_aux,0.04522165866861958,targeted,0
equal_layer_p1,3.041827447250254e-16,-4.596139681725474e-16,two_sided_Student_t_95_df_n_minus_1,estimated,raw_instance,pair_minus_independence,positive_depth_only,9,max3sat,-7.771561172376095e-17,statevector_norm,unadjusted_exploratory,10,selective,primary_selected_active_aux,5.33857090441575e-16,targeted,0
equal_layer_p1,-0.08017489078591765,-0.21865522629007217,two_sided_Student_t_95_df_n_minus_1,estimated,raw_instance,pair_minus_original_only,positive_depth_only,9,max3sat,-0.14941505853799492,original_objective_mean,unadjusted_exploratory,10,selective,primary_selected_active_aux,0.09679108033230711,targeted,0
equal_layer_p1,-4.94754581424983,-15.730447865234359,two_sided_Student_t_95_df_n_minus_1,estimated,raw_instance,pair_minus_original_only,positive_depth_only,9,max3sat,-10.338996839742094,encoded_energy_mean,unadjusted_exploratory,10,selective,primary_selected_active_aux,7.536728841915111,targeted,0
equal_layer_p1,0.014266206880246268,-0.0005477260036719942,two_sided_Student_t_95_df_n_minus_1,estimated,raw_instance,pair_minus_original_only,positive_depth_only,9,max3sat,0.006859240438287137,optimum_hit_rate,unadjusted_exploratory,10,selective,primary_selected_active_aux,0.01035422511495664,targeted,0
equal_layer_p1,-0.2664931041405309,-0.609027122202954,two_sided_Student_t_95_df_n_minus_1,estimated,raw_instance,pair_minus_original_only,positive_depth_only,9,max3sat,-0.4377601131717424,auxiliary_inconsistency_rate,unadjusted_exploratory,10,selective,primary_selected_active_aux,0.23941476988863347,targeted,0
equal_layer_p1,-2.5914264182656313e-16,-7.400580803360778e-16,two_sided_Student_t_95_df_n_minus_1,estimated,raw_instance,pair_minus_original_only,positive_depth_only,9,max3sat,-4.996003610813204e-16,statevector_norm,unadjusted_exploratory,10,selective,primary_selected_active_aux,3.3613671336335435e-16,targeted,0
equal_layer_p2,-4.095307858920616,-9.04172486226755,two_sided_Student_t_95_df_n_minus_1,estimated,raw_instance,independence_minus_cold,all_scheduled,9,max3sat,-6.568516360594083,original_objective_mean,unadjusted_exploratory,10,selective,primary_selected_active_aux,3.4573070882954307,targeted,0
equal_layer_p2,-9.386667063048172,-24.577849024058537,two_sided_Student_t_95_df_n_minus_1,estimated,raw_instance,independence_minus_cold,all_scheduled,9,max3sat,-16.982258043553355,encoded_energy_mean,unadjusted_exploratory,10,selective,primary_selected_active_aux,10.61790403798333,targeted,0
equal_layer_p2,0.7798109556441439,0.381340501924923,two_sided_Student_t_95_df_n_minus_1,estimated,raw_instance,independence_minus_cold,all_scheduled,9,max3sat,0.5805757287845335,optimum_hit_rate,unadjusted_exploratory,10,selective,primary_selected_active_aux,0.2785116425055952,targeted,0
equal_layer_p2,-0.24538951406822618,-0.5940843521117939,two_sided_Student_t_95_df_n_minus_1,estimated,raw_instance,independence_minus_cold,all_scheduled,9,max3sat,-0.41973693309001003,auxiliary_inconsistency_rate,unadjusted_exploratory,10,selective,primary_selected_active_aux,0.243720886129159,targeted,0
equal_layer_p2,1.6858965952708697e-16,-1.1899948421822308e-15,two_sided_Student_t_95_df_n_minus_1,estimated,raw_instance,independence_minus_cold,all_scheduled,9,max3sat,-5.10702591327572e-16,statevector_norm,unadjusted_exploratory,10,selective,primary_selected_active_aux,9.49585088485209e-16,targeted,0
equal_layer_p2,-3.777654473451658,-8.66623361405013,two_sided_Student_t_95_df_n_minus_1,estimated,raw_instance,original_only_minus_cold,all_scheduled,9,max3sat,-6.221944043750894,original_objective_mean,unadjusted_exploratory,10,selective,primary_selected_active_aux,3.416881209782396,targeted,0
equal_layer_p2,-4.250273620672219,-10.443261227845415,two_sided_Student_t_95_df_n_minus_1,estimated,raw_instance,original_only_minus_cold,all_scheduled,9,max3sat,-7.346767424258817,encoded_energy_mean,unadjusted_exploratory,10,selective,primary_selected_active_aux,4.328599860771567,targeted,0
equal_layer_p2,0.7442478986737615,0.3422707340312055,two_sided_Student_t_95_df_n_minus_1,estimated,raw_instance,original_only_minus_cold,all_scheduled,9,max3sat,0.5432593163524835,optimum_hit_rate,unadjusted_exploratory,10,selective,primary_selected_active_aux,0.2809626644318998,targeted,0
equal_layer_p2,0.05465057928658419,-0.041765167150920796,two_sided_Student_t_95_df_n_minus_1,estimated,raw_instance,original_only_minus_cold,all_scheduled,9,max3sat,0.0064427060678317,auxiliary_inconsistency_rate,unadjusted_exploratory,10,selective,primary_selected_active_aux,0.06738995991565838,targeted,0
equal_layer_p2,4.508946532193488e-16,-6.507347976518771e-16,two_sided_Student_t_95_df_n_minus_1,estimated,raw_instance,original_only_minus_cold,all_scheduled,9,max3sat,-9.992007221626409e-17,statevector_norm,unadjusted_exploratory,10,selective,primary_selected_active_aux,7.69985892130607e-16,targeted,0
equal_layer_p2,-4.300280223202968,-9.142899163723387,two_sided_Student_t_95_df_n_minus_1,estimated,raw_instance,pair_minus_cold,all_scheduled,9,max3sat,-6.721589693463177,original_objective_mean,unadjusted_exploratory,10,selective,primary_selected_active_aux,3.384757245021274,targeted,0
equal_layer_p2,-9.540345483401055,-23.89644125147882,two_sided_Student_t_95_df_n_minus_1,estimated,raw_instance,pair_minus_cold,all_scheduled,9,max3sat,-16.718393367439937,encoded_energy_mean,unadjusted_exploratory,10,selective,primary_selected_active_aux,10.03421903685828,targeted,0
equal_layer_p2,0.7882190163427263,0.3803744134775142,two_sided_Student_t_95_df_n_minus_1,estimated,raw_instance,pair_minus_cold,all_scheduled,9,max3sat,0.5842967149101203,optimum_hit_rate,unadjusted_exploratory,10,selective,primary_selected_active_aux,0.2850637209630412,targeted,0
equal_layer_p2,-0.24821445907294495,-0.5704194307999894,two_sided_Student_t_95_df_n_minus_1,estimated,raw_instance,pair_minus_cold,all_scheduled,9,max3sat,-0.40931694493646714,auxiliary_inconsistency_rate,unadjusted_exploratory,10,selective,primary_selected_active_aux,0.22520574627699014,targeted,0
equal_layer_p2,3.562396253134482e-16,-1.377644807968592e-15,two_sided_Student_t_95_df_n_minus_1,estimated,raw_instance,pair_minus_cold,all_scheduled,9,max3sat,-5.10702591327572e-16,statevector_norm,unadjusted_exploratory,10,selective,primary_selected_active_aux,1.2119016527346864e-15,targeted,0
equal_layer_p2,0.3502164939496868,-0.6563631596878745,two_sided_Student_t_95_df_n_minus_1,estimated,raw_instance,pair_minus_independence,all_scheduled,9,max3sat,-0.15307333286909386,original_objective_mean,unadjusted_exploratory,10,selective,primary_selected_active_aux,0.7035506648752748,targeted,0
equal_layer_p2,2.2675987489336022,-1.739869396706768,two_sided_Student_t_95_df_n_minus_1,estimated,raw_instance,pair_minus_independence,all_scheduled,9,max3sat,0.26386467611341713,encoded_energy_mean,unadjusted_exploratory,10,selective,primary_selected_active_aux,2.801027090248506,targeted,0
equal_layer_p2,0.06615131070640935,-0.05870933845523577,two_sided_Student_t_95_df_n_minus_1,estimated,raw_instance,pair_minus_independence,all_scheduled,9,max3sat,0.003720986125586788,optimum_hit_rate,unadjusted_exploratory,10,selective,primary_selected_active_aux,0.08727157599200237,targeted,0
equal_layer_p2,0.10190463574849834,-0.08106465944141245,two_sided_Student_t_95_df_n_minus_1,estimated,raw_instance,pair_minus_independence,all_scheduled,9,max3sat,0.010419988153542947,auxiliary_inconsistency_rate,unadjusted_exploratory,10,selective,primary_selected_active_aux,0.12788671896697534,targeted,0
equal_layer_p2,4.366125362486545e-16,-4.366125362486545e-16,two_sided_Student_t_95_df_n_minus_1,estimated,raw_instance,pair_minus_independence,all_scheduled,9,max3sat,0.0,statevector_norm,unadjusted_exploratory,10,selective,primary_selected_active_aux,6.10342239802965e-16,targeted,0
equal_layer_p2,-0.12405608949856967,-0.8752352099259955,two_sided_Student_t_95_df_n_minus_1,estimated,raw_instance,pair_minus_original_only,all_scheduled,9,max3sat,-0.4996456497122826,original_objective_mean,unadjusted_exploratory,10,selective,primary_selected_active_aux,0.5250380014212306,targeted,0
equal_layer_p2,-3.697137635596282,-15.046114250765957,two_sided_Student_t_95_df_n_minus_1,estimated,raw_instance,pair_minus_original_only,all_scheduled,9,max3sat,-9.371625943181119,encoded_energy_mean,unadjusted_exploratory,10,selective,primary_selected_active_aux,7.932387679804599,targeted,0
equal_layer_p2,0.09188015122619583,-0.009805354110922149,two_sided_Student_t_95_df_n_minus_1,estimated,raw_instance,pair_minus_original_only,all_scheduled,9,max3sat,0.04103739855763684,optimum_hit_rate,unadjusted_exploratory,10,selective,primary_selected_active_aux,0.07107326740568846,targeted,0
equal_layer_p2,-0.26459753569176536,-0.5669217663168322,two_sided_Student_t_95_df_n_minus_1,estimated,raw_instance,pair_minus_original_only,all_scheduled,9,max3sat,-0.4157596510042988,auxiliary_inconsistency_rate,unadjusted_exploratory,10,selective,primary_selected_active_aux,0.21131006641701766,targeted,0
equal_layer_p2,2.101330814924686e-16,-1.0316981197150845e-15,two_sided_Student_t_95_df_n_minus_1,estimated,raw_instance,pair_minus_original_only,all_scheduled,9,max3sat,-4.1078251911130794e-16,statevector_norm,unadjusted_exploratory,10,selective,primary_selected_active_aux,8.67980158465457e-16,targeted,0
equal_layer_p2,-4.095307858920616,-9.04172486226755,two_sided_Student_t_95_df_n_minus_1,estimated,raw_instance,independence_minus_cold,positive_depth_only,9,max3sat,-6.568516360594083,original_objective_mean,unadjusted_exploratory,10,selective,primary_selected_active_aux,3.4573070882954307,targeted,0
equal_layer_p2,-9.386667063048172,-24.577849024058537,two_sided_Student_t_95_df_n_minus_1,estimated,raw_instance,independence_minus_cold,positive_depth_only,9,max3sat,-16.982258043553355,encoded_energy_mean,unadjusted_exploratory,10,selective,primary_selected_active_aux,10.61790403798333,targeted,0
equal_layer_p2,0.7798109556441439,0.381340501924923,two_sided_Student_t_95_df_n_minus_1,estimated,raw_instance,independence_minus_cold,positive_depth_only,9,max3sat,0.5805757287845335,optimum_hit_rate,unadjusted_exploratory,10,selective,primary_selected_active_aux,0.2785116425055952,targeted,0
equal_layer_p2,-0.24538951406822618,-0.5940843521117939,two_sided_Student_t_95_df_n_minus_1,estimated,raw_instance,independence_minus_cold,positive_depth_only,9,max3sat,-0.41973693309001003,auxiliary_inconsistency_rate,unadjusted_exploratory,10,selective,primary_selected_active_aux,0.243720886129159,targeted,0
equal_layer_p2,1.6858965952708697e-16,-1.1899948421822308e-15,two_sided_Student_t_95_df_n_minus_1,estimated,raw_instance,independence_minus_cold,positive_depth_only,9,max3sat,-5.10702591327572e-16,statevector_norm,unadjusted_exploratory,10,selective,primary_selected_active_aux,9.49585088485209e-16,targeted,0
equal_layer_p2,-3.777654473451658,-8.66623361405013,two_sided_Student_t_95_df_n_minus_1,estimated,raw_instance,original_only_minus_cold,positive_depth_only,9,max3sat,-6.221944043750894,original_objective_mean,unadjusted_exploratory,10,selective,primary_selected_active_aux,3.416881209782396,targeted,0
equal_layer_p2,-4.250273620672219,-10.443261227845415,two_sided_Student_t_95_df_n_minus_1,estimated,raw_instance,original_only_minus_cold,positive_depth_only,9,max3sat,-7.346767424258817,encoded_energy_mean,unadjusted_exploratory,10,selective,primary_selected_active_aux,4.328599860771567,targeted,0
equal_layer_p2,0.7442478986737615,0.3422707340312055,two_sided_Student_t_95_df_n_minus_1,estimated,raw_instance,original_only_minus_cold,positive_depth_only,9,max3sat,0.5432593163524835,optimum_hit_rate,unadjusted_exploratory,10,selective,primary_selected_active_aux,0.2809626644318998,targeted,0
equal_layer_p2,0.05465057928658419,-0.041765167150920796,two_sided_Student_t_95_df_n_minus_1,estimated,raw_instance,original_only_minus_cold,positive_depth_only,9,max3sat,0.0064427060678317,auxiliary_inconsistency_rate,unadjusted_exploratory,10,selective,primary_selected_active_aux,0.06738995991565838,targeted,0
equal_layer_p2,4.508946532193488e-16,-6.507347976518771e-16,two_sided_Student_t_95_df_n_minus_1,estimated,raw_instance,original_only_minus_cold,positive_depth_only,9,max3sat,-9.992007221626409e-17,statevector_norm,unadjusted_exploratory,10,selective,primary_selected_active_aux,7.69985892130607e-16,targeted,0
equal_layer_p2,-4.300280223202968,-9.142899163723387,two_sided_Student_t_95_df_n_minus_1,estimated,raw_instance,pair_minus_cold,positive_depth_only,9,max3sat,-6.721589693463177,original_objective_mean,unadjusted_exploratory,10,selective,primary_selected_active_aux,3.384757245021274,targeted,0
equal_layer_p2,-9.540345483401055,-23.89644125147882,two_sided_Student_t_95_df_n_minus_1,estimated,raw_instance,pair_minus_cold,positive_depth_only,9,max3sat,-16.718393367439937,encoded_energy_mean,unadjusted_exploratory,10,selective,primary_selected_active_aux,10.03421903685828,targeted,0
equal_layer_p2,0.7882190163427263,0.3803744134775142,two_sided_Student_t_95_df_n_minus_1,estimated,raw_instance,pair_minus_cold,positive_depth_only,9,max3sat,0.5842967149101203,optimum_hit_rate,unadjusted_exploratory,10,selective,primary_selected_active_aux,0.2850637209630412,targeted,0
equal_layer_p2,-0.24821445907294495,-0.5704194307999894,two_sided_Student_t_95_df_n_minus_1,estimated,raw_instance,pair_minus_cold,positive_depth_only,9,max3sat,-0.40931694493646714,auxiliary_inconsistency_rate,unadjusted_exploratory,10,selective,primary_selected_active_aux,0.22520574627699014,targeted,0
equal_layer_p2,3.562396253134482e-16,-1.377644807968592e-15,two_sided_Student_t_95_df_n_minus_1,estimated,raw_instance,pair_minus_cold,positive_depth_only,9,max3sat,-5.10702591327572e-16,statevector_norm,unadjusted_exploratory,10,selective,primary_selected_active_aux,1.2119016527346864e-15,targeted,0
equal_layer_p2,0.3502164939496868,-0.6563631596878745,two_sided_Student_t_95_df_n_minus_1,estimated,raw_instance,pair_minus_independence,positive_depth_only,9,max3sat,-0.15307333286909386,original_objective_mean,unadjusted_exploratory,10,selective,primary_selected_active_aux,0.7035506648752748,targeted,0
equal_layer_p2,2.2675987489336022,-1.739869396706768,two_sided_Student_t_95_df_n_minus_1,estimated,raw_instance,pair_minus_independence,positive_depth_only,9,max3sat,0.26386467611341713,encoded_energy_mean,unadjusted_exploratory,10,selective,primary_selected_active_aux,2.801027090248506,targeted,0
equal_layer_p2,0.06615131070640935,-0.05870933845523577,two_sided_Student_t_95_df_n_minus_1,estimated,raw_instance,pair_minus_independence,positive_depth_only,9,max3sat,0.003720986125586788,optimum_hit_rate,unadjusted_exploratory,10,selective,primary_selected_active_aux,0.08727157599200237,targeted,0
equal_layer_p2,0.10190463574849834,-0.08106465944141245,two_sided_Student_t_95_df_n_minus_1,estimated,raw_instance,pair_minus_independence,positive_depth_only,9,max3sat,0.010419988153542947,auxiliary_inconsistency_rate,unadjusted_exploratory,10,selective,primary_selected_active_aux,0.12788671896697534,targeted,0
equal_layer_p2,4.366125362486545e-16,-4.366125362486545e-16,two_sided_Student_t_95_df_n_minus_1,estimated,raw_instance,pair_minus_independence,positive_depth_only,9,max3sat,0.0,statevector_norm,unadjusted_exploratory,10,selective,primary_selected_active_aux,6.10342239802965e-16,targeted,0
equal_layer_p2,-0.12405608949856967,-0.8752352099259955,two_sided_Student_t_95_df_n_minus_1,estimated,raw_instance,pair_minus_original_only,positive_depth_only,9,max3sat,-0.4996456497122826,original_objective_mean,unadjusted_exploratory,10,selective,primary_selected_active_aux,0.5250380014212306,targeted,0
equal_layer_p2,-3.697137635596282,-15.046114250765957,two_sided_Student_t_95_df_n_minus_1,estimated,raw_instance,pair_minus_original_only,positive_depth_only,9,max3sat,-9.371625943181119,encoded_energy_mean,unadjusted_exploratory,10,selective,primary_selected_active_aux,7.932387679804599,targeted,0
equal_layer_p2,0.09188015122619583,-0.009805354110922149,two_sided_Student_t_95_df_n_minus_1,estimated,raw_instance,pair_minus_original_only,positive_depth_only,9,max3sat,0.04103739855763684,optimum_hit_rate,unadjusted_exploratory,10,selective,primary_selected_active_aux,0.07107326740568846,targeted,0
equal_layer_p2,-0.26459753569176536,-0.5669217663168322,two_sided_Student_t_95_df_n_minus_1,estimated,raw_instance,pair_minus_original_only,positive_depth_only,9,max3sat,-0.4157596510042988,auxiliary_inconsistency_rate,unadjusted_exploratory,10,selective,primary_selected_active_aux,0.21131006641701766,targeted,0
equal_layer_p2,2.101330814924686e-16,-1.0316981197150845e-15,two_sided_Student_t_95_df_n_minus_1,estimated,raw_instance,pair_minus_original_only,positive_depth_only,9,max3sat,-4.1078251911130794e-16,statevector_norm,unadjusted_exploratory,10,selective,primary_selected_active_aux,8.67980158465457e-16,targeted,0
