instance_id,family,split,representation,topology_id,scheduled_row_count,success_count,failure_count,random_rep_seed_count,transpiler_seed_count,two_qubit_gates_mean,two_qubit_gates_median,two_qubit_gates_std,two_qubit_gates_ci95_low,two_qubit_gates_ci95_high,two_qubit_depth_mean,two_qubit_depth_median,two_qubit_depth_std,two_qubit_depth_ci95_low,two_qubit_depth_ci95_high,swap_count_mean,swap_count_median,routing_overhead_mean,routing_overhead_median,compile_runtime_sec_mean,compile_runtime_sec_median,status,failure_kinds,config_hash,manifest_hash,code_commit
inst_0252ede428af7d5ba638c993716885266bdf345dcd87961e7c927bacd016606c,max3sat,train,all_native,all_to_all_reference,5,5,0,0,5,398.0,398.0,0.0,398.0,398.0,261.0,261.0,0.0,261.0,261.0,0.0,0.0,0.0,0.0,0.0033229399996344,0.003052900021430105,pass,,9d124ad72c0fe2b841fbfc927ec45c35cb413a6a0e01baada17f1025709d315c,9626c07cf4ccf3251a3585a4b367551c7a78f57218970c0d71f73f221adea5d3,22e05ea2e1684256cfcefc889a4c658b5530de8a
inst_0252ede428af7d5ba638c993716885266bdf345dcd87961e7c927bacd016606c,max3sat,train,all_native,device_sparse_v1,5,5,0,0,5,811.8,813.0,16.9617216107328,796.9323954854858,826.6676045145141,538.2,525.0,31.870048635042902,510.2646706838814,566.1353293161187,149.4,151.0,413.8,415.0,0.026894560002256186,0.01689050000277348,pass,,9d124ad72c0fe2b841fbfc927ec45c35cb413a6a0e01baada17f1025709d315c,9626c07cf4ccf3251a3585a4b367551c7a78f57218970c0d71f73f221adea5d3,22e05ea2e1684256cfcefc889a4c658b5530de8a
inst_0252ede428af7d5ba638c993716885266bdf345dcd87961e7c927bacd016606c,max3sat,train,fully_quadratized,all_to_all_reference,5,5,0,0,5,328.0,328.0,0.0,328.0,328.0,70.0,70.0,0.0,70.0,70.0,0.0,0.0,0.0,0.0,0.003362340002786368,0.0033186000073328614,pass,,9d124ad72c0fe2b841fbfc927ec45c35cb413a6a0e01baada17f1025709d315c,9626c07cf4ccf3251a3585a4b367551c7a78f57218970c0d71f73f221adea5d3,22e05ea2e1684256cfcefc889a4c658b5530de8a
inst_0252ede428af7d5ba638c993716885266bdf345dcd87961e7c927bacd016606c,max3sat,train,fully_quadratized,device_sparse_v1,5,0,5,0,5,,,,,,,,,,,,,,,,,expected_infeasible_width,expected_capacity_failure,9d124ad72c0fe2b841fbfc927ec45c35cb413a6a0e01baada17f1025709d315c,9626c07cf4ccf3251a3585a4b367551c7a78f57218970c0d71f73f221adea5d3,22e05ea2e1684256cfcefc889a4c658b5530de8a
inst_0252ede428af7d5ba638c993716885266bdf345dcd87961e7c927bacd016606c,max3sat,train,matched_random_selective,all_to_all_reference,25,25,0,5,5,405.2,404.0,9.626352718795768,401.42646973423206,408.9735302657679,160.8,158.0,11.874342087037917,156.14525790188114,165.45474209811888,0.0,0.0,0.0,0.0,0.004163956001866609,0.004150399996433407,pass,,9d124ad72c0fe2b841fbfc927ec45c35cb413a6a0e01baada17f1025709d315c,9626c07cf4ccf3251a3585a4b367551c7a78f57218970c0d71f73f221adea5d3,22e05ea2e1684256cfcefc889a4c658b5530de8a
inst_0252ede428af7d5ba638c993716885266bdf345dcd87961e7c927bacd016606c,max3sat,train,matched_random_selective,device_sparse_v1,25,0,25,5,5,,,,,,,,,,,,,,,,,expected_infeasible_width,expected_capacity_failure,9d124ad72c0fe2b841fbfc927ec45c35cb413a6a0e01baada17f1025709d315c,9626c07cf4ccf3251a3585a4b367551c7a78f57218970c0d71f73f221adea5d3,22e05ea2e1684256cfcefc889a4c658b5530de8a
inst_0252ede428af7d5ba638c993716885266bdf345dcd87961e7c927bacd016606c,max3sat,train,selective,all_to_all_reference,5,5,0,0,5,376.0,376.0,0.0,376.0,376.0,111.0,111.0,0.0,111.0,111.0,0.0,0.0,0.0,0.0,0.0034178000001702457,0.0034104999795090407,pass,,9d124ad72c0fe2b841fbfc927ec45c35cb413a6a0e01baada17f1025709d315c,9626c07cf4ccf3251a3585a4b367551c7a78f57218970c0d71f73f221adea5d3,22e05ea2e1684256cfcefc889a4c658b5530de8a
inst_0252ede428af7d5ba638c993716885266bdf345dcd87961e7c927bacd016606c,max3sat,train,selective,device_sparse_v1,5,0,5,0,5,,,,,,,,,,,,,,,,,expected_infeasible_width,expected_capacity_failure,9d124ad72c0fe2b841fbfc927ec45c35cb413a6a0e01baada17f1025709d315c,9626c07cf4ccf3251a3585a4b367551c7a78f57218970c0d71f73f221adea5d3,22e05ea2e1684256cfcefc889a4c658b5530de8a
inst_0366081022d366132ff6b1386c720f91dd3afb46164783328f155336aede2b17,cubic_spin_glass,validation,all_native,all_to_all_reference,5,5,0,0,5,320.0,320.0,0.0,320.0,320.0,254.0,254.0,0.0,254.0,254.0,0.0,0.0,0.0,0.0,0.005180539999855682,0.005155799997737631,pass,,9d124ad72c0fe2b841fbfc927ec45c35cb413a6a0e01baada17f1025709d315c,9626c07cf4ccf3251a3585a4b367551c7a78f57218970c0d71f73f221adea5d3,22e05ea2e1684256cfcefc889a4c658b5530de8a
inst_0366081022d366132ff6b1386c720f91dd3afb46164783328f155336aede2b17,cubic_spin_glass,validation,all_native,device_sparse_v1,5,0,5,0,5,,,,,,,,,,,,,,,,,expected_infeasible_width,expected_capacity_failure,9d124ad72c0fe2b841fbfc927ec45c35cb413a6a0e01baada17f1025709d315c,9626c07cf4ccf3251a3585a4b367551c7a78f57218970c0d71f73f221adea5d3,22e05ea2e1684256cfcefc889a4c658b5530de8a
inst_0366081022d366132ff6b1386c720f91dd3afb46164783328f155336aede2b17,cubic_spin_glass,validation,fully_quadratized,all_to_all_reference,5,5,0,0,5,546.0,546.0,0.0,546.0,546.0,94.0,94.0,0.0,94.0,94.0,0.0,0.0,0.0,0.0,0.007104499998968094,0.006375800003297627,pass,,9d124ad72c0fe2b841fbfc927ec45c35cb413a6a0e01baada17f1025709d315c,9626c07cf4ccf3251a3585a4b367551c7a78f57218970c0d71f73f221adea5d3,22e05ea2e1684256cfcefc889a4c658b5530de8a
inst_0366081022d366132ff6b1386c720f91dd3afb46164783328f155336aede2b17,cubic_spin_glass,validation,fully_quadratized,device_sparse_v1,5,0,5,0,5,,,,,,,,,,,,,,,,,expected_infeasible_width,expected_capacity_failure,9d124ad72c0fe2b841fbfc927ec45c35cb413a6a0e01baada17f1025709d315c,9626c07cf4ccf3251a3585a4b367551c7a78f57218970c0d71f73f221adea5d3,22e05ea2e1684256cfcefc889a4c658b5530de8a
inst_0366081022d366132ff6b1386c720f91dd3afb46164783328f155336aede2b17,cubic_spin_glass,validation,matched_random_selective,all_to_all_reference,25,25,0,5,5,360.8,360.0,1.0,360.408,361.192,255.4,259.0,6.757711644237764,252.7509770354588,258.0490229645412,0.0,0.0,0.0,0.0,0.0058377399994060395,0.0056878999748732895,pass,,9d124ad72c0fe2b841fbfc927ec45c35cb413a6a0e01baada17f1025709d315c,9626c07cf4ccf3251a3585a4b367551c7a78f57218970c0d71f73f221adea5d3,22e05ea2e1684256cfcefc889a4c658b5530de8a
inst_0366081022d366132ff6b1386c720f91dd3afb46164783328f155336aede2b17,cubic_spin_glass,validation,matched_random_selective,device_sparse_v1,25,0,25,5,5,,,,,,,,,,,,,,,,,expected_infeasible_width,expected_capacity_failure,9d124ad72c0fe2b841fbfc927ec45c35cb413a6a0e01baada17f1025709d315c,9626c07cf4ccf3251a3585a4b367551c7a78f57218970c0d71f73f221adea5d3,22e05ea2e1684256cfcefc889a4c658b5530de8a
inst_0366081022d366132ff6b1386c720f91dd3afb46164783328f155336aede2b17,cubic_spin_glass,validation,selective,all_to_all_reference,5,5,0,0,5,362.0,362.0,0.0,362.0,362.0,193.0,193.0,0.0,193.0,193.0,0.0,0.0,0.0,0.0,0.0051064800005406145,0.005048699997132644,pass,,9d124ad72c0fe2b841fbfc927ec45c35cb413a6a0e01baada17f1025709d315c,9626c07cf4ccf3251a3585a4b367551c7a78f57218970c0d71f73f221adea5d3,22e05ea2e1684256cfcefc889a4c658b5530de8a
inst_0366081022d366132ff6b1386c720f91dd3afb46164783328f155336aede2b17,cubic_spin_glass,validation,selective,device_sparse_v1,5,0,5,0,5,,,,,,,,,,,,,,,,,expected_infeasible_width,expected_capacity_failure,9d124ad72c0fe2b841fbfc927ec45c35cb413a6a0e01baada17f1025709d315c,9626c07cf4ccf3251a3585a4b367551c7a78f57218970c0d71f73f221adea5d3,22e05ea2e1684256cfcefc889a4c658b5530de8a
inst_041b2d91ccdc07271608f44a7f021336dab5e35d5c3753501859d4ba17b039f0,cubic_spin_glass,train,all_native,all_to_all_reference,5,5,0,0,5,128.0,128.0,0.0,128.0,128.0,115.0,115.0,0.0,115.0,115.0,0.0,0.0,0.0,0.0,0.0017279400024563074,0.001799099991330877,pass,,9d124ad72c0fe2b841fbfc927ec45c35cb413a6a0e01baada17f1025709d315c,9626c07cf4ccf3251a3585a4b367551c7a78f57218970c0d71f73f221adea5d3,22e05ea2e1684256cfcefc889a4c658b5530de8a
inst_041b2d91ccdc07271608f44a7f021336dab5e35d5c3753501859d4ba17b039f0,cubic_spin_glass,train,all_native,device_sparse_v1,5,5,0,0,5,221.4,220.0,10.237187113655782,212.42670985646848,230.37329014353153,173.0,171.0,15.411035007422441,159.49163222295158,186.50836777704842,36.2,36.0,93.4,92.0,0.009720680007012561,0.009687000012490898,pass,,9d124ad72c0fe2b841fbfc927ec45c35cb413a6a0e01baada17f1025709d315c,9626c07cf4ccf3251a3585a4b367551c7a78f57218970c0d71f73f221adea5d3,22e05ea2e1684256cfcefc889a4c658b5530de8a
inst_041b2d91ccdc07271608f44a7f021336dab5e35d5c3753501859d4ba17b039f0,cubic_spin_glass,train,fully_quadratized,all_to_all_reference,5,5,0,0,5,136.0,136.0,0.0,136.0,136.0,40.0,40.0,0.0,40.0,40.0,0.0,0.0,0.0,0.0,0.0014517600007820874,0.001430800009984523,pass,,9d124ad72c0fe2b841fbfc927ec45c35cb413a6a0e01baada17f1025709d315c,9626c07cf4ccf3251a3585a4b367551c7a78f57218970c0d71f73f221adea5d3,22e05ea2e1684256cfcefc889a4c658b5530de8a
inst_041b2d91ccdc07271608f44a7f021336dab5e35d5c3753501859d4ba17b039f0,cubic_spin_glass,train,fully_quadratized,device_sparse_v1,5,0,5,0,5,,,,,,,,,,,,,,,,,expected_infeasible_width,expected_capacity_failure,9d124ad72c0fe2b841fbfc927ec45c35cb413a6a0e01baada17f1025709d315c,9626c07cf4ccf3251a3585a4b367551c7a78f57218970c0d71f73f221adea5d3,22e05ea2e1684256cfcefc889a4c658b5530de8a
inst_041b2d91ccdc07271608f44a7f021336dab5e35d5c3753501859d4ba17b039f0,cubic_spin_glass,train,matched_random_selective,all_to_all_reference,25,25,0,5,5,162.4,160.0,3.265986323710904,161.11973336110532,163.6802666388947,96.4,96.0,5.346338310781813,94.30423538217353,98.49576461782648,0.0,0.0,0.0,0.0,0.001701884000794962,0.0016465999942738563,pass,,9d124ad72c0fe2b841fbfc927ec45c35cb413a6a0e01baada17f1025709d315c,9626c07cf4ccf3251a3585a4b367551c7a78f57218970c0d71f73f221adea5d3,22e05ea2e1684256cfcefc889a4c658b5530de8a
inst_041b2d91ccdc07271608f44a7f021336dab5e35d5c3753501859d4ba17b039f0,cubic_spin_glass,train,matched_random_selective,device_sparse_v1,25,0,25,5,5,,,,,,,,,,,,,,,,,expected_infeasible_width,expected_capacity_failure,9d124ad72c0fe2b841fbfc927ec45c35cb413a6a0e01baada17f1025709d315c,9626c07cf4ccf3251a3585a4b367551c7a78f57218970c0d71f73f221adea5d3,22e05ea2e1684256cfcefc889a4c658b5530de8a
inst_041b2d91ccdc07271608f44a7f021336dab5e35d5c3753501859d4ba17b039f0,cubic_spin_glass,train,selective,all_to_all_reference,5,5,0,0,5,148.0,148.0,0.0,148.0,148.0,75.0,75.0,0.0,75.0,75.0,0.0,0.0,0.0,0.0,0.0015364799939561636,0.0015414999797940254,pass,,9d124ad72c0fe2b841fbfc927ec45c35cb413a6a0e01baada17f1025709d315c,9626c07cf4ccf3251a3585a4b367551c7a78f57218970c0d71f73f221adea5d3,22e05ea2e1684256cfcefc889a4c658b5530de8a
inst_041b2d91ccdc07271608f44a7f021336dab5e35d5c3753501859d4ba17b039f0,cubic_spin_glass,train,selective,device_sparse_v1,5,0,5,0,5,,,,,,,,,,,,,,,,,expected_infeasible_width,expected_capacity_failure,9d124ad72c0fe2b841fbfc927ec45c35cb413a6a0e01baada17f1025709d315c,9626c07cf4ccf3251a3585a4b367551c7a78f57218970c0d71f73f221adea5d3,22e05ea2e1684256cfcefc889a4c658b5530de8a
inst_045300c745f73b669876b3afdc81d7417e52170ce23c2a4519e917c0df3a8b14,cubic_spin_glass,validation,all_native,all_to_all_reference,5,5,0,0,5,192.0,192.0,0.0,192.0,192.0,158.0,158.0,0.0,158.0,158.0,0.0,0.0,0.0,0.0,0.002844560000812635,0.002810000005410984,pass,,9d124ad72c0fe2b841fbfc927ec45c35cb413a6a0e01baada17f1025709d315c,9626c07cf4ccf3251a3585a4b367551c7a78f57218970c0d71f73f221adea5d3,22e05ea2e1684256cfcefc889a4c658b5530de8a
inst_045300c745f73b669876b3afdc81d7417e52170ce23c2a4519e917c0df3a8b14,cubic_spin_glass,validation,all_native,device_sparse_v1,5,5,0,0,5,379.6,380.0,14.587666023048376,366.81334695864473,392.3866530413553,272.0,264.0,17.30606829987678,256.83056230442276,287.16943769557724,70.4,70.0,187.6,188.0,0.013155820005340501,0.013022200000705197,pass,,9d124ad72c0fe2b841fbfc927ec45c35cb413a6a0e01baada17f1025709d315c,9626c07cf4ccf3251a3585a4b367551c7a78f57218970c0d71f73f221adea5d3,22e05ea2e1684256cfcefc889a4c658b5530de8a
inst_045300c745f73b669876b3afdc81d7417e52170ce23c2a4519e917c0df3a8b14,cubic_spin_glass,validation,fully_quadratized,all_to_all_reference,5,5,0,0,5,262.0,262.0,0.0,262.0,262.0,64.0,64.0,0.0,64.0,64.0,0.0,0.0,0.0,0.0,0.0032398599956650286,0.0033585000201128423,pass,,9d124ad72c0fe2b841fbfc927ec45c35cb413a6a0e01baada17f1025709d315c,9626c07cf4ccf3251a3585a4b367551c7a78f57218970c0d71f73f221adea5d3,22e05ea2e1684256cfcefc889a4c658b5530de8a
inst_045300c745f73b669876b3afdc81d7417e52170ce23c2a4519e917c0df3a8b14,cubic_spin_glass,validation,fully_quadratized,device_sparse_v1,5,0,5,0,5,,,,,,,,,,,,,,,,,expected_infeasible_width,expected_capacity_failure,9d124ad72c0fe2b841fbfc927ec45c35cb413a6a0e01baada17f1025709d315c,9626c07cf4ccf3251a3585a4b367551c7a78f57218970c0d71f73f221adea5d3,22e05ea2e1684256cfcefc889a4c658b5530de8a
inst_045300c745f73b669876b3afdc81d7417e52170ce23c2a4519e917c0df3a8b14,cubic_spin_glass,validation,matched_random_selective,all_to_all_reference,25,25,0,5,5,218.4,218.0,3.511884584284246,217.02334124296058,219.77665875703943,154.6,154.0,6.075908711186061,152.21824378521507,156.98175621478492,0.0,0.0,0.0,0.0,0.0028099720017053186,0.002897900005336851,pass,,9d124ad72c0fe2b841fbfc927ec45c35cb413a6a0e01baada17f1025709d315c,9626c07cf4ccf3251a3585a4b367551c7a78f57218970c0d71f73f221adea5d3,22e05ea2e1684256cfcefc889a4c658b5530de8a
inst_045300c745f73b669876b3afdc81d7417e52170ce23c2a4519e917c0df3a8b14,cubic_spin_glass,validation,matched_random_selective,device_sparse_v1,25,0,25,5,5,,,,,,,,,,,,,,,,,expected_infeasible_width,expected_capacity_failure,9d124ad72c0fe2b841fbfc927ec45c35cb413a6a0e01baada17f1025709d315c,9626c07cf4ccf3251a3585a4b367551c7a78f57218970c0d71f73f221adea5d3,22e05ea2e1684256cfcefc889a4c658b5530de8a
inst_045300c745f73b669876b3afdc81d7417e52170ce23c2a4519e917c0df3a8b14,cubic_spin_glass,validation,selective,all_to_all_reference,5,5,0,0,5,208.0,208.0,0.0,208.0,208.0,124.0,124.0,0.0,124.0,124.0,0.0,0.0,0.0,0.0,0.002550559985684231,0.0022131999721750617,pass,,9d124ad72c0fe2b841fbfc927ec45c35cb413a6a0e01baada17f1025709d315c,9626c07cf4ccf3251a3585a4b367551c7a78f57218970c0d71f73f221adea5d3,22e05ea2e1684256cfcefc889a4c658b5530de8a
inst_045300c745f73b669876b3afdc81d7417e52170ce23c2a4519e917c0df3a8b14,cubic_spin_glass,validation,selective,device_sparse_v1,5,0,5,0,5,,,,,,,,,,,,,,,,,expected_infeasible_width,expected_capacity_failure,9d124ad72c0fe2b841fbfc927ec45c35cb413a6a0e01baada17f1025709d315c,9626c07cf4ccf3251a3585a4b367551c7a78f57218970c0d71f73f221adea5d3,22e05ea2e1684256cfcefc889a4c658b5530de8a
inst_04a1b89230c5a6026d670ebcad2bd30c736104ed6ac28632205ec9169547e9f9,max3sat,train,all_native,all_to_all_reference,5,5,0,0,5,66.0,66.0,0.0,66.0,66.0,49.0,49.0,0.0,49.0,49.0,0.0,0.0,0.0,0.0,0.0007853800023440271,0.0007172000186983496,pass,,9d124ad72c0fe2b841fbfc927ec45c35cb413a6a0e01baada17f1025709d315c,9626c07cf4ccf3251a3585a4b367551c7a78f57218970c0d71f73f221adea5d3,22e05ea2e1684256cfcefc889a4c658b5530de8a
inst_04a1b89230c5a6026d670ebcad2bd30c736104ed6ac28632205ec9169547e9f9,max3sat,train,all_native,device_sparse_v1,5,5,0,0,5,100.8,99.0,3.420526275297414,97.80177652600744,103.79822347399255,84.0,82.0,3.4641016151377544,80.96358105657339,87.03641894342661,13.2,13.0,34.8,33.0,0.008339299994986504,0.00845989998197183,pass,,9d124ad72c0fe2b841fbfc927ec45c35cb413a6a0e01baada17f1025709d315c,9626c07cf4ccf3251a3585a4b367551c7a78f57218970c0d71f73f221adea5d3,22e05ea2e1684256cfcefc889a4c658b5530de8a
inst_04a1b89230c5a6026d670ebcad2bd30c736104ed6ac28632205ec9169547e9f9,max3sat,train,fully_quadratized,all_to_all_reference,5,5,0,0,5,56.0,56.0,0.0,56.0,56.0,30.0,30.0,0.0,30.0,30.0,0.0,0.0,0.0,0.0,0.001074899995001033,0.000977399991825223,pass,,9d124ad72c0fe2b841fbfc927ec45c35cb413a6a0e01baada17f1025709d315c,9626c07cf4ccf3251a3585a4b367551c7a78f57218970c0d71f73f221adea5d3,22e05ea2e1684256cfcefc889a4c658b5530de8a
inst_04a1b89230c5a6026d670ebcad2bd30c736104ed6ac28632205ec9169547e9f9,max3sat,train,fully_quadratized,device_sparse_v1,5,5,0,0,5,87.6,89.0,3.0495901363953815,84.92691638739076,90.27308361260923,56.4,55.0,6.8044103344816,50.43567137055645,62.36432862944355,11.6,12.0,31.6,33.0,0.0075578800053335725,0.008079899998847395,pass,,9d124ad72c0fe2b841fbfc927ec45c35cb413a6a0e01baada17f1025709d315c,9626c07cf4ccf3251a3585a4b367551c7a78f57218970c0d71f73f221adea5d3,22e05ea2e1684256cfcefc889a4c658b5530de8a
inst_04a1b89230c5a6026d670ebcad2bd30c736104ed6ac28632205ec9169547e9f9,max3sat,train,matched_random_selective,all_to_all_reference,25,25,0,5,5,67.6,68.0,4.163331998932265,65.96797385641855,69.23202614358144,41.8,43.0,3.253203549323856,40.52474420866505,43.075255791334946,0.0,0.0,0.0,0.0,0.0009448600024916232,0.0009602000063750893,pass,,9d124ad72c0fe2b841fbfc927ec45c35cb413a6a0e01baada17f1025709d315c,9626c07cf4ccf3251a3585a4b367551c7a78f57218970c0d71f73f221adea5d3,22e05ea2e1684256cfcefc889a4c658b5530de8a
inst_04a1b89230c5a6026d670ebcad2bd30c736104ed6ac28632205ec9169547e9f9,max3sat,train,matched_random_selective,device_sparse_v1,25,25,0,5,5,108.2,109.0,8.421203397773187,104.89888826807291,111.5011117319271,74.16,75.0,6.606057825965498,71.57042533222152,76.74957466777848,15.0,15.0,40.6,40.0,0.0074434239999391135,0.007400799979222938,pass,,9d124ad72c0fe2b841fbfc927ec45c35cb413a6a0e01baada17f1025709d315c,9626c07cf4ccf3251a3585a4b367551c7a78f57218970c0d71f73f221adea5d3,22e05ea2e1684256cfcefc889a4c658b5530de8a
inst_04a1b89230c5a6026d670ebcad2bd30c736104ed6ac28632205ec9169547e9f9,max3sat,train,selective,all_to_all_reference,5,5,0,0,5,56.0,56.0,0.0,56.0,56.0,28.0,28.0,0.0,28.0,28.0,0.0,0.0,0.0,0.0,0.0009379399882163853,0.0009406000026501715,pass,,9d124ad72c0fe2b841fbfc927ec45c35cb413a6a0e01baada17f1025709d315c,9626c07cf4ccf3251a3585a4b367551c7a78f57218970c0d71f73f221adea5d3,22e05ea2e1684256cfcefc889a4c658b5530de8a
inst_04a1b89230c5a6026d670ebcad2bd30c736104ed6ac28632205ec9169547e9f9,max3sat,train,selective,device_sparse_v1,5,5,0,0,5,91.2,91.0,5.118593556827891,86.71335492823424,95.68664507176577,62.4,62.0,6.024948132556827,57.118900114559466,67.68109988544053,12.8,13.0,35.2,35.0,0.00789313999703154,0.007896399998571724,pass,,9d124ad72c0fe2b841fbfc927ec45c35cb413a6a0e01baada17f1025709d315c,9626c07cf4ccf3251a3585a4b367551c7a78f57218970c0d71f73f221adea5d3,22e05ea2e1684256cfcefc889a4c658b5530de8a
inst_05aaf3936982b612481791b8cbe696e666dbac6b7c6371ca8f9309f2a7262b26,cubic_spin_glass,train,all_native,all_to_all_reference,5,5,0,0,5,32.0,32.0,0.0,32.0,32.0,28.0,28.0,0.0,28.0,28.0,0.0,0.0,0.0,0.0,0.0007074200024362653,0.00067559999297373,pass,,9d124ad72c0fe2b841fbfc927ec45c35cb413a6a0e01baada17f1025709d315c,9626c07cf4ccf3251a3585a4b367551c7a78f57218970c0d71f73f221adea5d3,22e05ea2e1684256cfcefc889a4c658b5530de8a
inst_05aaf3936982b612481791b8cbe696e666dbac6b7c6371ca8f9309f2a7262b26,cubic_spin_glass,train,all_native,device_sparse_v1,5,5,0,0,5,43.0,43.0,2.1213203435596424,41.14058073582099,44.85941926417901,35.2,35.0,2.8635642126552705,32.68997529892633,37.71002470107368,5.0,5.0,11.0,11.0,0.006587800005218014,0.006428300024708733,pass,,9d124ad72c0fe2b841fbfc927ec45c35cb413a6a0e01baada17f1025709d315c,9626c07cf4ccf3251a3585a4b367551c7a78f57218970c0d71f73f221adea5d3,22e05ea2e1684256cfcefc889a4c658b5530de8a
inst_05aaf3936982b612481791b8cbe696e666dbac6b7c6371ca8f9309f2a7262b26,cubic_spin_glass,train,fully_quadratized,all_to_all_reference,5,5,0,0,5,74.0,74.0,0.0,74.0,74.0,32.0,32.0,0.0,32.0,32.0,0.0,0.0,0.0,0.0,0.0010784000041894615,0.0010889999975915998,pass,,9d124ad72c0fe2b841fbfc927ec45c35cb413a6a0e01baada17f1025709d315c,9626c07cf4ccf3251a3585a4b367551c7a78f57218970c0d71f73f221adea5d3,22e05ea2e1684256cfcefc889a4c658b5530de8a
inst_05aaf3936982b612481791b8cbe696e666dbac6b7c6371ca8f9309f2a7262b26,cubic_spin_glass,train,fully_quadratized,device_sparse_v1,5,0,5,0,5,,,,,,,,,,,,,,,,,expected_infeasible_width,expected_capacity_failure,9d124ad72c0fe2b841fbfc927ec45c35cb413a6a0e01baada17f1025709d315c,9626c07cf4ccf3251a3585a4b367551c7a78f57218970c0d71f73f221adea5d3,22e05ea2e1684256cfcefc889a4c658b5530de8a
inst_05aaf3936982b612481791b8cbe696e666dbac6b7c6371ca8f9309f2a7262b26,cubic_spin_glass,train,matched_random_selective,all_to_all_reference,25,25,0,5,5,32.0,32.0,0.0,32.0,32.0,28.0,28.0,0.0,28.0,28.0,0.0,0.0,0.0,0.0,0.0007944640016648918,0.000736100017093122,pass,,9d124ad72c0fe2b841fbfc927ec45c35cb413a6a0e01baada17f1025709d315c,9626c07cf4ccf3251a3585a4b367551c7a78f57218970c0d71f73f221adea5d3,22e05ea2e1684256cfcefc889a4c658b5530de8a
inst_05aaf3936982b612481791b8cbe696e666dbac6b7c6371ca8f9309f2a7262b26,cubic_spin_glass,train,matched_random_selective,device_sparse_v1,25,25,0,5,5,43.0,43.0,1.9364916731037085,42.24089526414335,43.75910473585665,35.2,35.0,2.614064523559687,34.1752867067646,36.2247132932354,5.0,5.0,11.0,11.0,0.006795187998795882,0.00629089999711141,pass,,9d124ad72c0fe2b841fbfc927ec45c35cb413a6a0e01baada17f1025709d315c,9626c07cf4ccf3251a3585a4b367551c7a78f57218970c0d71f73f221adea5d3,22e05ea2e1684256cfcefc889a4c658b5530de8a
inst_05aaf3936982b612481791b8cbe696e666dbac6b7c6371ca8f9309f2a7262b26,cubic_spin_glass,train,selective,all_to_all_reference,5,5,0,0,5,32.0,32.0,0.0,32.0,32.0,28.0,28.0,0.0,28.0,28.0,0.0,0.0,0.0,0.0,0.000727899995399639,0.0007215000223368406,pass,,9d124ad72c0fe2b841fbfc927ec45c35cb413a6a0e01baada17f1025709d315c,9626c07cf4ccf3251a3585a4b367551c7a78f57218970c0d71f73f221adea5d3,22e05ea2e1684256cfcefc889a4c658b5530de8a
inst_05aaf3936982b612481791b8cbe696e666dbac6b7c6371ca8f9309f2a7262b26,cubic_spin_glass,train,selective,device_sparse_v1,5,5,0,0,5,43.0,43.0,2.1213203435596424,41.14058073582099,44.85941926417901,35.2,35.0,2.8635642126552705,32.68997529892633,37.71002470107368,5.0,5.0,11.0,11.0,0.006597559998044744,0.005915699992328882,pass,,9d124ad72c0fe2b841fbfc927ec45c35cb413a6a0e01baada17f1025709d315c,9626c07cf4ccf3251a3585a4b367551c7a78f57218970c0d71f73f221adea5d3,22e05ea2e1684256cfcefc889a4c658b5530de8a
inst_072f29754f95706f7e005ffc71c91edbc139dd5aa24177bed97dbe718ea7f2bf,cubic_spin_glass,test,all_native,all_to_all_reference,5,5,0,0,5,80.0,80.0,0.0,80.0,80.0,58.0,58.0,0.0,58.0,58.0,0.0,0.0,0.0,0.0,0.0016724799934308976,0.0015917000127956271,pass,,9d124ad72c0fe2b841fbfc927ec45c35cb413a6a0e01baada17f1025709d315c,9626c07cf4ccf3251a3585a4b367551c7a78f57218970c0d71f73f221adea5d3,22e05ea2e1684256cfcefc889a4c658b5530de8a
inst_072f29754f95706f7e005ffc71c91edbc139dd5aa24177bed97dbe718ea7f2bf,cubic_spin_glass,test,all_native,device_sparse_v1,5,0,5,0,5,,,,,,,,,,,,,,,,,expected_infeasible_width,expected_capacity_failure,9d124ad72c0fe2b841fbfc927ec45c35cb413a6a0e01baada17f1025709d315c,9626c07cf4ccf3251a3585a4b367551c7a78f57218970c0d71f73f221adea5d3,22e05ea2e1684256cfcefc889a4c658b5530de8a
inst_072f29754f95706f7e005ffc71c91edbc139dd5aa24177bed97dbe718ea7f2bf,cubic_spin_glass,test,fully_quadratized,all_to_all_reference,5,5,0,0,5,196.0,196.0,0.0,196.0,196.0,52.0,52.0,0.0,52.0,52.0,0.0,0.0,0.0,0.0,0.002134820003993809,0.002121800003806129,pass,,9d124ad72c0fe2b841fbfc927ec45c35cb413a6a0e01baada17f1025709d315c,9626c07cf4ccf3251a3585a4b367551c7a78f57218970c0d71f73f221adea5d3,22e05ea2e1684256cfcefc889a4c658b5530de8a
inst_072f29754f95706f7e005ffc71c91edbc139dd5aa24177bed97dbe718ea7f2bf,cubic_spin_glass,test,fully_quadratized,device_sparse_v1,5,0,5,0,5,,,,,,,,,,,,,,,,,expected_infeasible_width,expected_capacity_failure,9d124ad72c0fe2b841fbfc927ec45c35cb413a6a0e01baada17f1025709d315c,9626c07cf4ccf3251a3585a4b367551c7a78f57218970c0d71f73f221adea5d3,22e05ea2e1684256cfcefc889a4c658b5530de8a
inst_072f29754f95706f7e005ffc71c91edbc139dd5aa24177bed97dbe718ea7f2bf,cubic_spin_glass,test,matched_random_selective,all_to_all_reference,25,25,0,5,5,80.0,80.0,0.0,80.0,80.0,58.0,58.0,0.0,58.0,58.0,0.0,0.0,0.0,0.0,0.0014878079970367254,0.001424099988071248,pass,,9d124ad72c0fe2b841fbfc927ec45c35cb413a6a0e01baada17f1025709d315c,9626c07cf4ccf3251a3585a4b367551c7a78f57218970c0d71f73f221adea5d3,22e05ea2e1684256cfcefc889a4c658b5530de8a
inst_072f29754f95706f7e005ffc71c91edbc139dd5aa24177bed97dbe718ea7f2bf,cubic_spin_glass,test,matched_random_selective,device_sparse_v1,25,0,25,5,5,,,,,,,,,,,,,,,,,expected_infeasible_width,expected_capacity_failure,9d124ad72c0fe2b841fbfc927ec45c35cb413a6a0e01baada17f1025709d315c,9626c07cf4ccf3251a3585a4b367551c7a78f57218970c0d71f73f221adea5d3,22e05ea2e1684256cfcefc889a4c658b5530de8a
inst_072f29754f95706f7e005ffc71c91edbc139dd5aa24177bed97dbe718ea7f2bf,cubic_spin_glass,test,selective,all_to_all_reference,5,5,0,0,5,80.0,80.0,0.0,80.0,80.0,58.0,58.0,0.0,58.0,58.0,0.0,0.0,0.0,0.0,0.0014258800074458122,0.0014278000162448734,pass,,9d124ad72c0fe2b841fbfc927ec45c35cb413a6a0e01baada17f1025709d315c,9626c07cf4ccf3251a3585a4b367551c7a78f57218970c0d71f73f221adea5d3,22e05ea2e1684256cfcefc889a4c658b5530de8a
inst_072f29754f95706f7e005ffc71c91edbc139dd5aa24177bed97dbe718ea7f2bf,cubic_spin_glass,test,selective,device_sparse_v1,5,0,5,0,5,,,,,,,,,,,,,,,,,expected_infeasible_width,expected_capacity_failure,9d124ad72c0fe2b841fbfc927ec45c35cb413a6a0e01baada17f1025709d315c,9626c07cf4ccf3251a3585a4b367551c7a78f57218970c0d71f73f221adea5d3,22e05ea2e1684256cfcefc889a4c658b5530de8a
inst_09df17a7dbe096483467d57e9c9d266ad5eb41ac3c025e192b9df142b00904b3,cubic_spin_glass,train,all_native,all_to_all_reference,5,5,0,0,5,160.0,160.0,0.0,160.0,160.0,126.0,126.0,0.0,126.0,126.0,0.0,0.0,0.0,0.0,0.001968919998034835,0.001795399992261082,pass,,9d124ad72c0fe2b841fbfc927ec45c35cb413a6a0e01baada17f1025709d315c,9626c07cf4ccf3251a3585a4b367551c7a78f57218970c0d71f73f221adea5d3,22e05ea2e1684256cfcefc889a4c658b5530de8a
inst_09df17a7dbe096483467d57e9c9d266ad5eb41ac3c025e192b9df142b00904b3,cubic_spin_glass,train,all_native,device_sparse_v1,5,0,5,0,5,,,,,,,,,,,,,,,,,expected_infeasible_width,expected_capacity_failure,9d124ad72c0fe2b841fbfc927ec45c35cb413a6a0e01baada17f1025709d315c,9626c07cf4ccf3251a3585a4b367551c7a78f57218970c0d71f73f221adea5d3,22e05ea2e1684256cfcefc889a4c658b5530de8a
inst_09df17a7dbe096483467d57e9c9d266ad5eb41ac3c025e192b9df142b00904b3,cubic_spin_glass,train,fully_quadratized,all_to_all_reference,5,5,0,0,5,224.0,224.0,0.0,224.0,224.0,62.0,62.0,0.0,62.0,62.0,0.0,0.0,0.0,0.0,0.0019893600081559272,0.002066399989416823,pass,,9d124ad72c0fe2b841fbfc927ec45c35cb413a6a0e01baada17f1025709d315c,9626c07cf4ccf3251a3585a4b367551c7a78f57218970c0d71f73f221adea5d3,22e05ea2e1684256cfcefc889a4c658b5530de8a
inst_09df17a7dbe096483467d57e9c9d266ad5eb41ac3c025e192b9df142b00904b3,cubic_spin_glass,train,fully_quadratized,device_sparse_v1,5,0,5,0,5,,,,,,,,,,,,,,,,,expected_infeasible_width,expected_capacity_failure,9d124ad72c0fe2b841fbfc927ec45c35cb413a6a0e01baada17f1025709d315c,9626c07cf4ccf3251a3585a4b367551c7a78f57218970c0d71f73f221adea5d3,22e05ea2e1684256cfcefc889a4c658b5530de8a
inst_09df17a7dbe096483467d57e9c9d266ad5eb41ac3c025e192b9df142b00904b3,cubic_spin_glass,train,matched_random_selective,all_to_all_reference,25,25,0,5,5,174.4,176.0,2.0,173.616,175.184,126.0,124.0,4.699290726623895,124.15787803516344,127.84212196483656,0.0,0.0,0.0,0.0,0.002395796000491828,0.0023043999972287565,pass,,9d124ad72c0fe2b841fbfc927ec45c35cb413a6a0e01baada17f1025709d315c,9626c07cf4ccf3251a3585a4b367551c7a78f57218970c0d71f73f221adea5d3,22e05ea2e1684256cfcefc889a4c658b5530de8a
inst_09df17a7dbe096483467d57e9c9d266ad5eb41ac3c025e192b9df142b00904b3,cubic_spin_glass,train,matched_random_selective,device_sparse_v1,25,0,25,5,5,,,,,,,,,,,,,,,,,expected_infeasible_width,expected_capacity_failure,9d124ad72c0fe2b841fbfc927ec45c35cb413a6a0e01baada17f1025709d315c,9626c07cf4ccf3251a3585a4b367551c7a78f57218970c0d71f73f221adea5d3,22e05ea2e1684256cfcefc889a4c658b5530de8a
inst_09df17a7dbe096483467d57e9c9d266ad5eb41ac3c025e192b9df142b00904b3,cubic_spin_glass,train,selective,all_to_all_reference,5,5,0,0,5,176.0,176.0,0.0,176.0,176.0,91.0,91.0,0.0,91.0,91.0,0.0,0.0,0.0,0.0,0.002475019998382777,0.002327900001546368,pass,,9d124ad72c0fe2b841fbfc927ec45c35cb413a6a0e01baada17f1025709d315c,9626c07cf4ccf3251a3585a4b367551c7a78f57218970c0d71f73f221adea5d3,22e05ea2e1684256cfcefc889a4c658b5530de8a
inst_09df17a7dbe096483467d57e9c9d266ad5eb41ac3c025e192b9df142b00904b3,cubic_spin_glass,train,selective,device_sparse_v1,5,0,5,0,5,,,,,,,,,,,,,,,,,expected_infeasible_width,expected_capacity_failure,9d124ad72c0fe2b841fbfc927ec45c35cb413a6a0e01baada17f1025709d315c,9626c07cf4ccf3251a3585a4b367551c7a78f57218970c0d71f73f221adea5d3,22e05ea2e1684256cfcefc889a4c658b5530de8a
inst_0a73f63fb3161b683c1ecca2d45ca1ed0133a0bb6ac68f9b778657cfc7aa7e0f,max3sat,validation,all_native,all_to_all_reference,5,5,0,0,5,564.0,564.0,0.0,564.0,564.0,284.0,284.0,0.0,284.0,284.0,0.0,0.0,0.0,0.0,0.004238280007848516,0.004247500008204952,pass,,9d124ad72c0fe2b841fbfc927ec45c35cb413a6a0e01baada17f1025709d315c,9626c07cf4ccf3251a3585a4b367551c7a78f57218970c0d71f73f221adea5d3,22e05ea2e1684256cfcefc889a4c658b5530de8a
inst_0a73f63fb3161b683c1ecca2d45ca1ed0133a0bb6ac68f9b778657cfc7aa7e0f,max3sat,validation,all_native,device_sparse_v1,5,0,5,0,5,,,,,,,,,,,,,,,,,expected_infeasible_width,expected_capacity_failure,9d124ad72c0fe2b841fbfc927ec45c35cb413a6a0e01baada17f1025709d315c,9626c07cf4ccf3251a3585a4b367551c7a78f57218970c0d71f73f221adea5d3,22e05ea2e1684256cfcefc889a4c658b5530de8a
inst_0a73f63fb3161b683c1ecca2d45ca1ed0133a0bb6ac68f9b778657cfc7aa7e0f,max3sat,validation,fully_quadratized,all_to_all_reference,5,5,0,0,5,484.0,484.0,0.0,484.0,484.0,88.0,88.0,0.0,88.0,88.0,0.0,0.0,0.0,0.0,0.01417140000849031,0.006743600009940565,pass,,9d124ad72c0fe2b841fbfc927ec45c35cb413a6a0e01baada17f1025709d315c,9626c07cf4ccf3251a3585a4b367551c7a78f57218970c0d71f73f221adea5d3,22e05ea2e1684256cfcefc889a4c658b5530de8a
inst_0a73f63fb3161b683c1ecca2d45ca1ed0133a0bb6ac68f9b778657cfc7aa7e0f,max3sat,validation,fully_quadratized,device_sparse_v1,5,0,5,0,5,,,,,,,,,,,,,,,,,expected_infeasible_width,expected_capacity_failure,9d124ad72c0fe2b841fbfc927ec45c35cb413a6a0e01baada17f1025709d315c,9626c07cf4ccf3251a3585a4b367551c7a78f57218970c0d71f73f221adea5d3,22e05ea2e1684256cfcefc889a4c658b5530de8a
inst_0a73f63fb3161b683c1ecca2d45ca1ed0133a0bb6ac68f9b778657cfc7aa7e0f,max3sat,validation,matched_random_selective,all_to_all_reference,25,25,0,5,5,595.2,596.0,5.41602560309064,593.0769179635885,597.3230820364116,213.4,218.0,10.054020754570448,209.4588238642084,217.3411761357916,0.0,0.0,0.0,0.0,0.005644691998604685,0.005097899993415922,pass,,9d124ad72c0fe2b841fbfc927ec45c35cb413a6a0e01baada17f1025709d315c,9626c07cf4ccf3251a3585a4b367551c7a78f57218970c0d71f73f221adea5d3,22e05ea2e1684256cfcefc889a4c658b5530de8a
inst_0a73f63fb3161b683c1ecca2d45ca1ed0133a0bb6ac68f9b778657cfc7aa7e0f,max3sat,validation,matched_random_selective,device_sparse_v1,25,0,25,5,5,,,,,,,,,,,,,,,,,expected_infeasible_width,expected_capacity_failure,9d124ad72c0fe2b841fbfc927ec45c35cb413a6a0e01baada17f1025709d315c,9626c07cf4ccf3251a3585a4b367551c7a78f57218970c0d71f73f221adea5d3,22e05ea2e1684256cfcefc889a4c658b5530de8a
inst_0a73f63fb3161b683c1ecca2d45ca1ed0133a0bb6ac68f9b778657cfc7aa7e0f,max3sat,validation,selective,all_to_all_reference,5,5,0,0,5,506.0,506.0,0.0,506.0,506.0,120.0,120.0,0.0,120.0,120.0,0.0,0.0,0.0,0.0,0.006471259996760637,0.005925899982685223,pass,,9d124ad72c0fe2b841fbfc927ec45c35cb413a6a0e01baada17f1025709d315c,9626c07cf4ccf3251a3585a4b367551c7a78f57218970c0d71f73f221adea5d3,22e05ea2e1684256cfcefc889a4c658b5530de8a
inst_0a73f63fb3161b683c1ecca2d45ca1ed0133a0bb6ac68f9b778657cfc7aa7e0f,max3sat,validation,selective,device_sparse_v1,5,0,5,0,5,,,,,,,,,,,,,,,,,expected_infeasible_width,expected_capacity_failure,9d124ad72c0fe2b841fbfc927ec45c35cb413a6a0e01baada17f1025709d315c,9626c07cf4ccf3251a3585a4b367551c7a78f57218970c0d71f73f221adea5d3,22e05ea2e1684256cfcefc889a4c658b5530de8a
inst_0acf907b55a053afe21f59b938b915b2995d1239482407859acb7f7817e7ba44,cubic_spin_glass,train,all_native,all_to_all_reference,5,5,0,0,5,48.0,48.0,0.0,48.0,48.0,39.0,39.0,0.0,39.0,39.0,0.0,0.0,0.0,0.0,0.0011693799984641372,0.0011906000145245343,pass,,9d124ad72c0fe2b841fbfc927ec45c35cb413a6a0e01baada17f1025709d315c,9626c07cf4ccf3251a3585a4b367551c7a78f57218970c0d71f73f221adea5d3,22e05ea2e1684256cfcefc889a4c658b5530de8a
inst_0acf907b55a053afe21f59b938b915b2995d1239482407859acb7f7817e7ba44,cubic_spin_glass,train,all_native,device_sparse_v1,5,5,0,0,5,74.8,75.0,3.8340579025361627,71.43930007290147,78.16069992709852,52.8,55.0,4.324349662087931,49.00954039726051,56.590459602739486,10.8,11.0,26.8,27.0,0.006746719992952422,0.006718299991916865,pass,,9d124ad72c0fe2b841fbfc927ec45c35cb413a6a0e01baada17f1025709d315c,9626c07cf4ccf3251a3585a4b367551c7a78f57218970c0d71f73f221adea5d3,22e05ea2e1684256cfcefc889a4c658b5530de8a
inst_0acf907b55a053afe21f59b938b915b2995d1239482407859acb7f7817e7ba44,cubic_spin_glass,train,fully_quadratized,all_to_all_reference,5,5,0,0,5,112.0,112.0,0.0,112.0,112.0,34.0,34.0,0.0,34.0,34.0,0.0,0.0,0.0,0.0,0.0013305600034072996,0.0012781999830622226,pass,,9d124ad72c0fe2b841fbfc927ec45c35cb413a6a0e01baada17f1025709d315c,9626c07cf4ccf3251a3585a4b367551c7a78f57218970c0d71f73f221adea5d3,22e05ea2e1684256cfcefc889a4c658b5530de8a
inst_0acf907b55a053afe21f59b938b915b2995d1239482407859acb7f7817e7ba44,cubic_spin_glass,train,fully_quadratized,device_sparse_v1,5,0,5,0,5,,,,,,,,,,,,,,,,,expected_infeasible_width,expected_capacity_failure,9d124ad72c0fe2b841fbfc927ec45c35cb413a6a0e01baada17f1025709d315c,9626c07cf4ccf3251a3585a4b367551c7a78f57218970c0d71f73f221adea5d3,22e05ea2e1684256cfcefc889a4c658b5530de8a
inst_0acf907b55a053afe21f59b938b915b2995d1239482407859acb7f7817e7ba44,cubic_spin_glass,train,matched_random_selective,all_to_all_reference,25,25,0,5,5,48.0,48.0,0.0,48.0,48.0,39.0,39.0,0.0,39.0,39.0,0.0,0.0,0.0,0.0,0.001190912004094571,0.0012301999959163368,pass,,9d124ad72c0fe2b841fbfc927ec45c35cb413a6a0e01baada17f1025709d315c,9626c07cf4ccf3251a3585a4b367551c7a78f57218970c0d71f73f221adea5d3,22e05ea2e1684256cfcefc889a4c658b5530de8a
inst_0acf907b55a053afe21f59b938b915b2995d1239482407859acb7f7817e7ba44,cubic_spin_glass,train,matched_random_selective,device_sparse_v1,25,25,0,5,5,74.8,75.0,3.5,73.428,76.172,52.8,55.0,3.947573094109004,51.25255134710927,54.347448652890726,10.8,11.0,26.8,27.0,0.006841359998797997,0.0068057999887969345,pass,,9d124ad72c0fe2b841fbfc927ec45c35cb413a6a0e01baada17f1025709d315c,9626c07cf4ccf3251a3585a4b367551c7a78f57218970c0d71f73f221adea5d3,22e05ea2e1684256cfcefc889a4c658b5530de8a
inst_0acf907b55a053afe21f59b938b915b2995d1239482407859acb7f7817e7ba44,cubic_spin_glass,train,selective,all_to_all_reference,5,5,0,0,5,48.0,48.0,0.0,48.0,48.0,39.0,39.0,0.0,39.0,39.0,0.0,0.0,0.0,0.0,0.0011514399957377464,0.0012214999878779054,pass,,9d124ad72c0fe2b841fbfc927ec45c35cb413a6a0e01baada17f1025709d315c,9626c07cf4ccf3251a3585a4b367551c7a78f57218970c0d71f73f221adea5d3,22e05ea2e1684256cfcefc889a4c658b5530de8a
inst_0acf907b55a053afe21f59b938b915b2995d1239482407859acb7f7817e7ba44,cubic_spin_glass,train,selective,device_sparse_v1,5,5,0,0,5,74.8,75.0,3.8340579025361627,71.43930007290147,78.16069992709852,52.8,55.0,4.324349662087931,49.00954039726051,56.590459602739486,10.8,11.0,26.8,27.0,0.007075799989979714,0.00704799999948591,pass,,9d124ad72c0fe2b841fbfc927ec45c35cb413a6a0e01baada17f1025709d315c,9626c07cf4ccf3251a3585a4b367551c7a78f57218970c0d71f73f221adea5d3,22e05ea2e1684256cfcefc889a4c658b5530de8a
inst_0cb8147f35cb319c98db07725be6b560d9ac23b0be515d6aabe4baafcfed6cea,max3sat,validation,all_native,all_to_all_reference,5,5,0,0,5,86.0,86.0,0.0,86.0,86.0,60.0,60.0,0.0,60.0,60.0,0.0,0.0,0.0,0.0,0.000930579996202141,0.000999599986243993,pass,,9d124ad72c0fe2b841fbfc927ec45c35cb413a6a0e01baada17f1025709d315c,9626c07cf4ccf3251a3585a4b367551c7a78f57218970c0d71f73f221adea5d3,22e05ea2e1684256cfcefc889a4c658b5530de8a
inst_0cb8147f35cb319c98db07725be6b560d9ac23b0be515d6aabe4baafcfed6cea,max3sat,validation,all_native,device_sparse_v1,5,5,0,0,5,141.4,139.0,5.128352561983234,136.90480078305757,145.89519921694244,105.0,104.0,3.3166247903554,102.0928501930585,107.9071498069415,20.2,19.0,55.4,53.0,0.008491620002314449,0.008645699999760836,pass,,9d124ad72c0fe2b841fbfc927ec45c35cb413a6a0e01baada17f1025709d315c,9626c07cf4ccf3251a3585a4b367551c7a78f57218970c0d71f73f221adea5d3,22e05ea2e1684256cfcefc889a4c658b5530de8a
inst_0cb8147f35cb319c98db07725be6b560d9ac23b0be515d6aabe4baafcfed6cea,max3sat,validation,fully_quadratized,all_to_all_reference,5,5,0,0,5,74.0,74.0,0.0,74.0,74.0,26.0,26.0,0.0,26.0,26.0,0.0,0.0,0.0,0.0,0.0010772199952043594,0.001049900020007044,pass,,9d124ad72c0fe2b841fbfc927ec45c35cb413a6a0e01baada17f1025709d315c,9626c07cf4ccf3251a3585a4b367551c7a78f57218970c0d71f73f221adea5d3,22e05ea2e1684256cfcefc889a4c658b5530de8a
inst_0cb8147f35cb319c98db07725be6b560d9ac23b0be515d6aabe4baafcfed6cea,max3sat,validation,fully_quadratized,device_sparse_v1,5,0,5,0,5,,,,,,,,,,,,,,,,,expected_infeasible_width,expected_capacity_failure,9d124ad72c0fe2b841fbfc927ec45c35cb413a6a0e01baada17f1025709d315c,9626c07cf4ccf3251a3585a4b367551c7a78f57218970c0d71f73f221adea5d3,22e05ea2e1684256cfcefc889a4c658b5530de8a
inst_0cb8147f35cb319c98db07725be6b560d9ac23b0be515d6aabe4baafcfed6cea,max3sat,validation,matched_random_selective,all_to_all_reference,25,25,0,5,5,90.8,90.0,1.0,90.408,91.192,50.6,49.0,6.075908711186061,48.218243785215066,52.98175621478494,0.0,0.0,0.0,0.0,0.0010283839993644505,0.0009483000030741096,pass,,9d124ad72c0fe2b841fbfc927ec45c35cb413a6a0e01baada17f1025709d315c,9626c07cf4ccf3251a3585a4b367551c7a78f57218970c0d71f73f221adea5d3,22e05ea2e1684256cfcefc889a4c658b5530de8a
inst_0cb8147f35cb319c98db07725be6b560d9ac23b0be515d6aabe4baafcfed6cea,max3sat,validation,matched_random_selective,device_sparse_v1,25,25,0,5,5,157.76,159.0,7.417771453296019,154.85223359030795,160.66776640969204,100.92,101.0,8.103085831953157,97.74359035387437,104.09640964612564,24.4,25.0,66.96,68.0,0.007777956000063568,0.007782400003634393,pass,,9d124ad72c0fe2b841fbfc927ec45c35cb413a6a0e01baada17f1025709d315c,9626c07cf4ccf3251a3585a4b367551c7a78f57218970c0d71f73f221adea5d3,22e05ea2e1684256cfcefc889a4c658b5530de8a
inst_0cb8147f35cb319c98db07725be6b560d9ac23b0be515d6aabe4baafcfed6cea,max3sat,validation,selective,all_to_all_reference,5,5,0,0,5,80.0,80.0,0.0,80.0,80.0,36.0,36.0,0.0,36.0,36.0,0.0,0.0,0.0,0.0,0.0011417599976994096,0.0010978999780490994,pass,,9d124ad72c0fe2b841fbfc927ec45c35cb413a6a0e01baada17f1025709d315c,9626c07cf4ccf3251a3585a4b367551c7a78f57218970c0d71f73f221adea5d3,22e05ea2e1684256cfcefc889a4c658b5530de8a
inst_0cb8147f35cb319c98db07725be6b560d9ac23b0be515d6aabe4baafcfed6cea,max3sat,validation,selective,device_sparse_v1,5,5,0,0,5,139.2,138.0,3.1144823004794873,136.4700358976719,141.92996410232809,82.2,81.0,11.454256850621082,72.1599011957053,92.2400988042947,21.2,21.0,59.2,58.0,0.00848737999331206,0.008471600012853742,pass,,9d124ad72c0fe2b841fbfc927ec45c35cb413a6a0e01baada17f1025709d315c,9626c07cf4ccf3251a3585a4b367551c7a78f57218970c0d71f73f221adea5d3,22e05ea2e1684256cfcefc889a4c658b5530de8a
inst_13030ed96c3ca324374d60f8d25452134295fce62c10aca2ac1f801aa32741cc,cubic_spin_glass,test,all_native,all_to_all_reference,5,5,0,0,5,128.0,128.0,0.0,128.0,128.0,115.0,115.0,0.0,115.0,115.0,0.0,0.0,0.0,0.0,0.001674960006494075,0.001736900012474507,pass,,9d124ad72c0fe2b841fbfc927ec45c35cb413a6a0e01baada17f1025709d315c,9626c07cf4ccf3251a3585a4b367551c7a78f57218970c0d71f73f221adea5d3,22e05ea2e1684256cfcefc889a4c658b5530de8a
inst_13030ed96c3ca324374d60f8d25452134295fce62c10aca2ac1f801aa32741cc,cubic_spin_glass,test,all_native,device_sparse_v1,5,5,0,0,5,223.0,223.0,4.847679857416329,218.75082125581895,227.24917874418105,185.6,188.0,7.797435475847172,178.76524645652822,192.43475354347177,37.0,37.0,95.0,95.0,0.010100240004248917,0.009890499990433455,pass,,9d124ad72c0fe2b841fbfc927ec45c35cb413a6a0e01baada17f1025709d315c,9626c07cf4ccf3251a3585a4b367551c7a78f57218970c0d71f73f221adea5d3,22e05ea2e1684256cfcefc889a4c658b5530de8a
inst_13030ed96c3ca324374d60f8d25452134295fce62c10aca2ac1f801aa32741cc,cubic_spin_glass,test,fully_quadratized,all_to_all_reference,5,5,0,0,5,134.0,134.0,0.0,134.0,134.0,40.0,40.0,0.0,40.0,40.0,0.0,0.0,0.0,0.0,0.0017399599950294943,0.001734499994199723,pass,,9d124ad72c0fe2b841fbfc927ec45c35cb413a6a0e01baada17f1025709d315c,9626c07cf4ccf3251a3585a4b367551c7a78f57218970c0d71f73f221adea5d3,22e05ea2e1684256cfcefc889a4c658b5530de8a
inst_13030ed96c3ca324374d60f8d25452134295fce62c10aca2ac1f801aa32741cc,cubic_spin_glass,test,fully_quadratized,device_sparse_v1,5,0,5,0,5,,,,,,,,,,,,,,,,,expected_infeasible_width,expected_capacity_failure,9d124ad72c0fe2b841fbfc927ec45c35cb413a6a0e01baada17f1025709d315c,9626c07cf4ccf3251a3585a4b367551c7a78f57218970c0d71f73f221adea5d3,22e05ea2e1684256cfcefc889a4c658b5530de8a
inst_13030ed96c3ca324374d60f8d25452134295fce62c10aca2ac1f801aa32741cc,cubic_spin_glass,test,matched_random_selective,all_to_all_reference,25,25,0,5,5,154.0,152.0,3.415650255319866,152.66106509991462,155.33893490008538,108.6,110.0,3.0686587732536617,107.39708576088456,109.80291423911542,0.0,0.0,0.0,0.0,0.0017699199984781444,0.0018268999992869794,pass,,9d124ad72c0fe2b841fbfc927ec45c35cb413a6a0e01baada17f1025709d315c,9626c07cf4ccf3251a3585a4b367551c7a78f57218970c0d71f73f221adea5d3,22e05ea2e1684256cfcefc889a4c658b5530de8a
inst_13030ed96c3ca324374d60f8d25452134295fce62c10aca2ac1f801aa32741cc,cubic_spin_glass,test,matched_random_selective,device_sparse_v1,25,25,0,5,5,271.04,269.0,17.75171353231381,264.081328295333,277.99867170466706,189.32,191.0,12.324501342177433,184.48879547386645,194.15120452613354,44.08,44.0,117.04,116.0,0.009894915997283532,0.009944199991878122,pass,,9d124ad72c0fe2b841fbfc927ec45c35cb413a6a0e01baada17f1025709d315c,9626c07cf4ccf3251a3585a4b367551c7a78f57218970c0d71f73f221adea5d3,22e05ea2e1684256cfcefc889a4c658b5530de8a
inst_13030ed96c3ca324374d60f8d25452134295fce62c10aca2ac1f801aa32741cc,cubic_spin_glass,test,selective,all_to_all_reference,5,5,0,0,5,134.0,134.0,0.0,134.0,134.0,77.0,77.0,0.0,77.0,77.0,0.0,0.0,0.0,0.0,0.0018281999917235225,0.0018409999902360141,pass,,9d124ad72c0fe2b841fbfc927ec45c35cb413a6a0e01baada17f1025709d315c,9626c07cf4ccf3251a3585a4b367551c7a78f57218970c0d71f73f221adea5d3,22e05ea2e1684256cfcefc889a4c658b5530de8a
inst_13030ed96c3ca324374d60f8d25452134295fce62c10aca2ac1f801aa32741cc,cubic_spin_glass,test,selective,device_sparse_v1,5,5,0,0,5,231.2,231.0,4.381780460041329,227.35920008331595,235.04079991668402,150.6,151.0,3.361547262794322,147.6534739098389,153.54652609016108,37.6,38.0,97.2,97.0,0.010048260004259646,0.010135899996384978,pass,,9d124ad72c0fe2b841fbfc927ec45c35cb413a6a0e01baada17f1025709d315c,9626c07cf4ccf3251a3585a4b367551c7a78f57218970c0d71f73f221adea5d3,22e05ea2e1684256cfcefc889a4c658b5530de8a
inst_16c9f5951f44e0cdcb5bd2aaf536929247d827649204d1d7616835284c4f9cdc,cubic_spin_glass,test,all_native,all_to_all_reference,5,5,0,0,5,80.0,80.0,0.0,80.0,80.0,43.0,43.0,0.0,43.0,43.0,0.0,0.0,0.0,0.0,0.0027390399947762488,0.0026510999887250364,pass,,9d124ad72c0fe2b841fbfc927ec45c35cb413a6a0e01baada17f1025709d315c,9626c07cf4ccf3251a3585a4b367551c7a78f57218970c0d71f73f221adea5d3,22e05ea2e1684256cfcefc889a4c658b5530de8a
inst_16c9f5951f44e0cdcb5bd2aaf536929247d827649204d1d7616835284c4f9cdc,cubic_spin_glass,test,all_native,device_sparse_v1,5,0,5,0,5,,,,,,,,,,,,,,,,,expected_infeasible_width,expected_capacity_failure,9d124ad72c0fe2b841fbfc927ec45c35cb413a6a0e01baada17f1025709d315c,9626c07cf4ccf3251a3585a4b367551c7a78f57218970c0d71f73f221adea5d3,22e05ea2e1684256cfcefc889a4c658b5530de8a
inst_16c9f5951f44e0cdcb5bd2aaf536929247d827649204d1d7616835284c4f9cdc,cubic_spin_glass,test,fully_quadratized,all_to_all_reference,5,5,0,0,5,208.0,208.0,0.0,208.0,208.0,44.0,44.0,0.0,44.0,44.0,0.0,0.0,0.0,0.0,0.0035463200008962305,0.0034115000162273645,pass,,9d124ad72c0fe2b841fbfc927ec45c35cb413a6a0e01baada17f1025709d315c,9626c07cf4ccf3251a3585a4b367551c7a78f57218970c0d71f73f221adea5d3,22e05ea2e1684256cfcefc889a4c658b5530de8a
inst_16c9f5951f44e0cdcb5bd2aaf536929247d827649204d1d7616835284c4f9cdc,cubic_spin_glass,test,fully_quadratized,device_sparse_v1,5,0,5,0,5,,,,,,,,,,,,,,,,,expected_infeasible_width,expected_capacity_failure,9d124ad72c0fe2b841fbfc927ec45c35cb413a6a0e01baada17f1025709d315c,9626c07cf4ccf3251a3585a4b367551c7a78f57218970c0d71f73f221adea5d3,22e05ea2e1684256cfcefc889a4c658b5530de8a
inst_16c9f5951f44e0cdcb5bd2aaf536929247d827649204d1d7616835284c4f9cdc,cubic_spin_glass,test,matched_random_selective,all_to_all_reference,25,25,0,5,5,80.0,80.0,0.0,80.0,80.0,43.0,43.0,0.0,43.0,43.0,0.0,0.0,0.0,0.0,0.002105648000724614,0.0019868999952450395,pass,,9d124ad72c0fe2b841fbfc927ec45c35cb413a6a0e01baada17f1025709d315c,9626c07cf4ccf3251a3585a4b367551c7a78f57218970c0d71f73f221adea5d3,22e05ea2e1684256cfcefc889a4c658b5530de8a
inst_16c9f5951f44e0cdcb5bd2aaf536929247d827649204d1d7616835284c4f9cdc,cubic_spin_glass,test,matched_random_selective,device_sparse_v1,25,0,25,5,5,,,,,,,,,,,,,,,,,expected_infeasible_width,expected_capacity_failure,9d124ad72c0fe2b841fbfc927ec45c35cb413a6a0e01baada17f1025709d315c,9626c07cf4ccf3251a3585a4b367551c7a78f57218970c0d71f73f221adea5d3,22e05ea2e1684256cfcefc889a4c658b5530de8a
inst_16c9f5951f44e0cdcb5bd2aaf536929247d827649204d1d7616835284c4f9cdc,cubic_spin_glass,test,selective,all_to_all_reference,5,5,0,0,5,80.0,80.0,0.0,80.0,80.0,43.0,43.0,0.0,43.0,43.0,0.0,0.0,0.0,0.0,0.0024447400064673275,0.0025212000182364136,pass,,9d124ad72c0fe2b841fbfc927ec45c35cb413a6a0e01baada17f1025709d315c,9626c07cf4ccf3251a3585a4b367551c7a78f57218970c0d71f73f221adea5d3,22e05ea2e1684256cfcefc889a4c658b5530de8a
inst_16c9f5951f44e0cdcb5bd2aaf536929247d827649204d1d7616835284c4f9cdc,cubic_spin_glass,test,selective,device_sparse_v1,5,0,5,0,5,,,,,,,,,,,,,,,,,expected_infeasible_width,expected_capacity_failure,9d124ad72c0fe2b841fbfc927ec45c35cb413a6a0e01baada17f1025709d315c,9626c07cf4ccf3251a3585a4b367551c7a78f57218970c0d71f73f221adea5d3,22e05ea2e1684256cfcefc889a4c658b5530de8a
inst_197b36f95eb8e50c23f40079363564c5b46bf91fe6289146a90e6138187c5952,cubic_spin_glass,train,all_native,all_to_all_reference,5,5,0,0,5,96.0,96.0,0.0,96.0,96.0,73.0,73.0,0.0,73.0,73.0,0.0,0.0,0.0,0.0,0.001766499999212101,0.0018118000007234514,pass,,9d124ad72c0fe2b841fbfc927ec45c35cb413a6a0e01baada17f1025709d315c,9626c07cf4ccf3251a3585a4b367551c7a78f57218970c0d71f73f221adea5d3,22e05ea2e1684256cfcefc889a4c658b5530de8a
inst_197b36f95eb8e50c23f40079363564c5b46bf91fe6289146a90e6138187c5952,cubic_spin_glass,train,all_native,device_sparse_v1,5,5,0,0,5,142.0,142.0,4.636809247747852,137.93565749474777,146.06434250525223,106.0,104.0,6.041522986797286,100.70437161424633,111.29562838575367,22.0,22.0,46.0,46.0,0.008809880004264414,0.008795300003839657,pass,,9d124ad72c0fe2b841fbfc927ec45c35cb413a6a0e01baada17f1025709d315c,9626c07cf4ccf3251a3585a4b367551c7a78f57218970c0d71f73f221adea5d3,22e05ea2e1684256cfcefc889a4c658b5530de8a
inst_197b36f95eb8e50c23f40079363564c5b46bf91fe6289146a90e6138187c5952,cubic_spin_glass,train,fully_quadratized,all_to_all_reference,5,5,0,0,5,126.0,126.0,0.0,126.0,126.0,48.0,48.0,0.0,48.0,48.0,0.0,0.0,0.0,0.0,0.001605599996400997,0.00144009999348782,pass,,9d124ad72c0fe2b841fbfc927ec45c35cb413a6a0e01baada17f1025709d315c,9626c07cf4ccf3251a3585a4b367551c7a78f57218970c0d71f73f221adea5d3,22e05ea2e1684256cfcefc889a4c658b5530de8a
inst_197b36f95eb8e50c23f40079363564c5b46bf91fe6289146a90e6138187c5952,cubic_spin_glass,train,fully_quadratized,device_sparse_v1,5,0,5,0,5,,,,,,,,,,,,,,,,,expected_infeasible_width,expected_capacity_failure,9d124ad72c0fe2b841fbfc927ec45c35cb413a6a0e01baada17f1025709d315c,9626c07cf4ccf3251a3585a4b367551c7a78f57218970c0d71f73f221adea5d3,22e05ea2e1684256cfcefc889a4c658b5530de8a
inst_197b36f95eb8e50c23f40079363564c5b46bf91fe6289146a90e6138187c5952,cubic_spin_glass,train,matched_random_selective,all_to_all_reference,25,25,0,5,5,96.0,96.0,0.0,96.0,96.0,73.0,73.0,0.0,73.0,73.0,0.0,0.0,0.0,0.0,0.0016664599988143892,0.0017494000203441828,pass,,9d124ad72c0fe2b841fbfc927ec45c35cb413a6a0e01baada17f1025709d315c,9626c07cf4ccf3251a3585a4b367551c7a78f57218970c0d71f73f221adea5d3,22e05ea2e1684256cfcefc889a4c658b5530de8a
inst_197b36f95eb8e50c23f40079363564c5b46bf91fe6289146a90e6138187c5952,cubic_spin_glass,train,matched_random_selective,device_sparse_v1,25,25,0,5,5,142.0,142.0,4.232808366400098,140.34073912037115,143.65926087962885,106.0,104.0,5.515130702591432,103.83806876458416,108.16193123541584,22.0,22.0,46.0,46.0,0.00790621200343594,0.007873499998822808,pass,,9d124ad72c0fe2b841fbfc927ec45c35cb413a6a0e01baada17f1025709d315c,9626c07cf4ccf3251a3585a4b367551c7a78f57218970c0d71f73f221adea5d3,22e05ea2e1684256cfcefc889a4c658b5530de8a
inst_197b36f95eb8e50c23f40079363564c5b46bf91fe6289146a90e6138187c5952,cubic_spin_glass,train,selective,all_to_all_reference,5,5,0,0,5,96.0,96.0,0.0,96.0,96.0,73.0,73.0,0.0,73.0,73.0,0.0,0.0,0.0,0.0,0.0017625599983148276,0.00178980000782758,pass,,9d124ad72c0fe2b841fbfc927ec45c35cb413a6a0e01baada17f1025709d315c,9626c07cf4ccf3251a3585a4b367551c7a78f57218970c0d71f73f221adea5d3,22e05ea2e1684256cfcefc889a4c658b5530de8a
inst_197b36f95eb8e50c23f40079363564c5b46bf91fe6289146a90e6138187c5952,cubic_spin_glass,train,selective,device_sparse_v1,5,5,0,0,5,142.0,142.0,4.636809247747852,137.93565749474777,146.06434250525223,106.0,104.0,6.041522986797286,100.70437161424633,111.29562838575367,22.0,22.0,46.0,46.0,0.009209739998914302,0.009063899982720613,pass,,9d124ad72c0fe2b841fbfc927ec45c35cb413a6a0e01baada17f1025709d315c,9626c07cf4ccf3251a3585a4b367551c7a78f57218970c0d71f73f221adea5d3,22e05ea2e1684256cfcefc889a4c658b5530de8a
inst_1b8063bafe8fb16b92612498609bbac8bbb284b59e73fc2d63cadf82b323441f,max3sat,train,all_native,all_to_all_reference,5,5,0,0,5,62.0,62.0,0.0,62.0,62.0,38.0,38.0,0.0,38.0,38.0,0.0,0.0,0.0,0.0,0.0008900600078050047,0.0009202000219374895,pass,,9d124ad72c0fe2b841fbfc927ec45c35cb413a6a0e01baada17f1025709d315c,9626c07cf4ccf3251a3585a4b367551c7a78f57218970c0d71f73f221adea5d3,22e05ea2e1684256cfcefc889a4c658b5530de8a
inst_1b8063bafe8fb16b92612498609bbac8bbb284b59e73fc2d63cadf82b323441f,max3sat,train,all_native,device_sparse_v1,5,5,0,0,5,87.4,91.0,8.018728078691781,80.3712749377999,94.42872506220012,62.2,60.0,11.38859078200635,52.21746004265448,72.18253995734553,11.0,12.0,25.4,29.0,0.0073384999937843535,0.007364399993093684,pass,,9d124ad72c0fe2b841fbfc927ec45c35cb413a6a0e01baada17f1025709d315c,9626c07cf4ccf3251a3585a4b367551c7a78f57218970c0d71f73f221adea5d3,22e05ea2e1684256cfcefc889a4c658b5530de8a
inst_1b8063bafe8fb16b92612498609bbac8bbb284b59e73fc2d63cadf82b323441f,max3sat,train,fully_quadratized,all_to_all_reference,5,5,0,0,5,54.0,54.0,0.0,54.0,54.0,26.0,26.0,0.0,26.0,26.0,0.0,0.0,0.0,0.0,0.0008353800047188997,0.0008750999986659735,pass,,9d124ad72c0fe2b841fbfc927ec45c35cb413a6a0e01baada17f1025709d315c,9626c07cf4ccf3251a3585a4b367551c7a78f57218970c0d71f73f221adea5d3,22e05ea2e1684256cfcefc889a4c658b5530de8a
inst_1b8063bafe8fb16b92612498609bbac8bbb284b59e73fc2d63cadf82b323441f,max3sat,train,fully_quadratized,device_sparse_v1,5,5,0,0,5,83.0,84.0,1.8708286933869707,81.36014634799321,84.63985365200679,51.8,50.0,3.03315017762062,49.14132664661489,54.4586733533851,10.2,10.0,29.0,30.0,0.007357839995529502,0.00760949999676086,pass,,9d124ad72c0fe2b841fbfc927ec45c35cb413a6a0e01baada17f1025709d315c,9626c07cf4ccf3251a3585a4b367551c7a78f57218970c0d71f73f221adea5d3,22e05ea2e1684256cfcefc889a4c658b5530de8a
inst_1b8063bafe8fb16b92612498609bbac8bbb284b59e73fc2d63cadf82b323441f,max3sat,train,matched_random_selective,all_to_all_reference,25,25,0,5,5,63.6,64.0,0.816496580927726,63.27993334027633,63.92006665972367,34.8,35.0,1.9790570145063195,34.02420965031352,35.57579034968647,0.0,0.0,0.0,0.0,0.0009365120006259531,0.0009594000002834946,pass,,9d124ad72c0fe2b841fbfc927ec45c35cb413a6a0e01baada17f1025709d315c,9626c07cf4ccf3251a3585a4b367551c7a78f57218970c0d71f73f221adea5d3,22e05ea2e1684256cfcefc889a4c658b5530de8a
inst_1b8063bafe8fb16b92612498609bbac8bbb284b59e73fc2d63cadf82b323441f,max3sat,train,matched_random_selective,device_sparse_v1,25,25,0,5,5,96.24,96.0,2.9194748386196676,95.09556586326109,97.3844341367389,59.52,58.0,5.642989751305006,57.30794801748844,61.732051982511564,12.4,12.0,32.64,32.0,0.0073044039984233675,0.007447500014677644,pass,,9d124ad72c0fe2b841fbfc927ec45c35cb413a6a0e01baada17f1025709d315c,9626c07cf4ccf3251a3585a4b367551c7a78f57218970c0d71f73f221adea5d3,22e05ea2e1684256cfcefc889a4c658b5530de8a
inst_1b8063bafe8fb16b92612498609bbac8bbb284b59e73fc2d63cadf82b323441f,max3sat,train,selective,all_to_all_reference,5,5,0,0,5,60.0,60.0,0.0,60.0,60.0,28.0,28.0,0.0,28.0,28.0,0.0,0.0,0.0,0.0,0.0008621799992397427,0.0009290000016335398,pass,,9d124ad72c0fe2b841fbfc927ec45c35cb413a6a0e01baada17f1025709d315c,9626c07cf4ccf3251a3585a4b367551c7a78f57218970c0d71f73f221adea5d3,22e05ea2e1684256cfcefc889a4c658b5530de8a
inst_1b8063bafe8fb16b92612498609bbac8bbb284b59e73fc2d63cadf82b323441f,max3sat,train,selective,device_sparse_v1,5,5,0,0,5,93.2,94.0,2.7748873851023217,90.76770396538579,95.63229603461421,58.4,55.0,7.63544366752843,51.70723853704616,65.09276146295383,12.0,12.0,33.2,34.0,0.006890740001108497,0.006946399982552975,pass,,9d124ad72c0fe2b841fbfc927ec45c35cb413a6a0e01baada17f1025709d315c,9626c07cf4ccf3251a3585a4b367551c7a78f57218970c0d71f73f221adea5d3,22e05ea2e1684256cfcefc889a4c658b5530de8a
inst_1be426e4fa90403494acd53c7f303758b784d3ffcb50ec5c77ffe22230f0f215,max3sat,train,all_native,all_to_all_reference,5,5,0,0,5,174.0,174.0,0.0,174.0,174.0,99.0,99.0,0.0,99.0,99.0,0.0,0.0,0.0,0.0,0.0014774999988730996,0.0013343000027816743,pass,,9d124ad72c0fe2b841fbfc927ec45c35cb413a6a0e01baada17f1025709d315c,9626c07cf4ccf3251a3585a4b367551c7a78f57218970c0d71f73f221adea5d3,22e05ea2e1684256cfcefc889a4c658b5530de8a
inst_1be426e4fa90403494acd53c7f303758b784d3ffcb50ec5c77ffe22230f0f215,max3sat,train,all_native,device_sparse_v1,5,0,5,0,5,,,,,,,,,,,,,,,,,expected_infeasible_width,expected_capacity_failure,9d124ad72c0fe2b841fbfc927ec45c35cb413a6a0e01baada17f1025709d315c,9626c07cf4ccf3251a3585a4b367551c7a78f57218970c0d71f73f221adea5d3,22e05ea2e1684256cfcefc889a4c658b5530de8a
inst_1be426e4fa90403494acd53c7f303758b784d3ffcb50ec5c77ffe22230f0f215,max3sat,train,fully_quadratized,all_to_all_reference,5,5,0,0,5,112.0,112.0,0.0,112.0,112.0,44.0,44.0,0.0,44.0,44.0,0.0,0.0,0.0,0.0,0.0011795599944889545,0.0011730999976862222,pass,,9d124ad72c0fe2b841fbfc927ec45c35cb413a6a0e01baada17f1025709d315c,9626c07cf4ccf3251a3585a4b367551c7a78f57218970c0d71f73f221adea5d3,22e05ea2e1684256cfcefc889a4c658b5530de8a
inst_1be426e4fa90403494acd53c7f303758b784d3ffcb50ec5c77ffe22230f0f215,max3sat,train,fully_quadratized,device_sparse_v1,5,0,5,0,5,,,,,,,,,,,,,,,,,expected_infeasible_width,expected_capacity_failure,9d124ad72c0fe2b841fbfc927ec45c35cb413a6a0e01baada17f1025709d315c,9626c07cf4ccf3251a3585a4b367551c7a78f57218970c0d71f73f221adea5d3,22e05ea2e1684256cfcefc889a4c658b5530de8a
inst_1be426e4fa90403494acd53c7f303758b784d3ffcb50ec5c77ffe22230f0f215,max3sat,train,matched_random_selective,all_to_all_reference,25,25,0,5,5,176.4,176.0,1.5275252316519468,175.80121010919245,176.99878989080756,94.0,94.0,1.118033988749895,93.56173067641004,94.43826932358996,0.0,0.0,0.0,0.0,0.0013727200007997453,0.0013820999884046614,pass,,9d124ad72c0fe2b841fbfc927ec45c35cb413a6a0e01baada17f1025709d315c,9626c07cf4ccf3251a3585a4b367551c7a78f57218970c0d71f73f221adea5d3,22e05ea2e1684256cfcefc889a4c658b5530de8a
inst_1be426e4fa90403494acd53c7f303758b784d3ffcb50ec5c77ffe22230f0f215,max3sat,train,matched_random_selective,device_sparse_v1,25,0,25,5,5,,,,,,,,,,,,,,,,,expected_infeasible_width,expected_capacity_failure,9d124ad72c0fe2b841fbfc927ec45c35cb413a6a0e01baada17f1025709d315c,9626c07cf4ccf3251a3585a4b367551c7a78f57218970c0d71f73f221adea5d3,22e05ea2e1684256cfcefc889a4c658b5530de8a
inst_1be426e4fa90403494acd53c7f303758b784d3ffcb50ec5c77ffe22230f0f215,max3sat,train,selective,all_to_all_reference,5,5,0,0,5,120.0,120.0,0.0,120.0,120.0,42.0,42.0,0.0,42.0,42.0,0.0,0.0,0.0,0.0,0.0013036999967880546,0.0012102000182494521,pass,,9d124ad72c0fe2b841fbfc927ec45c35cb413a6a0e01baada17f1025709d315c,9626c07cf4ccf3251a3585a4b367551c7a78f57218970c0d71f73f221adea5d3,22e05ea2e1684256cfcefc889a4c658b5530de8a
inst_1be426e4fa90403494acd53c7f303758b784d3ffcb50ec5c77ffe22230f0f215,max3sat,train,selective,device_sparse_v1,5,0,5,0,5,,,,,,,,,,,,,,,,,expected_infeasible_width,expected_capacity_failure,9d124ad72c0fe2b841fbfc927ec45c35cb413a6a0e01baada17f1025709d315c,9626c07cf4ccf3251a3585a4b367551c7a78f57218970c0d71f73f221adea5d3,22e05ea2e1684256cfcefc889a4c658b5530de8a
inst_1e8d2ca8dea323e76f3e0aedd094066ab28417574610dbcc8dead14c8acc86d1,cubic_spin_glass,train,all_native,all_to_all_reference,5,5,0,0,5,48.0,48.0,0.0,48.0,48.0,38.0,38.0,0.0,38.0,38.0,0.0,0.0,0.0,0.0,0.0009388400008901954,0.0009530000097583979,pass,,9d124ad72c0fe2b841fbfc927ec45c35cb413a6a0e01baada17f1025709d315c,9626c07cf4ccf3251a3585a4b367551c7a78f57218970c0d71f73f221adea5d3,22e05ea2e1684256cfcefc889a4c658b5530de8a
inst_1e8d2ca8dea323e76f3e0aedd094066ab28417574610dbcc8dead14c8acc86d1,cubic_spin_glass,train,all_native,device_sparse_v1,5,5,0,0,5,72.4,72.0,3.507135583350036,69.32586012029381,75.4741398797062,47.8,48.0,2.9495762407505253,45.2145824321785,50.38541756782149,8.4,8.0,24.4,24.0,0.006742419995134696,0.006195499998284504,pass,,9d124ad72c0fe2b841fbfc927ec45c35cb413a6a0e01baada17f1025709d315c,9626c07cf4ccf3251a3585a4b367551c7a78f57218970c0d71f73f221adea5d3,22e05ea2e1684256cfcefc889a4c658b5530de8a
inst_1e8d2ca8dea323e76f3e0aedd094066ab28417574610dbcc8dead14c8acc86d1,cubic_spin_glass,train,fully_quadratized,all_to_all_reference,5,5,0,0,5,112.0,112.0,0.0,112.0,112.0,34.0,34.0,0.0,34.0,34.0,0.0,0.0,0.0,0.0,0.001701940002385527,0.0016228000167757273,pass,,9d124ad72c0fe2b841fbfc927ec45c35cb413a6a0e01baada17f1025709d315c,9626c07cf4ccf3251a3585a4b367551c7a78f57218970c0d71f73f221adea5d3,22e05ea2e1684256cfcefc889a4c658b5530de8a
inst_1e8d2ca8dea323e76f3e0aedd094066ab28417574610dbcc8dead14c8acc86d1,cubic_spin_glass,train,fully_quadratized,device_sparse_v1,5,0,5,0,5,,,,,,,,,,,,,,,,,expected_infeasible_width,expected_capacity_failure,9d124ad72c0fe2b841fbfc927ec45c35cb413a6a0e01baada17f1025709d315c,9626c07cf4ccf3251a3585a4b367551c7a78f57218970c0d71f73f221adea5d3,22e05ea2e1684256cfcefc889a4c658b5530de8a
inst_1e8d2ca8dea323e76f3e0aedd094066ab28417574610dbcc8dead14c8acc86d1,cubic_spin_glass,train,matched_random_selective,all_to_all_reference,25,25,0,5,5,48.0,48.0,0.0,48.0,48.0,38.0,38.0,0.0,38.0,38.0,0.0,0.0,0.0,0.0,0.0010349000012502075,0.0009606999810785055,pass,,9d124ad72c0fe2b841fbfc927ec45c35cb413a6a0e01baada17f1025709d315c,9626c07cf4ccf3251a3585a4b367551c7a78f57218970c0d71f73f221adea5d3,22e05ea2e1684256cfcefc889a4c658b5530de8a
inst_1e8d2ca8dea323e76f3e0aedd094066ab28417574610dbcc8dead14c8acc86d1,cubic_spin_glass,train,matched_random_selective,device_sparse_v1,25,25,0,5,5,72.4,72.0,3.2015621187164243,71.14498764946316,73.65501235053685,47.8,48.0,2.692582403567252,46.74450769780164,48.85549230219836,8.4,8.0,24.4,24.0,0.006470724001992494,0.006263599992962554,pass,,9d124ad72c0fe2b841fbfc927ec45c35cb413a6a0e01baada17f1025709d315c,9626c07cf4ccf3251a3585a4b367551c7a78f57218970c0d71f73f221adea5d3,22e05ea2e1684256cfcefc889a4c658b5530de8a
inst_1e8d2ca8dea323e76f3e0aedd094066ab28417574610dbcc8dead14c8acc86d1,cubic_spin_glass,train,selective,all_to_all_reference,5,5,0,0,5,48.0,48.0,0.0,48.0,48.0,38.0,38.0,0.0,38.0,38.0,0.0,0.0,0.0,0.0,0.0010351199947763235,0.0009552999981679022,pass,,9d124ad72c0fe2b841fbfc927ec45c35cb413a6a0e01baada17f1025709d315c,9626c07cf4ccf3251a3585a4b367551c7a78f57218970c0d71f73f221adea5d3,22e05ea2e1684256cfcefc889a4c658b5530de8a
inst_1e8d2ca8dea323e76f3e0aedd094066ab28417574610dbcc8dead14c8acc86d1,cubic_spin_glass,train,selective,device_sparse_v1,5,5,0,0,5,72.4,72.0,3.507135583350036,69.32586012029381,75.4741398797062,47.8,48.0,2.9495762407505253,45.2145824321785,50.38541756782149,8.4,8.0,24.4,24.0,0.0065652599965687845,0.006496699992567301,pass,,9d124ad72c0fe2b841fbfc927ec45c35cb413a6a0e01baada17f1025709d315c,9626c07cf4ccf3251a3585a4b367551c7a78f57218970c0d71f73f221adea5d3,22e05ea2e1684256cfcefc889a4c658b5530de8a
inst_1e91fd044da82237969da768df48589b6b1ab5771c97bb11bdb53a8fb4803ec9,max3sat,train,all_native,all_to_all_reference,5,5,0,0,5,276.0,276.0,0.0,276.0,276.0,172.0,172.0,0.0,172.0,172.0,0.0,0.0,0.0,0.0,0.0027591000020038337,0.002729300002101809,pass,,9d124ad72c0fe2b841fbfc927ec45c35cb413a6a0e01baada17f1025709d315c,9626c07cf4ccf3251a3585a4b367551c7a78f57218970c0d71f73f221adea5d3,22e05ea2e1684256cfcefc889a4c658b5530de8a
inst_1e91fd044da82237969da768df48589b6b1ab5771c97bb11bdb53a8fb4803ec9,max3sat,train,all_native,device_sparse_v1,5,5,0,0,5,544.0,547.0,12.609520212918492,532.9472682109806,555.0527317890194,351.6,353.0,9.939818911831342,342.88736457781,360.31263542219006,99.6,101.0,268.0,271.0,0.01596706000273116,0.015847900009248406,pass,,9d124ad72c0fe2b841fbfc927ec45c35cb413a6a0e01baada17f1025709d315c,9626c07cf4ccf3251a3585a4b367551c7a78f57218970c0d71f73f221adea5d3,22e05ea2e1684256cfcefc889a4c658b5530de8a
inst_1e91fd044da82237969da768df48589b6b1ab5771c97bb11bdb53a8fb4803ec9,max3sat,train,fully_quadratized,all_to_all_reference,5,5,0,0,5,232.0,232.0,0.0,232.0,232.0,58.0,58.0,0.0,58.0,58.0,0.0,0.0,0.0,0.0,0.0030683800054248423,0.003145299997413531,pass,,9d124ad72c0fe2b841fbfc927ec45c35cb413a6a0e01baada17f1025709d315c,9626c07cf4ccf3251a3585a4b367551c7a78f57218970c0d71f73f221adea5d3,22e05ea2e1684256cfcefc889a4c658b5530de8a
inst_1e91fd044da82237969da768df48589b6b1ab5771c97bb11bdb53a8fb4803ec9,max3sat,train,fully_quadratized,device_sparse_v1,5,0,5,0,5,,,,,,,,,,,,,,,,,expected_infeasible_width,expected_capacity_failure,9d124ad72c0fe2b841fbfc927ec45c35cb413a6a0e01baada17f1025709d315c,9626c07cf4ccf3251a3585a4b367551c7a78f57218970c0d71f73f221adea5d3,22e05ea2e1684256cfcefc889a4c658b5530de8a
inst_1e91fd044da82237969da768df48589b6b1ab5771c97bb11bdb53a8fb4803ec9,max3sat,train,matched_random_selective,all_to_all_reference,25,25,0,5,5,292.0,292.0,3.872983346207417,290.4817905282867,293.5182094717133,131.0,131.0,6.614378277661476,128.4071637151567,133.5928362848433,0.0,0.0,0.0,0.0,0.002871720005059615,0.002623200009111315,pass,,9d124ad72c0fe2b841fbfc927ec45c35cb413a6a0e01baada17f1025709d315c,9626c07cf4ccf3251a3585a4b367551c7a78f57218970c0d71f73f221adea5d3,22e05ea2e1684256cfcefc889a4c658b5530de8a
inst_1e91fd044da82237969da768df48589b6b1ab5771c97bb11bdb53a8fb4803ec9,max3sat,train,matched_random_selective,device_sparse_v1,25,0,25,5,5,,,,,,,,,,,,,,,,,expected_infeasible_width,expected_capacity_failure,9d124ad72c0fe2b841fbfc927ec45c35cb413a6a0e01baada17f1025709d315c,9626c07cf4ccf3251a3585a4b367551c7a78f57218970c0d71f73f221adea5d3,22e05ea2e1684256cfcefc889a4c658b5530de8a
inst_1e91fd044da82237969da768df48589b6b1ab5771c97bb11bdb53a8fb4803ec9,max3sat,train,selective,all_to_all_reference,5,5,0,0,5,260.0,260.0,0.0,260.0,260.0,88.0,88.0,0.0,88.0,88.0,0.0,0.0,0.0,0.0,0.0029729400062933563,0.0030024000152479857,pass,,9d124ad72c0fe2b841fbfc927ec45c35cb413a6a0e01baada17f1025709d315c,9626c07cf4ccf3251a3585a4b367551c7a78f57218970c0d71f73f221adea5d3,22e05ea2e1684256cfcefc889a4c658b5530de8a
inst_1e91fd044da82237969da768df48589b6b1ab5771c97bb11bdb53a8fb4803ec9,max3sat,train,selective,device_sparse_v1,5,0,5,0,5,,,,,,,,,,,,,,,,,expected_infeasible_width,expected_capacity_failure,9d124ad72c0fe2b841fbfc927ec45c35cb413a6a0e01baada17f1025709d315c,9626c07cf4ccf3251a3585a4b367551c7a78f57218970c0d71f73f221adea5d3,22e05ea2e1684256cfcefc889a4c658b5530de8a
inst_1f1fc2972a067dd5ad79a2770384dc5867b18b0cf6ed6f50bf88e0b0af724532,cubic_spin_glass,train,all_native,all_to_all_reference,5,5,0,0,5,128.0,128.0,0.0,128.0,128.0,126.0,126.0,0.0,126.0,126.0,0.0,0.0,0.0,0.0,0.001544099993770942,0.0016527999832760543,pass,,9d124ad72c0fe2b841fbfc927ec45c35cb413a6a0e01baada17f1025709d315c,9626c07cf4ccf3251a3585a4b367551c7a78f57218970c0d71f73f221adea5d3,22e05ea2e1684256cfcefc889a4c658b5530de8a
inst_1f1fc2972a067dd5ad79a2770384dc5867b18b0cf6ed6f50bf88e0b0af724532,cubic_spin_glass,train,all_native,device_sparse_v1,5,5,0,0,5,234.6,235.0,2.3021728866442674,232.58205649236655,236.61794350763344,198.4,199.0,7.402702209328699,191.91124541995924,204.88875458004077,40.6,41.0,106.6,107.0,0.009591539989924059,0.00969119998626411,pass,,9d124ad72c0fe2b841fbfc927ec45c35cb413a6a0e01baada17f1025709d315c,9626c07cf4ccf3251a3585a4b367551c7a78f57218970c0d71f73f221adea5d3,22e05ea2e1684256cfcefc889a4c658b5530de8a
inst_1f1fc2972a067dd5ad79a2770384dc5867b18b0cf6ed6f50bf88e0b0af724532,cubic_spin_glass,train,fully_quadratized,all_to_all_reference,5,5,0,0,5,126.0,126.0,0.0,126.0,126.0,40.0,40.0,0.0,40.0,40.0,0.0,0.0,0.0,0.0,0.0013157199951820075,0.0012886000040452927,pass,,9d124ad72c0fe2b841fbfc927ec45c35cb413a6a0e01baada17f1025709d315c,9626c07cf4ccf3251a3585a4b367551c7a78f57218970c0d71f73f221adea5d3,22e05ea2e1684256cfcefc889a4c658b5530de8a
inst_1f1fc2972a067dd5ad79a2770384dc5867b18b0cf6ed6f50bf88e0b0af724532,cubic_spin_glass,train,fully_quadratized,device_sparse_v1,5,0,5,0,5,,,,,,,,,,,,,,,,,expected_infeasible_width,expected_capacity_failure,9d124ad72c0fe2b841fbfc927ec45c35cb413a6a0e01baada17f1025709d315c,9626c07cf4ccf3251a3585a4b367551c7a78f57218970c0d71f73f221adea5d3,22e05ea2e1684256cfcefc889a4c658b5530de8a
inst_1f1fc2972a067dd5ad79a2770384dc5867b18b0cf6ed6f50bf88e0b0af724532,cubic_spin_glass,train,matched_random_selective,all_to_all_reference,25,25,0,5,5,163.2,164.0,3.7859388972001824,161.71591195229752,164.68408804770246,92.2,96.0,9.385272150200725,88.52097331712132,95.87902668287869,0.0,0.0,0.0,0.0,0.001609011999098584,0.0014594000240322202,pass,,9d124ad72c0fe2b841fbfc927ec45c35cb413a6a0e01baada17f1025709d315c,9626c07cf4ccf3251a3585a4b367551c7a78f57218970c0d71f73f221adea5d3,22e05ea2e1684256cfcefc889a4c658b5530de8a
inst_1f1fc2972a067dd5ad79a2770384dc5867b18b0cf6ed6f50bf88e0b0af724532,cubic_spin_glass,train,matched_random_selective,device_sparse_v1,25,0,25,5,5,,,,,,,,,,,,,,,,,expected_infeasible_width,expected_capacity_failure,9d124ad72c0fe2b841fbfc927ec45c35cb413a6a0e01baada17f1025709d315c,9626c07cf4ccf3251a3585a4b367551c7a78f57218970c0d71f73f221adea5d3,22e05ea2e1684256cfcefc889a4c658b5530de8a
inst_1f1fc2972a067dd5ad79a2770384dc5867b18b0cf6ed6f50bf88e0b0af724532,cubic_spin_glass,train,selective,all_to_all_reference,5,5,0,0,5,148.0,148.0,0.0,148.0,148.0,64.0,64.0,0.0,64.0,64.0,0.0,0.0,0.0,0.0,0.0014135000004898758,0.0014019000227563083,pass,,9d124ad72c0fe2b841fbfc927ec45c35cb413a6a0e01baada17f1025709d315c,9626c07cf4ccf3251a3585a4b367551c7a78f57218970c0d71f73f221adea5d3,22e05ea2e1684256cfcefc889a4c658b5530de8a
inst_1f1fc2972a067dd5ad79a2770384dc5867b18b0cf6ed6f50bf88e0b0af724532,cubic_spin_glass,train,selective,device_sparse_v1,5,0,5,0,5,,,,,,,,,,,,,,,,,expected_infeasible_width,expected_capacity_failure,9d124ad72c0fe2b841fbfc927ec45c35cb413a6a0e01baada17f1025709d315c,9626c07cf4ccf3251a3585a4b367551c7a78f57218970c0d71f73f221adea5d3,22e05ea2e1684256cfcefc889a4c658b5530de8a
inst_1f433b01487e58f130026b4b39df5b281f3248354e8bd1e1058204938b94c351,max3sat,validation,all_native,all_to_all_reference,5,5,0,0,5,182.0,182.0,0.0,182.0,182.0,96.0,96.0,0.0,96.0,96.0,0.0,0.0,0.0,0.0,0.0018352799932472407,0.0017908999870996922,pass,,9d124ad72c0fe2b841fbfc927ec45c35cb413a6a0e01baada17f1025709d315c,9626c07cf4ccf3251a3585a4b367551c7a78f57218970c0d71f73f221adea5d3,22e05ea2e1684256cfcefc889a4c658b5530de8a
inst_1f433b01487e58f130026b4b39df5b281f3248354e8bd1e1058204938b94c351,max3sat,validation,all_native,device_sparse_v1,5,0,5,0,5,,,,,,,,,,,,,,,,,expected_infeasible_width,expected_capacity_failure,9d124ad72c0fe2b841fbfc927ec45c35cb413a6a0e01baada17f1025709d315c,9626c07cf4ccf3251a3585a4b367551c7a78f57218970c0d71f73f221adea5d3,22e05ea2e1684256cfcefc889a4c658b5530de8a
inst_1f433b01487e58f130026b4b39df5b281f3248354e8bd1e1058204938b94c351,max3sat,validation,fully_quadratized,all_to_all_reference,5,5,0,0,5,138.0,138.0,0.0,138.0,138.0,46.0,46.0,0.0,46.0,46.0,0.0,0.0,0.0,0.0,0.0015250600001309067,0.001496900018537417,pass,,9d124ad72c0fe2b841fbfc927ec45c35cb413a6a0e01baada17f1025709d315c,9626c07cf4ccf3251a3585a4b367551c7a78f57218970c0d71f73f221adea5d3,22e05ea2e1684256cfcefc889a4c658b5530de8a
inst_1f433b01487e58f130026b4b39df5b281f3248354e8bd1e1058204938b94c351,max3sat,validation,fully_quadratized,device_sparse_v1,5,0,5,0,5,,,,,,,,,,,,,,,,,expected_infeasible_width,expected_capacity_failure,9d124ad72c0fe2b841fbfc927ec45c35cb413a6a0e01baada17f1025709d315c,9626c07cf4ccf3251a3585a4b367551c7a78f57218970c0d71f73f221adea5d3,22e05ea2e1684256cfcefc889a4c658b5530de8a
inst_1f433b01487e58f130026b4b39df5b281f3248354e8bd1e1058204938b94c351,max3sat,validation,matched_random_selective,all_to_all_reference,25,25,0,5,5,183.2,184.0,4.58257569495584,181.4036303275773,184.99636967242267,92.4,94.0,3.0,91.224,93.57600000000001,0.0,0.0,0.0,0.0,0.0019555960013531147,0.0019430999818723649,pass,,9d124ad72c0fe2b841fbfc927ec45c35cb413a6a0e01baada17f1025709d315c,9626c07cf4ccf3251a3585a4b367551c7a78f57218970c0d71f73f221adea5d3,22e05ea2e1684256cfcefc889a4c658b5530de8a
inst_1f433b01487e58f130026b4b39df5b281f3248354e8bd1e1058204938b94c351,max3sat,validation,matched_random_selective,device_sparse_v1,25,0,25,5,5,,,,,,,,,,,,,,,,,expected_infeasible_width,expected_capacity_failure,9d124ad72c0fe2b841fbfc927ec45c35cb413a6a0e01baada17f1025709d315c,9626c07cf4ccf3251a3585a4b367551c7a78f57218970c0d71f73f221adea5d3,22e05ea2e1684256cfcefc889a4c658b5530de8a
inst_1f433b01487e58f130026b4b39df5b281f3248354e8bd1e1058204938b94c351,max3sat,validation,selective,all_to_all_reference,5,5,0,0,5,140.0,140.0,0.0,140.0,140.0,50.0,50.0,0.0,50.0,50.0,0.0,0.0,0.0,0.0,0.0015578799997456373,0.0014891999890096486,pass,,9d124ad72c0fe2b841fbfc927ec45c35cb413a6a0e01baada17f1025709d315c,9626c07cf4ccf3251a3585a4b367551c7a78f57218970c0d71f73f221adea5d3,22e05ea2e1684256cfcefc889a4c658b5530de8a
inst_1f433b01487e58f130026b4b39df5b281f3248354e8bd1e1058204938b94c351,max3sat,validation,selective,device_sparse_v1,5,0,5,0,5,,,,,,,,,,,,,,,,,expected_infeasible_width,expected_capacity_failure,9d124ad72c0fe2b841fbfc927ec45c35cb413a6a0e01baada17f1025709d315c,9626c07cf4ccf3251a3585a4b367551c7a78f57218970c0d71f73f221adea5d3,22e05ea2e1684256cfcefc889a4c658b5530de8a
inst_1fd1e3af188a3ea1adf4c52be504c18998f9987176e8145c96535d8607f79e50,max3sat,test,all_native,all_to_all_reference,5,5,0,0,5,152.0,152.0,0.0,152.0,152.0,85.0,85.0,0.0,85.0,85.0,0.0,0.0,0.0,0.0,0.0016646999982185661,0.0017544000002089888,pass,,9d124ad72c0fe2b841fbfc927ec45c35cb413a6a0e01baada17f1025709d315c,9626c07cf4ccf3251a3585a4b367551c7a78f57218970c0d71f73f221adea5d3,22e05ea2e1684256cfcefc889a4c658b5530de8a
inst_1fd1e3af188a3ea1adf4c52be504c18998f9987176e8145c96535d8607f79e50,max3sat,test,all_native,device_sparse_v1,5,5,0,0,5,259.2,256.0,9.311283477587823,251.03830017704644,267.36169982295354,154.2,154.0,6.180614856144977,148.78245221525458,159.6175477847454,42.4,42.0,107.2,104.0,0.010456460004206747,0.009924700018018484,pass,,9d124ad72c0fe2b841fbfc927ec45c35cb413a6a0e01baada17f1025709d315c,9626c07cf4ccf3251a3585a4b367551c7a78f57218970c0d71f73f221adea5d3,22e05ea2e1684256cfcefc889a4c658b5530de8a
inst_1fd1e3af188a3ea1adf4c52be504c18998f9987176e8145c96535d8607f79e50,max3sat,test,fully_quadratized,all_to_all_reference,5,5,0,0,5,144.0,144.0,0.0,144.0,144.0,42.0,42.0,0.0,42.0,42.0,0.0,0.0,0.0,0.0,0.0016939799999818206,0.001548900007037446,pass,,9d124ad72c0fe2b841fbfc927ec45c35cb413a6a0e01baada17f1025709d315c,9626c07cf4ccf3251a3585a4b367551c7a78f57218970c0d71f73f221adea5d3,22e05ea2e1684256cfcefc889a4c658b5530de8a
inst_1fd1e3af188a3ea1adf4c52be504c18998f9987176e8145c96535d8607f79e50,max3sat,test,fully_quadratized,device_sparse_v1,5,0,5,0,5,,,,,,,,,,,,,,,,,expected_infeasible_width,expected_capacity_failure,9d124ad72c0fe2b841fbfc927ec45c35cb413a6a0e01baada17f1025709d315c,9626c07cf4ccf3251a3585a4b367551c7a78f57218970c0d71f73f221adea5d3,22e05ea2e1684256cfcefc889a4c658b5530de8a
inst_1fd1e3af188a3ea1adf4c52be504c18998f9987176e8145c96535d8607f79e50,max3sat,test,matched_random_selective,all_to_all_reference,25,25,0,5,5,160.0,160.0,1.2909944487358056,159.49393017609557,160.50606982390443,71.8,71.0,6.626965117357014,69.20222967399604,74.39777032600395,0.0,0.0,0.0,0.0,0.001476888001197949,0.00144009999348782,pass,,9d124ad72c0fe2b841fbfc927ec45c35cb413a6a0e01baada17f1025709d315c,9626c07cf4ccf3251a3585a4b367551c7a78f57218970c0d71f73f221adea5d3,22e05ea2e1684256cfcefc889a4c658b5530de8a
inst_1fd1e3af188a3ea1adf4c52be504c18998f9987176e8145c96535d8607f79e50,max3sat,test,matched_random_selective,device_sparse_v1,25,0,25,5,5,,,,,,,,,,,,,,,,,expected_infeasible_width,expected_capacity_failure,9d124ad72c0fe2b841fbfc927ec45c35cb413a6a0e01baada17f1025709d315c,9626c07cf4ccf3251a3585a4b367551c7a78f57218970c0d71f73f221adea5d3,22e05ea2e1684256cfcefc889a4c658b5530de8a
inst_1fd1e3af188a3ea1adf4c52be504c18998f9987176e8145c96535d8607f79e50,max3sat,test,selective,all_to_all_reference,5,5,0,0,5,144.0,144.0,0.0,144.0,144.0,54.0,54.0,0.0,54.0,54.0,0.0,0.0,0.0,0.0,0.0013750400103162974,0.0013755000254604965,pass,,9d124ad72c0fe2b841fbfc927ec45c35cb413a6a0e01baada17f1025709d315c,9626c07cf4ccf3251a3585a4b367551c7a78f57218970c0d71f73f221adea5d3,22e05ea2e1684256cfcefc889a4c658b5530de8a
inst_1fd1e3af188a3ea1adf4c52be504c18998f9987176e8145c96535d8607f79e50,max3sat,test,selective,device_sparse_v1,5,0,5,0,5,,,,,,,,,,,,,,,,,expected_infeasible_width,expected_capacity_failure,9d124ad72c0fe2b841fbfc927ec45c35cb413a6a0e01baada17f1025709d315c,9626c07cf4ccf3251a3585a4b367551c7a78f57218970c0d71f73f221adea5d3,22e05ea2e1684256cfcefc889a4c658b5530de8a
inst_1fdccd0ea073b5ce489dd04bf55aa58692c93d7a6e8030ea54f69d187a8b67bc,max3sat,test,all_native,all_to_all_reference,5,5,0,0,5,254.0,254.0,0.0,254.0,254.0,166.0,166.0,0.0,166.0,166.0,0.0,0.0,0.0,0.0,0.0023244199983309954,0.002304299996467307,pass,,9d124ad72c0fe2b841fbfc927ec45c35cb413a6a0e01baada17f1025709d315c,9626c07cf4ccf3251a3585a4b367551c7a78f57218970c0d71f73f221adea5d3,22e05ea2e1684256cfcefc889a4c658b5530de8a
inst_1fdccd0ea073b5ce489dd04bf55aa58692c93d7a6e8030ea54f69d187a8b67bc,max3sat,test,all_native,device_sparse_v1,5,0,5,0,5,,,,,,,,,,,,,,,,,expected_infeasible_width,expected_capacity_failure,9d124ad72c0fe2b841fbfc927ec45c35cb413a6a0e01baada17f1025709d315c,9626c07cf4ccf3251a3585a4b367551c7a78f57218970c0d71f73f221adea5d3,22e05ea2e1684256cfcefc889a4c658b5530de8a
inst_1fdccd0ea073b5ce489dd04bf55aa58692c93d7a6e8030ea54f69d187a8b67bc,max3sat,test,fully_quadratized,all_to_all_reference,5,5,0,0,5,176.0,176.0,0.0,176.0,176.0,58.0,58.0,0.0,58.0,58.0,0.0,0.0,0.0,0.0,0.001791420002700761,0.0017850000003818423,pass,,9d124ad72c0fe2b841fbfc927ec45c35cb413a6a0e01baada17f1025709d315c,9626c07cf4ccf3251a3585a4b367551c7a78f57218970c0d71f73f221adea5d3,22e05ea2e1684256cfcefc889a4c658b5530de8a
inst_1fdccd0ea073b5ce489dd04bf55aa58692c93d7a6e8030ea54f69d187a8b67bc,max3sat,test,fully_quadratized,device_sparse_v1,5,0,5,0,5,,,,,,,,,,,,,,,,,expected_infeasible_width,expected_capacity_failure,9d124ad72c0fe2b841fbfc927ec45c35cb413a6a0e01baada17f1025709d315c,9626c07cf4ccf3251a3585a4b367551c7a78f57218970c0d71f73f221adea5d3,22e05ea2e1684256cfcefc889a4c658b5530de8a
inst_1fdccd0ea073b5ce489dd04bf55aa58692c93d7a6e8030ea54f69d187a8b67bc,max3sat,test,matched_random_selective,all_to_all_reference,25,25,0,5,5,259.2,258.0,2.449489742783178,258.23980002082897,260.160199979171,162.4,162.0,1.5275252316519468,161.80121010919245,162.99878989080756,0.0,0.0,0.0,0.0,0.001797552000498399,0.001699600019492209,pass,,9d124ad72c0fe2b841fbfc927ec45c35cb413a6a0e01baada17f1025709d315c,9626c07cf4ccf3251a3585a4b367551c7a78f57218970c0d71f73f221adea5d3,22e05ea2e1684256cfcefc889a4c658b5530de8a
inst_1fdccd0ea073b5ce489dd04bf55aa58692c93d7a6e8030ea54f69d187a8b67bc,max3sat,test,matched_random_selective,device_sparse_v1,25,0,25,5,5,,,,,,,,,,,,,,,,,expected_infeasible_width,expected_capacity_failure,9d124ad72c0fe2b841fbfc927ec45c35cb413a6a0e01baada17f1025709d315c,9626c07cf4ccf3251a3585a4b367551c7a78f57218970c0d71f73f221adea5d3,22e05ea2e1684256cfcefc889a4c658b5530de8a
inst_1fdccd0ea073b5ce489dd04bf55aa58692c93d7a6e8030ea54f69d187a8b67bc,max3sat,test,selective,all_to_all_reference,5,5,0,0,5,172.0,172.0,0.0,172.0,172.0,58.0,58.0,0.0,58.0,58.0,0.0,0.0,0.0,0.0,0.002090960001805797,0.0017965000006370246,pass,,9d124ad72c0fe2b841fbfc927ec45c35cb413a6a0e01baada17f1025709d315c,9626c07cf4ccf3251a3585a4b367551c7a78f57218970c0d71f73f221adea5d3,22e05ea2e1684256cfcefc889a4c658b5530de8a
inst_1fdccd0ea073b5ce489dd04bf55aa58692c93d7a6e8030ea54f69d187a8b67bc,max3sat,test,selective,device_sparse_v1,5,0,5,0,5,,,,,,,,,,,,,,,,,expected_infeasible_width,expected_capacity_failure,9d124ad72c0fe2b841fbfc927ec45c35cb413a6a0e01baada17f1025709d315c,9626c07cf4ccf3251a3585a4b367551c7a78f57218970c0d71f73f221adea5d3,22e05ea2e1684256cfcefc889a4c658b5530de8a
inst_23322d07d78ec2442f79a933696c3d2708be62e01712e6cae79bb131a75b314c,cubic_spin_glass,validation,all_native,all_to_all_reference,5,5,0,0,5,128.0,128.0,0.0,128.0,128.0,102.0,102.0,0.0,102.0,102.0,0.0,0.0,0.0,0.0,0.0014548800012562425,0.0014057999942451715,pass,,9d124ad72c0fe2b841fbfc927ec45c35cb413a6a0e01baada17f1025709d315c,9626c07cf4ccf3251a3585a4b367551c7a78f57218970c0d71f73f221adea5d3,22e05ea2e1684256cfcefc889a4c658b5530de8a
inst_23322d07d78ec2442f79a933696c3d2708be62e01712e6cae79bb131a75b314c,cubic_spin_glass,validation,all_native,device_sparse_v1,5,0,5,0,5,,,,,,,,,,,,,,,,,expected_infeasible_width,expected_capacity_failure,9d124ad72c0fe2b841fbfc927ec45c35cb413a6a0e01baada17f1025709d315c,9626c07cf4ccf3251a3585a4b367551c7a78f57218970c0d71f73f221adea5d3,22e05ea2e1684256cfcefc889a4c658b5530de8a
inst_23322d07d78ec2442f79a933696c3d2708be62e01712e6cae79bb131a75b314c,cubic_spin_glass,validation,fully_quadratized,all_to_all_reference,5,5,0,0,5,176.0,176.0,0.0,176.0,176.0,60.0,60.0,0.0,60.0,60.0,0.0,0.0,0.0,0.0,0.0013790199998766183,0.0013808999792672694,pass,,9d124ad72c0fe2b841fbfc927ec45c35cb413a6a0e01baada17f1025709d315c,9626c07cf4ccf3251a3585a4b367551c7a78f57218970c0d71f73f221adea5d3,22e05ea2e1684256cfcefc889a4c658b5530de8a
inst_23322d07d78ec2442f79a933696c3d2708be62e01712e6cae79bb131a75b314c,cubic_spin_glass,validation,fully_quadratized,device_sparse_v1,5,0,5,0,5,,,,,,,,,,,,,,,,,expected_infeasible_width,expected_capacity_failure,9d124ad72c0fe2b841fbfc927ec45c35cb413a6a0e01baada17f1025709d315c,9626c07cf4ccf3251a3585a4b367551c7a78f57218970c0d71f73f221adea5d3,22e05ea2e1684256cfcefc889a4c658b5530de8a
inst_23322d07d78ec2442f79a933696c3d2708be62e01712e6cae79bb131a75b314c,cubic_spin_glass,validation,matched_random_selective,all_to_all_reference,25,25,0,5,5,143.2,142.0,1.632993161855452,142.55986668055266,143.84013331944732,104.4,102.0,3.958114029012639,102.84841930062706,105.95158069937295,0.0,0.0,0.0,0.0,0.0015111439989414065,0.0014780999918002635,pass,,9d124ad72c0fe2b841fbfc927ec45c35cb413a6a0e01baada17f1025709d315c,9626c07cf4ccf3251a3585a4b367551c7a78f57218970c0d71f73f221adea5d3,22e05ea2e1684256cfcefc889a4c658b5530de8a
inst_23322d07d78ec2442f79a933696c3d2708be62e01712e6cae79bb131a75b314c,cubic_spin_glass,validation,matched_random_selective,device_sparse_v1,25,0,25,5,5,,,,,,,,,,,,,,,,,expected_infeasible_width,expected_capacity_failure,9d124ad72c0fe2b841fbfc927ec45c35cb413a6a0e01baada17f1025709d315c,9626c07cf4ccf3251a3585a4b367551c7a78f57218970c0d71f73f221adea5d3,22e05ea2e1684256cfcefc889a4c658b5530de8a
inst_23322d07d78ec2442f79a933696c3d2708be62e01712e6cae79bb131a75b314c,cubic_spin_glass,validation,selective,all_to_all_reference,5,5,0,0,5,154.0,154.0,0.0,154.0,154.0,72.0,72.0,0.0,72.0,72.0,0.0,0.0,0.0,0.0,0.0017717399983666836,0.0014587000187020749,pass,,9d124ad72c0fe2b841fbfc927ec45c35cb413a6a0e01baada17f1025709d315c,9626c07cf4ccf3251a3585a4b367551c7a78f57218970c0d71f73f221adea5d3,22e05ea2e1684256cfcefc889a4c658b5530de8a
inst_23322d07d78ec2442f79a933696c3d2708be62e01712e6cae79bb131a75b314c,cubic_spin_glass,validation,selective,device_sparse_v1,5,0,5,0,5,,,,,,,,,,,,,,,,,expected_infeasible_width,expected_capacity_failure,9d124ad72c0fe2b841fbfc927ec45c35cb413a6a0e01baada17f1025709d315c,9626c07cf4ccf3251a3585a4b367551c7a78f57218970c0d71f73f221adea5d3,22e05ea2e1684256cfcefc889a4c658b5530de8a
inst_2435c007116b03470f62d34cb88efdb456703104ba682192d46d894aa479d642,max3sat,train,all_native,all_to_all_reference,5,5,0,0,5,138.0,138.0,0.0,138.0,138.0,106.0,106.0,0.0,106.0,106.0,0.0,0.0,0.0,0.0,0.0013685000012628734,0.0012332999904174358,pass,,9d124ad72c0fe2b841fbfc927ec45c35cb413a6a0e01baada17f1025709d315c,9626c07cf4ccf3251a3585a4b367551c7a78f57218970c0d71f73f221adea5d3,22e05ea2e1684256cfcefc889a4c658b5530de8a
inst_2435c007116b03470f62d34cb88efdb456703104ba682192d46d894aa479d642,max3sat,train,all_native,device_sparse_v1,5,5,0,0,5,230.2,231.0,5.403702434442518,225.4634459783509,234.93655402164907,169.4,167.0,6.6558245169174945,163.56591258207422,175.2340874179258,39.0,39.0,92.2,93.0,0.009320220007793978,0.009566100023221225,pass,,9d124ad72c0fe2b841fbfc927ec45c35cb413a6a0e01baada17f1025709d315c,9626c07cf4ccf3251a3585a4b367551c7a78f57218970c0d71f73f221adea5d3,22e05ea2e1684256cfcefc889a4c658b5530de8a
inst_2435c007116b03470f62d34cb88efdb456703104ba682192d46d894aa479d642,max3sat,train,fully_quadratized,all_to_all_reference,5,5,0,0,5,98.0,98.0,0.0,98.0,98.0,42.0,42.0,0.0,42.0,42.0,0.0,0.0,0.0,0.0,0.0010600400040857495,0.0010226999875158072,pass,,9d124ad72c0fe2b841fbfc927ec45c35cb413a6a0e01baada17f1025709d315c,9626c07cf4ccf3251a3585a4b367551c7a78f57218970c0d71f73f221adea5d3,22e05ea2e1684256cfcefc889a4c658b5530de8a
inst_2435c007116b03470f62d34cb88efdb456703104ba682192d46d894aa479d642,max3sat,train,fully_quadratized,device_sparse_v1,5,0,5,0,5,,,,,,,,,,,,,,,,,expected_infeasible_width,expected_capacity_failure,9d124ad72c0fe2b841fbfc927ec45c35cb413a6a0e01baada17f1025709d315c,9626c07cf4ccf3251a3585a4b367551c7a78f57218970c0d71f73f221adea5d3,22e05ea2e1684256cfcefc889a4c658b5530de8a
inst_2435c007116b03470f62d34cb88efdb456703104ba682192d46d894aa479d642,max3sat,train,matched_random_selective,all_to_all_reference,25,25,0,5,5,141.2,142.0,1.632993161855452,140.55986668055266,141.84013331944732,99.6,100.0,2.3804761428476167,98.66685335200373,100.53314664799626,0.0,0.0,0.0,0.0,0.0012272760039195418,0.0011128000041935593,pass,,9d124ad72c0fe2b841fbfc927ec45c35cb413a6a0e01baada17f1025709d315c,9626c07cf4ccf3251a3585a4b367551c7a78f57218970c0d71f73f221adea5d3,22e05ea2e1684256cfcefc889a4c658b5530de8a
inst_2435c007116b03470f62d34cb88efdb456703104ba682192d46d894aa479d642,max3sat,train,matched_random_selective,device_sparse_v1,25,0,25,5,5,,,,,,,,,,,,,,,,,expected_infeasible_width,expected_capacity_failure,9d124ad72c0fe2b841fbfc927ec45c35cb413a6a0e01baada17f1025709d315c,9626c07cf4ccf3251a3585a4b367551c7a78f57218970c0d71f73f221adea5d3,22e05ea2e1684256cfcefc889a4c658b5530de8a
inst_2435c007116b03470f62d34cb88efdb456703104ba682192d46d894aa479d642,max3sat,train,selective,all_to_all_reference,5,5,0,0,5,102.0,102.0,0.0,102.0,102.0,44.0,44.0,0.0,44.0,44.0,0.0,0.0,0.0,0.0,0.0011051599867641926,0.0010300999856553972,pass,,9d124ad72c0fe2b841fbfc927ec45c35cb413a6a0e01baada17f1025709d315c,9626c07cf4ccf3251a3585a4b367551c7a78f57218970c0d71f73f221adea5d3,22e05ea2e1684256cfcefc889a4c658b5530de8a
inst_2435c007116b03470f62d34cb88efdb456703104ba682192d46d894aa479d642,max3sat,train,selective,device_sparse_v1,5,0,5,0,5,,,,,,,,,,,,,,,,,expected_infeasible_width,expected_capacity_failure,9d124ad72c0fe2b841fbfc927ec45c35cb413a6a0e01baada17f1025709d315c,9626c07cf4ccf3251a3585a4b367551c7a78f57218970c0d71f73f221adea5d3,22e05ea2e1684256cfcefc889a4c658b5530de8a
inst_2578bb3c4c83da80aec8fb5980e49dedc3450aae4bbc14c0eabca47881b8a912,cubic_spin_glass,train,all_native,all_to_all_reference,5,5,0,0,5,128.0,128.0,0.0,128.0,128.0,102.0,102.0,0.0,102.0,102.0,0.0,0.0,0.0,0.0,0.001752160000614822,0.0017496999935247004,pass,,9d124ad72c0fe2b841fbfc927ec45c35cb413a6a0e01baada17f1025709d315c,9626c07cf4ccf3251a3585a4b367551c7a78f57218970c0d71f73f221adea5d3,22e05ea2e1684256cfcefc889a4c658b5530de8a
inst_2578bb3c4c83da80aec8fb5980e49dedc3450aae4bbc14c0eabca47881b8a912,cubic_spin_glass,train,all_native,device_sparse_v1,5,0,5,0,5,,,,,,,,,,,,,,,,,expected_infeasible_width,expected_capacity_failure,9d124ad72c0fe2b841fbfc927ec45c35cb413a6a0e01baada17f1025709d315c,9626c07cf4ccf3251a3585a4b367551c7a78f57218970c0d71f73f221adea5d3,22e05ea2e1684256cfcefc889a4c658b5530de8a
inst_2578bb3c4c83da80aec8fb5980e49dedc3450aae4bbc14c0eabca47881b8a912,cubic_spin_glass,train,fully_quadratized,all_to_all_reference,5,5,0,0,5,170.0,170.0,0.0,170.0,170.0,52.0,52.0,0.0,52.0,52.0,0.0,0.0,0.0,0.0,0.0018306199926882982,0.001684399991063401,pass,,9d124ad72c0fe2b841fbfc927ec45c35cb413a6a0e01baada17f1025709d315c,9626c07cf4ccf3251a3585a4b367551c7a78f57218970c0d71f73f221adea5d3,22e05ea2e1684256cfcefc889a4c658b5530de8a
inst_2578bb3c4c83da80aec8fb5980e49dedc3450aae4bbc14c0eabca47881b8a912,cubic_spin_glass,train,fully_quadratized,device_sparse_v1,5,0,5,0,5,,,,,,,,,,,,,,,,,expected_infeasible_width,expected_capacity_failure,9d124ad72c0fe2b841fbfc927ec45c35cb413a6a0e01baada17f1025709d315c,9626c07cf4ccf3251a3585a4b367551c7a78f57218970c0d71f73f221adea5d3,22e05ea2e1684256cfcefc889a4c658b5530de8a
inst_2578bb3c4c83da80aec8fb5980e49dedc3450aae4bbc14c0eabca47881b8a912,cubic_spin_glass,train,matched_random_selective,all_to_all_reference,25,25,0,5,5,150.4,150.0,1.5275252316519468,149.80121010919245,150.99878989080756,102.8,104.0,4.349329450233296,101.09506285550854,104.50493714449145,0.0,0.0,0.0,0.0,0.002044332000659779,0.0018622000061441213,pass,,9d124ad72c0fe2b841fbfc927ec45c35cb413a6a0e01baada17f1025709d315c,9626c07cf4ccf3251a3585a4b367551c7a78f57218970c0d71f73f221adea5d3,22e05ea2e1684256cfcefc889a4c658b5530de8a
inst_2578bb3c4c83da80aec8fb5980e49dedc3450aae4bbc14c0eabca47881b8a912,cubic_spin_glass,train,matched_random_selective,device_sparse_v1,25,0,25,5,5,,,,,,,,,,,,,,,,,expected_infeasible_width,expected_capacity_failure,9d124ad72c0fe2b841fbfc927ec45c35cb413a6a0e01baada17f1025709d315c,9626c07cf4ccf3251a3585a4b367551c7a78f57218970c0d71f73f221adea5d3,22e05ea2e1684256cfcefc889a4c658b5530de8a
inst_2578bb3c4c83da80aec8fb5980e49dedc3450aae4bbc14c0eabca47881b8a912,cubic_spin_glass,train,selective,all_to_all_reference,5,5,0,0,5,136.0,136.0,0.0,136.0,136.0,47.0,47.0,0.0,47.0,47.0,0.0,0.0,0.0,0.0,0.0019589199917390944,0.0018711999873630702,pass,,9d124ad72c0fe2b841fbfc927ec45c35cb413a6a0e01baada17f1025709d315c,9626c07cf4ccf3251a3585a4b367551c7a78f57218970c0d71f73f221adea5d3,22e05ea2e1684256cfcefc889a4c658b5530de8a
inst_2578bb3c4c83da80aec8fb5980e49dedc3450aae4bbc14c0eabca47881b8a912,cubic_spin_glass,train,selective,device_sparse_v1,5,0,5,0,5,,,,,,,,,,,,,,,,,expected_infeasible_width,expected_capacity_failure,9d124ad72c0fe2b841fbfc927ec45c35cb413a6a0e01baada17f1025709d315c,9626c07cf4ccf3251a3585a4b367551c7a78f57218970c0d71f73f221adea5d3,22e05ea2e1684256cfcefc889a4c658b5530de8a
inst_282c742887e5c98fde17b21ba08676c33dcd0d2b564db9120176704b8a84467b,max3sat,test,all_native,all_to_all_reference,5,5,0,0,5,332.0,332.0,0.0,332.0,332.0,149.0,149.0,0.0,149.0,149.0,0.0,0.0,0.0,0.0,0.0031386999995447694,0.002469599974574521,pass,,9d124ad72c0fe2b841fbfc927ec45c35cb413a6a0e01baada17f1025709d315c,9626c07cf4ccf3251a3585a4b367551c7a78f57218970c0d71f73f221adea5d3,22e05ea2e1684256cfcefc889a4c658b5530de8a
inst_282c742887e5c98fde17b21ba08676c33dcd0d2b564db9120176704b8a84467b,max3sat,test,all_native,device_sparse_v1,5,0,5,0,5,,,,,,,,,,,,,,,,,expected_infeasible_width,expected_capacity_failure,9d124ad72c0fe2b841fbfc927ec45c35cb413a6a0e01baada17f1025709d315c,9626c07cf4ccf3251a3585a4b367551c7a78f57218970c0d71f73f221adea5d3,22e05ea2e1684256cfcefc889a4c658b5530de8a
inst_282c742887e5c98fde17b21ba08676c33dcd0d2b564db9120176704b8a84467b,max3sat,test,fully_quadratized,all_to_all_reference,5,5,0,0,5,278.0,278.0,0.0,278.0,278.0,54.0,54.0,0.0,54.0,54.0,0.0,0.0,0.0,0.0,0.0036693600006401537,0.003532300004735589,pass,,9d124ad72c0fe2b841fbfc927ec45c35cb413a6a0e01baada17f1025709d315c,9626c07cf4ccf3251a3585a4b367551c7a78f57218970c0d71f73f221adea5d3,22e05ea2e1684256cfcefc889a4c658b5530de8a
inst_282c742887e5c98fde17b21ba08676c33dcd0d2b564db9120176704b8a84467b,max3sat,test,fully_quadratized,device_sparse_v1,5,0,5,0,5,,,,,,,,,,,,,,,,,expected_infeasible_width,expected_capacity_failure,9d124ad72c0fe2b841fbfc927ec45c35cb413a6a0e01baada17f1025709d315c,9626c07cf4ccf3251a3585a4b367551c7a78f57218970c0d71f73f221adea5d3,22e05ea2e1684256cfcefc889a4c658b5530de8a
inst_282c742887e5c98fde17b21ba08676c33dcd0d2b564db9120176704b8a84467b,max3sat,test,matched_random_selective,all_to_all_reference,25,25,0,5,5,347.2,346.0,4.760952285695233,345.33370670400745,349.0662932959925,120.4,121.0,6.474308199851677,117.86207118565815,122.93792881434186,0.0,0.0,0.0,0.0,0.003220171999419108,0.0029427999979816377,pass,,9d124ad72c0fe2b841fbfc927ec45c35cb413a6a0e01baada17f1025709d315c,9626c07cf4ccf3251a3585a4b367551c7a78f57218970c0d71f73f221adea5d3,22e05ea2e1684256cfcefc889a4c658b5530de8a
inst_282c742887e5c98fde17b21ba08676c33dcd0d2b564db9120176704b8a84467b,max3sat,test,matched_random_selective,device_sparse_v1,25,0,25,5,5,,,,,,,,,,,,,,,,,expected_infeasible_width,expected_capacity_failure,9d124ad72c0fe2b841fbfc927ec45c35cb413a6a0e01baada17f1025709d315c,9626c07cf4ccf3251a3585a4b367551c7a78f57218970c0d71f73f221adea5d3,22e05ea2e1684256cfcefc889a4c658b5530de8a
inst_282c742887e5c98fde17b21ba08676c33dcd0d2b564db9120176704b8a84467b,max3sat,test,selective,all_to_all_reference,5,5,0,0,5,296.0,296.0,0.0,296.0,296.0,69.0,69.0,0.0,69.0,69.0,0.0,0.0,0.0,0.0,0.003238339995732531,0.0033688999828882515,pass,,9d124ad72c0fe2b841fbfc927ec45c35cb413a6a0e01baada17f1025709d315c,9626c07cf4ccf3251a3585a4b367551c7a78f57218970c0d71f73f221adea5d3,22e05ea2e1684256cfcefc889a4c658b5530de8a
inst_282c742887e5c98fde17b21ba08676c33dcd0d2b564db9120176704b8a84467b,max3sat,test,selective,device_sparse_v1,5,0,5,0,5,,,,,,,,,,,,,,,,,expected_infeasible_width,expected_capacity_failure,9d124ad72c0fe2b841fbfc927ec45c35cb413a6a0e01baada17f1025709d315c,9626c07cf4ccf3251a3585a4b367551c7a78f57218970c0d71f73f221adea5d3,22e05ea2e1684256cfcefc889a4c658b5530de8a
inst_28501defa541901199d0158698324fd95f401371b2edf79721692768a6c991e2,cubic_spin_glass,validation,all_native,all_to_all_reference,5,5,0,0,5,192.0,192.0,0.0,192.0,192.0,137.0,137.0,0.0,137.0,137.0,0.0,0.0,0.0,0.0,0.002409679995616898,0.002662999992026016,pass,,9d124ad72c0fe2b841fbfc927ec45c35cb413a6a0e01baada17f1025709d315c,9626c07cf4ccf3251a3585a4b367551c7a78f57218970c0d71f73f221adea5d3,22e05ea2e1684256cfcefc889a4c658b5530de8a
inst_28501defa541901199d0158698324fd95f401371b2edf79721692768a6c991e2,cubic_spin_glass,validation,all_native,device_sparse_v1,5,5,0,0,5,348.8,351.0,3.492849839314596,345.7383821270446,351.86161787295543,243.8,240.0,11.903780911962384,233.36587598310237,254.23412401689765,60.0,61.0,156.8,159.0,0.011092280002776534,0.010484200000064448,pass,,9d124ad72c0fe2b841fbfc927ec45c35cb413a6a0e01baada17f1025709d315c,9626c07cf4ccf3251a3585a4b367551c7a78f57218970c0d71f73f221adea5d3,22e05ea2e1684256cfcefc889a4c658b5530de8a
inst_28501defa541901199d0158698324fd95f401371b2edf79721692768a6c991e2,cubic_spin_glass,validation,fully_quadratized,all_to_all_reference,5,5,0,0,5,192.0,192.0,0.0,192.0,192.0,48.0,48.0,0.0,48.0,48.0,0.0,0.0,0.0,0.0,0.002125819999491796,0.0019336999976076186,pass,,9d124ad72c0fe2b841fbfc927ec45c35cb413a6a0e01baada17f1025709d315c,9626c07cf4ccf3251a3585a4b367551c7a78f57218970c0d71f73f221adea5d3,22e05ea2e1684256cfcefc889a4c658b5530de8a
inst_28501defa541901199d0158698324fd95f401371b2edf79721692768a6c991e2,cubic_spin_glass,validation,fully_quadratized,device_sparse_v1,5,0,5,0,5,,,,,,,,,,,,,,,,,expected_infeasible_width,expected_capacity_failure,9d124ad72c0fe2b841fbfc927ec45c35cb413a6a0e01baada17f1025709d315c,9626c07cf4ccf3251a3585a4b367551c7a78f57218970c0d71f73f221adea5d3,22e05ea2e1684256cfcefc889a4c658b5530de8a
inst_28501defa541901199d0158698324fd95f401371b2edf79721692768a6c991e2,cubic_spin_glass,validation,matched_random_selective,all_to_all_reference,25,25,0,5,5,217.6,218.0,4.358898943540674,215.89131161413206,219.30868838586792,137.8,139.0,2.9860788111948193,136.62945710601164,138.97054289398838,0.0,0.0,0.0,0.0,0.001953276002313942,0.0019511000136844814,pass,,9d124ad72c0fe2b841fbfc927ec45c35cb413a6a0e01baada17f1025709d315c,9626c07cf4ccf3251a3585a4b367551c7a78f57218970c0d71f73f221adea5d3,22e05ea2e1684256cfcefc889a4c658b5530de8a
inst_28501defa541901199d0158698324fd95f401371b2edf79721692768a6c991e2,cubic_spin_glass,validation,matched_random_selective,device_sparse_v1,25,0,25,5,5,,,,,,,,,,,,,,,,,expected_infeasible_width,expected_capacity_failure,9d124ad72c0fe2b841fbfc927ec45c35cb413a6a0e01baada17f1025709d315c,9626c07cf4ccf3251a3585a4b367551c7a78f57218970c0d71f73f221adea5d3,22e05ea2e1684256cfcefc889a4c658b5530de8a
inst_28501defa541901199d0158698324fd95f401371b2edf79721692768a6c991e2,cubic_spin_glass,validation,selective,all_to_all_reference,5,5,0,0,5,204.0,204.0,0.0,204.0,204.0,91.0,91.0,0.0,91.0,91.0,0.0,0.0,0.0,0.0,0.002091320004547015,0.002071700000669807,pass,,9d124ad72c0fe2b841fbfc927ec45c35cb413a6a0e01baada17f1025709d315c,9626c07cf4ccf3251a3585a4b367551c7a78f57218970c0d71f73f221adea5d3,22e05ea2e1684256cfcefc889a4c658b5530de8a
inst_28501defa541901199d0158698324fd95f401371b2edf79721692768a6c991e2,cubic_spin_glass,validation,selective,device_sparse_v1,5,0,5,0,5,,,,,,,,,,,,,,,,,expected_infeasible_width,expected_capacity_failure,9d124ad72c0fe2b841fbfc927ec45c35cb413a6a0e01baada17f1025709d315c,9626c07cf4ccf3251a3585a4b367551c7a78f57218970c0d71f73f221adea5d3,22e05ea2e1684256cfcefc889a4c658b5530de8a
inst_28ff20a6c0731a37ed804a7e8e137c72f43ecb16c06242490c2839e435a3c9c9,max3sat,test,all_native,all_to_all_reference,5,5,0,0,5,258.0,258.0,0.0,258.0,258.0,135.0,135.0,0.0,135.0,135.0,0.0,0.0,0.0,0.0,0.002008459996432066,0.001891699997941032,pass,,9d124ad72c0fe2b841fbfc927ec45c35cb413a6a0e01baada17f1025709d315c,9626c07cf4ccf3251a3585a4b367551c7a78f57218970c0d71f73f221adea5d3,22e05ea2e1684256cfcefc889a4c658b5530de8a
inst_28ff20a6c0731a37ed804a7e8e137c72f43ecb16c06242490c2839e435a3c9c9,max3sat,test,all_native,device_sparse_v1,5,0,5,0,5,,,,,,,,,,,,,,,,,expected_infeasible_width,expected_capacity_failure,9d124ad72c0fe2b841fbfc927ec45c35cb413a6a0e01baada17f1025709d315c,9626c07cf4ccf3251a3585a4b367551c7a78f57218970c0d71f73f221adea5d3,22e05ea2e1684256cfcefc889a4c658b5530de8a
inst_28ff20a6c0731a37ed804a7e8e137c72f43ecb16c06242490c2839e435a3c9c9,max3sat,test,fully_quadratized,all_to_all_reference,5,5,0,0,5,220.0,220.0,0.0,220.0,220.0,54.0,54.0,0.0,54.0,54.0,0.0,0.0,0.0,0.0,0.0026607400039210917,0.0023338000173680484,pass,,9d124ad72c0fe2b841fbfc927ec45c35cb413a6a0e01baada17f1025709d315c,9626c07cf4ccf3251a3585a4b367551c7a78f57218970c0d71f73f221adea5d3,22e05ea2e1684256cfcefc889a4c658b5530de8a
inst_28ff20a6c0731a37ed804a7e8e137c72f43ecb16c06242490c2839e435a3c9c9,max3sat,test,fully_quadratized,device_sparse_v1,5,0,5,0,5,,,,,,,,,,,,,,,,,expected_infeasible_width,expected_capacity_failure,9d124ad72c0fe2b841fbfc927ec45c35cb413a6a0e01baada17f1025709d315c,9626c07cf4ccf3251a3585a4b367551c7a78f57218970c0d71f73f221adea5d3,22e05ea2e1684256cfcefc889a4c658b5530de8a
inst_28ff20a6c0731a37ed804a7e8e137c72f43ecb16c06242490c2839e435a3c9c9,max3sat,test,matched_random_selective,all_to_all_reference,25,25,0,5,5,264.4,264.0,8.0,261.26399999999995,267.536,101.6,103.0,8.74642784226795,98.17140028583096,105.02859971416903,0.0,0.0,0.0,0.0,0.0022398159990552812,0.002204299991717562,pass,,9d124ad72c0fe2b841fbfc927ec45c35cb413a6a0e01baada17f1025709d315c,9626c07cf4ccf3251a3585a4b367551c7a78f57218970c0d71f73f221adea5d3,22e05ea2e1684256cfcefc889a4c658b5530de8a
inst_28ff20a6c0731a37ed804a7e8e137c72f43ecb16c06242490c2839e435a3c9c9,max3sat,test,matched_random_selective,device_sparse_v1,25,0,25,5,5,,,,,,,,,,,,,,,,,expected_infeasible_width,expected_capacity_failure,9d124ad72c0fe2b841fbfc927ec45c35cb413a6a0e01baada17f1025709d315c,9626c07cf4ccf3251a3585a4b367551c7a78f57218970c0d71f73f221adea5d3,22e05ea2e1684256cfcefc889a4c658b5530de8a
inst_28ff20a6c0731a37ed804a7e8e137c72f43ecb16c06242490c2839e435a3c9c9,max3sat,test,selective,all_to_all_reference,5,5,0,0,5,232.0,232.0,0.0,232.0,232.0,57.0,57.0,0.0,57.0,57.0,0.0,0.0,0.0,0.0,0.0021495799999684097,0.0020846000115852803,pass,,9d124ad72c0fe2b841fbfc927ec45c35cb413a6a0e01baada17f1025709d315c,9626c07cf4ccf3251a3585a4b367551c7a78f57218970c0d71f73f221adea5d3,22e05ea2e1684256cfcefc889a4c658b5530de8a
inst_28ff20a6c0731a37ed804a7e8e137c72f43ecb16c06242490c2839e435a3c9c9,max3sat,test,selective,device_sparse_v1,5,0,5,0,5,,,,,,,,,,,,,,,,,expected_infeasible_width,expected_capacity_failure,9d124ad72c0fe2b841fbfc927ec45c35cb413a6a0e01baada17f1025709d315c,9626c07cf4ccf3251a3585a4b367551c7a78f57218970c0d71f73f221adea5d3,22e05ea2e1684256cfcefc889a4c658b5530de8a
inst_29626af5a49c14ecc2c2040c11341eeaa8dded055a83fdf07387d51f5846dda9,cubic_spin_glass,test,all_native,all_to_all_reference,5,5,0,0,5,256.0,256.0,0.0,256.0,256.0,197.0,197.0,0.0,197.0,197.0,0.0,0.0,0.0,0.0,0.002395500004058704,0.0023560000117868185,pass,,9d124ad72c0fe2b841fbfc927ec45c35cb413a6a0e01baada17f1025709d315c,9626c07cf4ccf3251a3585a4b367551c7a78f57218970c0d71f73f221adea5d3,22e05ea2e1684256cfcefc889a4c658b5530de8a
inst_29626af5a49c14ecc2c2040c11341eeaa8dded055a83fdf07387d51f5846dda9,cubic_spin_glass,test,all_native,device_sparse_v1,5,0,5,0,5,,,,,,,,,,,,,,,,,expected_infeasible_width,expected_capacity_failure,9d124ad72c0fe2b841fbfc927ec45c35cb413a6a0e01baada17f1025709d315c,9626c07cf4ccf3251a3585a4b367551c7a78f57218970c0d71f73f221adea5d3,22e05ea2e1684256cfcefc889a4c658b5530de8a
inst_29626af5a49c14ecc2c2040c11341eeaa8dded055a83fdf07387d51f5846dda9,cubic_spin_glass,test,fully_quadratized,all_to_all_reference,5,5,0,0,5,292.0,292.0,0.0,292.0,292.0,66.0,66.0,0.0,66.0,66.0,0.0,0.0,0.0,0.0,0.00219308000523597,0.0021949000074528158,pass,,9d124ad72c0fe2b841fbfc927ec45c35cb413a6a0e01baada17f1025709d315c,9626c07cf4ccf3251a3585a4b367551c7a78f57218970c0d71f73f221adea5d3,22e05ea2e1684256cfcefc889a4c658b5530de8a
inst_29626af5a49c14ecc2c2040c11341eeaa8dded055a83fdf07387d51f5846dda9,cubic_spin_glass,test,fully_quadratized,device_sparse_v1,5,0,5,0,5,,,,,,,,,,,,,,,,,expected_infeasible_width,expected_capacity_failure,9d124ad72c0fe2b841fbfc927ec45c35cb413a6a0e01baada17f1025709d315c,9626c07cf4ccf3251a3585a4b367551c7a78f57218970c0d71f73f221adea5d3,22e05ea2e1684256cfcefc889a4c658b5530de8a
inst_29626af5a49c14ecc2c2040c11341eeaa8dded055a83fdf07387d51f5846dda9,cubic_spin_glass,test,matched_random_selective,all_to_all_reference,25,25,0,5,5,264.0,264.0,0.0,264.0,264.0,199.8,199.0,1.632993161855452,199.15986668055268,200.44013331944734,0.0,0.0,0.0,0.0,0.0035344560001976787,0.003791700000874698,pass,,9d124ad72c0fe2b841fbfc927ec45c35cb413a6a0e01baada17f1025709d315c,9626c07cf4ccf3251a3585a4b367551c7a78f57218970c0d71f73f221adea5d3,22e05ea2e1684256cfcefc889a4c658b5530de8a
inst_29626af5a49c14ecc2c2040c11341eeaa8dded055a83fdf07387d51f5846dda9,cubic_spin_glass,test,matched_random_selective,device_sparse_v1,25,0,25,5,5,,,,,,,,,,,,,,,,,expected_infeasible_width,expected_capacity_failure,9d124ad72c0fe2b841fbfc927ec45c35cb413a6a0e01baada17f1025709d315c,9626c07cf4ccf3251a3585a4b367551c7a78f57218970c0d71f73f221adea5d3,22e05ea2e1684256cfcefc889a4c658b5530de8a
inst_29626af5a49c14ecc2c2040c11341eeaa8dded055a83fdf07387d51f5846dda9,cubic_spin_glass,test,selective,all_to_all_reference,5,5,0,0,5,266.0,266.0,0.0,266.0,266.0,173.0,173.0,0.0,173.0,173.0,0.0,0.0,0.0,0.0,0.0043155400082468985,0.004626800015103072,pass,,9d124ad72c0fe2b841fbfc927ec45c35cb413a6a0e01baada17f1025709d315c,9626c07cf4ccf3251a3585a4b367551c7a78f57218970c0d71f73f221adea5d3,22e05ea2e1684256cfcefc889a4c658b5530de8a
inst_29626af5a49c14ecc2c2040c11341eeaa8dded055a83fdf07387d51f5846dda9,cubic_spin_glass,test,selective,device_sparse_v1,5,0,5,0,5,,,,,,,,,,,,,,,,,expected_infeasible_width,expected_capacity_failure,9d124ad72c0fe2b841fbfc927ec45c35cb413a6a0e01baada17f1025709d315c,9626c07cf4ccf3251a3585a4b367551c7a78f57218970c0d71f73f221adea5d3,22e05ea2e1684256cfcefc889a4c658b5530de8a
inst_2ad6fd57820320548db69f878d4c4679c0dba001302d3d027eb6a3bd18976999,max3sat,train,all_native,all_to_all_reference,5,5,0,0,5,242.0,242.0,0.0,242.0,242.0,155.0,155.0,0.0,155.0,155.0,0.0,0.0,0.0,0.0,0.0022398200002498926,0.002082399994833395,pass,,9d124ad72c0fe2b841fbfc927ec45c35cb413a6a0e01baada17f1025709d315c,9626c07cf4ccf3251a3585a4b367551c7a78f57218970c0d71f73f221adea5d3,22e05ea2e1684256cfcefc889a4c658b5530de8a
inst_2ad6fd57820320548db69f878d4c4679c0dba001302d3d027eb6a3bd18976999,max3sat,train,all_native,device_sparse_v1,5,0,5,0,5,,,,,,,,,,,,,,,,,expected_infeasible_width,expected_capacity_failure,9d124ad72c0fe2b841fbfc927ec45c35cb413a6a0e01baada17f1025709d315c,9626c07cf4ccf3251a3585a4b367551c7a78f57218970c0d71f73f221adea5d3,22e05ea2e1684256cfcefc889a4c658b5530de8a
inst_2ad6fd57820320548db69f878d4c4679c0dba001302d3d027eb6a3bd18976999,max3sat,train,fully_quadratized,all_to_all_reference,5,5,0,0,5,180.0,180.0,0.0,180.0,180.0,56.0,56.0,0.0,56.0,56.0,0.0,0.0,0.0,0.0,0.0016253600013442337,0.0016163999971468002,pass,,9d124ad72c0fe2b841fbfc927ec45c35cb413a6a0e01baada17f1025709d315c,9626c07cf4ccf3251a3585a4b367551c7a78f57218970c0d71f73f221adea5d3,22e05ea2e1684256cfcefc889a4c658b5530de8a
inst_2ad6fd57820320548db69f878d4c4679c0dba001302d3d027eb6a3bd18976999,max3sat,train,fully_quadratized,device_sparse_v1,5,0,5,0,5,,,,,,,,,,,,,,,,,expected_infeasible_width,expected_capacity_failure,9d124ad72c0fe2b841fbfc927ec45c35cb413a6a0e01baada17f1025709d315c,9626c07cf4ccf3251a3585a4b367551c7a78f57218970c0d71f73f221adea5d3,22e05ea2e1684256cfcefc889a4c658b5530de8a
inst_2ad6fd57820320548db69f878d4c4679c0dba001302d3d027eb6a3bd18976999,max3sat,train,matched_random_selective,all_to_all_reference,25,25,0,5,5,245.2,244.0,1.632993161855452,244.55986668055266,245.84013331944732,151.4,151.0,0.816496580927726,151.07993334027634,151.72006665972367,0.0,0.0,0.0,0.0,0.0018652400013525038,0.0016918999899644405,pass,,9d124ad72c0fe2b841fbfc927ec45c35cb413a6a0e01baada17f1025709d315c,9626c07cf4ccf3251a3585a4b367551c7a78f57218970c0d71f73f221adea5d3,22e05ea2e1684256cfcefc889a4c658b5530de8a
inst_2ad6fd57820320548db69f878d4c4679c0dba001302d3d027eb6a3bd18976999,max3sat,train,matched_random_selective,device_sparse_v1,25,0,25,5,5,,,,,,,,,,,,,,,,,expected_infeasible_width,expected_capacity_failure,9d124ad72c0fe2b841fbfc927ec45c35cb413a6a0e01baada17f1025709d315c,9626c07cf4ccf3251a3585a4b367551c7a78f57218970c0d71f73f221adea5d3,22e05ea2e1684256cfcefc889a4c658b5530de8a
inst_2ad6fd57820320548db69f878d4c4679c0dba001302d3d027eb6a3bd18976999,max3sat,train,selective,all_to_all_reference,5,5,0,0,5,184.0,184.0,0.0,184.0,184.0,64.0,64.0,0.0,64.0,64.0,0.0,0.0,0.0,0.0,0.001554940000642091,0.001492699986556545,pass,,9d124ad72c0fe2b841fbfc927ec45c35cb413a6a0e01baada17f1025709d315c,9626c07cf4ccf3251a3585a4b367551c7a78f57218970c0d71f73f221adea5d3,22e05ea2e1684256cfcefc889a4c658b5530de8a
inst_2ad6fd57820320548db69f878d4c4679c0dba001302d3d027eb6a3bd18976999,max3sat,train,selective,device_sparse_v1,5,0,5,0,5,,,,,,,,,,,,,,,,,expected_infeasible_width,expected_capacity_failure,9d124ad72c0fe2b841fbfc927ec45c35cb413a6a0e01baada17f1025709d315c,9626c07cf4ccf3251a3585a4b367551c7a78f57218970c0d71f73f221adea5d3,22e05ea2e1684256cfcefc889a4c658b5530de8a
inst_2b120f46ab783ce0aa9b4822502780d50c164c50f8bccaebc930a325a4ae0290,cubic_spin_glass,validation,all_native,all_to_all_reference,5,5,0,0,5,128.0,128.0,0.0,128.0,128.0,105.0,105.0,0.0,105.0,105.0,0.0,0.0,0.0,0.0,0.0016708799987100065,0.0017531999910715967,pass,,9d124ad72c0fe2b841fbfc927ec45c35cb413a6a0e01baada17f1025709d315c,9626c07cf4ccf3251a3585a4b367551c7a78f57218970c0d71f73f221adea5d3,22e05ea2e1684256cfcefc889a4c658b5530de8a
inst_2b120f46ab783ce0aa9b4822502780d50c164c50f8bccaebc930a325a4ae0290,cubic_spin_glass,validation,all_native,device_sparse_v1,5,5,0,0,5,219.0,217.0,8.276472678623424,211.74535183485787,226.25464816514213,164.8,164.0,8.105553651663778,157.6951689675264,171.90483103247362,35.8,36.0,91.0,89.0,0.008834179991390556,0.00884969998151064,pass,,9d124ad72c0fe2b841fbfc927ec45c35cb413a6a0e01baada17f1025709d315c,9626c07cf4ccf3251a3585a4b367551c7a78f57218970c0d71f73f221adea5d3,22e05ea2e1684256cfcefc889a4c658b5530de8a
inst_2b120f46ab783ce0aa9b4822502780d50c164c50f8bccaebc930a325a4ae0290,cubic_spin_glass,validation,fully_quadratized,all_to_all_reference,5,5,0,0,5,134.0,134.0,0.0,134.0,134.0,38.0,38.0,0.0,38.0,38.0,0.0,0.0,0.0,0.0,0.0013718000031076373,0.0013442999916151166,pass,,9d124ad72c0fe2b841fbfc927ec45c35cb413a6a0e01baada17f1025709d315c,9626c07cf4ccf3251a3585a4b367551c7a78f57218970c0d71f73f221adea5d3,22e05ea2e1684256cfcefc889a4c658b5530de8a
inst_2b120f46ab783ce0aa9b4822502780d50c164c50f8bccaebc930a325a4ae0290,cubic_spin_glass,validation,fully_quadratized,device_sparse_v1,5,0,5,0,5,,,,,,,,,,,,,,,,,expected_infeasible_width,expected_capacity_failure,9d124ad72c0fe2b841fbfc927ec45c35cb413a6a0e01baada17f1025709d315c,9626c07cf4ccf3251a3585a4b367551c7a78f57218970c0d71f73f221adea5d3,22e05ea2e1684256cfcefc889a4c658b5530de8a
inst_2b120f46ab783ce0aa9b4822502780d50c164c50f8bccaebc930a325a4ae0290,cubic_spin_glass,validation,matched_random_selective,all_to_all_reference,25,25,0,5,5,151.6,152.0,2.3804761428476167,150.66685335200373,152.53314664799626,103.6,105.0,3.511884584284246,102.22334124296057,104.97665875703942,0.0,0.0,0.0,0.0,0.0017056840006262064,0.0015600999759044498,pass,,9d124ad72c0fe2b841fbfc927ec45c35cb413a6a0e01baada17f1025709d315c,9626c07cf4ccf3251a3585a4b367551c7a78f57218970c0d71f73f221adea5d3,22e05ea2e1684256cfcefc889a4c658b5530de8a
inst_2b120f46ab783ce0aa9b4822502780d50c164c50f8bccaebc930a325a4ae0290,cubic_spin_glass,validation,matched_random_selective,device_sparse_v1,25,25,0,5,5,265.36,265.0,8.854753902095002,261.8889364703788,268.83106352962125,185.72,185.0,13.110174166145416,180.580811726871,190.859188273129,43.44,43.0,113.76,113.0,0.009268136004684492,0.00933110000914894,pass,,9d124ad72c0fe2b841fbfc927ec45c35cb413a6a0e01baada17f1025709d315c,9626c07cf4ccf3251a3585a4b367551c7a78f57218970c0d71f73f221adea5d3,22e05ea2e1684256cfcefc889a4c658b5530de8a
inst_2b120f46ab783ce0aa9b4822502780d50c164c50f8bccaebc930a325a4ae0290,cubic_spin_glass,validation,selective,all_to_all_reference,5,5,0,0,5,136.0,136.0,0.0,136.0,136.0,86.0,86.0,0.0,86.0,86.0,0.0,0.0,0.0,0.0,0.0016259999945759773,0.001507499982835725,pass,,9d124ad72c0fe2b841fbfc927ec45c35cb413a6a0e01baada17f1025709d315c,9626c07cf4ccf3251a3585a4b367551c7a78f57218970c0d71f73f221adea5d3,22e05ea2e1684256cfcefc889a4c658b5530de8a
inst_2b120f46ab783ce0aa9b4822502780d50c164c50f8bccaebc930a325a4ae0290,cubic_spin_glass,validation,selective,device_sparse_v1,5,5,0,0,5,230.6,232.0,4.219004621945797,226.9018793962338,234.2981206037662,152.6,151.0,4.39317652729776,148.74921098993985,156.45078901006013,38.6,38.0,94.6,96.0,0.009018699993612244,0.008825400000205263,pass,,9d124ad72c0fe2b841fbfc927ec45c35cb413a6a0e01baada17f1025709d315c,9626c07cf4ccf3251a3585a4b367551c7a78f57218970c0d71f73f221adea5d3,22e05ea2e1684256cfcefc889a4c658b5530de8a
inst_2cb581ef9182b4e94ad87468822d97c34bab3f5844f008f31be762da257eef0a,max3sat,train,all_native,all_to_all_reference,5,5,0,0,5,66.0,66.0,0.0,66.0,66.0,46.0,46.0,0.0,46.0,46.0,0.0,0.0,0.0,0.0,0.0008158399956300855,0.0007399999885819852,pass,,9d124ad72c0fe2b841fbfc927ec45c35cb413a6a0e01baada17f1025709d315c,9626c07cf4ccf3251a3585a4b367551c7a78f57218970c0d71f73f221adea5d3,22e05ea2e1684256cfcefc889a4c658b5530de8a
inst_2cb581ef9182b4e94ad87468822d97c34bab3f5844f008f31be762da257eef0a,max3sat,train,all_native,device_sparse_v1,5,5,0,0,5,108.8,111.0,4.08656334834051,105.21796929103057,112.38203070896942,87.0,86.0,2.9154759474226504,84.44447265716056,89.55552734283944,14.8,15.0,42.8,45.0,0.007242480001877993,0.007557899982202798,pass,,9d124ad72c0fe2b841fbfc927ec45c35cb413a6a0e01baada17f1025709d315c,9626c07cf4ccf3251a3585a4b367551c7a78f57218970c0d71f73f221adea5d3,22e05ea2e1684256cfcefc889a4c658b5530de8a
inst_2cb581ef9182b4e94ad87468822d97c34bab3f5844f008f31be762da257eef0a,max3sat,train,fully_quadratized,all_to_all_reference,5,5,0,0,5,60.0,60.0,0.0,60.0,60.0,28.0,28.0,0.0,28.0,28.0,0.0,0.0,0.0,0.0,0.0008605800045188517,0.0007874000002630055,pass,,9d124ad72c0fe2b841fbfc927ec45c35cb413a6a0e01baada17f1025709d315c,9626c07cf4ccf3251a3585a4b367551c7a78f57218970c0d71f73f221adea5d3,22e05ea2e1684256cfcefc889a4c658b5530de8a
inst_2cb581ef9182b4e94ad87468822d97c34bab3f5844f008f31be762da257eef0a,max3sat,train,fully_quadratized,device_sparse_v1,5,5,0,0,5,95.4,95.0,1.51657508881031,94.07066332330746,96.72933667669255,62.4,61.0,2.5099800796022267,60.19990545657692,64.60009454342307,12.6,13.0,35.4,35.0,0.007270179997431114,0.00743920000968501,pass,,9d124ad72c0fe2b841fbfc927ec45c35cb413a6a0e01baada17f1025709d315c,9626c07cf4ccf3251a3585a4b367551c7a78f57218970c0d71f73f221adea5d3,22e05ea2e1684256cfcefc889a4c658b5530de8a
inst_2cb581ef9182b4e94ad87468822d97c34bab3f5844f008f31be762da257eef0a,max3sat,train,matched_random_selective,all_to_all_reference,25,25,0,5,5,66.8,66.0,1.0,66.408,67.192,42.0,41.0,1.2909944487358056,41.49393017609557,42.50606982390443,0.0,0.0,0.0,0.0,0.0008632000023499131,0.0008024999988265336,pass,,9d124ad72c0fe2b841fbfc927ec45c35cb413a6a0e01baada17f1025709d315c,9626c07cf4ccf3251a3585a4b367551c7a78f57218970c0d71f73f221adea5d3,22e05ea2e1684256cfcefc889a4c658b5530de8a
inst_2cb581ef9182b4e94ad87468822d97c34bab3f5844f008f31be762da257eef0a,max3sat,train,matched_random_selective,device_sparse_v1,25,25,0,5,5,105.04,106.0,6.592167069080293,102.45587050892053,107.62412949107949,79.12,77.0,4.621688003316537,77.30829830269992,80.93170169730008,13.76,14.0,38.24,39.0,0.007144955998519435,0.007183100009569898,pass,,9d124ad72c0fe2b841fbfc927ec45c35cb413a6a0e01baada17f1025709d315c,9626c07cf4ccf3251a3585a4b367551c7a78f57218970c0d71f73f221adea5d3,22e05ea2e1684256cfcefc889a4c658b5530de8a
inst_2cb581ef9182b4e94ad87468822d97c34bab3f5844f008f31be762da257eef0a,max3sat,train,selective,all_to_all_reference,5,5,0,0,5,60.0,60.0,0.0,60.0,60.0,29.0,29.0,0.0,29.0,29.0,0.0,0.0,0.0,0.0,0.0008359400031622499,0.0007485999958589673,pass,,9d124ad72c0fe2b841fbfc927ec45c35cb413a6a0e01baada17f1025709d315c,9626c07cf4ccf3251a3585a4b367551c7a78f57218970c0d71f73f221adea5d3,22e05ea2e1684256cfcefc889a4c658b5530de8a
inst_2cb581ef9182b4e94ad87468822d97c34bab3f5844f008f31be762da257eef0a,max3sat,train,selective,device_sparse_v1,5,5,0,0,5,98.0,97.0,3.5355339059327378,94.90096789303499,101.09903210696501,63.4,64.0,1.816590212458495,61.80768847269135,64.99231152730864,13.2,13.0,38.0,37.0,0.0070158200047444556,0.00711770000634715,pass,,9d124ad72c0fe2b841fbfc927ec45c35cb413a6a0e01baada17f1025709d315c,9626c07cf4ccf3251a3585a4b367551c7a78f57218970c0d71f73f221adea5d3,22e05ea2e1684256cfcefc889a4c658b5530de8a
inst_2e816cce0a2319003b1016e03a990097cba6aa784390cb4cad82f3363dce05c1,max3sat,train,all_native,all_to_all_reference,5,5,0,0,5,422.0,422.0,0.0,422.0,422.0,262.0,262.0,0.0,262.0,262.0,0.0,0.0,0.0,0.0,0.0037301800039131194,0.003239100013161078,pass,,9d124ad72c0fe2b841fbfc927ec45c35cb413a6a0e01baada17f1025709d315c,9626c07cf4ccf3251a3585a4b367551c7a78f57218970c0d71f73f221adea5d3,22e05ea2e1684256cfcefc889a4c658b5530de8a
inst_2e816cce0a2319003b1016e03a990097cba6aa784390cb4cad82f3363dce05c1,max3sat,train,all_native,device_sparse_v1,5,0,5,0,5,,,,,,,,,,,,,,,,,expected_infeasible_width,expected_capacity_failure,9d124ad72c0fe2b841fbfc927ec45c35cb413a6a0e01baada17f1025709d315c,9626c07cf4ccf3251a3585a4b367551c7a78f57218970c0d71f73f221adea5d3,22e05ea2e1684256cfcefc889a4c658b5530de8a
inst_2e816cce0a2319003b1016e03a990097cba6aa784390cb4cad82f3363dce05c1,max3sat,train,fully_quadratized,all_to_all_reference,5,5,0,0,5,374.0,374.0,0.0,374.0,374.0,76.0,76.0,0.0,76.0,76.0,0.0,0.0,0.0,0.0,0.003909320005914196,0.003913699998520315,pass,,9d124ad72c0fe2b841fbfc927ec45c35cb413a6a0e01baada17f1025709d315c,9626c07cf4ccf3251a3585a4b367551c7a78f57218970c0d71f73f221adea5d3,22e05ea2e1684256cfcefc889a4c658b5530de8a
inst_2e816cce0a2319003b1016e03a990097cba6aa784390cb4cad82f3363dce05c1,max3sat,train,fully_quadratized,device_sparse_v1,5,0,5,0,5,,,,,,,,,,,,,,,,,expected_infeasible_width,expected_capacity_failure,9d124ad72c0fe2b841fbfc927ec45c35cb413a6a0e01baada17f1025709d315c,9626c07cf4ccf3251a3585a4b367551c7a78f57218970c0d71f73f221adea5d3,22e05ea2e1684256cfcefc889a4c658b5530de8a
inst_2e816cce0a2319003b1016e03a990097cba6aa784390cb4cad82f3363dce05c1,max3sat,train,matched_random_selective,all_to_all_reference,25,25,0,5,5,446.4,446.0,4.358898943540674,444.691311614132,448.10868838586794,168.8,169.0,10.923979738782625,164.51779994239723,173.0822000576028,0.0,0.0,0.0,0.0,0.003182360000209883,0.003052999993087724,pass,,9d124ad72c0fe2b841fbfc927ec45c35cb413a6a0e01baada17f1025709d315c,9626c07cf4ccf3251a3585a4b367551c7a78f57218970c0d71f73f221adea5d3,22e05ea2e1684256cfcefc889a4c658b5530de8a
inst_2e816cce0a2319003b1016e03a990097cba6aa784390cb4cad82f3363dce05c1,max3sat,train,matched_random_selective,device_sparse_v1,25,0,25,5,5,,,,,,,,,,,,,,,,,expected_infeasible_width,expected_capacity_failure,9d124ad72c0fe2b841fbfc927ec45c35cb413a6a0e01baada17f1025709d315c,9626c07cf4ccf3251a3585a4b367551c7a78f57218970c0d71f73f221adea5d3,22e05ea2e1684256cfcefc889a4c658b5530de8a
inst_2e816cce0a2319003b1016e03a990097cba6aa784390cb4cad82f3363dce05c1,max3sat,train,selective,all_to_all_reference,5,5,0,0,5,366.0,366.0,0.0,366.0,366.0,83.0,83.0,0.0,83.0,83.0,0.0,0.0,0.0,0.0,0.0032802400004584343,0.003218199999537319,pass,,9d124ad72c0fe2b841fbfc927ec45c35cb413a6a0e01baada17f1025709d315c,9626c07cf4ccf3251a3585a4b367551c7a78f57218970c0d71f73f221adea5d3,22e05ea2e1684256cfcefc889a4c658b5530de8a
inst_2e816cce0a2319003b1016e03a990097cba6aa784390cb4cad82f3363dce05c1,max3sat,train,selective,device_sparse_v1,5,0,5,0,5,,,,,,,,,,,,,,,,,expected_infeasible_width,expected_capacity_failure,9d124ad72c0fe2b841fbfc927ec45c35cb413a6a0e01baada17f1025709d315c,9626c07cf4ccf3251a3585a4b367551c7a78f57218970c0d71f73f221adea5d3,22e05ea2e1684256cfcefc889a4c658b5530de8a
inst_2f15d2f234c8f1df4c005ad0920e30245530206ef3ff58661a368393a9143cfb,max3sat,test,all_native,all_to_all_reference,5,5,0,0,5,140.0,140.0,0.0,140.0,140.0,90.0,90.0,0.0,90.0,90.0,0.0,0.0,0.0,0.0,0.0013815000071190297,0.0013036000018473715,pass,,9d124ad72c0fe2b841fbfc927ec45c35cb413a6a0e01baada17f1025709d315c,9626c07cf4ccf3251a3585a4b367551c7a78f57218970c0d71f73f221adea5d3,22e05ea2e1684256cfcefc889a4c658b5530de8a
inst_2f15d2f234c8f1df4c005ad0920e30245530206ef3ff58661a368393a9143cfb,max3sat,test,all_native,device_sparse_v1,5,5,0,0,5,269.6,269.0,9.736529155710468,261.06555590562573,278.1344440943743,183.4,189.0,11.371015785759862,173.43286520608856,193.36713479391145,47.2,47.0,129.6,129.0,0.010384159995010123,0.009866300009889528,pass,,9d124ad72c0fe2b841fbfc927ec45c35cb413a6a0e01baada17f1025709d315c,9626c07cf4ccf3251a3585a4b367551c7a78f57218970c0d71f73f221adea5d3,22e05ea2e1684256cfcefc889a4c658b5530de8a
inst_2f15d2f234c8f1df4c005ad0920e30245530206ef3ff58661a368393a9143cfb,max3sat,test,fully_quadratized,all_to_all_reference,5,5,0,0,5,102.0,102.0,0.0,102.0,102.0,46.0,46.0,0.0,46.0,46.0,0.0,0.0,0.0,0.0,0.0015689799911342561,0.0015728999860584736,pass,,9d124ad72c0fe2b841fbfc927ec45c35cb413a6a0e01baada17f1025709d315c,9626c07cf4ccf3251a3585a4b367551c7a78f57218970c0d71f73f221adea5d3,22e05ea2e1684256cfcefc889a4c658b5530de8a
inst_2f15d2f234c8f1df4c005ad0920e30245530206ef3ff58661a368393a9143cfb,max3sat,test,fully_quadratized,device_sparse_v1,5,0,5,0,5,,,,,,,,,,,,,,,,,expected_infeasible_width,expected_capacity_failure,9d124ad72c0fe2b841fbfc927ec45c35cb413a6a0e01baada17f1025709d315c,9626c07cf4ccf3251a3585a4b367551c7a78f57218970c0d71f73f221adea5d3,22e05ea2e1684256cfcefc889a4c658b5530de8a
inst_2f15d2f234c8f1df4c005ad0920e30245530206ef3ff58661a368393a9143cfb,max3sat,test,matched_random_selective,all_to_all_reference,25,25,0,5,5,140.4,140.0,5.972157622389639,138.05891421202327,142.74108578797674,80.4,82.0,5.686240703077327,78.17099364439369,82.62900635560632,0.0,0.0,0.0,0.0,0.001452916000271216,0.0012312000035308301,pass,,9d124ad72c0fe2b841fbfc927ec45c35cb413a6a0e01baada17f1025709d315c,9626c07cf4ccf3251a3585a4b367551c7a78f57218970c0d71f73f221adea5d3,22e05ea2e1684256cfcefc889a4c658b5530de8a
inst_2f15d2f234c8f1df4c005ad0920e30245530206ef3ff58661a368393a9143cfb,max3sat,test,matched_random_selective,device_sparse_v1,25,0,25,5,5,,,,,,,,,,,,,,,,,expected_infeasible_width,expected_capacity_failure,9d124ad72c0fe2b841fbfc927ec45c35cb413a6a0e01baada17f1025709d315c,9626c07cf4ccf3251a3585a4b367551c7a78f57218970c0d71f73f221adea5d3,22e05ea2e1684256cfcefc889a4c658b5530de8a
inst_2f15d2f234c8f1df4c005ad0920e30245530206ef3ff58661a368393a9143cfb,max3sat,test,selective,all_to_all_reference,5,5,0,0,5,102.0,102.0,0.0,102.0,102.0,42.0,42.0,0.0,42.0,42.0,0.0,0.0,0.0,0.0,0.001380120008252561,0.0013711000210605562,pass,,9d124ad72c0fe2b841fbfc927ec45c35cb413a6a0e01baada17f1025709d315c,9626c07cf4ccf3251a3585a4b367551c7a78f57218970c0d71f73f221adea5d3,22e05ea2e1684256cfcefc889a4c658b5530de8a
inst_2f15d2f234c8f1df4c005ad0920e30245530206ef3ff58661a368393a9143cfb,max3sat,test,selective,device_sparse_v1,5,0,5,0,5,,,,,,,,,,,,,,,,,expected_infeasible_width,expected_capacity_failure,9d124ad72c0fe2b841fbfc927ec45c35cb413a6a0e01baada17f1025709d315c,9626c07cf4ccf3251a3585a4b367551c7a78f57218970c0d71f73f221adea5d3,22e05ea2e1684256cfcefc889a4c658b5530de8a
inst_31e7ab3ba7da728558cbbe0bd81fc3184ec0cb15f0d2b97364cc4ec16800c671,max3sat,train,all_native,all_to_all_reference,5,5,0,0,5,410.0,410.0,0.0,410.0,410.0,193.0,193.0,0.0,193.0,193.0,0.0,0.0,0.0,0.0,0.004226259997813031,0.004236999986460432,pass,,9d124ad72c0fe2b841fbfc927ec45c35cb413a6a0e01baada17f1025709d315c,9626c07cf4ccf3251a3585a4b367551c7a78f57218970c0d71f73f221adea5d3,22e05ea2e1684256cfcefc889a4c658b5530de8a
inst_31e7ab3ba7da728558cbbe0bd81fc3184ec0cb15f0d2b97364cc4ec16800c671,max3sat,train,all_native,device_sparse_v1,5,0,5,0,5,,,,,,,,,,,,,,,,,expected_infeasible_width,expected_capacity_failure,9d124ad72c0fe2b841fbfc927ec45c35cb413a6a0e01baada17f1025709d315c,9626c07cf4ccf3251a3585a4b367551c7a78f57218970c0d71f73f221adea5d3,22e05ea2e1684256cfcefc889a4c658b5530de8a
inst_31e7ab3ba7da728558cbbe0bd81fc3184ec0cb15f0d2b97364cc4ec16800c671,max3sat,train,fully_quadratized,all_to_all_reference,5,5,0,0,5,360.0,360.0,0.0,360.0,360.0,72.0,72.0,0.0,72.0,72.0,0.0,0.0,0.0,0.0,0.004368799994699657,0.004598599974997342,pass,,9d124ad72c0fe2b841fbfc927ec45c35cb413a6a0e01baada17f1025709d315c,9626c07cf4ccf3251a3585a4b367551c7a78f57218970c0d71f73f221adea5d3,22e05ea2e1684256cfcefc889a4c658b5530de8a
inst_31e7ab3ba7da728558cbbe0bd81fc3184ec0cb15f0d2b97364cc4ec16800c671,max3sat,train,fully_quadratized,device_sparse_v1,5,0,5,0,5,,,,,,,,,,,,,,,,,expected_infeasible_width,expected_capacity_failure,9d124ad72c0fe2b841fbfc927ec45c35cb413a6a0e01baada17f1025709d315c,9626c07cf4ccf3251a3585a4b367551c7a78f57218970c0d71f73f221adea5d3,22e05ea2e1684256cfcefc889a4c658b5530de8a
inst_31e7ab3ba7da728558cbbe0bd81fc3184ec0cb15f0d2b97364cc4ec16800c671,max3sat,train,matched_random_selective,all_to_all_reference,25,25,0,5,5,426.0,430.0,7.852812659593164,422.9216974374395,429.0783025625605,157.0,159.0,9.331845119446278,153.34191671317706,160.65808328682294,0.0,0.0,0.0,0.0,0.0042100519989617165,0.003957300010370091,pass,,9d124ad72c0fe2b841fbfc927ec45c35cb413a6a0e01baada17f1025709d315c,9626c07cf4ccf3251a3585a4b367551c7a78f57218970c0d71f73f221adea5d3,22e05ea2e1684256cfcefc889a4c658b5530de8a
inst_31e7ab3ba7da728558cbbe0bd81fc3184ec0cb15f0d2b97364cc4ec16800c671,max3sat,train,matched_random_selective,device_sparse_v1,25,0,25,5,5,,,,,,,,,,,,,,,,,expected_infeasible_width,expected_capacity_failure,9d124ad72c0fe2b841fbfc927ec45c35cb413a6a0e01baada17f1025709d315c,9626c07cf4ccf3251a3585a4b367551c7a78f57218970c0d71f73f221adea5d3,22e05ea2e1684256cfcefc889a4c658b5530de8a
inst_31e7ab3ba7da728558cbbe0bd81fc3184ec0cb15f0d2b97364cc4ec16800c671,max3sat,train,selective,all_to_all_reference,5,5,0,0,5,376.0,376.0,0.0,376.0,376.0,91.0,91.0,0.0,91.0,91.0,0.0,0.0,0.0,0.0,0.003465000004507601,0.003405600000405684,pass,,9d124ad72c0fe2b841fbfc927ec45c35cb413a6a0e01baada17f1025709d315c,9626c07cf4ccf3251a3585a4b367551c7a78f57218970c0d71f73f221adea5d3,22e05ea2e1684256cfcefc889a4c658b5530de8a
inst_31e7ab3ba7da728558cbbe0bd81fc3184ec0cb15f0d2b97364cc4ec16800c671,max3sat,train,selective,device_sparse_v1,5,0,5,0,5,,,,,,,,,,,,,,,,,expected_infeasible_width,expected_capacity_failure,9d124ad72c0fe2b841fbfc927ec45c35cb413a6a0e01baada17f1025709d315c,9626c07cf4ccf3251a3585a4b367551c7a78f57218970c0d71f73f221adea5d3,22e05ea2e1684256cfcefc889a4c658b5530de8a
inst_33ce7979cf1de88d35d3c355c345fd7635ea96da4c2a6583f60e1e979f21938a,cubic_spin_glass,train,all_native,all_to_all_reference,5,5,0,0,5,128.0,128.0,0.0,128.0,128.0,112.0,112.0,0.0,112.0,112.0,0.0,0.0,0.0,0.0,0.001645019999705255,0.001711699995212257,pass,,9d124ad72c0fe2b841fbfc927ec45c35cb413a6a0e01baada17f1025709d315c,9626c07cf4ccf3251a3585a4b367551c7a78f57218970c0d71f73f221adea5d3,22e05ea2e1684256cfcefc889a4c658b5530de8a
inst_33ce7979cf1de88d35d3c355c345fd7635ea96da4c2a6583f60e1e979f21938a,cubic_spin_glass,train,all_native,device_sparse_v1,5,5,0,0,5,204.2,203.0,1.7888543819998317,202.63199999999998,205.768,161.2,160.0,7.19027120489902,154.8974494052011,167.5025505947989,31.8,31.0,76.2,75.0,0.009872520004864781,0.010284499992849305,pass,,9d124ad72c0fe2b841fbfc927ec45c35cb413a6a0e01baada17f1025709d315c,9626c07cf4ccf3251a3585a4b367551c7a78f57218970c0d71f73f221adea5d3,22e05ea2e1684256cfcefc889a4c658b5530de8a
inst_33ce7979cf1de88d35d3c355c345fd7635ea96da4c2a6583f60e1e979f21938a,cubic_spin_glass,train,fully_quadratized,all_to_all_reference,5,5,0,0,5,150.0,150.0,0.0,150.0,150.0,48.0,48.0,0.0,48.0,48.0,0.0,0.0,0.0,0.0,0.0017820000008214264,0.0017168000049423426,pass,,9d124ad72c0fe2b841fbfc927ec45c35cb413a6a0e01baada17f1025709d315c,9626c07cf4ccf3251a3585a4b367551c7a78f57218970c0d71f73f221adea5d3,22e05ea2e1684256cfcefc889a4c658b5530de8a
inst_33ce7979cf1de88d35d3c355c345fd7635ea96da4c2a6583f60e1e979f21938a,cubic_spin_glass,train,fully_quadratized,device_sparse_v1,5,0,5,0,5,,,,,,,,,,,,,,,,,expected_infeasible_width,expected_capacity_failure,9d124ad72c0fe2b841fbfc927ec45c35cb413a6a0e01baada17f1025709d315c,9626c07cf4ccf3251a3585a4b367551c7a78f57218970c0d71f73f221adea5d3,22e05ea2e1684256cfcefc889a4c658b5530de8a
inst_33ce7979cf1de88d35d3c355c345fd7635ea96da4c2a6583f60e1e979f21938a,cubic_spin_glass,train,matched_random_selective,all_to_all_reference,25,25,0,5,5,166.8,164.0,5.8594652770823155,164.50308961138376,169.09691038861627,93.4,91.0,6.474308199851677,90.86207118565815,95.93792881434186,0.0,0.0,0.0,0.0,0.001665343998465687,0.00155570000060834,pass,,9d124ad72c0fe2b841fbfc927ec45c35cb413a6a0e01baada17f1025709d315c,9626c07cf4ccf3251a3585a4b367551c7a78f57218970c0d71f73f221adea5d3,22e05ea2e1684256cfcefc889a4c658b5530de8a
inst_33ce7979cf1de88d35d3c355c345fd7635ea96da4c2a6583f60e1e979f21938a,cubic_spin_glass,train,matched_random_selective,device_sparse_v1,25,0,25,5,5,,,,,,,,,,,,,,,,,expected_infeasible_width,expected_capacity_failure,9d124ad72c0fe2b841fbfc927ec45c35cb413a6a0e01baada17f1025709d315c,9626c07cf4ccf3251a3585a4b367551c7a78f57218970c0d71f73f221adea5d3,22e05ea2e1684256cfcefc889a4c658b5530de8a
inst_33ce7979cf1de88d35d3c355c345fd7635ea96da4c2a6583f60e1e979f21938a,cubic_spin_glass,train,selective,all_to_all_reference,5,5,0,0,5,146.0,146.0,0.0,146.0,146.0,75.0,75.0,0.0,75.0,75.0,0.0,0.0,0.0,0.0,0.0017865600006189198,0.001604699995368719,pass,,9d124ad72c0fe2b841fbfc927ec45c35cb413a6a0e01baada17f1025709d315c,9626c07cf4ccf3251a3585a4b367551c7a78f57218970c0d71f73f221adea5d3,22e05ea2e1684256cfcefc889a4c658b5530de8a
inst_33ce7979cf1de88d35d3c355c345fd7635ea96da4c2a6583f60e1e979f21938a,cubic_spin_glass,train,selective,device_sparse_v1,5,0,5,0,5,,,,,,,,,,,,,,,,,expected_infeasible_width,expected_capacity_failure,9d124ad72c0fe2b841fbfc927ec45c35cb413a6a0e01baada17f1025709d315c,9626c07cf4ccf3251a3585a4b367551c7a78f57218970c0d71f73f221adea5d3,22e05ea2e1684256cfcefc889a4c658b5530de8a
inst_340b7c11203c8b094cacd70e68df48254aa477b67ecdea9afb9cc374b8dcb4a7,cubic_spin_glass,train,all_native,all_to_all_reference,5,5,0,0,5,320.0,320.0,0.0,320.0,320.0,262.0,262.0,0.0,262.0,262.0,0.0,0.0,0.0,0.0,0.005158620001748204,0.005257900018477812,pass,,9d124ad72c0fe2b841fbfc927ec45c35cb413a6a0e01baada17f1025709d315c,9626c07cf4ccf3251a3585a4b367551c7a78f57218970c0d71f73f221adea5d3,22e05ea2e1684256cfcefc889a4c658b5530de8a
inst_340b7c11203c8b094cacd70e68df48254aa477b67ecdea9afb9cc374b8dcb4a7,cubic_spin_glass,train,all_native,device_sparse_v1,5,0,5,0,5,,,,,,,,,,,,,,,,,expected_infeasible_width,expected_capacity_failure,9d124ad72c0fe2b841fbfc927ec45c35cb413a6a0e01baada17f1025709d315c,9626c07cf4ccf3251a3585a4b367551c7a78f57218970c0d71f73f221adea5d3,22e05ea2e1684256cfcefc889a4c658b5530de8a
inst_340b7c11203c8b094cacd70e68df48254aa477b67ecdea9afb9cc374b8dcb4a7,cubic_spin_glass,train,fully_quadratized,all_to_all_reference,5,5,0,0,5,426.0,426.0,0.0,426.0,426.0,84.0,84.0,0.0,84.0,84.0,0.0,0.0,0.0,0.0,0.004135299997869879,0.0037869999941904098,pass,,9d124ad72c0fe2b841fbfc927ec45c35cb413a6a0e01baada17f1025709d315c,9626c07cf4ccf3251a3585a4b367551c7a78f57218970c0d71f73f221adea5d3,22e05ea2e1684256cfcefc889a4c658b5530de8a
inst_340b7c11203c8b094cacd70e68df48254aa477b67ecdea9afb9cc374b8dcb4a7,cubic_spin_glass,train,fully_quadratized,device_sparse_v1,5,0,5,0,5,,,,,,,,,,,,,,,,,expected_infeasible_width,expected_capacity_failure,9d124ad72c0fe2b841fbfc927ec45c35cb413a6a0e01baada17f1025709d315c,9626c07cf4ccf3251a3585a4b367551c7a78f57218970c0d71f73f221adea5d3,22e05ea2e1684256cfcefc889a4c658b5530de8a
inst_340b7c11203c8b094cacd70e68df48254aa477b67ecdea9afb9cc374b8dcb4a7,cubic_spin_glass,train,matched_random_selective,all_to_all_reference,25,25,0,5,5,360.4,358.0,4.725815626252609,358.5474802745089,362.252519725491,257.2,260.0,10.04987562112089,253.2604487565206,261.1395512434794,0.0,0.0,0.0,0.0,0.004127015996491536,0.0037668999866582453,pass,,9d124ad72c0fe2b841fbfc927ec45c35cb413a6a0e01baada17f1025709d315c,9626c07cf4ccf3251a3585a4b367551c7a78f57218970c0d71f73f221adea5d3,22e05ea2e1684256cfcefc889a4c658b5530de8a
inst_340b7c11203c8b094cacd70e68df48254aa477b67ecdea9afb9cc374b8dcb4a7,cubic_spin_glass,train,matched_random_selective,device_sparse_v1,25,0,25,5,5,,,,,,,,,,,,,,,,,expected_infeasible_width,expected_capacity_failure,9d124ad72c0fe2b841fbfc927ec45c35cb413a6a0e01baada17f1025709d315c,9626c07cf4ccf3251a3585a4b367551c7a78f57218970c0d71f73f221adea5d3,22e05ea2e1684256cfcefc889a4c658b5530de8a
inst_340b7c11203c8b094cacd70e68df48254aa477b67ecdea9afb9cc374b8dcb4a7,cubic_spin_glass,train,selective,all_to_all_reference,5,5,0,0,5,354.0,354.0,0.0,354.0,354.0,120.0,120.0,0.0,120.0,120.0,0.0,0.0,0.0,0.0,0.0037634800013620407,0.00347729999339208,pass,,9d124ad72c0fe2b841fbfc927ec45c35cb413a6a0e01baada17f1025709d315c,9626c07cf4ccf3251a3585a4b367551c7a78f57218970c0d71f73f221adea5d3,22e05ea2e1684256cfcefc889a4c658b5530de8a
inst_340b7c11203c8b094cacd70e68df48254aa477b67ecdea9afb9cc374b8dcb4a7,cubic_spin_glass,train,selective,device_sparse_v1,5,0,5,0,5,,,,,,,,,,,,,,,,,expected_infeasible_width,expected_capacity_failure,9d124ad72c0fe2b841fbfc927ec45c35cb413a6a0e01baada17f1025709d315c,9626c07cf4ccf3251a3585a4b367551c7a78f57218970c0d71f73f221adea5d3,22e05ea2e1684256cfcefc889a4c658b5530de8a
inst_341aaea9cc6b648e49be42c5a9a85c286aa8e35d42e20fd993b487fdda2e28cb,cubic_spin_glass,train,all_native,all_to_all_reference,5,5,0,0,5,32.0,32.0,0.0,32.0,32.0,25.0,25.0,0.0,25.0,25.0,0.0,0.0,0.0,0.0,0.0007202599954325706,0.0006473999819718301,pass,,9d124ad72c0fe2b841fbfc927ec45c35cb413a6a0e01baada17f1025709d315c,9626c07cf4ccf3251a3585a4b367551c7a78f57218970c0d71f73f221adea5d3,22e05ea2e1684256cfcefc889a4c658b5530de8a
inst_341aaea9cc6b648e49be42c5a9a85c286aa8e35d42e20fd993b487fdda2e28cb,cubic_spin_glass,train,all_native,device_sparse_v1,5,5,0,0,5,39.4,40.0,1.3416407864998738,38.224,40.576,30.6,31.0,2.9664793948382653,27.99976616436137,33.200233835638635,4.2,4.0,7.4,8.0,0.006268259993521497,0.006253299972740933,pass,,9d124ad72c0fe2b841fbfc927ec45c35cb413a6a0e01baada17f1025709d315c,9626c07cf4ccf3251a3585a4b367551c7a78f57218970c0d71f73f221adea5d3,22e05ea2e1684256cfcefc889a4c658b5530de8a
inst_341aaea9cc6b648e49be42c5a9a85c286aa8e35d42e20fd993b487fdda2e28cb,cubic_spin_glass,train,fully_quadratized,all_to_all_reference,5,5,0,0,5,62.0,62.0,0.0,62.0,62.0,28.0,28.0,0.0,28.0,28.0,0.0,0.0,0.0,0.0,0.0011077000002842397,0.001077399996574968,pass,,9d124ad72c0fe2b841fbfc927ec45c35cb413a6a0e01baada17f1025709d315c,9626c07cf4ccf3251a3585a4b367551c7a78f57218970c0d71f73f221adea5d3,22e05ea2e1684256cfcefc889a4c658b5530de8a
inst_341aaea9cc6b648e49be42c5a9a85c286aa8e35d42e20fd993b487fdda2e28cb,cubic_spin_glass,train,fully_quadratized,device_sparse_v1,5,5,0,0,5,102.2,105.0,3.898717737923586,98.78262322826411,105.61737677173589,59.4,61.0,6.387487769068525,53.8011201120224,64.9988798879776,14.2,15.0,40.2,43.0,0.016723659995477647,0.008800999989034608,pass,,9d124ad72c0fe2b841fbfc927ec45c35cb413a6a0e01baada17f1025709d315c,9626c07cf4ccf3251a3585a4b367551c7a78f57218970c0d71f73f221adea5d3,22e05ea2e1684256cfcefc889a4c658b5530de8a
inst_341aaea9cc6b648e49be42c5a9a85c286aa8e35d42e20fd993b487fdda2e28cb,cubic_spin_glass,train,matched_random_selective,all_to_all_reference,25,25,0,5,5,32.0,32.0,0.0,32.0,32.0,25.0,25.0,0.0,25.0,25.0,0.0,0.0,0.0,0.0,0.0007337759982328862,0.0006510999810416251,pass,,9d124ad72c0fe2b841fbfc927ec45c35cb413a6a0e01baada17f1025709d315c,9626c07cf4ccf3251a3585a4b367551c7a78f57218970c0d71f73f221adea5d3,22e05ea2e1684256cfcefc889a4c658b5530de8a
inst_341aaea9cc6b648e49be42c5a9a85c286aa8e35d42e20fd993b487fdda2e28cb,cubic_spin_glass,train,matched_random_selective,device_sparse_v1,25,25,0,5,5,39.4,40.0,1.224744871391589,38.919900010414494,39.8800999895855,30.6,31.0,2.70801280154532,29.538458981794236,31.661541018205767,4.2,4.0,7.4,8.0,0.006064899998018518,0.005681799986632541,pass,,9d124ad72c0fe2b841fbfc927ec45c35cb413a6a0e01baada17f1025709d315c,9626c07cf4ccf3251a3585a4b367551c7a78f57218970c0d71f73f221adea5d3,22e05ea2e1684256cfcefc889a4c658b5530de8a
inst_341aaea9cc6b648e49be42c5a9a85c286aa8e35d42e20fd993b487fdda2e28cb,cubic_spin_glass,train,selective,all_to_all_reference,5,5,0,0,5,32.0,32.0,0.0,32.0,32.0,25.0,25.0,0.0,25.0,25.0,0.0,0.0,0.0,0.0,0.000811299990164116,0.000837799976579845,pass,,9d124ad72c0fe2b841fbfc927ec45c35cb413a6a0e01baada17f1025709d315c,9626c07cf4ccf3251a3585a4b367551c7a78f57218970c0d71f73f221adea5d3,22e05ea2e1684256cfcefc889a4c658b5530de8a
inst_341aaea9cc6b648e49be42c5a9a85c286aa8e35d42e20fd993b487fdda2e28cb,cubic_spin_glass,train,selective,device_sparse_v1,5,5,0,0,5,39.4,40.0,1.3416407864998738,38.224,40.576,30.6,31.0,2.9664793948382653,27.99976616436137,33.200233835638635,4.2,4.0,7.4,8.0,0.007517199998255819,0.007718900014879182,pass,,9d124ad72c0fe2b841fbfc927ec45c35cb413a6a0e01baada17f1025709d315c,9626c07cf4ccf3251a3585a4b367551c7a78f57218970c0d71f73f221adea5d3,22e05ea2e1684256cfcefc889a4c658b5530de8a
inst_351b2f1044631455ab325f3efabb01e0e041402aa854cb63ffe41759af6edb31,max3sat,train,all_native,all_to_all_reference,5,5,0,0,5,78.0,78.0,0.0,78.0,78.0,57.0,57.0,0.0,57.0,57.0,0.0,0.0,0.0,0.0,0.001007640000898391,0.0009955000132322311,pass,,9d124ad72c0fe2b841fbfc927ec45c35cb413a6a0e01baada17f1025709d315c,9626c07cf4ccf3251a3585a4b367551c7a78f57218970c0d71f73f221adea5d3,22e05ea2e1684256cfcefc889a4c658b5530de8a
inst_351b2f1044631455ab325f3efabb01e0e041402aa854cb63ffe41759af6edb31,max3sat,train,all_native,device_sparse_v1,5,5,0,0,5,133.4,134.0,5.128352561983234,128.90480078305757,137.89519921694244,101.2,101.0,1.6431676725154984,99.7597000312435,102.64029996875651,20.6,20.0,55.4,56.0,0.008565980003913865,0.008352400007424876,pass,,9d124ad72c0fe2b841fbfc927ec45c35cb413a6a0e01baada17f1025709d315c,9626c07cf4ccf3251a3585a4b367551c7a78f57218970c0d71f73f221adea5d3,22e05ea2e1684256cfcefc889a4c658b5530de8a
inst_351b2f1044631455ab325f3efabb01e0e041402aa854cb63ffe41759af6edb31,max3sat,train,fully_quadratized,all_to_all_reference,5,5,0,0,5,58.0,58.0,0.0,58.0,58.0,30.0,30.0,0.0,30.0,30.0,0.0,0.0,0.0,0.0,0.0008297800086438656,0.0007663000142201781,pass,,9d124ad72c0fe2b841fbfc927ec45c35cb413a6a0e01baada17f1025709d315c,9626c07cf4ccf3251a3585a4b367551c7a78f57218970c0d71f73f221adea5d3,22e05ea2e1684256cfcefc889a4c658b5530de8a
inst_351b2f1044631455ab325f3efabb01e0e041402aa854cb63ffe41759af6edb31,max3sat,train,fully_quadratized,device_sparse_v1,5,5,0,0,5,89.6,92.0,4.33589667773576,85.79941899178559,93.4005810082144,59.8,62.0,4.658325879540846,55.71679733542406,63.88320266457593,11.6,12.0,31.6,34.0,0.007337559998268262,0.007362499978626147,pass,,9d124ad72c0fe2b841fbfc927ec45c35cb413a6a0e01baada17f1025709d315c,9626c07cf4ccf3251a3585a4b367551c7a78f57218970c0d71f73f221adea5d3,22e05ea2e1684256cfcefc889a4c658b5530de8a
inst_351b2f1044631455ab325f3efabb01e0e041402aa854cb63ffe41759af6edb31,max3sat,train,matched_random_selective,all_to_all_reference,25,25,0,5,5,81.6,82.0,2.0,80.81599999999999,82.384,52.8,52.0,1.9790570145063195,52.02420965031352,53.57579034968647,0.0,0.0,0.0,0.0,0.0009937359986361117,0.0009969999955501407,pass,,9d124ad72c0fe2b841fbfc927ec45c35cb413a6a0e01baada17f1025709d315c,9626c07cf4ccf3251a3585a4b367551c7a78f57218970c0d71f73f221adea5d3,22e05ea2e1684256cfcefc889a4c658b5530de8a
inst_351b2f1044631455ab325f3efabb01e0e041402aa854cb63ffe41759af6edb31,max3sat,train,matched_random_selective,device_sparse_v1,25,25,0,5,5,137.76,139.0,7.298858358218314,134.8988475235784,140.62115247642157,95.92,98.0,7.415749006899663,93.01302638929533,98.82697361070467,20.56,21.0,56.16,57.0,0.007751040001166985,0.007800999999744818,pass,,9d124ad72c0fe2b841fbfc927ec45c35cb413a6a0e01baada17f1025709d315c,9626c07cf4ccf3251a3585a4b367551c7a78f57218970c0d71f73f221adea5d3,22e05ea2e1684256cfcefc889a4c658b5530de8a
inst_351b2f1044631455ab325f3efabb01e0e041402aa854cb63ffe41759af6edb31,max3sat,train,selective,all_to_all_reference,5,5,0,0,5,64.0,64.0,0.0,64.0,64.0,32.0,32.0,0.0,32.0,32.0,0.0,0.0,0.0,0.0,0.000861720007378608,0.000818300002720207,pass,,9d124ad72c0fe2b841fbfc927ec45c35cb413a6a0e01baada17f1025709d315c,9626c07cf4ccf3251a3585a4b367551c7a78f57218970c0d71f73f221adea5d3,22e05ea2e1684256cfcefc889a4c658b5530de8a
inst_351b2f1044631455ab325f3efabb01e0e041402aa854cb63ffe41759af6edb31,max3sat,train,selective,device_sparse_v1,5,5,0,0,5,105.2,105.0,4.324349662087931,101.40954039726051,108.99045960273949,69.2,68.0,5.167204273105526,64.6707457567498,73.72925424325021,14.4,14.0,41.2,41.0,0.007359600003110245,0.007328300009248778,pass,,9d124ad72c0fe2b841fbfc927ec45c35cb413a6a0e01baada17f1025709d315c,9626c07cf4ccf3251a3585a4b367551c7a78f57218970c0d71f73f221adea5d3,22e05ea2e1684256cfcefc889a4c658b5530de8a
inst_383684e2b457379b22ad997ff9ba9dd2a89f56020635a4f5957cd64397e30d27,max3sat,validation,all_native,all_to_all_reference,5,5,0,0,5,292.0,292.0,0.0,292.0,292.0,164.0,164.0,0.0,164.0,164.0,0.0,0.0,0.0,0.0,0.002726000006077811,0.002506999997422099,pass,,9d124ad72c0fe2b841fbfc927ec45c35cb413a6a0e01baada17f1025709d315c,9626c07cf4ccf3251a3585a4b367551c7a78f57218970c0d71f73f221adea5d3,22e05ea2e1684256cfcefc889a4c658b5530de8a
inst_383684e2b457379b22ad997ff9ba9dd2a89f56020635a4f5957cd64397e30d27,max3sat,validation,all_native,device_sparse_v1,5,5,0,0,5,566.8,569.0,10.059821071967434,557.9821780467056,575.6178219532943,345.8,357.0,26.90167281044062,322.2196441078596,369.3803558921404,104.0,104.0,274.8,277.0,0.016288939991500228,0.01684309999109246,pass,,9d124ad72c0fe2b841fbfc927ec45c35cb413a6a0e01baada17f1025709d315c,9626c07cf4ccf3251a3585a4b367551c7a78f57218970c0d71f73f221adea5d3,22e05ea2e1684256cfcefc889a4c658b5530de8a
inst_383684e2b457379b22ad997ff9ba9dd2a89f56020635a4f5957cd64397e30d27,max3sat,validation,fully_quadratized,all_to_all_reference,5,5,0,0,5,238.0,238.0,0.0,238.0,238.0,58.0,58.0,0.0,58.0,58.0,0.0,0.0,0.0,0.0,0.0026814799988642336,0.0026131000195164233,pass,,9d124ad72c0fe2b841fbfc927ec45c35cb413a6a0e01baada17f1025709d315c,9626c07cf4ccf3251a3585a4b367551c7a78f57218970c0d71f73f221adea5d3,22e05ea2e1684256cfcefc889a4c658b5530de8a
inst_383684e2b457379b22ad997ff9ba9dd2a89f56020635a4f5957cd64397e30d27,max3sat,validation,fully_quadratized,device_sparse_v1,5,0,5,0,5,,,,,,,,,,,,,,,,,expected_infeasible_width,expected_capacity_failure,9d124ad72c0fe2b841fbfc927ec45c35cb413a6a0e01baada17f1025709d315c,9626c07cf4ccf3251a3585a4b367551c7a78f57218970c0d71f73f221adea5d3,22e05ea2e1684256cfcefc889a4c658b5530de8a
inst_383684e2b457379b22ad997ff9ba9dd2a89f56020635a4f5957cd64397e30d27,max3sat,validation,matched_random_selective,all_to_all_reference,25,25,0,5,5,294.0,294.0,4.654746681256314,292.17533930094754,295.82466069905246,130.0,132.0,8.660254037844387,126.605180417165,133.394819582835,0.0,0.0,0.0,0.0,0.0026787199988029895,0.0024818000092636794,pass,,9d124ad72c0fe2b841fbfc927ec45c35cb413a6a0e01baada17f1025709d315c,9626c07cf4ccf3251a3585a4b367551c7a78f57218970c0d71f73f221adea5d3,22e05ea2e1684256cfcefc889a4c658b5530de8a
inst_383684e2b457379b22ad997ff9ba9dd2a89f56020635a4f5957cd64397e30d27,max3sat,validation,matched_random_selective,device_sparse_v1,25,0,25,5,5,,,,,,,,,,,,,,,,,expected_infeasible_width,expected_capacity_failure,9d124ad72c0fe2b841fbfc927ec45c35cb413a6a0e01baada17f1025709d315c,9626c07cf4ccf3251a3585a4b367551c7a78f57218970c0d71f73f221adea5d3,22e05ea2e1684256cfcefc889a4c658b5530de8a
inst_383684e2b457379b22ad997ff9ba9dd2a89f56020635a4f5957cd64397e30d27,max3sat,validation,selective,all_to_all_reference,5,5,0,0,5,272.0,272.0,0.0,272.0,272.0,90.0,90.0,0.0,90.0,90.0,0.0,0.0,0.0,0.0,0.0023304799979086965,0.0023187999904621392,pass,,9d124ad72c0fe2b841fbfc927ec45c35cb413a6a0e01baada17f1025709d315c,9626c07cf4ccf3251a3585a4b367551c7a78f57218970c0d71f73f221adea5d3,22e05ea2e1684256cfcefc889a4c658b5530de8a
inst_383684e2b457379b22ad997ff9ba9dd2a89f56020635a4f5957cd64397e30d27,max3sat,validation,selective,device_sparse_v1,5,0,5,0,5,,,,,,,,,,,,,,,,,expected_infeasible_width,expected_capacity_failure,9d124ad72c0fe2b841fbfc927ec45c35cb413a6a0e01baada17f1025709d315c,9626c07cf4ccf3251a3585a4b367551c7a78f57218970c0d71f73f221adea5d3,22e05ea2e1684256cfcefc889a4c658b5530de8a
inst_389e9c8eec6e70d1760446aec874ba73c33d282a4aafd97bdf661c4173973bd4,max3sat,validation,all_native,all_to_all_reference,5,5,0,0,5,140.0,140.0,0.0,140.0,140.0,78.0,78.0,0.0,78.0,78.0,0.0,0.0,0.0,0.0,0.002011279994621873,0.001823400001740083,pass,,9d124ad72c0fe2b841fbfc927ec45c35cb413a6a0e01baada17f1025709d315c,9626c07cf4ccf3251a3585a4b367551c7a78f57218970c0d71f73f221adea5d3,22e05ea2e1684256cfcefc889a4c658b5530de8a
inst_389e9c8eec6e70d1760446aec874ba73c33d282a4aafd97bdf661c4173973bd4,max3sat,validation,all_native,device_sparse_v1,5,5,0,0,5,246.0,246.0,6.041522986797286,240.70437161424633,251.29562838575367,163.2,166.0,7.726577508832743,156.42735620307695,169.97264379692302,38.8,38.0,106.0,106.0,0.011304920003749431,0.011298199999146163,pass,,9d124ad72c0fe2b841fbfc927ec45c35cb413a6a0e01baada17f1025709d315c,9626c07cf4ccf3251a3585a4b367551c7a78f57218970c0d71f73f221adea5d3,22e05ea2e1684256cfcefc889a4c658b5530de8a
inst_389e9c8eec6e70d1760446aec874ba73c33d282a4aafd97bdf661c4173973bd4,max3sat,validation,fully_quadratized,all_to_all_reference,5,5,0,0,5,106.0,106.0,0.0,106.0,106.0,36.0,36.0,0.0,36.0,36.0,0.0,0.0,0.0,0.0,0.001491240004543215,0.001451499992981553,pass,,9d124ad72c0fe2b841fbfc927ec45c35cb413a6a0e01baada17f1025709d315c,9626c07cf4ccf3251a3585a4b367551c7a78f57218970c0d71f73f221adea5d3,22e05ea2e1684256cfcefc889a4c658b5530de8a
inst_389e9c8eec6e70d1760446aec874ba73c33d282a4aafd97bdf661c4173973bd4,max3sat,validation,fully_quadratized,device_sparse_v1,5,0,5,0,5,,,,,,,,,,,,,,,,,expected_infeasible_width,expected_capacity_failure,9d124ad72c0fe2b841fbfc927ec45c35cb413a6a0e01baada17f1025709d315c,9626c07cf4ccf3251a3585a4b367551c7a78f57218970c0d71f73f221adea5d3,22e05ea2e1684256cfcefc889a4c658b5530de8a
inst_389e9c8eec6e70d1760446aec874ba73c33d282a4aafd97bdf661c4173973bd4,max3sat,validation,matched_random_selective,all_to_all_reference,25,25,0,5,5,146.0,146.0,2.8867513459481287,144.86839347238833,147.13160652761167,72.0,72.0,2.23606797749979,71.12346135282009,72.87653864717991,0.0,0.0,0.0,0.0,0.0014662680006586016,0.001267199986614287,pass,,9d124ad72c0fe2b841fbfc927ec45c35cb413a6a0e01baada17f1025709d315c,9626c07cf4ccf3251a3585a4b367551c7a78f57218970c0d71f73f221adea5d3,22e05ea2e1684256cfcefc889a4c658b5530de8a
inst_389e9c8eec6e70d1760446aec874ba73c33d282a4aafd97bdf661c4173973bd4,max3sat,validation,matched_random_selective,device_sparse_v1,25,0,25,5,5,,,,,,,,,,,,,,,,,expected_infeasible_width,expected_capacity_failure,9d124ad72c0fe2b841fbfc927ec45c35cb413a6a0e01baada17f1025709d315c,9626c07cf4ccf3251a3585a4b367551c7a78f57218970c0d71f73f221adea5d3,22e05ea2e1684256cfcefc889a4c658b5530de8a
inst_389e9c8eec6e70d1760446aec874ba73c33d282a4aafd97bdf661c4173973bd4,max3sat,validation,selective,all_to_all_reference,5,5,0,0,5,120.0,120.0,0.0,120.0,120.0,45.0,45.0,0.0,45.0,45.0,0.0,0.0,0.0,0.0,0.0013258200022391974,0.0013309999776538461,pass,,9d124ad72c0fe2b841fbfc927ec45c35cb413a6a0e01baada17f1025709d315c,9626c07cf4ccf3251a3585a4b367551c7a78f57218970c0d71f73f221adea5d3,22e05ea2e1684256cfcefc889a4c658b5530de8a
inst_389e9c8eec6e70d1760446aec874ba73c33d282a4aafd97bdf661c4173973bd4,max3sat,validation,selective,device_sparse_v1,5,0,5,0,5,,,,,,,,,,,,,,,,,expected_infeasible_width,expected_capacity_failure,9d124ad72c0fe2b841fbfc927ec45c35cb413a6a0e01baada17f1025709d315c,9626c07cf4ccf3251a3585a4b367551c7a78f57218970c0d71f73f221adea5d3,22e05ea2e1684256cfcefc889a4c658b5530de8a
inst_4292cef2fb4c9eb999019c1773bb594d1728cdf303bdeb10a83a3e7bef71dbf2,max3sat,train,all_native,all_to_all_reference,5,5,0,0,5,156.0,156.0,0.0,156.0,156.0,105.0,105.0,0.0,105.0,105.0,0.0,0.0,0.0,0.0,0.0017323199950624256,0.0018130999815184623,pass,,9d124ad72c0fe2b841fbfc927ec45c35cb413a6a0e01baada17f1025709d315c,9626c07cf4ccf3251a3585a4b367551c7a78f57218970c0d71f73f221adea5d3,22e05ea2e1684256cfcefc889a4c658b5530de8a
inst_4292cef2fb4c9eb999019c1773bb594d1728cdf303bdeb10a83a3e7bef71dbf2,max3sat,train,all_native,device_sparse_v1,5,5,0,0,5,253.6,258.0,10.876580344942981,244.0662569785,263.1337430215,185.6,182.0,19.578048932414077,168.43908347435953,202.76091652564045,40.0,41.0,97.6,102.0,0.010259579989360645,0.010116199991898611,pass,,9d124ad72c0fe2b841fbfc927ec45c35cb413a6a0e01baada17f1025709d315c,9626c07cf4ccf3251a3585a4b367551c7a78f57218970c0d71f73f221adea5d3,22e05ea2e1684256cfcefc889a4c658b5530de8a
inst_4292cef2fb4c9eb999019c1773bb594d1728cdf303bdeb10a83a3e7bef71dbf2,max3sat,train,fully_quadratized,all_to_all_reference,5,5,0,0,5,136.0,136.0,0.0,136.0,136.0,42.0,42.0,0.0,42.0,42.0,0.0,0.0,0.0,0.0,0.0017869200033601373,0.0018077999993693084,pass,,9d124ad72c0fe2b841fbfc927ec45c35cb413a6a0e01baada17f1025709d315c,9626c07cf4ccf3251a3585a4b367551c7a78f57218970c0d71f73f221adea5d3,22e05ea2e1684256cfcefc889a4c658b5530de8a
inst_4292cef2fb4c9eb999019c1773bb594d1728cdf303bdeb10a83a3e7bef71dbf2,max3sat,train,fully_quadratized,device_sparse_v1,5,0,5,0,5,,,,,,,,,,,,,,,,,expected_infeasible_width,expected_capacity_failure,9d124ad72c0fe2b841fbfc927ec45c35cb413a6a0e01baada17f1025709d315c,9626c07cf4ccf3251a3585a4b367551c7a78f57218970c0d71f73f221adea5d3,22e05ea2e1684256cfcefc889a4c658b5530de8a
inst_4292cef2fb4c9eb999019c1773bb594d1728cdf303bdeb10a83a3e7bef71dbf2,max3sat,train,matched_random_selective,all_to_all_reference,25,25,0,5,5,158.0,160.0,3.415650255319866,156.66106509991462,159.33893490008538,85.4,84.0,5.649483752226097,83.18540236912737,87.61459763087264,0.0,0.0,0.0,0.0,0.0016107279993593693,0.0014643000031355768,pass,,9d124ad72c0fe2b841fbfc927ec45c35cb413a6a0e01baada17f1025709d315c,9626c07cf4ccf3251a3585a4b367551c7a78f57218970c0d71f73f221adea5d3,22e05ea2e1684256cfcefc889a4c658b5530de8a
inst_4292cef2fb4c9eb999019c1773bb594d1728cdf303bdeb10a83a3e7bef71dbf2,max3sat,train,matched_random_selective,device_sparse_v1,25,0,25,5,5,,,,,,,,,,,,,,,,,expected_infeasible_width,expected_capacity_failure,9d124ad72c0fe2b841fbfc927ec45c35cb413a6a0e01baada17f1025709d315c,9626c07cf4ccf3251a3585a4b367551c7a78f57218970c0d71f73f221adea5d3,22e05ea2e1684256cfcefc889a4c658b5530de8a
inst_4292cef2fb4c9eb999019c1773bb594d1728cdf303bdeb10a83a3e7bef71dbf2,max3sat,train,selective,all_to_all_reference,5,5,0,0,5,150.0,150.0,0.0,150.0,150.0,67.0,67.0,0.0,67.0,67.0,0.0,0.0,0.0,0.0,0.0014012200059369206,0.001396900013787672,pass,,9d124ad72c0fe2b841fbfc927ec45c35cb413a6a0e01baada17f1025709d315c,9626c07cf4ccf3251a3585a4b367551c7a78f57218970c0d71f73f221adea5d3,22e05ea2e1684256cfcefc889a4c658b5530de8a
inst_4292cef2fb4c9eb999019c1773bb594d1728cdf303bdeb10a83a3e7bef71dbf2,max3sat,train,selective,device_sparse_v1,5,0,5,0,5,,,,,,,,,,,,,,,,,expected_infeasible_width,expected_capacity_failure,9d124ad72c0fe2b841fbfc927ec45c35cb413a6a0e01baada17f1025709d315c,9626c07cf4ccf3251a3585a4b367551c7a78f57218970c0d71f73f221adea5d3,22e05ea2e1684256cfcefc889a4c658b5530de8a
inst_44d41ee19adf16187d2472123669bbf847d64335b452c13d07c64d022afdbd6a,max3sat,train,all_native,all_to_all_reference,5,5,0,0,5,82.0,82.0,0.0,82.0,82.0,59.0,59.0,0.0,59.0,59.0,0.0,0.0,0.0,0.0,0.0008545199991203845,0.0008227000071201473,pass,,9d124ad72c0fe2b841fbfc927ec45c35cb413a6a0e01baada17f1025709d315c,9626c07cf4ccf3251a3585a4b367551c7a78f57218970c0d71f73f221adea5d3,22e05ea2e1684256cfcefc889a4c658b5530de8a
inst_44d41ee19adf16187d2472123669bbf847d64335b452c13d07c64d022afdbd6a,max3sat,train,all_native,device_sparse_v1,5,5,0,0,5,139.6,140.0,1.51657508881031,138.27066332330745,140.92933667669254,106.0,106.0,7.582875444051551,99.35331661653724,112.64668338346276,20.4,20.0,57.6,58.0,0.009057120000943542,0.009106799989240244,pass,,9d124ad72c0fe2b841fbfc927ec45c35cb413a6a0e01baada17f1025709d315c,9626c07cf4ccf3251a3585a4b367551c7a78f57218970c0d71f73f221adea5d3,22e05ea2e1684256cfcefc889a4c658b5530de8a
inst_44d41ee19adf16187d2472123669bbf847d64335b452c13d07c64d022afdbd6a,max3sat,train,fully_quadratized,all_to_all_reference,5,5,0,0,5,60.0,60.0,0.0,60.0,60.0,28.0,28.0,0.0,28.0,28.0,0.0,0.0,0.0,0.0,0.0009283000021241605,0.000986900005955249,pass,,9d124ad72c0fe2b841fbfc927ec45c35cb413a6a0e01baada17f1025709d315c,9626c07cf4ccf3251a3585a4b367551c7a78f57218970c0d71f73f221adea5d3,22e05ea2e1684256cfcefc889a4c658b5530de8a
inst_44d41ee19adf16187d2472123669bbf847d64335b452c13d07c64d022afdbd6a,max3sat,train,fully_quadratized,device_sparse_v1,5,5,0,0,5,96.8,97.0,1.4832396974191326,95.49988308218067,98.10011691781932,65.2,64.0,7.259476565152615,58.83678823234682,71.56321176765319,12.8,13.0,36.8,37.0,0.007808080001268536,0.00790150000830181,pass,,9d124ad72c0fe2b841fbfc927ec45c35cb413a6a0e01baada17f1025709d315c,9626c07cf4ccf3251a3585a4b367551c7a78f57218970c0d71f73f221adea5d3,22e05ea2e1684256cfcefc889a4c658b5530de8a
inst_44d41ee19adf16187d2472123669bbf847d64335b452c13d07c64d022afdbd6a,max3sat,train,matched_random_selective,all_to_all_reference,25,25,0,5,5,82.8,86.0,5.715476066494082,80.55953338193432,85.04046661806568,50.8,54.0,5.530220007679019,48.63215375698982,52.96784624301017,0.0,0.0,0.0,0.0,0.0010249400010798127,0.000983200006885454,pass,,9d124ad72c0fe2b841fbfc927ec45c35cb413a6a0e01baada17f1025709d315c,9626c07cf4ccf3251a3585a4b367551c7a78f57218970c0d71f73f221adea5d3,22e05ea2e1684256cfcefc889a4c658b5530de8a
inst_44d41ee19adf16187d2472123669bbf847d64335b452c13d07c64d022afdbd6a,max3sat,train,matched_random_selective,device_sparse_v1,25,25,0,5,5,142.24,148.0,12.021785779713984,137.52745997435213,146.9525400256479,101.52,105.0,15.011440081928626,95.63551548788398,107.40448451211601,20.56,21.0,59.44,60.0,0.007619104000041261,0.007645899982890114,pass,,9d124ad72c0fe2b841fbfc927ec45c35cb413a6a0e01baada17f1025709d315c,9626c07cf4ccf3251a3585a4b367551c7a78f57218970c0d71f73f221adea5d3,22e05ea2e1684256cfcefc889a4c658b5530de8a
inst_44d41ee19adf16187d2472123669bbf847d64335b452c13d07c64d022afdbd6a,max3sat,train,selective,all_to_all_reference,5,5,0,0,5,66.0,66.0,0.0,66.0,66.0,34.0,34.0,0.0,34.0,34.0,0.0,0.0,0.0,0.0,0.001163800002541393,0.0011573999945539981,pass,,9d124ad72c0fe2b841fbfc927ec45c35cb413a6a0e01baada17f1025709d315c,9626c07cf4ccf3251a3585a4b367551c7a78f57218970c0d71f73f221adea5d3,22e05ea2e1684256cfcefc889a4c658b5530de8a
inst_44d41ee19adf16187d2472123669bbf847d64335b452c13d07c64d022afdbd6a,max3sat,train,selective,device_sparse_v1,5,5,0,0,5,105.6,106.0,4.979959839195493,101.23487273954126,109.96512726045873,67.2,69.0,4.43846820423443,63.30951108470928,71.09048891529073,14.0,14.0,39.6,40.0,0.008000099996570498,0.007415700005367398,pass,,9d124ad72c0fe2b841fbfc927ec45c35cb413a6a0e01baada17f1025709d315c,9626c07cf4ccf3251a3585a4b367551c7a78f57218970c0d71f73f221adea5d3,22e05ea2e1684256cfcefc889a4c658b5530de8a
inst_44fe959f979ed41d00ed5d00c8ad559cb9fcc3a1f54352020e9bee9224ecc496,max3sat,test,all_native,all_to_all_reference,5,5,0,0,5,124.0,124.0,0.0,124.0,124.0,66.0,66.0,0.0,66.0,66.0,0.0,0.0,0.0,0.0,0.0012028400029521435,0.001199799997266382,pass,,9d124ad72c0fe2b841fbfc927ec45c35cb413a6a0e01baada17f1025709d315c,9626c07cf4ccf3251a3585a4b367551c7a78f57218970c0d71f73f221adea5d3,22e05ea2e1684256cfcefc889a4c658b5530de8a
inst_44fe959f979ed41d00ed5d00c8ad559cb9fcc3a1f54352020e9bee9224ecc496,max3sat,test,all_native,device_sparse_v1,5,5,0,0,5,233.0,233.0,3.082207001484488,230.29832644459032,235.70167355540968,148.2,151.0,7.259476565152615,141.8367882323468,154.56321176765317,40.2,40.0,109.0,109.0,0.00903192000114359,0.008669600007124245,pass,,9d124ad72c0fe2b841fbfc927ec45c35cb413a6a0e01baada17f1025709d315c,9626c07cf4ccf3251a3585a4b367551c7a78f57218970c0d71f73f221adea5d3,22e05ea2e1684256cfcefc889a4c658b5530de8a
inst_44fe959f979ed41d00ed5d00c8ad559cb9fcc3a1f54352020e9bee9224ecc496,max3sat,test,fully_quadratized,all_to_all_reference,5,5,0,0,5,78.0,78.0,0.0,78.0,78.0,40.0,40.0,0.0,40.0,40.0,0.0,0.0,0.0,0.0,0.001156959997024387,0.0011442999821156263,pass,,9d124ad72c0fe2b841fbfc927ec45c35cb413a6a0e01baada17f1025709d315c,9626c07cf4ccf3251a3585a4b367551c7a78f57218970c0d71f73f221adea5d3,22e05ea2e1684256cfcefc889a4c658b5530de8a
inst_44fe959f979ed41d00ed5d00c8ad559cb9fcc3a1f54352020e9bee9224ecc496,max3sat,test,fully_quadratized,device_sparse_v1,5,0,5,0,5,,,,,,,,,,,,,,,,,expected_infeasible_width,expected_capacity_failure,9d124ad72c0fe2b841fbfc927ec45c35cb413a6a0e01baada17f1025709d315c,9626c07cf4ccf3251a3585a4b367551c7a78f57218970c0d71f73f221adea5d3,22e05ea2e1684256cfcefc889a4c658b5530de8a
inst_44fe959f979ed41d00ed5d00c8ad559cb9fcc3a1f54352020e9bee9224ecc496,max3sat,test,matched_random_selective,all_to_all_reference,25,25,0,5,5,123.6,124.0,4.163331998932265,121.96797385641855,125.23202614358144,64.6,65.0,1.3844373104863459,64.05730057428934,65.14269942571065,0.0,0.0,0.0,0.0,0.001058711998630315,0.0010215000074822456,pass,,9d124ad72c0fe2b841fbfc927ec45c35cb413a6a0e01baada17f1025709d315c,9626c07cf4ccf3251a3585a4b367551c7a78f57218970c0d71f73f221adea5d3,22e05ea2e1684256cfcefc889a4c658b5530de8a
inst_44fe959f979ed41d00ed5d00c8ad559cb9fcc3a1f54352020e9bee9224ecc496,max3sat,test,matched_random_selective,device_sparse_v1,25,0,25,5,5,,,,,,,,,,,,,,,,,expected_infeasible_width,expected_capacity_failure,9d124ad72c0fe2b841fbfc927ec45c35cb413a6a0e01baada17f1025709d315c,9626c07cf4ccf3251a3585a4b367551c7a78f57218970c0d71f73f221adea5d3,22e05ea2e1684256cfcefc889a4c658b5530de8a
inst_44fe959f979ed41d00ed5d00c8ad559cb9fcc3a1f54352020e9bee9224ecc496,max3sat,test,selective,all_to_all_reference,5,5,0,0,5,82.0,82.0,0.0,82.0,82.0,36.0,36.0,0.0,36.0,36.0,0.0,0.0,0.0,0.0,0.0011621000012382865,0.001163299981271848,pass,,9d124ad72c0fe2b841fbfc927ec45c35cb413a6a0e01baada17f1025709d315c,9626c07cf4ccf3251a3585a4b367551c7a78f57218970c0d71f73f221adea5d3,22e05ea2e1684256cfcefc889a4c658b5530de8a
inst_44fe959f979ed41d00ed5d00c8ad559cb9fcc3a1f54352020e9bee9224ecc496,max3sat,test,selective,device_sparse_v1,5,0,5,0,5,,,,,,,,,,,,,,,,,expected_infeasible_width,expected_capacity_failure,9d124ad72c0fe2b841fbfc927ec45c35cb413a6a0e01baada17f1025709d315c,9626c07cf4ccf3251a3585a4b367551c7a78f57218970c0d71f73f221adea5d3,22e05ea2e1684256cfcefc889a4c658b5530de8a
inst_457a1b897247007214daca60d4caf6ae6d0341f6d1e25c03ef72a4651794688d,cubic_spin_glass,train,all_native,all_to_all_reference,5,5,0,0,5,64.0,64.0,0.0,64.0,64.0,51.0,51.0,0.0,51.0,51.0,0.0,0.0,0.0,0.0,0.0012413400050718336,0.0012063999893143773,pass,,9d124ad72c0fe2b841fbfc927ec45c35cb413a6a0e01baada17f1025709d315c,9626c07cf4ccf3251a3585a4b367551c7a78f57218970c0d71f73f221adea5d3,22e05ea2e1684256cfcefc889a4c658b5530de8a
inst_457a1b897247007214daca60d4caf6ae6d0341f6d1e25c03ef72a4651794688d,cubic_spin_glass,train,all_native,device_sparse_v1,5,5,0,0,5,99.8,100.0,6.418722614352485,94.17374156299232,105.42625843700768,79.0,79.0,9.486832980505138,70.6844242532462,87.3155757467538,14.6,14.0,35.8,36.0,0.008552999998209998,0.009079700015718117,pass,,9d124ad72c0fe2b841fbfc927ec45c35cb413a6a0e01baada17f1025709d315c,9626c07cf4ccf3251a3585a4b367551c7a78f57218970c0d71f73f221adea5d3,22e05ea2e1684256cfcefc889a4c658b5530de8a
inst_457a1b897247007214daca60d4caf6ae6d0341f6d1e25c03ef72a4651794688d,cubic_spin_glass,train,fully_quadratized,all_to_all_reference,5,5,0,0,5,104.0,104.0,0.0,104.0,104.0,40.0,40.0,0.0,40.0,40.0,0.0,0.0,0.0,0.0,0.0016858400020282715,0.0015688999847043306,pass,,9d124ad72c0fe2b841fbfc927ec45c35cb413a6a0e01baada17f1025709d315c,9626c07cf4ccf3251a3585a4b367551c7a78f57218970c0d71f73f221adea5d3,22e05ea2e1684256cfcefc889a4c658b5530de8a
inst_457a1b897247007214daca60d4caf6ae6d0341f6d1e25c03ef72a4651794688d,cubic_spin_glass,train,fully_quadratized,device_sparse_v1,5,0,5,0,5,,,,,,,,,,,,,,,,,expected_infeasible_width,expected_capacity_failure,9d124ad72c0fe2b841fbfc927ec45c35cb413a6a0e01baada17f1025709d315c,9626c07cf4ccf3251a3585a4b367551c7a78f57218970c0d71f73f221adea5d3,22e05ea2e1684256cfcefc889a4c658b5530de8a
inst_457a1b897247007214daca60d4caf6ae6d0341f6d1e25c03ef72a4651794688d,cubic_spin_glass,train,matched_random_selective,all_to_all_reference,25,25,0,5,5,64.0,64.0,0.0,64.0,64.0,51.0,51.0,0.0,51.0,51.0,0.0,0.0,0.0,0.0,0.0010830079962033778,0.0011204999755136669,pass,,9d124ad72c0fe2b841fbfc927ec45c35cb413a6a0e01baada17f1025709d315c,9626c07cf4ccf3251a3585a4b367551c7a78f57218970c0d71f73f221adea5d3,22e05ea2e1684256cfcefc889a4c658b5530de8a
inst_457a1b897247007214daca60d4caf6ae6d0341f6d1e25c03ef72a4651794688d,cubic_spin_glass,train,matched_random_selective,device_sparse_v1,25,25,0,5,5,99.8,100.0,5.8594652770823155,97.50308961138373,102.09691038861627,79.0,79.0,8.660254037844387,75.605180417165,82.394819582835,14.6,14.0,35.8,36.0,0.006935512002091855,0.00681980000808835,pass,,9d124ad72c0fe2b841fbfc927ec45c35cb413a6a0e01baada17f1025709d315c,9626c07cf4ccf3251a3585a4b367551c7a78f57218970c0d71f73f221adea5d3,22e05ea2e1684256cfcefc889a4c658b5530de8a
inst_457a1b897247007214daca60d4caf6ae6d0341f6d1e25c03ef72a4651794688d,cubic_spin_glass,train,selective,all_to_all_reference,5,5,0,0,5,64.0,64.0,0.0,64.0,64.0,51.0,51.0,0.0,51.0,51.0,0.0,0.0,0.0,0.0,0.0010462200036272407,0.001059800008079037,pass,,9d124ad72c0fe2b841fbfc927ec45c35cb413a6a0e01baada17f1025709d315c,9626c07cf4ccf3251a3585a4b367551c7a78f57218970c0d71f73f221adea5d3,22e05ea2e1684256cfcefc889a4c658b5530de8a
inst_457a1b897247007214daca60d4caf6ae6d0341f6d1e25c03ef72a4651794688d,cubic_spin_glass,train,selective,device_sparse_v1,5,5,0,0,5,99.8,100.0,6.418722614352485,94.17374156299232,105.42625843700768,79.0,79.0,9.486832980505138,70.6844242532462,87.3155757467538,14.6,14.0,35.8,36.0,0.007565980002982542,0.007561799982795492,pass,,9d124ad72c0fe2b841fbfc927ec45c35cb413a6a0e01baada17f1025709d315c,9626c07cf4ccf3251a3585a4b367551c7a78f57218970c0d71f73f221adea5d3,22e05ea2e1684256cfcefc889a4c658b5530de8a
inst_475335f157ee1891b40b8f710155777516f4d877098145d0ddce1fce297c55df,cubic_spin_glass,train,all_native,all_to_all_reference,5,5,0,0,5,128.0,128.0,0.0,128.0,128.0,103.0,103.0,0.0,103.0,103.0,0.0,0.0,0.0,0.0,0.0016318199923262,0.0016078999906312674,pass,,9d124ad72c0fe2b841fbfc927ec45c35cb413a6a0e01baada17f1025709d315c,9626c07cf4ccf3251a3585a4b367551c7a78f57218970c0d71f73f221adea5d3,22e05ea2e1684256cfcefc889a4c658b5530de8a
inst_475335f157ee1891b40b8f710155777516f4d877098145d0ddce1fce297c55df,cubic_spin_glass,train,all_native,device_sparse_v1,5,5,0,0,5,216.2,215.0,5.06951674225463,211.75637265288816,220.64362734711182,176.8,176.0,10.10940156488009,167.93871882852147,185.66128117147855,35.8,36.0,88.2,87.0,0.009412259992677719,0.009219499974278733,pass,,9d124ad72c0fe2b841fbfc927ec45c35cb413a6a0e01baada17f1025709d315c,9626c07cf4ccf3251a3585a4b367551c7a78f57218970c0d71f73f221adea5d3,22e05ea2e1684256cfcefc889a4c658b5530de8a
inst_475335f157ee1891b40b8f710155777516f4d877098145d0ddce1fce297c55df,cubic_spin_glass,train,fully_quadratized,all_to_all_reference,5,5,0,0,5,152.0,152.0,0.0,152.0,152.0,48.0,48.0,0.0,48.0,48.0,0.0,0.0,0.0,0.0,0.0016388599993661045,0.0015622000209987164,pass,,9d124ad72c0fe2b841fbfc927ec45c35cb413a6a0e01baada17f1025709d315c,9626c07cf4ccf3251a3585a4b367551c7a78f57218970c0d71f73f221adea5d3,22e05ea2e1684256cfcefc889a4c658b5530de8a
inst_475335f157ee1891b40b8f710155777516f4d877098145d0ddce1fce297c55df,cubic_spin_glass,train,fully_quadratized,device_sparse_v1,5,0,5,0,5,,,,,,,,,,,,,,,,,expected_infeasible_width,expected_capacity_failure,9d124ad72c0fe2b841fbfc927ec45c35cb413a6a0e01baada17f1025709d315c,9626c07cf4ccf3251a3585a4b367551c7a78f57218970c0d71f73f221adea5d3,22e05ea2e1684256cfcefc889a4c658b5530de8a
inst_475335f157ee1891b40b8f710155777516f4d877098145d0ddce1fce297c55df,cubic_spin_glass,train,matched_random_selective,all_to_all_reference,25,25,0,5,5,156.4,156.0,2.0,155.616,157.184,93.4,93.0,2.29128784747792,92.50181516378866,94.29818483621135,0.0,0.0,0.0,0.0,0.0017848320002667607,0.001661899994360283,pass,,9d124ad72c0fe2b841fbfc927ec45c35cb413a6a0e01baada17f1025709d315c,9626c07cf4ccf3251a3585a4b367551c7a78f57218970c0d71f73f221adea5d3,22e05ea2e1684256cfcefc889a4c658b5530de8a
inst_475335f157ee1891b40b8f710155777516f4d877098145d0ddce1fce297c55df,cubic_spin_glass,train,matched_random_selective,device_sparse_v1,25,25,0,5,5,280.64,279.0,10.734989520255715,276.43188410805976,284.8481158919402,184.6,182.0,12.770408502993682,179.59399986682646,189.60600013317352,46.8,47.0,124.24,123.0,0.009809180002193899,0.009653199987951666,pass,,9d124ad72c0fe2b841fbfc927ec45c35cb413a6a0e01baada17f1025709d315c,9626c07cf4ccf3251a3585a4b367551c7a78f57218970c0d71f73f221adea5d3,22e05ea2e1684256cfcefc889a4c658b5530de8a
inst_475335f157ee1891b40b8f710155777516f4d877098145d0ddce1fce297c55df,cubic_spin_glass,train,selective,all_to_all_reference,5,5,0,0,5,140.0,140.0,0.0,140.0,140.0,75.0,75.0,0.0,75.0,75.0,0.0,0.0,0.0,0.0,0.0016432799922768027,0.0015906000044196844,pass,,9d124ad72c0fe2b841fbfc927ec45c35cb413a6a0e01baada17f1025709d315c,9626c07cf4ccf3251a3585a4b367551c7a78f57218970c0d71f73f221adea5d3,22e05ea2e1684256cfcefc889a4c658b5530de8a
inst_475335f157ee1891b40b8f710155777516f4d877098145d0ddce1fce297c55df,cubic_spin_glass,train,selective,device_sparse_v1,5,5,0,0,5,246.4,245.0,5.813776741499453,241.304,251.496,158.0,159.0,11.0,148.3580748810209,167.6419251189791,39.6,41.0,106.4,105.0,0.00903868000023067,0.008805599994957447,pass,,9d124ad72c0fe2b841fbfc927ec45c35cb413a6a0e01baada17f1025709d315c,9626c07cf4ccf3251a3585a4b367551c7a78f57218970c0d71f73f221adea5d3,22e05ea2e1684256cfcefc889a4c658b5530de8a
inst_495d19a3dc95e6442e097c14165743aa29452a251454dd12686b0b682caddf2c,cubic_spin_glass,validation,all_native,all_to_all_reference,5,5,0,0,5,160.0,160.0,0.0,160.0,160.0,102.0,102.0,0.0,102.0,102.0,0.0,0.0,0.0,0.0,0.002536939992569387,0.0024535999982617795,pass,,9d124ad72c0fe2b841fbfc927ec45c35cb413a6a0e01baada17f1025709d315c,9626c07cf4ccf3251a3585a4b367551c7a78f57218970c0d71f73f221adea5d3,22e05ea2e1684256cfcefc889a4c658b5530de8a
inst_495d19a3dc95e6442e097c14165743aa29452a251454dd12686b0b682caddf2c,cubic_spin_glass,validation,all_native,device_sparse_v1,5,0,5,0,5,,,,,,,,,,,,,,,,,expected_infeasible_width,expected_capacity_failure,9d124ad72c0fe2b841fbfc927ec45c35cb413a6a0e01baada17f1025709d315c,9626c07cf4ccf3251a3585a4b367551c7a78f57218970c0d71f73f221adea5d3,22e05ea2e1684256cfcefc889a4c658b5530de8a
inst_495d19a3dc95e6442e097c14165743aa29452a251454dd12686b0b682caddf2c,cubic_spin_glass,validation,fully_quadratized,all_to_all_reference,5,5,0,0,5,240.0,240.0,0.0,240.0,240.0,60.0,60.0,0.0,60.0,60.0,0.0,0.0,0.0,0.0,0.002384779998101294,0.0023603999870829284,pass,,9d124ad72c0fe2b841fbfc927ec45c35cb413a6a0e01baada17f1025709d315c,9626c07cf4ccf3251a3585a4b367551c7a78f57218970c0d71f73f221adea5d3,22e05ea2e1684256cfcefc889a4c658b5530de8a
inst_495d19a3dc95e6442e097c14165743aa29452a251454dd12686b0b682caddf2c,cubic_spin_glass,validation,fully_quadratized,device_sparse_v1,5,0,5,0,5,,,,,,,,,,,,,,,,,expected_infeasible_width,expected_capacity_failure,9d124ad72c0fe2b841fbfc927ec45c35cb413a6a0e01baada17f1025709d315c,9626c07cf4ccf3251a3585a4b367551c7a78f57218970c0d71f73f221adea5d3,22e05ea2e1684256cfcefc889a4c658b5530de8a
inst_495d19a3dc95e6442e097c14165743aa29452a251454dd12686b0b682caddf2c,cubic_spin_glass,validation,matched_random_selective,all_to_all_reference,25,25,0,5,5,168.4,168.0,0.816496580927726,168.07993334027634,168.72006665972367,106.8,108.0,2.449489742783178,105.83980002082899,107.760199979171,0.0,0.0,0.0,0.0,0.002661819994682446,0.0025168000138364732,pass,,9d124ad72c0fe2b841fbfc927ec45c35cb413a6a0e01baada17f1025709d315c,9626c07cf4ccf3251a3585a4b367551c7a78f57218970c0d71f73f221adea5d3,22e05ea2e1684256cfcefc889a4c658b5530de8a
inst_495d19a3dc95e6442e097c14165743aa29452a251454dd12686b0b682caddf2c,cubic_spin_glass,validation,matched_random_selective,device_sparse_v1,25,0,25,5,5,,,,,,,,,,,,,,,,,expected_infeasible_width,expected_capacity_failure,9d124ad72c0fe2b841fbfc927ec45c35cb413a6a0e01baada17f1025709d315c,9626c07cf4ccf3251a3585a4b367551c7a78f57218970c0d71f73f221adea5d3,22e05ea2e1684256cfcefc889a4c658b5530de8a
inst_495d19a3dc95e6442e097c14165743aa29452a251454dd12686b0b682caddf2c,cubic_spin_glass,validation,selective,all_to_all_reference,5,5,0,0,5,180.0,180.0,0.0,180.0,180.0,71.0,71.0,0.0,71.0,71.0,0.0,0.0,0.0,0.0,0.0027347999915946276,0.0024391999759245664,pass,,9d124ad72c0fe2b841fbfc927ec45c35cb413a6a0e01baada17f1025709d315c,9626c07cf4ccf3251a3585a4b367551c7a78f57218970c0d71f73f221adea5d3,22e05ea2e1684256cfcefc889a4c658b5530de8a
inst_495d19a3dc95e6442e097c14165743aa29452a251454dd12686b0b682caddf2c,cubic_spin_glass,validation,selective,device_sparse_v1,5,0,5,0,5,,,,,,,,,,,,,,,,,expected_infeasible_width,expected_capacity_failure,9d124ad72c0fe2b841fbfc927ec45c35cb413a6a0e01baada17f1025709d315c,9626c07cf4ccf3251a3585a4b367551c7a78f57218970c0d71f73f221adea5d3,22e05ea2e1684256cfcefc889a4c658b5530de8a
inst_4a5cdf12000be45c6e4eed5c6e54361319ac9cc9ed9744d18b2b715e8842bdac,max3sat,train,all_native,all_to_all_reference,5,5,0,0,5,74.0,74.0,0.0,74.0,74.0,53.0,53.0,0.0,53.0,53.0,0.0,0.0,0.0,0.0,0.0009912999987136573,0.0008492000051774085,pass,,9d124ad72c0fe2b841fbfc927ec45c35cb413a6a0e01baada17f1025709d315c,9626c07cf4ccf3251a3585a4b367551c7a78f57218970c0d71f73f221adea5d3,22e05ea2e1684256cfcefc889a4c658b5530de8a
inst_4a5cdf12000be45c6e4eed5c6e54361319ac9cc9ed9744d18b2b715e8842bdac,max3sat,train,all_native,device_sparse_v1,5,5,0,0,5,119.8,120.0,3.3466401061363023,116.86654060876923,122.73345939123077,93.2,92.0,2.16794833886788,91.2997094958928,95.1002905041072,17.8,18.0,45.8,46.0,0.008562619995791465,0.008698699995875359,pass,,9d124ad72c0fe2b841fbfc927ec45c35cb413a6a0e01baada17f1025709d315c,9626c07cf4ccf3251a3585a4b367551c7a78f57218970c0d71f73f221adea5d3,22e05ea2e1684256cfcefc889a4c658b5530de8a
inst_4a5cdf12000be45c6e4eed5c6e54361319ac9cc9ed9744d18b2b715e8842bdac,max3sat,train,fully_quadratized,all_to_all_reference,5,5,0,0,5,66.0,66.0,0.0,66.0,66.0,30.0,30.0,0.0,30.0,30.0,0.0,0.0,0.0,0.0,0.0011171599966473878,0.001064199983375147,pass,,9d124ad72c0fe2b841fbfc927ec45c35cb413a6a0e01baada17f1025709d315c,9626c07cf4ccf3251a3585a4b367551c7a78f57218970c0d71f73f221adea5d3,22e05ea2e1684256cfcefc889a4c658b5530de8a
inst_4a5cdf12000be45c6e4eed5c6e54361319ac9cc9ed9744d18b2b715e8842bdac,max3sat,train,fully_quadratized,device_sparse_v1,5,5,0,0,5,109.4,107.0,4.277849927241488,105.65029921193704,113.14970078806297,71.6,74.0,10.502380682492898,62.39425744439917,80.80574255560082,15.4,15.0,43.4,41.0,0.007086779997916892,0.007382100011454895,pass,,9d124ad72c0fe2b841fbfc927ec45c35cb413a6a0e01baada17f1025709d315c,9626c07cf4ccf3251a3585a4b367551c7a78f57218970c0d71f73f221adea5d3,22e05ea2e1684256cfcefc889a4c658b5530de8a
inst_4a5cdf12000be45c6e4eed5c6e54361319ac9cc9ed9744d18b2b715e8842bdac,max3sat,train,matched_random_selective,all_to_all_reference,25,25,0,5,5,78.4,78.0,2.0,77.616,79.18400000000001,48.6,47.0,2.0,47.816,49.384,0.0,0.0,0.0,0.0,0.0010898079990874976,0.001131199998781085,pass,,9d124ad72c0fe2b841fbfc927ec45c35cb413a6a0e01baada17f1025709d315c,9626c07cf4ccf3251a3585a4b367551c7a78f57218970c0d71f73f221adea5d3,22e05ea2e1684256cfcefc889a4c658b5530de8a
inst_4a5cdf12000be45c6e4eed5c6e54361319ac9cc9ed9744d18b2b715e8842bdac,max3sat,train,matched_random_selective,device_sparse_v1,25,25,0,5,5,132.24,132.0,6.1392181912683315,129.8334264690228,134.6465735309772,92.48,92.0,5.362835071116769,90.37776865212223,94.58223134787778,19.84,20.0,53.84,54.0,0.007677975998958573,0.007503399974666536,pass,,9d124ad72c0fe2b841fbfc927ec45c35cb413a6a0e01baada17f1025709d315c,9626c07cf4ccf3251a3585a4b367551c7a78f57218970c0d71f73f221adea5d3,22e05ea2e1684256cfcefc889a4c658b5530de8a
inst_4a5cdf12000be45c6e4eed5c6e54361319ac9cc9ed9744d18b2b715e8842bdac,max3sat,train,selective,all_to_all_reference,5,5,0,0,5,66.0,66.0,0.0,66.0,66.0,28.0,28.0,0.0,28.0,28.0,0.0,0.0,0.0,0.0,0.0008862600021529943,0.0008421000093221664,pass,,9d124ad72c0fe2b841fbfc927ec45c35cb413a6a0e01baada17f1025709d315c,9626c07cf4ccf3251a3585a4b367551c7a78f57218970c0d71f73f221adea5d3,22e05ea2e1684256cfcefc889a4c658b5530de8a
inst_4a5cdf12000be45c6e4eed5c6e54361319ac9cc9ed9744d18b2b715e8842bdac,max3sat,train,selective,device_sparse_v1,5,5,0,0,5,109.8,110.0,4.604345773288535,105.76411298473309,113.8358870152669,67.6,67.0,9.736529155710468,59.065555905625715,76.13444409437427,15.8,16.0,43.8,44.0,0.007503100001486018,0.007480000000214204,pass,,9d124ad72c0fe2b841fbfc927ec45c35cb413a6a0e01baada17f1025709d315c,9626c07cf4ccf3251a3585a4b367551c7a78f57218970c0d71f73f221adea5d3,22e05ea2e1684256cfcefc889a4c658b5530de8a
inst_4de883a02a19b7c89e5a750e6dcb1d4f9e6df46511c418ac80e3e264607c4b3d,max3sat,test,all_native,all_to_all_reference,5,5,0,0,5,544.0,544.0,0.0,544.0,544.0,307.0,307.0,0.0,307.0,307.0,0.0,0.0,0.0,0.0,0.004245459998492152,0.004110500012757257,pass,,9d124ad72c0fe2b841fbfc927ec45c35cb413a6a0e01baada17f1025709d315c,9626c07cf4ccf3251a3585a4b367551c7a78f57218970c0d71f73f221adea5d3,22e05ea2e1684256cfcefc889a4c658b5530de8a
inst_4de883a02a19b7c89e5a750e6dcb1d4f9e6df46511c418ac80e3e264607c4b3d,max3sat,test,all_native,device_sparse_v1,5,0,5,0,5,,,,,,,,,,,,,,,,,expected_infeasible_width,expected_capacity_failure,9d124ad72c0fe2b841fbfc927ec45c35cb413a6a0e01baada17f1025709d315c,9626c07cf4ccf3251a3585a4b367551c7a78f57218970c0d71f73f221adea5d3,22e05ea2e1684256cfcefc889a4c658b5530de8a
inst_4de883a02a19b7c89e5a750e6dcb1d4f9e6df46511c418ac80e3e264607c4b3d,max3sat,test,fully_quadratized,all_to_all_reference,5,5,0,0,5,466.0,466.0,0.0,466.0,466.0,90.0,90.0,0.0,90.0,90.0,0.0,0.0,0.0,0.0,0.0038395400042645633,0.003733499994268641,pass,,9d124ad72c0fe2b841fbfc927ec45c35cb413a6a0e01baada17f1025709d315c,9626c07cf4ccf3251a3585a4b367551c7a78f57218970c0d71f73f221adea5d3,22e05ea2e1684256cfcefc889a4c658b5530de8a
inst_4de883a02a19b7c89e5a750e6dcb1d4f9e6df46511c418ac80e3e264607c4b3d,max3sat,test,fully_quadratized,device_sparse_v1,5,0,5,0,5,,,,,,,,,,,,,,,,,expected_infeasible_width,expected_capacity_failure,9d124ad72c0fe2b841fbfc927ec45c35cb413a6a0e01baada17f1025709d315c,9626c07cf4ccf3251a3585a4b367551c7a78f57218970c0d71f73f221adea5d3,22e05ea2e1684256cfcefc889a4c658b5530de8a
inst_4de883a02a19b7c89e5a750e6dcb1d4f9e6df46511c418ac80e3e264607c4b3d,max3sat,test,matched_random_selective,all_to_all_reference,25,25,0,5,5,568.4,568.0,6.757711644237764,565.7509770354587,571.0490229645412,207.6,199.0,13.159280628767922,202.44156199352298,212.758438006477,0.0,0.0,0.0,0.0,0.00712964000296779,0.004510300001129508,pass,,9d124ad72c0fe2b841fbfc927ec45c35cb413a6a0e01baada17f1025709d315c,9626c07cf4ccf3251a3585a4b367551c7a78f57218970c0d71f73f221adea5d3,22e05ea2e1684256cfcefc889a4c658b5530de8a
inst_4de883a02a19b7c89e5a750e6dcb1d4f9e6df46511c418ac80e3e264607c4b3d,max3sat,test,matched_random_selective,device_sparse_v1,25,0,25,5,5,,,,,,,,,,,,,,,,,expected_infeasible_width,expected_capacity_failure,9d124ad72c0fe2b841fbfc927ec45c35cb413a6a0e01baada17f1025709d315c,9626c07cf4ccf3251a3585a4b367551c7a78f57218970c0d71f73f221adea5d3,22e05ea2e1684256cfcefc889a4c658b5530de8a
inst_4de883a02a19b7c89e5a750e6dcb1d4f9e6df46511c418ac80e3e264607c4b3d,max3sat,test,selective,all_to_all_reference,5,5,0,0,5,502.0,502.0,0.0,502.0,502.0,107.0,107.0,0.0,107.0,107.0,0.0,0.0,0.0,0.0,0.004052919999230653,0.0037868999934289604,pass,,9d124ad72c0fe2b841fbfc927ec45c35cb413a6a0e01baada17f1025709d315c,9626c07cf4ccf3251a3585a4b367551c7a78f57218970c0d71f73f221adea5d3,22e05ea2e1684256cfcefc889a4c658b5530de8a
inst_4de883a02a19b7c89e5a750e6dcb1d4f9e6df46511c418ac80e3e264607c4b3d,max3sat,test,selective,device_sparse_v1,5,0,5,0,5,,,,,,,,,,,,,,,,,expected_infeasible_width,expected_capacity_failure,9d124ad72c0fe2b841fbfc927ec45c35cb413a6a0e01baada17f1025709d315c,9626c07cf4ccf3251a3585a4b367551c7a78f57218970c0d71f73f221adea5d3,22e05ea2e1684256cfcefc889a4c658b5530de8a
inst_4e00bf13ed9a31011cbd47075adf6f3eab16dfa39555e92093a024fe8a1e926c,max3sat,train,all_native,all_to_all_reference,5,5,0,0,5,174.0,174.0,0.0,174.0,174.0,139.0,139.0,0.0,139.0,139.0,0.0,0.0,0.0,0.0,0.001563560002250597,0.0015633000002708286,pass,,9d124ad72c0fe2b841fbfc927ec45c35cb413a6a0e01baada17f1025709d315c,9626c07cf4ccf3251a3585a4b367551c7a78f57218970c0d71f73f221adea5d3,22e05ea2e1684256cfcefc889a4c658b5530de8a
inst_4e00bf13ed9a31011cbd47075adf6f3eab16dfa39555e92093a024fe8a1e926c,max3sat,train,all_native,device_sparse_v1,5,0,5,0,5,,,,,,,,,,,,,,,,,expected_infeasible_width,expected_capacity_failure,9d124ad72c0fe2b841fbfc927ec45c35cb413a6a0e01baada17f1025709d315c,9626c07cf4ccf3251a3585a4b367551c7a78f57218970c0d71f73f221adea5d3,22e05ea2e1684256cfcefc889a4c658b5530de8a
inst_4e00bf13ed9a31011cbd47075adf6f3eab16dfa39555e92093a024fe8a1e926c,max3sat,train,fully_quadratized,all_to_all_reference,5,5,0,0,5,132.0,132.0,0.0,132.0,132.0,54.0,54.0,0.0,54.0,54.0,0.0,0.0,0.0,0.0,0.0014763800019863993,0.0014146000030450523,pass,,9d124ad72c0fe2b841fbfc927ec45c35cb413a6a0e01baada17f1025709d315c,9626c07cf4ccf3251a3585a4b367551c7a78f57218970c0d71f73f221adea5d3,22e05ea2e1684256cfcefc889a4c658b5530de8a
inst_4e00bf13ed9a31011cbd47075adf6f3eab16dfa39555e92093a024fe8a1e926c,max3sat,train,fully_quadratized,device_sparse_v1,5,0,5,0,5,,,,,,,,,,,,,,,,,expected_infeasible_width,expected_capacity_failure,9d124ad72c0fe2b841fbfc927ec45c35cb413a6a0e01baada17f1025709d315c,9626c07cf4ccf3251a3585a4b367551c7a78f57218970c0d71f73f221adea5d3,22e05ea2e1684256cfcefc889a4c658b5530de8a
inst_4e00bf13ed9a31011cbd47075adf6f3eab16dfa39555e92093a024fe8a1e926c,max3sat,train,matched_random_selective,all_to_all_reference,25,25,0,5,5,177.6,178.0,1.5275252316519468,177.00121010919244,178.19878989080755,130.6,133.0,3.265986323710904,129.3197333611053,131.88026663889468,0.0,0.0,0.0,0.0,0.0016600880003534257,0.0016117000195663422,pass,,9d124ad72c0fe2b841fbfc927ec45c35cb413a6a0e01baada17f1025709d315c,9626c07cf4ccf3251a3585a4b367551c7a78f57218970c0d71f73f221adea5d3,22e05ea2e1684256cfcefc889a4c658b5530de8a
inst_4e00bf13ed9a31011cbd47075adf6f3eab16dfa39555e92093a024fe8a1e926c,max3sat,train,matched_random_selective,device_sparse_v1,25,0,25,5,5,,,,,,,,,,,,,,,,,expected_infeasible_width,expected_capacity_failure,9d124ad72c0fe2b841fbfc927ec45c35cb413a6a0e01baada17f1025709d315c,9626c07cf4ccf3251a3585a4b367551c7a78f57218970c0d71f73f221adea5d3,22e05ea2e1684256cfcefc889a4c658b5530de8a
inst_4e00bf13ed9a31011cbd47075adf6f3eab16dfa39555e92093a024fe8a1e926c,max3sat,train,selective,all_to_all_reference,5,5,0,0,5,144.0,144.0,0.0,144.0,144.0,58.0,58.0,0.0,58.0,58.0,0.0,0.0,0.0,0.0,0.0014571000006981193,0.0014565000019501895,pass,,9d124ad72c0fe2b841fbfc927ec45c35cb413a6a0e01baada17f1025709d315c,9626c07cf4ccf3251a3585a4b367551c7a78f57218970c0d71f73f221adea5d3,22e05ea2e1684256cfcefc889a4c658b5530de8a
inst_4e00bf13ed9a31011cbd47075adf6f3eab16dfa39555e92093a024fe8a1e926c,max3sat,train,selective,device_sparse_v1,5,0,5,0,5,,,,,,,,,,,,,,,,,expected_infeasible_width,expected_capacity_failure,9d124ad72c0fe2b841fbfc927ec45c35cb413a6a0e01baada17f1025709d315c,9626c07cf4ccf3251a3585a4b367551c7a78f57218970c0d71f73f221adea5d3,22e05ea2e1684256cfcefc889a4c658b5530de8a
inst_4e8508f5359b84174b076d2999c2a153f2bb1b3a2567a06b1ebfe41d5c34d5c4,max3sat,train,all_native,all_to_all_reference,5,5,0,0,5,170.0,170.0,0.0,170.0,170.0,128.0,128.0,0.0,128.0,128.0,0.0,0.0,0.0,0.0,0.0009752999932970852,0.0009666999976616353,pass,,9d124ad72c0fe2b841fbfc927ec45c35cb413a6a0e01baada17f1025709d315c,9626c07cf4ccf3251a3585a4b367551c7a78f57218970c0d71f73f221adea5d3,22e05ea2e1684256cfcefc889a4c658b5530de8a
inst_4e8508f5359b84174b076d2999c2a153f2bb1b3a2567a06b1ebfe41d5c34d5c4,max3sat,train,all_native,device_sparse_v1,5,0,5,0,5,,,,,,,,,,,,,,,,,expected_infeasible_width,expected_capacity_failure,9d124ad72c0fe2b841fbfc927ec45c35cb413a6a0e01baada17f1025709d315c,9626c07cf4ccf3251a3585a4b367551c7a78f57218970c0d71f73f221adea5d3,22e05ea2e1684256cfcefc889a4c658b5530de8a
inst_4e8508f5359b84174b076d2999c2a153f2bb1b3a2567a06b1ebfe41d5c34d5c4,max3sat,train,fully_quadratized,all_to_all_reference,5,5,0,0,5,104.0,104.0,0.0,104.0,104.0,44.0,44.0,0.0,44.0,44.0,0.0,0.0,0.0,0.0,0.0009964400029275565,0.0008542000141460449,pass,,9d124ad72c0fe2b841fbfc927ec45c35cb413a6a0e01baada17f1025709d315c,9626c07cf4ccf3251a3585a4b367551c7a78f57218970c0d71f73f221adea5d3,22e05ea2e1684256cfcefc889a4c658b5530de8a
inst_4e8508f5359b84174b076d2999c2a153f2bb1b3a2567a06b1ebfe41d5c34d5c4,max3sat,train,fully_quadratized,device_sparse_v1,5,0,5,0,5,,,,,,,,,,,,,,,,,expected_infeasible_width,expected_capacity_failure,9d124ad72c0fe2b841fbfc927ec45c35cb413a6a0e01baada17f1025709d315c,9626c07cf4ccf3251a3585a4b367551c7a78f57218970c0d71f73f221adea5d3,22e05ea2e1684256cfcefc889a4c658b5530de8a
inst_4e8508f5359b84174b076d2999c2a153f2bb1b3a2567a06b1ebfe41d5c34d5c4,max3sat,train,matched_random_selective,all_to_all_reference,25,25,0,5,5,172.8,172.0,2.0816659994661326,171.98398692820928,173.61601307179075,114.8,116.0,5.715476066494082,112.55953338193432,117.04046661806568,0.0,0.0,0.0,0.0,0.0011442199978046119,0.0010713999799918383,pass,,9d124ad72c0fe2b841fbfc927ec45c35cb413a6a0e01baada17f1025709d315c,9626c07cf4ccf3251a3585a4b367551c7a78f57218970c0d71f73f221adea5d3,22e05ea2e1684256cfcefc889a4c658b5530de8a
inst_4e8508f5359b84174b076d2999c2a153f2bb1b3a2567a06b1ebfe41d5c34d5c4,max3sat,train,matched_random_selective,device_sparse_v1,25,0,25,5,5,,,,,,,,,,,,,,,,,expected_infeasible_width,expected_capacity_failure,9d124ad72c0fe2b841fbfc927ec45c35cb413a6a0e01baada17f1025709d315c,9626c07cf4ccf3251a3585a4b367551c7a78f57218970c0d71f73f221adea5d3,22e05ea2e1684256cfcefc889a4c658b5530de8a
inst_4e8508f5359b84174b076d2999c2a153f2bb1b3a2567a06b1ebfe41d5c34d5c4,max3sat,train,selective,all_to_all_reference,5,5,0,0,5,110.0,110.0,0.0,110.0,110.0,40.0,40.0,0.0,40.0,40.0,0.0,0.0,0.0,0.0,0.0008850799989886582,0.0008847999852150679,pass,,9d124ad72c0fe2b841fbfc927ec45c35cb413a6a0e01baada17f1025709d315c,9626c07cf4ccf3251a3585a4b367551c7a78f57218970c0d71f73f221adea5d3,22e05ea2e1684256cfcefc889a4c658b5530de8a
inst_4e8508f5359b84174b076d2999c2a153f2bb1b3a2567a06b1ebfe41d5c34d5c4,max3sat,train,selective,device_sparse_v1,5,0,5,0,5,,,,,,,,,,,,,,,,,expected_infeasible_width,expected_capacity_failure,9d124ad72c0fe2b841fbfc927ec45c35cb413a6a0e01baada17f1025709d315c,9626c07cf4ccf3251a3585a4b367551c7a78f57218970c0d71f73f221adea5d3,22e05ea2e1684256cfcefc889a4c658b5530de8a
inst_4fd1ba0267f29040b461532cd91b707bc0c1ae9e3f7403a5242d350656e5f63e,max3sat,train,all_native,all_to_all_reference,5,5,0,0,5,138.0,138.0,0.0,138.0,138.0,98.0,98.0,0.0,98.0,98.0,0.0,0.0,0.0,0.0,0.0011107199999969453,0.0009266000124625862,pass,,9d124ad72c0fe2b841fbfc927ec45c35cb413a6a0e01baada17f1025709d315c,9626c07cf4ccf3251a3585a4b367551c7a78f57218970c0d71f73f221adea5d3,22e05ea2e1684256cfcefc889a4c658b5530de8a
inst_4fd1ba0267f29040b461532cd91b707bc0c1ae9e3f7403a5242d350656e5f63e,max3sat,train,all_native,device_sparse_v1,5,5,0,0,5,238.2,238.0,7.395944834840238,231.71716851985184,244.68283148014814,176.0,171.0,12.449899597988733,165.08718184885316,186.91281815114684,37.4,38.0,100.2,100.0,0.00924972000066191,0.009112999978242442,pass,,9d124ad72c0fe2b841fbfc927ec45c35cb413a6a0e01baada17f1025709d315c,9626c07cf4ccf3251a3585a4b367551c7a78f57218970c0d71f73f221adea5d3,22e05ea2e1684256cfcefc889a4c658b5530de8a
inst_4fd1ba0267f29040b461532cd91b707bc0c1ae9e3f7403a5242d350656e5f63e,max3sat,train,fully_quadratized,all_to_all_reference,5,5,0,0,5,108.0,108.0,0.0,108.0,108.0,40.0,40.0,0.0,40.0,40.0,0.0,0.0,0.0,0.0,0.001499540003715083,0.0014847000129520893,pass,,9d124ad72c0fe2b841fbfc927ec45c35cb413a6a0e01baada17f1025709d315c,9626c07cf4ccf3251a3585a4b367551c7a78f57218970c0d71f73f221adea5d3,22e05ea2e1684256cfcefc889a4c658b5530de8a
inst_4fd1ba0267f29040b461532cd91b707bc0c1ae9e3f7403a5242d350656e5f63e,max3sat,train,fully_quadratized,device_sparse_v1,5,0,5,0,5,,,,,,,,,,,,,,,,,expected_infeasible_width,expected_capacity_failure,9d124ad72c0fe2b841fbfc927ec45c35cb413a6a0e01baada17f1025709d315c,9626c07cf4ccf3251a3585a4b367551c7a78f57218970c0d71f73f221adea5d3,22e05ea2e1684256cfcefc889a4c658b5530de8a
inst_4fd1ba0267f29040b461532cd91b707bc0c1ae9e3f7403a5242d350656e5f63e,max3sat,train,matched_random_selective,all_to_all_reference,25,25,0,5,5,138.8,140.0,6.904105059069327,136.09359081684482,141.5064091831552,72.0,73.0,6.487166818676188,69.45703060707893,74.54296939292107,0.0,0.0,0.0,0.0,0.0015084719995502383,0.0014990000054240227,pass,,9d124ad72c0fe2b841fbfc927ec45c35cb413a6a0e01baada17f1025709d315c,9626c07cf4ccf3251a3585a4b367551c7a78f57218970c0d71f73f221adea5d3,22e05ea2e1684256cfcefc889a4c658b5530de8a
inst_4fd1ba0267f29040b461532cd91b707bc0c1ae9e3f7403a5242d350656e5f63e,max3sat,train,matched_random_selective,device_sparse_v1,25,0,25,5,5,,,,,,,,,,,,,,,,,expected_infeasible_width,expected_capacity_failure,9d124ad72c0fe2b841fbfc927ec45c35cb413a6a0e01baada17f1025709d315c,9626c07cf4ccf3251a3585a4b367551c7a78f57218970c0d71f73f221adea5d3,22e05ea2e1684256cfcefc889a4c658b5530de8a
inst_4fd1ba0267f29040b461532cd91b707bc0c1ae9e3f7403a5242d350656e5f63e,max3sat,train,selective,all_to_all_reference,5,5,0,0,5,130.0,130.0,0.0,130.0,130.0,54.0,54.0,0.0,54.0,54.0,0.0,0.0,0.0,0.0,0.0014696799975354225,0.0014671999961137772,pass,,9d124ad72c0fe2b841fbfc927ec45c35cb413a6a0e01baada17f1025709d315c,9626c07cf4ccf3251a3585a4b367551c7a78f57218970c0d71f73f221adea5d3,22e05ea2e1684256cfcefc889a4c658b5530de8a
inst_4fd1ba0267f29040b461532cd91b707bc0c1ae9e3f7403a5242d350656e5f63e,max3sat,train,selective,device_sparse_v1,5,0,5,0,5,,,,,,,,,,,,,,,,,expected_infeasible_width,expected_capacity_failure,9d124ad72c0fe2b841fbfc927ec45c35cb413a6a0e01baada17f1025709d315c,9626c07cf4ccf3251a3585a4b367551c7a78f57218970c0d71f73f221adea5d3,22e05ea2e1684256cfcefc889a4c658b5530de8a
inst_4fea6db13cc5470bdb568c7a901f9b644950b3a9904281c86cd3d07aabe5be3d,max3sat,train,all_native,all_to_all_reference,5,5,0,0,5,586.0,586.0,0.0,586.0,586.0,359.0,359.0,0.0,359.0,359.0,0.0,0.0,0.0,0.0,0.00438728000735864,0.004337000020314008,pass,,9d124ad72c0fe2b841fbfc927ec45c35cb413a6a0e01baada17f1025709d315c,9626c07cf4ccf3251a3585a4b367551c7a78f57218970c0d71f73f221adea5d3,22e05ea2e1684256cfcefc889a4c658b5530de8a
inst_4fea6db13cc5470bdb568c7a901f9b644950b3a9904281c86cd3d07aabe5be3d,max3sat,train,all_native,device_sparse_v1,5,0,5,0,5,,,,,,,,,,,,,,,,,expected_infeasible_width,expected_capacity_failure,9d124ad72c0fe2b841fbfc927ec45c35cb413a6a0e01baada17f1025709d315c,9626c07cf4ccf3251a3585a4b367551c7a78f57218970c0d71f73f221adea5d3,22e05ea2e1684256cfcefc889a4c658b5530de8a
inst_4fea6db13cc5470bdb568c7a901f9b644950b3a9904281c86cd3d07aabe5be3d,max3sat,train,fully_quadratized,all_to_all_reference,5,5,0,0,5,486.0,486.0,0.0,486.0,486.0,92.0,92.0,0.0,92.0,92.0,0.0,0.0,0.0,0.0,0.004147380002541468,0.0039447000017389655,pass,,9d124ad72c0fe2b841fbfc927ec45c35cb413a6a0e01baada17f1025709d315c,9626c07cf4ccf3251a3585a4b367551c7a78f57218970c0d71f73f221adea5d3,22e05ea2e1684256cfcefc889a4c658b5530de8a
inst_4fea6db13cc5470bdb568c7a901f9b644950b3a9904281c86cd3d07aabe5be3d,max3sat,train,fully_quadratized,device_sparse_v1,5,0,5,0,5,,,,,,,,,,,,,,,,,expected_infeasible_width,expected_capacity_failure,9d124ad72c0fe2b841fbfc927ec45c35cb413a6a0e01baada17f1025709d315c,9626c07cf4ccf3251a3585a4b367551c7a78f57218970c0d71f73f221adea5d3,22e05ea2e1684256cfcefc889a4c658b5530de8a
inst_4fea6db13cc5470bdb568c7a901f9b644950b3a9904281c86cd3d07aabe5be3d,max3sat,train,matched_random_selective,all_to_all_reference,25,25,0,5,5,592.4,592.0,8.981462390204987,588.8792667430396,595.9207332569604,241.4,240.0,12.724647997750926,236.41193798488163,246.38806201511838,0.0,0.0,0.0,0.0,0.004994560000486672,0.004793999978573993,pass,,9d124ad72c0fe2b841fbfc927ec45c35cb413a6a0e01baada17f1025709d315c,9626c07cf4ccf3251a3585a4b367551c7a78f57218970c0d71f73f221adea5d3,22e05ea2e1684256cfcefc889a4c658b5530de8a
inst_4fea6db13cc5470bdb568c7a901f9b644950b3a9904281c86cd3d07aabe5be3d,max3sat,train,matched_random_selective,device_sparse_v1,25,0,25,5,5,,,,,,,,,,,,,,,,,expected_infeasible_width,expected_capacity_failure,9d124ad72c0fe2b841fbfc927ec45c35cb413a6a0e01baada17f1025709d315c,9626c07cf4ccf3251a3585a4b367551c7a78f57218970c0d71f73f221adea5d3,22e05ea2e1684256cfcefc889a4c658b5530de8a
inst_4fea6db13cc5470bdb568c7a901f9b644950b3a9904281c86cd3d07aabe5be3d,max3sat,train,selective,all_to_all_reference,5,5,0,0,5,534.0,534.0,0.0,534.0,534.0,160.0,160.0,0.0,160.0,160.0,0.0,0.0,0.0,0.0,0.004189440002664924,0.004052600008435547,pass,,9d124ad72c0fe2b841fbfc927ec45c35cb413a6a0e01baada17f1025709d315c,9626c07cf4ccf3251a3585a4b367551c7a78f57218970c0d71f73f221adea5d3,22e05ea2e1684256cfcefc889a4c658b5530de8a
inst_4fea6db13cc5470bdb568c7a901f9b644950b3a9904281c86cd3d07aabe5be3d,max3sat,train,selective,device_sparse_v1,5,0,5,0,5,,,,,,,,,,,,,,,,,expected_infeasible_width,expected_capacity_failure,9d124ad72c0fe2b841fbfc927ec45c35cb413a6a0e01baada17f1025709d315c,9626c07cf4ccf3251a3585a4b367551c7a78f57218970c0d71f73f221adea5d3,22e05ea2e1684256cfcefc889a4c658b5530de8a
inst_514ba25a028dc5cc4b3e64e92354a8517183f6f7354585b35ad695552a02d87b,max3sat,validation,all_native,all_to_all_reference,5,5,0,0,5,192.0,192.0,0.0,192.0,192.0,140.0,140.0,0.0,140.0,140.0,0.0,0.0,0.0,0.0,0.0019082799903117121,0.002043699991190806,pass,,9d124ad72c0fe2b841fbfc927ec45c35cb413a6a0e01baada17f1025709d315c,9626c07cf4ccf3251a3585a4b367551c7a78f57218970c0d71f73f221adea5d3,22e05ea2e1684256cfcefc889a4c658b5530de8a
inst_514ba25a028dc5cc4b3e64e92354a8517183f6f7354585b35ad695552a02d87b,max3sat,validation,all_native,device_sparse_v1,5,5,0,0,5,347.4,345.0,4.827007354458868,343.1689415035951,351.6310584964049,261.4,258.0,14.258330898110058,248.90202192352697,273.897978076473,59.4,59.0,155.4,153.0,0.010893599997507409,0.010062100016511977,pass,,9d124ad72c0fe2b841fbfc927ec45c35cb413a6a0e01baada17f1025709d315c,9626c07cf4ccf3251a3585a4b367551c7a78f57218970c0d71f73f221adea5d3,22e05ea2e1684256cfcefc889a4c658b5530de8a
inst_514ba25a028dc5cc4b3e64e92354a8517183f6f7354585b35ad695552a02d87b,max3sat,validation,fully_quadratized,all_to_all_reference,5,5,0,0,5,160.0,160.0,0.0,160.0,160.0,48.0,48.0,0.0,48.0,48.0,0.0,0.0,0.0,0.0,0.0021716799936257304,0.0022133000020403415,pass,,9d124ad72c0fe2b841fbfc927ec45c35cb413a6a0e01baada17f1025709d315c,9626c07cf4ccf3251a3585a4b367551c7a78f57218970c0d71f73f221adea5d3,22e05ea2e1684256cfcefc889a4c658b5530de8a
inst_514ba25a028dc5cc4b3e64e92354a8517183f6f7354585b35ad695552a02d87b,max3sat,validation,fully_quadratized,device_sparse_v1,5,0,5,0,5,,,,,,,,,,,,,,,,,expected_infeasible_width,expected_capacity_failure,9d124ad72c0fe2b841fbfc927ec45c35cb413a6a0e01baada17f1025709d315c,9626c07cf4ccf3251a3585a4b367551c7a78f57218970c0d71f73f221adea5d3,22e05ea2e1684256cfcefc889a4c658b5530de8a
inst_514ba25a028dc5cc4b3e64e92354a8517183f6f7354585b35ad695552a02d87b,max3sat,validation,matched_random_selective,all_to_all_reference,25,25,0,5,5,197.2,196.0,5.259911279353167,195.13811477849356,199.26188522150642,93.4,94.0,6.474308199851677,90.86207118565815,95.93792881434186,0.0,0.0,0.0,0.0,0.0019687119999434797,0.0018011000065598637,pass,,9d124ad72c0fe2b841fbfc927ec45c35cb413a6a0e01baada17f1025709d315c,9626c07cf4ccf3251a3585a4b367551c7a78f57218970c0d71f73f221adea5d3,22e05ea2e1684256cfcefc889a4c658b5530de8a
inst_514ba25a028dc5cc4b3e64e92354a8517183f6f7354585b35ad695552a02d87b,max3sat,validation,matched_random_selective,device_sparse_v1,25,0,25,5,5,,,,,,,,,,,,,,,,,expected_infeasible_width,expected_capacity_failure,9d124ad72c0fe2b841fbfc927ec45c35cb413a6a0e01baada17f1025709d315c,9626c07cf4ccf3251a3585a4b367551c7a78f57218970c0d71f73f221adea5d3,22e05ea2e1684256cfcefc889a4c658b5530de8a
inst_514ba25a028dc5cc4b3e64e92354a8517183f6f7354585b35ad695552a02d87b,max3sat,validation,selective,all_to_all_reference,5,5,0,0,5,178.0,178.0,0.0,178.0,178.0,60.0,60.0,0.0,60.0,60.0,0.0,0.0,0.0,0.0,0.0017553600016981363,0.001721500011626631,pass,,9d124ad72c0fe2b841fbfc927ec45c35cb413a6a0e01baada17f1025709d315c,9626c07cf4ccf3251a3585a4b367551c7a78f57218970c0d71f73f221adea5d3,22e05ea2e1684256cfcefc889a4c658b5530de8a
inst_514ba25a028dc5cc4b3e64e92354a8517183f6f7354585b35ad695552a02d87b,max3sat,validation,selective,device_sparse_v1,5,0,5,0,5,,,,,,,,,,,,,,,,,expected_infeasible_width,expected_capacity_failure,9d124ad72c0fe2b841fbfc927ec45c35cb413a6a0e01baada17f1025709d315c,9626c07cf4ccf3251a3585a4b367551c7a78f57218970c0d71f73f221adea5d3,22e05ea2e1684256cfcefc889a4c658b5530de8a
inst_51faf0087471c6aa5bc4e424dbdc809b6058f9d679d5ef1e8c40e464f97f530a,max3sat,train,all_native,all_to_all_reference,5,5,0,0,5,186.0,186.0,0.0,186.0,186.0,137.0,137.0,0.0,137.0,137.0,0.0,0.0,0.0,0.0,0.0018048800004180521,0.0017825000104494393,pass,,9d124ad72c0fe2b841fbfc927ec45c35cb413a6a0e01baada17f1025709d315c,9626c07cf4ccf3251a3585a4b367551c7a78f57218970c0d71f73f221adea5d3,22e05ea2e1684256cfcefc889a4c658b5530de8a
inst_51faf0087471c6aa5bc4e424dbdc809b6058f9d679d5ef1e8c40e464f97f530a,max3sat,train,all_native,device_sparse_v1,5,0,5,0,5,,,,,,,,,,,,,,,,,expected_infeasible_width,expected_capacity_failure,9d124ad72c0fe2b841fbfc927ec45c35cb413a6a0e01baada17f1025709d315c,9626c07cf4ccf3251a3585a4b367551c7a78f57218970c0d71f73f221adea5d3,22e05ea2e1684256cfcefc889a4c658b5530de8a
inst_51faf0087471c6aa5bc4e424dbdc809b6058f9d679d5ef1e8c40e464f97f530a,max3sat,train,fully_quadratized,all_to_all_reference,5,5,0,0,5,112.0,112.0,0.0,112.0,112.0,58.0,58.0,0.0,58.0,58.0,0.0,0.0,0.0,0.0,0.0011896000010892748,0.0011821000080090016,pass,,9d124ad72c0fe2b841fbfc927ec45c35cb413a6a0e01baada17f1025709d315c,9626c07cf4ccf3251a3585a4b367551c7a78f57218970c0d71f73f221adea5d3,22e05ea2e1684256cfcefc889a4c658b5530de8a
inst_51faf0087471c6aa5bc4e424dbdc809b6058f9d679d5ef1e8c40e464f97f530a,max3sat,train,fully_quadratized,device_sparse_v1,5,0,5,0,5,,,,,,,,,,,,,,,,,expected_infeasible_width,expected_capacity_failure,9d124ad72c0fe2b841fbfc927ec45c35cb413a6a0e01baada17f1025709d315c,9626c07cf4ccf3251a3585a4b367551c7a78f57218970c0d71f73f221adea5d3,22e05ea2e1684256cfcefc889a4c658b5530de8a
inst_51faf0087471c6aa5bc4e424dbdc809b6058f9d679d5ef1e8c40e464f97f530a,max3sat,train,matched_random_selective,all_to_all_reference,25,25,0,5,5,191.2,190.0,1.632993161855452,190.55986668055266,191.84013331944732,127.0,127.0,1.2909944487358056,126.49393017609556,127.50606982390444,0.0,0.0,0.0,0.0,0.0015331839967984706,0.0015221000066958368,pass,,9d124ad72c0fe2b841fbfc927ec45c35cb413a6a0e01baada17f1025709d315c,9626c07cf4ccf3251a3585a4b367551c7a78f57218970c0d71f73f221adea5d3,22e05ea2e1684256cfcefc889a4c658b5530de8a
inst_51faf0087471c6aa5bc4e424dbdc809b6058f9d679d5ef1e8c40e464f97f530a,max3sat,train,matched_random_selective,device_sparse_v1,25,0,25,5,5,,,,,,,,,,,,,,,,,expected_infeasible_width,expected_capacity_failure,9d124ad72c0fe2b841fbfc927ec45c35cb413a6a0e01baada17f1025709d315c,9626c07cf4ccf3251a3585a4b367551c7a78f57218970c0d71f73f221adea5d3,22e05ea2e1684256cfcefc889a4c658b5530de8a
inst_51faf0087471c6aa5bc4e424dbdc809b6058f9d679d5ef1e8c40e464f97f530a,max3sat,train,selective,all_to_all_reference,5,5,0,0,5,134.0,134.0,0.0,134.0,134.0,60.0,60.0,0.0,60.0,60.0,0.0,0.0,0.0,0.0,0.001383240008726716,0.001328300015302375,pass,,9d124ad72c0fe2b841fbfc927ec45c35cb413a6a0e01baada17f1025709d315c,9626c07cf4ccf3251a3585a4b367551c7a78f57218970c0d71f73f221adea5d3,22e05ea2e1684256cfcefc889a4c658b5530de8a
inst_51faf0087471c6aa5bc4e424dbdc809b6058f9d679d5ef1e8c40e464f97f530a,max3sat,train,selective,device_sparse_v1,5,0,5,0,5,,,,,,,,,,,,,,,,,expected_infeasible_width,expected_capacity_failure,9d124ad72c0fe2b841fbfc927ec45c35cb413a6a0e01baada17f1025709d315c,9626c07cf4ccf3251a3585a4b367551c7a78f57218970c0d71f73f221adea5d3,22e05ea2e1684256cfcefc889a4c658b5530de8a
inst_532ca52e0bd47ef393cd0da8c1c69dadce16850b3ef6b9be0dad7c95b2678c55,cubic_spin_glass,test,all_native,all_to_all_reference,5,5,0,0,5,96.0,96.0,0.0,96.0,96.0,77.0,77.0,0.0,77.0,77.0,0.0,0.0,0.0,0.0,0.0012748200038913637,0.0011626000050455332,pass,,9d124ad72c0fe2b841fbfc927ec45c35cb413a6a0e01baada17f1025709d315c,9626c07cf4ccf3251a3585a4b367551c7a78f57218970c0d71f73f221adea5d3,22e05ea2e1684256cfcefc889a4c658b5530de8a
inst_532ca52e0bd47ef393cd0da8c1c69dadce16850b3ef6b9be0dad7c95b2678c55,cubic_spin_glass,test,all_native,device_sparse_v1,5,5,0,0,5,143.4,147.0,6.6558245169174945,137.56591258207422,149.2340874179258,109.8,111.0,7.854934754662192,102.91484611646189,116.6851538835381,24.6,25.0,47.4,51.0,0.007439580000936985,0.006913000019267201,pass,,9d124ad72c0fe2b841fbfc927ec45c35cb413a6a0e01baada17f1025709d315c,9626c07cf4ccf3251a3585a4b367551c7a78f57218970c0d71f73f221adea5d3,22e05ea2e1684256cfcefc889a4c658b5530de8a
inst_532ca52e0bd47ef393cd0da8c1c69dadce16850b3ef6b9be0dad7c95b2678c55,cubic_spin_glass,test,fully_quadratized,all_to_all_reference,5,5,0,0,5,130.0,130.0,0.0,130.0,130.0,44.0,44.0,0.0,44.0,44.0,0.0,0.0,0.0,0.0,0.0017647000087890774,0.0017130000051110983,pass,,9d124ad72c0fe2b841fbfc927ec45c35cb413a6a0e01baada17f1025709d315c,9626c07cf4ccf3251a3585a4b367551c7a78f57218970c0d71f73f221adea5d3,22e05ea2e1684256cfcefc889a4c658b5530de8a
inst_532ca52e0bd47ef393cd0da8c1c69dadce16850b3ef6b9be0dad7c95b2678c55,cubic_spin_glass,test,fully_quadratized,device_sparse_v1,5,0,5,0,5,,,,,,,,,,,,,,,,,expected_infeasible_width,expected_capacity_failure,9d124ad72c0fe2b841fbfc927ec45c35cb413a6a0e01baada17f1025709d315c,9626c07cf4ccf3251a3585a4b367551c7a78f57218970c0d71f73f221adea5d3,22e05ea2e1684256cfcefc889a4c658b5530de8a
inst_532ca52e0bd47ef393cd0da8c1c69dadce16850b3ef6b9be0dad7c95b2678c55,cubic_spin_glass,test,matched_random_selective,all_to_all_reference,25,25,0,5,5,118.4,118.0,2.0,117.616,119.18400000000001,78.0,79.0,4.699290726623895,76.15787803516344,79.84212196483656,0.0,0.0,0.0,0.0,0.0016357239987701178,0.0014875000051688403,pass,,9d124ad72c0fe2b841fbfc927ec45c35cb413a6a0e01baada17f1025709d315c,9626c07cf4ccf3251a3585a4b367551c7a78f57218970c0d71f73f221adea5d3,22e05ea2e1684256cfcefc889a4c658b5530de8a
inst_532ca52e0bd47ef393cd0da8c1c69dadce16850b3ef6b9be0dad7c95b2678c55,cubic_spin_glass,test,matched_random_selective,device_sparse_v1,25,0,25,5,5,,,,,,,,,,,,,,,,,expected_infeasible_width,expected_capacity_failure,9d124ad72c0fe2b841fbfc927ec45c35cb413a6a0e01baada17f1025709d315c,9626c07cf4ccf3251a3585a4b367551c7a78f57218970c0d71f73f221adea5d3,22e05ea2e1684256cfcefc889a4c658b5530de8a
inst_532ca52e0bd47ef393cd0da8c1c69dadce16850b3ef6b9be0dad7c95b2678c55,cubic_spin_glass,test,selective,all_to_all_reference,5,5,0,0,5,108.0,108.0,0.0,108.0,108.0,54.0,54.0,0.0,54.0,54.0,0.0,0.0,0.0,0.0,0.0015612200018949806,0.0015063000028021634,pass,,9d124ad72c0fe2b841fbfc927ec45c35cb413a6a0e01baada17f1025709d315c,9626c07cf4ccf3251a3585a4b367551c7a78f57218970c0d71f73f221adea5d3,22e05ea2e1684256cfcefc889a4c658b5530de8a
inst_532ca52e0bd47ef393cd0da8c1c69dadce16850b3ef6b9be0dad7c95b2678c55,cubic_spin_glass,test,selective,device_sparse_v1,5,0,5,0,5,,,,,,,,,,,,,,,,,expected_infeasible_width,expected_capacity_failure,9d124ad72c0fe2b841fbfc927ec45c35cb413a6a0e01baada17f1025709d315c,9626c07cf4ccf3251a3585a4b367551c7a78f57218970c0d71f73f221adea5d3,22e05ea2e1684256cfcefc889a4c658b5530de8a
inst_53dec71c3e2fae0bd3971cba514a32e1708dd7cd2ca9764224bca5022a248a7e,cubic_spin_glass,train,all_native,all_to_all_reference,5,5,0,0,5,32.0,32.0,0.0,32.0,32.0,29.0,29.0,0.0,29.0,29.0,0.0,0.0,0.0,0.0,0.0008739199955016374,0.0008286999945994467,pass,,9d124ad72c0fe2b841fbfc927ec45c35cb413a6a0e01baada17f1025709d315c,9626c07cf4ccf3251a3585a4b367551c7a78f57218970c0d71f73f221adea5d3,22e05ea2e1684256cfcefc889a4c658b5530de8a
inst_53dec71c3e2fae0bd3971cba514a32e1708dd7cd2ca9764224bca5022a248a7e,cubic_spin_glass,train,all_native,device_sparse_v1,5,5,0,0,5,35.0,35.0,1.4142135623730951,33.760387157214,36.239612842786,31.0,30.0,2.0,29.246922705640166,32.753077294359834,3.0,3.0,3.0,3.0,0.006679579988121987,0.006303999980445951,pass,,9d124ad72c0fe2b841fbfc927ec45c35cb413a6a0e01baada17f1025709d315c,9626c07cf4ccf3251a3585a4b367551c7a78f57218970c0d71f73f221adea5d3,22e05ea2e1684256cfcefc889a4c658b5530de8a
inst_53dec71c3e2fae0bd3971cba514a32e1708dd7cd2ca9764224bca5022a248a7e,cubic_spin_glass,train,fully_quadratized,all_to_all_reference,5,5,0,0,5,56.0,56.0,0.0,56.0,56.0,28.0,28.0,0.0,28.0,28.0,0.0,0.0,0.0,0.0,0.0007058799965307117,0.0006873999955132604,pass,,9d124ad72c0fe2b841fbfc927ec45c35cb413a6a0e01baada17f1025709d315c,9626c07cf4ccf3251a3585a4b367551c7a78f57218970c0d71f73f221adea5d3,22e05ea2e1684256cfcefc889a4c658b5530de8a
inst_53dec71c3e2fae0bd3971cba514a32e1708dd7cd2ca9764224bca5022a248a7e,cubic_spin_glass,train,fully_quadratized,device_sparse_v1,5,5,0,0,5,89.0,91.0,7.968688725254614,82.01513636496746,95.98486363503254,58.6,60.0,7.26636084983398,52.23075389076541,64.96924610923459,12.2,13.0,33.0,35.0,0.006369979999726638,0.0063279000169131905,pass,,9d124ad72c0fe2b841fbfc927ec45c35cb413a6a0e01baada17f1025709d315c,9626c07cf4ccf3251a3585a4b367551c7a78f57218970c0d71f73f221adea5d3,22e05ea2e1684256cfcefc889a4c658b5530de8a
inst_53dec71c3e2fae0bd3971cba514a32e1708dd7cd2ca9764224bca5022a248a7e,cubic_spin_glass,train,matched_random_selective,all_to_all_reference,25,25,0,5,5,32.0,32.0,0.0,32.0,32.0,29.0,29.0,0.0,29.0,29.0,0.0,0.0,0.0,0.0,0.0007506280019879342,0.0006807000027038157,pass,,9d124ad72c0fe2b841fbfc927ec45c35cb413a6a0e01baada17f1025709d315c,9626c07cf4ccf3251a3585a4b367551c7a78f57218970c0d71f73f221adea5d3,22e05ea2e1684256cfcefc889a4c658b5530de8a
inst_53dec71c3e2fae0bd3971cba514a32e1708dd7cd2ca9764224bca5022a248a7e,cubic_spin_glass,train,matched_random_selective,device_sparse_v1,25,25,0,5,5,35.0,35.0,1.2909944487358056,34.49393017609557,35.50606982390443,31.0,30.0,1.8257418583505538,30.28430919152658,31.71569080847342,3.0,3.0,3.0,3.0,0.006116392003605142,0.005860700010089204,pass,,9d124ad72c0fe2b841fbfc927ec45c35cb413a6a0e01baada17f1025709d315c,9626c07cf4ccf3251a3585a4b367551c7a78f57218970c0d71f73f221adea5d3,22e05ea2e1684256cfcefc889a4c658b5530de8a
inst_53dec71c3e2fae0bd3971cba514a32e1708dd7cd2ca9764224bca5022a248a7e,cubic_spin_glass,train,selective,all_to_all_reference,5,5,0,0,5,32.0,32.0,0.0,32.0,32.0,29.0,29.0,0.0,29.0,29.0,0.0,0.0,0.0,0.0,0.000687340006697923,0.0006361000123433769,pass,,9d124ad72c0fe2b841fbfc927ec45c35cb413a6a0e01baada17f1025709d315c,9626c07cf4ccf3251a3585a4b367551c7a78f57218970c0d71f73f221adea5d3,22e05ea2e1684256cfcefc889a4c658b5530de8a
inst_53dec71c3e2fae0bd3971cba514a32e1708dd7cd2ca9764224bca5022a248a7e,cubic_spin_glass,train,selective,device_sparse_v1,5,5,0,0,5,35.0,35.0,1.4142135623730951,33.760387157214,36.239612842786,31.0,30.0,2.0,29.246922705640166,32.753077294359834,3.0,3.0,3.0,3.0,0.0062910400098189715,0.0061076000274624676,pass,,9d124ad72c0fe2b841fbfc927ec45c35cb413a6a0e01baada17f1025709d315c,9626c07cf4ccf3251a3585a4b367551c7a78f57218970c0d71f73f221adea5d3,22e05ea2e1684256cfcefc889a4c658b5530de8a
inst_55970a6e9882c541702aea4a808a177a8682c2746c2513cea2cf4365dad37c3c,cubic_spin_glass,validation,all_native,all_to_all_reference,5,5,0,0,5,64.0,64.0,0.0,64.0,64.0,56.0,56.0,0.0,56.0,56.0,0.0,0.0,0.0,0.0,0.0012714600015897304,0.0013308999768923968,pass,,9d124ad72c0fe2b841fbfc927ec45c35cb413a6a0e01baada17f1025709d315c,9626c07cf4ccf3251a3585a4b367551c7a78f57218970c0d71f73f221adea5d3,22e05ea2e1684256cfcefc889a4c658b5530de8a
inst_55970a6e9882c541702aea4a808a177a8682c2746c2513cea2cf4365dad37c3c,cubic_spin_glass,validation,all_native,device_sparse_v1,5,5,0,0,5,109.8,110.0,4.024922359499621,106.27199999999999,113.328,85.0,84.0,2.6457513110645907,82.68089672502495,87.31910327497505,17.8,18.0,45.8,46.0,0.008510259998729452,0.008500500000081956,pass,,9d124ad72c0fe2b841fbfc927ec45c35cb413a6a0e01baada17f1025709d315c,9626c07cf4ccf3251a3585a4b367551c7a78f57218970c0d71f73f221adea5d3,22e05ea2e1684256cfcefc889a4c658b5530de8a
inst_55970a6e9882c541702aea4a808a177a8682c2746c2513cea2cf4365dad37c3c,cubic_spin_glass,validation,fully_quadratized,all_to_all_reference,5,5,0,0,5,114.0,114.0,0.0,114.0,114.0,38.0,38.0,0.0,38.0,38.0,0.0,0.0,0.0,0.0,0.001571260008495301,0.0016061999776866287,pass,,9d124ad72c0fe2b841fbfc927ec45c35cb413a6a0e01baada17f1025709d315c,9626c07cf4ccf3251a3585a4b367551c7a78f57218970c0d71f73f221adea5d3,22e05ea2e1684256cfcefc889a4c658b5530de8a
inst_55970a6e9882c541702aea4a808a177a8682c2746c2513cea2cf4365dad37c3c,cubic_spin_glass,validation,fully_quadratized,device_sparse_v1,5,0,5,0,5,,,,,,,,,,,,,,,,,expected_infeasible_width,expected_capacity_failure,9d124ad72c0fe2b841fbfc927ec45c35cb413a6a0e01baada17f1025709d315c,9626c07cf4ccf3251a3585a4b367551c7a78f57218970c0d71f73f221adea5d3,22e05ea2e1684256cfcefc889a4c658b5530de8a
inst_55970a6e9882c541702aea4a808a177a8682c2746c2513cea2cf4365dad37c3c,cubic_spin_glass,validation,matched_random_selective,all_to_all_reference,25,25,0,5,5,64.0,64.0,0.0,64.0,64.0,56.0,56.0,0.0,56.0,56.0,0.0,0.0,0.0,0.0,0.0011793040006887168,0.0011642000172287226,pass,,9d124ad72c0fe2b841fbfc927ec45c35cb413a6a0e01baada17f1025709d315c,9626c07cf4ccf3251a3585a4b367551c7a78f57218970c0d71f73f221adea5d3,22e05ea2e1684256cfcefc889a4c658b5530de8a
inst_55970a6e9882c541702aea4a808a177a8682c2746c2513cea2cf4365dad37c3c,cubic_spin_glass,validation,matched_random_selective,device_sparse_v1,25,25,0,5,5,109.8,110.0,3.6742346141747673,108.35970003124349,111.2402999687565,85.0,84.0,2.41522945769824,84.0532300525823,85.9467699474177,17.8,18.0,45.8,46.0,0.007265364001505077,0.007279999990714714,pass,,9d124ad72c0fe2b841fbfc927ec45c35cb413a6a0e01baada17f1025709d315c,9626c07cf4ccf3251a3585a4b367551c7a78f57218970c0d71f73f221adea5d3,22e05ea2e1684256cfcefc889a4c658b5530de8a
inst_55970a6e9882c541702aea4a808a177a8682c2746c2513cea2cf4365dad37c3c,cubic_spin_glass,validation,selective,all_to_all_reference,5,5,0,0,5,64.0,64.0,0.0,64.0,64.0,56.0,56.0,0.0,56.0,56.0,0.0,0.0,0.0,0.0,0.0013389399973675609,0.0012684999965131283,pass,,9d124ad72c0fe2b841fbfc927ec45c35cb413a6a0e01baada17f1025709d315c,9626c07cf4ccf3251a3585a4b367551c7a78f57218970c0d71f73f221adea5d3,22e05ea2e1684256cfcefc889a4c658b5530de8a
inst_55970a6e9882c541702aea4a808a177a8682c2746c2513cea2cf4365dad37c3c,cubic_spin_glass,validation,selective,device_sparse_v1,5,5,0,0,5,109.8,110.0,4.024922359499621,106.27199999999999,113.328,85.0,84.0,2.6457513110645907,82.68089672502495,87.31910327497505,17.8,18.0,45.8,46.0,0.008677300001727417,0.008661200001370162,pass,,9d124ad72c0fe2b841fbfc927ec45c35cb413a6a0e01baada17f1025709d315c,9626c07cf4ccf3251a3585a4b367551c7a78f57218970c0d71f73f221adea5d3,22e05ea2e1684256cfcefc889a4c658b5530de8a
inst_5671b7942728848d4cb1ba3ce249889b0b8e15bc2c97a8f008abb86493c57490,max3sat,train,all_native,all_to_all_reference,5,5,0,0,5,116.0,116.0,0.0,116.0,116.0,100.0,100.0,0.0,100.0,100.0,0.0,0.0,0.0,0.0,0.00134800000814721,0.0014136000245343894,pass,,9d124ad72c0fe2b841fbfc927ec45c35cb413a6a0e01baada17f1025709d315c,9626c07cf4ccf3251a3585a4b367551c7a78f57218970c0d71f73f221adea5d3,22e05ea2e1684256cfcefc889a4c658b5530de8a
inst_5671b7942728848d4cb1ba3ce249889b0b8e15bc2c97a8f008abb86493c57490,max3sat,train,all_native,device_sparse_v1,5,5,0,0,5,179.6,183.0,6.542170893518451,173.8655343753755,185.3344656246245,129.8,133.0,7.395944834840238,123.31716851985185,136.28283148014816,29.2,31.0,63.6,67.0,0.00903409999446012,0.009279099991545081,pass,,9d124ad72c0fe2b841fbfc927ec45c35cb413a6a0e01baada17f1025709d315c,9626c07cf4ccf3251a3585a4b367551c7a78f57218970c0d71f73f221adea5d3,22e05ea2e1684256cfcefc889a4c658b5530de8a
inst_5671b7942728848d4cb1ba3ce249889b0b8e15bc2c97a8f008abb86493c57490,max3sat,train,fully_quadratized,all_to_all_reference,5,5,0,0,5,92.0,92.0,0.0,92.0,92.0,46.0,46.0,0.0,46.0,46.0,0.0,0.0,0.0,0.0,0.0010397000063676388,0.0010194999922532588,pass,,9d124ad72c0fe2b841fbfc927ec45c35cb413a6a0e01baada17f1025709d315c,9626c07cf4ccf3251a3585a4b367551c7a78f57218970c0d71f73f221adea5d3,22e05ea2e1684256cfcefc889a4c658b5530de8a
inst_5671b7942728848d4cb1ba3ce249889b0b8e15bc2c97a8f008abb86493c57490,max3sat,train,fully_quadratized,device_sparse_v1,5,0,5,0,5,,,,,,,,,,,,,,,,,expected_infeasible_width,expected_capacity_failure,9d124ad72c0fe2b841fbfc927ec45c35cb413a6a0e01baada17f1025709d315c,9626c07cf4ccf3251a3585a4b367551c7a78f57218970c0d71f73f221adea5d3,22e05ea2e1684256cfcefc889a4c658b5530de8a
inst_5671b7942728848d4cb1ba3ce249889b0b8e15bc2c97a8f008abb86493c57490,max3sat,train,matched_random_selective,all_to_all_reference,25,25,0,5,5,119.2,120.0,2.7688746209726918,118.11460114857871,120.28539885142129,94.0,94.0,2.23606797749979,93.12346135282009,94.87653864717991,0.0,0.0,0.0,0.0,0.0012952319998294115,0.0011835000186692923,pass,,9d124ad72c0fe2b841fbfc927ec45c35cb413a6a0e01baada17f1025709d315c,9626c07cf4ccf3251a3585a4b367551c7a78f57218970c0d71f73f221adea5d3,22e05ea2e1684256cfcefc889a4c658b5530de8a
inst_5671b7942728848d4cb1ba3ce249889b0b8e15bc2c97a8f008abb86493c57490,max3sat,train,matched_random_selective,device_sparse_v1,25,0,25,5,5,,,,,,,,,,,,,,,,,expected_infeasible_width,expected_capacity_failure,9d124ad72c0fe2b841fbfc927ec45c35cb413a6a0e01baada17f1025709d315c,9626c07cf4ccf3251a3585a4b367551c7a78f57218970c0d71f73f221adea5d3,22e05ea2e1684256cfcefc889a4c658b5530de8a
inst_5671b7942728848d4cb1ba3ce249889b0b8e15bc2c97a8f008abb86493c57490,max3sat,train,selective,all_to_all_reference,5,5,0,0,5,92.0,92.0,0.0,92.0,92.0,50.0,50.0,0.0,50.0,50.0,0.0,0.0,0.0,0.0,0.001448559993878007,0.0013246999878901988,pass,,9d124ad72c0fe2b841fbfc927ec45c35cb413a6a0e01baada17f1025709d315c,9626c07cf4ccf3251a3585a4b367551c7a78f57218970c0d71f73f221adea5d3,22e05ea2e1684256cfcefc889a4c658b5530de8a
inst_5671b7942728848d4cb1ba3ce249889b0b8e15bc2c97a8f008abb86493c57490,max3sat,train,selective,device_sparse_v1,5,0,5,0,5,,,,,,,,,,,,,,,,,expected_infeasible_width,expected_capacity_failure,9d124ad72c0fe2b841fbfc927ec45c35cb413a6a0e01baada17f1025709d315c,9626c07cf4ccf3251a3585a4b367551c7a78f57218970c0d71f73f221adea5d3,22e05ea2e1684256cfcefc889a4c658b5530de8a
inst_5683a8170815775476c0c3080ab79c1cfd47561fea54e8872321c0e570d236f8,max3sat,train,all_native,all_to_all_reference,5,5,0,0,5,58.0,58.0,0.0,58.0,58.0,50.0,50.0,0.0,50.0,50.0,0.0,0.0,0.0,0.0,0.0007392200001049787,0.0007363999902736396,pass,,9d124ad72c0fe2b841fbfc927ec45c35cb413a6a0e01baada17f1025709d315c,9626c07cf4ccf3251a3585a4b367551c7a78f57218970c0d71f73f221adea5d3,22e05ea2e1684256cfcefc889a4c658b5530de8a
inst_5683a8170815775476c0c3080ab79c1cfd47561fea54e8872321c0e570d236f8,max3sat,train,all_native,device_sparse_v1,5,5,0,0,5,73.6,74.0,1.51657508881031,72.27066332330745,74.92933667669254,63.6,64.0,2.8809720581775866,61.07471664956188,66.12528335043812,8.4,8.0,15.6,16.0,0.007241619995329529,0.007663099997444078,pass,,9d124ad72c0fe2b841fbfc927ec45c35cb413a6a0e01baada17f1025709d315c,9626c07cf4ccf3251a3585a4b367551c7a78f57218970c0d71f73f221adea5d3,22e05ea2e1684256cfcefc889a4c658b5530de8a
inst_5683a8170815775476c0c3080ab79c1cfd47561fea54e8872321c0e570d236f8,max3sat,train,fully_quadratized,all_to_all_reference,5,5,0,0,5,48.0,48.0,0.0,48.0,48.0,22.0,22.0,0.0,22.0,22.0,0.0,0.0,0.0,0.0,0.0008510800020303577,0.0008145000028889626,pass,,9d124ad72c0fe2b841fbfc927ec45c35cb413a6a0e01baada17f1025709d315c,9626c07cf4ccf3251a3585a4b367551c7a78f57218970c0d71f73f221adea5d3,22e05ea2e1684256cfcefc889a4c658b5530de8a
inst_5683a8170815775476c0c3080ab79c1cfd47561fea54e8872321c0e570d236f8,max3sat,train,fully_quadratized,device_sparse_v1,5,5,0,0,5,72.4,72.0,1.6733200530681511,70.93327030438462,73.86672969561539,47.6,49.0,4.560701700396552,43.60236870134326,51.597631298656744,9.2,9.0,24.4,24.0,0.006641580007271841,0.0066648999927565455,pass,,9d124ad72c0fe2b841fbfc927ec45c35cb413a6a0e01baada17f1025709d315c,9626c07cf4ccf3251a3585a4b367551c7a78f57218970c0d71f73f221adea5d3,22e05ea2e1684256cfcefc889a4c658b5530de8a
inst_5683a8170815775476c0c3080ab79c1cfd47561fea54e8872321c0e570d236f8,max3sat,train,matched_random_selective,all_to_all_reference,25,25,0,5,5,58.4,58.0,0.816496580927726,58.07993334027633,58.72006665972367,47.6,48.0,2.3804761428476167,46.666853352003734,48.53314664799627,0.0,0.0,0.0,0.0,0.0007070880010724067,0.0006488999933935702,pass,,9d124ad72c0fe2b841fbfc927ec45c35cb413a6a0e01baada17f1025709d315c,9626c07cf4ccf3251a3585a4b367551c7a78f57218970c0d71f73f221adea5d3,22e05ea2e1684256cfcefc889a4c658b5530de8a
inst_5683a8170815775476c0c3080ab79c1cfd47561fea54e8872321c0e570d236f8,max3sat,train,matched_random_selective,device_sparse_v1,25,25,0,5,5,81.88,82.0,4.275121830622686,80.2041522423959,83.55584775760408,63.2,63.0,5.744562646538029,60.9481314425571,65.4518685574429,10.44,10.0,23.48,24.0,0.006612544001545757,0.006282599992118776,pass,,9d124ad72c0fe2b841fbfc927ec45c35cb413a6a0e01baada17f1025709d315c,9626c07cf4ccf3251a3585a4b367551c7a78f57218970c0d71f73f221adea5d3,22e05ea2e1684256cfcefc889a4c658b5530de8a
inst_5683a8170815775476c0c3080ab79c1cfd47561fea54e8872321c0e570d236f8,max3sat,train,selective,all_to_all_reference,5,5,0,0,5,50.0,50.0,0.0,50.0,50.0,36.0,36.0,0.0,36.0,36.0,0.0,0.0,0.0,0.0,0.0007596400042530149,0.0007986999989952892,pass,,9d124ad72c0fe2b841fbfc927ec45c35cb413a6a0e01baada17f1025709d315c,9626c07cf4ccf3251a3585a4b367551c7a78f57218970c0d71f73f221adea5d3,22e05ea2e1684256cfcefc889a4c658b5530de8a
inst_5683a8170815775476c0c3080ab79c1cfd47561fea54e8872321c0e570d236f8,max3sat,train,selective,device_sparse_v1,5,5,0,0,5,76.2,76.0,3.1144823004794873,73.47003589767192,78.92996410232809,60.6,62.0,3.4351128074635335,57.58899086683551,63.611009133164494,9.4,9.0,26.2,26.0,0.007249419996514917,0.007004499988397583,pass,,9d124ad72c0fe2b841fbfc927ec45c35cb413a6a0e01baada17f1025709d315c,9626c07cf4ccf3251a3585a4b367551c7a78f57218970c0d71f73f221adea5d3,22e05ea2e1684256cfcefc889a4c658b5530de8a
inst_571f081da361f3f25f937f197426b28f55d2c0673008ff8a95108c7a2d7f493b,max3sat,validation,all_native,all_to_all_reference,5,5,0,0,5,176.0,176.0,0.0,176.0,176.0,139.0,139.0,0.0,139.0,139.0,0.0,0.0,0.0,0.0,0.0015602400060743093,0.001560000004246831,pass,,9d124ad72c0fe2b841fbfc927ec45c35cb413a6a0e01baada17f1025709d315c,9626c07cf4ccf3251a3585a4b367551c7a78f57218970c0d71f73f221adea5d3,22e05ea2e1684256cfcefc889a4c658b5530de8a
inst_571f081da361f3f25f937f197426b28f55d2c0673008ff8a95108c7a2d7f493b,max3sat,validation,all_native,device_sparse_v1,5,0,5,0,5,,,,,,,,,,,,,,,,,expected_infeasible_width,expected_capacity_failure,9d124ad72c0fe2b841fbfc927ec45c35cb413a6a0e01baada17f1025709d315c,9626c07cf4ccf3251a3585a4b367551c7a78f57218970c0d71f73f221adea5d3,22e05ea2e1684256cfcefc889a4c658b5530de8a
inst_571f081da361f3f25f937f197426b28f55d2c0673008ff8a95108c7a2d7f493b,max3sat,validation,fully_quadratized,all_to_all_reference,5,5,0,0,5,136.0,136.0,0.0,136.0,136.0,58.0,58.0,0.0,58.0,58.0,0.0,0.0,0.0,0.0,0.0014008599915541708,0.0013901999918743968,pass,,9d124ad72c0fe2b841fbfc927ec45c35cb413a6a0e01baada17f1025709d315c,9626c07cf4ccf3251a3585a4b367551c7a78f57218970c0d71f73f221adea5d3,22e05ea2e1684256cfcefc889a4c658b5530de8a
inst_571f081da361f3f25f937f197426b28f55d2c0673008ff8a95108c7a2d7f493b,max3sat,validation,fully_quadratized,device_sparse_v1,5,0,5,0,5,,,,,,,,,,,,,,,,,expected_infeasible_width,expected_capacity_failure,9d124ad72c0fe2b841fbfc927ec45c35cb413a6a0e01baada17f1025709d315c,9626c07cf4ccf3251a3585a4b367551c7a78f57218970c0d71f73f221adea5d3,22e05ea2e1684256cfcefc889a4c658b5530de8a
inst_571f081da361f3f25f937f197426b28f55d2c0673008ff8a95108c7a2d7f493b,max3sat,validation,matched_random_selective,all_to_all_reference,25,25,0,5,5,178.0,180.0,4.08248290463863,176.39966670138165,179.60033329861835,130.2,133.0,6.782329983125268,127.54132664661488,132.8586733533851,0.0,0.0,0.0,0.0,0.0017570920009166002,0.0016351000231225044,pass,,9d124ad72c0fe2b841fbfc927ec45c35cb413a6a0e01baada17f1025709d315c,9626c07cf4ccf3251a3585a4b367551c7a78f57218970c0d71f73f221adea5d3,22e05ea2e1684256cfcefc889a4c658b5530de8a
inst_571f081da361f3f25f937f197426b28f55d2c0673008ff8a95108c7a2d7f493b,max3sat,validation,matched_random_selective,device_sparse_v1,25,0,25,5,5,,,,,,,,,,,,,,,,,expected_infeasible_width,expected_capacity_failure,9d124ad72c0fe2b841fbfc927ec45c35cb413a6a0e01baada17f1025709d315c,9626c07cf4ccf3251a3585a4b367551c7a78f57218970c0d71f73f221adea5d3,22e05ea2e1684256cfcefc889a4c658b5530de8a
inst_571f081da361f3f25f937f197426b28f55d2c0673008ff8a95108c7a2d7f493b,max3sat,validation,selective,all_to_all_reference,5,5,0,0,5,146.0,146.0,0.0,146.0,146.0,68.0,68.0,0.0,68.0,68.0,0.0,0.0,0.0,0.0,0.0022328199993353337,0.0020290999964345247,pass,,9d124ad72c0fe2b841fbfc927ec45c35cb413a6a0e01baada17f1025709d315c,9626c07cf4ccf3251a3585a4b367551c7a78f57218970c0d71f73f221adea5d3,22e05ea2e1684256cfcefc889a4c658b5530de8a
inst_571f081da361f3f25f937f197426b28f55d2c0673008ff8a95108c7a2d7f493b,max3sat,validation,selective,device_sparse_v1,5,0,5,0,5,,,,,,,,,,,,,,,,,expected_infeasible_width,expected_capacity_failure,9d124ad72c0fe2b841fbfc927ec45c35cb413a6a0e01baada17f1025709d315c,9626c07cf4ccf3251a3585a4b367551c7a78f57218970c0d71f73f221adea5d3,22e05ea2e1684256cfcefc889a4c658b5530de8a
inst_58ad673a89921951e0c8e74f76be469f6804253269d061917d2f9cddbfde19f0,cubic_spin_glass,train,all_native,all_to_all_reference,5,5,0,0,5,128.0,128.0,0.0,128.0,128.0,109.0,109.0,0.0,109.0,109.0,0.0,0.0,0.0,0.0,0.0016195999982301147,0.0015100999735295773,pass,,9d124ad72c0fe2b841fbfc927ec45c35cb413a6a0e01baada17f1025709d315c,9626c07cf4ccf3251a3585a4b367551c7a78f57218970c0d71f73f221adea5d3,22e05ea2e1684256cfcefc889a4c658b5530de8a
inst_58ad673a89921951e0c8e74f76be469f6804253269d061917d2f9cddbfde19f0,cubic_spin_glass,train,all_native,device_sparse_v1,5,5,0,0,5,221.8,222.0,2.7748873851023217,219.3677039653858,224.23229603461422,175.4,173.0,5.770615218501403,170.34183274297894,180.45816725702107,37.4,38.0,93.8,94.0,0.008619540004292502,0.008775800000876188,pass,,9d124ad72c0fe2b841fbfc927ec45c35cb413a6a0e01baada17f1025709d315c,9626c07cf4ccf3251a3585a4b367551c7a78f57218970c0d71f73f221adea5d3,22e05ea2e1684256cfcefc889a4c658b5530de8a
inst_58ad673a89921951e0c8e74f76be469f6804253269d061917d2f9cddbfde19f0,cubic_spin_glass,train,fully_quadratized,all_to_all_reference,5,5,0,0,5,156.0,156.0,0.0,156.0,156.0,48.0,48.0,0.0,48.0,48.0,0.0,0.0,0.0,0.0,0.0017770600039511918,0.001634400017792359,pass,,9d124ad72c0fe2b841fbfc927ec45c35cb413a6a0e01baada17f1025709d315c,9626c07cf4ccf3251a3585a4b367551c7a78f57218970c0d71f73f221adea5d3,22e05ea2e1684256cfcefc889a4c658b5530de8a
inst_58ad673a89921951e0c8e74f76be469f6804253269d061917d2f9cddbfde19f0,cubic_spin_glass,train,fully_quadratized,device_sparse_v1,5,0,5,0,5,,,,,,,,,,,,,,,,,expected_infeasible_width,expected_capacity_failure,9d124ad72c0fe2b841fbfc927ec45c35cb413a6a0e01baada17f1025709d315c,9626c07cf4ccf3251a3585a4b367551c7a78f57218970c0d71f73f221adea5d3,22e05ea2e1684256cfcefc889a4c658b5530de8a
inst_58ad673a89921951e0c8e74f76be469f6804253269d061917d2f9cddbfde19f0,cubic_spin_glass,train,matched_random_selective,all_to_all_reference,25,25,0,5,5,161.2,160.0,3.3166247903554,159.89988308218068,162.5001169178193,99.6,98.0,4.856267428111155,97.69634316818042,101.50365683181957,0.0,0.0,0.0,0.0,0.0017751960002351551,0.0015983000048436224,pass,,9d124ad72c0fe2b841fbfc927ec45c35cb413a6a0e01baada17f1025709d315c,9626c07cf4ccf3251a3585a4b367551c7a78f57218970c0d71f73f221adea5d3,22e05ea2e1684256cfcefc889a4c658b5530de8a
inst_58ad673a89921951e0c8e74f76be469f6804253269d061917d2f9cddbfde19f0,cubic_spin_glass,train,matched_random_selective,device_sparse_v1,25,0,25,5,5,,,,,,,,,,,,,,,,,expected_infeasible_width,expected_capacity_failure,9d124ad72c0fe2b841fbfc927ec45c35cb413a6a0e01baada17f1025709d315c,9626c07cf4ccf3251a3585a4b367551c7a78f57218970c0d71f73f221adea5d3,22e05ea2e1684256cfcefc889a4c658b5530de8a
inst_58ad673a89921951e0c8e74f76be469f6804253269d061917d2f9cddbfde19f0,cubic_spin_glass,train,selective,all_to_all_reference,5,5,0,0,5,146.0,146.0,0.0,146.0,146.0,68.0,68.0,0.0,68.0,68.0,0.0,0.0,0.0,0.0,0.0017997400078456848,0.0018326000135857612,pass,,9d124ad72c0fe2b841fbfc927ec45c35cb413a6a0e01baada17f1025709d315c,9626c07cf4ccf3251a3585a4b367551c7a78f57218970c0d71f73f221adea5d3,22e05ea2e1684256cfcefc889a4c658b5530de8a
inst_58ad673a89921951e0c8e74f76be469f6804253269d061917d2f9cddbfde19f0,cubic_spin_glass,train,selective,device_sparse_v1,5,0,5,0,5,,,,,,,,,,,,,,,,,expected_infeasible_width,expected_capacity_failure,9d124ad72c0fe2b841fbfc927ec45c35cb413a6a0e01baada17f1025709d315c,9626c07cf4ccf3251a3585a4b367551c7a78f57218970c0d71f73f221adea5d3,22e05ea2e1684256cfcefc889a4c658b5530de8a
inst_59d47f0711e495d090f7fe436c47b3444643657d19e1e4fc567b971685dcb3e2,cubic_spin_glass,train,all_native,all_to_all_reference,5,5,0,0,5,32.0,32.0,0.0,32.0,32.0,23.0,23.0,0.0,23.0,23.0,0.0,0.0,0.0,0.0,0.000762879999820143,0.000811500009149313,pass,,9d124ad72c0fe2b841fbfc927ec45c35cb413a6a0e01baada17f1025709d315c,9626c07cf4ccf3251a3585a4b367551c7a78f57218970c0d71f73f221adea5d3,22e05ea2e1684256cfcefc889a4c658b5530de8a
inst_59d47f0711e495d090f7fe436c47b3444643657d19e1e4fc567b971685dcb3e2,cubic_spin_glass,train,all_native,device_sparse_v1,5,5,0,0,5,38.8,38.0,1.0954451150103321,37.83980002082899,39.760199979171006,30.6,30.0,0.8944271909999159,29.816000000000003,31.384,4.0,4.0,6.8,6.0,0.0069343999959528444,0.0068627999862656,pass,,9d124ad72c0fe2b841fbfc927ec45c35cb413a6a0e01baada17f1025709d315c,9626c07cf4ccf3251a3585a4b367551c7a78f57218970c0d71f73f221adea5d3,22e05ea2e1684256cfcefc889a4c658b5530de8a
inst_59d47f0711e495d090f7fe436c47b3444643657d19e1e4fc567b971685dcb3e2,cubic_spin_glass,train,fully_quadratized,all_to_all_reference,5,5,0,0,5,52.0,52.0,0.0,52.0,52.0,24.0,24.0,0.0,24.0,24.0,0.0,0.0,0.0,0.0,0.000785679992986843,0.0007505999819841236,pass,,9d124ad72c0fe2b841fbfc927ec45c35cb413a6a0e01baada17f1025709d315c,9626c07cf4ccf3251a3585a4b367551c7a78f57218970c0d71f73f221adea5d3,22e05ea2e1684256cfcefc889a4c658b5530de8a
inst_59d47f0711e495d090f7fe436c47b3444643657d19e1e4fc567b971685dcb3e2,cubic_spin_glass,train,fully_quadratized,device_sparse_v1,5,5,0,0,5,79.8,80.0,2.280350850198276,77.80118435067162,81.79881564932838,50.8,50.0,5.263078946776307,46.18670789999159,55.413292100008405,9.8,10.0,27.8,28.0,0.006894020002800971,0.007287000014912337,pass,,9d124ad72c0fe2b841fbfc927ec45c35cb413a6a0e01baada17f1025709d315c,9626c07cf4ccf3251a3585a4b367551c7a78f57218970c0d71f73f221adea5d3,22e05ea2e1684256cfcefc889a4c658b5530de8a
inst_59d47f0711e495d090f7fe436c47b3444643657d19e1e4fc567b971685dcb3e2,cubic_spin_glass,train,matched_random_selective,all_to_all_reference,25,25,0,5,5,32.0,32.0,0.0,32.0,32.0,23.0,23.0,0.0,23.0,23.0,0.0,0.0,0.0,0.0,0.000749156002420932,0.0007878000033088028,pass,,9d124ad72c0fe2b841fbfc927ec45c35cb413a6a0e01baada17f1025709d315c,9626c07cf4ccf3251a3585a4b367551c7a78f57218970c0d71f73f221adea5d3,22e05ea2e1684256cfcefc889a4c658b5530de8a
inst_59d47f0711e495d090f7fe436c47b3444643657d19e1e4fc567b971685dcb3e2,cubic_spin_glass,train,matched_random_selective,device_sparse_v1,25,25,0,5,5,38.8,38.0,1.0,38.407999999999994,39.192,30.6,30.0,0.816496580927726,30.279933340276333,30.92006665972367,4.0,4.0,6.8,6.0,0.006314559997990727,0.0062679999973624945,pass,,9d124ad72c0fe2b841fbfc927ec45c35cb413a6a0e01baada17f1025709d315c,9626c07cf4ccf3251a3585a4b367551c7a78f57218970c0d71f73f221adea5d3,22e05ea2e1684256cfcefc889a4c658b5530de8a
inst_59d47f0711e495d090f7fe436c47b3444643657d19e1e4fc567b971685dcb3e2,cubic_spin_glass,train,selective,all_to_all_reference,5,5,0,0,5,32.0,32.0,0.0,32.0,32.0,23.0,23.0,0.0,23.0,23.0,0.0,0.0,0.0,0.0,0.0006655599980149418,0.0006345000001601875,pass,,9d124ad72c0fe2b841fbfc927ec45c35cb413a6a0e01baada17f1025709d315c,9626c07cf4ccf3251a3585a4b367551c7a78f57218970c0d71f73f221adea5d3,22e05ea2e1684256cfcefc889a4c658b5530de8a
inst_59d47f0711e495d090f7fe436c47b3444643657d19e1e4fc567b971685dcb3e2,cubic_spin_glass,train,selective,device_sparse_v1,5,5,0,0,5,38.8,38.0,1.0954451150103321,37.83980002082899,39.760199979171006,30.6,30.0,0.8944271909999159,29.816000000000003,31.384,4.0,4.0,6.8,6.0,0.005702740006381646,0.005393300001742318,pass,,9d124ad72c0fe2b841fbfc927ec45c35cb413a6a0e01baada17f1025709d315c,9626c07cf4ccf3251a3585a4b367551c7a78f57218970c0d71f73f221adea5d3,22e05ea2e1684256cfcefc889a4c658b5530de8a
inst_5c8c712e1fd5638aad21aef795e3bed14481f8229fbaa95833e0226595749b66,max3sat,train,all_native,all_to_all_reference,5,5,0,0,5,554.0,554.0,0.0,554.0,554.0,329.0,329.0,0.0,329.0,329.0,0.0,0.0,0.0,0.0,0.004834740003570914,0.004088499990757555,pass,,9d124ad72c0fe2b841fbfc927ec45c35cb413a6a0e01baada17f1025709d315c,9626c07cf4ccf3251a3585a4b367551c7a78f57218970c0d71f73f221adea5d3,22e05ea2e1684256cfcefc889a4c658b5530de8a
inst_5c8c712e1fd5638aad21aef795e3bed14481f8229fbaa95833e0226595749b66,max3sat,train,all_native,device_sparse_v1,5,0,5,0,5,,,,,,,,,,,,,,,,,expected_infeasible_width,expected_capacity_failure,9d124ad72c0fe2b841fbfc927ec45c35cb413a6a0e01baada17f1025709d315c,9626c07cf4ccf3251a3585a4b367551c7a78f57218970c0d71f73f221adea5d3,22e05ea2e1684256cfcefc889a4c658b5530de8a
inst_5c8c712e1fd5638aad21aef795e3bed14481f8229fbaa95833e0226595749b66,max3sat,train,fully_quadratized,all_to_all_reference,5,5,0,0,5,450.0,450.0,0.0,450.0,450.0,88.0,88.0,0.0,88.0,88.0,0.0,0.0,0.0,0.0,0.0053812999918591235,0.004955099982907996,pass,,9d124ad72c0fe2b841fbfc927ec45c35cb413a6a0e01baada17f1025709d315c,9626c07cf4ccf3251a3585a4b367551c7a78f57218970c0d71f73f221adea5d3,22e05ea2e1684256cfcefc889a4c658b5530de8a
inst_5c8c712e1fd5638aad21aef795e3bed14481f8229fbaa95833e0226595749b66,max3sat,train,fully_quadratized,device_sparse_v1,5,0,5,0,5,,,,,,,,,,,,,,,,,expected_infeasible_width,expected_capacity_failure,9d124ad72c0fe2b841fbfc927ec45c35cb413a6a0e01baada17f1025709d315c,9626c07cf4ccf3251a3585a4b367551c7a78f57218970c0d71f73f221adea5d3,22e05ea2e1684256cfcefc889a4c658b5530de8a
inst_5c8c712e1fd5638aad21aef795e3bed14481f8229fbaa95833e0226595749b66,max3sat,train,matched_random_selective,all_to_all_reference,25,25,0,5,5,571.6,574.0,10.83205120618128,567.353835927177,575.8461640728231,233.2,229.0,12.151817422372122,228.43648757043013,237.96351242956985,0.0,0.0,0.0,0.0,0.004435036005452276,0.00438560001202859,pass,,9d124ad72c0fe2b841fbfc927ec45c35cb413a6a0e01baada17f1025709d315c,9626c07cf4ccf3251a3585a4b367551c7a78f57218970c0d71f73f221adea5d3,22e05ea2e1684256cfcefc889a4c658b5530de8a
inst_5c8c712e1fd5638aad21aef795e3bed14481f8229fbaa95833e0226595749b66,max3sat,train,matched_random_selective,device_sparse_v1,25,0,25,5,5,,,,,,,,,,,,,,,,,expected_infeasible_width,expected_capacity_failure,9d124ad72c0fe2b841fbfc927ec45c35cb413a6a0e01baada17f1025709d315c,9626c07cf4ccf3251a3585a4b367551c7a78f57218970c0d71f73f221adea5d3,22e05ea2e1684256cfcefc889a4c658b5530de8a
inst_5c8c712e1fd5638aad21aef795e3bed14481f8229fbaa95833e0226595749b66,max3sat,train,selective,all_to_all_reference,5,5,0,0,5,490.0,490.0,0.0,490.0,490.0,112.0,112.0,0.0,112.0,112.0,0.0,0.0,0.0,0.0,0.012553139997180551,0.00451739999698475,pass,,9d124ad72c0fe2b841fbfc927ec45c35cb413a6a0e01baada17f1025709d315c,9626c07cf4ccf3251a3585a4b367551c7a78f57218970c0d71f73f221adea5d3,22e05ea2e1684256cfcefc889a4c658b5530de8a
inst_5c8c712e1fd5638aad21aef795e3bed14481f8229fbaa95833e0226595749b66,max3sat,train,selective,device_sparse_v1,5,0,5,0,5,,,,,,,,,,,,,,,,,expected_infeasible_width,expected_capacity_failure,9d124ad72c0fe2b841fbfc927ec45c35cb413a6a0e01baada17f1025709d315c,9626c07cf4ccf3251a3585a4b367551c7a78f57218970c0d71f73f221adea5d3,22e05ea2e1684256cfcefc889a4c658b5530de8a
inst_5e7c8d0ae78fb3fcd9e50f45870af4ef1698195119adfcdb8c7bf1699215879b,cubic_spin_glass,train,all_native,all_to_all_reference,5,5,0,0,5,32.0,32.0,0.0,32.0,32.0,27.0,27.0,0.0,27.0,27.0,0.0,0.0,0.0,0.0,0.0007730400131549687,0.0008243000193033367,pass,,9d124ad72c0fe2b841fbfc927ec45c35cb413a6a0e01baada17f1025709d315c,9626c07cf4ccf3251a3585a4b367551c7a78f57218970c0d71f73f221adea5d3,22e05ea2e1684256cfcefc889a4c658b5530de8a
inst_5e7c8d0ae78fb3fcd9e50f45870af4ef1698195119adfcdb8c7bf1699215879b,cubic_spin_glass,train,all_native,device_sparse_v1,5,5,0,0,5,44.4,45.0,1.3416407864998738,43.224,45.576,34.6,36.0,2.6076809620810595,32.314266857220645,36.88573314277936,4.8,5.0,12.4,13.0,0.006400140002369881,0.006362899992382154,pass,,9d124ad72c0fe2b841fbfc927ec45c35cb413a6a0e01baada17f1025709d315c,9626c07cf4ccf3251a3585a4b367551c7a78f57218970c0d71f73f221adea5d3,22e05ea2e1684256cfcefc889a4c658b5530de8a
inst_5e7c8d0ae78fb3fcd9e50f45870af4ef1698195119adfcdb8c7bf1699215879b,cubic_spin_glass,train,fully_quadratized,all_to_all_reference,5,5,0,0,5,70.0,70.0,0.0,70.0,70.0,26.0,26.0,0.0,26.0,26.0,0.0,0.0,0.0,0.0,0.0008307599986437708,0.0007966000121086836,pass,,9d124ad72c0fe2b841fbfc927ec45c35cb413a6a0e01baada17f1025709d315c,9626c07cf4ccf3251a3585a4b367551c7a78f57218970c0d71f73f221adea5d3,22e05ea2e1684256cfcefc889a4c658b5530de8a
inst_5e7c8d0ae78fb3fcd9e50f45870af4ef1698195119adfcdb8c7bf1699215879b,cubic_spin_glass,train,fully_quadratized,device_sparse_v1,5,0,5,0,5,,,,,,,,,,,,,,,,,expected_infeasible_width,expected_capacity_failure,9d124ad72c0fe2b841fbfc927ec45c35cb413a6a0e01baada17f1025709d315c,9626c07cf4ccf3251a3585a4b367551c7a78f57218970c0d71f73f221adea5d3,22e05ea2e1684256cfcefc889a4c658b5530de8a
inst_5e7c8d0ae78fb3fcd9e50f45870af4ef1698195119adfcdb8c7bf1699215879b,cubic_spin_glass,train,matched_random_selective,all_to_all_reference,25,25,0,5,5,32.0,32.0,0.0,32.0,32.0,27.0,27.0,0.0,27.0,27.0,0.0,0.0,0.0,0.0,0.0007186040014494211,0.0006715999916195869,pass,,9d124ad72c0fe2b841fbfc927ec45c35cb413a6a0e01baada17f1025709d315c,9626c07cf4ccf3251a3585a4b367551c7a78f57218970c0d71f73f221adea5d3,22e05ea2e1684256cfcefc889a4c658b5530de8a
inst_5e7c8d0ae78fb3fcd9e50f45870af4ef1698195119adfcdb8c7bf1699215879b,cubic_spin_glass,train,matched_random_selective,device_sparse_v1,25,25,0,5,5,44.4,45.0,1.224744871391589,43.919900010414494,44.8800999895855,34.6,36.0,2.3804761428476167,33.666853352003734,35.53314664799627,4.8,5.0,12.4,13.0,0.0063395160052459685,0.006280700006755069,pass,,9d124ad72c0fe2b841fbfc927ec45c35cb413a6a0e01baada17f1025709d315c,9626c07cf4ccf3251a3585a4b367551c7a78f57218970c0d71f73f221adea5d3,22e05ea2e1684256cfcefc889a4c658b5530de8a
inst_5e7c8d0ae78fb3fcd9e50f45870af4ef1698195119adfcdb8c7bf1699215879b,cubic_spin_glass,train,selective,all_to_all_reference,5,5,0,0,5,32.0,32.0,0.0,32.0,32.0,27.0,27.0,0.0,27.0,27.0,0.0,0.0,0.0,0.0,0.0007692800019867719,0.0006961000035516918,pass,,9d124ad72c0fe2b841fbfc927ec45c35cb413a6a0e01baada17f1025709d315c,9626c07cf4ccf3251a3585a4b367551c7a78f57218970c0d71f73f221adea5d3,22e05ea2e1684256cfcefc889a4c658b5530de8a
inst_5e7c8d0ae78fb3fcd9e50f45870af4ef1698195119adfcdb8c7bf1699215879b,cubic_spin_glass,train,selective,device_sparse_v1,5,5,0,0,5,44.4,45.0,1.3416407864998738,43.224,45.576,34.6,36.0,2.6076809620810595,32.314266857220645,36.88573314277936,4.8,5.0,12.4,13.0,0.006092040007933975,0.006325599999399856,pass,,9d124ad72c0fe2b841fbfc927ec45c35cb413a6a0e01baada17f1025709d315c,9626c07cf4ccf3251a3585a4b367551c7a78f57218970c0d71f73f221adea5d3,22e05ea2e1684256cfcefc889a4c658b5530de8a
inst_5e84026f5ef89b88de9d4b994118f120646ed7435887f0713ffd0b2f2cd5428d,cubic_spin_glass,test,all_native,all_to_all_reference,5,5,0,0,5,80.0,80.0,0.0,80.0,80.0,44.0,44.0,0.0,44.0,44.0,0.0,0.0,0.0,0.0,0.0014462799998000264,0.001429299998562783,pass,,9d124ad72c0fe2b841fbfc927ec45c35cb413a6a0e01baada17f1025709d315c,9626c07cf4ccf3251a3585a4b367551c7a78f57218970c0d71f73f221adea5d3,22e05ea2e1684256cfcefc889a4c658b5530de8a
inst_5e84026f5ef89b88de9d4b994118f120646ed7435887f0713ffd0b2f2cd5428d,cubic_spin_glass,test,all_native,device_sparse_v1,5,0,5,0,5,,,,,,,,,,,,,,,,,expected_infeasible_width,expected_capacity_failure,9d124ad72c0fe2b841fbfc927ec45c35cb413a6a0e01baada17f1025709d315c,9626c07cf4ccf3251a3585a4b367551c7a78f57218970c0d71f73f221adea5d3,22e05ea2e1684256cfcefc889a4c658b5530de8a
inst_5e84026f5ef89b88de9d4b994118f120646ed7435887f0713ffd0b2f2cd5428d,cubic_spin_glass,test,fully_quadratized,all_to_all_reference,5,5,0,0,5,132.0,132.0,0.0,132.0,132.0,50.0,50.0,0.0,50.0,50.0,0.0,0.0,0.0,0.0,0.0014316399989183991,0.0014119000115897506,pass,,9d124ad72c0fe2b841fbfc927ec45c35cb413a6a0e01baada17f1025709d315c,9626c07cf4ccf3251a3585a4b367551c7a78f57218970c0d71f73f221adea5d3,22e05ea2e1684256cfcefc889a4c658b5530de8a
inst_5e84026f5ef89b88de9d4b994118f120646ed7435887f0713ffd0b2f2cd5428d,cubic_spin_glass,test,fully_quadratized,device_sparse_v1,5,0,5,0,5,,,,,,,,,,,,,,,,,expected_infeasible_width,expected_capacity_failure,9d124ad72c0fe2b841fbfc927ec45c35cb413a6a0e01baada17f1025709d315c,9626c07cf4ccf3251a3585a4b367551c7a78f57218970c0d71f73f221adea5d3,22e05ea2e1684256cfcefc889a4c658b5530de8a
inst_5e84026f5ef89b88de9d4b994118f120646ed7435887f0713ffd0b2f2cd5428d,cubic_spin_glass,test,matched_random_selective,all_to_all_reference,25,25,0,5,5,80.0,80.0,0.0,80.0,80.0,44.0,44.0,0.0,44.0,44.0,0.0,0.0,0.0,0.0,0.001536244002636522,0.0014216999989002943,pass,,9d124ad72c0fe2b841fbfc927ec45c35cb413a6a0e01baada17f1025709d315c,9626c07cf4ccf3251a3585a4b367551c7a78f57218970c0d71f73f221adea5d3,22e05ea2e1684256cfcefc889a4c658b5530de8a
inst_5e84026f5ef89b88de9d4b994118f120646ed7435887f0713ffd0b2f2cd5428d,cubic_spin_glass,test,matched_random_selective,device_sparse_v1,25,0,25,5,5,,,,,,,,,,,,,,,,,expected_infeasible_width,expected_capacity_failure,9d124ad72c0fe2b841fbfc927ec45c35cb413a6a0e01baada17f1025709d315c,9626c07cf4ccf3251a3585a4b367551c7a78f57218970c0d71f73f221adea5d3,22e05ea2e1684256cfcefc889a4c658b5530de8a
inst_5e84026f5ef89b88de9d4b994118f120646ed7435887f0713ffd0b2f2cd5428d,cubic_spin_glass,test,selective,all_to_all_reference,5,5,0,0,5,80.0,80.0,0.0,80.0,80.0,44.0,44.0,0.0,44.0,44.0,0.0,0.0,0.0,0.0,0.001635980000719428,0.0014318000175990164,pass,,9d124ad72c0fe2b841fbfc927ec45c35cb413a6a0e01baada17f1025709d315c,9626c07cf4ccf3251a3585a4b367551c7a78f57218970c0d71f73f221adea5d3,22e05ea2e1684256cfcefc889a4c658b5530de8a
inst_5e84026f5ef89b88de9d4b994118f120646ed7435887f0713ffd0b2f2cd5428d,cubic_spin_glass,test,selective,device_sparse_v1,5,0,5,0,5,,,,,,,,,,,,,,,,,expected_infeasible_width,expected_capacity_failure,9d124ad72c0fe2b841fbfc927ec45c35cb413a6a0e01baada17f1025709d315c,9626c07cf4ccf3251a3585a4b367551c7a78f57218970c0d71f73f221adea5d3,22e05ea2e1684256cfcefc889a4c658b5530de8a
inst_5f65d193d7b5370c9379fde1b52bfef9bc19e4da666d19b2e186471b1e77bf32,cubic_spin_glass,test,all_native,all_to_all_reference,5,5,0,0,5,64.0,64.0,0.0,64.0,64.0,50.0,50.0,0.0,50.0,50.0,0.0,0.0,0.0,0.0,0.0009678199887275696,0.0009639999771025032,pass,,9d124ad72c0fe2b841fbfc927ec45c35cb413a6a0e01baada17f1025709d315c,9626c07cf4ccf3251a3585a4b367551c7a78f57218970c0d71f73f221adea5d3,22e05ea2e1684256cfcefc889a4c658b5530de8a
inst_5f65d193d7b5370c9379fde1b52bfef9bc19e4da666d19b2e186471b1e77bf32,cubic_spin_glass,test,all_native,device_sparse_v1,5,0,5,0,5,,,,,,,,,,,,,,,,,expected_infeasible_width,expected_capacity_failure,9d124ad72c0fe2b841fbfc927ec45c35cb413a6a0e01baada17f1025709d315c,9626c07cf4ccf3251a3585a4b367551c7a78f57218970c0d71f73f221adea5d3,22e05ea2e1684256cfcefc889a4c658b5530de8a
inst_5f65d193d7b5370c9379fde1b52bfef9bc19e4da666d19b2e186471b1e77bf32,cubic_spin_glass,test,fully_quadratized,all_to_all_reference,5,5,0,0,5,104.0,104.0,0.0,104.0,104.0,46.0,46.0,0.0,46.0,46.0,0.0,0.0,0.0,0.0,0.0008820799994282424,0.0008767999825067818,pass,,9d124ad72c0fe2b841fbfc927ec45c35cb413a6a0e01baada17f1025709d315c,9626c07cf4ccf3251a3585a4b367551c7a78f57218970c0d71f73f221adea5d3,22e05ea2e1684256cfcefc889a4c658b5530de8a
inst_5f65d193d7b5370c9379fde1b52bfef9bc19e4da666d19b2e186471b1e77bf32,cubic_spin_glass,test,fully_quadratized,device_sparse_v1,5,0,5,0,5,,,,,,,,,,,,,,,,,expected_infeasible_width,expected_capacity_failure,9d124ad72c0fe2b841fbfc927ec45c35cb413a6a0e01baada17f1025709d315c,9626c07cf4ccf3251a3585a4b367551c7a78f57218970c0d71f73f221adea5d3,22e05ea2e1684256cfcefc889a4c658b5530de8a
inst_5f65d193d7b5370c9379fde1b52bfef9bc19e4da666d19b2e186471b1e77bf32,cubic_spin_glass,test,matched_random_selective,all_to_all_reference,25,25,0,5,5,64.0,64.0,0.0,64.0,64.0,50.0,50.0,0.0,50.0,50.0,0.0,0.0,0.0,0.0,0.0008908559987321496,0.0008171000226866454,pass,,9d124ad72c0fe2b841fbfc927ec45c35cb413a6a0e01baada17f1025709d315c,9626c07cf4ccf3251a3585a4b367551c7a78f57218970c0d71f73f221adea5d3,22e05ea2e1684256cfcefc889a4c658b5530de8a
inst_5f65d193d7b5370c9379fde1b52bfef9bc19e4da666d19b2e186471b1e77bf32,cubic_spin_glass,test,matched_random_selective,device_sparse_v1,25,0,25,5,5,,,,,,,,,,,,,,,,,expected_infeasible_width,expected_capacity_failure,9d124ad72c0fe2b841fbfc927ec45c35cb413a6a0e01baada17f1025709d315c,9626c07cf4ccf3251a3585a4b367551c7a78f57218970c0d71f73f221adea5d3,22e05ea2e1684256cfcefc889a4c658b5530de8a
inst_5f65d193d7b5370c9379fde1b52bfef9bc19e4da666d19b2e186471b1e77bf32,cubic_spin_glass,test,selective,all_to_all_reference,5,5,0,0,5,64.0,64.0,0.0,64.0,64.0,50.0,50.0,0.0,50.0,50.0,0.0,0.0,0.0,0.0,0.0008153399976436049,0.0008144000021275133,pass,,9d124ad72c0fe2b841fbfc927ec45c35cb413a6a0e01baada17f1025709d315c,9626c07cf4ccf3251a3585a4b367551c7a78f57218970c0d71f73f221adea5d3,22e05ea2e1684256cfcefc889a4c658b5530de8a
inst_5f65d193d7b5370c9379fde1b52bfef9bc19e4da666d19b2e186471b1e77bf32,cubic_spin_glass,test,selective,device_sparse_v1,5,0,5,0,5,,,,,,,,,,,,,,,,,expected_infeasible_width,expected_capacity_failure,9d124ad72c0fe2b841fbfc927ec45c35cb413a6a0e01baada17f1025709d315c,9626c07cf4ccf3251a3585a4b367551c7a78f57218970c0d71f73f221adea5d3,22e05ea2e1684256cfcefc889a4c658b5530de8a
inst_6188a8a06666ee362b7faa5959f7d36cf41943034d8c1f96a7e40d30b687a953,cubic_spin_glass,train,all_native,all_to_all_reference,5,5,0,0,5,160.0,160.0,0.0,160.0,160.0,105.0,105.0,0.0,105.0,105.0,0.0,0.0,0.0,0.0,0.002730459993472323,0.0020300000032875687,pass,,9d124ad72c0fe2b841fbfc927ec45c35cb413a6a0e01baada17f1025709d315c,9626c07cf4ccf3251a3585a4b367551c7a78f57218970c0d71f73f221adea5d3,22e05ea2e1684256cfcefc889a4c658b5530de8a
inst_6188a8a06666ee362b7faa5959f7d36cf41943034d8c1f96a7e40d30b687a953,cubic_spin_glass,train,all_native,device_sparse_v1,5,0,5,0,5,,,,,,,,,,,,,,,,,expected_infeasible_width,expected_capacity_failure,9d124ad72c0fe2b841fbfc927ec45c35cb413a6a0e01baada17f1025709d315c,9626c07cf4ccf3251a3585a4b367551c7a78f57218970c0d71f73f221adea5d3,22e05ea2e1684256cfcefc889a4c658b5530de8a
inst_6188a8a06666ee362b7faa5959f7d36cf41943034d8c1f96a7e40d30b687a953,cubic_spin_glass,train,fully_quadratized,all_to_all_reference,5,5,0,0,5,358.0,358.0,0.0,358.0,358.0,68.0,68.0,0.0,68.0,68.0,0.0,0.0,0.0,0.0,0.0029573200037702916,0.0028949000115972012,pass,,9d124ad72c0fe2b841fbfc927ec45c35cb413a6a0e01baada17f1025709d315c,9626c07cf4ccf3251a3585a4b367551c7a78f57218970c0d71f73f221adea5d3,22e05ea2e1684256cfcefc889a4c658b5530de8a
inst_6188a8a06666ee362b7faa5959f7d36cf41943034d8c1f96a7e40d30b687a953,cubic_spin_glass,train,fully_quadratized,device_sparse_v1,5,0,5,0,5,,,,,,,,,,,,,,,,,expected_infeasible_width,expected_capacity_failure,9d124ad72c0fe2b841fbfc927ec45c35cb413a6a0e01baada17f1025709d315c,9626c07cf4ccf3251a3585a4b367551c7a78f57218970c0d71f73f221adea5d3,22e05ea2e1684256cfcefc889a4c658b5530de8a
inst_6188a8a06666ee362b7faa5959f7d36cf41943034d8c1f96a7e40d30b687a953,cubic_spin_glass,train,matched_random_selective,all_to_all_reference,25,25,0,5,5,168.8,168.0,1.632993161855452,168.15986668055268,169.44013331944734,106.0,106.0,3.2914029430219167,104.70977004633541,107.29022995366459,0.0,0.0,0.0,0.0,0.002516568008577451,0.0020667000208050013,pass,,9d124ad72c0fe2b841fbfc927ec45c35cb413a6a0e01baada17f1025709d315c,9626c07cf4ccf3251a3585a4b367551c7a78f57218970c0d71f73f221adea5d3,22e05ea2e1684256cfcefc889a4c658b5530de8a
inst_6188a8a06666ee362b7faa5959f7d36cf41943034d8c1f96a7e40d30b687a953,cubic_spin_glass,train,matched_random_selective,device_sparse_v1,25,0,25,5,5,,,,,,,,,,,,,,,,,expected_infeasible_width,expected_capacity_failure,9d124ad72c0fe2b841fbfc927ec45c35cb413a6a0e01baada17f1025709d315c,9626c07cf4ccf3251a3585a4b367551c7a78f57218970c0d71f73f221adea5d3,22e05ea2e1684256cfcefc889a4c658b5530de8a
inst_6188a8a06666ee362b7faa5959f7d36cf41943034d8c1f96a7e40d30b687a953,cubic_spin_glass,train,selective,all_to_all_reference,5,5,0,0,5,170.0,170.0,0.0,170.0,170.0,88.0,88.0,0.0,88.0,88.0,0.0,0.0,0.0,0.0,0.002129059995058924,0.0020620999857783318,pass,,9d124ad72c0fe2b841fbfc927ec45c35cb413a6a0e01baada17f1025709d315c,9626c07cf4ccf3251a3585a4b367551c7a78f57218970c0d71f73f221adea5d3,22e05ea2e1684256cfcefc889a4c658b5530de8a
inst_6188a8a06666ee362b7faa5959f7d36cf41943034d8c1f96a7e40d30b687a953,cubic_spin_glass,train,selective,device_sparse_v1,5,0,5,0,5,,,,,,,,,,,,,,,,,expected_infeasible_width,expected_capacity_failure,9d124ad72c0fe2b841fbfc927ec45c35cb413a6a0e01baada17f1025709d315c,9626c07cf4ccf3251a3585a4b367551c7a78f57218970c0d71f73f221adea5d3,22e05ea2e1684256cfcefc889a4c658b5530de8a
inst_620a5d32d7187d6870f30ec729690f838c6c03717c12d08920f9cb1a5c444ccd,cubic_spin_glass,train,all_native,all_to_all_reference,5,5,0,0,5,80.0,80.0,0.0,80.0,80.0,76.0,76.0,0.0,76.0,76.0,0.0,0.0,0.0,0.0,0.0011113799992017448,0.0011021000100299716,pass,,9d124ad72c0fe2b841fbfc927ec45c35cb413a6a0e01baada17f1025709d315c,9626c07cf4ccf3251a3585a4b367551c7a78f57218970c0d71f73f221adea5d3,22e05ea2e1684256cfcefc889a4c658b5530de8a
inst_620a5d32d7187d6870f30ec729690f838c6c03717c12d08920f9cb1a5c444ccd,cubic_spin_glass,train,all_native,device_sparse_v1,5,0,5,0,5,,,,,,,,,,,,,,,,,expected_infeasible_width,expected_capacity_failure,9d124ad72c0fe2b841fbfc927ec45c35cb413a6a0e01baada17f1025709d315c,9626c07cf4ccf3251a3585a4b367551c7a78f57218970c0d71f73f221adea5d3,22e05ea2e1684256cfcefc889a4c658b5530de8a
inst_620a5d32d7187d6870f30ec729690f838c6c03717c12d08920f9cb1a5c444ccd,cubic_spin_glass,train,fully_quadratized,all_to_all_reference,5,5,0,0,5,132.0,132.0,0.0,132.0,132.0,54.0,54.0,0.0,54.0,54.0,0.0,0.0,0.0,0.0,0.001362960005644709,0.001148799987277016,pass,,9d124ad72c0fe2b841fbfc927ec45c35cb413a6a0e01baada17f1025709d315c,9626c07cf4ccf3251a3585a4b367551c7a78f57218970c0d71f73f221adea5d3,22e05ea2e1684256cfcefc889a4c658b5530de8a
inst_620a5d32d7187d6870f30ec729690f838c6c03717c12d08920f9cb1a5c444ccd,cubic_spin_glass,train,fully_quadratized,device_sparse_v1,5,0,5,0,5,,,,,,,,,,,,,,,,,expected_infeasible_width,expected_capacity_failure,9d124ad72c0fe2b841fbfc927ec45c35cb413a6a0e01baada17f1025709d315c,9626c07cf4ccf3251a3585a4b367551c7a78f57218970c0d71f73f221adea5d3,22e05ea2e1684256cfcefc889a4c658b5530de8a
inst_620a5d32d7187d6870f30ec729690f838c6c03717c12d08920f9cb1a5c444ccd,cubic_spin_glass,train,matched_random_selective,all_to_all_reference,25,25,0,5,5,88.0,88.0,0.0,88.0,88.0,74.6,82.0,10.754843869934453,70.38410120298569,78.8158987970143,0.0,0.0,0.0,0.0,0.001212416000198573,0.0011402000091038644,pass,,9d124ad72c0fe2b841fbfc927ec45c35cb413a6a0e01baada17f1025709d315c,9626c07cf4ccf3251a3585a4b367551c7a78f57218970c0d71f73f221adea5d3,22e05ea2e1684256cfcefc889a4c658b5530de8a
inst_620a5d32d7187d6870f30ec729690f838c6c03717c12d08920f9cb1a5c444ccd,cubic_spin_glass,train,matched_random_selective,device_sparse_v1,25,0,25,5,5,,,,,,,,,,,,,,,,,expected_infeasible_width,expected_capacity_failure,9d124ad72c0fe2b841fbfc927ec45c35cb413a6a0e01baada17f1025709d315c,9626c07cf4ccf3251a3585a4b367551c7a78f57218970c0d71f73f221adea5d3,22e05ea2e1684256cfcefc889a4c658b5530de8a
inst_620a5d32d7187d6870f30ec729690f838c6c03717c12d08920f9cb1a5c444ccd,cubic_spin_glass,train,selective,all_to_all_reference,5,5,0,0,5,88.0,88.0,0.0,88.0,88.0,55.0,55.0,0.0,55.0,55.0,0.0,0.0,0.0,0.0,0.0011591800022870303,0.0011625000042840838,pass,,9d124ad72c0fe2b841fbfc927ec45c35cb413a6a0e01baada17f1025709d315c,9626c07cf4ccf3251a3585a4b367551c7a78f57218970c0d71f73f221adea5d3,22e05ea2e1684256cfcefc889a4c658b5530de8a
inst_620a5d32d7187d6870f30ec729690f838c6c03717c12d08920f9cb1a5c444ccd,cubic_spin_glass,train,selective,device_sparse_v1,5,0,5,0,5,,,,,,,,,,,,,,,,,expected_infeasible_width,expected_capacity_failure,9d124ad72c0fe2b841fbfc927ec45c35cb413a6a0e01baada17f1025709d315c,9626c07cf4ccf3251a3585a4b367551c7a78f57218970c0d71f73f221adea5d3,22e05ea2e1684256cfcefc889a4c658b5530de8a
inst_623ed3fa24dead6f0f9dd1096cce82dc9a048bf774730e23b964d7d43607fd83,cubic_spin_glass,test,all_native,all_to_all_reference,5,5,0,0,5,32.0,32.0,0.0,32.0,32.0,27.0,27.0,0.0,27.0,27.0,0.0,0.0,0.0,0.0,0.0006550000049173832,0.0006758000236004591,pass,,9d124ad72c0fe2b841fbfc927ec45c35cb413a6a0e01baada17f1025709d315c,9626c07cf4ccf3251a3585a4b367551c7a78f57218970c0d71f73f221adea5d3,22e05ea2e1684256cfcefc889a4c658b5530de8a
inst_623ed3fa24dead6f0f9dd1096cce82dc9a048bf774730e23b964d7d43607fd83,cubic_spin_glass,test,all_native,device_sparse_v1,5,5,0,0,5,46.6,48.0,2.5099800796022267,44.399905456576924,48.80009454342308,38.4,41.0,3.9749213828703582,34.91582778841229,41.88417221158771,5.8,6.0,14.6,16.0,0.006292839994421229,0.00588049998623319,pass,,9d124ad72c0fe2b841fbfc927ec45c35cb413a6a0e01baada17f1025709d315c,9626c07cf4ccf3251a3585a4b367551c7a78f57218970c0d71f73f221adea5d3,22e05ea2e1684256cfcefc889a4c658b5530de8a
inst_623ed3fa24dead6f0f9dd1096cce82dc9a048bf774730e23b964d7d43607fd83,cubic_spin_glass,test,fully_quadratized,all_to_all_reference,5,5,0,0,5,54.0,54.0,0.0,54.0,54.0,30.0,30.0,0.0,30.0,30.0,0.0,0.0,0.0,0.0,0.0008225400000810623,0.0008924999856390059,pass,,9d124ad72c0fe2b841fbfc927ec45c35cb413a6a0e01baada17f1025709d315c,9626c07cf4ccf3251a3585a4b367551c7a78f57218970c0d71f73f221adea5d3,22e05ea2e1684256cfcefc889a4c658b5530de8a
inst_623ed3fa24dead6f0f9dd1096cce82dc9a048bf774730e23b964d7d43607fd83,cubic_spin_glass,test,fully_quadratized,device_sparse_v1,5,5,0,0,5,84.4,88.0,7.6681158050723255,77.67860014580296,91.12139985419705,58.6,58.0,7.127411872482185,52.35254803940038,64.84745196059961,11.2,12.0,30.4,34.0,0.0069359199958853425,0.007201300002634525,pass,,9d124ad72c0fe2b841fbfc927ec45c35cb413a6a0e01baada17f1025709d315c,9626c07cf4ccf3251a3585a4b367551c7a78f57218970c0d71f73f221adea5d3,22e05ea2e1684256cfcefc889a4c658b5530de8a
inst_623ed3fa24dead6f0f9dd1096cce82dc9a048bf774730e23b964d7d43607fd83,cubic_spin_glass,test,matched_random_selective,all_to_all_reference,25,25,0,5,5,32.0,32.0,0.0,32.0,32.0,27.0,27.0,0.0,27.0,27.0,0.0,0.0,0.0,0.0,0.0006892800016794354,0.0006866000185254961,pass,,9d124ad72c0fe2b841fbfc927ec45c35cb413a6a0e01baada17f1025709d315c,9626c07cf4ccf3251a3585a4b367551c7a78f57218970c0d71f73f221adea5d3,22e05ea2e1684256cfcefc889a4c658b5530de8a
inst_623ed3fa24dead6f0f9dd1096cce82dc9a048bf774730e23b964d7d43607fd83,cubic_spin_glass,test,matched_random_selective,device_sparse_v1,25,25,0,5,5,46.6,48.0,2.29128784747792,45.70181516378866,47.498184836211344,38.4,41.0,3.6285901761795403,36.977592650937616,39.82240734906238,5.8,6.0,14.6,16.0,0.005989795998902992,0.005638000002363697,pass,,9d124ad72c0fe2b841fbfc927ec45c35cb413a6a0e01baada17f1025709d315c,9626c07cf4ccf3251a3585a4b367551c7a78f57218970c0d71f73f221adea5d3,22e05ea2e1684256cfcefc889a4c658b5530de8a
inst_623ed3fa24dead6f0f9dd1096cce82dc9a048bf774730e23b964d7d43607fd83,cubic_spin_glass,test,selective,all_to_all_reference,5,5,0,0,5,32.0,32.0,0.0,32.0,32.0,27.0,27.0,0.0,27.0,27.0,0.0,0.0,0.0,0.0,0.0005864999897312373,0.0005851999740116298,pass,,9d124ad72c0fe2b841fbfc927ec45c35cb413a6a0e01baada17f1025709d315c,9626c07cf4ccf3251a3585a4b367551c7a78f57218970c0d71f73f221adea5d3,22e05ea2e1684256cfcefc889a4c658b5530de8a
inst_623ed3fa24dead6f0f9dd1096cce82dc9a048bf774730e23b964d7d43607fd83,cubic_spin_glass,test,selective,device_sparse_v1,5,5,0,0,5,46.6,48.0,2.5099800796022267,44.399905456576924,48.80009454342308,38.4,41.0,3.9749213828703582,34.91582778841229,41.88417221158771,5.8,6.0,14.6,16.0,0.0055949600005988035,0.005243999999947846,pass,,9d124ad72c0fe2b841fbfc927ec45c35cb413a6a0e01baada17f1025709d315c,9626c07cf4ccf3251a3585a4b367551c7a78f57218970c0d71f73f221adea5d3,22e05ea2e1684256cfcefc889a4c658b5530de8a
inst_629843195526c2b817edb433d2bf81dc1c9d7d1b6b358890ba16bbbcd422ab15,cubic_spin_glass,test,all_native,all_to_all_reference,5,5,0,0,5,48.0,48.0,0.0,48.0,48.0,36.0,36.0,0.0,36.0,36.0,0.0,0.0,0.0,0.0,0.0010959799983538687,0.00121339998440817,pass,,9d124ad72c0fe2b841fbfc927ec45c35cb413a6a0e01baada17f1025709d315c,9626c07cf4ccf3251a3585a4b367551c7a78f57218970c0d71f73f221adea5d3,22e05ea2e1684256cfcefc889a4c658b5530de8a
inst_629843195526c2b817edb433d2bf81dc1c9d7d1b6b358890ba16bbbcd422ab15,cubic_spin_glass,test,all_native,device_sparse_v1,5,5,0,0,5,75.4,76.0,4.878524367060187,71.12378485106281,79.6762151489372,58.6,57.0,6.107372593840988,53.24665188877092,63.95334811122908,10.6,10.0,27.4,28.0,0.007117879996076226,0.007353900000452995,pass,,9d124ad72c0fe2b841fbfc927ec45c35cb413a6a0e01baada17f1025709d315c,9626c07cf4ccf3251a3585a4b367551c7a78f57218970c0d71f73f221adea5d3,22e05ea2e1684256cfcefc889a4c658b5530de8a
inst_629843195526c2b817edb433d2bf81dc1c9d7d1b6b358890ba16bbbcd422ab15,cubic_spin_glass,test,fully_quadratized,all_to_all_reference,5,5,0,0,5,114.0,114.0,0.0,114.0,114.0,40.0,40.0,0.0,40.0,40.0,0.0,0.0,0.0,0.0,0.0013047999993432314,0.001268399995751679,pass,,9d124ad72c0fe2b841fbfc927ec45c35cb413a6a0e01baada17f1025709d315c,9626c07cf4ccf3251a3585a4b367551c7a78f57218970c0d71f73f221adea5d3,22e05ea2e1684256cfcefc889a4c658b5530de8a
inst_629843195526c2b817edb433d2bf81dc1c9d7d1b6b358890ba16bbbcd422ab15,cubic_spin_glass,test,fully_quadratized,device_sparse_v1,5,0,5,0,5,,,,,,,,,,,,,,,,,expected_infeasible_width,expected_capacity_failure,9d124ad72c0fe2b841fbfc927ec45c35cb413a6a0e01baada17f1025709d315c,9626c07cf4ccf3251a3585a4b367551c7a78f57218970c0d71f73f221adea5d3,22e05ea2e1684256cfcefc889a4c658b5530de8a
inst_629843195526c2b817edb433d2bf81dc1c9d7d1b6b358890ba16bbbcd422ab15,cubic_spin_glass,test,matched_random_selective,all_to_all_reference,25,25,0,5,5,48.0,48.0,0.0,48.0,48.0,36.0,36.0,0.0,36.0,36.0,0.0,0.0,0.0,0.0,0.0011217120033688844,0.001137399987783283,pass,,9d124ad72c0fe2b841fbfc927ec45c35cb413a6a0e01baada17f1025709d315c,9626c07cf4ccf3251a3585a4b367551c7a78f57218970c0d71f73f221adea5d3,22e05ea2e1684256cfcefc889a4c658b5530de8a
inst_629843195526c2b817edb433d2bf81dc1c9d7d1b6b358890ba16bbbcd422ab15,cubic_spin_glass,test,matched_random_selective,device_sparse_v1,25,25,0,5,5,75.4,76.0,4.453463071962463,73.65424247579072,77.14575752420929,58.6,57.0,5.575242894559244,56.41450478533278,60.78549521466722,10.6,10.0,27.4,28.0,0.007202428001910448,0.007213200005935505,pass,,9d124ad72c0fe2b841fbfc927ec45c35cb413a6a0e01baada17f1025709d315c,9626c07cf4ccf3251a3585a4b367551c7a78f57218970c0d71f73f221adea5d3,22e05ea2e1684256cfcefc889a4c658b5530de8a
inst_629843195526c2b817edb433d2bf81dc1c9d7d1b6b358890ba16bbbcd422ab15,cubic_spin_glass,test,selective,all_to_all_reference,5,5,0,0,5,48.0,48.0,0.0,48.0,48.0,36.0,36.0,0.0,36.0,36.0,0.0,0.0,0.0,0.0,0.0010757400013972074,0.001141099986853078,pass,,9d124ad72c0fe2b841fbfc927ec45c35cb413a6a0e01baada17f1025709d315c,9626c07cf4ccf3251a3585a4b367551c7a78f57218970c0d71f73f221adea5d3,22e05ea2e1684256cfcefc889a4c658b5530de8a
inst_629843195526c2b817edb433d2bf81dc1c9d7d1b6b358890ba16bbbcd422ab15,cubic_spin_glass,test,selective,device_sparse_v1,5,5,0,0,5,75.4,76.0,4.878524367060187,71.12378485106281,79.6762151489372,58.6,57.0,6.107372593840988,53.24665188877092,63.95334811122908,10.6,10.0,27.4,28.0,0.007154979993356392,0.006916499987710267,pass,,9d124ad72c0fe2b841fbfc927ec45c35cb413a6a0e01baada17f1025709d315c,9626c07cf4ccf3251a3585a4b367551c7a78f57218970c0d71f73f221adea5d3,22e05ea2e1684256cfcefc889a4c658b5530de8a
inst_6483eb8d9af8fdd362f04ce3d7675db45d9e1a5927ecd5e5f48e37b58962cc09,max3sat,train,all_native,all_to_all_reference,5,5,0,0,5,182.0,182.0,0.0,182.0,182.0,110.0,110.0,0.0,110.0,110.0,0.0,0.0,0.0,0.0,0.0016989199968520552,0.0018417999963276088,pass,,9d124ad72c0fe2b841fbfc927ec45c35cb413a6a0e01baada17f1025709d315c,9626c07cf4ccf3251a3585a4b367551c7a78f57218970c0d71f73f221adea5d3,22e05ea2e1684256cfcefc889a4c658b5530de8a
inst_6483eb8d9af8fdd362f04ce3d7675db45d9e1a5927ecd5e5f48e37b58962cc09,max3sat,train,all_native,device_sparse_v1,5,5,0,0,5,349.6,352.0,10.945318634009702,340.006005211592,359.193994788408,244.4,246.0,16.04057355583023,230.33981735538262,258.4601826446174,60.4,60.0,167.6,170.0,0.011993779998738319,0.011681999982101843,pass,,9d124ad72c0fe2b841fbfc927ec45c35cb413a6a0e01baada17f1025709d315c,9626c07cf4ccf3251a3585a4b367551c7a78f57218970c0d71f73f221adea5d3,22e05ea2e1684256cfcefc889a4c658b5530de8a
inst_6483eb8d9af8fdd362f04ce3d7675db45d9e1a5927ecd5e5f48e37b58962cc09,max3sat,train,fully_quadratized,all_to_all_reference,5,5,0,0,5,156.0,156.0,0.0,156.0,156.0,50.0,50.0,0.0,50.0,50.0,0.0,0.0,0.0,0.0,0.0017143000033684075,0.0016837000148370862,pass,,9d124ad72c0fe2b841fbfc927ec45c35cb413a6a0e01baada17f1025709d315c,9626c07cf4ccf3251a3585a4b367551c7a78f57218970c0d71f73f221adea5d3,22e05ea2e1684256cfcefc889a4c658b5530de8a
inst_6483eb8d9af8fdd362f04ce3d7675db45d9e1a5927ecd5e5f48e37b58962cc09,max3sat,train,fully_quadratized,device_sparse_v1,5,0,5,0,5,,,,,,,,,,,,,,,,,expected_infeasible_width,expected_capacity_failure,9d124ad72c0fe2b841fbfc927ec45c35cb413a6a0e01baada17f1025709d315c,9626c07cf4ccf3251a3585a4b367551c7a78f57218970c0d71f73f221adea5d3,22e05ea2e1684256cfcefc889a4c658b5530de8a
inst_6483eb8d9af8fdd362f04ce3d7675db45d9e1a5927ecd5e5f48e37b58962cc09,max3sat,train,matched_random_selective,all_to_all_reference,25,25,0,5,5,188.4,186.0,5.066228051190222,186.41403860393345,190.38596139606656,78.4,78.0,5.575242894559244,76.21450478533278,80.58549521466723,0.0,0.0,0.0,0.0,0.0017825400026049464,0.001677299995208159,pass,,9d124ad72c0fe2b841fbfc927ec45c35cb413a6a0e01baada17f1025709d315c,9626c07cf4ccf3251a3585a4b367551c7a78f57218970c0d71f73f221adea5d3,22e05ea2e1684256cfcefc889a4c658b5530de8a
inst_6483eb8d9af8fdd362f04ce3d7675db45d9e1a5927ecd5e5f48e37b58962cc09,max3sat,train,matched_random_selective,device_sparse_v1,25,0,25,5,5,,,,,,,,,,,,,,,,,expected_infeasible_width,expected_capacity_failure,9d124ad72c0fe2b841fbfc927ec45c35cb413a6a0e01baada17f1025709d315c,9626c07cf4ccf3251a3585a4b367551c7a78f57218970c0d71f73f221adea5d3,22e05ea2e1684256cfcefc889a4c658b5530de8a
inst_6483eb8d9af8fdd362f04ce3d7675db45d9e1a5927ecd5e5f48e37b58962cc09,max3sat,train,selective,all_to_all_reference,5,5,0,0,5,164.0,164.0,0.0,164.0,164.0,50.0,50.0,0.0,50.0,50.0,0.0,0.0,0.0,0.0,0.0015592200041282922,0.0015567000082228333,pass,,9d124ad72c0fe2b841fbfc927ec45c35cb413a6a0e01baada17f1025709d315c,9626c07cf4ccf3251a3585a4b367551c7a78f57218970c0d71f73f221adea5d3,22e05ea2e1684256cfcefc889a4c658b5530de8a
inst_6483eb8d9af8fdd362f04ce3d7675db45d9e1a5927ecd5e5f48e37b58962cc09,max3sat,train,selective,device_sparse_v1,5,0,5,0,5,,,,,,,,,,,,,,,,,expected_infeasible_width,expected_capacity_failure,9d124ad72c0fe2b841fbfc927ec45c35cb413a6a0e01baada17f1025709d315c,9626c07cf4ccf3251a3585a4b367551c7a78f57218970c0d71f73f221adea5d3,22e05ea2e1684256cfcefc889a4c658b5530de8a
inst_64ff32844bde505ea188f6df7a2e54fe41e88061d38144bbd304285bc823e766,cubic_spin_glass,train,all_native,all_to_all_reference,5,5,0,0,5,48.0,48.0,0.0,48.0,48.0,31.0,31.0,0.0,31.0,31.0,0.0,0.0,0.0,0.0,0.0012298000045120716,0.0013087000115774572,pass,,9d124ad72c0fe2b841fbfc927ec45c35cb413a6a0e01baada17f1025709d315c,9626c07cf4ccf3251a3585a4b367551c7a78f57218970c0d71f73f221adea5d3,22e05ea2e1684256cfcefc889a4c658b5530de8a
inst_64ff32844bde505ea188f6df7a2e54fe41e88061d38144bbd304285bc823e766,cubic_spin_glass,train,all_native,device_sparse_v1,5,5,0,0,5,78.4,77.0,4.61519230368573,74.35460558165215,82.44539441834786,53.6,54.0,5.504543577809154,48.775054818964264,58.42494518103574,11.6,11.0,30.4,29.0,0.008691300003556534,0.007931800006190315,pass,,9d124ad72c0fe2b841fbfc927ec45c35cb413a6a0e01baada17f1025709d315c,9626c07cf4ccf3251a3585a4b367551c7a78f57218970c0d71f73f221adea5d3,22e05ea2e1684256cfcefc889a4c658b5530de8a
inst_64ff32844bde505ea188f6df7a2e54fe41e88061d38144bbd304285bc823e766,cubic_spin_glass,train,fully_quadratized,all_to_all_reference,5,5,0,0,5,84.0,84.0,0.0,84.0,84.0,46.0,46.0,0.0,46.0,46.0,0.0,0.0,0.0,0.0,0.0010613600024953485,0.0010046999959740788,pass,,9d124ad72c0fe2b841fbfc927ec45c35cb413a6a0e01baada17f1025709d315c,9626c07cf4ccf3251a3585a4b367551c7a78f57218970c0d71f73f221adea5d3,22e05ea2e1684256cfcefc889a4c658b5530de8a
inst_64ff32844bde505ea188f6df7a2e54fe41e88061d38144bbd304285bc823e766,cubic_spin_glass,train,fully_quadratized,device_sparse_v1,5,0,5,0,5,,,,,,,,,,,,,,,,,expected_infeasible_width,expected_capacity_failure,9d124ad72c0fe2b841fbfc927ec45c35cb413a6a0e01baada17f1025709d315c,9626c07cf4ccf3251a3585a4b367551c7a78f57218970c0d71f73f221adea5d3,22e05ea2e1684256cfcefc889a4c658b5530de8a
inst_64ff32844bde505ea188f6df7a2e54fe41e88061d38144bbd304285bc823e766,cubic_spin_glass,train,matched_random_selective,all_to_all_reference,25,25,0,5,5,48.0,48.0,0.0,48.0,48.0,31.0,31.0,0.0,31.0,31.0,0.0,0.0,0.0,0.0,0.00114199599949643,0.001191100018331781,pass,,9d124ad72c0fe2b841fbfc927ec45c35cb413a6a0e01baada17f1025709d315c,9626c07cf4ccf3251a3585a4b367551c7a78f57218970c0d71f73f221adea5d3,22e05ea2e1684256cfcefc889a4c658b5530de8a
inst_64ff32844bde505ea188f6df7a2e54fe41e88061d38144bbd304285bc823e766,cubic_spin_glass,train,matched_random_selective,device_sparse_v1,25,25,0,5,5,78.4,77.0,4.2130748865881795,76.74847464445745,80.05152535554257,53.6,54.0,5.024937810560445,51.63022437826031,55.569775621739694,11.6,11.0,30.4,29.0,0.006939011998474598,0.0070727000129409134,pass,,9d124ad72c0fe2b841fbfc927ec45c35cb413a6a0e01baada17f1025709d315c,9626c07cf4ccf3251a3585a4b367551c7a78f57218970c0d71f73f221adea5d3,22e05ea2e1684256cfcefc889a4c658b5530de8a
inst_64ff32844bde505ea188f6df7a2e54fe41e88061d38144bbd304285bc823e766,cubic_spin_glass,train,selective,all_to_all_reference,5,5,0,0,5,48.0,48.0,0.0,48.0,48.0,31.0,31.0,0.0,31.0,31.0,0.0,0.0,0.0,0.0,0.0010700799932237715,0.0009704999974928796,pass,,9d124ad72c0fe2b841fbfc927ec45c35cb413a6a0e01baada17f1025709d315c,9626c07cf4ccf3251a3585a4b367551c7a78f57218970c0d71f73f221adea5d3,22e05ea2e1684256cfcefc889a4c658b5530de8a
inst_64ff32844bde505ea188f6df7a2e54fe41e88061d38144bbd304285bc823e766,cubic_spin_glass,train,selective,device_sparse_v1,5,5,0,0,5,78.4,77.0,4.61519230368573,74.35460558165215,82.44539441834786,53.6,54.0,5.504543577809154,48.775054818964264,58.42494518103574,11.6,11.0,30.4,29.0,0.00739591998863034,0.007247799978358671,pass,,9d124ad72c0fe2b841fbfc927ec45c35cb413a6a0e01baada17f1025709d315c,9626c07cf4ccf3251a3585a4b367551c7a78f57218970c0d71f73f221adea5d3,22e05ea2e1684256cfcefc889a4c658b5530de8a
inst_65427f0ab483e773c37c684098f0ae7da76014c3314db691eb56799de98b918d,max3sat,train,all_native,all_to_all_reference,5,5,0,0,5,106.0,106.0,0.0,106.0,106.0,73.0,73.0,0.0,73.0,73.0,0.0,0.0,0.0,0.0,0.0009082600008696318,0.0009030000073835254,pass,,9d124ad72c0fe2b841fbfc927ec45c35cb413a6a0e01baada17f1025709d315c,9626c07cf4ccf3251a3585a4b367551c7a78f57218970c0d71f73f221adea5d3,22e05ea2e1684256cfcefc889a4c658b5530de8a
inst_65427f0ab483e773c37c684098f0ae7da76014c3314db691eb56799de98b918d,max3sat,train,all_native,device_sparse_v1,5,5,0,0,5,180.4,180.0,5.727128425310541,175.37995059785266,185.42004940214736,135.6,135.0,4.61519230368573,131.55460558165214,139.64539441834785,28.4,29.0,74.4,74.0,0.007581619994016364,0.007276499993167818,pass,,9d124ad72c0fe2b841fbfc927ec45c35cb413a6a0e01baada17f1025709d315c,9626c07cf4ccf3251a3585a4b367551c7a78f57218970c0d71f73f221adea5d3,22e05ea2e1684256cfcefc889a4c658b5530de8a
inst_65427f0ab483e773c37c684098f0ae7da76014c3314db691eb56799de98b918d,max3sat,train,fully_quadratized,all_to_all_reference,5,5,0,0,5,100.0,100.0,0.0,100.0,100.0,36.0,36.0,0.0,36.0,36.0,0.0,0.0,0.0,0.0,0.0013705399993341415,0.0013984999968670309,pass,,9d124ad72c0fe2b841fbfc927ec45c35cb413a6a0e01baada17f1025709d315c,9626c07cf4ccf3251a3585a4b367551c7a78f57218970c0d71f73f221adea5d3,22e05ea2e1684256cfcefc889a4c658b5530de8a
inst_65427f0ab483e773c37c684098f0ae7da76014c3314db691eb56799de98b918d,max3sat,train,fully_quadratized,device_sparse_v1,5,0,5,0,5,,,,,,,,,,,,,,,,,expected_infeasible_width,expected_capacity_failure,9d124ad72c0fe2b841fbfc927ec45c35cb413a6a0e01baada17f1025709d315c,9626c07cf4ccf3251a3585a4b367551c7a78f57218970c0d71f73f221adea5d3,22e05ea2e1684256cfcefc889a4c658b5530de8a
inst_65427f0ab483e773c37c684098f0ae7da76014c3314db691eb56799de98b918d,max3sat,train,matched_random_selective,all_to_all_reference,25,25,0,5,5,113.2,112.0,2.449489742783178,112.239800020829,114.16019997917101,56.6,57.0,1.3844373104863459,56.05730057428936,57.142699425710646,0.0,0.0,0.0,0.0,0.0013181919988710434,0.0013470000121742487,pass,,9d124ad72c0fe2b841fbfc927ec45c35cb413a6a0e01baada17f1025709d315c,9626c07cf4ccf3251a3585a4b367551c7a78f57218970c0d71f73f221adea5d3,22e05ea2e1684256cfcefc889a4c658b5530de8a
inst_65427f0ab483e773c37c684098f0ae7da76014c3314db691eb56799de98b918d,max3sat,train,matched_random_selective,device_sparse_v1,25,0,25,5,5,,,,,,,,,,,,,,,,,expected_infeasible_width,expected_capacity_failure,9d124ad72c0fe2b841fbfc927ec45c35cb413a6a0e01baada17f1025709d315c,9626c07cf4ccf3251a3585a4b367551c7a78f57218970c0d71f73f221adea5d3,22e05ea2e1684256cfcefc889a4c658b5530de8a
inst_65427f0ab483e773c37c684098f0ae7da76014c3314db691eb56799de98b918d,max3sat,train,selective,all_to_all_reference,5,5,0,0,5,100.0,100.0,0.0,100.0,100.0,37.0,37.0,0.0,37.0,37.0,0.0,0.0,0.0,0.0,0.0010174000053666532,0.0010045999952126294,pass,,9d124ad72c0fe2b841fbfc927ec45c35cb413a6a0e01baada17f1025709d315c,9626c07cf4ccf3251a3585a4b367551c7a78f57218970c0d71f73f221adea5d3,22e05ea2e1684256cfcefc889a4c658b5530de8a
inst_65427f0ab483e773c37c684098f0ae7da76014c3314db691eb56799de98b918d,max3sat,train,selective,device_sparse_v1,5,0,5,0,5,,,,,,,,,,,,,,,,,expected_infeasible_width,expected_capacity_failure,9d124ad72c0fe2b841fbfc927ec45c35cb413a6a0e01baada17f1025709d315c,9626c07cf4ccf3251a3585a4b367551c7a78f57218970c0d71f73f221adea5d3,22e05ea2e1684256cfcefc889a4c658b5530de8a
inst_67bfa1c14b3388aa4788b1b0b8fb0a628d9e11fad6d7ead7faa4270deca7be29,max3sat,test,all_native,all_to_all_reference,5,5,0,0,5,88.0,88.0,0.0,88.0,88.0,57.0,57.0,0.0,57.0,57.0,0.0,0.0,0.0,0.0,0.0011238400009460747,0.0011771999998018146,pass,,9d124ad72c0fe2b841fbfc927ec45c35cb413a6a0e01baada17f1025709d315c,9626c07cf4ccf3251a3585a4b367551c7a78f57218970c0d71f73f221adea5d3,22e05ea2e1684256cfcefc889a4c658b5530de8a
inst_67bfa1c14b3388aa4788b1b0b8fb0a628d9e11fad6d7ead7faa4270deca7be29,max3sat,test,all_native,device_sparse_v1,5,5,0,0,5,145.2,146.0,3.7013511046643495,141.9556227099796,148.44437729002038,108.4,104.0,10.691117808723277,99.02882205910058,117.77117794089943,21.6,22.0,57.2,58.0,0.009354199992958456,0.009561900020344183,pass,,9d124ad72c0fe2b841fbfc927ec45c35cb413a6a0e01baada17f1025709d315c,9626c07cf4ccf3251a3585a4b367551c7a78f57218970c0d71f73f221adea5d3,22e05ea2e1684256cfcefc889a4c658b5530de8a
inst_67bfa1c14b3388aa4788b1b0b8fb0a628d9e11fad6d7ead7faa4270deca7be29,max3sat,test,fully_quadratized,all_to_all_reference,5,5,0,0,5,66.0,66.0,0.0,66.0,66.0,24.0,24.0,0.0,24.0,24.0,0.0,0.0,0.0,0.0,0.0011203999922145158,0.0008529999759048223,pass,,9d124ad72c0fe2b841fbfc927ec45c35cb413a6a0e01baada17f1025709d315c,9626c07cf4ccf3251a3585a4b367551c7a78f57218970c0d71f73f221adea5d3,22e05ea2e1684256cfcefc889a4c658b5530de8a
inst_67bfa1c14b3388aa4788b1b0b8fb0a628d9e11fad6d7ead7faa4270deca7be29,max3sat,test,fully_quadratized,device_sparse_v1,5,5,0,0,5,105.8,105.0,3.03315017762062,103.14132664661489,108.45867335338511,57.4,57.0,6.877499545619759,51.371605852301954,63.42839414769804,15.0,15.0,39.8,39.0,0.0076686599990352985,0.007886299979873002,pass,,9d124ad72c0fe2b841fbfc927ec45c35cb413a6a0e01baada17f1025709d315c,9626c07cf4ccf3251a3585a4b367551c7a78f57218970c0d71f73f221adea5d3,22e05ea2e1684256cfcefc889a4c658b5530de8a
inst_67bfa1c14b3388aa4788b1b0b8fb0a628d9e11fad6d7ead7faa4270deca7be29,max3sat,test,matched_random_selective,all_to_all_reference,25,25,0,5,5,87.6,90.0,4.898979485566356,85.67960004165798,89.52039995834201,53.4,55.0,5.188127472091127,51.366254030940276,55.43374596905972,0.0,0.0,0.0,0.0,0.001088672000914812,0.0011399000068195164,pass,,9d124ad72c0fe2b841fbfc927ec45c35cb413a6a0e01baada17f1025709d315c,9626c07cf4ccf3251a3585a4b367551c7a78f57218970c0d71f73f221adea5d3,22e05ea2e1684256cfcefc889a4c658b5530de8a
inst_67bfa1c14b3388aa4788b1b0b8fb0a628d9e11fad6d7ead7faa4270deca7be29,max3sat,test,matched_random_selective,device_sparse_v1,25,25,0,5,5,145.76,146.0,9.618904996585284,141.98938924133856,149.53061075866142,99.92,102.0,11.142710621747295,95.55205743627506,104.28794256372494,21.12,21.0,58.16,59.0,0.00785415600053966,0.007782199973007664,pass,,9d124ad72c0fe2b841fbfc927ec45c35cb413a6a0e01baada17f1025709d315c,9626c07cf4ccf3251a3585a4b367551c7a78f57218970c0d71f73f221adea5d3,22e05ea2e1684256cfcefc889a4c658b5530de8a
inst_67bfa1c14b3388aa4788b1b0b8fb0a628d9e11fad6d7ead7faa4270deca7be29,max3sat,test,selective,all_to_all_reference,5,5,0,0,5,76.0,76.0,0.0,76.0,76.0,34.0,34.0,0.0,34.0,34.0,0.0,0.0,0.0,0.0,0.000987019995227456,0.0009059999720193446,pass,,9d124ad72c0fe2b841fbfc927ec45c35cb413a6a0e01baada17f1025709d315c,9626c07cf4ccf3251a3585a4b367551c7a78f57218970c0d71f73f221adea5d3,22e05ea2e1684256cfcefc889a4c658b5530de8a
inst_67bfa1c14b3388aa4788b1b0b8fb0a628d9e11fad6d7ead7faa4270deca7be29,max3sat,test,selective,device_sparse_v1,5,5,0,0,5,124.4,127.0,5.128352561983234,119.90480078305755,128.89519921694244,76.8,76.0,2.588435821108957,74.53113596705312,79.06886403294688,17.6,18.0,48.4,51.0,0.008016159990802407,0.008101799990981817,pass,,9d124ad72c0fe2b841fbfc927ec45c35cb413a6a0e01baada17f1025709d315c,9626c07cf4ccf3251a3585a4b367551c7a78f57218970c0d71f73f221adea5d3,22e05ea2e1684256cfcefc889a4c658b5530de8a
inst_67f4e4fa7cd1382fcc03d558ad19ac0420a74e3749bd90c0167e795417192422,cubic_spin_glass,train,all_native,all_to_all_reference,5,5,0,0,5,160.0,160.0,0.0,160.0,160.0,123.0,123.0,0.0,123.0,123.0,0.0,0.0,0.0,0.0,0.00324236000305973,0.0027199000178370625,pass,,9d124ad72c0fe2b841fbfc927ec45c35cb413a6a0e01baada17f1025709d315c,9626c07cf4ccf3251a3585a4b367551c7a78f57218970c0d71f73f221adea5d3,22e05ea2e1684256cfcefc889a4c658b5530de8a
inst_67f4e4fa7cd1382fcc03d558ad19ac0420a74e3749bd90c0167e795417192422,cubic_spin_glass,train,all_native,device_sparse_v1,5,0,5,0,5,,,,,,,,,,,,,,,,,expected_infeasible_width,expected_capacity_failure,9d124ad72c0fe2b841fbfc927ec45c35cb413a6a0e01baada17f1025709d315c,9626c07cf4ccf3251a3585a4b367551c7a78f57218970c0d71f73f221adea5d3,22e05ea2e1684256cfcefc889a4c658b5530de8a
inst_67f4e4fa7cd1382fcc03d558ad19ac0420a74e3749bd90c0167e795417192422,cubic_spin_glass,train,fully_quadratized,all_to_all_reference,5,5,0,0,5,368.0,368.0,0.0,368.0,368.0,78.0,78.0,0.0,78.0,78.0,0.0,0.0,0.0,0.0,0.003672739991452545,0.0033250999986194074,pass,,9d124ad72c0fe2b841fbfc927ec45c35cb413a6a0e01baada17f1025709d315c,9626c07cf4ccf3251a3585a4b367551c7a78f57218970c0d71f73f221adea5d3,22e05ea2e1684256cfcefc889a4c658b5530de8a
inst_67f4e4fa7cd1382fcc03d558ad19ac0420a74e3749bd90c0167e795417192422,cubic_spin_glass,train,fully_quadratized,device_sparse_v1,5,0,5,0,5,,,,,,,,,,,,,,,,,expected_infeasible_width,expected_capacity_failure,9d124ad72c0fe2b841fbfc927ec45c35cb413a6a0e01baada17f1025709d315c,9626c07cf4ccf3251a3585a4b367551c7a78f57218970c0d71f73f221adea5d3,22e05ea2e1684256cfcefc889a4c658b5530de8a
inst_67f4e4fa7cd1382fcc03d558ad19ac0420a74e3749bd90c0167e795417192422,cubic_spin_glass,train,matched_random_selective,all_to_all_reference,25,25,0,5,5,193.2,194.0,1.0,192.808,193.59199999999998,120.4,121.0,6.006940430313366,118.04527935131716,122.75472064868285,0.0,0.0,0.0,0.0,0.0023908840026706456,0.002212799998233095,pass,,9d124ad72c0fe2b841fbfc927ec45c35cb413a6a0e01baada17f1025709d315c,9626c07cf4ccf3251a3585a4b367551c7a78f57218970c0d71f73f221adea5d3,22e05ea2e1684256cfcefc889a4c658b5530de8a
inst_67f4e4fa7cd1382fcc03d558ad19ac0420a74e3749bd90c0167e795417192422,cubic_spin_glass,train,matched_random_selective,device_sparse_v1,25,0,25,5,5,,,,,,,,,,,,,,,,,expected_infeasible_width,expected_capacity_failure,9d124ad72c0fe2b841fbfc927ec45c35cb413a6a0e01baada17f1025709d315c,9626c07cf4ccf3251a3585a4b367551c7a78f57218970c0d71f73f221adea5d3,22e05ea2e1684256cfcefc889a4c658b5530de8a
inst_67f4e4fa7cd1382fcc03d558ad19ac0420a74e3749bd90c0167e795417192422,cubic_spin_glass,train,selective,all_to_all_reference,5,5,0,0,5,192.0,192.0,0.0,192.0,192.0,70.0,70.0,0.0,70.0,70.0,0.0,0.0,0.0,0.0,0.0023958200064953415,0.002249700017273426,pass,,9d124ad72c0fe2b841fbfc927ec45c35cb413a6a0e01baada17f1025709d315c,9626c07cf4ccf3251a3585a4b367551c7a78f57218970c0d71f73f221adea5d3,22e05ea2e1684256cfcefc889a4c658b5530de8a
inst_67f4e4fa7cd1382fcc03d558ad19ac0420a74e3749bd90c0167e795417192422,cubic_spin_glass,train,selective,device_sparse_v1,5,0,5,0,5,,,,,,,,,,,,,,,,,expected_infeasible_width,expected_capacity_failure,9d124ad72c0fe2b841fbfc927ec45c35cb413a6a0e01baada17f1025709d315c,9626c07cf4ccf3251a3585a4b367551c7a78f57218970c0d71f73f221adea5d3,22e05ea2e1684256cfcefc889a4c658b5530de8a
inst_6969ca061e6a5a0b4350ccfb99da5386eb70d23ece3e7ffa0101e3a9c6305d74,cubic_spin_glass,train,all_native,all_to_all_reference,5,5,0,0,5,64.0,64.0,0.0,64.0,64.0,51.0,51.0,0.0,51.0,51.0,0.0,0.0,0.0,0.0,0.00115180000429973,0.0010226000158581883,pass,,9d124ad72c0fe2b841fbfc927ec45c35cb413a6a0e01baada17f1025709d315c,9626c07cf4ccf3251a3585a4b367551c7a78f57218970c0d71f73f221adea5d3,22e05ea2e1684256cfcefc889a4c658b5530de8a
inst_6969ca061e6a5a0b4350ccfb99da5386eb70d23ece3e7ffa0101e3a9c6305d74,cubic_spin_glass,train,all_native,device_sparse_v1,5,5,0,0,5,107.0,108.0,6.708203932499369,101.12,112.88,77.0,79.0,4.527692569068709,73.03130248066195,80.96869751933805,16.6,17.0,43.0,44.0,0.007008980005048215,0.0070368000015150756,pass,,9d124ad72c0fe2b841fbfc927ec45c35cb413a6a0e01baada17f1025709d315c,9626c07cf4ccf3251a3585a4b367551c7a78f57218970c0d71f73f221adea5d3,22e05ea2e1684256cfcefc889a4c658b5530de8a
inst_6969ca061e6a5a0b4350ccfb99da5386eb70d23ece3e7ffa0101e3a9c6305d74,cubic_spin_glass,train,fully_quadratized,all_to_all_reference,5,5,0,0,5,114.0,114.0,0.0,114.0,114.0,38.0,38.0,0.0,38.0,38.0,0.0,0.0,0.0,0.0,0.001369419990805909,0.0012379999971017241,pass,,9d124ad72c0fe2b841fbfc927ec45c35cb413a6a0e01baada17f1025709d315c,9626c07cf4ccf3251a3585a4b367551c7a78f57218970c0d71f73f221adea5d3,22e05ea2e1684256cfcefc889a4c658b5530de8a
inst_6969ca061e6a5a0b4350ccfb99da5386eb70d23ece3e7ffa0101e3a9c6305d74,cubic_spin_glass,train,fully_quadratized,device_sparse_v1,5,0,5,0,5,,,,,,,,,,,,,,,,,expected_infeasible_width,expected_capacity_failure,9d124ad72c0fe2b841fbfc927ec45c35cb413a6a0e01baada17f1025709d315c,9626c07cf4ccf3251a3585a4b367551c7a78f57218970c0d71f73f221adea5d3,22e05ea2e1684256cfcefc889a4c658b5530de8a
inst_6969ca061e6a5a0b4350ccfb99da5386eb70d23ece3e7ffa0101e3a9c6305d74,cubic_spin_glass,train,matched_random_selective,all_to_all_reference,25,25,0,5,5,64.0,64.0,0.0,64.0,64.0,51.0,51.0,0.0,51.0,51.0,0.0,0.0,0.0,0.0,0.0011697840003762395,0.0011017999786417931,pass,,9d124ad72c0fe2b841fbfc927ec45c35cb413a6a0e01baada17f1025709d315c,9626c07cf4ccf3251a3585a4b367551c7a78f57218970c0d71f73f221adea5d3,22e05ea2e1684256cfcefc889a4c658b5530de8a
inst_6969ca061e6a5a0b4350ccfb99da5386eb70d23ece3e7ffa0101e3a9c6305d74,cubic_spin_glass,train,matched_random_selective,device_sparse_v1,25,25,0,5,5,107.0,108.0,6.123724356957945,104.59950005207249,109.40049994792751,77.0,79.0,4.133198922545748,75.37978602236207,78.62021397763793,16.6,17.0,43.0,44.0,0.007163144000805914,0.007099399983417243,pass,,9d124ad72c0fe2b841fbfc927ec45c35cb413a6a0e01baada17f1025709d315c,9626c07cf4ccf3251a3585a4b367551c7a78f57218970c0d71f73f221adea5d3,22e05ea2e1684256cfcefc889a4c658b5530de8a
inst_6969ca061e6a5a0b4350ccfb99da5386eb70d23ece3e7ffa0101e3a9c6305d74,cubic_spin_glass,train,selective,all_to_all_reference,5,5,0,0,5,64.0,64.0,0.0,64.0,64.0,51.0,51.0,0.0,51.0,51.0,0.0,0.0,0.0,0.0,0.0012116199999582023,0.001273900008527562,pass,,9d124ad72c0fe2b841fbfc927ec45c35cb413a6a0e01baada17f1025709d315c,9626c07cf4ccf3251a3585a4b367551c7a78f57218970c0d71f73f221adea5d3,22e05ea2e1684256cfcefc889a4c658b5530de8a
inst_6969ca061e6a5a0b4350ccfb99da5386eb70d23ece3e7ffa0101e3a9c6305d74,cubic_spin_glass,train,selective,device_sparse_v1,5,5,0,0,5,107.0,108.0,6.708203932499369,101.12,112.88,77.0,79.0,4.527692569068709,73.03130248066195,80.96869751933805,16.6,17.0,43.0,44.0,0.007297859998652711,0.007439500011969358,pass,,9d124ad72c0fe2b841fbfc927ec45c35cb413a6a0e01baada17f1025709d315c,9626c07cf4ccf3251a3585a4b367551c7a78f57218970c0d71f73f221adea5d3,22e05ea2e1684256cfcefc889a4c658b5530de8a
inst_6a06eec6c612c29ba46b89da361fc8b89d4e4e985e548b9c5d20da503d9b6f95,cubic_spin_glass,train,all_native,all_to_all_reference,5,5,0,0,5,192.0,192.0,0.0,192.0,192.0,170.0,170.0,0.0,170.0,170.0,0.0,0.0,0.0,0.0,0.0028382199991028754,0.0024400000111199915,pass,,9d124ad72c0fe2b841fbfc927ec45c35cb413a6a0e01baada17f1025709d315c,9626c07cf4ccf3251a3585a4b367551c7a78f57218970c0d71f73f221adea5d3,22e05ea2e1684256cfcefc889a4c658b5530de8a
inst_6a06eec6c612c29ba46b89da361fc8b89d4e4e985e548b9c5d20da503d9b6f95,cubic_spin_glass,train,all_native,device_sparse_v1,5,5,0,0,5,393.6,401.0,16.14930339054908,379.4445114531501,407.75548854684996,288.0,295.0,16.1245154965971,273.86623900018117,302.13376099981883,74.0,75.0,201.6,209.0,0.013409219990717248,0.012951299984706566,pass,,9d124ad72c0fe2b841fbfc927ec45c35cb413a6a0e01baada17f1025709d315c,9626c07cf4ccf3251a3585a4b367551c7a78f57218970c0d71f73f221adea5d3,22e05ea2e1684256cfcefc889a4c658b5530de8a
inst_6a06eec6c612c29ba46b89da361fc8b89d4e4e985e548b9c5d20da503d9b6f95,cubic_spin_glass,train,fully_quadratized,all_to_all_reference,5,5,0,0,5,266.0,266.0,0.0,266.0,266.0,58.0,58.0,0.0,58.0,58.0,0.0,0.0,0.0,0.0,0.0031852199987042694,0.0033427999878767878,pass,,9d124ad72c0fe2b841fbfc927ec45c35cb413a6a0e01baada17f1025709d315c,9626c07cf4ccf3251a3585a4b367551c7a78f57218970c0d71f73f221adea5d3,22e05ea2e1684256cfcefc889a4c658b5530de8a
inst_6a06eec6c612c29ba46b89da361fc8b89d4e4e985e548b9c5d20da503d9b6f95,cubic_spin_glass,train,fully_quadratized,device_sparse_v1,5,0,5,0,5,,,,,,,,,,,,,,,,,expected_infeasible_width,expected_capacity_failure,9d124ad72c0fe2b841fbfc927ec45c35cb413a6a0e01baada17f1025709d315c,9626c07cf4ccf3251a3585a4b367551c7a78f57218970c0d71f73f221adea5d3,22e05ea2e1684256cfcefc889a4c658b5530de8a
inst_6a06eec6c612c29ba46b89da361fc8b89d4e4e985e548b9c5d20da503d9b6f95,cubic_spin_glass,train,matched_random_selective,all_to_all_reference,25,25,0,5,5,220.0,220.0,1.8257418583505538,219.28430919152657,220.71569080847343,160.2,162.0,6.370504951205464,157.70276205912745,162.69723794087253,0.0,0.0,0.0,0.0,0.002571139999199659,0.0024036999966483563,pass,,9d124ad72c0fe2b841fbfc927ec45c35cb413a6a0e01baada17f1025709d315c,9626c07cf4ccf3251a3585a4b367551c7a78f57218970c0d71f73f221adea5d3,22e05ea2e1684256cfcefc889a4c658b5530de8a
inst_6a06eec6c612c29ba46b89da361fc8b89d4e4e985e548b9c5d20da503d9b6f95,cubic_spin_glass,train,matched_random_selective,device_sparse_v1,25,0,25,5,5,,,,,,,,,,,,,,,,,expected_infeasible_width,expected_capacity_failure,9d124ad72c0fe2b841fbfc927ec45c35cb413a6a0e01baada17f1025709d315c,9626c07cf4ccf3251a3585a4b367551c7a78f57218970c0d71f73f221adea5d3,22e05ea2e1684256cfcefc889a4c658b5530de8a
inst_6a06eec6c612c29ba46b89da361fc8b89d4e4e985e548b9c5d20da503d9b6f95,cubic_spin_glass,train,selective,all_to_all_reference,5,5,0,0,5,218.0,218.0,0.0,218.0,218.0,128.0,128.0,0.0,128.0,128.0,0.0,0.0,0.0,0.0,0.0028843199950642886,0.0029854000022169203,pass,,9d124ad72c0fe2b841fbfc927ec45c35cb413a6a0e01baada17f1025709d315c,9626c07cf4ccf3251a3585a4b367551c7a78f57218970c0d71f73f221adea5d3,22e05ea2e1684256cfcefc889a4c658b5530de8a
inst_6a06eec6c612c29ba46b89da361fc8b89d4e4e985e548b9c5d20da503d9b6f95,cubic_spin_glass,train,selective,device_sparse_v1,5,0,5,0,5,,,,,,,,,,,,,,,,,expected_infeasible_width,expected_capacity_failure,9d124ad72c0fe2b841fbfc927ec45c35cb413a6a0e01baada17f1025709d315c,9626c07cf4ccf3251a3585a4b367551c7a78f57218970c0d71f73f221adea5d3,22e05ea2e1684256cfcefc889a4c658b5530de8a
inst_6ad9548a92747aff9a6795f1c5b99d2304f005ac72fb8084bdc0b85e2e6b4c72,cubic_spin_glass,train,all_native,all_to_all_reference,5,5,0,0,5,128.0,128.0,0.0,128.0,128.0,115.0,115.0,0.0,115.0,115.0,0.0,0.0,0.0,0.0,0.0014853400003630667,0.001389399985782802,pass,,9d124ad72c0fe2b841fbfc927ec45c35cb413a6a0e01baada17f1025709d315c,9626c07cf4ccf3251a3585a4b367551c7a78f57218970c0d71f73f221adea5d3,22e05ea2e1684256cfcefc889a4c658b5530de8a
inst_6ad9548a92747aff9a6795f1c5b99d2304f005ac72fb8084bdc0b85e2e6b4c72,cubic_spin_glass,train,all_native,device_sparse_v1,5,5,0,0,5,203.6,203.0,3.9115214431215892,200.17140028583097,207.02859971416902,166.8,168.0,9.959919678390985,158.06974547908254,175.53025452091748,32.0,32.0,75.6,75.0,0.008903040009317919,0.009290300018619746,pass,,9d124ad72c0fe2b841fbfc927ec45c35cb413a6a0e01baada17f1025709d315c,9626c07cf4ccf3251a3585a4b367551c7a78f57218970c0d71f73f221adea5d3,22e05ea2e1684256cfcefc889a4c658b5530de8a
inst_6ad9548a92747aff9a6795f1c5b99d2304f005ac72fb8084bdc0b85e2e6b4c72,cubic_spin_glass,train,fully_quadratized,all_to_all_reference,5,5,0,0,5,132.0,132.0,0.0,132.0,132.0,40.0,40.0,0.0,40.0,40.0,0.0,0.0,0.0,0.0,0.0016019800037611275,0.0014195000112522393,pass,,9d124ad72c0fe2b841fbfc927ec45c35cb413a6a0e01baada17f1025709d315c,9626c07cf4ccf3251a3585a4b367551c7a78f57218970c0d71f73f221adea5d3,22e05ea2e1684256cfcefc889a4c658b5530de8a
inst_6ad9548a92747aff9a6795f1c5b99d2304f005ac72fb8084bdc0b85e2e6b4c72,cubic_spin_glass,train,fully_quadratized,device_sparse_v1,5,0,5,0,5,,,,,,,,,,,,,,,,,expected_infeasible_width,expected_capacity_failure,9d124ad72c0fe2b841fbfc927ec45c35cb413a6a0e01baada17f1025709d315c,9626c07cf4ccf3251a3585a4b367551c7a78f57218970c0d71f73f221adea5d3,22e05ea2e1684256cfcefc889a4c658b5530de8a
inst_6ad9548a92747aff9a6795f1c5b99d2304f005ac72fb8084bdc0b85e2e6b4c72,cubic_spin_glass,train,matched_random_selective,all_to_all_reference,25,25,0,5,5,157.2,158.0,3.3166247903554,155.89988308218068,158.5001169178193,105.4,110.0,8.553751613570894,102.04692936748022,108.7530706325198,0.0,0.0,0.0,0.0,0.0018382399983238428,0.0019196000066585839,pass,,9d124ad72c0fe2b841fbfc927ec45c35cb413a6a0e01baada17f1025709d315c,9626c07cf4ccf3251a3585a4b367551c7a78f57218970c0d71f73f221adea5d3,22e05ea2e1684256cfcefc889a4c658b5530de8a
inst_6ad9548a92747aff9a6795f1c5b99d2304f005ac72fb8084bdc0b85e2e6b4c72,cubic_spin_glass,train,matched_random_selective,device_sparse_v1,25,25,0,5,5,266.04,264.0,12.895347998406248,260.9850235846248,271.09497641537524,178.16,178.0,12.395160345876935,173.30109714441625,183.01890285558375,42.44,43.0,108.84,108.0,0.00987906800233759,0.00975939998170361,pass,,9d124ad72c0fe2b841fbfc927ec45c35cb413a6a0e01baada17f1025709d315c,9626c07cf4ccf3251a3585a4b367551c7a78f57218970c0d71f73f221adea5d3,22e05ea2e1684256cfcefc889a4c658b5530de8a
inst_6ad9548a92747aff9a6795f1c5b99d2304f005ac72fb8084bdc0b85e2e6b4c72,cubic_spin_glass,train,selective,all_to_all_reference,5,5,0,0,5,138.0,138.0,0.0,138.0,138.0,75.0,75.0,0.0,75.0,75.0,0.0,0.0,0.0,0.0,0.0015789200086146593,0.0015330000023823231,pass,,9d124ad72c0fe2b841fbfc927ec45c35cb413a6a0e01baada17f1025709d315c,9626c07cf4ccf3251a3585a4b367551c7a78f57218970c0d71f73f221adea5d3,22e05ea2e1684256cfcefc889a4c658b5530de8a
inst_6ad9548a92747aff9a6795f1c5b99d2304f005ac72fb8084bdc0b85e2e6b4c72,cubic_spin_glass,train,selective,device_sparse_v1,5,5,0,0,5,242.0,243.0,4.358898943540674,238.1792566168349,245.8207433831651,151.6,154.0,7.092249290598858,145.38336940135574,157.81663059864425,38.8,39.0,104.0,105.0,0.009246060001896695,0.00896090001333505,pass,,9d124ad72c0fe2b841fbfc927ec45c35cb413a6a0e01baada17f1025709d315c,9626c07cf4ccf3251a3585a4b367551c7a78f57218970c0d71f73f221adea5d3,22e05ea2e1684256cfcefc889a4c658b5530de8a
inst_6b16c179affcc9148d858478cbc1dac715c4665ff957ce51abd50e9aa1408c4b,cubic_spin_glass,train,all_native,all_to_all_reference,5,5,0,0,5,80.0,80.0,0.0,80.0,80.0,72.0,72.0,0.0,72.0,72.0,0.0,0.0,0.0,0.0,0.001878219994250685,0.001827499974751845,pass,,9d124ad72c0fe2b841fbfc927ec45c35cb413a6a0e01baada17f1025709d315c,9626c07cf4ccf3251a3585a4b367551c7a78f57218970c0d71f73f221adea5d3,22e05ea2e1684256cfcefc889a4c658b5530de8a
inst_6b16c179affcc9148d858478cbc1dac715c4665ff957ce51abd50e9aa1408c4b,cubic_spin_glass,train,all_native,device_sparse_v1,5,0,5,0,5,,,,,,,,,,,,,,,,,expected_infeasible_width,expected_capacity_failure,9d124ad72c0fe2b841fbfc927ec45c35cb413a6a0e01baada17f1025709d315c,9626c07cf4ccf3251a3585a4b367551c7a78f57218970c0d71f73f221adea5d3,22e05ea2e1684256cfcefc889a4c658b5530de8a
inst_6b16c179affcc9148d858478cbc1dac715c4665ff957ce51abd50e9aa1408c4b,cubic_spin_glass,train,fully_quadratized,all_to_all_reference,5,5,0,0,5,132.0,132.0,0.0,132.0,132.0,50.0,50.0,0.0,50.0,50.0,0.0,0.0,0.0,0.0,0.0014991999953053892,0.0014439999940805137,pass,,9d124ad72c0fe2b841fbfc927ec45c35cb413a6a0e01baada17f1025709d315c,9626c07cf4ccf3251a3585a4b367551c7a78f57218970c0d71f73f221adea5d3,22e05ea2e1684256cfcefc889a4c658b5530de8a
inst_6b16c179affcc9148d858478cbc1dac715c4665ff957ce51abd50e9aa1408c4b,cubic_spin_glass,train,fully_quadratized,device_sparse_v1,5,0,5,0,5,,,,,,,,,,,,,,,,,expected_infeasible_width,expected_capacity_failure,9d124ad72c0fe2b841fbfc927ec45c35cb413a6a0e01baada17f1025709d315c,9626c07cf4ccf3251a3585a4b367551c7a78f57218970c0d71f73f221adea5d3,22e05ea2e1684256cfcefc889a4c658b5530de8a
inst_6b16c179affcc9148d858478cbc1dac715c4665ff957ce51abd50e9aa1408c4b,cubic_spin_glass,train,matched_random_selective,all_to_all_reference,25,25,0,5,5,88.0,88.0,0.0,88.0,88.0,72.8,74.0,4.203173404306164,71.15235602551198,74.44764397448802,0.0,0.0,0.0,0.0,0.001470751997549087,0.0014559999981429428,pass,,9d124ad72c0fe2b841fbfc927ec45c35cb413a6a0e01baada17f1025709d315c,9626c07cf4ccf3251a3585a4b367551c7a78f57218970c0d71f73f221adea5d3,22e05ea2e1684256cfcefc889a4c658b5530de8a
inst_6b16c179affcc9148d858478cbc1dac715c4665ff957ce51abd50e9aa1408c4b,cubic_spin_glass,train,matched_random_selective,device_sparse_v1,25,0,25,5,5,,,,,,,,,,,,,,,,,expected_infeasible_width,expected_capacity_failure,9d124ad72c0fe2b841fbfc927ec45c35cb413a6a0e01baada17f1025709d315c,9626c07cf4ccf3251a3585a4b367551c7a78f57218970c0d71f73f221adea5d3,22e05ea2e1684256cfcefc889a4c658b5530de8a
inst_6b16c179affcc9148d858478cbc1dac715c4665ff957ce51abd50e9aa1408c4b,cubic_spin_glass,train,selective,all_to_all_reference,5,5,0,0,5,88.0,88.0,0.0,88.0,88.0,52.0,52.0,0.0,52.0,52.0,0.0,0.0,0.0,0.0,0.001483519998146221,0.0014930999896023422,pass,,9d124ad72c0fe2b841fbfc927ec45c35cb413a6a0e01baada17f1025709d315c,9626c07cf4ccf3251a3585a4b367551c7a78f57218970c0d71f73f221adea5d3,22e05ea2e1684256cfcefc889a4c658b5530de8a
inst_6b16c179affcc9148d858478cbc1dac715c4665ff957ce51abd50e9aa1408c4b,cubic_spin_glass,train,selective,device_sparse_v1,5,0,5,0,5,,,,,,,,,,,,,,,,,expected_infeasible_width,expected_capacity_failure,9d124ad72c0fe2b841fbfc927ec45c35cb413a6a0e01baada17f1025709d315c,9626c07cf4ccf3251a3585a4b367551c7a78f57218970c0d71f73f221adea5d3,22e05ea2e1684256cfcefc889a4c658b5530de8a
inst_6b39d1a73c909fe62fea28132fe796da14083eef65020e77cf56f6f6be6b578d,cubic_spin_glass,train,all_native,all_to_all_reference,5,5,0,0,5,32.0,32.0,0.0,32.0,32.0,24.0,24.0,0.0,24.0,24.0,0.0,0.0,0.0,0.0,0.0008626800030469894,0.0008413000032305717,pass,,9d124ad72c0fe2b841fbfc927ec45c35cb413a6a0e01baada17f1025709d315c,9626c07cf4ccf3251a3585a4b367551c7a78f57218970c0d71f73f221adea5d3,22e05ea2e1684256cfcefc889a4c658b5530de8a
inst_6b39d1a73c909fe62fea28132fe796da14083eef65020e77cf56f6f6be6b578d,cubic_spin_glass,train,all_native,device_sparse_v1,5,5,0,0,5,42.4,43.0,2.8809720581775866,39.874716649561876,44.92528335043812,33.0,31.0,3.6742346141747673,29.779391361869624,36.22060863813038,4.8,5.0,10.4,11.0,0.007165379996877164,0.006637099984800443,pass,,9d124ad72c0fe2b841fbfc927ec45c35cb413a6a0e01baada17f1025709d315c,9626c07cf4ccf3251a3585a4b367551c7a78f57218970c0d71f73f221adea5d3,22e05ea2e1684256cfcefc889a4c658b5530de8a
inst_6b39d1a73c909fe62fea28132fe796da14083eef65020e77cf56f6f6be6b578d,cubic_spin_glass,train,fully_quadratized,all_to_all_reference,5,5,0,0,5,66.0,66.0,0.0,66.0,66.0,26.0,26.0,0.0,26.0,26.0,0.0,0.0,0.0,0.0,0.0010492000030353666,0.0010776999988593161,pass,,9d124ad72c0fe2b841fbfc927ec45c35cb413a6a0e01baada17f1025709d315c,9626c07cf4ccf3251a3585a4b367551c7a78f57218970c0d71f73f221adea5d3,22e05ea2e1684256cfcefc889a4c658b5530de8a
inst_6b39d1a73c909fe62fea28132fe796da14083eef65020e77cf56f6f6be6b578d,cubic_spin_glass,train,fully_quadratized,device_sparse_v1,5,0,5,0,5,,,,,,,,,,,,,,,,,expected_infeasible_width,expected_capacity_failure,9d124ad72c0fe2b841fbfc927ec45c35cb413a6a0e01baada17f1025709d315c,9626c07cf4ccf3251a3585a4b367551c7a78f57218970c0d71f73f221adea5d3,22e05ea2e1684256cfcefc889a4c658b5530de8a
inst_6b39d1a73c909fe62fea28132fe796da14083eef65020e77cf56f6f6be6b578d,cubic_spin_glass,train,matched_random_selective,all_to_all_reference,25,25,0,5,5,32.0,32.0,0.0,32.0,32.0,24.0,24.0,0.0,24.0,24.0,0.0,0.0,0.0,0.0,0.0007364720047917217,0.0006531999970320612,pass,,9d124ad72c0fe2b841fbfc927ec45c35cb413a6a0e01baada17f1025709d315c,9626c07cf4ccf3251a3585a4b367551c7a78f57218970c0d71f73f221adea5d3,22e05ea2e1684256cfcefc889a4c658b5530de8a
inst_6b39d1a73c909fe62fea28132fe796da14083eef65020e77cf56f6f6be6b578d,cubic_spin_glass,train,matched_random_selective,device_sparse_v1,25,25,0,5,5,42.4,43.0,2.6299556396765835,41.36905738924678,43.43094261075322,33.0,31.0,3.3541019662496847,31.685192029230123,34.31480797076988,4.8,5.0,10.4,11.0,0.006441696004476399,0.006254300009459257,pass,,9d124ad72c0fe2b841fbfc927ec45c35cb413a6a0e01baada17f1025709d315c,9626c07cf4ccf3251a3585a4b367551c7a78f57218970c0d71f73f221adea5d3,22e05ea2e1684256cfcefc889a4c658b5530de8a
inst_6b39d1a73c909fe62fea28132fe796da14083eef65020e77cf56f6f6be6b578d,cubic_spin_glass,train,selective,all_to_all_reference,5,5,0,0,5,32.0,32.0,0.0,32.0,32.0,24.0,24.0,0.0,24.0,24.0,0.0,0.0,0.0,0.0,0.0007671000086702407,0.0007596000214107335,pass,,9d124ad72c0fe2b841fbfc927ec45c35cb413a6a0e01baada17f1025709d315c,9626c07cf4ccf3251a3585a4b367551c7a78f57218970c0d71f73f221adea5d3,22e05ea2e1684256cfcefc889a4c658b5530de8a
inst_6b39d1a73c909fe62fea28132fe796da14083eef65020e77cf56f6f6be6b578d,cubic_spin_glass,train,selective,device_sparse_v1,5,5,0,0,5,42.4,43.0,2.8809720581775866,39.874716649561876,44.92528335043812,33.0,31.0,3.6742346141747673,29.779391361869624,36.22060863813038,4.8,5.0,10.4,11.0,0.008011059992713853,0.008405599975958467,pass,,9d124ad72c0fe2b841fbfc927ec45c35cb413a6a0e01baada17f1025709d315c,9626c07cf4ccf3251a3585a4b367551c7a78f57218970c0d71f73f221adea5d3,22e05ea2e1684256cfcefc889a4c658b5530de8a
inst_6c945daac216f453a50715a1baa7e8a40f19ae2e62bd0a5f5ec4ecd7e3881303,cubic_spin_glass,test,all_native,all_to_all_reference,5,5,0,0,5,64.0,64.0,0.0,64.0,64.0,39.0,39.0,0.0,39.0,39.0,0.0,0.0,0.0,0.0,0.0011703800002578646,0.0011660000018309802,pass,,9d124ad72c0fe2b841fbfc927ec45c35cb413a6a0e01baada17f1025709d315c,9626c07cf4ccf3251a3585a4b367551c7a78f57218970c0d71f73f221adea5d3,22e05ea2e1684256cfcefc889a4c658b5530de8a
inst_6c945daac216f453a50715a1baa7e8a40f19ae2e62bd0a5f5ec4ecd7e3881303,cubic_spin_glass,test,all_native,device_sparse_v1,5,0,5,0,5,,,,,,,,,,,,,,,,,expected_infeasible_width,expected_capacity_failure,9d124ad72c0fe2b841fbfc927ec45c35cb413a6a0e01baada17f1025709d315c,9626c07cf4ccf3251a3585a4b367551c7a78f57218970c0d71f73f221adea5d3,22e05ea2e1684256cfcefc889a4c658b5530de8a
inst_6c945daac216f453a50715a1baa7e8a40f19ae2e62bd0a5f5ec4ecd7e3881303,cubic_spin_glass,test,fully_quadratized,all_to_all_reference,5,5,0,0,5,152.0,152.0,0.0,152.0,152.0,42.0,42.0,0.0,42.0,42.0,0.0,0.0,0.0,0.0,0.0016402199980802834,0.0016214000061154366,pass,,9d124ad72c0fe2b841fbfc927ec45c35cb413a6a0e01baada17f1025709d315c,9626c07cf4ccf3251a3585a4b367551c7a78f57218970c0d71f73f221adea5d3,22e05ea2e1684256cfcefc889a4c658b5530de8a
inst_6c945daac216f453a50715a1baa7e8a40f19ae2e62bd0a5f5ec4ecd7e3881303,cubic_spin_glass,test,fully_quadratized,device_sparse_v1,5,0,5,0,5,,,,,,,,,,,,,,,,,expected_infeasible_width,expected_capacity_failure,9d124ad72c0fe2b841fbfc927ec45c35cb413a6a0e01baada17f1025709d315c,9626c07cf4ccf3251a3585a4b367551c7a78f57218970c0d71f73f221adea5d3,22e05ea2e1684256cfcefc889a4c658b5530de8a
inst_6c945daac216f453a50715a1baa7e8a40f19ae2e62bd0a5f5ec4ecd7e3881303,cubic_spin_glass,test,matched_random_selective,all_to_all_reference,25,25,0,5,5,64.0,64.0,0.0,64.0,64.0,39.0,39.0,0.0,39.0,39.0,0.0,0.0,0.0,0.0,0.0011581800004933029,0.001138599996920675,pass,,9d124ad72c0fe2b841fbfc927ec45c35cb413a6a0e01baada17f1025709d315c,9626c07cf4ccf3251a3585a4b367551c7a78f57218970c0d71f73f221adea5d3,22e05ea2e1684256cfcefc889a4c658b5530de8a
inst_6c945daac216f453a50715a1baa7e8a40f19ae2e62bd0a5f5ec4ecd7e3881303,cubic_spin_glass,test,matched_random_selective,device_sparse_v1,25,0,25,5,5,,,,,,,,,,,,,,,,,expected_infeasible_width,expected_capacity_failure,9d124ad72c0fe2b841fbfc927ec45c35cb413a6a0e01baada17f1025709d315c,9626c07cf4ccf3251a3585a4b367551c7a78f57218970c0d71f73f221adea5d3,22e05ea2e1684256cfcefc889a4c658b5530de8a
inst_6c945daac216f453a50715a1baa7e8a40f19ae2e62bd0a5f5ec4ecd7e3881303,cubic_spin_glass,test,selective,all_to_all_reference,5,5,0,0,5,64.0,64.0,0.0,64.0,64.0,39.0,39.0,0.0,39.0,39.0,0.0,0.0,0.0,0.0,0.0011486400093417616,0.0011434000043664128,pass,,9d124ad72c0fe2b841fbfc927ec45c35cb413a6a0e01baada17f1025709d315c,9626c07cf4ccf3251a3585a4b367551c7a78f57218970c0d71f73f221adea5d3,22e05ea2e1684256cfcefc889a4c658b5530de8a
inst_6c945daac216f453a50715a1baa7e8a40f19ae2e62bd0a5f5ec4ecd7e3881303,cubic_spin_glass,test,selective,device_sparse_v1,5,0,5,0,5,,,,,,,,,,,,,,,,,expected_infeasible_width,expected_capacity_failure,9d124ad72c0fe2b841fbfc927ec45c35cb413a6a0e01baada17f1025709d315c,9626c07cf4ccf3251a3585a4b367551c7a78f57218970c0d71f73f221adea5d3,22e05ea2e1684256cfcefc889a4c658b5530de8a
inst_6d08b4cb6adfe9fef1cbd72e0844d093ec9b6bbc548d03e358316eda6e525702,max3sat,validation,all_native,all_to_all_reference,5,5,0,0,5,128.0,128.0,0.0,128.0,128.0,81.0,81.0,0.0,81.0,81.0,0.0,0.0,0.0,0.0,0.0013363200007006526,0.001447799993911758,pass,,9d124ad72c0fe2b841fbfc927ec45c35cb413a6a0e01baada17f1025709d315c,9626c07cf4ccf3251a3585a4b367551c7a78f57218970c0d71f73f221adea5d3,22e05ea2e1684256cfcefc889a4c658b5530de8a
inst_6d08b4cb6adfe9fef1cbd72e0844d093ec9b6bbc548d03e358316eda6e525702,max3sat,validation,all_native,device_sparse_v1,5,5,0,0,5,235.2,236.0,7.19027120489902,228.8974494052011,241.5025505947989,156.8,156.0,6.058052492344384,151.48988286381552,162.1101171361845,37.6,38.0,107.2,108.0,0.009986580000258982,0.009593099995981902,pass,,9d124ad72c0fe2b841fbfc927ec45c35cb413a6a0e01baada17f1025709d315c,9626c07cf4ccf3251a3585a4b367551c7a78f57218970c0d71f73f221adea5d3,22e05ea2e1684256cfcefc889a4c658b5530de8a
inst_6d08b4cb6adfe9fef1cbd72e0844d093ec9b6bbc548d03e358316eda6e525702,max3sat,validation,fully_quadratized,all_to_all_reference,5,5,0,0,5,90.0,90.0,0.0,90.0,90.0,38.0,38.0,0.0,38.0,38.0,0.0,0.0,0.0,0.0,0.0009929999941959977,0.0009902000019792467,pass,,9d124ad72c0fe2b841fbfc927ec45c35cb413a6a0e01baada17f1025709d315c,9626c07cf4ccf3251a3585a4b367551c7a78f57218970c0d71f73f221adea5d3,22e05ea2e1684256cfcefc889a4c658b5530de8a
inst_6d08b4cb6adfe9fef1cbd72e0844d093ec9b6bbc548d03e358316eda6e525702,max3sat,validation,fully_quadratized,device_sparse_v1,5,0,5,0,5,,,,,,,,,,,,,,,,,expected_infeasible_width,expected_capacity_failure,9d124ad72c0fe2b841fbfc927ec45c35cb413a6a0e01baada17f1025709d315c,9626c07cf4ccf3251a3585a4b367551c7a78f57218970c0d71f73f221adea5d3,22e05ea2e1684256cfcefc889a4c658b5530de8a
inst_6d08b4cb6adfe9fef1cbd72e0844d093ec9b6bbc548d03e358316eda6e525702,max3sat,validation,matched_random_selective,all_to_all_reference,25,25,0,5,5,131.6,132.0,0.816496580927726,131.27993334027633,131.92006665972366,75.8,76.0,1.1902380714238083,75.33342667600186,76.26657332399813,0.0,0.0,0.0,0.0,0.0011984640010632576,0.0011202000023331493,pass,,9d124ad72c0fe2b841fbfc927ec45c35cb413a6a0e01baada17f1025709d315c,9626c07cf4ccf3251a3585a4b367551c7a78f57218970c0d71f73f221adea5d3,22e05ea2e1684256cfcefc889a4c658b5530de8a
inst_6d08b4cb6adfe9fef1cbd72e0844d093ec9b6bbc548d03e358316eda6e525702,max3sat,validation,matched_random_selective,device_sparse_v1,25,0,25,5,5,,,,,,,,,,,,,,,,,expected_infeasible_width,expected_capacity_failure,9d124ad72c0fe2b841fbfc927ec45c35cb413a6a0e01baada17f1025709d315c,9626c07cf4ccf3251a3585a4b367551c7a78f57218970c0d71f73f221adea5d3,22e05ea2e1684256cfcefc889a4c658b5530de8a
inst_6d08b4cb6adfe9fef1cbd72e0844d093ec9b6bbc548d03e358316eda6e525702,max3sat,validation,selective,all_to_all_reference,5,5,0,0,5,100.0,100.0,0.0,100.0,100.0,44.0,44.0,0.0,44.0,44.0,0.0,0.0,0.0,0.0,0.001169140002457425,0.0010186999861616641,pass,,9d124ad72c0fe2b841fbfc927ec45c35cb413a6a0e01baada17f1025709d315c,9626c07cf4ccf3251a3585a4b367551c7a78f57218970c0d71f73f221adea5d3,22e05ea2e1684256cfcefc889a4c658b5530de8a
inst_6d08b4cb6adfe9fef1cbd72e0844d093ec9b6bbc548d03e358316eda6e525702,max3sat,validation,selective,device_sparse_v1,5,0,5,0,5,,,,,,,,,,,,,,,,,expected_infeasible_width,expected_capacity_failure,9d124ad72c0fe2b841fbfc927ec45c35cb413a6a0e01baada17f1025709d315c,9626c07cf4ccf3251a3585a4b367551c7a78f57218970c0d71f73f221adea5d3,22e05ea2e1684256cfcefc889a4c658b5530de8a
inst_6de219ee046e11cc6b3925b66cc25f0b4641e502623cd3aa766407f918c53235,cubic_spin_glass,train,all_native,all_to_all_reference,5,5,0,0,5,32.0,32.0,0.0,32.0,32.0,31.0,31.0,0.0,31.0,31.0,0.0,0.0,0.0,0.0,0.0008210200001485645,0.0008067000017035753,pass,,9d124ad72c0fe2b841fbfc927ec45c35cb413a6a0e01baada17f1025709d315c,9626c07cf4ccf3251a3585a4b367551c7a78f57218970c0d71f73f221adea5d3,22e05ea2e1684256cfcefc889a4c658b5530de8a
inst_6de219ee046e11cc6b3925b66cc25f0b4641e502623cd3aa766407f918c53235,cubic_spin_glass,train,all_native,device_sparse_v1,5,5,0,0,5,50.0,50.0,3.3166247903554,47.0928501930585,52.9071498069415,43.4,42.0,5.128352561983234,38.90480078305755,47.895199216942444,6.4,7.0,18.0,18.0,0.007223319995682686,0.0071115999890025705,pass,,9d124ad72c0fe2b841fbfc927ec45c35cb413a6a0e01baada17f1025709d315c,9626c07cf4ccf3251a3585a4b367551c7a78f57218970c0d71f73f221adea5d3,22e05ea2e1684256cfcefc889a4c658b5530de8a
inst_6de219ee046e11cc6b3925b66cc25f0b4641e502623cd3aa766407f918c53235,cubic_spin_glass,train,fully_quadratized,all_to_all_reference,5,5,0,0,5,56.0,56.0,0.0,56.0,56.0,26.0,26.0,0.0,26.0,26.0,0.0,0.0,0.0,0.0,0.0009291199967265129,0.0009292000031564385,pass,,9d124ad72c0fe2b841fbfc927ec45c35cb413a6a0e01baada17f1025709d315c,9626c07cf4ccf3251a3585a4b367551c7a78f57218970c0d71f73f221adea5d3,22e05ea2e1684256cfcefc889a4c658b5530de8a
inst_6de219ee046e11cc6b3925b66cc25f0b4641e502623cd3aa766407f918c53235,cubic_spin_glass,train,fully_quadratized,device_sparse_v1,5,5,0,0,5,84.6,84.0,6.4265076052238514,78.96691771762563,90.23308228237435,54.4,52.0,4.505552130427524,50.450709430796465,58.34929056920353,10.6,10.0,28.6,28.0,0.007744919985998422,0.00785529997665435,pass,,9d124ad72c0fe2b841fbfc927ec45c35cb413a6a0e01baada17f1025709d315c,9626c07cf4ccf3251a3585a4b367551c7a78f57218970c0d71f73f221adea5d3,22e05ea2e1684256cfcefc889a4c658b5530de8a
inst_6de219ee046e11cc6b3925b66cc25f0b4641e502623cd3aa766407f918c53235,cubic_spin_glass,train,matched_random_selective,all_to_all_reference,25,25,0,5,5,32.0,32.0,0.0,32.0,32.0,31.0,31.0,0.0,31.0,31.0,0.0,0.0,0.0,0.0,0.0007241719996090979,0.0006598999898415059,pass,,9d124ad72c0fe2b841fbfc927ec45c35cb413a6a0e01baada17f1025709d315c,9626c07cf4ccf3251a3585a4b367551c7a78f57218970c0d71f73f221adea5d3,22e05ea2e1684256cfcefc889a4c658b5530de8a
inst_6de219ee046e11cc6b3925b66cc25f0b4641e502623cd3aa766407f918c53235,cubic_spin_glass,train,matched_random_selective,device_sparse_v1,25,25,0,5,5,50.0,50.0,3.0276503540974917,48.81316106119378,51.18683893880622,43.4,42.0,4.681523968396046,41.56484260438875,45.235157395611246,6.4,7.0,18.0,18.0,0.00594416800304316,0.005452600016724318,pass,,9d124ad72c0fe2b841fbfc927ec45c35cb413a6a0e01baada17f1025709d315c,9626c07cf4ccf3251a3585a4b367551c7a78f57218970c0d71f73f221adea5d3,22e05ea2e1684256cfcefc889a4c658b5530de8a
inst_6de219ee046e11cc6b3925b66cc25f0b4641e502623cd3aa766407f918c53235,cubic_spin_glass,train,selective,all_to_all_reference,5,5,0,0,5,32.0,32.0,0.0,32.0,32.0,31.0,31.0,0.0,31.0,31.0,0.0,0.0,0.0,0.0,0.0006418200035113841,0.0006374999938998371,pass,,9d124ad72c0fe2b841fbfc927ec45c35cb413a6a0e01baada17f1025709d315c,9626c07cf4ccf3251a3585a4b367551c7a78f57218970c0d71f73f221adea5d3,22e05ea2e1684256cfcefc889a4c658b5530de8a
inst_6de219ee046e11cc6b3925b66cc25f0b4641e502623cd3aa766407f918c53235,cubic_spin_glass,train,selective,device_sparse_v1,5,5,0,0,5,50.0,50.0,3.3166247903554,47.0928501930585,52.9071498069415,43.4,42.0,5.128352561983234,38.90480078305755,47.895199216942444,6.4,7.0,18.0,18.0,0.005308700003661215,0.005249200010439381,pass,,9d124ad72c0fe2b841fbfc927ec45c35cb413a6a0e01baada17f1025709d315c,9626c07cf4ccf3251a3585a4b367551c7a78f57218970c0d71f73f221adea5d3,22e05ea2e1684256cfcefc889a4c658b5530de8a
inst_6e8e29b178b0429786c8a2bff968eb63511358e6ddec0fe591285ea24a8d1c6d,cubic_spin_glass,train,all_native,all_to_all_reference,5,5,0,0,5,48.0,48.0,0.0,48.0,48.0,31.0,31.0,0.0,31.0,31.0,0.0,0.0,0.0,0.0,0.0010908000054769217,0.00119570002425462,pass,,9d124ad72c0fe2b841fbfc927ec45c35cb413a6a0e01baada17f1025709d315c,9626c07cf4ccf3251a3585a4b367551c7a78f57218970c0d71f73f221adea5d3,22e05ea2e1684256cfcefc889a4c658b5530de8a
inst_6e8e29b178b0429786c8a2bff968eb63511358e6ddec0fe591285ea24a8d1c6d,cubic_spin_glass,train,all_native,device_sparse_v1,5,5,0,0,5,64.6,65.0,4.159326868617084,60.95418925340329,68.24581074659669,46.2,43.0,6.058052492344384,40.88988286381553,51.510117136184476,9.0,9.0,16.6,17.0,0.018313359998865054,0.007556500000646338,pass,,9d124ad72c0fe2b841fbfc927ec45c35cb413a6a0e01baada17f1025709d315c,9626c07cf4ccf3251a3585a4b367551c7a78f57218970c0d71f73f221adea5d3,22e05ea2e1684256cfcefc889a4c658b5530de8a
inst_6e8e29b178b0429786c8a2bff968eb63511358e6ddec0fe591285ea24a8d1c6d,cubic_spin_glass,train,fully_quadratized,all_to_all_reference,5,5,0,0,5,82.0,82.0,0.0,82.0,82.0,36.0,36.0,0.0,36.0,36.0,0.0,0.0,0.0,0.0,0.0010751400026492775,0.0010938000050373375,pass,,9d124ad72c0fe2b841fbfc927ec45c35cb413a6a0e01baada17f1025709d315c,9626c07cf4ccf3251a3585a4b367551c7a78f57218970c0d71f73f221adea5d3,22e05ea2e1684256cfcefc889a4c658b5530de8a
inst_6e8e29b178b0429786c8a2bff968eb63511358e6ddec0fe591285ea24a8d1c6d,cubic_spin_glass,train,fully_quadratized,device_sparse_v1,5,0,5,0,5,,,,,,,,,,,,,,,,,expected_infeasible_width,expected_capacity_failure,9d124ad72c0fe2b841fbfc927ec45c35cb413a6a0e01baada17f1025709d315c,9626c07cf4ccf3251a3585a4b367551c7a78f57218970c0d71f73f221adea5d3,22e05ea2e1684256cfcefc889a4c658b5530de8a
inst_6e8e29b178b0429786c8a2bff968eb63511358e6ddec0fe591285ea24a8d1c6d,cubic_spin_glass,train,matched_random_selective,all_to_all_reference,25,25,0,5,5,48.0,48.0,0.0,48.0,48.0,31.0,31.0,0.0,31.0,31.0,0.0,0.0,0.0,0.0,0.001164236000040546,0.0012072000245098025,pass,,9d124ad72c0fe2b841fbfc927ec45c35cb413a6a0e01baada17f1025709d315c,9626c07cf4ccf3251a3585a4b367551c7a78f57218970c0d71f73f221adea5d3,22e05ea2e1684256cfcefc889a4c658b5530de8a
inst_6e8e29b178b0429786c8a2bff968eb63511358e6ddec0fe591285ea24a8d1c6d,cubic_spin_glass,train,matched_random_selective,device_sparse_v1,25,25,0,5,5,64.6,65.0,3.7969285832981723,63.11160399534711,66.08839600465288,46.2,43.0,5.530220007679019,44.03215375698983,48.36784624301018,9.0,9.0,16.6,17.0,0.007184235997265205,0.007141000009141862,pass,,9d124ad72c0fe2b841fbfc927ec45c35cb413a6a0e01baada17f1025709d315c,9626c07cf4ccf3251a3585a4b367551c7a78f57218970c0d71f73f221adea5d3,22e05ea2e1684256cfcefc889a4c658b5530de8a
inst_6e8e29b178b0429786c8a2bff968eb63511358e6ddec0fe591285ea24a8d1c6d,cubic_spin_glass,train,selective,all_to_all_reference,5,5,0,0,5,48.0,48.0,0.0,48.0,48.0,31.0,31.0,0.0,31.0,31.0,0.0,0.0,0.0,0.0,0.001090600003954023,0.0011485000140964985,pass,,9d124ad72c0fe2b841fbfc927ec45c35cb413a6a0e01baada17f1025709d315c,9626c07cf4ccf3251a3585a4b367551c7a78f57218970c0d71f73f221adea5d3,22e05ea2e1684256cfcefc889a4c658b5530de8a
inst_6e8e29b178b0429786c8a2bff968eb63511358e6ddec0fe591285ea24a8d1c6d,cubic_spin_glass,train,selective,device_sparse_v1,5,5,0,0,5,64.6,65.0,4.159326868617084,60.95418925340329,68.24581074659669,46.2,43.0,6.058052492344384,40.88988286381553,51.510117136184476,9.0,9.0,16.6,17.0,0.007462480000685901,0.007556800002930686,pass,,9d124ad72c0fe2b841fbfc927ec45c35cb413a6a0e01baada17f1025709d315c,9626c07cf4ccf3251a3585a4b367551c7a78f57218970c0d71f73f221adea5d3,22e05ea2e1684256cfcefc889a4c658b5530de8a
inst_6ea539895de41953dcf8585c9c5a14620e89386260235c3b1468a17d57ab2b23,cubic_spin_glass,train,all_native,all_to_all_reference,5,5,0,0,5,64.0,64.0,0.0,64.0,64.0,57.0,57.0,0.0,57.0,57.0,0.0,0.0,0.0,0.0,0.001082780002616346,0.000963500002399087,pass,,9d124ad72c0fe2b841fbfc927ec45c35cb413a6a0e01baada17f1025709d315c,9626c07cf4ccf3251a3585a4b367551c7a78f57218970c0d71f73f221adea5d3,22e05ea2e1684256cfcefc889a4c658b5530de8a
inst_6ea539895de41953dcf8585c9c5a14620e89386260235c3b1468a17d57ab2b23,cubic_spin_glass,train,all_native,device_sparse_v1,5,5,0,0,5,96.8,96.0,6.648308055437864,90.97250105105114,102.62749894894885,81.2,81.0,2.6832815729997477,78.848,83.552,13.6,14.0,32.8,32.0,0.007661819993518293,0.007639399991603568,pass,,9d124ad72c0fe2b841fbfc927ec45c35cb413a6a0e01baada17f1025709d315c,9626c07cf4ccf3251a3585a4b367551c7a78f57218970c0d71f73f221adea5d3,22e05ea2e1684256cfcefc889a4c658b5530de8a
inst_6ea539895de41953dcf8585c9c5a14620e89386260235c3b1468a17d57ab2b23,cubic_spin_glass,train,fully_quadratized,all_to_all_reference,5,5,0,0,5,88.0,88.0,0.0,88.0,88.0,30.0,30.0,0.0,30.0,30.0,0.0,0.0,0.0,0.0,0.0011228999996092171,0.0010832000116351992,pass,,9d124ad72c0fe2b841fbfc927ec45c35cb413a6a0e01baada17f1025709d315c,9626c07cf4ccf3251a3585a4b367551c7a78f57218970c0d71f73f221adea5d3,22e05ea2e1684256cfcefc889a4c658b5530de8a
inst_6ea539895de41953dcf8585c9c5a14620e89386260235c3b1468a17d57ab2b23,cubic_spin_glass,train,fully_quadratized,device_sparse_v1,5,5,0,0,5,148.8,150.0,3.1144823004794873,146.07003589767191,151.5299641023281,93.2,94.0,10.329569206893384,84.14573338143835,102.25426661856166,20.8,21.0,60.8,62.0,0.008022240002173931,0.007696500018937513,pass,,9d124ad72c0fe2b841fbfc927ec45c35cb413a6a0e01baada17f1025709d315c,9626c07cf4ccf3251a3585a4b367551c7a78f57218970c0d71f73f221adea5d3,22e05ea2e1684256cfcefc889a4c658b5530de8a
inst_6ea539895de41953dcf8585c9c5a14620e89386260235c3b1468a17d57ab2b23,cubic_spin_glass,train,matched_random_selective,all_to_all_reference,25,25,0,5,5,64.0,64.0,0.0,64.0,64.0,57.0,57.0,0.0,57.0,57.0,0.0,0.0,0.0,0.0,0.001068284003995359,0.000982600002316758,pass,,9d124ad72c0fe2b841fbfc927ec45c35cb413a6a0e01baada17f1025709d315c,9626c07cf4ccf3251a3585a4b367551c7a78f57218970c0d71f73f221adea5d3,22e05ea2e1684256cfcefc889a4c658b5530de8a
inst_6ea539895de41953dcf8585c9c5a14620e89386260235c3b1468a17d57ab2b23,cubic_spin_glass,train,matched_random_selective,device_sparse_v1,25,25,0,5,5,96.8,96.0,6.069047152011041,94.42093351641167,99.17906648358833,81.2,81.0,2.449489742783178,80.239800020829,82.16019997917101,13.6,14.0,32.8,32.0,0.0067168920009862635,0.006398600002285093,pass,,9d124ad72c0fe2b841fbfc927ec45c35cb413a6a0e01baada17f1025709d315c,9626c07cf4ccf3251a3585a4b367551c7a78f57218970c0d71f73f221adea5d3,22e05ea2e1684256cfcefc889a4c658b5530de8a
inst_6ea539895de41953dcf8585c9c5a14620e89386260235c3b1468a17d57ab2b23,cubic_spin_glass,train,selective,all_to_all_reference,5,5,0,0,5,64.0,64.0,0.0,64.0,64.0,57.0,57.0,0.0,57.0,57.0,0.0,0.0,0.0,0.0,0.0012205399922095238,0.0012380999978631735,pass,,9d124ad72c0fe2b841fbfc927ec45c35cb413a6a0e01baada17f1025709d315c,9626c07cf4ccf3251a3585a4b367551c7a78f57218970c0d71f73f221adea5d3,22e05ea2e1684256cfcefc889a4c658b5530de8a
inst_6ea539895de41953dcf8585c9c5a14620e89386260235c3b1468a17d57ab2b23,cubic_spin_glass,train,selective,device_sparse_v1,5,5,0,0,5,96.8,96.0,6.648308055437864,90.97250105105114,102.62749894894885,81.2,81.0,2.6832815729997477,78.848,83.552,13.6,14.0,32.8,32.0,0.008324120001634582,0.008050200005527586,pass,,9d124ad72c0fe2b841fbfc927ec45c35cb413a6a0e01baada17f1025709d315c,9626c07cf4ccf3251a3585a4b367551c7a78f57218970c0d71f73f221adea5d3,22e05ea2e1684256cfcefc889a4c658b5530de8a
inst_70386662ce4299b736f2e3c495ef2708cd597b5b14cffe32a5027158a7a4a610,max3sat,test,all_native,all_to_all_reference,5,5,0,0,5,292.0,292.0,0.0,292.0,292.0,177.0,177.0,0.0,177.0,177.0,0.0,0.0,0.0,0.0,0.0025083999906200917,0.002491899998858571,pass,,9d124ad72c0fe2b841fbfc927ec45c35cb413a6a0e01baada17f1025709d315c,9626c07cf4ccf3251a3585a4b367551c7a78f57218970c0d71f73f221adea5d3,22e05ea2e1684256cfcefc889a4c658b5530de8a
inst_70386662ce4299b736f2e3c495ef2708cd597b5b14cffe32a5027158a7a4a610,max3sat,test,all_native,device_sparse_v1,5,5,0,0,5,553.0,550.0,14.966629547095765,539.8811707839457,566.1188292160543,363.0,360.0,19.710403344427025,345.72306971710543,380.27693028289457,99.4,98.0,261.0,258.0,0.013043980003567412,0.01217880001058802,pass,,9d124ad72c0fe2b841fbfc927ec45c35cb413a6a0e01baada17f1025709d315c,9626c07cf4ccf3251a3585a4b367551c7a78f57218970c0d71f73f221adea5d3,22e05ea2e1684256cfcefc889a4c658b5530de8a
inst_70386662ce4299b736f2e3c495ef2708cd597b5b14cffe32a5027158a7a4a610,max3sat,test,fully_quadratized,all_to_all_reference,5,5,0,0,5,260.0,260.0,0.0,260.0,260.0,60.0,60.0,0.0,60.0,60.0,0.0,0.0,0.0,0.0,0.002994060004130006,0.0027135999989695847,pass,,9d124ad72c0fe2b841fbfc927ec45c35cb413a6a0e01baada17f1025709d315c,9626c07cf4ccf3251a3585a4b367551c7a78f57218970c0d71f73f221adea5d3,22e05ea2e1684256cfcefc889a4c658b5530de8a
inst_70386662ce4299b736f2e3c495ef2708cd597b5b14cffe32a5027158a7a4a610,max3sat,test,fully_quadratized,device_sparse_v1,5,0,5,0,5,,,,,,,,,,,,,,,,,expected_infeasible_width,expected_capacity_failure,9d124ad72c0fe2b841fbfc927ec45c35cb413a6a0e01baada17f1025709d315c,9626c07cf4ccf3251a3585a4b367551c7a78f57218970c0d71f73f221adea5d3,22e05ea2e1684256cfcefc889a4c658b5530de8a
inst_70386662ce4299b736f2e3c495ef2708cd597b5b14cffe32a5027158a7a4a610,max3sat,test,matched_random_selective,all_to_all_reference,25,25,0,5,5,308.0,310.0,6.708203932499369,305.3703840584603,310.6296159415397,120.0,120.0,14.097872179871684,114.4736341054903,125.5263658945097,0.0,0.0,0.0,0.0,0.0029579599958378822,0.0028565999818965793,pass,,9d124ad72c0fe2b841fbfc927ec45c35cb413a6a0e01baada17f1025709d315c,9626c07cf4ccf3251a3585a4b367551c7a78f57218970c0d71f73f221adea5d3,22e05ea2e1684256cfcefc889a4c658b5530de8a
inst_70386662ce4299b736f2e3c495ef2708cd597b5b14cffe32a5027158a7a4a610,max3sat,test,matched_random_selective,device_sparse_v1,25,0,25,5,5,,,,,,,,,,,,,,,,,expected_infeasible_width,expected_capacity_failure,9d124ad72c0fe2b841fbfc927ec45c35cb413a6a0e01baada17f1025709d315c,9626c07cf4ccf3251a3585a4b367551c7a78f57218970c0d71f73f221adea5d3,22e05ea2e1684256cfcefc889a4c658b5530de8a
inst_70386662ce4299b736f2e3c495ef2708cd597b5b14cffe32a5027158a7a4a610,max3sat,test,selective,all_to_all_reference,5,5,0,0,5,272.0,272.0,0.0,272.0,272.0,67.0,67.0,0.0,67.0,67.0,0.0,0.0,0.0,0.0,0.003441039996687323,0.0033817999938037246,pass,,9d124ad72c0fe2b841fbfc927ec45c35cb413a6a0e01baada17f1025709d315c,9626c07cf4ccf3251a3585a4b367551c7a78f57218970c0d71f73f221adea5d3,22e05ea2e1684256cfcefc889a4c658b5530de8a
inst_70386662ce4299b736f2e3c495ef2708cd597b5b14cffe32a5027158a7a4a610,max3sat,test,selective,device_sparse_v1,5,0,5,0,5,,,,,,,,,,,,,,,,,expected_infeasible_width,expected_capacity_failure,9d124ad72c0fe2b841fbfc927ec45c35cb413a6a0e01baada17f1025709d315c,9626c07cf4ccf3251a3585a4b367551c7a78f57218970c0d71f73f221adea5d3,22e05ea2e1684256cfcefc889a4c658b5530de8a
inst_70cd92fd1145b443443914cb7d2dd37eebe868cb4f6e2e0cd99cc6f5fceb49f1,cubic_spin_glass,validation,all_native,all_to_all_reference,5,5,0,0,5,64.0,64.0,0.0,64.0,64.0,62.0,62.0,0.0,62.0,62.0,0.0,0.0,0.0,0.0,0.0012201800069306045,0.001207799999974668,pass,,9d124ad72c0fe2b841fbfc927ec45c35cb413a6a0e01baada17f1025709d315c,9626c07cf4ccf3251a3585a4b367551c7a78f57218970c0d71f73f221adea5d3,22e05ea2e1684256cfcefc889a4c658b5530de8a
inst_70cd92fd1145b443443914cb7d2dd37eebe868cb4f6e2e0cd99cc6f5fceb49f1,cubic_spin_glass,validation,all_native,device_sparse_v1,5,5,0,0,5,100.8,99.0,6.572670690061994,95.03880012497396,106.56119987502603,83.4,81.0,6.6558245169174945,77.56591258207422,89.23408741792579,15.6,15.0,36.8,35.0,0.008155319991055876,0.007940999988932163,pass,,9d124ad72c0fe2b841fbfc927ec45c35cb413a6a0e01baada17f1025709d315c,9626c07cf4ccf3251a3585a4b367551c7a78f57218970c0d71f73f221adea5d3,22e05ea2e1684256cfcefc889a4c658b5530de8a
inst_70cd92fd1145b443443914cb7d2dd37eebe868cb4f6e2e0cd99cc6f5fceb49f1,cubic_spin_glass,validation,fully_quadratized,all_to_all_reference,5,5,0,0,5,110.0,110.0,0.0,110.0,110.0,40.0,40.0,0.0,40.0,40.0,0.0,0.0,0.0,0.0,0.0015033999923616647,0.0014872000028844923,pass,,9d124ad72c0fe2b841fbfc927ec45c35cb413a6a0e01baada17f1025709d315c,9626c07cf4ccf3251a3585a4b367551c7a78f57218970c0d71f73f221adea5d3,22e05ea2e1684256cfcefc889a4c658b5530de8a
inst_70cd92fd1145b443443914cb7d2dd37eebe868cb4f6e2e0cd99cc6f5fceb49f1,cubic_spin_glass,validation,fully_quadratized,device_sparse_v1,5,0,5,0,5,,,,,,,,,,,,,,,,,expected_infeasible_width,expected_capacity_failure,9d124ad72c0fe2b841fbfc927ec45c35cb413a6a0e01baada17f1025709d315c,9626c07cf4ccf3251a3585a4b367551c7a78f57218970c0d71f73f221adea5d3,22e05ea2e1684256cfcefc889a4c658b5530de8a
inst_70cd92fd1145b443443914cb7d2dd37eebe868cb4f6e2e0cd99cc6f5fceb49f1,cubic_spin_glass,validation,matched_random_selective,all_to_all_reference,25,25,0,5,5,64.0,64.0,0.0,64.0,64.0,62.0,62.0,0.0,62.0,62.0,0.0,0.0,0.0,0.0,0.0011876400024630129,0.0012250000145286322,pass,,9d124ad72c0fe2b841fbfc927ec45c35cb413a6a0e01baada17f1025709d315c,9626c07cf4ccf3251a3585a4b367551c7a78f57218970c0d71f73f221adea5d3,22e05ea2e1684256cfcefc889a4c658b5530de8a
inst_70cd92fd1145b443443914cb7d2dd37eebe868cb4f6e2e0cd99cc6f5fceb49f1,cubic_spin_glass,validation,matched_random_selective,device_sparse_v1,25,25,0,5,5,100.8,99.0,6.0,98.448,103.152,83.4,81.0,6.075908711186061,81.01824378521508,85.78175621478493,15.6,15.0,36.8,35.0,0.007253908000420779,0.007388199999695644,pass,,9d124ad72c0fe2b841fbfc927ec45c35cb413a6a0e01baada17f1025709d315c,9626c07cf4ccf3251a3585a4b367551c7a78f57218970c0d71f73f221adea5d3,22e05ea2e1684256cfcefc889a4c658b5530de8a
inst_70cd92fd1145b443443914cb7d2dd37eebe868cb4f6e2e0cd99cc6f5fceb49f1,cubic_spin_glass,validation,selective,all_to_all_reference,5,5,0,0,5,64.0,64.0,0.0,64.0,64.0,62.0,62.0,0.0,62.0,62.0,0.0,0.0,0.0,0.0,0.001147240010323003,0.0011803999950643629,pass,,9d124ad72c0fe2b841fbfc927ec45c35cb413a6a0e01baada17f1025709d315c,9626c07cf4ccf3251a3585a4b367551c7a78f57218970c0d71f73f221adea5d3,22e05ea2e1684256cfcefc889a4c658b5530de8a
inst_70cd92fd1145b443443914cb7d2dd37eebe868cb4f6e2e0cd99cc6f5fceb49f1,cubic_spin_glass,validation,selective,device_sparse_v1,5,5,0,0,5,100.8,99.0,6.572670690061994,95.03880012497396,106.56119987502603,83.4,81.0,6.6558245169174945,77.56591258207422,89.23408741792579,15.6,15.0,36.8,35.0,0.007670059998054058,0.007698100002016872,pass,,9d124ad72c0fe2b841fbfc927ec45c35cb413a6a0e01baada17f1025709d315c,9626c07cf4ccf3251a3585a4b367551c7a78f57218970c0d71f73f221adea5d3,22e05ea2e1684256cfcefc889a4c658b5530de8a
inst_724e0f606e662c6fc85b188f6d894ad9f45246f9367864a6c0b04d899083b597,max3sat,train,all_native,all_to_all_reference,5,5,0,0,5,188.0,188.0,0.0,188.0,188.0,136.0,136.0,0.0,136.0,136.0,0.0,0.0,0.0,0.0,0.0018943199887871743,0.0019881999760400504,pass,,9d124ad72c0fe2b841fbfc927ec45c35cb413a6a0e01baada17f1025709d315c,9626c07cf4ccf3251a3585a4b367551c7a78f57218970c0d71f73f221adea5d3,22e05ea2e1684256cfcefc889a4c658b5530de8a
inst_724e0f606e662c6fc85b188f6d894ad9f45246f9367864a6c0b04d899083b597,max3sat,train,all_native,device_sparse_v1,5,5,0,0,5,319.4,322.0,9.44986772394196,311.1168257292267,327.68317427077324,252.0,258.0,14.543039572248986,239.25246376745687,264.74753623254315,51.8,54.0,131.4,134.0,0.011412060004658997,0.01134610001463443,pass,,9d124ad72c0fe2b841fbfc927ec45c35cb413a6a0e01baada17f1025709d315c,9626c07cf4ccf3251a3585a4b367551c7a78f57218970c0d71f73f221adea5d3,22e05ea2e1684256cfcefc889a4c658b5530de8a
inst_724e0f606e662c6fc85b188f6d894ad9f45246f9367864a6c0b04d899083b597,max3sat,train,fully_quadratized,all_to_all_reference,5,5,0,0,5,164.0,164.0,0.0,164.0,164.0,48.0,48.0,0.0,48.0,48.0,0.0,0.0,0.0,0.0,0.002138140005990863,0.0022222000116016716,pass,,9d124ad72c0fe2b841fbfc927ec45c35cb413a6a0e01baada17f1025709d315c,9626c07cf4ccf3251a3585a4b367551c7a78f57218970c0d71f73f221adea5d3,22e05ea2e1684256cfcefc889a4c658b5530de8a
inst_724e0f606e662c6fc85b188f6d894ad9f45246f9367864a6c0b04d899083b597,max3sat,train,fully_quadratized,device_sparse_v1,5,0,5,0,5,,,,,,,,,,,,,,,,,expected_infeasible_width,expected_capacity_failure,9d124ad72c0fe2b841fbfc927ec45c35cb413a6a0e01baada17f1025709d315c,9626c07cf4ccf3251a3585a4b367551c7a78f57218970c0d71f73f221adea5d3,22e05ea2e1684256cfcefc889a4c658b5530de8a
inst_724e0f606e662c6fc85b188f6d894ad9f45246f9367864a6c0b04d899083b597,max3sat,train,matched_random_selective,all_to_all_reference,25,25,0,5,5,195.6,198.0,3.265986323710904,194.3197333611053,196.88026663889468,87.4,91.0,7.599342076785332,84.42105790590016,90.37894209409986,0.0,0.0,0.0,0.0,0.0018731040006969124,0.0018360000103712082,pass,,9d124ad72c0fe2b841fbfc927ec45c35cb413a6a0e01baada17f1025709d315c,9626c07cf4ccf3251a3585a4b367551c7a78f57218970c0d71f73f221adea5d3,22e05ea2e1684256cfcefc889a4c658b5530de8a
inst_724e0f606e662c6fc85b188f6d894ad9f45246f9367864a6c0b04d899083b597,max3sat,train,matched_random_selective,device_sparse_v1,25,0,25,5,5,,,,,,,,,,,,,,,,,expected_infeasible_width,expected_capacity_failure,9d124ad72c0fe2b841fbfc927ec45c35cb413a6a0e01baada17f1025709d315c,9626c07cf4ccf3251a3585a4b367551c7a78f57218970c0d71f73f221adea5d3,22e05ea2e1684256cfcefc889a4c658b5530de8a
inst_724e0f606e662c6fc85b188f6d894ad9f45246f9367864a6c0b04d899083b597,max3sat,train,selective,all_to_all_reference,5,5,0,0,5,182.0,182.0,0.0,182.0,182.0,57.0,57.0,0.0,57.0,57.0,0.0,0.0,0.0,0.0,0.0019586200069170445,0.0019258000247646123,pass,,9d124ad72c0fe2b841fbfc927ec45c35cb413a6a0e01baada17f1025709d315c,9626c07cf4ccf3251a3585a4b367551c7a78f57218970c0d71f73f221adea5d3,22e05ea2e1684256cfcefc889a4c658b5530de8a
inst_724e0f606e662c6fc85b188f6d894ad9f45246f9367864a6c0b04d899083b597,max3sat,train,selective,device_sparse_v1,5,0,5,0,5,,,,,,,,,,,,,,,,,expected_infeasible_width,expected_capacity_failure,9d124ad72c0fe2b841fbfc927ec45c35cb413a6a0e01baada17f1025709d315c,9626c07cf4ccf3251a3585a4b367551c7a78f57218970c0d71f73f221adea5d3,22e05ea2e1684256cfcefc889a4c658b5530de8a
inst_7716434047cb9a3a78813351309803842d97d8ee66b37f8923c41d7969c1c58a,cubic_spin_glass,train,all_native,all_to_all_reference,5,5,0,0,5,128.0,128.0,0.0,128.0,128.0,108.0,108.0,0.0,108.0,108.0,0.0,0.0,0.0,0.0,0.0015701600001193582,0.0014664999907836318,pass,,9d124ad72c0fe2b841fbfc927ec45c35cb413a6a0e01baada17f1025709d315c,9626c07cf4ccf3251a3585a4b367551c7a78f57218970c0d71f73f221adea5d3,22e05ea2e1684256cfcefc889a4c658b5530de8a
inst_7716434047cb9a3a78813351309803842d97d8ee66b37f8923c41d7969c1c58a,cubic_spin_glass,train,all_native,device_sparse_v1,5,5,0,0,5,228.2,228.0,4.43846820423443,224.30951108470927,232.0904889152907,185.8,185.0,4.764451699828638,181.62377395247816,189.97622604752186,38.6,39.0,100.2,100.0,0.00926168000441976,0.009398599999258295,pass,,9d124ad72c0fe2b841fbfc927ec45c35cb413a6a0e01baada17f1025709d315c,9626c07cf4ccf3251a3585a4b367551c7a78f57218970c0d71f73f221adea5d3,22e05ea2e1684256cfcefc889a4c658b5530de8a
inst_7716434047cb9a3a78813351309803842d97d8ee66b37f8923c41d7969c1c58a,cubic_spin_glass,train,fully_quadratized,all_to_all_reference,5,5,0,0,5,150.0,150.0,0.0,150.0,150.0,48.0,48.0,0.0,48.0,48.0,0.0,0.0,0.0,0.0,0.0018892999971285463,0.0016024000069592148,pass,,9d124ad72c0fe2b841fbfc927ec45c35cb413a6a0e01baada17f1025709d315c,9626c07cf4ccf3251a3585a4b367551c7a78f57218970c0d71f73f221adea5d3,22e05ea2e1684256cfcefc889a4c658b5530de8a
inst_7716434047cb9a3a78813351309803842d97d8ee66b37f8923c41d7969c1c58a,cubic_spin_glass,train,fully_quadratized,device_sparse_v1,5,0,5,0,5,,,,,,,,,,,,,,,,,expected_infeasible_width,expected_capacity_failure,9d124ad72c0fe2b841fbfc927ec45c35cb413a6a0e01baada17f1025709d315c,9626c07cf4ccf3251a3585a4b367551c7a78f57218970c0d71f73f221adea5d3,22e05ea2e1684256cfcefc889a4c658b5530de8a
inst_7716434047cb9a3a78813351309803842d97d8ee66b37f8923c41d7969c1c58a,cubic_spin_glass,train,matched_random_selective,all_to_all_reference,25,25,0,5,5,157.6,156.0,3.0,156.424,158.77599999999998,99.4,99.0,4.310839052125854,97.71015109156667,101.08984890843334,0.0,0.0,0.0,0.0,0.0018226040038280189,0.0016920999914873391,pass,,9d124ad72c0fe2b841fbfc927ec45c35cb413a6a0e01baada17f1025709d315c,9626c07cf4ccf3251a3585a4b367551c7a78f57218970c0d71f73f221adea5d3,22e05ea2e1684256cfcefc889a4c658b5530de8a
inst_7716434047cb9a3a78813351309803842d97d8ee66b37f8923c41d7969c1c58a,cubic_spin_glass,train,matched_random_selective,device_sparse_v1,25,25,0,5,5,292.88,290.0,12.211060560000512,288.09326426047977,297.6667357395202,190.84,190.0,10.82312339391915,186.5973356295837,195.0826643704163,49.52,49.0,135.28,135.0,0.010089856004342437,0.010181999998167157,pass,,9d124ad72c0fe2b841fbfc927ec45c35cb413a6a0e01baada17f1025709d315c,9626c07cf4ccf3251a3585a4b367551c7a78f57218970c0d71f73f221adea5d3,22e05ea2e1684256cfcefc889a4c658b5530de8a
inst_7716434047cb9a3a78813351309803842d97d8ee66b37f8923c41d7969c1c58a,cubic_spin_glass,train,selective,all_to_all_reference,5,5,0,0,5,140.0,140.0,0.0,140.0,140.0,77.0,77.0,0.0,77.0,77.0,0.0,0.0,0.0,0.0,0.0017128999985288828,0.001563000027090311,pass,,9d124ad72c0fe2b841fbfc927ec45c35cb413a6a0e01baada17f1025709d315c,9626c07cf4ccf3251a3585a4b367551c7a78f57218970c0d71f73f221adea5d3,22e05ea2e1684256cfcefc889a4c658b5530de8a
inst_7716434047cb9a3a78813351309803842d97d8ee66b37f8923c41d7969c1c58a,cubic_spin_glass,train,selective,device_sparse_v1,5,5,0,0,5,247.8,247.0,9.909591313469996,239.11386023598516,256.48613976401487,159.2,167.0,13.682105101189656,147.20710610402975,171.19289389597023,39.8,40.0,107.8,107.0,0.009329799993429333,0.009380300005432218,pass,,9d124ad72c0fe2b841fbfc927ec45c35cb413a6a0e01baada17f1025709d315c,9626c07cf4ccf3251a3585a4b367551c7a78f57218970c0d71f73f221adea5d3,22e05ea2e1684256cfcefc889a4c658b5530de8a
inst_79109a0aeb80dc43411828163b5e828f667c41be7b72649f61aa8c0c3d211456,max3sat,train,all_native,all_to_all_reference,5,5,0,0,5,180.0,180.0,0.0,180.0,180.0,142.0,142.0,0.0,142.0,142.0,0.0,0.0,0.0,0.0,0.0017649400047957896,0.0016330000071320683,pass,,9d124ad72c0fe2b841fbfc927ec45c35cb413a6a0e01baada17f1025709d315c,9626c07cf4ccf3251a3585a4b367551c7a78f57218970c0d71f73f221adea5d3,22e05ea2e1684256cfcefc889a4c658b5530de8a
inst_79109a0aeb80dc43411828163b5e828f667c41be7b72649f61aa8c0c3d211456,max3sat,train,all_native,device_sparse_v1,5,5,0,0,5,325.8,328.0,6.97853852894716,319.6830412785437,331.9169587214563,256.6,252.0,8.792041856133306,248.89343552547572,264.3065644745243,53.8,54.0,145.8,148.0,0.010759080003481358,0.010475799994310364,pass,,9d124ad72c0fe2b841fbfc927ec45c35cb413a6a0e01baada17f1025709d315c,9626c07cf4ccf3251a3585a4b367551c7a78f57218970c0d71f73f221adea5d3,22e05ea2e1684256cfcefc889a4c658b5530de8a
inst_79109a0aeb80dc43411828163b5e828f667c41be7b72649f61aa8c0c3d211456,max3sat,train,fully_quadratized,all_to_all_reference,5,5,0,0,5,160.0,160.0,0.0,160.0,160.0,46.0,46.0,0.0,46.0,46.0,0.0,0.0,0.0,0.0,0.0017118400020990521,0.0017081999976653606,pass,,9d124ad72c0fe2b841fbfc927ec45c35cb413a6a0e01baada17f1025709d315c,9626c07cf4ccf3251a3585a4b367551c7a78f57218970c0d71f73f221adea5d3,22e05ea2e1684256cfcefc889a4c658b5530de8a
inst_79109a0aeb80dc43411828163b5e828f667c41be7b72649f61aa8c0c3d211456,max3sat,train,fully_quadratized,device_sparse_v1,5,0,5,0,5,,,,,,,,,,,,,,,,,expected_infeasible_width,expected_capacity_failure,9d124ad72c0fe2b841fbfc927ec45c35cb413a6a0e01baada17f1025709d315c,9626c07cf4ccf3251a3585a4b367551c7a78f57218970c0d71f73f221adea5d3,22e05ea2e1684256cfcefc889a4c658b5530de8a
inst_79109a0aeb80dc43411828163b5e828f667c41be7b72649f61aa8c0c3d211456,max3sat,train,matched_random_selective,all_to_all_reference,25,25,0,5,5,188.4,188.0,2.70801280154532,187.33845898179425,189.46154101820576,117.0,118.0,4.232808366400098,115.34073912037117,118.65926087962883,0.0,0.0,0.0,0.0,0.001809652002993971,0.0017084999999497086,pass,,9d124ad72c0fe2b841fbfc927ec45c35cb413a6a0e01baada17f1025709d315c,9626c07cf4ccf3251a3585a4b367551c7a78f57218970c0d71f73f221adea5d3,22e05ea2e1684256cfcefc889a4c658b5530de8a
inst_79109a0aeb80dc43411828163b5e828f667c41be7b72649f61aa8c0c3d211456,max3sat,train,matched_random_selective,device_sparse_v1,25,0,25,5,5,,,,,,,,,,,,,,,,,expected_infeasible_width,expected_capacity_failure,9d124ad72c0fe2b841fbfc927ec45c35cb413a6a0e01baada17f1025709d315c,9626c07cf4ccf3251a3585a4b367551c7a78f57218970c0d71f73f221adea5d3,22e05ea2e1684256cfcefc889a4c658b5530de8a
inst_79109a0aeb80dc43411828163b5e828f667c41be7b72649f61aa8c0c3d211456,max3sat,train,selective,all_to_all_reference,5,5,0,0,5,168.0,168.0,0.0,168.0,168.0,84.0,84.0,0.0,84.0,84.0,0.0,0.0,0.0,0.0,0.0015658399963285774,0.0015591999981552362,pass,,9d124ad72c0fe2b841fbfc927ec45c35cb413a6a0e01baada17f1025709d315c,9626c07cf4ccf3251a3585a4b367551c7a78f57218970c0d71f73f221adea5d3,22e05ea2e1684256cfcefc889a4c658b5530de8a
inst_79109a0aeb80dc43411828163b5e828f667c41be7b72649f61aa8c0c3d211456,max3sat,train,selective,device_sparse_v1,5,0,5,0,5,,,,,,,,,,,,,,,,,expected_infeasible_width,expected_capacity_failure,9d124ad72c0fe2b841fbfc927ec45c35cb413a6a0e01baada17f1025709d315c,9626c07cf4ccf3251a3585a4b367551c7a78f57218970c0d71f73f221adea5d3,22e05ea2e1684256cfcefc889a4c658b5530de8a
inst_7c46ab9828c14c80ecbb7d6d499d693814b74054db5e4e07d7a39ee4b775bb50,cubic_spin_glass,train,all_native,all_to_all_reference,5,5,0,0,5,96.0,96.0,0.0,96.0,96.0,96.0,96.0,0.0,96.0,96.0,0.0,0.0,0.0,0.0,0.0015912799921352417,0.001750199997331947,pass,,9d124ad72c0fe2b841fbfc927ec45c35cb413a6a0e01baada17f1025709d315c,9626c07cf4ccf3251a3585a4b367551c7a78f57218970c0d71f73f221adea5d3,22e05ea2e1684256cfcefc889a4c658b5530de8a
inst_7c46ab9828c14c80ecbb7d6d499d693814b74054db5e4e07d7a39ee4b775bb50,cubic_spin_glass,train,all_native,device_sparse_v1,5,5,0,0,5,172.0,175.0,5.787918451395113,166.92666579062643,177.07333420937357,137.0,136.0,4.847679857416329,132.75082125581895,141.24917874418105,29.6,30.0,76.0,79.0,0.008456139988265932,0.008384599990677088,pass,,9d124ad72c0fe2b841fbfc927ec45c35cb413a6a0e01baada17f1025709d315c,9626c07cf4ccf3251a3585a4b367551c7a78f57218970c0d71f73f221adea5d3,22e05ea2e1684256cfcefc889a4c658b5530de8a
inst_7c46ab9828c14c80ecbb7d6d499d693814b74054db5e4e07d7a39ee4b775bb50,cubic_spin_glass,train,fully_quadratized,all_to_all_reference,5,5,0,0,5,128.0,128.0,0.0,128.0,128.0,50.0,50.0,0.0,50.0,50.0,0.0,0.0,0.0,0.0,0.0014228799962438643,0.0013478999899234623,pass,,9d124ad72c0fe2b841fbfc927ec45c35cb413a6a0e01baada17f1025709d315c,9626c07cf4ccf3251a3585a4b367551c7a78f57218970c0d71f73f221adea5d3,22e05ea2e1684256cfcefc889a4c658b5530de8a
inst_7c46ab9828c14c80ecbb7d6d499d693814b74054db5e4e07d7a39ee4b775bb50,cubic_spin_glass,train,fully_quadratized,device_sparse_v1,5,0,5,0,5,,,,,,,,,,,,,,,,,expected_infeasible_width,expected_capacity_failure,9d124ad72c0fe2b841fbfc927ec45c35cb413a6a0e01baada17f1025709d315c,9626c07cf4ccf3251a3585a4b367551c7a78f57218970c0d71f73f221adea5d3,22e05ea2e1684256cfcefc889a4c658b5530de8a
inst_7c46ab9828c14c80ecbb7d6d499d693814b74054db5e4e07d7a39ee4b775bb50,cubic_spin_glass,train,matched_random_selective,all_to_all_reference,25,25,0,5,5,112.4,112.0,4.163331998932265,110.76797385641856,114.03202614358145,98.4,96.0,3.265986323710904,97.11973336110533,99.68026663889468,0.0,0.0,0.0,0.0,0.001633364000590518,0.0017248000076506287,pass,,9d124ad72c0fe2b841fbfc927ec45c35cb413a6a0e01baada17f1025709d315c,9626c07cf4ccf3251a3585a4b367551c7a78f57218970c0d71f73f221adea5d3,22e05ea2e1684256cfcefc889a4c658b5530de8a
inst_7c46ab9828c14c80ecbb7d6d499d693814b74054db5e4e07d7a39ee4b775bb50,cubic_spin_glass,train,matched_random_selective,device_sparse_v1,25,0,25,5,5,,,,,,,,,,,,,,,,,expected_infeasible_width,expected_capacity_failure,9d124ad72c0fe2b841fbfc927ec45c35cb413a6a0e01baada17f1025709d315c,9626c07cf4ccf3251a3585a4b367551c7a78f57218970c0d71f73f221adea5d3,22e05ea2e1684256cfcefc889a4c658b5530de8a
inst_7c46ab9828c14c80ecbb7d6d499d693814b74054db5e4e07d7a39ee4b775bb50,cubic_spin_glass,train,selective,all_to_all_reference,5,5,0,0,5,114.0,114.0,0.0,114.0,114.0,55.0,55.0,0.0,55.0,55.0,0.0,0.0,0.0,0.0,0.0014673999976366758,0.0013213999918662012,pass,,9d124ad72c0fe2b841fbfc927ec45c35cb413a6a0e01baada17f1025709d315c,9626c07cf4ccf3251a3585a4b367551c7a78f57218970c0d71f73f221adea5d3,22e05ea2e1684256cfcefc889a4c658b5530de8a
inst_7c46ab9828c14c80ecbb7d6d499d693814b74054db5e4e07d7a39ee4b775bb50,cubic_spin_glass,train,selective,device_sparse_v1,5,0,5,0,5,,,,,,,,,,,,,,,,,expected_infeasible_width,expected_capacity_failure,9d124ad72c0fe2b841fbfc927ec45c35cb413a6a0e01baada17f1025709d315c,9626c07cf4ccf3251a3585a4b367551c7a78f57218970c0d71f73f221adea5d3,22e05ea2e1684256cfcefc889a4c658b5530de8a
inst_7c746f95778d619e64c9d1d603b4f4ea5d9114e9ad069b562d10c0f26e807114,max3sat,train,all_native,all_to_all_reference,5,5,0,0,5,146.0,146.0,0.0,146.0,146.0,89.0,89.0,0.0,89.0,89.0,0.0,0.0,0.0,0.0,0.001106439990689978,0.0010763999889604747,pass,,9d124ad72c0fe2b841fbfc927ec45c35cb413a6a0e01baada17f1025709d315c,9626c07cf4ccf3251a3585a4b367551c7a78f57218970c0d71f73f221adea5d3,22e05ea2e1684256cfcefc889a4c658b5530de8a
inst_7c746f95778d619e64c9d1d603b4f4ea5d9114e9ad069b562d10c0f26e807114,max3sat,train,all_native,device_sparse_v1,5,0,5,0,5,,,,,,,,,,,,,,,,,expected_infeasible_width,expected_capacity_failure,9d124ad72c0fe2b841fbfc927ec45c35cb413a6a0e01baada17f1025709d315c,9626c07cf4ccf3251a3585a4b367551c7a78f57218970c0d71f73f221adea5d3,22e05ea2e1684256cfcefc889a4c658b5530de8a
inst_7c746f95778d619e64c9d1d603b4f4ea5d9114e9ad069b562d10c0f26e807114,max3sat,train,fully_quadratized,all_to_all_reference,5,5,0,0,5,90.0,90.0,0.0,90.0,90.0,44.0,44.0,0.0,44.0,44.0,0.0,0.0,0.0,0.0,0.000994760007597506,0.0009538000158499926,pass,,9d124ad72c0fe2b841fbfc927ec45c35cb413a6a0e01baada17f1025709d315c,9626c07cf4ccf3251a3585a4b367551c7a78f57218970c0d71f73f221adea5d3,22e05ea2e1684256cfcefc889a4c658b5530de8a
inst_7c746f95778d619e64c9d1d603b4f4ea5d9114e9ad069b562d10c0f26e807114,max3sat,train,fully_quadratized,device_sparse_v1,5,0,5,0,5,,,,,,,,,,,,,,,,,expected_infeasible_width,expected_capacity_failure,9d124ad72c0fe2b841fbfc927ec45c35cb413a6a0e01baada17f1025709d315c,9626c07cf4ccf3251a3585a4b367551c7a78f57218970c0d71f73f221adea5d3,22e05ea2e1684256cfcefc889a4c658b5530de8a
inst_7c746f95778d619e64c9d1d603b4f4ea5d9114e9ad069b562d10c0f26e807114,max3sat,train,matched_random_selective,all_to_all_reference,25,25,0,5,5,147.6,148.0,1.5275252316519468,147.00121010919244,148.19878989080755,83.4,85.0,3.958114029012639,81.84841930062706,84.95158069937295,0.0,0.0,0.0,0.0,0.0011700959992595017,0.0011807000264525414,pass,,9d124ad72c0fe2b841fbfc927ec45c35cb413a6a0e01baada17f1025709d315c,9626c07cf4ccf3251a3585a4b367551c7a78f57218970c0d71f73f221adea5d3,22e05ea2e1684256cfcefc889a4c658b5530de8a
inst_7c746f95778d619e64c9d1d603b4f4ea5d9114e9ad069b562d10c0f26e807114,max3sat,train,matched_random_selective,device_sparse_v1,25,0,25,5,5,,,,,,,,,,,,,,,,,expected_infeasible_width,expected_capacity_failure,9d124ad72c0fe2b841fbfc927ec45c35cb413a6a0e01baada17f1025709d315c,9626c07cf4ccf3251a3585a4b367551c7a78f57218970c0d71f73f221adea5d3,22e05ea2e1684256cfcefc889a4c658b5530de8a
inst_7c746f95778d619e64c9d1d603b4f4ea5d9114e9ad069b562d10c0f26e807114,max3sat,train,selective,all_to_all_reference,5,5,0,0,5,92.0,92.0,0.0,92.0,92.0,38.0,38.0,0.0,38.0,38.0,0.0,0.0,0.0,0.0,0.0010819800023455172,0.0010155999916605651,pass,,9d124ad72c0fe2b841fbfc927ec45c35cb413a6a0e01baada17f1025709d315c,9626c07cf4ccf3251a3585a4b367551c7a78f57218970c0d71f73f221adea5d3,22e05ea2e1684256cfcefc889a4c658b5530de8a
inst_7c746f95778d619e64c9d1d603b4f4ea5d9114e9ad069b562d10c0f26e807114,max3sat,train,selective,device_sparse_v1,5,0,5,0,5,,,,,,,,,,,,,,,,,expected_infeasible_width,expected_capacity_failure,9d124ad72c0fe2b841fbfc927ec45c35cb413a6a0e01baada17f1025709d315c,9626c07cf4ccf3251a3585a4b367551c7a78f57218970c0d71f73f221adea5d3,22e05ea2e1684256cfcefc889a4c658b5530de8a
inst_7df90454db3288ecbd0880a8fbcf3d08e406d14be6f78d4c241e304924acb233,max3sat,train,all_native,all_to_all_reference,5,5,0,0,5,186.0,186.0,0.0,186.0,186.0,138.0,138.0,0.0,138.0,138.0,0.0,0.0,0.0,0.0,0.0017715000023599714,0.0016858000017236918,pass,,9d124ad72c0fe2b841fbfc927ec45c35cb413a6a0e01baada17f1025709d315c,9626c07cf4ccf3251a3585a4b367551c7a78f57218970c0d71f73f221adea5d3,22e05ea2e1684256cfcefc889a4c658b5530de8a
inst_7df90454db3288ecbd0880a8fbcf3d08e406d14be6f78d4c241e304924acb233,max3sat,train,all_native,device_sparse_v1,5,5,0,0,5,319.0,316.0,8.336666000266533,311.69259006213554,326.30740993786446,243.6,239.0,13.183322798141598,232.0443080691808,255.1556919308192,53.4,53.0,133.0,130.0,0.011147820006590337,0.01110020000487566,pass,,9d124ad72c0fe2b841fbfc927ec45c35cb413a6a0e01baada17f1025709d315c,9626c07cf4ccf3251a3585a4b367551c7a78f57218970c0d71f73f221adea5d3,22e05ea2e1684256cfcefc889a4c658b5530de8a
inst_7df90454db3288ecbd0880a8fbcf3d08e406d14be6f78d4c241e304924acb233,max3sat,train,fully_quadratized,all_to_all_reference,5,5,0,0,5,158.0,158.0,0.0,158.0,158.0,48.0,48.0,0.0,48.0,48.0,0.0,0.0,0.0,0.0,0.0016745600092690437,0.001643000025069341,pass,,9d124ad72c0fe2b841fbfc927ec45c35cb413a6a0e01baada17f1025709d315c,9626c07cf4ccf3251a3585a4b367551c7a78f57218970c0d71f73f221adea5d3,22e05ea2e1684256cfcefc889a4c658b5530de8a
inst_7df90454db3288ecbd0880a8fbcf3d08e406d14be6f78d4c241e304924acb233,max3sat,train,fully_quadratized,device_sparse_v1,5,0,5,0,5,,,,,,,,,,,,,,,,,expected_infeasible_width,expected_capacity_failure,9d124ad72c0fe2b841fbfc927ec45c35cb413a6a0e01baada17f1025709d315c,9626c07cf4ccf3251a3585a4b367551c7a78f57218970c0d71f73f221adea5d3,22e05ea2e1684256cfcefc889a4c658b5530de8a
inst_7df90454db3288ecbd0880a8fbcf3d08e406d14be6f78d4c241e304924acb233,max3sat,train,matched_random_selective,all_to_all_reference,25,25,0,5,5,186.0,186.0,2.23606797749979,185.12346135282007,186.87653864717993,100.0,101.0,6.0553007081949835,97.62632212238756,102.37367787761244,0.0,0.0,0.0,0.0,0.001818976002978161,0.0016955999890342355,pass,,9d124ad72c0fe2b841fbfc927ec45c35cb413a6a0e01baada17f1025709d315c,9626c07cf4ccf3251a3585a4b367551c7a78f57218970c0d71f73f221adea5d3,22e05ea2e1684256cfcefc889a4c658b5530de8a
inst_7df90454db3288ecbd0880a8fbcf3d08e406d14be6f78d4c241e304924acb233,max3sat,train,matched_random_selective,device_sparse_v1,25,0,25,5,5,,,,,,,,,,,,,,,,,expected_infeasible_width,expected_capacity_failure,9d124ad72c0fe2b841fbfc927ec45c35cb413a6a0e01baada17f1025709d315c,9626c07cf4ccf3251a3585a4b367551c7a78f57218970c0d71f73f221adea5d3,22e05ea2e1684256cfcefc889a4c658b5530de8a
inst_7df90454db3288ecbd0880a8fbcf3d08e406d14be6f78d4c241e304924acb233,max3sat,train,selective,all_to_all_reference,5,5,0,0,5,172.0,172.0,0.0,172.0,172.0,71.0,71.0,0.0,71.0,71.0,0.0,0.0,0.0,0.0,0.0016478200035635383,0.001644900010433048,pass,,9d124ad72c0fe2b841fbfc927ec45c35cb413a6a0e01baada17f1025709d315c,9626c07cf4ccf3251a3585a4b367551c7a78f57218970c0d71f73f221adea5d3,22e05ea2e1684256cfcefc889a4c658b5530de8a
inst_7df90454db3288ecbd0880a8fbcf3d08e406d14be6f78d4c241e304924acb233,max3sat,train,selective,device_sparse_v1,5,0,5,0,5,,,,,,,,,,,,,,,,,expected_infeasible_width,expected_capacity_failure,9d124ad72c0fe2b841fbfc927ec45c35cb413a6a0e01baada17f1025709d315c,9626c07cf4ccf3251a3585a4b367551c7a78f57218970c0d71f73f221adea5d3,22e05ea2e1684256cfcefc889a4c658b5530de8a
inst_7efab38b2e0155b0b8445fdfed32c7e06e3901e3e22e1d8f40f9b35350aa66a9,cubic_spin_glass,validation,all_native,all_to_all_reference,5,5,0,0,5,320.0,320.0,0.0,320.0,320.0,230.0,230.0,0.0,230.0,230.0,0.0,0.0,0.0,0.0,0.0034585600020363926,0.003327499987790361,pass,,9d124ad72c0fe2b841fbfc927ec45c35cb413a6a0e01baada17f1025709d315c,9626c07cf4ccf3251a3585a4b367551c7a78f57218970c0d71f73f221adea5d3,22e05ea2e1684256cfcefc889a4c658b5530de8a
inst_7efab38b2e0155b0b8445fdfed32c7e06e3901e3e22e1d8f40f9b35350aa66a9,cubic_spin_glass,validation,all_native,device_sparse_v1,5,0,5,0,5,,,,,,,,,,,,,,,,,expected_infeasible_width,expected_capacity_failure,9d124ad72c0fe2b841fbfc927ec45c35cb413a6a0e01baada17f1025709d315c,9626c07cf4ccf3251a3585a4b367551c7a78f57218970c0d71f73f221adea5d3,22e05ea2e1684256cfcefc889a4c658b5530de8a
inst_7efab38b2e0155b0b8445fdfed32c7e06e3901e3e22e1d8f40f9b35350aa66a9,cubic_spin_glass,validation,fully_quadratized,all_to_all_reference,5,5,0,0,5,554.0,554.0,0.0,554.0,554.0,100.0,100.0,0.0,100.0,100.0,0.0,0.0,0.0,0.0,0.004436259996145964,0.004424000013386831,pass,,9d124ad72c0fe2b841fbfc927ec45c35cb413a6a0e01baada17f1025709d315c,9626c07cf4ccf3251a3585a4b367551c7a78f57218970c0d71f73f221adea5d3,22e05ea2e1684256cfcefc889a4c658b5530de8a
inst_7efab38b2e0155b0b8445fdfed32c7e06e3901e3e22e1d8f40f9b35350aa66a9,cubic_spin_glass,validation,fully_quadratized,device_sparse_v1,5,0,5,0,5,,,,,,,,,,,,,,,,,expected_infeasible_width,expected_capacity_failure,9d124ad72c0fe2b841fbfc927ec45c35cb413a6a0e01baada17f1025709d315c,9626c07cf4ccf3251a3585a4b367551c7a78f57218970c0d71f73f221adea5d3,22e05ea2e1684256cfcefc889a4c658b5530de8a
inst_7efab38b2e0155b0b8445fdfed32c7e06e3901e3e22e1d8f40f9b35350aa66a9,cubic_spin_glass,validation,matched_random_selective,all_to_all_reference,25,25,0,5,5,337.6,338.0,0.816496580927726,337.27993334027633,337.9200666597237,226.6,226.0,6.211548384528075,224.165073033265,229.034926966735,0.0,0.0,0.0,0.0,0.003382135998690501,0.003334100008942187,pass,,9d124ad72c0fe2b841fbfc927ec45c35cb413a6a0e01baada17f1025709d315c,9626c07cf4ccf3251a3585a4b367551c7a78f57218970c0d71f73f221adea5d3,22e05ea2e1684256cfcefc889a4c658b5530de8a
inst_7efab38b2e0155b0b8445fdfed32c7e06e3901e3e22e1d8f40f9b35350aa66a9,cubic_spin_glass,validation,matched_random_selective,device_sparse_v1,25,0,25,5,5,,,,,,,,,,,,,,,,,expected_infeasible_width,expected_capacity_failure,9d124ad72c0fe2b841fbfc927ec45c35cb413a6a0e01baada17f1025709d315c,9626c07cf4ccf3251a3585a4b367551c7a78f57218970c0d71f73f221adea5d3,22e05ea2e1684256cfcefc889a4c658b5530de8a
inst_7efab38b2e0155b0b8445fdfed32c7e06e3901e3e22e1d8f40f9b35350aa66a9,cubic_spin_glass,validation,selective,all_to_all_reference,5,5,0,0,5,338.0,338.0,0.0,338.0,338.0,207.0,207.0,0.0,207.0,207.0,0.0,0.0,0.0,0.0,0.0033477600023616104,0.0033522000012453645,pass,,9d124ad72c0fe2b841fbfc927ec45c35cb413a6a0e01baada17f1025709d315c,9626c07cf4ccf3251a3585a4b367551c7a78f57218970c0d71f73f221adea5d3,22e05ea2e1684256cfcefc889a4c658b5530de8a
inst_7efab38b2e0155b0b8445fdfed32c7e06e3901e3e22e1d8f40f9b35350aa66a9,cubic_spin_glass,validation,selective,device_sparse_v1,5,0,5,0,5,,,,,,,,,,,,,,,,,expected_infeasible_width,expected_capacity_failure,9d124ad72c0fe2b841fbfc927ec45c35cb413a6a0e01baada17f1025709d315c,9626c07cf4ccf3251a3585a4b367551c7a78f57218970c0d71f73f221adea5d3,22e05ea2e1684256cfcefc889a4c658b5530de8a
inst_7f7a436339b87b34cb27d5c721ed3c7eefb780ae1f65c12c15de9645b48ed437,cubic_spin_glass,train,all_native,all_to_all_reference,5,5,0,0,5,128.0,128.0,0.0,128.0,128.0,86.0,86.0,0.0,86.0,86.0,0.0,0.0,0.0,0.0,0.0018613600055687129,0.0018576000002212822,pass,,9d124ad72c0fe2b841fbfc927ec45c35cb413a6a0e01baada17f1025709d315c,9626c07cf4ccf3251a3585a4b367551c7a78f57218970c0d71f73f221adea5d3,22e05ea2e1684256cfcefc889a4c658b5530de8a
inst_7f7a436339b87b34cb27d5c721ed3c7eefb780ae1f65c12c15de9645b48ed437,cubic_spin_glass,train,all_native,device_sparse_v1,5,0,5,0,5,,,,,,,,,,,,,,,,,expected_infeasible_width,expected_capacity_failure,9d124ad72c0fe2b841fbfc927ec45c35cb413a6a0e01baada17f1025709d315c,9626c07cf4ccf3251a3585a4b367551c7a78f57218970c0d71f73f221adea5d3,22e05ea2e1684256cfcefc889a4c658b5530de8a
inst_7f7a436339b87b34cb27d5c721ed3c7eefb780ae1f65c12c15de9645b48ed437,cubic_spin_glass,train,fully_quadratized,all_to_all_reference,5,5,0,0,5,242.0,242.0,0.0,242.0,242.0,58.0,58.0,0.0,58.0,58.0,0.0,0.0,0.0,0.0,0.002611279999837279,0.0025722999998833984,pass,,9d124ad72c0fe2b841fbfc927ec45c35cb413a6a0e01baada17f1025709d315c,9626c07cf4ccf3251a3585a4b367551c7a78f57218970c0d71f73f221adea5d3,22e05ea2e1684256cfcefc889a4c658b5530de8a
inst_7f7a436339b87b34cb27d5c721ed3c7eefb780ae1f65c12c15de9645b48ed437,cubic_spin_glass,train,fully_quadratized,device_sparse_v1,5,0,5,0,5,,,,,,,,,,,,,,,,,expected_infeasible_width,expected_capacity_failure,9d124ad72c0fe2b841fbfc927ec45c35cb413a6a0e01baada17f1025709d315c,9626c07cf4ccf3251a3585a4b367551c7a78f57218970c0d71f73f221adea5d3,22e05ea2e1684256cfcefc889a4c658b5530de8a
inst_7f7a436339b87b34cb27d5c721ed3c7eefb780ae1f65c12c15de9645b48ed437,cubic_spin_glass,train,matched_random_selective,all_to_all_reference,25,25,0,5,5,128.0,128.0,0.0,128.0,128.0,86.0,86.0,0.0,86.0,86.0,0.0,0.0,0.0,0.0,0.002166235997574404,0.0018134000129066408,pass,,9d124ad72c0fe2b841fbfc927ec45c35cb413a6a0e01baada17f1025709d315c,9626c07cf4ccf3251a3585a4b367551c7a78f57218970c0d71f73f221adea5d3,22e05ea2e1684256cfcefc889a4c658b5530de8a
inst_7f7a436339b87b34cb27d5c721ed3c7eefb780ae1f65c12c15de9645b48ed437,cubic_spin_glass,train,matched_random_selective,device_sparse_v1,25,0,25,5,5,,,,,,,,,,,,,,,,,expected_infeasible_width,expected_capacity_failure,9d124ad72c0fe2b841fbfc927ec45c35cb413a6a0e01baada17f1025709d315c,9626c07cf4ccf3251a3585a4b367551c7a78f57218970c0d71f73f221adea5d3,22e05ea2e1684256cfcefc889a4c658b5530de8a
inst_7f7a436339b87b34cb27d5c721ed3c7eefb780ae1f65c12c15de9645b48ed437,cubic_spin_glass,train,selective,all_to_all_reference,5,5,0,0,5,128.0,128.0,0.0,128.0,128.0,86.0,86.0,0.0,86.0,86.0,0.0,0.0,0.0,0.0,0.0019032999989576638,0.001871399988885969,pass,,9d124ad72c0fe2b841fbfc927ec45c35cb413a6a0e01baada17f1025709d315c,9626c07cf4ccf3251a3585a4b367551c7a78f57218970c0d71f73f221adea5d3,22e05ea2e1684256cfcefc889a4c658b5530de8a
inst_7f7a436339b87b34cb27d5c721ed3c7eefb780ae1f65c12c15de9645b48ed437,cubic_spin_glass,train,selective,device_sparse_v1,5,0,5,0,5,,,,,,,,,,,,,,,,,expected_infeasible_width,expected_capacity_failure,9d124ad72c0fe2b841fbfc927ec45c35cb413a6a0e01baada17f1025709d315c,9626c07cf4ccf3251a3585a4b367551c7a78f57218970c0d71f73f221adea5d3,22e05ea2e1684256cfcefc889a4c658b5530de8a
inst_7f90e24a78f8a26d1a801c170cc595d5d7669882dcba292c4b15aa6b53b3dacf,cubic_spin_glass,train,all_native,all_to_all_reference,5,5,0,0,5,32.0,32.0,0.0,32.0,32.0,32.0,32.0,0.0,32.0,32.0,0.0,0.0,0.0,0.0,0.0006944799970369786,0.0007557999924756587,pass,,9d124ad72c0fe2b841fbfc927ec45c35cb413a6a0e01baada17f1025709d315c,9626c07cf4ccf3251a3585a4b367551c7a78f57218970c0d71f73f221adea5d3,22e05ea2e1684256cfcefc889a4c658b5530de8a
inst_7f90e24a78f8a26d1a801c170cc595d5d7669882dcba292c4b15aa6b53b3dacf,cubic_spin_glass,train,all_native,device_sparse_v1,5,5,0,0,5,41.8,41.0,2.16794833886788,39.89970949589279,43.7002905041072,36.8,37.0,1.7888543819998317,35.232,38.367999999999995,3.4,3.0,9.8,9.0,0.007046979991719127,0.007194499979959801,pass,,9d124ad72c0fe2b841fbfc927ec45c35cb413a6a0e01baada17f1025709d315c,9626c07cf4ccf3251a3585a4b367551c7a78f57218970c0d71f73f221adea5d3,22e05ea2e1684256cfcefc889a4c658b5530de8a
inst_7f90e24a78f8a26d1a801c170cc595d5d7669882dcba292c4b15aa6b53b3dacf,cubic_spin_glass,train,fully_quadratized,all_to_all_reference,5,5,0,0,5,54.0,54.0,0.0,54.0,54.0,28.0,28.0,0.0,28.0,28.0,0.0,0.0,0.0,0.0,0.0008694199903402477,0.0009036999836098403,pass,,9d124ad72c0fe2b841fbfc927ec45c35cb413a6a0e01baada17f1025709d315c,9626c07cf4ccf3251a3585a4b367551c7a78f57218970c0d71f73f221adea5d3,22e05ea2e1684256cfcefc889a4c658b5530de8a
inst_7f90e24a78f8a26d1a801c170cc595d5d7669882dcba292c4b15aa6b53b3dacf,cubic_spin_glass,train,fully_quadratized,device_sparse_v1,5,5,0,0,5,84.8,83.0,4.54972526643093,80.81198996992234,88.78801003007766,46.8,46.0,4.604345773288535,42.764112984733096,50.8358870152669,11.2,11.0,30.8,29.0,0.006839299999410286,0.0064941000018734485,pass,,9d124ad72c0fe2b841fbfc927ec45c35cb413a6a0e01baada17f1025709d315c,9626c07cf4ccf3251a3585a4b367551c7a78f57218970c0d71f73f221adea5d3,22e05ea2e1684256cfcefc889a4c658b5530de8a
inst_7f90e24a78f8a26d1a801c170cc595d5d7669882dcba292c4b15aa6b53b3dacf,cubic_spin_glass,train,matched_random_selective,all_to_all_reference,25,25,0,5,5,32.0,32.0,0.0,32.0,32.0,32.0,32.0,0.0,32.0,32.0,0.0,0.0,0.0,0.0,0.0006425639998633415,0.0005982999864500016,pass,,9d124ad72c0fe2b841fbfc927ec45c35cb413a6a0e01baada17f1025709d315c,9626c07cf4ccf3251a3585a4b367551c7a78f57218970c0d71f73f221adea5d3,22e05ea2e1684256cfcefc889a4c658b5530de8a
inst_7f90e24a78f8a26d1a801c170cc595d5d7669882dcba292c4b15aa6b53b3dacf,cubic_spin_glass,train,matched_random_selective,device_sparse_v1,25,25,0,5,5,41.8,41.0,1.9790570145063195,41.02420965031352,42.57579034968647,36.8,37.0,1.632993161855452,36.15986668055266,37.440133319447334,3.4,3.0,9.8,9.0,0.00583331600180827,0.005843299994012341,pass,,9d124ad72c0fe2b841fbfc927ec45c35cb413a6a0e01baada17f1025709d315c,9626c07cf4ccf3251a3585a4b367551c7a78f57218970c0d71f73f221adea5d3,22e05ea2e1684256cfcefc889a4c658b5530de8a
inst_7f90e24a78f8a26d1a801c170cc595d5d7669882dcba292c4b15aa6b53b3dacf,cubic_spin_glass,train,selective,all_to_all_reference,5,5,0,0,5,32.0,32.0,0.0,32.0,32.0,32.0,32.0,0.0,32.0,32.0,0.0,0.0,0.0,0.0,0.0006617600040044636,0.0006201000069268048,pass,,9d124ad72c0fe2b841fbfc927ec45c35cb413a6a0e01baada17f1025709d315c,9626c07cf4ccf3251a3585a4b367551c7a78f57218970c0d71f73f221adea5d3,22e05ea2e1684256cfcefc889a4c658b5530de8a
inst_7f90e24a78f8a26d1a801c170cc595d5d7669882dcba292c4b15aa6b53b3dacf,cubic_spin_glass,train,selective,device_sparse_v1,5,5,0,0,5,41.8,41.0,2.16794833886788,39.89970949589279,43.7002905041072,36.8,37.0,1.7888543819998317,35.232,38.367999999999995,3.4,3.0,9.8,9.0,0.00601973999873735,0.0058908000064548105,pass,,9d124ad72c0fe2b841fbfc927ec45c35cb413a6a0e01baada17f1025709d315c,9626c07cf4ccf3251a3585a4b367551c7a78f57218970c0d71f73f221adea5d3,22e05ea2e1684256cfcefc889a4c658b5530de8a
inst_7f9711ab9dcd95d41f2b9204480f254d29eb7b481c76fe9902e66f6be89a57f9,max3sat,train,all_native,all_to_all_reference,5,5,0,0,5,252.0,252.0,0.0,252.0,252.0,170.0,170.0,0.0,170.0,170.0,0.0,0.0,0.0,0.0,0.0022040000010747464,0.0020724000059999526,pass,,9d124ad72c0fe2b841fbfc927ec45c35cb413a6a0e01baada17f1025709d315c,9626c07cf4ccf3251a3585a4b367551c7a78f57218970c0d71f73f221adea5d3,22e05ea2e1684256cfcefc889a4c658b5530de8a
inst_7f9711ab9dcd95d41f2b9204480f254d29eb7b481c76fe9902e66f6be89a57f9,max3sat,train,all_native,device_sparse_v1,5,0,5,0,5,,,,,,,,,,,,,,,,,expected_infeasible_width,expected_capacity_failure,9d124ad72c0fe2b841fbfc927ec45c35cb413a6a0e01baada17f1025709d315c,9626c07cf4ccf3251a3585a4b367551c7a78f57218970c0d71f73f221adea5d3,22e05ea2e1684256cfcefc889a4c658b5530de8a
inst_7f9711ab9dcd95d41f2b9204480f254d29eb7b481c76fe9902e66f6be89a57f9,max3sat,train,fully_quadratized,all_to_all_reference,5,5,0,0,5,176.0,176.0,0.0,176.0,176.0,74.0,74.0,0.0,74.0,74.0,0.0,0.0,0.0,0.0,0.001805060007609427,0.0017779000045266002,pass,,9d124ad72c0fe2b841fbfc927ec45c35cb413a6a0e01baada17f1025709d315c,9626c07cf4ccf3251a3585a4b367551c7a78f57218970c0d71f73f221adea5d3,22e05ea2e1684256cfcefc889a4c658b5530de8a
inst_7f9711ab9dcd95d41f2b9204480f254d29eb7b481c76fe9902e66f6be89a57f9,max3sat,train,fully_quadratized,device_sparse_v1,5,0,5,0,5,,,,,,,,,,,,,,,,,expected_infeasible_width,expected_capacity_failure,9d124ad72c0fe2b841fbfc927ec45c35cb413a6a0e01baada17f1025709d315c,9626c07cf4ccf3251a3585a4b367551c7a78f57218970c0d71f73f221adea5d3,22e05ea2e1684256cfcefc889a4c658b5530de8a
inst_7f9711ab9dcd95d41f2b9204480f254d29eb7b481c76fe9902e66f6be89a57f9,max3sat,train,matched_random_selective,all_to_all_reference,25,25,0,5,5,253.2,256.0,8.906926143924926,249.70848495158143,256.6915150484186,162.4,164.0,11.50362261782493,157.89057993381263,166.90942006618738,0.0,0.0,0.0,0.0,0.0018733199953567237,0.001753299991833046,pass,,9d124ad72c0fe2b841fbfc927ec45c35cb413a6a0e01baada17f1025709d315c,9626c07cf4ccf3251a3585a4b367551c7a78f57218970c0d71f73f221adea5d3,22e05ea2e1684256cfcefc889a4c658b5530de8a
inst_7f9711ab9dcd95d41f2b9204480f254d29eb7b481c76fe9902e66f6be89a57f9,max3sat,train,matched_random_selective,device_sparse_v1,25,0,25,5,5,,,,,,,,,,,,,,,,,expected_infeasible_width,expected_capacity_failure,9d124ad72c0fe2b841fbfc927ec45c35cb413a6a0e01baada17f1025709d315c,9626c07cf4ccf3251a3585a4b367551c7a78f57218970c0d71f73f221adea5d3,22e05ea2e1684256cfcefc889a4c658b5530de8a
inst_7f9711ab9dcd95d41f2b9204480f254d29eb7b481c76fe9902e66f6be89a57f9,max3sat,train,selective,all_to_all_reference,5,5,0,0,5,184.0,184.0,0.0,184.0,184.0,78.0,78.0,0.0,78.0,78.0,0.0,0.0,0.0,0.0,0.0018371600075624884,0.0018393000063952059,pass,,9d124ad72c0fe2b841fbfc927ec45c35cb413a6a0e01baada17f1025709d315c,9626c07cf4ccf3251a3585a4b367551c7a78f57218970c0d71f73f221adea5d3,22e05ea2e1684256cfcefc889a4c658b5530de8a
inst_7f9711ab9dcd95d41f2b9204480f254d29eb7b481c76fe9902e66f6be89a57f9,max3sat,train,selective,device_sparse_v1,5,0,5,0,5,,,,,,,,,,,,,,,,,expected_infeasible_width,expected_capacity_failure,9d124ad72c0fe2b841fbfc927ec45c35cb413a6a0e01baada17f1025709d315c,9626c07cf4ccf3251a3585a4b367551c7a78f57218970c0d71f73f221adea5d3,22e05ea2e1684256cfcefc889a4c658b5530de8a
inst_7fb1bfed3cb150b9c82f88f49613843c766218e213329cc38e12264c97c15eba,cubic_spin_glass,test,all_native,all_to_all_reference,5,5,0,0,5,256.0,256.0,0.0,256.0,256.0,192.0,192.0,0.0,192.0,192.0,0.0,0.0,0.0,0.0,0.0031959000043570995,0.0031598999921698123,pass,,9d124ad72c0fe2b841fbfc927ec45c35cb413a6a0e01baada17f1025709d315c,9626c07cf4ccf3251a3585a4b367551c7a78f57218970c0d71f73f221adea5d3,22e05ea2e1684256cfcefc889a4c658b5530de8a
inst_7fb1bfed3cb150b9c82f88f49613843c766218e213329cc38e12264c97c15eba,cubic_spin_glass,test,all_native,device_sparse_v1,5,0,5,0,5,,,,,,,,,,,,,,,,,expected_infeasible_width,expected_capacity_failure,9d124ad72c0fe2b841fbfc927ec45c35cb413a6a0e01baada17f1025709d315c,9626c07cf4ccf3251a3585a4b367551c7a78f57218970c0d71f73f221adea5d3,22e05ea2e1684256cfcefc889a4c658b5530de8a
inst_7fb1bfed3cb150b9c82f88f49613843c766218e213329cc38e12264c97c15eba,cubic_spin_glass,test,fully_quadratized,all_to_all_reference,5,5,0,0,5,400.0,400.0,0.0,400.0,400.0,84.0,84.0,0.0,84.0,84.0,0.0,0.0,0.0,0.0,0.012206200003856794,0.004609700001310557,pass,,9d124ad72c0fe2b841fbfc927ec45c35cb413a6a0e01baada17f1025709d315c,9626c07cf4ccf3251a3585a4b367551c7a78f57218970c0d71f73f221adea5d3,22e05ea2e1684256cfcefc889a4c658b5530de8a
inst_7fb1bfed3cb150b9c82f88f49613843c766218e213329cc38e12264c97c15eba,cubic_spin_glass,test,fully_quadratized,device_sparse_v1,5,0,5,0,5,,,,,,,,,,,,,,,,,expected_infeasible_width,expected_capacity_failure,9d124ad72c0fe2b841fbfc927ec45c35cb413a6a0e01baada17f1025709d315c,9626c07cf4ccf3251a3585a4b367551c7a78f57218970c0d71f73f221adea5d3,22e05ea2e1684256cfcefc889a4c658b5530de8a
inst_7fb1bfed3cb150b9c82f88f49613843c766218e213329cc38e12264c97c15eba,cubic_spin_glass,test,matched_random_selective,all_to_all_reference,25,25,0,5,5,315.6,316.0,2.0,314.81600000000003,316.384,192.2,195.0,5.605057240266746,190.00281756181542,194.39718243818456,0.0,0.0,0.0,0.0,0.003176091997884214,0.003131100005703047,pass,,9d124ad72c0fe2b841fbfc927ec45c35cb413a6a0e01baada17f1025709d315c,9626c07cf4ccf3251a3585a4b367551c7a78f57218970c0d71f73f221adea5d3,22e05ea2e1684256cfcefc889a4c658b5530de8a
inst_7fb1bfed3cb150b9c82f88f49613843c766218e213329cc38e12264c97c15eba,cubic_spin_glass,test,matched_random_selective,device_sparse_v1,25,0,25,5,5,,,,,,,,,,,,,,,,,expected_infeasible_width,expected_capacity_failure,9d124ad72c0fe2b841fbfc927ec45c35cb413a6a0e01baada17f1025709d315c,9626c07cf4ccf3251a3585a4b367551c7a78f57218970c0d71f73f221adea5d3,22e05ea2e1684256cfcefc889a4c658b5530de8a
inst_7fb1bfed3cb150b9c82f88f49613843c766218e213329cc38e12264c97c15eba,cubic_spin_glass,test,selective,all_to_all_reference,5,5,0,0,5,306.0,306.0,0.0,306.0,306.0,129.0,129.0,0.0,129.0,129.0,0.0,0.0,0.0,0.0,0.0036733200016897173,0.0035265000187791884,pass,,9d124ad72c0fe2b841fbfc927ec45c35cb413a6a0e01baada17f1025709d315c,9626c07cf4ccf3251a3585a4b367551c7a78f57218970c0d71f73f221adea5d3,22e05ea2e1684256cfcefc889a4c658b5530de8a
inst_7fb1bfed3cb150b9c82f88f49613843c766218e213329cc38e12264c97c15eba,cubic_spin_glass,test,selective,device_sparse_v1,5,0,5,0,5,,,,,,,,,,,,,,,,,expected_infeasible_width,expected_capacity_failure,9d124ad72c0fe2b841fbfc927ec45c35cb413a6a0e01baada17f1025709d315c,9626c07cf4ccf3251a3585a4b367551c7a78f57218970c0d71f73f221adea5d3,22e05ea2e1684256cfcefc889a4c658b5530de8a
inst_8603e288413e6a8d06805f7acb84ae33701f1b6b8cd108dd5b9386188f286531,cubic_spin_glass,train,all_native,all_to_all_reference,5,5,0,0,5,160.0,160.0,0.0,160.0,160.0,103.0,103.0,0.0,103.0,103.0,0.0,0.0,0.0,0.0,0.001901039999211207,0.0018948999932035804,pass,,9d124ad72c0fe2b841fbfc927ec45c35cb413a6a0e01baada17f1025709d315c,9626c07cf4ccf3251a3585a4b367551c7a78f57218970c0d71f73f221adea5d3,22e05ea2e1684256cfcefc889a4c658b5530de8a
inst_8603e288413e6a8d06805f7acb84ae33701f1b6b8cd108dd5b9386188f286531,cubic_spin_glass,train,all_native,device_sparse_v1,5,0,5,0,5,,,,,,,,,,,,,,,,,expected_infeasible_width,expected_capacity_failure,9d124ad72c0fe2b841fbfc927ec45c35cb413a6a0e01baada17f1025709d315c,9626c07cf4ccf3251a3585a4b367551c7a78f57218970c0d71f73f221adea5d3,22e05ea2e1684256cfcefc889a4c658b5530de8a
inst_8603e288413e6a8d06805f7acb84ae33701f1b6b8cd108dd5b9386188f286531,cubic_spin_glass,train,fully_quadratized,all_to_all_reference,5,5,0,0,5,354.0,354.0,0.0,354.0,354.0,72.0,72.0,0.0,72.0,72.0,0.0,0.0,0.0,0.0,0.0028973399952519686,0.002885099995182827,pass,,9d124ad72c0fe2b841fbfc927ec45c35cb413a6a0e01baada17f1025709d315c,9626c07cf4ccf3251a3585a4b367551c7a78f57218970c0d71f73f221adea5d3,22e05ea2e1684256cfcefc889a4c658b5530de8a
inst_8603e288413e6a8d06805f7acb84ae33701f1b6b8cd108dd5b9386188f286531,cubic_spin_glass,train,fully_quadratized,device_sparse_v1,5,0,5,0,5,,,,,,,,,,,,,,,,,expected_infeasible_width,expected_capacity_failure,9d124ad72c0fe2b841fbfc927ec45c35cb413a6a0e01baada17f1025709d315c,9626c07cf4ccf3251a3585a4b367551c7a78f57218970c0d71f73f221adea5d3,22e05ea2e1684256cfcefc889a4c658b5530de8a
inst_8603e288413e6a8d06805f7acb84ae33701f1b6b8cd108dd5b9386188f286531,cubic_spin_glass,train,matched_random_selective,all_to_all_reference,25,25,0,5,5,168.4,168.0,0.816496580927726,168.07993334027634,168.72006665972367,105.4,104.0,3.6285901761795403,103.97759265093762,106.82240734906239,0.0,0.0,0.0,0.0,0.0020450359955430032,0.001954700011992827,pass,,9d124ad72c0fe2b841fbfc927ec45c35cb413a6a0e01baada17f1025709d315c,9626c07cf4ccf3251a3585a4b367551c7a78f57218970c0d71f73f221adea5d3,22e05ea2e1684256cfcefc889a4c658b5530de8a
inst_8603e288413e6a8d06805f7acb84ae33701f1b6b8cd108dd5b9386188f286531,cubic_spin_glass,train,matched_random_selective,device_sparse_v1,25,0,25,5,5,,,,,,,,,,,,,,,,,expected_infeasible_width,expected_capacity_failure,9d124ad72c0fe2b841fbfc927ec45c35cb413a6a0e01baada17f1025709d315c,9626c07cf4ccf3251a3585a4b367551c7a78f57218970c0d71f73f221adea5d3,22e05ea2e1684256cfcefc889a4c658b5530de8a
inst_8603e288413e6a8d06805f7acb84ae33701f1b6b8cd108dd5b9386188f286531,cubic_spin_glass,train,selective,all_to_all_reference,5,5,0,0,5,168.0,168.0,0.0,168.0,168.0,91.0,91.0,0.0,91.0,91.0,0.0,0.0,0.0,0.0,0.001956139999674633,0.001959399989573285,pass,,9d124ad72c0fe2b841fbfc927ec45c35cb413a6a0e01baada17f1025709d315c,9626c07cf4ccf3251a3585a4b367551c7a78f57218970c0d71f73f221adea5d3,22e05ea2e1684256cfcefc889a4c658b5530de8a
inst_8603e288413e6a8d06805f7acb84ae33701f1b6b8cd108dd5b9386188f286531,cubic_spin_glass,train,selective,device_sparse_v1,5,0,5,0,5,,,,,,,,,,,,,,,,,expected_infeasible_width,expected_capacity_failure,9d124ad72c0fe2b841fbfc927ec45c35cb413a6a0e01baada17f1025709d315c,9626c07cf4ccf3251a3585a4b367551c7a78f57218970c0d71f73f221adea5d3,22e05ea2e1684256cfcefc889a4c658b5530de8a
inst_880a9ce347d5f6df07a021bcc3777e532027fab32c40375218c981d4b93f4575,max3sat,train,all_native,all_to_all_reference,5,5,0,0,5,104.0,104.0,0.0,104.0,104.0,73.0,73.0,0.0,73.0,73.0,0.0,0.0,0.0,0.0,0.0010544199962168933,0.0011494999926071614,pass,,9d124ad72c0fe2b841fbfc927ec45c35cb413a6a0e01baada17f1025709d315c,9626c07cf4ccf3251a3585a4b367551c7a78f57218970c0d71f73f221adea5d3,22e05ea2e1684256cfcefc889a4c658b5530de8a
inst_880a9ce347d5f6df07a021bcc3777e532027fab32c40375218c981d4b93f4575,max3sat,train,all_native,device_sparse_v1,5,5,0,0,5,173.2,173.0,2.8635642126552705,170.6899752989263,175.71002470107368,123.6,120.0,8.142481194328912,116.46280054923501,130.737199450765,26.4,27.0,69.2,69.0,0.008855699998093769,0.008906400005798787,pass,,9d124ad72c0fe2b841fbfc927ec45c35cb413a6a0e01baada17f1025709d315c,9626c07cf4ccf3251a3585a4b367551c7a78f57218970c0d71f73f221adea5d3,22e05ea2e1684256cfcefc889a4c658b5530de8a
inst_880a9ce347d5f6df07a021bcc3777e532027fab32c40375218c981d4b93f4575,max3sat,train,fully_quadratized,all_to_all_reference,5,5,0,0,5,92.0,92.0,0.0,92.0,92.0,32.0,32.0,0.0,32.0,32.0,0.0,0.0,0.0,0.0,0.0012913400016259402,0.0013407999940682203,pass,,9d124ad72c0fe2b841fbfc927ec45c35cb413a6a0e01baada17f1025709d315c,9626c07cf4ccf3251a3585a4b367551c7a78f57218970c0d71f73f221adea5d3,22e05ea2e1684256cfcefc889a4c658b5530de8a
inst_880a9ce347d5f6df07a021bcc3777e532027fab32c40375218c981d4b93f4575,max3sat,train,fully_quadratized,device_sparse_v1,5,0,5,0,5,,,,,,,,,,,,,,,,,expected_infeasible_width,expected_capacity_failure,9d124ad72c0fe2b841fbfc927ec45c35cb413a6a0e01baada17f1025709d315c,9626c07cf4ccf3251a3585a4b367551c7a78f57218970c0d71f73f221adea5d3,22e05ea2e1684256cfcefc889a4c658b5530de8a
inst_880a9ce347d5f6df07a021bcc3777e532027fab32c40375218c981d4b93f4575,max3sat,train,matched_random_selective,all_to_all_reference,25,25,0,5,5,105.2,106.0,2.7688746209726918,104.11460114857871,106.28539885142129,56.8,55.0,5.5677643628300215,54.61743636977063,58.982563630229365,0.0,0.0,0.0,0.0,0.001222031998913735,0.0013055000163149089,pass,,9d124ad72c0fe2b841fbfc927ec45c35cb413a6a0e01baada17f1025709d315c,9626c07cf4ccf3251a3585a4b367551c7a78f57218970c0d71f73f221adea5d3,22e05ea2e1684256cfcefc889a4c658b5530de8a
inst_880a9ce347d5f6df07a021bcc3777e532027fab32c40375218c981d4b93f4575,max3sat,train,matched_random_selective,device_sparse_v1,25,25,0,5,5,189.8,189.0,8.48528137423857,186.4737697012985,193.12623029870153,116.2,115.0,11.412712210513327,111.72621681347877,120.67378318652123,30.36,30.0,84.6,85.0,0.008757123998366296,0.008833500003674999,pass,,9d124ad72c0fe2b841fbfc927ec45c35cb413a6a0e01baada17f1025709d315c,9626c07cf4ccf3251a3585a4b367551c7a78f57218970c0d71f73f221adea5d3,22e05ea2e1684256cfcefc889a4c658b5530de8a
inst_880a9ce347d5f6df07a021bcc3777e532027fab32c40375218c981d4b93f4575,max3sat,train,selective,all_to_all_reference,5,5,0,0,5,96.0,96.0,0.0,96.0,96.0,42.0,42.0,0.0,42.0,42.0,0.0,0.0,0.0,0.0,0.001187500002561137,0.0012697000056505203,pass,,9d124ad72c0fe2b841fbfc927ec45c35cb413a6a0e01baada17f1025709d315c,9626c07cf4ccf3251a3585a4b367551c7a78f57218970c0d71f73f221adea5d3,22e05ea2e1684256cfcefc889a4c658b5530de8a
inst_880a9ce347d5f6df07a021bcc3777e532027fab32c40375218c981d4b93f4575,max3sat,train,selective,device_sparse_v1,5,5,0,0,5,173.0,174.0,6.2048368229954285,167.56122072519946,178.43877927480054,97.8,97.0,5.263078946776307,93.18670789999159,102.4132921000084,27.8,28.0,77.0,78.0,0.008632220007712021,0.008919900021282956,pass,,9d124ad72c0fe2b841fbfc927ec45c35cb413a6a0e01baada17f1025709d315c,9626c07cf4ccf3251a3585a4b367551c7a78f57218970c0d71f73f221adea5d3,22e05ea2e1684256cfcefc889a4c658b5530de8a
inst_88c738dc8822be6f692c1ca3216ff6f77f84863f52ae46d3be776ae165da4f38,max3sat,train,all_native,all_to_all_reference,5,5,0,0,5,174.0,174.0,0.0,174.0,174.0,132.0,132.0,0.0,132.0,132.0,0.0,0.0,0.0,0.0,0.0023075000091921536,0.0023890000011306256,pass,,9d124ad72c0fe2b841fbfc927ec45c35cb413a6a0e01baada17f1025709d315c,9626c07cf4ccf3251a3585a4b367551c7a78f57218970c0d71f73f221adea5d3,22e05ea2e1684256cfcefc889a4c658b5530de8a
inst_88c738dc8822be6f692c1ca3216ff6f77f84863f52ae46d3be776ae165da4f38,max3sat,train,all_native,device_sparse_v1,5,0,5,0,5,,,,,,,,,,,,,,,,,expected_infeasible_width,expected_capacity_failure,9d124ad72c0fe2b841fbfc927ec45c35cb413a6a0e01baada17f1025709d315c,9626c07cf4ccf3251a3585a4b367551c7a78f57218970c0d71f73f221adea5d3,22e05ea2e1684256cfcefc889a4c658b5530de8a
inst_88c738dc8822be6f692c1ca3216ff6f77f84863f52ae46d3be776ae165da4f38,max3sat,train,fully_quadratized,all_to_all_reference,5,5,0,0,5,128.0,128.0,0.0,128.0,128.0,52.0,52.0,0.0,52.0,52.0,0.0,0.0,0.0,0.0,0.0015756200009491295,0.0014122000138740987,pass,,9d124ad72c0fe2b841fbfc927ec45c35cb413a6a0e01baada17f1025709d315c,9626c07cf4ccf3251a3585a4b367551c7a78f57218970c0d71f73f221adea5d3,22e05ea2e1684256cfcefc889a4c658b5530de8a
inst_88c738dc8822be6f692c1ca3216ff6f77f84863f52ae46d3be776ae165da4f38,max3sat,train,fully_quadratized,device_sparse_v1,5,0,5,0,5,,,,,,,,,,,,,,,,,expected_infeasible_width,expected_capacity_failure,9d124ad72c0fe2b841fbfc927ec45c35cb413a6a0e01baada17f1025709d315c,9626c07cf4ccf3251a3585a4b367551c7a78f57218970c0d71f73f221adea5d3,22e05ea2e1684256cfcefc889a4c658b5530de8a
inst_88c738dc8822be6f692c1ca3216ff6f77f84863f52ae46d3be776ae165da4f38,max3sat,train,matched_random_selective,all_to_all_reference,25,25,0,5,5,178.4,178.0,0.816496580927726,178.07993334027634,178.72006665972367,127.0,126.0,2.23606797749979,126.12346135282009,127.87653864717991,0.0,0.0,0.0,0.0,0.001803792001446709,0.0016641000111121684,pass,,9d124ad72c0fe2b841fbfc927ec45c35cb413a6a0e01baada17f1025709d315c,9626c07cf4ccf3251a3585a4b367551c7a78f57218970c0d71f73f221adea5d3,22e05ea2e1684256cfcefc889a4c658b5530de8a
inst_88c738dc8822be6f692c1ca3216ff6f77f84863f52ae46d3be776ae165da4f38,max3sat,train,matched_random_selective,device_sparse_v1,25,0,25,5,5,,,,,,,,,,,,,,,,,expected_infeasible_width,expected_capacity_failure,9d124ad72c0fe2b841fbfc927ec45c35cb413a6a0e01baada17f1025709d315c,9626c07cf4ccf3251a3585a4b367551c7a78f57218970c0d71f73f221adea5d3,22e05ea2e1684256cfcefc889a4c658b5530de8a
inst_88c738dc8822be6f692c1ca3216ff6f77f84863f52ae46d3be776ae165da4f38,max3sat,train,selective,all_to_all_reference,5,5,0,0,5,134.0,134.0,0.0,134.0,134.0,53.0,53.0,0.0,53.0,53.0,0.0,0.0,0.0,0.0,0.0014690799987874925,0.0014291999978013337,pass,,9d124ad72c0fe2b841fbfc927ec45c35cb413a6a0e01baada17f1025709d315c,9626c07cf4ccf3251a3585a4b367551c7a78f57218970c0d71f73f221adea5d3,22e05ea2e1684256cfcefc889a4c658b5530de8a
inst_88c738dc8822be6f692c1ca3216ff6f77f84863f52ae46d3be776ae165da4f38,max3sat,train,selective,device_sparse_v1,5,0,5,0,5,,,,,,,,,,,,,,,,,expected_infeasible_width,expected_capacity_failure,9d124ad72c0fe2b841fbfc927ec45c35cb413a6a0e01baada17f1025709d315c,9626c07cf4ccf3251a3585a4b367551c7a78f57218970c0d71f73f221adea5d3,22e05ea2e1684256cfcefc889a4c658b5530de8a
inst_8c4d9776efa0c93c2c9988f4c062d82692051281f1990acd2fc48a9536215c36,cubic_spin_glass,train,all_native,all_to_all_reference,5,5,0,0,5,128.0,128.0,0.0,128.0,128.0,122.0,122.0,0.0,122.0,122.0,0.0,0.0,0.0,0.0,0.0017084999999497086,0.0015380000113509595,pass,,9d124ad72c0fe2b841fbfc927ec45c35cb413a6a0e01baada17f1025709d315c,9626c07cf4ccf3251a3585a4b367551c7a78f57218970c0d71f73f221adea5d3,22e05ea2e1684256cfcefc889a4c658b5530de8a
inst_8c4d9776efa0c93c2c9988f4c062d82692051281f1990acd2fc48a9536215c36,cubic_spin_glass,train,all_native,device_sparse_v1,5,0,5,0,5,,,,,,,,,,,,,,,,,expected_infeasible_width,expected_capacity_failure,9d124ad72c0fe2b841fbfc927ec45c35cb413a6a0e01baada17f1025709d315c,9626c07cf4ccf3251a3585a4b367551c7a78f57218970c0d71f73f221adea5d3,22e05ea2e1684256cfcefc889a4c658b5530de8a
inst_8c4d9776efa0c93c2c9988f4c062d82692051281f1990acd2fc48a9536215c36,cubic_spin_glass,train,fully_quadratized,all_to_all_reference,5,5,0,0,5,194.0,194.0,0.0,194.0,194.0,62.0,62.0,0.0,62.0,62.0,0.0,0.0,0.0,0.0,0.0021637799974996595,0.0020334000000730157,pass,,9d124ad72c0fe2b841fbfc927ec45c35cb413a6a0e01baada17f1025709d315c,9626c07cf4ccf3251a3585a4b367551c7a78f57218970c0d71f73f221adea5d3,22e05ea2e1684256cfcefc889a4c658b5530de8a
inst_8c4d9776efa0c93c2c9988f4c062d82692051281f1990acd2fc48a9536215c36,cubic_spin_glass,train,fully_quadratized,device_sparse_v1,5,0,5,0,5,,,,,,,,,,,,,,,,,expected_infeasible_width,expected_capacity_failure,9d124ad72c0fe2b841fbfc927ec45c35cb413a6a0e01baada17f1025709d315c,9626c07cf4ccf3251a3585a4b367551c7a78f57218970c0d71f73f221adea5d3,22e05ea2e1684256cfcefc889a4c658b5530de8a
inst_8c4d9776efa0c93c2c9988f4c062d82692051281f1990acd2fc48a9536215c36,cubic_spin_glass,train,matched_random_selective,all_to_all_reference,25,25,0,5,5,143.6,144.0,0.816496580927726,143.27993334027633,143.92006665972366,125.6,124.0,2.0,124.81599999999999,126.384,0.0,0.0,0.0,0.0,0.002378807996865362,0.0021423999860417098,pass,,9d124ad72c0fe2b841fbfc927ec45c35cb413a6a0e01baada17f1025709d315c,9626c07cf4ccf3251a3585a4b367551c7a78f57218970c0d71f73f221adea5d3,22e05ea2e1684256cfcefc889a4c658b5530de8a
inst_8c4d9776efa0c93c2c9988f4c062d82692051281f1990acd2fc48a9536215c36,cubic_spin_glass,train,matched_random_selective,device_sparse_v1,25,0,25,5,5,,,,,,,,,,,,,,,,,expected_infeasible_width,expected_capacity_failure,9d124ad72c0fe2b841fbfc927ec45c35cb413a6a0e01baada17f1025709d315c,9626c07cf4ccf3251a3585a4b367551c7a78f57218970c0d71f73f221adea5d3,22e05ea2e1684256cfcefc889a4c658b5530de8a
inst_8c4d9776efa0c93c2c9988f4c062d82692051281f1990acd2fc48a9536215c36,cubic_spin_glass,train,selective,all_to_all_reference,5,5,0,0,5,146.0,146.0,0.0,146.0,146.0,74.0,74.0,0.0,74.0,74.0,0.0,0.0,0.0,0.0,0.0020444000081624837,0.0020255999988876283,pass,,9d124ad72c0fe2b841fbfc927ec45c35cb413a6a0e01baada17f1025709d315c,9626c07cf4ccf3251a3585a4b367551c7a78f57218970c0d71f73f221adea5d3,22e05ea2e1684256cfcefc889a4c658b5530de8a
inst_8c4d9776efa0c93c2c9988f4c062d82692051281f1990acd2fc48a9536215c36,cubic_spin_glass,train,selective,device_sparse_v1,5,0,5,0,5,,,,,,,,,,,,,,,,,expected_infeasible_width,expected_capacity_failure,9d124ad72c0fe2b841fbfc927ec45c35cb413a6a0e01baada17f1025709d315c,9626c07cf4ccf3251a3585a4b367551c7a78f57218970c0d71f73f221adea5d3,22e05ea2e1684256cfcefc889a4c658b5530de8a
inst_8da79e9eb8f997c1fc0ee150f0bf39f847d1db5235c9e861fd3510f60be375ea,max3sat,train,all_native,all_to_all_reference,5,5,0,0,5,264.0,264.0,0.0,264.0,264.0,180.0,180.0,0.0,180.0,180.0,0.0,0.0,0.0,0.0,0.002468360000057146,0.0022504999942611903,pass,,9d124ad72c0fe2b841fbfc927ec45c35cb413a6a0e01baada17f1025709d315c,9626c07cf4ccf3251a3585a4b367551c7a78f57218970c0d71f73f221adea5d3,22e05ea2e1684256cfcefc889a4c658b5530de8a
inst_8da79e9eb8f997c1fc0ee150f0bf39f847d1db5235c9e861fd3510f60be375ea,max3sat,train,all_native,device_sparse_v1,5,5,0,0,5,521.6,519.0,5.176871642217914,517.0622719341062,526.1377280658938,343.2,339.0,10.059821071967434,334.38217804670563,352.01782195329434,95.2,95.0,257.6,255.0,0.015524279995588586,0.014041899994481355,pass,,9d124ad72c0fe2b841fbfc927ec45c35cb413a6a0e01baada17f1025709d315c,9626c07cf4ccf3251a3585a4b367551c7a78f57218970c0d71f73f221adea5d3,22e05ea2e1684256cfcefc889a4c658b5530de8a
inst_8da79e9eb8f997c1fc0ee150f0bf39f847d1db5235c9e861fd3510f60be375ea,max3sat,train,fully_quadratized,all_to_all_reference,5,5,0,0,5,232.0,232.0,0.0,232.0,232.0,60.0,60.0,0.0,60.0,60.0,0.0,0.0,0.0,0.0,0.0026819400023669004,0.002515500003937632,pass,,9d124ad72c0fe2b841fbfc927ec45c35cb413a6a0e01baada17f1025709d315c,9626c07cf4ccf3251a3585a4b367551c7a78f57218970c0d71f73f221adea5d3,22e05ea2e1684256cfcefc889a4c658b5530de8a
inst_8da79e9eb8f997c1fc0ee150f0bf39f847d1db5235c9e861fd3510f60be375ea,max3sat,train,fully_quadratized,device_sparse_v1,5,0,5,0,5,,,,,,,,,,,,,,,,,expected_infeasible_width,expected_capacity_failure,9d124ad72c0fe2b841fbfc927ec45c35cb413a6a0e01baada17f1025709d315c,9626c07cf4ccf3251a3585a4b367551c7a78f57218970c0d71f73f221adea5d3,22e05ea2e1684256cfcefc889a4c658b5530de8a
inst_8da79e9eb8f997c1fc0ee150f0bf39f847d1db5235c9e861fd3510f60be375ea,max3sat,train,matched_random_selective,all_to_all_reference,25,25,0,5,5,275.6,276.0,2.70801280154532,274.53845898179424,276.6615410182058,117.2,112.0,9.0,113.672,120.72800000000001,0.0,0.0,0.0,0.0,0.0025770120020024477,0.0024556000134907663,pass,,9d124ad72c0fe2b841fbfc927ec45c35cb413a6a0e01baada17f1025709d315c,9626c07cf4ccf3251a3585a4b367551c7a78f57218970c0d71f73f221adea5d3,22e05ea2e1684256cfcefc889a4c658b5530de8a
inst_8da79e9eb8f997c1fc0ee150f0bf39f847d1db5235c9e861fd3510f60be375ea,max3sat,train,matched_random_selective,device_sparse_v1,25,0,25,5,5,,,,,,,,,,,,,,,,,expected_infeasible_width,expected_capacity_failure,9d124ad72c0fe2b841fbfc927ec45c35cb413a6a0e01baada17f1025709d315c,9626c07cf4ccf3251a3585a4b367551c7a78f57218970c0d71f73f221adea5d3,22e05ea2e1684256cfcefc889a4c658b5530de8a
inst_8da79e9eb8f997c1fc0ee150f0bf39f847d1db5235c9e861fd3510f60be375ea,max3sat,train,selective,all_to_all_reference,5,5,0,0,5,240.0,240.0,0.0,240.0,240.0,69.0,69.0,0.0,69.0,69.0,0.0,0.0,0.0,0.0,0.0024405999982263895,0.0023776000016368926,pass,,9d124ad72c0fe2b841fbfc927ec45c35cb413a6a0e01baada17f1025709d315c,9626c07cf4ccf3251a3585a4b367551c7a78f57218970c0d71f73f221adea5d3,22e05ea2e1684256cfcefc889a4c658b5530de8a
inst_8da79e9eb8f997c1fc0ee150f0bf39f847d1db5235c9e861fd3510f60be375ea,max3sat,train,selective,device_sparse_v1,5,0,5,0,5,,,,,,,,,,,,,,,,,expected_infeasible_width,expected_capacity_failure,9d124ad72c0fe2b841fbfc927ec45c35cb413a6a0e01baada17f1025709d315c,9626c07cf4ccf3251a3585a4b367551c7a78f57218970c0d71f73f221adea5d3,22e05ea2e1684256cfcefc889a4c658b5530de8a
inst_8ec9bffe895168e3d6057479112fc26184f086ae1cc1fcd5532cb16027fbfa29,max3sat,validation,all_native,all_to_all_reference,5,5,0,0,5,140.0,140.0,0.0,140.0,140.0,106.0,106.0,0.0,106.0,106.0,0.0,0.0,0.0,0.0,0.0018300199881196022,0.0017512000049464405,pass,,9d124ad72c0fe2b841fbfc927ec45c35cb413a6a0e01baada17f1025709d315c,9626c07cf4ccf3251a3585a4b367551c7a78f57218970c0d71f73f221adea5d3,22e05ea2e1684256cfcefc889a4c658b5530de8a
inst_8ec9bffe895168e3d6057479112fc26184f086ae1cc1fcd5532cb16027fbfa29,max3sat,validation,all_native,device_sparse_v1,5,5,0,0,5,234.8,233.0,7.758865896508329,227.9990541834242,241.60094581657583,172.6,175.0,10.526157893552615,163.37341579998318,181.8265842000168,36.4,37.0,94.8,93.0,0.01043119999812916,0.010039699991466478,pass,,9d124ad72c0fe2b841fbfc927ec45c35cb413a6a0e01baada17f1025709d315c,9626c07cf4ccf3251a3585a4b367551c7a78f57218970c0d71f73f221adea5d3,22e05ea2e1684256cfcefc889a4c658b5530de8a
inst_8ec9bffe895168e3d6057479112fc26184f086ae1cc1fcd5532cb16027fbfa29,max3sat,validation,fully_quadratized,all_to_all_reference,5,5,0,0,5,132.0,132.0,0.0,132.0,132.0,42.0,42.0,0.0,42.0,42.0,0.0,0.0,0.0,0.0,0.0014705399924423545,0.0014463999832514673,pass,,9d124ad72c0fe2b841fbfc927ec45c35cb413a6a0e01baada17f1025709d315c,9626c07cf4ccf3251a3585a4b367551c7a78f57218970c0d71f73f221adea5d3,22e05ea2e1684256cfcefc889a4c658b5530de8a
inst_8ec9bffe895168e3d6057479112fc26184f086ae1cc1fcd5532cb16027fbfa29,max3sat,validation,fully_quadratized,device_sparse_v1,5,0,5,0,5,,,,,,,,,,,,,,,,,expected_infeasible_width,expected_capacity_failure,9d124ad72c0fe2b841fbfc927ec45c35cb413a6a0e01baada17f1025709d315c,9626c07cf4ccf3251a3585a4b367551c7a78f57218970c0d71f73f221adea5d3,22e05ea2e1684256cfcefc889a4c658b5530de8a
inst_8ec9bffe895168e3d6057479112fc26184f086ae1cc1fcd5532cb16027fbfa29,max3sat,validation,matched_random_selective,all_to_all_reference,25,25,0,5,5,145.6,146.0,5.385164807134504,143.48901539560327,147.7109846043967,81.6,86.0,10.754843869934453,77.38410120298569,85.8158987970143,0.0,0.0,0.0,0.0,0.0013994560006540268,0.0013726000033784658,pass,,9d124ad72c0fe2b841fbfc927ec45c35cb413a6a0e01baada17f1025709d315c,9626c07cf4ccf3251a3585a4b367551c7a78f57218970c0d71f73f221adea5d3,22e05ea2e1684256cfcefc889a4c658b5530de8a
inst_8ec9bffe895168e3d6057479112fc26184f086ae1cc1fcd5532cb16027fbfa29,max3sat,validation,matched_random_selective,device_sparse_v1,25,0,25,5,5,,,,,,,,,,,,,,,,,expected_infeasible_width,expected_capacity_failure,9d124ad72c0fe2b841fbfc927ec45c35cb413a6a0e01baada17f1025709d315c,9626c07cf4ccf3251a3585a4b367551c7a78f57218970c0d71f73f221adea5d3,22e05ea2e1684256cfcefc889a4c658b5530de8a
inst_8ec9bffe895168e3d6057479112fc26184f086ae1cc1fcd5532cb16027fbfa29,max3sat,validation,selective,all_to_all_reference,5,5,0,0,5,132.0,132.0,0.0,132.0,132.0,58.0,58.0,0.0,58.0,58.0,0.0,0.0,0.0,0.0,0.0013397400034591556,0.0013344000035431236,pass,,9d124ad72c0fe2b841fbfc927ec45c35cb413a6a0e01baada17f1025709d315c,9626c07cf4ccf3251a3585a4b367551c7a78f57218970c0d71f73f221adea5d3,22e05ea2e1684256cfcefc889a4c658b5530de8a
inst_8ec9bffe895168e3d6057479112fc26184f086ae1cc1fcd5532cb16027fbfa29,max3sat,validation,selective,device_sparse_v1,5,0,5,0,5,,,,,,,,,,,,,,,,,expected_infeasible_width,expected_capacity_failure,9d124ad72c0fe2b841fbfc927ec45c35cb413a6a0e01baada17f1025709d315c,9626c07cf4ccf3251a3585a4b367551c7a78f57218970c0d71f73f221adea5d3,22e05ea2e1684256cfcefc889a4c658b5530de8a
inst_90ea5a2894cc294c32ec161d76b831ad4079fdcbaaad0e421851b5fa6f8561ba,cubic_spin_glass,train,all_native,all_to_all_reference,5,5,0,0,5,192.0,192.0,0.0,192.0,192.0,174.0,174.0,0.0,174.0,174.0,0.0,0.0,0.0,0.0,0.00253173999954015,0.0023483000113628805,pass,,9d124ad72c0fe2b841fbfc927ec45c35cb413a6a0e01baada17f1025709d315c,9626c07cf4ccf3251a3585a4b367551c7a78f57218970c0d71f73f221adea5d3,22e05ea2e1684256cfcefc889a4c658b5530de8a
inst_90ea5a2894cc294c32ec161d76b831ad4079fdcbaaad0e421851b5fa6f8561ba,cubic_spin_glass,train,all_native,device_sparse_v1,5,5,0,0,5,349.6,351.0,10.502380682492898,340.3942574443992,358.80574255560083,281.0,287.0,13.24764129949177,269.38793041701865,292.61206958298135,60.4,61.0,157.6,159.0,0.010093019995838403,0.009713100007502362,pass,,9d124ad72c0fe2b841fbfc927ec45c35cb413a6a0e01baada17f1025709d315c,9626c07cf4ccf3251a3585a4b367551c7a78f57218970c0d71f73f221adea5d3,22e05ea2e1684256cfcefc889a4c658b5530de8a
inst_90ea5a2894cc294c32ec161d76b831ad4079fdcbaaad0e421851b5fa6f8561ba,cubic_spin_glass,train,fully_quadratized,all_to_all_reference,5,5,0,0,5,216.0,216.0,0.0,216.0,216.0,50.0,50.0,0.0,50.0,50.0,0.0,0.0,0.0,0.0,0.0027413600008003415,0.0026886000123340636,pass,,9d124ad72c0fe2b841fbfc927ec45c35cb413a6a0e01baada17f1025709d315c,9626c07cf4ccf3251a3585a4b367551c7a78f57218970c0d71f73f221adea5d3,22e05ea2e1684256cfcefc889a4c658b5530de8a
inst_90ea5a2894cc294c32ec161d76b831ad4079fdcbaaad0e421851b5fa6f8561ba,cubic_spin_glass,train,fully_quadratized,device_sparse_v1,5,0,5,0,5,,,,,,,,,,,,,,,,,expected_infeasible_width,expected_capacity_failure,9d124ad72c0fe2b841fbfc927ec45c35cb413a6a0e01baada17f1025709d315c,9626c07cf4ccf3251a3585a4b367551c7a78f57218970c0d71f73f221adea5d3,22e05ea2e1684256cfcefc889a4c658b5530de8a
inst_90ea5a2894cc294c32ec161d76b831ad4079fdcbaaad0e421851b5fa6f8561ba,cubic_spin_glass,train,matched_random_selective,all_to_all_reference,25,25,0,5,5,234.8,232.0,4.760952285695233,232.93370670400748,236.66629329599255,164.4,165.0,6.849574196011506,161.7149669151635,167.0850330848365,0.0,0.0,0.0,0.0,0.0026292279991321265,0.0024825000145938247,pass,,9d124ad72c0fe2b841fbfc927ec45c35cb413a6a0e01baada17f1025709d315c,9626c07cf4ccf3251a3585a4b367551c7a78f57218970c0d71f73f221adea5d3,22e05ea2e1684256cfcefc889a4c658b5530de8a
inst_90ea5a2894cc294c32ec161d76b831ad4079fdcbaaad0e421851b5fa6f8561ba,cubic_spin_glass,train,matched_random_selective,device_sparse_v1,25,0,25,5,5,,,,,,,,,,,,,,,,,expected_infeasible_width,expected_capacity_failure,9d124ad72c0fe2b841fbfc927ec45c35cb413a6a0e01baada17f1025709d315c,9626c07cf4ccf3251a3585a4b367551c7a78f57218970c0d71f73f221adea5d3,22e05ea2e1684256cfcefc889a4c658b5530de8a
inst_90ea5a2894cc294c32ec161d76b831ad4079fdcbaaad0e421851b5fa6f8561ba,cubic_spin_glass,train,selective,all_to_all_reference,5,5,0,0,5,224.0,224.0,0.0,224.0,224.0,94.0,94.0,0.0,94.0,94.0,0.0,0.0,0.0,0.0,0.002491500007454306,0.00239280000096187,pass,,9d124ad72c0fe2b841fbfc927ec45c35cb413a6a0e01baada17f1025709d315c,9626c07cf4ccf3251a3585a4b367551c7a78f57218970c0d71f73f221adea5d3,22e05ea2e1684256cfcefc889a4c658b5530de8a
inst_90ea5a2894cc294c32ec161d76b831ad4079fdcbaaad0e421851b5fa6f8561ba,cubic_spin_glass,train,selective,device_sparse_v1,5,0,5,0,5,,,,,,,,,,,,,,,,,expected_infeasible_width,expected_capacity_failure,9d124ad72c0fe2b841fbfc927ec45c35cb413a6a0e01baada17f1025709d315c,9626c07cf4ccf3251a3585a4b367551c7a78f57218970c0d71f73f221adea5d3,22e05ea2e1684256cfcefc889a4c658b5530de8a
inst_91de1c566768e2107a255c2b5e9b3d207ee6f17de18234b7d98081ef44b0556e,max3sat,validation,all_native,all_to_all_reference,5,5,0,0,5,350.0,350.0,0.0,350.0,350.0,218.0,218.0,0.0,218.0,218.0,0.0,0.0,0.0,0.0,0.003133500006515533,0.002829000004567206,pass,,9d124ad72c0fe2b841fbfc927ec45c35cb413a6a0e01baada17f1025709d315c,9626c07cf4ccf3251a3585a4b367551c7a78f57218970c0d71f73f221adea5d3,22e05ea2e1684256cfcefc889a4c658b5530de8a
inst_91de1c566768e2107a255c2b5e9b3d207ee6f17de18234b7d98081ef44b0556e,max3sat,validation,all_native,device_sparse_v1,5,5,0,0,5,673.2,669.0,18.498648599289623,656.985219582122,689.4147804178781,439.0,441.0,18.721645226849056,422.58975441987536,455.41024558012464,120.8,121.0,323.2,319.0,0.014949020004132762,0.014840799994999543,pass,,9d124ad72c0fe2b841fbfc927ec45c35cb413a6a0e01baada17f1025709d315c,9626c07cf4ccf3251a3585a4b367551c7a78f57218970c0d71f73f221adea5d3,22e05ea2e1684256cfcefc889a4c658b5530de8a
inst_91de1c566768e2107a255c2b5e9b3d207ee6f17de18234b7d98081ef44b0556e,max3sat,validation,fully_quadratized,all_to_all_reference,5,5,0,0,5,286.0,286.0,0.0,286.0,286.0,68.0,68.0,0.0,68.0,68.0,0.0,0.0,0.0,0.0,0.0030319000012241303,0.0029403000080492347,pass,,9d124ad72c0fe2b841fbfc927ec45c35cb413a6a0e01baada17f1025709d315c,9626c07cf4ccf3251a3585a4b367551c7a78f57218970c0d71f73f221adea5d3,22e05ea2e1684256cfcefc889a4c658b5530de8a
inst_91de1c566768e2107a255c2b5e9b3d207ee6f17de18234b7d98081ef44b0556e,max3sat,validation,fully_quadratized,device_sparse_v1,5,0,5,0,5,,,,,,,,,,,,,,,,,expected_infeasible_width,expected_capacity_failure,9d124ad72c0fe2b841fbfc927ec45c35cb413a6a0e01baada17f1025709d315c,9626c07cf4ccf3251a3585a4b367551c7a78f57218970c0d71f73f221adea5d3,22e05ea2e1684256cfcefc889a4c658b5530de8a
inst_91de1c566768e2107a255c2b5e9b3d207ee6f17de18234b7d98081ef44b0556e,max3sat,validation,matched_random_selective,all_to_all_reference,25,25,0,5,5,356.0,360.0,7.852812659593164,352.9216974374395,359.0783025625605,166.0,167.0,11.049132695978148,161.66873998317658,170.33126001682342,0.0,0.0,0.0,0.0,0.0031952599971555172,0.0029761000187136233,pass,,9d124ad72c0fe2b841fbfc927ec45c35cb413a6a0e01baada17f1025709d315c,9626c07cf4ccf3251a3585a4b367551c7a78f57218970c0d71f73f221adea5d3,22e05ea2e1684256cfcefc889a4c658b5530de8a
inst_91de1c566768e2107a255c2b5e9b3d207ee6f17de18234b7d98081ef44b0556e,max3sat,validation,matched_random_selective,device_sparse_v1,25,0,25,5,5,,,,,,,,,,,,,,,,,expected_infeasible_width,expected_capacity_failure,9d124ad72c0fe2b841fbfc927ec45c35cb413a6a0e01baada17f1025709d315c,9626c07cf4ccf3251a3585a4b367551c7a78f57218970c0d71f73f221adea5d3,22e05ea2e1684256cfcefc889a4c658b5530de8a
inst_91de1c566768e2107a255c2b5e9b3d207ee6f17de18234b7d98081ef44b0556e,max3sat,validation,selective,all_to_all_reference,5,5,0,0,5,308.0,308.0,0.0,308.0,308.0,96.0,96.0,0.0,96.0,96.0,0.0,0.0,0.0,0.0,0.0027774799906183033,0.002794399973936379,pass,,9d124ad72c0fe2b841fbfc927ec45c35cb413a6a0e01baada17f1025709d315c,9626c07cf4ccf3251a3585a4b367551c7a78f57218970c0d71f73f221adea5d3,22e05ea2e1684256cfcefc889a4c658b5530de8a
inst_91de1c566768e2107a255c2b5e9b3d207ee6f17de18234b7d98081ef44b0556e,max3sat,validation,selective,device_sparse_v1,5,0,5,0,5,,,,,,,,,,,,,,,,,expected_infeasible_width,expected_capacity_failure,9d124ad72c0fe2b841fbfc927ec45c35cb413a6a0e01baada17f1025709d315c,9626c07cf4ccf3251a3585a4b367551c7a78f57218970c0d71f73f221adea5d3,22e05ea2e1684256cfcefc889a4c658b5530de8a
inst_92eb60bbccda5c5e3e2562b302edd076ac50a62aeb4d3709272c6303eeb1a61b,cubic_spin_glass,train,all_native,all_to_all_reference,5,5,0,0,5,192.0,192.0,0.0,192.0,192.0,147.0,147.0,0.0,147.0,147.0,0.0,0.0,0.0,0.0,0.00258509999839589,0.002362900006119162,pass,,9d124ad72c0fe2b841fbfc927ec45c35cb413a6a0e01baada17f1025709d315c,9626c07cf4ccf3251a3585a4b367551c7a78f57218970c0d71f73f221adea5d3,22e05ea2e1684256cfcefc889a4c658b5530de8a
inst_92eb60bbccda5c5e3e2562b302edd076ac50a62aeb4d3709272c6303eeb1a61b,cubic_spin_glass,train,all_native,device_sparse_v1,5,5,0,0,5,348.2,348.0,11.755849607748477,337.89554348837356,358.5044565116264,242.0,239.0,7.106335201775948,235.7710225558283,248.2289774441717,60.2,60.0,156.2,156.0,0.01181308000232093,0.011954700021306053,pass,,9d124ad72c0fe2b841fbfc927ec45c35cb413a6a0e01baada17f1025709d315c,9626c07cf4ccf3251a3585a4b367551c7a78f57218970c0d71f73f221adea5d3,22e05ea2e1684256cfcefc889a4c658b5530de8a
inst_92eb60bbccda5c5e3e2562b302edd076ac50a62aeb4d3709272c6303eeb1a61b,cubic_spin_glass,train,fully_quadratized,all_to_all_reference,5,5,0,0,5,274.0,274.0,0.0,274.0,274.0,64.0,64.0,0.0,64.0,64.0,0.0,0.0,0.0,0.0,0.0032535200065467508,0.003248699998948723,pass,,9d124ad72c0fe2b841fbfc927ec45c35cb413a6a0e01baada17f1025709d315c,9626c07cf4ccf3251a3585a4b367551c7a78f57218970c0d71f73f221adea5d3,22e05ea2e1684256cfcefc889a4c658b5530de8a
inst_92eb60bbccda5c5e3e2562b302edd076ac50a62aeb4d3709272c6303eeb1a61b,cubic_spin_glass,train,fully_quadratized,device_sparse_v1,5,0,5,0,5,,,,,,,,,,,,,,,,,expected_infeasible_width,expected_capacity_failure,9d124ad72c0fe2b841fbfc927ec45c35cb413a6a0e01baada17f1025709d315c,9626c07cf4ccf3251a3585a4b367551c7a78f57218970c0d71f73f221adea5d3,22e05ea2e1684256cfcefc889a4c658b5530de8a
inst_92eb60bbccda5c5e3e2562b302edd076ac50a62aeb4d3709272c6303eeb1a61b,cubic_spin_glass,train,matched_random_selective,all_to_all_reference,25,25,0,5,5,192.0,192.0,0.0,192.0,192.0,147.0,147.0,0.0,147.0,147.0,0.0,0.0,0.0,0.0,0.002773191996384412,0.002884799992898479,pass,,9d124ad72c0fe2b841fbfc927ec45c35cb413a6a0e01baada17f1025709d315c,9626c07cf4ccf3251a3585a4b367551c7a78f57218970c0d71f73f221adea5d3,22e05ea2e1684256cfcefc889a4c658b5530de8a
inst_92eb60bbccda5c5e3e2562b302edd076ac50a62aeb4d3709272c6303eeb1a61b,cubic_spin_glass,train,matched_random_selective,device_sparse_v1,25,25,0,5,5,348.2,348.0,10.731573354670166,343.9932232449693,352.4067767550307,242.0,239.0,6.487166818676188,239.45703060707893,244.54296939292107,60.2,60.0,156.2,156.0,0.010670000000391155,0.010515299974940717,pass,,9d124ad72c0fe2b841fbfc927ec45c35cb413a6a0e01baada17f1025709d315c,9626c07cf4ccf3251a3585a4b367551c7a78f57218970c0d71f73f221adea5d3,22e05ea2e1684256cfcefc889a4c658b5530de8a
inst_92eb60bbccda5c5e3e2562b302edd076ac50a62aeb4d3709272c6303eeb1a61b,cubic_spin_glass,train,selective,all_to_all_reference,5,5,0,0,5,192.0,192.0,0.0,192.0,192.0,147.0,147.0,0.0,147.0,147.0,0.0,0.0,0.0,0.0,0.0027524399978574366,0.0029125000000931323,pass,,9d124ad72c0fe2b841fbfc927ec45c35cb413a6a0e01baada17f1025709d315c,9626c07cf4ccf3251a3585a4b367551c7a78f57218970c0d71f73f221adea5d3,22e05ea2e1684256cfcefc889a4c658b5530de8a
inst_92eb60bbccda5c5e3e2562b302edd076ac50a62aeb4d3709272c6303eeb1a61b,cubic_spin_glass,train,selective,device_sparse_v1,5,5,0,0,5,348.2,348.0,11.755849607748477,337.89554348837356,358.5044565116264,242.0,239.0,7.106335201775948,235.7710225558283,248.2289774441717,60.2,60.0,156.2,156.0,0.010996419994626194,0.011146600008942187,pass,,9d124ad72c0fe2b841fbfc927ec45c35cb413a6a0e01baada17f1025709d315c,9626c07cf4ccf3251a3585a4b367551c7a78f57218970c0d71f73f221adea5d3,22e05ea2e1684256cfcefc889a4c658b5530de8a
inst_93750e2faed9c9245b47a162edd68b576dfcc2011e0800d2b1edac661d13e0b1,max3sat,train,all_native,all_to_all_reference,5,5,0,0,5,328.0,328.0,0.0,328.0,328.0,147.0,147.0,0.0,147.0,147.0,0.0,0.0,0.0,0.0,0.0023439399956259876,0.0023418999917339534,pass,,9d124ad72c0fe2b841fbfc927ec45c35cb413a6a0e01baada17f1025709d315c,9626c07cf4ccf3251a3585a4b367551c7a78f57218970c0d71f73f221adea5d3,22e05ea2e1684256cfcefc889a4c658b5530de8a
inst_93750e2faed9c9245b47a162edd68b576dfcc2011e0800d2b1edac661d13e0b1,max3sat,train,all_native,device_sparse_v1,5,0,5,0,5,,,,,,,,,,,,,,,,,expected_infeasible_width,expected_capacity_failure,9d124ad72c0fe2b841fbfc927ec45c35cb413a6a0e01baada17f1025709d315c,9626c07cf4ccf3251a3585a4b367551c7a78f57218970c0d71f73f221adea5d3,22e05ea2e1684256cfcefc889a4c658b5530de8a
inst_93750e2faed9c9245b47a162edd68b576dfcc2011e0800d2b1edac661d13e0b1,max3sat,train,fully_quadratized,all_to_all_reference,5,5,0,0,5,288.0,288.0,0.0,288.0,288.0,64.0,64.0,0.0,64.0,64.0,0.0,0.0,0.0,0.0,0.0031434400065336377,0.0031416999991051853,pass,,9d124ad72c0fe2b841fbfc927ec45c35cb413a6a0e01baada17f1025709d315c,9626c07cf4ccf3251a3585a4b367551c7a78f57218970c0d71f73f221adea5d3,22e05ea2e1684256cfcefc889a4c658b5530de8a
inst_93750e2faed9c9245b47a162edd68b576dfcc2011e0800d2b1edac661d13e0b1,max3sat,train,fully_quadratized,device_sparse_v1,5,0,5,0,5,,,,,,,,,,,,,,,,,expected_infeasible_width,expected_capacity_failure,9d124ad72c0fe2b841fbfc927ec45c35cb413a6a0e01baada17f1025709d315c,9626c07cf4ccf3251a3585a4b367551c7a78f57218970c0d71f73f221adea5d3,22e05ea2e1684256cfcefc889a4c658b5530de8a
inst_93750e2faed9c9245b47a162edd68b576dfcc2011e0800d2b1edac661d13e0b1,max3sat,train,matched_random_selective,all_to_all_reference,25,25,0,5,5,342.8,346.0,4.760952285695233,340.9337067040075,344.66629329599255,99.8,101.0,3.730504880933232,98.33764208667417,101.26235791332583,0.0,0.0,0.0,0.0,0.0029609720001462845,0.0029759000171907246,pass,,9d124ad72c0fe2b841fbfc927ec45c35cb413a6a0e01baada17f1025709d315c,9626c07cf4ccf3251a3585a4b367551c7a78f57218970c0d71f73f221adea5d3,22e05ea2e1684256cfcefc889a4c658b5530de8a
inst_93750e2faed9c9245b47a162edd68b576dfcc2011e0800d2b1edac661d13e0b1,max3sat,train,matched_random_selective,device_sparse_v1,25,0,25,5,5,,,,,,,,,,,,,,,,,expected_infeasible_width,expected_capacity_failure,9d124ad72c0fe2b841fbfc927ec45c35cb413a6a0e01baada17f1025709d315c,9626c07cf4ccf3251a3585a4b367551c7a78f57218970c0d71f73f221adea5d3,22e05ea2e1684256cfcefc889a4c658b5530de8a
inst_93750e2faed9c9245b47a162edd68b576dfcc2011e0800d2b1edac661d13e0b1,max3sat,train,selective,all_to_all_reference,5,5,0,0,5,290.0,290.0,0.0,290.0,290.0,67.0,67.0,0.0,67.0,67.0,0.0,0.0,0.0,0.0,0.0032893600000534207,0.0031469999812543392,pass,,9d124ad72c0fe2b841fbfc927ec45c35cb413a6a0e01baada17f1025709d315c,9626c07cf4ccf3251a3585a4b367551c7a78f57218970c0d71f73f221adea5d3,22e05ea2e1684256cfcefc889a4c658b5530de8a
inst_93750e2faed9c9245b47a162edd68b576dfcc2011e0800d2b1edac661d13e0b1,max3sat,train,selective,device_sparse_v1,5,0,5,0,5,,,,,,,,,,,,,,,,,expected_infeasible_width,expected_capacity_failure,9d124ad72c0fe2b841fbfc927ec45c35cb413a6a0e01baada17f1025709d315c,9626c07cf4ccf3251a3585a4b367551c7a78f57218970c0d71f73f221adea5d3,22e05ea2e1684256cfcefc889a4c658b5530de8a
inst_9450ef3d9ff004e2fb5b0139c1d3d736da4d25de602cb1d4c57e69a5aa03741b,max3sat,train,all_native,all_to_all_reference,5,5,0,0,5,76.0,76.0,0.0,76.0,76.0,56.0,56.0,0.0,56.0,56.0,0.0,0.0,0.0,0.0,0.0007874999952036888,0.0007278999837581068,pass,,9d124ad72c0fe2b841fbfc927ec45c35cb413a6a0e01baada17f1025709d315c,9626c07cf4ccf3251a3585a4b367551c7a78f57218970c0d71f73f221adea5d3,22e05ea2e1684256cfcefc889a4c658b5530de8a
inst_9450ef3d9ff004e2fb5b0139c1d3d736da4d25de602cb1d4c57e69a5aa03741b,max3sat,train,all_native,device_sparse_v1,5,5,0,0,5,126.2,126.0,4.54972526643093,122.21198996992234,130.18801003007766,102.0,99.0,9.9498743710662,93.2785505791755,110.7214494208245,18.2,18.0,50.2,50.0,0.007903419999638572,0.008078700018813834,pass,,9d124ad72c0fe2b841fbfc927ec45c35cb413a6a0e01baada17f1025709d315c,9626c07cf4ccf3251a3585a4b367551c7a78f57218970c0d71f73f221adea5d3,22e05ea2e1684256cfcefc889a4c658b5530de8a
inst_9450ef3d9ff004e2fb5b0139c1d3d736da4d25de602cb1d4c57e69a5aa03741b,max3sat,train,fully_quadratized,all_to_all_reference,5,5,0,0,5,62.0,62.0,0.0,62.0,62.0,28.0,28.0,0.0,28.0,28.0,0.0,0.0,0.0,0.0,0.000992679997580126,0.0010123999963980168,pass,,9d124ad72c0fe2b841fbfc927ec45c35cb413a6a0e01baada17f1025709d315c,9626c07cf4ccf3251a3585a4b367551c7a78f57218970c0d71f73f221adea5d3,22e05ea2e1684256cfcefc889a4c658b5530de8a
inst_9450ef3d9ff004e2fb5b0139c1d3d736da4d25de602cb1d4c57e69a5aa03741b,max3sat,train,fully_quadratized,device_sparse_v1,5,5,0,0,5,99.4,101.0,3.4351128074635335,96.38899086683551,102.4110091331645,64.2,66.0,3.492849839314596,61.13838212704459,67.26161787295541,13.4,14.0,37.4,39.0,0.007429540000157431,0.007538699981523678,pass,,9d124ad72c0fe2b841fbfc927ec45c35cb413a6a0e01baada17f1025709d315c,9626c07cf4ccf3251a3585a4b367551c7a78f57218970c0d71f73f221adea5d3,22e05ea2e1684256cfcefc889a4c658b5530de8a
inst_9450ef3d9ff004e2fb5b0139c1d3d736da4d25de602cb1d4c57e69a5aa03741b,max3sat,train,matched_random_selective,all_to_all_reference,25,25,0,5,5,78.0,78.0,1.2909944487358056,77.49393017609556,78.50606982390444,50.2,50.0,1.35400640077266,49.66922949089712,50.73077050910288,0.0,0.0,0.0,0.0,0.0011435000027995557,0.001110500015784055,pass,,9d124ad72c0fe2b841fbfc927ec45c35cb413a6a0e01baada17f1025709d315c,9626c07cf4ccf3251a3585a4b367551c7a78f57218970c0d71f73f221adea5d3,22e05ea2e1684256cfcefc889a4c658b5530de8a
inst_9450ef3d9ff004e2fb5b0139c1d3d736da4d25de602cb1d4c57e69a5aa03741b,max3sat,train,matched_random_selective,device_sparse_v1,25,25,0,5,5,130.6,132.0,6.639528095680697,127.99730498649316,133.20269501350683,93.32,93.0,7.564830908002285,90.3545862840631,96.28541371593688,19.16,19.0,52.6,54.0,0.008391552000539378,0.008412099996348843,pass,,9d124ad72c0fe2b841fbfc927ec45c35cb413a6a0e01baada17f1025709d315c,9626c07cf4ccf3251a3585a4b367551c7a78f57218970c0d71f73f221adea5d3,22e05ea2e1684256cfcefc889a4c658b5530de8a
inst_9450ef3d9ff004e2fb5b0139c1d3d736da4d25de602cb1d4c57e69a5aa03741b,max3sat,train,selective,all_to_all_reference,5,5,0,0,5,68.0,68.0,0.0,68.0,68.0,35.0,35.0,0.0,35.0,35.0,0.0,0.0,0.0,0.0,0.0009660199983045458,0.0010617999942041934,pass,,9d124ad72c0fe2b841fbfc927ec45c35cb413a6a0e01baada17f1025709d315c,9626c07cf4ccf3251a3585a4b367551c7a78f57218970c0d71f73f221adea5d3,22e05ea2e1684256cfcefc889a4c658b5530de8a
inst_9450ef3d9ff004e2fb5b0139c1d3d736da4d25de602cb1d4c57e69a5aa03741b,max3sat,train,selective,device_sparse_v1,5,5,0,0,5,116.0,115.0,5.0,111.61730676410042,120.38269323589958,78.6,79.0,7.765307463326871,71.79340790115934,85.40659209884065,17.2,17.0,48.0,47.0,0.008726800000295043,0.008435099996859208,pass,,9d124ad72c0fe2b841fbfc927ec45c35cb413a6a0e01baada17f1025709d315c,9626c07cf4ccf3251a3585a4b367551c7a78f57218970c0d71f73f221adea5d3,22e05ea2e1684256cfcefc889a4c658b5530de8a
inst_988a4cdc6171530ec091f734c342662ae559dec88cdad95e95eee1c75eb9022a,max3sat,train,all_native,all_to_all_reference,5,5,0,0,5,158.0,158.0,0.0,158.0,158.0,95.0,95.0,0.0,95.0,95.0,0.0,0.0,0.0,0.0,0.0012052399979438633,0.0012020999856758863,pass,,9d124ad72c0fe2b841fbfc927ec45c35cb413a6a0e01baada17f1025709d315c,9626c07cf4ccf3251a3585a4b367551c7a78f57218970c0d71f73f221adea5d3,22e05ea2e1684256cfcefc889a4c658b5530de8a
inst_988a4cdc6171530ec091f734c342662ae559dec88cdad95e95eee1c75eb9022a,max3sat,train,all_native,device_sparse_v1,5,0,5,0,5,,,,,,,,,,,,,,,,,expected_infeasible_width,expected_capacity_failure,9d124ad72c0fe2b841fbfc927ec45c35cb413a6a0e01baada17f1025709d315c,9626c07cf4ccf3251a3585a4b367551c7a78f57218970c0d71f73f221adea5d3,22e05ea2e1684256cfcefc889a4c658b5530de8a
inst_988a4cdc6171530ec091f734c342662ae559dec88cdad95e95eee1c75eb9022a,max3sat,train,fully_quadratized,all_to_all_reference,5,5,0,0,5,104.0,104.0,0.0,104.0,104.0,40.0,40.0,0.0,40.0,40.0,0.0,0.0,0.0,0.0,0.0015447799989487976,0.001208700006827712,pass,,9d124ad72c0fe2b841fbfc927ec45c35cb413a6a0e01baada17f1025709d315c,9626c07cf4ccf3251a3585a4b367551c7a78f57218970c0d71f73f221adea5d3,22e05ea2e1684256cfcefc889a4c658b5530de8a
inst_988a4cdc6171530ec091f734c342662ae559dec88cdad95e95eee1c75eb9022a,max3sat,train,fully_quadratized,device_sparse_v1,5,0,5,0,5,,,,,,,,,,,,,,,,,expected_infeasible_width,expected_capacity_failure,9d124ad72c0fe2b841fbfc927ec45c35cb413a6a0e01baada17f1025709d315c,9626c07cf4ccf3251a3585a4b367551c7a78f57218970c0d71f73f221adea5d3,22e05ea2e1684256cfcefc889a4c658b5530de8a
inst_988a4cdc6171530ec091f734c342662ae559dec88cdad95e95eee1c75eb9022a,max3sat,train,matched_random_selective,all_to_all_reference,25,25,0,5,5,159.2,160.0,1.632993161855452,158.55986668055266,159.84013331944732,89.4,89.0,1.5275252316519468,88.80121010919244,89.99878989080757,0.0,0.0,0.0,0.0,0.0013161919999402016,0.0012889000063296407,pass,,9d124ad72c0fe2b841fbfc927ec45c35cb413a6a0e01baada17f1025709d315c,9626c07cf4ccf3251a3585a4b367551c7a78f57218970c0d71f73f221adea5d3,22e05ea2e1684256cfcefc889a4c658b5530de8a
inst_988a4cdc6171530ec091f734c342662ae559dec88cdad95e95eee1c75eb9022a,max3sat,train,matched_random_selective,device_sparse_v1,25,0,25,5,5,,,,,,,,,,,,,,,,,expected_infeasible_width,expected_capacity_failure,9d124ad72c0fe2b841fbfc927ec45c35cb413a6a0e01baada17f1025709d315c,9626c07cf4ccf3251a3585a4b367551c7a78f57218970c0d71f73f221adea5d3,22e05ea2e1684256cfcefc889a4c658b5530de8a
inst_988a4cdc6171530ec091f734c342662ae559dec88cdad95e95eee1c75eb9022a,max3sat,train,selective,all_to_all_reference,5,5,0,0,5,108.0,108.0,0.0,108.0,108.0,45.0,45.0,0.0,45.0,45.0,0.0,0.0,0.0,0.0,0.00109108000760898,0.001091400015866384,pass,,9d124ad72c0fe2b841fbfc927ec45c35cb413a6a0e01baada17f1025709d315c,9626c07cf4ccf3251a3585a4b367551c7a78f57218970c0d71f73f221adea5d3,22e05ea2e1684256cfcefc889a4c658b5530de8a
inst_988a4cdc6171530ec091f734c342662ae559dec88cdad95e95eee1c75eb9022a,max3sat,train,selective,device_sparse_v1,5,0,5,0,5,,,,,,,,,,,,,,,,,expected_infeasible_width,expected_capacity_failure,9d124ad72c0fe2b841fbfc927ec45c35cb413a6a0e01baada17f1025709d315c,9626c07cf4ccf3251a3585a4b367551c7a78f57218970c0d71f73f221adea5d3,22e05ea2e1684256cfcefc889a4c658b5530de8a
inst_9ba2a7792551103e6e69b98c0de1119c32118930928fc10d75a1e7d657dd1bcf,cubic_spin_glass,test,all_native,all_to_all_reference,5,5,0,0,5,64.0,64.0,0.0,64.0,64.0,49.0,49.0,0.0,49.0,49.0,0.0,0.0,0.0,0.0,0.0011118400027044118,0.0012300999951548874,pass,,9d124ad72c0fe2b841fbfc927ec45c35cb413a6a0e01baada17f1025709d315c,9626c07cf4ccf3251a3585a4b367551c7a78f57218970c0d71f73f221adea5d3,22e05ea2e1684256cfcefc889a4c658b5530de8a
inst_9ba2a7792551103e6e69b98c0de1119c32118930928fc10d75a1e7d657dd1bcf,cubic_spin_glass,test,all_native,device_sparse_v1,5,5,0,0,5,101.2,101.0,4.266145801540309,97.46055833044558,104.93944166955443,77.8,76.0,4.43846820423443,73.90951108470927,81.69048891529073,14.8,15.0,37.2,37.0,0.007989519997499884,0.00792659999569878,pass,,9d124ad72c0fe2b841fbfc927ec45c35cb413a6a0e01baada17f1025709d315c,9626c07cf4ccf3251a3585a4b367551c7a78f57218970c0d71f73f221adea5d3,22e05ea2e1684256cfcefc889a4c658b5530de8a
inst_9ba2a7792551103e6e69b98c0de1119c32118930928fc10d75a1e7d657dd1bcf,cubic_spin_glass,test,fully_quadratized,all_to_all_reference,5,5,0,0,5,104.0,104.0,0.0,104.0,104.0,34.0,34.0,0.0,34.0,34.0,0.0,0.0,0.0,0.0,0.0011437600012868642,0.0011163000017404556,pass,,9d124ad72c0fe2b841fbfc927ec45c35cb413a6a0e01baada17f1025709d315c,9626c07cf4ccf3251a3585a4b367551c7a78f57218970c0d71f73f221adea5d3,22e05ea2e1684256cfcefc889a4c658b5530de8a
inst_9ba2a7792551103e6e69b98c0de1119c32118930928fc10d75a1e7d657dd1bcf,cubic_spin_glass,test,fully_quadratized,device_sparse_v1,5,0,5,0,5,,,,,,,,,,,,,,,,,expected_infeasible_width,expected_capacity_failure,9d124ad72c0fe2b841fbfc927ec45c35cb413a6a0e01baada17f1025709d315c,9626c07cf4ccf3251a3585a4b367551c7a78f57218970c0d71f73f221adea5d3,22e05ea2e1684256cfcefc889a4c658b5530de8a
inst_9ba2a7792551103e6e69b98c0de1119c32118930928fc10d75a1e7d657dd1bcf,cubic_spin_glass,test,matched_random_selective,all_to_all_reference,25,25,0,5,5,64.0,64.0,0.0,64.0,64.0,49.0,49.0,0.0,49.0,49.0,0.0,0.0,0.0,0.0,0.001136464001610875,0.0011737000022549182,pass,,9d124ad72c0fe2b841fbfc927ec45c35cb413a6a0e01baada17f1025709d315c,9626c07cf4ccf3251a3585a4b367551c7a78f57218970c0d71f73f221adea5d3,22e05ea2e1684256cfcefc889a4c658b5530de8a
inst_9ba2a7792551103e6e69b98c0de1119c32118930928fc10d75a1e7d657dd1bcf,cubic_spin_glass,test,matched_random_selective,device_sparse_v1,25,25,0,5,5,101.2,101.0,3.8944404818493075,99.67337933111507,102.72662066888493,77.8,76.0,4.051748593714406,76.21171455126395,79.38828544873604,14.8,15.0,37.2,37.0,0.007326111999573186,0.007394299987936392,pass,,9d124ad72c0fe2b841fbfc927ec45c35cb413a6a0e01baada17f1025709d315c,9626c07cf4ccf3251a3585a4b367551c7a78f57218970c0d71f73f221adea5d3,22e05ea2e1684256cfcefc889a4c658b5530de8a
inst_9ba2a7792551103e6e69b98c0de1119c32118930928fc10d75a1e7d657dd1bcf,cubic_spin_glass,test,selective,all_to_all_reference,5,5,0,0,5,64.0,64.0,0.0,64.0,64.0,49.0,49.0,0.0,49.0,49.0,0.0,0.0,0.0,0.0,0.0011094799963757395,0.0011656999995466322,pass,,9d124ad72c0fe2b841fbfc927ec45c35cb413a6a0e01baada17f1025709d315c,9626c07cf4ccf3251a3585a4b367551c7a78f57218970c0d71f73f221adea5d3,22e05ea2e1684256cfcefc889a4c658b5530de8a
inst_9ba2a7792551103e6e69b98c0de1119c32118930928fc10d75a1e7d657dd1bcf,cubic_spin_glass,test,selective,device_sparse_v1,5,5,0,0,5,101.2,101.0,4.266145801540309,97.46055833044558,104.93944166955443,77.8,76.0,4.43846820423443,73.90951108470927,81.69048891529073,14.8,15.0,37.2,37.0,0.00810562000842765,0.00820520002162084,pass,,9d124ad72c0fe2b841fbfc927ec45c35cb413a6a0e01baada17f1025709d315c,9626c07cf4ccf3251a3585a4b367551c7a78f57218970c0d71f73f221adea5d3,22e05ea2e1684256cfcefc889a4c658b5530de8a
inst_9bce13272818b61594dbc28dec9d8b84d5c90a5cff1574a18f881703e17ad0f7,cubic_spin_glass,train,all_native,all_to_all_reference,5,5,0,0,5,80.0,80.0,0.0,80.0,80.0,42.0,42.0,0.0,42.0,42.0,0.0,0.0,0.0,0.0,0.0015633600007276983,0.0015529999800492078,pass,,9d124ad72c0fe2b841fbfc927ec45c35cb413a6a0e01baada17f1025709d315c,9626c07cf4ccf3251a3585a4b367551c7a78f57218970c0d71f73f221adea5d3,22e05ea2e1684256cfcefc889a4c658b5530de8a
inst_9bce13272818b61594dbc28dec9d8b84d5c90a5cff1574a18f881703e17ad0f7,cubic_spin_glass,train,all_native,device_sparse_v1,5,0,5,0,5,,,,,,,,,,,,,,,,,expected_infeasible_width,expected_capacity_failure,9d124ad72c0fe2b841fbfc927ec45c35cb413a6a0e01baada17f1025709d315c,9626c07cf4ccf3251a3585a4b367551c7a78f57218970c0d71f73f221adea5d3,22e05ea2e1684256cfcefc889a4c658b5530de8a
inst_9bce13272818b61594dbc28dec9d8b84d5c90a5cff1574a18f881703e17ad0f7,cubic_spin_glass,train,fully_quadratized,all_to_all_reference,5,5,0,0,5,208.0,208.0,0.0,208.0,208.0,58.0,58.0,0.0,58.0,58.0,0.0,0.0,0.0,0.0,0.002487199997995049,0.0022908000100869685,pass,,9d124ad72c0fe2b841fbfc927ec45c35cb413a6a0e01baada17f1025709d315c,9626c07cf4ccf3251a3585a4b367551c7a78f57218970c0d71f73f221adea5d3,22e05ea2e1684256cfcefc889a4c658b5530de8a
inst_9bce13272818b61594dbc28dec9d8b84d5c90a5cff1574a18f881703e17ad0f7,cubic_spin_glass,train,fully_quadratized,device_sparse_v1,5,0,5,0,5,,,,,,,,,,,,,,,,,expected_infeasible_width,expected_capacity_failure,9d124ad72c0fe2b841fbfc927ec45c35cb413a6a0e01baada17f1025709d315c,9626c07cf4ccf3251a3585a4b367551c7a78f57218970c0d71f73f221adea5d3,22e05ea2e1684256cfcefc889a4c658b5530de8a
inst_9bce13272818b61594dbc28dec9d8b84d5c90a5cff1574a18f881703e17ad0f7,cubic_spin_glass,train,matched_random_selective,all_to_all_reference,25,25,0,5,5,80.0,80.0,0.0,80.0,80.0,42.0,42.0,0.0,42.0,42.0,0.0,0.0,0.0,0.0,0.0015868280024733394,0.0015604000072926283,pass,,9d124ad72c0fe2b841fbfc927ec45c35cb413a6a0e01baada17f1025709d315c,9626c07cf4ccf3251a3585a4b367551c7a78f57218970c0d71f73f221adea5d3,22e05ea2e1684256cfcefc889a4c658b5530de8a
inst_9bce13272818b61594dbc28dec9d8b84d5c90a5cff1574a18f881703e17ad0f7,cubic_spin_glass,train,matched_random_selective,device_sparse_v1,25,0,25,5,5,,,,,,,,,,,,,,,,,expected_infeasible_width,expected_capacity_failure,9d124ad72c0fe2b841fbfc927ec45c35cb413a6a0e01baada17f1025709d315c,9626c07cf4ccf3251a3585a4b367551c7a78f57218970c0d71f73f221adea5d3,22e05ea2e1684256cfcefc889a4c658b5530de8a
inst_9bce13272818b61594dbc28dec9d8b84d5c90a5cff1574a18f881703e17ad0f7,cubic_spin_glass,train,selective,all_to_all_reference,5,5,0,0,5,80.0,80.0,0.0,80.0,80.0,42.0,42.0,0.0,42.0,42.0,0.0,0.0,0.0,0.0,0.0015964000020176172,0.001565599988680333,pass,,9d124ad72c0fe2b841fbfc927ec45c35cb413a6a0e01baada17f1025709d315c,9626c07cf4ccf3251a3585a4b367551c7a78f57218970c0d71f73f221adea5d3,22e05ea2e1684256cfcefc889a4c658b5530de8a
inst_9bce13272818b61594dbc28dec9d8b84d5c90a5cff1574a18f881703e17ad0f7,cubic_spin_glass,train,selective,device_sparse_v1,5,0,5,0,5,,,,,,,,,,,,,,,,,expected_infeasible_width,expected_capacity_failure,9d124ad72c0fe2b841fbfc927ec45c35cb413a6a0e01baada17f1025709d315c,9626c07cf4ccf3251a3585a4b367551c7a78f57218970c0d71f73f221adea5d3,22e05ea2e1684256cfcefc889a4c658b5530de8a
inst_9e9a0b918ddcd2a552104d1597a4bf1a0f02a66b3d265a3acbcad1a257316d47,max3sat,test,all_native,all_to_all_reference,5,5,0,0,5,764.0,764.0,0.0,764.0,764.0,432.0,432.0,0.0,432.0,432.0,0.0,0.0,0.0,0.0,0.005734820006182417,0.005634200002532452,pass,,9d124ad72c0fe2b841fbfc927ec45c35cb413a6a0e01baada17f1025709d315c,9626c07cf4ccf3251a3585a4b367551c7a78f57218970c0d71f73f221adea5d3,22e05ea2e1684256cfcefc889a4c658b5530de8a
inst_9e9a0b918ddcd2a552104d1597a4bf1a0f02a66b3d265a3acbcad1a257316d47,max3sat,test,all_native,device_sparse_v1,5,0,5,0,5,,,,,,,,,,,,,,,,,expected_infeasible_width,expected_capacity_failure,9d124ad72c0fe2b841fbfc927ec45c35cb413a6a0e01baada17f1025709d315c,9626c07cf4ccf3251a3585a4b367551c7a78f57218970c0d71f73f221adea5d3,22e05ea2e1684256cfcefc889a4c658b5530de8a
inst_9e9a0b918ddcd2a552104d1597a4bf1a0f02a66b3d265a3acbcad1a257316d47,max3sat,test,fully_quadratized,all_to_all_reference,5,5,0,0,5,634.0,634.0,0.0,634.0,634.0,106.0,106.0,0.0,106.0,106.0,0.0,0.0,0.0,0.0,0.005587659997399896,0.005179400002816692,pass,,9d124ad72c0fe2b841fbfc927ec45c35cb413a6a0e01baada17f1025709d315c,9626c07cf4ccf3251a3585a4b367551c7a78f57218970c0d71f73f221adea5d3,22e05ea2e1684256cfcefc889a4c658b5530de8a
inst_9e9a0b918ddcd2a552104d1597a4bf1a0f02a66b3d265a3acbcad1a257316d47,max3sat,test,fully_quadratized,device_sparse_v1,5,0,5,0,5,,,,,,,,,,,,,,,,,expected_infeasible_width,expected_capacity_failure,9d124ad72c0fe2b841fbfc927ec45c35cb413a6a0e01baada17f1025709d315c,9626c07cf4ccf3251a3585a4b367551c7a78f57218970c0d71f73f221adea5d3,22e05ea2e1684256cfcefc889a4c658b5530de8a
inst_9e9a0b918ddcd2a552104d1597a4bf1a0f02a66b3d265a3acbcad1a257316d47,max3sat,test,matched_random_selective,all_to_all_reference,25,25,0,5,5,783.6,786.0,15.67375726067833,777.4558871538142,789.7441128461859,277.0,273.0,20.05201569252661,269.1396098485296,284.8603901514704,0.0,0.0,0.0,0.0,0.005405675999354571,0.005258500023046508,pass,,9d124ad72c0fe2b841fbfc927ec45c35cb413a6a0e01baada17f1025709d315c,9626c07cf4ccf3251a3585a4b367551c7a78f57218970c0d71f73f221adea5d3,22e05ea2e1684256cfcefc889a4c658b5530de8a
inst_9e9a0b918ddcd2a552104d1597a4bf1a0f02a66b3d265a3acbcad1a257316d47,max3sat,test,matched_random_selective,device_sparse_v1,25,0,25,5,5,,,,,,,,,,,,,,,,,expected_infeasible_width,expected_capacity_failure,9d124ad72c0fe2b841fbfc927ec45c35cb413a6a0e01baada17f1025709d315c,9626c07cf4ccf3251a3585a4b367551c7a78f57218970c0d71f73f221adea5d3,22e05ea2e1684256cfcefc889a4c658b5530de8a
inst_9e9a0b918ddcd2a552104d1597a4bf1a0f02a66b3d265a3acbcad1a257316d47,max3sat,test,selective,all_to_all_reference,5,5,0,0,5,684.0,684.0,0.0,684.0,684.0,152.0,152.0,0.0,152.0,152.0,0.0,0.0,0.0,0.0,0.004977540008258075,0.004956299992045388,pass,,9d124ad72c0fe2b841fbfc927ec45c35cb413a6a0e01baada17f1025709d315c,9626c07cf4ccf3251a3585a4b367551c7a78f57218970c0d71f73f221adea5d3,22e05ea2e1684256cfcefc889a4c658b5530de8a
inst_9e9a0b918ddcd2a552104d1597a4bf1a0f02a66b3d265a3acbcad1a257316d47,max3sat,test,selective,device_sparse_v1,5,0,5,0,5,,,,,,,,,,,,,,,,,expected_infeasible_width,expected_capacity_failure,9d124ad72c0fe2b841fbfc927ec45c35cb413a6a0e01baada17f1025709d315c,9626c07cf4ccf3251a3585a4b367551c7a78f57218970c0d71f73f221adea5d3,22e05ea2e1684256cfcefc889a4c658b5530de8a
inst_a281a70cf3027da7a09f4adaf7e6e96f50074205fe7b5bd1aab52f03a994e7f0,cubic_spin_glass,train,all_native,all_to_all_reference,5,5,0,0,5,64.0,64.0,0.0,64.0,64.0,53.0,53.0,0.0,53.0,53.0,0.0,0.0,0.0,0.0,0.0011556000041309743,0.00121640000725165,pass,,9d124ad72c0fe2b841fbfc927ec45c35cb413a6a0e01baada17f1025709d315c,9626c07cf4ccf3251a3585a4b367551c7a78f57218970c0d71f73f221adea5d3,22e05ea2e1684256cfcefc889a4c658b5530de8a
inst_a281a70cf3027da7a09f4adaf7e6e96f50074205fe7b5bd1aab52f03a994e7f0,cubic_spin_glass,train,all_native,device_sparse_v1,5,5,0,0,5,92.6,92.0,2.701851217221259,90.23172298917545,94.96827701082454,70.4,70.0,2.073644135332772,68.58237077488285,72.21762922511716,13.0,13.0,28.6,28.0,0.008666359994094819,0.008532100007869303,pass,,9d124ad72c0fe2b841fbfc927ec45c35cb413a6a0e01baada17f1025709d315c,9626c07cf4ccf3251a3585a4b367551c7a78f57218970c0d71f73f221adea5d3,22e05ea2e1684256cfcefc889a4c658b5530de8a
inst_a281a70cf3027da7a09f4adaf7e6e96f50074205fe7b5bd1aab52f03a994e7f0,cubic_spin_glass,train,fully_quadratized,all_to_all_reference,5,5,0,0,5,100.0,100.0,0.0,100.0,100.0,34.0,34.0,0.0,34.0,34.0,0.0,0.0,0.0,0.0,0.0013348399952519685,0.001359499990940094,pass,,9d124ad72c0fe2b841fbfc927ec45c35cb413a6a0e01baada17f1025709d315c,9626c07cf4ccf3251a3585a4b367551c7a78f57218970c0d71f73f221adea5d3,22e05ea2e1684256cfcefc889a4c658b5530de8a
inst_a281a70cf3027da7a09f4adaf7e6e96f50074205fe7b5bd1aab52f03a994e7f0,cubic_spin_glass,train,fully_quadratized,device_sparse_v1,5,0,5,0,5,,,,,,,,,,,,,,,,,expected_infeasible_width,expected_capacity_failure,9d124ad72c0fe2b841fbfc927ec45c35cb413a6a0e01baada17f1025709d315c,9626c07cf4ccf3251a3585a4b367551c7a78f57218970c0d71f73f221adea5d3,22e05ea2e1684256cfcefc889a4c658b5530de8a
inst_a281a70cf3027da7a09f4adaf7e6e96f50074205fe7b5bd1aab52f03a994e7f0,cubic_spin_glass,train,matched_random_selective,all_to_all_reference,25,25,0,5,5,64.0,64.0,0.0,64.0,64.0,53.0,53.0,0.0,53.0,53.0,0.0,0.0,0.0,0.0,0.0011194000020623208,0.0011654999980237335,pass,,9d124ad72c0fe2b841fbfc927ec45c35cb413a6a0e01baada17f1025709d315c,9626c07cf4ccf3251a3585a4b367551c7a78f57218970c0d71f73f221adea5d3,22e05ea2e1684256cfcefc889a4c658b5530de8a
inst_a281a70cf3027da7a09f4adaf7e6e96f50074205fe7b5bd1aab52f03a994e7f0,cubic_spin_glass,train,matched_random_selective,device_sparse_v1,25,25,0,5,5,92.6,92.0,2.4664414311581235,91.63315495898601,93.56684504101398,70.4,70.0,1.8929694486000912,69.65795597614877,71.14204402385124,13.0,13.0,28.6,28.0,0.007736279999371618,0.007775000005494803,pass,,9d124ad72c0fe2b841fbfc927ec45c35cb413a6a0e01baada17f1025709d315c,9626c07cf4ccf3251a3585a4b367551c7a78f57218970c0d71f73f221adea5d3,22e05ea2e1684256cfcefc889a4c658b5530de8a
inst_a281a70cf3027da7a09f4adaf7e6e96f50074205fe7b5bd1aab52f03a994e7f0,cubic_spin_glass,train,selective,all_to_all_reference,5,5,0,0,5,64.0,64.0,0.0,64.0,64.0,53.0,53.0,0.0,53.0,53.0,0.0,0.0,0.0,0.0,0.0011463000089861452,0.0011848000285681337,pass,,9d124ad72c0fe2b841fbfc927ec45c35cb413a6a0e01baada17f1025709d315c,9626c07cf4ccf3251a3585a4b367551c7a78f57218970c0d71f73f221adea5d3,22e05ea2e1684256cfcefc889a4c658b5530de8a
inst_a281a70cf3027da7a09f4adaf7e6e96f50074205fe7b5bd1aab52f03a994e7f0,cubic_spin_glass,train,selective,device_sparse_v1,5,5,0,0,5,92.6,92.0,2.701851217221259,90.23172298917545,94.96827701082454,70.4,70.0,2.073644135332772,68.58237077488285,72.21762922511716,13.0,13.0,28.6,28.0,0.00861338000977412,0.008819400012725964,pass,,9d124ad72c0fe2b841fbfc927ec45c35cb413a6a0e01baada17f1025709d315c,9626c07cf4ccf3251a3585a4b367551c7a78f57218970c0d71f73f221adea5d3,22e05ea2e1684256cfcefc889a4c658b5530de8a
inst_a407acb5f955147a44dfba4f02be7931dbe34e43e005579bdb9007aad4d94062,max3sat,validation,all_native,all_to_all_reference,5,5,0,0,5,166.0,166.0,0.0,166.0,166.0,131.0,131.0,0.0,131.0,131.0,0.0,0.0,0.0,0.0,0.0017762800096534192,0.001851600012741983,pass,,9d124ad72c0fe2b841fbfc927ec45c35cb413a6a0e01baada17f1025709d315c,9626c07cf4ccf3251a3585a4b367551c7a78f57218970c0d71f73f221adea5d3,22e05ea2e1684256cfcefc889a4c658b5530de8a
inst_a407acb5f955147a44dfba4f02be7931dbe34e43e005579bdb9007aad4d94062,max3sat,validation,all_native,device_sparse_v1,5,5,0,0,5,285.0,286.0,10.862780491200215,275.47835308363096,294.52164691636904,222.2,223.0,10.56882207249228,212.93601899829235,231.46398100170762,43.8,46.0,119.0,120.0,0.011288840003544465,0.011556200013728812,pass,,9d124ad72c0fe2b841fbfc927ec45c35cb413a6a0e01baada17f1025709d315c,9626c07cf4ccf3251a3585a4b367551c7a78f57218970c0d71f73f221adea5d3,22e05ea2e1684256cfcefc889a4c658b5530de8a
inst_a407acb5f955147a44dfba4f02be7931dbe34e43e005579bdb9007aad4d94062,max3sat,validation,fully_quadratized,all_to_all_reference,5,5,0,0,5,138.0,138.0,0.0,138.0,138.0,44.0,44.0,0.0,44.0,44.0,0.0,0.0,0.0,0.0,0.0015924599952995776,0.0015582999913021922,pass,,9d124ad72c0fe2b841fbfc927ec45c35cb413a6a0e01baada17f1025709d315c,9626c07cf4ccf3251a3585a4b367551c7a78f57218970c0d71f73f221adea5d3,22e05ea2e1684256cfcefc889a4c658b5530de8a
inst_a407acb5f955147a44dfba4f02be7931dbe34e43e005579bdb9007aad4d94062,max3sat,validation,fully_quadratized,device_sparse_v1,5,0,5,0,5,,,,,,,,,,,,,,,,,expected_infeasible_width,expected_capacity_failure,9d124ad72c0fe2b841fbfc927ec45c35cb413a6a0e01baada17f1025709d315c,9626c07cf4ccf3251a3585a4b367551c7a78f57218970c0d71f73f221adea5d3,22e05ea2e1684256cfcefc889a4c658b5530de8a
inst_a407acb5f955147a44dfba4f02be7931dbe34e43e005579bdb9007aad4d94062,max3sat,validation,matched_random_selective,all_to_all_reference,25,25,0,5,5,177.6,178.0,2.0,176.816,178.384,87.2,84.0,6.171169527191206,84.78090154534105,89.61909845465895,0.0,0.0,0.0,0.0,0.0016202840011101216,0.001613999978872016,pass,,9d124ad72c0fe2b841fbfc927ec45c35cb413a6a0e01baada17f1025709d315c,9626c07cf4ccf3251a3585a4b367551c7a78f57218970c0d71f73f221adea5d3,22e05ea2e1684256cfcefc889a4c658b5530de8a
inst_a407acb5f955147a44dfba4f02be7931dbe34e43e005579bdb9007aad4d94062,max3sat,validation,matched_random_selective,device_sparse_v1,25,0,25,5,5,,,,,,,,,,,,,,,,,expected_infeasible_width,expected_capacity_failure,9d124ad72c0fe2b841fbfc927ec45c35cb413a6a0e01baada17f1025709d315c,9626c07cf4ccf3251a3585a4b367551c7a78f57218970c0d71f73f221adea5d3,22e05ea2e1684256cfcefc889a4c658b5530de8a
inst_a407acb5f955147a44dfba4f02be7931dbe34e43e005579bdb9007aad4d94062,max3sat,validation,selective,all_to_all_reference,5,5,0,0,5,156.0,156.0,0.0,156.0,156.0,65.0,65.0,0.0,65.0,65.0,0.0,0.0,0.0,0.0,0.0015907600056380034,0.0015841999847907573,pass,,9d124ad72c0fe2b841fbfc927ec45c35cb413a6a0e01baada17f1025709d315c,9626c07cf4ccf3251a3585a4b367551c7a78f57218970c0d71f73f221adea5d3,22e05ea2e1684256cfcefc889a4c658b5530de8a
inst_a407acb5f955147a44dfba4f02be7931dbe34e43e005579bdb9007aad4d94062,max3sat,validation,selective,device_sparse_v1,5,0,5,0,5,,,,,,,,,,,,,,,,,expected_infeasible_width,expected_capacity_failure,9d124ad72c0fe2b841fbfc927ec45c35cb413a6a0e01baada17f1025709d315c,9626c07cf4ccf3251a3585a4b367551c7a78f57218970c0d71f73f221adea5d3,22e05ea2e1684256cfcefc889a4c658b5530de8a
inst_a46160035a30aefe3892d2b049a43bad55098d26bc175c664ebbfea2da0bcad6,max3sat,train,all_native,all_to_all_reference,5,5,0,0,5,108.0,108.0,0.0,108.0,108.0,73.0,73.0,0.0,73.0,73.0,0.0,0.0,0.0,0.0,0.0012302399962209165,0.0013001000043004751,pass,,9d124ad72c0fe2b841fbfc927ec45c35cb413a6a0e01baada17f1025709d315c,9626c07cf4ccf3251a3585a4b367551c7a78f57218970c0d71f73f221adea5d3,22e05ea2e1684256cfcefc889a4c658b5530de8a
inst_a46160035a30aefe3892d2b049a43bad55098d26bc175c664ebbfea2da0bcad6,max3sat,train,all_native,device_sparse_v1,5,5,0,0,5,189.2,183.0,11.432410069622241,179.17905074356725,199.22094925643273,138.4,138.0,3.507135583350036,135.3258601202938,141.4741398797062,29.2,27.0,81.2,75.0,0.00896364000509493,0.009491700009675696,pass,,9d124ad72c0fe2b841fbfc927ec45c35cb413a6a0e01baada17f1025709d315c,9626c07cf4ccf3251a3585a4b367551c7a78f57218970c0d71f73f221adea5d3,22e05ea2e1684256cfcefc889a4c658b5530de8a
inst_a46160035a30aefe3892d2b049a43bad55098d26bc175c664ebbfea2da0bcad6,max3sat,train,fully_quadratized,all_to_all_reference,5,5,0,0,5,104.0,104.0,0.0,104.0,104.0,36.0,36.0,0.0,36.0,36.0,0.0,0.0,0.0,0.0,0.001452979992609471,0.001429299998562783,pass,,9d124ad72c0fe2b841fbfc927ec45c35cb413a6a0e01baada17f1025709d315c,9626c07cf4ccf3251a3585a4b367551c7a78f57218970c0d71f73f221adea5d3,22e05ea2e1684256cfcefc889a4c658b5530de8a
inst_a46160035a30aefe3892d2b049a43bad55098d26bc175c664ebbfea2da0bcad6,max3sat,train,fully_quadratized,device_sparse_v1,5,0,5,0,5,,,,,,,,,,,,,,,,,expected_infeasible_width,expected_capacity_failure,9d124ad72c0fe2b841fbfc927ec45c35cb413a6a0e01baada17f1025709d315c,9626c07cf4ccf3251a3585a4b367551c7a78f57218970c0d71f73f221adea5d3,22e05ea2e1684256cfcefc889a4c658b5530de8a
inst_a46160035a30aefe3892d2b049a43bad55098d26bc175c664ebbfea2da0bcad6,max3sat,train,matched_random_selective,all_to_all_reference,25,25,0,5,5,111.6,112.0,1.5275252316519468,111.00121010919243,112.19878989080756,58.8,58.0,2.692582403567252,57.74450769780164,59.85549230219836,0.0,0.0,0.0,0.0,0.0013750840013381095,0.0014091000193729997,pass,,9d124ad72c0fe2b841fbfc927ec45c35cb413a6a0e01baada17f1025709d315c,9626c07cf4ccf3251a3585a4b367551c7a78f57218970c0d71f73f221adea5d3,22e05ea2e1684256cfcefc889a4c658b5530de8a
inst_a46160035a30aefe3892d2b049a43bad55098d26bc175c664ebbfea2da0bcad6,max3sat,train,matched_random_selective,device_sparse_v1,25,25,0,5,5,204.84,206.0,7.503776826816391,201.89851948388798,207.78148051611203,130.96,132.0,7.208097298640375,128.13442585893299,133.78557414106703,33.16,33.0,93.24,95.0,0.008988048000028358,0.008922799985157326,pass,,9d124ad72c0fe2b841fbfc927ec45c35cb413a6a0e01baada17f1025709d315c,9626c07cf4ccf3251a3585a4b367551c7a78f57218970c0d71f73f221adea5d3,22e05ea2e1684256cfcefc889a4c658b5530de8a
inst_a46160035a30aefe3892d2b049a43bad55098d26bc175c664ebbfea2da0bcad6,max3sat,train,selective,all_to_all_reference,5,5,0,0,5,102.0,102.0,0.0,102.0,102.0,43.0,43.0,0.0,43.0,43.0,0.0,0.0,0.0,0.0,0.0013469800062011928,0.0013546000118367374,pass,,9d124ad72c0fe2b841fbfc927ec45c35cb413a6a0e01baada17f1025709d315c,9626c07cf4ccf3251a3585a4b367551c7a78f57218970c0d71f73f221adea5d3,22e05ea2e1684256cfcefc889a4c658b5530de8a
inst_a46160035a30aefe3892d2b049a43bad55098d26bc175c664ebbfea2da0bcad6,max3sat,train,selective,device_sparse_v1,5,5,0,0,5,183.0,186.0,9.192388155425117,174.94251652189098,191.05748347810902,110.2,109.0,11.734564329364767,99.91420085749289,120.48579914250712,29.4,30.0,81.0,84.0,0.00858237998909317,0.008742399979382753,pass,,9d124ad72c0fe2b841fbfc927ec45c35cb413a6a0e01baada17f1025709d315c,9626c07cf4ccf3251a3585a4b367551c7a78f57218970c0d71f73f221adea5d3,22e05ea2e1684256cfcefc889a4c658b5530de8a
inst_a4679bc36e70ceabe07c23d07c304c011669cd7cd6dd39977860e971d22b5bae,cubic_spin_glass,train,all_native,all_to_all_reference,5,5,0,0,5,64.0,64.0,0.0,64.0,64.0,58.0,58.0,0.0,58.0,58.0,0.0,0.0,0.0,0.0,0.001251240004785359,0.0012372999917715788,pass,,9d124ad72c0fe2b841fbfc927ec45c35cb413a6a0e01baada17f1025709d315c,9626c07cf4ccf3251a3585a4b367551c7a78f57218970c0d71f73f221adea5d3,22e05ea2e1684256cfcefc889a4c658b5530de8a
inst_a4679bc36e70ceabe07c23d07c304c011669cd7cd6dd39977860e971d22b5bae,cubic_spin_glass,train,all_native,device_sparse_v1,5,5,0,0,5,104.8,105.0,4.8166378315169185,100.57803079120654,109.02196920879345,86.0,82.0,6.96419413859206,79.8956146910602,92.1043853089398,16.8,17.0,40.8,41.0,0.008582900010515005,0.0088333000021521,pass,,9d124ad72c0fe2b841fbfc927ec45c35cb413a6a0e01baada17f1025709d315c,9626c07cf4ccf3251a3585a4b367551c7a78f57218970c0d71f73f221adea5d3,22e05ea2e1684256cfcefc889a4c658b5530de8a
inst_a4679bc36e70ceabe07c23d07c304c011669cd7cd6dd39977860e971d22b5bae,cubic_spin_glass,train,fully_quadratized,all_to_all_reference,5,5,0,0,5,106.0,106.0,0.0,106.0,106.0,38.0,38.0,0.0,38.0,38.0,0.0,0.0,0.0,0.0,0.0015340599929913878,0.001577299990458414,pass,,9d124ad72c0fe2b841fbfc927ec45c35cb413a6a0e01baada17f1025709d315c,9626c07cf4ccf3251a3585a4b367551c7a78f57218970c0d71f73f221adea5d3,22e05ea2e1684256cfcefc889a4c658b5530de8a
inst_a4679bc36e70ceabe07c23d07c304c011669cd7cd6dd39977860e971d22b5bae,cubic_spin_glass,train,fully_quadratized,device_sparse_v1,5,0,5,0,5,,,,,,,,,,,,,,,,,expected_infeasible_width,expected_capacity_failure,9d124ad72c0fe2b841fbfc927ec45c35cb413a6a0e01baada17f1025709d315c,9626c07cf4ccf3251a3585a4b367551c7a78f57218970c0d71f73f221adea5d3,22e05ea2e1684256cfcefc889a4c658b5530de8a
inst_a4679bc36e70ceabe07c23d07c304c011669cd7cd6dd39977860e971d22b5bae,cubic_spin_glass,train,matched_random_selective,all_to_all_reference,25,25,0,5,5,64.0,64.0,0.0,64.0,64.0,58.0,58.0,0.0,58.0,58.0,0.0,0.0,0.0,0.0,0.0010228039999492467,0.0009483000030741096,pass,,9d124ad72c0fe2b841fbfc927ec45c35cb413a6a0e01baada17f1025709d315c,9626c07cf4ccf3251a3585a4b367551c7a78f57218970c0d71f73f221adea5d3,22e05ea2e1684256cfcefc889a4c658b5530de8a
inst_a4679bc36e70ceabe07c23d07c304c011669cd7cd6dd39977860e971d22b5bae,cubic_spin_glass,train,matched_random_selective,device_sparse_v1,25,25,0,5,5,104.8,105.0,4.39696865275764,103.076388288119,106.52361171188099,86.0,82.0,6.357410374253551,83.5078951332926,88.4921048667074,16.8,17.0,40.8,41.0,0.0068479840015061196,0.006728700012899935,pass,,9d124ad72c0fe2b841fbfc927ec45c35cb413a6a0e01baada17f1025709d315c,9626c07cf4ccf3251a3585a4b367551c7a78f57218970c0d71f73f221adea5d3,22e05ea2e1684256cfcefc889a4c658b5530de8a
inst_a4679bc36e70ceabe07c23d07c304c011669cd7cd6dd39977860e971d22b5bae,cubic_spin_glass,train,selective,all_to_all_reference,5,5,0,0,5,64.0,64.0,0.0,64.0,64.0,58.0,58.0,0.0,58.0,58.0,0.0,0.0,0.0,0.0,0.0011685000034049153,0.0011418999929446727,pass,,9d124ad72c0fe2b841fbfc927ec45c35cb413a6a0e01baada17f1025709d315c,9626c07cf4ccf3251a3585a4b367551c7a78f57218970c0d71f73f221adea5d3,22e05ea2e1684256cfcefc889a4c658b5530de8a
inst_a4679bc36e70ceabe07c23d07c304c011669cd7cd6dd39977860e971d22b5bae,cubic_spin_glass,train,selective,device_sparse_v1,5,5,0,0,5,104.8,105.0,4.8166378315169185,100.57803079120654,109.02196920879345,86.0,82.0,6.96419413859206,79.8956146910602,92.1043853089398,16.8,17.0,40.8,41.0,0.007498779997695238,0.007127600023522973,pass,,9d124ad72c0fe2b841fbfc927ec45c35cb413a6a0e01baada17f1025709d315c,9626c07cf4ccf3251a3585a4b367551c7a78f57218970c0d71f73f221adea5d3,22e05ea2e1684256cfcefc889a4c658b5530de8a
inst_a77c9a2a22c7fb46c8daf505f15f1eb531030ee724e832dfad977be3359a0493,max3sat,train,all_native,all_to_all_reference,5,5,0,0,5,188.0,188.0,0.0,188.0,188.0,93.0,93.0,0.0,93.0,93.0,0.0,0.0,0.0,0.0,0.0017450399929657579,0.0016833999834489077,pass,,9d124ad72c0fe2b841fbfc927ec45c35cb413a6a0e01baada17f1025709d315c,9626c07cf4ccf3251a3585a4b367551c7a78f57218970c0d71f73f221adea5d3,22e05ea2e1684256cfcefc889a4c658b5530de8a
inst_a77c9a2a22c7fb46c8daf505f15f1eb531030ee724e832dfad977be3359a0493,max3sat,train,all_native,device_sparse_v1,5,0,5,0,5,,,,,,,,,,,,,,,,,expected_infeasible_width,expected_capacity_failure,9d124ad72c0fe2b841fbfc927ec45c35cb413a6a0e01baada17f1025709d315c,9626c07cf4ccf3251a3585a4b367551c7a78f57218970c0d71f73f221adea5d3,22e05ea2e1684256cfcefc889a4c658b5530de8a
inst_a77c9a2a22c7fb46c8daf505f15f1eb531030ee724e832dfad977be3359a0493,max3sat,train,fully_quadratized,all_to_all_reference,5,5,0,0,5,128.0,128.0,0.0,128.0,128.0,48.0,48.0,0.0,48.0,48.0,0.0,0.0,0.0,0.0,0.0013115800102241337,0.001313500019023195,pass,,9d124ad72c0fe2b841fbfc927ec45c35cb413a6a0e01baada17f1025709d315c,9626c07cf4ccf3251a3585a4b367551c7a78f57218970c0d71f73f221adea5d3,22e05ea2e1684256cfcefc889a4c658b5530de8a
inst_a77c9a2a22c7fb46c8daf505f15f1eb531030ee724e832dfad977be3359a0493,max3sat,train,fully_quadratized,device_sparse_v1,5,0,5,0,5,,,,,,,,,,,,,,,,,expected_infeasible_width,expected_capacity_failure,9d124ad72c0fe2b841fbfc927ec45c35cb413a6a0e01baada17f1025709d315c,9626c07cf4ccf3251a3585a4b367551c7a78f57218970c0d71f73f221adea5d3,22e05ea2e1684256cfcefc889a4c658b5530de8a
inst_a77c9a2a22c7fb46c8daf505f15f1eb531030ee724e832dfad977be3359a0493,max3sat,train,matched_random_selective,all_to_all_reference,25,25,0,5,5,190.8,192.0,1.632993161855452,190.15986668055268,191.44013331944734,89.4,91.0,3.0,88.224,90.57600000000001,0.0,0.0,0.0,0.0,0.0017237839987501503,0.0015973999979905784,pass,,9d124ad72c0fe2b841fbfc927ec45c35cb413a6a0e01baada17f1025709d315c,9626c07cf4ccf3251a3585a4b367551c7a78f57218970c0d71f73f221adea5d3,22e05ea2e1684256cfcefc889a4c658b5530de8a
inst_a77c9a2a22c7fb46c8daf505f15f1eb531030ee724e832dfad977be3359a0493,max3sat,train,matched_random_selective,device_sparse_v1,25,0,25,5,5,,,,,,,,,,,,,,,,,expected_infeasible_width,expected_capacity_failure,9d124ad72c0fe2b841fbfc927ec45c35cb413a6a0e01baada17f1025709d315c,9626c07cf4ccf3251a3585a4b367551c7a78f57218970c0d71f73f221adea5d3,22e05ea2e1684256cfcefc889a4c658b5530de8a
inst_a77c9a2a22c7fb46c8daf505f15f1eb531030ee724e832dfad977be3359a0493,max3sat,train,selective,all_to_all_reference,5,5,0,0,5,138.0,138.0,0.0,138.0,138.0,48.0,48.0,0.0,48.0,48.0,0.0,0.0,0.0,0.0,0.001679700007662177,0.001718100014841184,pass,,9d124ad72c0fe2b841fbfc927ec45c35cb413a6a0e01baada17f1025709d315c,9626c07cf4ccf3251a3585a4b367551c7a78f57218970c0d71f73f221adea5d3,22e05ea2e1684256cfcefc889a4c658b5530de8a
inst_a77c9a2a22c7fb46c8daf505f15f1eb531030ee724e832dfad977be3359a0493,max3sat,train,selective,device_sparse_v1,5,0,5,0,5,,,,,,,,,,,,,,,,,expected_infeasible_width,expected_capacity_failure,9d124ad72c0fe2b841fbfc927ec45c35cb413a6a0e01baada17f1025709d315c,9626c07cf4ccf3251a3585a4b367551c7a78f57218970c0d71f73f221adea5d3,22e05ea2e1684256cfcefc889a4c658b5530de8a
inst_a7b03ca0a70026a3c0068bb3d0a6dfb3f855921d7f87601023f686c95d18ed53,max3sat,validation,all_native,all_to_all_reference,5,5,0,0,5,176.0,176.0,0.0,176.0,176.0,133.0,133.0,0.0,133.0,133.0,0.0,0.0,0.0,0.0,0.0018805800064001232,0.0015944000042509288,pass,,9d124ad72c0fe2b841fbfc927ec45c35cb413a6a0e01baada17f1025709d315c,9626c07cf4ccf3251a3585a4b367551c7a78f57218970c0d71f73f221adea5d3,22e05ea2e1684256cfcefc889a4c658b5530de8a
inst_a7b03ca0a70026a3c0068bb3d0a6dfb3f855921d7f87601023f686c95d18ed53,max3sat,validation,all_native,device_sparse_v1,5,5,0,0,5,317.4,321.0,9.289779329994873,309.2571493934863,325.54285060651364,247.4,243.0,20.69541011915444,229.2596732113228,265.5403267886772,52.6,53.0,141.4,145.0,0.011408460006350651,0.011347000021487474,pass,,9d124ad72c0fe2b841fbfc927ec45c35cb413a6a0e01baada17f1025709d315c,9626c07cf4ccf3251a3585a4b367551c7a78f57218970c0d71f73f221adea5d3,22e05ea2e1684256cfcefc889a4c658b5530de8a
inst_a7b03ca0a70026a3c0068bb3d0a6dfb3f855921d7f87601023f686c95d18ed53,max3sat,validation,fully_quadratized,all_to_all_reference,5,5,0,0,5,152.0,152.0,0.0,152.0,152.0,44.0,44.0,0.0,44.0,44.0,0.0,0.0,0.0,0.0,0.0020842199970502405,0.0020883000106550753,pass,,9d124ad72c0fe2b841fbfc927ec45c35cb413a6a0e01baada17f1025709d315c,9626c07cf4ccf3251a3585a4b367551c7a78f57218970c0d71f73f221adea5d3,22e05ea2e1684256cfcefc889a4c658b5530de8a
inst_a7b03ca0a70026a3c0068bb3d0a6dfb3f855921d7f87601023f686c95d18ed53,max3sat,validation,fully_quadratized,device_sparse_v1,5,0,5,0,5,,,,,,,,,,,,,,,,,expected_infeasible_width,expected_capacity_failure,9d124ad72c0fe2b841fbfc927ec45c35cb413a6a0e01baada17f1025709d315c,9626c07cf4ccf3251a3585a4b367551c7a78f57218970c0d71f73f221adea5d3,22e05ea2e1684256cfcefc889a4c658b5530de8a
inst_a7b03ca0a70026a3c0068bb3d0a6dfb3f855921d7f87601023f686c95d18ed53,max3sat,validation,matched_random_selective,all_to_all_reference,25,25,0,5,5,179.6,178.0,3.0,178.424,180.77599999999998,85.4,87.0,2.6299556396765835,84.36905738924679,86.43094261075322,0.0,0.0,0.0,0.0,0.0022099680034443738,0.0021468999912030995,pass,,9d124ad72c0fe2b841fbfc927ec45c35cb413a6a0e01baada17f1025709d315c,9626c07cf4ccf3251a3585a4b367551c7a78f57218970c0d71f73f221adea5d3,22e05ea2e1684256cfcefc889a4c658b5530de8a
inst_a7b03ca0a70026a3c0068bb3d0a6dfb3f855921d7f87601023f686c95d18ed53,max3sat,validation,matched_random_selective,device_sparse_v1,25,0,25,5,5,,,,,,,,,,,,,,,,,expected_infeasible_width,expected_capacity_failure,9d124ad72c0fe2b841fbfc927ec45c35cb413a6a0e01baada17f1025709d315c,9626c07cf4ccf3251a3585a4b367551c7a78f57218970c0d71f73f221adea5d3,22e05ea2e1684256cfcefc889a4c658b5530de8a
inst_a7b03ca0a70026a3c0068bb3d0a6dfb3f855921d7f87601023f686c95d18ed53,max3sat,validation,selective,all_to_all_reference,5,5,0,0,5,166.0,166.0,0.0,166.0,166.0,56.0,56.0,0.0,56.0,56.0,0.0,0.0,0.0,0.0,0.00174506000475958,0.0017019000079017133,pass,,9d124ad72c0fe2b841fbfc927ec45c35cb413a6a0e01baada17f1025709d315c,9626c07cf4ccf3251a3585a4b367551c7a78f57218970c0d71f73f221adea5d3,22e05ea2e1684256cfcefc889a4c658b5530de8a
inst_a7b03ca0a70026a3c0068bb3d0a6dfb3f855921d7f87601023f686c95d18ed53,max3sat,validation,selective,device_sparse_v1,5,0,5,0,5,,,,,,,,,,,,,,,,,expected_infeasible_width,expected_capacity_failure,9d124ad72c0fe2b841fbfc927ec45c35cb413a6a0e01baada17f1025709d315c,9626c07cf4ccf3251a3585a4b367551c7a78f57218970c0d71f73f221adea5d3,22e05ea2e1684256cfcefc889a4c658b5530de8a
inst_aaba8c0130b46ce253b0dc858f515be46b77f177d84efe9e95abb5d612190ebf,max3sat,validation,all_native,all_to_all_reference,5,5,0,0,5,136.0,136.0,0.0,136.0,136.0,96.0,96.0,0.0,96.0,96.0,0.0,0.0,0.0,0.0,0.00137760000070557,0.0013189000019337982,pass,,9d124ad72c0fe2b841fbfc927ec45c35cb413a6a0e01baada17f1025709d315c,9626c07cf4ccf3251a3585a4b367551c7a78f57218970c0d71f73f221adea5d3,22e05ea2e1684256cfcefc889a4c658b5530de8a
inst_aaba8c0130b46ce253b0dc858f515be46b77f177d84efe9e95abb5d612190ebf,max3sat,validation,all_native,device_sparse_v1,5,5,0,0,5,254.8,257.0,4.919349550499537,250.488,259.112,189.8,193.0,9.418067742376882,181.54469964204816,198.05530035795186,42.4,43.0,118.8,121.0,0.0104966799961403,0.010037400003056973,pass,,9d124ad72c0fe2b841fbfc927ec45c35cb413a6a0e01baada17f1025709d315c,9626c07cf4ccf3251a3585a4b367551c7a78f57218970c0d71f73f221adea5d3,22e05ea2e1684256cfcefc889a4c658b5530de8a
inst_aaba8c0130b46ce253b0dc858f515be46b77f177d84efe9e95abb5d612190ebf,max3sat,validation,fully_quadratized,all_to_all_reference,5,5,0,0,5,114.0,114.0,0.0,114.0,114.0,36.0,36.0,0.0,36.0,36.0,0.0,0.0,0.0,0.0,0.001313300000037998,0.0012312000035308301,pass,,9d124ad72c0fe2b841fbfc927ec45c35cb413a6a0e01baada17f1025709d315c,9626c07cf4ccf3251a3585a4b367551c7a78f57218970c0d71f73f221adea5d3,22e05ea2e1684256cfcefc889a4c658b5530de8a
inst_aaba8c0130b46ce253b0dc858f515be46b77f177d84efe9e95abb5d612190ebf,max3sat,validation,fully_quadratized,device_sparse_v1,5,0,5,0,5,,,,,,,,,,,,,,,,,expected_infeasible_width,expected_capacity_failure,9d124ad72c0fe2b841fbfc927ec45c35cb413a6a0e01baada17f1025709d315c,9626c07cf4ccf3251a3585a4b367551c7a78f57218970c0d71f73f221adea5d3,22e05ea2e1684256cfcefc889a4c658b5530de8a
inst_aaba8c0130b46ce253b0dc858f515be46b77f177d84efe9e95abb5d612190ebf,max3sat,validation,matched_random_selective,all_to_all_reference,25,25,0,5,5,142.4,144.0,3.0,141.22400000000002,143.576,67.8,65.0,5.751811308912465,65.54528996690631,70.05471003309368,0.0,0.0,0.0,0.0,0.0015434879995882512,0.0016128999995999038,pass,,9d124ad72c0fe2b841fbfc927ec45c35cb413a6a0e01baada17f1025709d315c,9626c07cf4ccf3251a3585a4b367551c7a78f57218970c0d71f73f221adea5d3,22e05ea2e1684256cfcefc889a4c658b5530de8a
inst_aaba8c0130b46ce253b0dc858f515be46b77f177d84efe9e95abb5d612190ebf,max3sat,validation,matched_random_selective,device_sparse_v1,25,0,25,5,5,,,,,,,,,,,,,,,,,expected_infeasible_width,expected_capacity_failure,9d124ad72c0fe2b841fbfc927ec45c35cb413a6a0e01baada17f1025709d315c,9626c07cf4ccf3251a3585a4b367551c7a78f57218970c0d71f73f221adea5d3,22e05ea2e1684256cfcefc889a4c658b5530de8a
inst_aaba8c0130b46ce253b0dc858f515be46b77f177d84efe9e95abb5d612190ebf,max3sat,validation,selective,all_to_all_reference,5,5,0,0,5,126.0,126.0,0.0,126.0,126.0,49.0,49.0,0.0,49.0,49.0,0.0,0.0,0.0,0.0,0.0016430600022431462,0.0016054000006988645,pass,,9d124ad72c0fe2b841fbfc927ec45c35cb413a6a0e01baada17f1025709d315c,9626c07cf4ccf3251a3585a4b367551c7a78f57218970c0d71f73f221adea5d3,22e05ea2e1684256cfcefc889a4c658b5530de8a
inst_aaba8c0130b46ce253b0dc858f515be46b77f177d84efe9e95abb5d612190ebf,max3sat,validation,selective,device_sparse_v1,5,0,5,0,5,,,,,,,,,,,,,,,,,expected_infeasible_width,expected_capacity_failure,9d124ad72c0fe2b841fbfc927ec45c35cb413a6a0e01baada17f1025709d315c,9626c07cf4ccf3251a3585a4b367551c7a78f57218970c0d71f73f221adea5d3,22e05ea2e1684256cfcefc889a4c658b5530de8a
inst_af9b682406075901b4f377cea9bb6dda351c54f44f95fadd7be931c5565e5ee7,cubic_spin_glass,test,all_native,all_to_all_reference,5,5,0,0,5,64.0,64.0,0.0,64.0,64.0,43.0,43.0,0.0,43.0,43.0,0.0,0.0,0.0,0.0,0.0011407599959056824,0.0011200000008102506,pass,,9d124ad72c0fe2b841fbfc927ec45c35cb413a6a0e01baada17f1025709d315c,9626c07cf4ccf3251a3585a4b367551c7a78f57218970c0d71f73f221adea5d3,22e05ea2e1684256cfcefc889a4c658b5530de8a
inst_af9b682406075901b4f377cea9bb6dda351c54f44f95fadd7be931c5565e5ee7,cubic_spin_glass,test,all_native,device_sparse_v1,5,0,5,0,5,,,,,,,,,,,,,,,,,expected_infeasible_width,expected_capacity_failure,9d124ad72c0fe2b841fbfc927ec45c35cb413a6a0e01baada17f1025709d315c,9626c07cf4ccf3251a3585a4b367551c7a78f57218970c0d71f73f221adea5d3,22e05ea2e1684256cfcefc889a4c658b5530de8a
inst_af9b682406075901b4f377cea9bb6dda351c54f44f95fadd7be931c5565e5ee7,cubic_spin_glass,test,fully_quadratized,all_to_all_reference,5,5,0,0,5,104.0,104.0,0.0,104.0,104.0,42.0,42.0,0.0,42.0,42.0,0.0,0.0,0.0,0.0,0.0012178399949334562,0.0011569999915082008,pass,,9d124ad72c0fe2b841fbfc927ec45c35cb413a6a0e01baada17f1025709d315c,9626c07cf4ccf3251a3585a4b367551c7a78f57218970c0d71f73f221adea5d3,22e05ea2e1684256cfcefc889a4c658b5530de8a
inst_af9b682406075901b4f377cea9bb6dda351c54f44f95fadd7be931c5565e5ee7,cubic_spin_glass,test,fully_quadratized,device_sparse_v1,5,0,5,0,5,,,,,,,,,,,,,,,,,expected_infeasible_width,expected_capacity_failure,9d124ad72c0fe2b841fbfc927ec45c35cb413a6a0e01baada17f1025709d315c,9626c07cf4ccf3251a3585a4b367551c7a78f57218970c0d71f73f221adea5d3,22e05ea2e1684256cfcefc889a4c658b5530de8a
inst_af9b682406075901b4f377cea9bb6dda351c54f44f95fadd7be931c5565e5ee7,cubic_spin_glass,test,matched_random_selective,all_to_all_reference,25,25,0,5,5,64.0,64.0,0.0,64.0,64.0,43.0,43.0,0.0,43.0,43.0,0.0,0.0,0.0,0.0,0.0011369719984941184,0.0010942999797407538,pass,,9d124ad72c0fe2b841fbfc927ec45c35cb413a6a0e01baada17f1025709d315c,9626c07cf4ccf3251a3585a4b367551c7a78f57218970c0d71f73f221adea5d3,22e05ea2e1684256cfcefc889a4c658b5530de8a
inst_af9b682406075901b4f377cea9bb6dda351c54f44f95fadd7be931c5565e5ee7,cubic_spin_glass,test,matched_random_selective,device_sparse_v1,25,0,25,5,5,,,,,,,,,,,,,,,,,expected_infeasible_width,expected_capacity_failure,9d124ad72c0fe2b841fbfc927ec45c35cb413a6a0e01baada17f1025709d315c,9626c07cf4ccf3251a3585a4b367551c7a78f57218970c0d71f73f221adea5d3,22e05ea2e1684256cfcefc889a4c658b5530de8a
inst_af9b682406075901b4f377cea9bb6dda351c54f44f95fadd7be931c5565e5ee7,cubic_spin_glass,test,selective,all_to_all_reference,5,5,0,0,5,64.0,64.0,0.0,64.0,64.0,43.0,43.0,0.0,43.0,43.0,0.0,0.0,0.0,0.0,0.0011691800027620047,0.0011704000062309206,pass,,9d124ad72c0fe2b841fbfc927ec45c35cb413a6a0e01baada17f1025709d315c,9626c07cf4ccf3251a3585a4b367551c7a78f57218970c0d71f73f221adea5d3,22e05ea2e1684256cfcefc889a4c658b5530de8a
inst_af9b682406075901b4f377cea9bb6dda351c54f44f95fadd7be931c5565e5ee7,cubic_spin_glass,test,selective,device_sparse_v1,5,0,5,0,5,,,,,,,,,,,,,,,,,expected_infeasible_width,expected_capacity_failure,9d124ad72c0fe2b841fbfc927ec45c35cb413a6a0e01baada17f1025709d315c,9626c07cf4ccf3251a3585a4b367551c7a78f57218970c0d71f73f221adea5d3,22e05ea2e1684256cfcefc889a4c658b5530de8a
inst_b14e10b59e6aea194761d2eedde57c8d806845debe65a98c7d82fcd34f43ca0a,max3sat,train,all_native,all_to_all_reference,5,5,0,0,5,106.0,106.0,0.0,106.0,106.0,74.0,74.0,0.0,74.0,74.0,0.0,0.0,0.0,0.0,0.0010961599997244774,0.001192099996842444,pass,,9d124ad72c0fe2b841fbfc927ec45c35cb413a6a0e01baada17f1025709d315c,9626c07cf4ccf3251a3585a4b367551c7a78f57218970c0d71f73f221adea5d3,22e05ea2e1684256cfcefc889a4c658b5530de8a
inst_b14e10b59e6aea194761d2eedde57c8d806845debe65a98c7d82fcd34f43ca0a,max3sat,train,all_native,device_sparse_v1,5,5,0,0,5,187.2,188.0,8.228000972289685,179.98783915875416,194.41216084124582,140.0,139.0,5.244044240850758,135.40339255537305,144.59660744462695,30.4,30.0,81.2,82.0,0.01003958000219427,0.009699800022644922,pass,,9d124ad72c0fe2b841fbfc927ec45c35cb413a6a0e01baada17f1025709d315c,9626c07cf4ccf3251a3585a4b367551c7a78f57218970c0d71f73f221adea5d3,22e05ea2e1684256cfcefc889a4c658b5530de8a
inst_b14e10b59e6aea194761d2eedde57c8d806845debe65a98c7d82fcd34f43ca0a,max3sat,train,fully_quadratized,all_to_all_reference,5,5,0,0,5,90.0,90.0,0.0,90.0,90.0,34.0,34.0,0.0,34.0,34.0,0.0,0.0,0.0,0.0,0.0009994199965149165,0.0009775000216905028,pass,,9d124ad72c0fe2b841fbfc927ec45c35cb413a6a0e01baada17f1025709d315c,9626c07cf4ccf3251a3585a4b367551c7a78f57218970c0d71f73f221adea5d3,22e05ea2e1684256cfcefc889a4c658b5530de8a
inst_b14e10b59e6aea194761d2eedde57c8d806845debe65a98c7d82fcd34f43ca0a,max3sat,train,fully_quadratized,device_sparse_v1,5,0,5,0,5,,,,,,,,,,,,,,,,,expected_infeasible_width,expected_capacity_failure,9d124ad72c0fe2b841fbfc927ec45c35cb413a6a0e01baada17f1025709d315c,9626c07cf4ccf3251a3585a4b367551c7a78f57218970c0d71f73f221adea5d3,22e05ea2e1684256cfcefc889a4c658b5530de8a
inst_b14e10b59e6aea194761d2eedde57c8d806845debe65a98c7d82fcd34f43ca0a,max3sat,train,matched_random_selective,all_to_all_reference,25,25,0,5,5,108.4,108.0,4.546060565661952,106.61794425826052,110.18205574173949,52.2,54.0,5.259911279353167,50.13811477849356,54.261885221506446,0.0,0.0,0.0,0.0,0.0009841520036570728,0.0009799000108614564,pass,,9d124ad72c0fe2b841fbfc927ec45c35cb413a6a0e01baada17f1025709d315c,9626c07cf4ccf3251a3585a4b367551c7a78f57218970c0d71f73f221adea5d3,22e05ea2e1684256cfcefc889a4c658b5530de8a
inst_b14e10b59e6aea194761d2eedde57c8d806845debe65a98c7d82fcd34f43ca0a,max3sat,train,matched_random_selective,device_sparse_v1,25,0,25,5,5,,,,,,,,,,,,,,,,,expected_infeasible_width,expected_capacity_failure,9d124ad72c0fe2b841fbfc927ec45c35cb413a6a0e01baada17f1025709d315c,9626c07cf4ccf3251a3585a4b367551c7a78f57218970c0d71f73f221adea5d3,22e05ea2e1684256cfcefc889a4c658b5530de8a
inst_b14e10b59e6aea194761d2eedde57c8d806845debe65a98c7d82fcd34f43ca0a,max3sat,train,selective,all_to_all_reference,5,5,0,0,5,94.0,94.0,0.0,94.0,94.0,33.0,33.0,0.0,33.0,33.0,0.0,0.0,0.0,0.0,0.0009262199979275465,0.0009251000010408461,pass,,9d124ad72c0fe2b841fbfc927ec45c35cb413a6a0e01baada17f1025709d315c,9626c07cf4ccf3251a3585a4b367551c7a78f57218970c0d71f73f221adea5d3,22e05ea2e1684256cfcefc889a4c658b5530de8a
inst_b14e10b59e6aea194761d2eedde57c8d806845debe65a98c7d82fcd34f43ca0a,max3sat,train,selective,device_sparse_v1,5,0,5,0,5,,,,,,,,,,,,,,,,,expected_infeasible_width,expected_capacity_failure,9d124ad72c0fe2b841fbfc927ec45c35cb413a6a0e01baada17f1025709d315c,9626c07cf4ccf3251a3585a4b367551c7a78f57218970c0d71f73f221adea5d3,22e05ea2e1684256cfcefc889a4c658b5530de8a
inst_b42f45e7b9183b2c37d9ff53ece3fa020875e9212ea871615be79b4e6f4f5119,max3sat,validation,all_native,all_to_all_reference,5,5,0,0,5,210.0,210.0,0.0,210.0,210.0,159.0,159.0,0.0,159.0,159.0,0.0,0.0,0.0,0.0,0.0014166599954478442,0.0013404999917838722,pass,,9d124ad72c0fe2b841fbfc927ec45c35cb413a6a0e01baada17f1025709d315c,9626c07cf4ccf3251a3585a4b367551c7a78f57218970c0d71f73f221adea5d3,22e05ea2e1684256cfcefc889a4c658b5530de8a
inst_b42f45e7b9183b2c37d9ff53ece3fa020875e9212ea871615be79b4e6f4f5119,max3sat,validation,all_native,device_sparse_v1,5,0,5,0,5,,,,,,,,,,,,,,,,,expected_infeasible_width,expected_capacity_failure,9d124ad72c0fe2b841fbfc927ec45c35cb413a6a0e01baada17f1025709d315c,9626c07cf4ccf3251a3585a4b367551c7a78f57218970c0d71f73f221adea5d3,22e05ea2e1684256cfcefc889a4c658b5530de8a
inst_b42f45e7b9183b2c37d9ff53ece3fa020875e9212ea871615be79b4e6f4f5119,max3sat,validation,fully_quadratized,all_to_all_reference,5,5,0,0,5,144.0,144.0,0.0,144.0,144.0,66.0,66.0,0.0,66.0,66.0,0.0,0.0,0.0,0.0,0.0011859599908348173,0.0011785999813582748,pass,,9d124ad72c0fe2b841fbfc927ec45c35cb413a6a0e01baada17f1025709d315c,9626c07cf4ccf3251a3585a4b367551c7a78f57218970c0d71f73f221adea5d3,22e05ea2e1684256cfcefc889a4c658b5530de8a
inst_b42f45e7b9183b2c37d9ff53ece3fa020875e9212ea871615be79b4e6f4f5119,max3sat,validation,fully_quadratized,device_sparse_v1,5,0,5,0,5,,,,,,,,,,,,,,,,,expected_infeasible_width,expected_capacity_failure,9d124ad72c0fe2b841fbfc927ec45c35cb413a6a0e01baada17f1025709d315c,9626c07cf4ccf3251a3585a4b367551c7a78f57218970c0d71f73f221adea5d3,22e05ea2e1684256cfcefc889a4c658b5530de8a
inst_b42f45e7b9183b2c37d9ff53ece3fa020875e9212ea871615be79b4e6f4f5119,max3sat,validation,matched_random_selective,all_to_all_reference,25,25,0,5,5,210.0,212.0,5.322906474223771,207.91342066210427,212.08657933789573,147.8,153.0,11.73314393786536,143.2006075763568,152.39939242364323,0.0,0.0,0.0,0.0,0.001429135996149853,0.0013763000024482608,pass,,9d124ad72c0fe2b841fbfc927ec45c35cb413a6a0e01baada17f1025709d315c,9626c07cf4ccf3251a3585a4b367551c7a78f57218970c0d71f73f221adea5d3,22e05ea2e1684256cfcefc889a4c658b5530de8a
inst_b42f45e7b9183b2c37d9ff53ece3fa020875e9212ea871615be79b4e6f4f5119,max3sat,validation,matched_random_selective,device_sparse_v1,25,0,25,5,5,,,,,,,,,,,,,,,,,expected_infeasible_width,expected_capacity_failure,9d124ad72c0fe2b841fbfc927ec45c35cb413a6a0e01baada17f1025709d315c,9626c07cf4ccf3251a3585a4b367551c7a78f57218970c0d71f73f221adea5d3,22e05ea2e1684256cfcefc889a4c658b5530de8a
inst_b42f45e7b9183b2c37d9ff53ece3fa020875e9212ea871615be79b4e6f4f5119,max3sat,validation,selective,all_to_all_reference,5,5,0,0,5,148.0,148.0,0.0,148.0,148.0,64.0,64.0,0.0,64.0,64.0,0.0,0.0,0.0,0.0,0.001245879998896271,0.0012633000151254237,pass,,9d124ad72c0fe2b841fbfc927ec45c35cb413a6a0e01baada17f1025709d315c,9626c07cf4ccf3251a3585a4b367551c7a78f57218970c0d71f73f221adea5d3,22e05ea2e1684256cfcefc889a4c658b5530de8a
inst_b42f45e7b9183b2c37d9ff53ece3fa020875e9212ea871615be79b4e6f4f5119,max3sat,validation,selective,device_sparse_v1,5,0,5,0,5,,,,,,,,,,,,,,,,,expected_infeasible_width,expected_capacity_failure,9d124ad72c0fe2b841fbfc927ec45c35cb413a6a0e01baada17f1025709d315c,9626c07cf4ccf3251a3585a4b367551c7a78f57218970c0d71f73f221adea5d3,22e05ea2e1684256cfcefc889a4c658b5530de8a
inst_b495f40cacb80e7ae9a159b9be70c178135bbf1ac9f1dba424c37b8eafdeefd4,max3sat,train,all_native,all_to_all_reference,5,5,0,0,5,228.0,228.0,0.0,228.0,228.0,143.0,143.0,0.0,143.0,143.0,0.0,0.0,0.0,0.0,0.0014598600042518227,0.0013162000104784966,pass,,9d124ad72c0fe2b841fbfc927ec45c35cb413a6a0e01baada17f1025709d315c,9626c07cf4ccf3251a3585a4b367551c7a78f57218970c0d71f73f221adea5d3,22e05ea2e1684256cfcefc889a4c658b5530de8a
inst_b495f40cacb80e7ae9a159b9be70c178135bbf1ac9f1dba424c37b8eafdeefd4,max3sat,train,all_native,device_sparse_v1,5,0,5,0,5,,,,,,,,,,,,,,,,,expected_infeasible_width,expected_capacity_failure,9d124ad72c0fe2b841fbfc927ec45c35cb413a6a0e01baada17f1025709d315c,9626c07cf4ccf3251a3585a4b367551c7a78f57218970c0d71f73f221adea5d3,22e05ea2e1684256cfcefc889a4c658b5530de8a
inst_b495f40cacb80e7ae9a159b9be70c178135bbf1ac9f1dba424c37b8eafdeefd4,max3sat,train,fully_quadratized,all_to_all_reference,5,5,0,0,5,132.0,132.0,0.0,132.0,132.0,58.0,58.0,0.0,58.0,58.0,0.0,0.0,0.0,0.0,0.0011108399950899184,0.0011076999944634736,pass,,9d124ad72c0fe2b841fbfc927ec45c35cb413a6a0e01baada17f1025709d315c,9626c07cf4ccf3251a3585a4b367551c7a78f57218970c0d71f73f221adea5d3,22e05ea2e1684256cfcefc889a4c658b5530de8a
inst_b495f40cacb80e7ae9a159b9be70c178135bbf1ac9f1dba424c37b8eafdeefd4,max3sat,train,fully_quadratized,device_sparse_v1,5,0,5,0,5,,,,,,,,,,,,,,,,,expected_infeasible_width,expected_capacity_failure,9d124ad72c0fe2b841fbfc927ec45c35cb413a6a0e01baada17f1025709d315c,9626c07cf4ccf3251a3585a4b367551c7a78f57218970c0d71f73f221adea5d3,22e05ea2e1684256cfcefc889a4c658b5530de8a
inst_b495f40cacb80e7ae9a159b9be70c178135bbf1ac9f1dba424c37b8eafdeefd4,max3sat,train,matched_random_selective,all_to_all_reference,25,25,0,5,5,230.4,232.0,2.0,229.616,231.184,135.4,137.0,7.895146188218008,132.30510269421853,138.49489730578148,0.0,0.0,0.0,0.0,0.0014344639924820512,0.0013688999752048403,pass,,9d124ad72c0fe2b841fbfc927ec45c35cb413a6a0e01baada17f1025709d315c,9626c07cf4ccf3251a3585a4b367551c7a78f57218970c0d71f73f221adea5d3,22e05ea2e1684256cfcefc889a4c658b5530de8a
inst_b495f40cacb80e7ae9a159b9be70c178135bbf1ac9f1dba424c37b8eafdeefd4,max3sat,train,matched_random_selective,device_sparse_v1,25,0,25,5,5,,,,,,,,,,,,,,,,,expected_infeasible_width,expected_capacity_failure,9d124ad72c0fe2b841fbfc927ec45c35cb413a6a0e01baada17f1025709d315c,9626c07cf4ccf3251a3585a4b367551c7a78f57218970c0d71f73f221adea5d3,22e05ea2e1684256cfcefc889a4c658b5530de8a
inst_b495f40cacb80e7ae9a159b9be70c178135bbf1ac9f1dba424c37b8eafdeefd4,max3sat,train,selective,all_to_all_reference,5,5,0,0,5,136.0,136.0,0.0,136.0,136.0,56.0,56.0,0.0,56.0,56.0,0.0,0.0,0.0,0.0,0.0011283399944659323,0.0011143000156152993,pass,,9d124ad72c0fe2b841fbfc927ec45c35cb413a6a0e01baada17f1025709d315c,9626c07cf4ccf3251a3585a4b367551c7a78f57218970c0d71f73f221adea5d3,22e05ea2e1684256cfcefc889a4c658b5530de8a
inst_b495f40cacb80e7ae9a159b9be70c178135bbf1ac9f1dba424c37b8eafdeefd4,max3sat,train,selective,device_sparse_v1,5,0,5,0,5,,,,,,,,,,,,,,,,,expected_infeasible_width,expected_capacity_failure,9d124ad72c0fe2b841fbfc927ec45c35cb413a6a0e01baada17f1025709d315c,9626c07cf4ccf3251a3585a4b367551c7a78f57218970c0d71f73f221adea5d3,22e05ea2e1684256cfcefc889a4c658b5530de8a
inst_b4ee1e445e988b3bd6d55f528563578e122178c9757b5377ac9192f99996b923,cubic_spin_glass,validation,all_native,all_to_all_reference,5,5,0,0,5,320.0,320.0,0.0,320.0,320.0,239.0,239.0,0.0,239.0,239.0,0.0,0.0,0.0,0.0,0.004010699997888878,0.004024599998956546,pass,,9d124ad72c0fe2b841fbfc927ec45c35cb413a6a0e01baada17f1025709d315c,9626c07cf4ccf3251a3585a4b367551c7a78f57218970c0d71f73f221adea5d3,22e05ea2e1684256cfcefc889a4c658b5530de8a
inst_b4ee1e445e988b3bd6d55f528563578e122178c9757b5377ac9192f99996b923,cubic_spin_glass,validation,all_native,device_sparse_v1,5,0,5,0,5,,,,,,,,,,,,,,,,,expected_infeasible_width,expected_capacity_failure,9d124ad72c0fe2b841fbfc927ec45c35cb413a6a0e01baada17f1025709d315c,9626c07cf4ccf3251a3585a4b367551c7a78f57218970c0d71f73f221adea5d3,22e05ea2e1684256cfcefc889a4c658b5530de8a
inst_b4ee1e445e988b3bd6d55f528563578e122178c9757b5377ac9192f99996b923,cubic_spin_glass,validation,fully_quadratized,all_to_all_reference,5,5,0,0,5,396.0,396.0,0.0,396.0,396.0,84.0,84.0,0.0,84.0,84.0,0.0,0.0,0.0,0.0,0.003767019993392751,0.0037065999931655824,pass,,9d124ad72c0fe2b841fbfc927ec45c35cb413a6a0e01baada17f1025709d315c,9626c07cf4ccf3251a3585a4b367551c7a78f57218970c0d71f73f221adea5d3,22e05ea2e1684256cfcefc889a4c658b5530de8a
inst_b4ee1e445e988b3bd6d55f528563578e122178c9757b5377ac9192f99996b923,cubic_spin_glass,validation,fully_quadratized,device_sparse_v1,5,0,5,0,5,,,,,,,,,,,,,,,,,expected_infeasible_width,expected_capacity_failure,9d124ad72c0fe2b841fbfc927ec45c35cb413a6a0e01baada17f1025709d315c,9626c07cf4ccf3251a3585a4b367551c7a78f57218970c0d71f73f221adea5d3,22e05ea2e1684256cfcefc889a4c658b5530de8a
inst_b4ee1e445e988b3bd6d55f528563578e122178c9757b5377ac9192f99996b923,cubic_spin_glass,validation,matched_random_selective,all_to_all_reference,25,25,0,5,5,378.4,384.0,8.698658900466592,374.9901257110171,381.8098742889829,229.2,225.0,12.473304828045105,224.3104645074063,234.08953549259368,0.0,0.0,0.0,0.0,0.004037984000751749,0.003951899998355657,pass,,9d124ad72c0fe2b841fbfc927ec45c35cb413a6a0e01baada17f1025709d315c,9626c07cf4ccf3251a3585a4b367551c7a78f57218970c0d71f73f221adea5d3,22e05ea2e1684256cfcefc889a4c658b5530de8a
inst_b4ee1e445e988b3bd6d55f528563578e122178c9757b5377ac9192f99996b923,cubic_spin_glass,validation,matched_random_selective,device_sparse_v1,25,0,25,5,5,,,,,,,,,,,,,,,,,expected_infeasible_width,expected_capacity_failure,9d124ad72c0fe2b841fbfc927ec45c35cb413a6a0e01baada17f1025709d315c,9626c07cf4ccf3251a3585a4b367551c7a78f57218970c0d71f73f221adea5d3,22e05ea2e1684256cfcefc889a4c658b5530de8a
inst_b4ee1e445e988b3bd6d55f528563578e122178c9757b5377ac9192f99996b923,cubic_spin_glass,validation,selective,all_to_all_reference,5,5,0,0,5,374.0,374.0,0.0,374.0,374.0,117.0,117.0,0.0,117.0,117.0,0.0,0.0,0.0,0.0,0.004203439998673275,0.004202200012514368,pass,,9d124ad72c0fe2b841fbfc927ec45c35cb413a6a0e01baada17f1025709d315c,9626c07cf4ccf3251a3585a4b367551c7a78f57218970c0d71f73f221adea5d3,22e05ea2e1684256cfcefc889a4c658b5530de8a
inst_b4ee1e445e988b3bd6d55f528563578e122178c9757b5377ac9192f99996b923,cubic_spin_glass,validation,selective,device_sparse_v1,5,0,5,0,5,,,,,,,,,,,,,,,,,expected_infeasible_width,expected_capacity_failure,9d124ad72c0fe2b841fbfc927ec45c35cb413a6a0e01baada17f1025709d315c,9626c07cf4ccf3251a3585a4b367551c7a78f57218970c0d71f73f221adea5d3,22e05ea2e1684256cfcefc889a4c658b5530de8a
inst_b5a6d609aee43c8b525af00209476dde731caaa09d42f6c0ee326d1b1dc31caa,max3sat,train,all_native,all_to_all_reference,5,5,0,0,5,134.0,134.0,0.0,134.0,134.0,103.0,103.0,0.0,103.0,103.0,0.0,0.0,0.0,0.0,0.0013585999899078161,0.001204799977131188,pass,,9d124ad72c0fe2b841fbfc927ec45c35cb413a6a0e01baada17f1025709d315c,9626c07cf4ccf3251a3585a4b367551c7a78f57218970c0d71f73f221adea5d3,22e05ea2e1684256cfcefc889a4c658b5530de8a
inst_b5a6d609aee43c8b525af00209476dde731caaa09d42f6c0ee326d1b1dc31caa,max3sat,train,all_native,device_sparse_v1,5,5,0,0,5,222.8,223.0,4.024922359499621,219.27200000000002,226.328,167.8,169.0,7.12039324756716,161.55870013538848,174.04129986461155,33.6,33.0,88.8,89.0,0.009432879998348654,0.009571600006893277,pass,,9d124ad72c0fe2b841fbfc927ec45c35cb413a6a0e01baada17f1025709d315c,9626c07cf4ccf3251a3585a4b367551c7a78f57218970c0d71f73f221adea5d3,22e05ea2e1684256cfcefc889a4c658b5530de8a
inst_b5a6d609aee43c8b525af00209476dde731caaa09d42f6c0ee326d1b1dc31caa,max3sat,train,fully_quadratized,all_to_all_reference,5,5,0,0,5,112.0,112.0,0.0,112.0,112.0,40.0,40.0,0.0,40.0,40.0,0.0,0.0,0.0,0.0,0.0015379199991002678,0.0015358999953605235,pass,,9d124ad72c0fe2b841fbfc927ec45c35cb413a6a0e01baada17f1025709d315c,9626c07cf4ccf3251a3585a4b367551c7a78f57218970c0d71f73f221adea5d3,22e05ea2e1684256cfcefc889a4c658b5530de8a
inst_b5a6d609aee43c8b525af00209476dde731caaa09d42f6c0ee326d1b1dc31caa,max3sat,train,fully_quadratized,device_sparse_v1,5,0,5,0,5,,,,,,,,,,,,,,,,,expected_infeasible_width,expected_capacity_failure,9d124ad72c0fe2b841fbfc927ec45c35cb413a6a0e01baada17f1025709d315c,9626c07cf4ccf3251a3585a4b367551c7a78f57218970c0d71f73f221adea5d3,22e05ea2e1684256cfcefc889a4c658b5530de8a
inst_b5a6d609aee43c8b525af00209476dde731caaa09d42f6c0ee326d1b1dc31caa,max3sat,train,matched_random_selective,all_to_all_reference,25,25,0,5,5,138.8,142.0,6.27162924074226,136.34152133762905,141.25847866237098,76.0,83.0,11.690451944500122,71.41734283775595,80.58265716224405,0.0,0.0,0.0,0.0,0.001310531998751685,0.0012808000028599054,pass,,9d124ad72c0fe2b841fbfc927ec45c35cb413a6a0e01baada17f1025709d315c,9626c07cf4ccf3251a3585a4b367551c7a78f57218970c0d71f73f221adea5d3,22e05ea2e1684256cfcefc889a4c658b5530de8a
inst_b5a6d609aee43c8b525af00209476dde731caaa09d42f6c0ee326d1b1dc31caa,max3sat,train,matched_random_selective,device_sparse_v1,25,0,25,5,5,,,,,,,,,,,,,,,,,expected_infeasible_width,expected_capacity_failure,9d124ad72c0fe2b841fbfc927ec45c35cb413a6a0e01baada17f1025709d315c,9626c07cf4ccf3251a3585a4b367551c7a78f57218970c0d71f73f221adea5d3,22e05ea2e1684256cfcefc889a4c658b5530de8a
inst_b5a6d609aee43c8b525af00209476dde731caaa09d42f6c0ee326d1b1dc31caa,max3sat,train,selective,all_to_all_reference,5,5,0,0,5,124.0,124.0,0.0,124.0,124.0,45.0,45.0,0.0,45.0,45.0,0.0,0.0,0.0,0.0,0.0012300399946980178,0.0011870999878738075,pass,,9d124ad72c0fe2b841fbfc927ec45c35cb413a6a0e01baada17f1025709d315c,9626c07cf4ccf3251a3585a4b367551c7a78f57218970c0d71f73f221adea5d3,22e05ea2e1684256cfcefc889a4c658b5530de8a
inst_b5a6d609aee43c8b525af00209476dde731caaa09d42f6c0ee326d1b1dc31caa,max3sat,train,selective,device_sparse_v1,5,0,5,0,5,,,,,,,,,,,,,,,,,expected_infeasible_width,expected_capacity_failure,9d124ad72c0fe2b841fbfc927ec45c35cb413a6a0e01baada17f1025709d315c,9626c07cf4ccf3251a3585a4b367551c7a78f57218970c0d71f73f221adea5d3,22e05ea2e1684256cfcefc889a4c658b5530de8a
inst_b6bffeaedeb53019eec1c8bec5d768c3b2d9013ec18b83f60ee9a2ef0ca455da,cubic_spin_glass,validation,all_native,all_to_all_reference,5,5,0,0,5,64.0,64.0,0.0,64.0,64.0,46.0,46.0,0.0,46.0,46.0,0.0,0.0,0.0,0.0,0.0011766599956899882,0.0010213000059593469,pass,,9d124ad72c0fe2b841fbfc927ec45c35cb413a6a0e01baada17f1025709d315c,9626c07cf4ccf3251a3585a4b367551c7a78f57218970c0d71f73f221adea5d3,22e05ea2e1684256cfcefc889a4c658b5530de8a
inst_b6bffeaedeb53019eec1c8bec5d768c3b2d9013ec18b83f60ee9a2ef0ca455da,cubic_spin_glass,validation,all_native,device_sparse_v1,5,0,5,0,5,,,,,,,,,,,,,,,,,expected_infeasible_width,expected_capacity_failure,9d124ad72c0fe2b841fbfc927ec45c35cb413a6a0e01baada17f1025709d315c,9626c07cf4ccf3251a3585a4b367551c7a78f57218970c0d71f73f221adea5d3,22e05ea2e1684256cfcefc889a4c658b5530de8a
inst_b6bffeaedeb53019eec1c8bec5d768c3b2d9013ec18b83f60ee9a2ef0ca455da,cubic_spin_glass,validation,fully_quadratized,all_to_all_reference,5,5,0,0,5,108.0,108.0,0.0,108.0,108.0,44.0,44.0,0.0,44.0,44.0,0.0,0.0,0.0,0.0,0.0009376600035466253,0.0009332000045105815,pass,,9d124ad72c0fe2b841fbfc927ec45c35cb413a6a0e01baada17f1025709d315c,9626c07cf4ccf3251a3585a4b367551c7a78f57218970c0d71f73f221adea5d3,22e05ea2e1684256cfcefc889a4c658b5530de8a
inst_b6bffeaedeb53019eec1c8bec5d768c3b2d9013ec18b83f60ee9a2ef0ca455da,cubic_spin_glass,validation,fully_quadratized,device_sparse_v1,5,0,5,0,5,,,,,,,,,,,,,,,,,expected_infeasible_width,expected_capacity_failure,9d124ad72c0fe2b841fbfc927ec45c35cb413a6a0e01baada17f1025709d315c,9626c07cf4ccf3251a3585a4b367551c7a78f57218970c0d71f73f221adea5d3,22e05ea2e1684256cfcefc889a4c658b5530de8a
inst_b6bffeaedeb53019eec1c8bec5d768c3b2d9013ec18b83f60ee9a2ef0ca455da,cubic_spin_glass,validation,matched_random_selective,all_to_all_reference,25,25,0,5,5,64.0,64.0,0.0,64.0,64.0,46.0,46.0,0.0,46.0,46.0,0.0,0.0,0.0,0.0,0.0013509439991321415,0.0013878000027034432,pass,,9d124ad72c0fe2b841fbfc927ec45c35cb413a6a0e01baada17f1025709d315c,9626c07cf4ccf3251a3585a4b367551c7a78f57218970c0d71f73f221adea5d3,22e05ea2e1684256cfcefc889a4c658b5530de8a
inst_b6bffeaedeb53019eec1c8bec5d768c3b2d9013ec18b83f60ee9a2ef0ca455da,cubic_spin_glass,validation,matched_random_selective,device_sparse_v1,25,0,25,5,5,,,,,,,,,,,,,,,,,expected_infeasible_width,expected_capacity_failure,9d124ad72c0fe2b841fbfc927ec45c35cb413a6a0e01baada17f1025709d315c,9626c07cf4ccf3251a3585a4b367551c7a78f57218970c0d71f73f221adea5d3,22e05ea2e1684256cfcefc889a4c658b5530de8a
inst_b6bffeaedeb53019eec1c8bec5d768c3b2d9013ec18b83f60ee9a2ef0ca455da,cubic_spin_glass,validation,selective,all_to_all_reference,5,5,0,0,5,64.0,64.0,0.0,64.0,64.0,46.0,46.0,0.0,46.0,46.0,0.0,0.0,0.0,0.0,0.0008633399906102568,0.0008626999915577471,pass,,9d124ad72c0fe2b841fbfc927ec45c35cb413a6a0e01baada17f1025709d315c,9626c07cf4ccf3251a3585a4b367551c7a78f57218970c0d71f73f221adea5d3,22e05ea2e1684256cfcefc889a4c658b5530de8a
inst_b6bffeaedeb53019eec1c8bec5d768c3b2d9013ec18b83f60ee9a2ef0ca455da,cubic_spin_glass,validation,selective,device_sparse_v1,5,0,5,0,5,,,,,,,,,,,,,,,,,expected_infeasible_width,expected_capacity_failure,9d124ad72c0fe2b841fbfc927ec45c35cb413a6a0e01baada17f1025709d315c,9626c07cf4ccf3251a3585a4b367551c7a78f57218970c0d71f73f221adea5d3,22e05ea2e1684256cfcefc889a4c658b5530de8a
inst_b732278acd92c203b9a27e0bcc5d32b417c737bd33781646533636e270b41e97,cubic_spin_glass,train,all_native,all_to_all_reference,5,5,0,0,5,64.0,64.0,0.0,64.0,64.0,36.0,36.0,0.0,36.0,36.0,0.0,0.0,0.0,0.0,0.0014831600012257696,0.0014805000100750476,pass,,9d124ad72c0fe2b841fbfc927ec45c35cb413a6a0e01baada17f1025709d315c,9626c07cf4ccf3251a3585a4b367551c7a78f57218970c0d71f73f221adea5d3,22e05ea2e1684256cfcefc889a4c658b5530de8a
inst_b732278acd92c203b9a27e0bcc5d32b417c737bd33781646533636e270b41e97,cubic_spin_glass,train,all_native,device_sparse_v1,5,0,5,0,5,,,,,,,,,,,,,,,,,expected_infeasible_width,expected_capacity_failure,9d124ad72c0fe2b841fbfc927ec45c35cb413a6a0e01baada17f1025709d315c,9626c07cf4ccf3251a3585a4b367551c7a78f57218970c0d71f73f221adea5d3,22e05ea2e1684256cfcefc889a4c658b5530de8a
inst_b732278acd92c203b9a27e0bcc5d32b417c737bd33781646533636e270b41e97,cubic_spin_glass,train,fully_quadratized,all_to_all_reference,5,5,0,0,5,148.0,148.0,0.0,148.0,148.0,38.0,38.0,0.0,38.0,38.0,0.0,0.0,0.0,0.0,0.0018958000058773906,0.0017003999964799732,pass,,9d124ad72c0fe2b841fbfc927ec45c35cb413a6a0e01baada17f1025709d315c,9626c07cf4ccf3251a3585a4b367551c7a78f57218970c0d71f73f221adea5d3,22e05ea2e1684256cfcefc889a4c658b5530de8a
inst_b732278acd92c203b9a27e0bcc5d32b417c737bd33781646533636e270b41e97,cubic_spin_glass,train,fully_quadratized,device_sparse_v1,5,0,5,0,5,,,,,,,,,,,,,,,,,expected_infeasible_width,expected_capacity_failure,9d124ad72c0fe2b841fbfc927ec45c35cb413a6a0e01baada17f1025709d315c,9626c07cf4ccf3251a3585a4b367551c7a78f57218970c0d71f73f221adea5d3,22e05ea2e1684256cfcefc889a4c658b5530de8a
inst_b732278acd92c203b9a27e0bcc5d32b417c737bd33781646533636e270b41e97,cubic_spin_glass,train,matched_random_selective,all_to_all_reference,25,25,0,5,5,64.0,64.0,0.0,64.0,64.0,36.0,36.0,0.0,36.0,36.0,0.0,0.0,0.0,0.0,0.0012111599964555353,0.0011464999988675117,pass,,9d124ad72c0fe2b841fbfc927ec45c35cb413a6a0e01baada17f1025709d315c,9626c07cf4ccf3251a3585a4b367551c7a78f57218970c0d71f73f221adea5d3,22e05ea2e1684256cfcefc889a4c658b5530de8a
inst_b732278acd92c203b9a27e0bcc5d32b417c737bd33781646533636e270b41e97,cubic_spin_glass,train,matched_random_selective,device_sparse_v1,25,0,25,5,5,,,,,,,,,,,,,,,,,expected_infeasible_width,expected_capacity_failure,9d124ad72c0fe2b841fbfc927ec45c35cb413a6a0e01baada17f1025709d315c,9626c07cf4ccf3251a3585a4b367551c7a78f57218970c0d71f73f221adea5d3,22e05ea2e1684256cfcefc889a4c658b5530de8a
inst_b732278acd92c203b9a27e0bcc5d32b417c737bd33781646533636e270b41e97,cubic_spin_glass,train,selective,all_to_all_reference,5,5,0,0,5,64.0,64.0,0.0,64.0,64.0,36.0,36.0,0.0,36.0,36.0,0.0,0.0,0.0,0.0,0.001201140001649037,0.001167299982625991,pass,,9d124ad72c0fe2b841fbfc927ec45c35cb413a6a0e01baada17f1025709d315c,9626c07cf4ccf3251a3585a4b367551c7a78f57218970c0d71f73f221adea5d3,22e05ea2e1684256cfcefc889a4c658b5530de8a
inst_b732278acd92c203b9a27e0bcc5d32b417c737bd33781646533636e270b41e97,cubic_spin_glass,train,selective,device_sparse_v1,5,0,5,0,5,,,,,,,,,,,,,,,,,expected_infeasible_width,expected_capacity_failure,9d124ad72c0fe2b841fbfc927ec45c35cb413a6a0e01baada17f1025709d315c,9626c07cf4ccf3251a3585a4b367551c7a78f57218970c0d71f73f221adea5d3,22e05ea2e1684256cfcefc889a4c658b5530de8a
inst_bad108426f15da32dab503d42c5642c5b518605ab19b47a4444ceadbfa396063,max3sat,train,all_native,all_to_all_reference,5,5,0,0,5,142.0,142.0,0.0,142.0,142.0,84.0,84.0,0.0,84.0,84.0,0.0,0.0,0.0,0.0,0.001260700001148507,0.001214599993545562,pass,,9d124ad72c0fe2b841fbfc927ec45c35cb413a6a0e01baada17f1025709d315c,9626c07cf4ccf3251a3585a4b367551c7a78f57218970c0d71f73f221adea5d3,22e05ea2e1684256cfcefc889a4c658b5530de8a
inst_bad108426f15da32dab503d42c5642c5b518605ab19b47a4444ceadbfa396063,max3sat,train,all_native,device_sparse_v1,5,5,0,0,5,271.8,270.0,3.03315017762062,269.1413266466149,274.4586733533851,181.8,178.0,9.17605579756357,173.7568324647562,189.84316753524382,45.8,46.0,129.8,128.0,0.012002620007842779,0.011855700024170801,pass,,9d124ad72c0fe2b841fbfc927ec45c35cb413a6a0e01baada17f1025709d315c,9626c07cf4ccf3251a3585a4b367551c7a78f57218970c0d71f73f221adea5d3,22e05ea2e1684256cfcefc889a4c658b5530de8a
inst_bad108426f15da32dab503d42c5642c5b518605ab19b47a4444ceadbfa396063,max3sat,train,fully_quadratized,all_to_all_reference,5,5,0,0,5,90.0,90.0,0.0,90.0,90.0,38.0,38.0,0.0,38.0,38.0,0.0,0.0,0.0,0.0,0.001258459989912808,0.001232199982041493,pass,,9d124ad72c0fe2b841fbfc927ec45c35cb413a6a0e01baada17f1025709d315c,9626c07cf4ccf3251a3585a4b367551c7a78f57218970c0d71f73f221adea5d3,22e05ea2e1684256cfcefc889a4c658b5530de8a
inst_bad108426f15da32dab503d42c5642c5b518605ab19b47a4444ceadbfa396063,max3sat,train,fully_quadratized,device_sparse_v1,5,0,5,0,5,,,,,,,,,,,,,,,,,expected_infeasible_width,expected_capacity_failure,9d124ad72c0fe2b841fbfc927ec45c35cb413a6a0e01baada17f1025709d315c,9626c07cf4ccf3251a3585a4b367551c7a78f57218970c0d71f73f221adea5d3,22e05ea2e1684256cfcefc889a4c658b5530de8a
inst_bad108426f15da32dab503d42c5642c5b518605ab19b47a4444ceadbfa396063,max3sat,train,matched_random_selective,all_to_all_reference,25,25,0,5,5,143.6,144.0,1.5275252316519468,143.00121010919244,144.19878989080755,79.6,79.0,2.4664414311581235,78.63315495898601,80.56684504101398,0.0,0.0,0.0,0.0,0.0012823400017805398,0.0011740000045392662,pass,,9d124ad72c0fe2b841fbfc927ec45c35cb413a6a0e01baada17f1025709d315c,9626c07cf4ccf3251a3585a4b367551c7a78f57218970c0d71f73f221adea5d3,22e05ea2e1684256cfcefc889a4c658b5530de8a
inst_bad108426f15da32dab503d42c5642c5b518605ab19b47a4444ceadbfa396063,max3sat,train,matched_random_selective,device_sparse_v1,25,0,25,5,5,,,,,,,,,,,,,,,,,expected_infeasible_width,expected_capacity_failure,9d124ad72c0fe2b841fbfc927ec45c35cb413a6a0e01baada17f1025709d315c,9626c07cf4ccf3251a3585a4b367551c7a78f57218970c0d71f73f221adea5d3,22e05ea2e1684256cfcefc889a4c658b5530de8a
inst_bad108426f15da32dab503d42c5642c5b518605ab19b47a4444ceadbfa396063,max3sat,train,selective,all_to_all_reference,5,5,0,0,5,102.0,102.0,0.0,102.0,102.0,38.0,38.0,0.0,38.0,38.0,0.0,0.0,0.0,0.0,0.001301440002862364,0.0013157000066712499,pass,,9d124ad72c0fe2b841fbfc927ec45c35cb413a6a0e01baada17f1025709d315c,9626c07cf4ccf3251a3585a4b367551c7a78f57218970c0d71f73f221adea5d3,22e05ea2e1684256cfcefc889a4c658b5530de8a
inst_bad108426f15da32dab503d42c5642c5b518605ab19b47a4444ceadbfa396063,max3sat,train,selective,device_sparse_v1,5,0,5,0,5,,,,,,,,,,,,,,,,,expected_infeasible_width,expected_capacity_failure,9d124ad72c0fe2b841fbfc927ec45c35cb413a6a0e01baada17f1025709d315c,9626c07cf4ccf3251a3585a4b367551c7a78f57218970c0d71f73f221adea5d3,22e05ea2e1684256cfcefc889a4c658b5530de8a
inst_badadd6b960880e69de1e4a1077d644ec987b1efaeac187f421a7f530b78f797,cubic_spin_glass,train,all_native,all_to_all_reference,5,5,0,0,5,256.0,256.0,0.0,256.0,256.0,186.0,186.0,0.0,186.0,186.0,0.0,0.0,0.0,0.0,0.003621759999077767,0.0032614000083412975,pass,,9d124ad72c0fe2b841fbfc927ec45c35cb413a6a0e01baada17f1025709d315c,9626c07cf4ccf3251a3585a4b367551c7a78f57218970c0d71f73f221adea5d3,22e05ea2e1684256cfcefc889a4c658b5530de8a
inst_badadd6b960880e69de1e4a1077d644ec987b1efaeac187f421a7f530b78f797,cubic_spin_glass,train,all_native,device_sparse_v1,5,0,5,0,5,,,,,,,,,,,,,,,,,expected_infeasible_width,expected_capacity_failure,9d124ad72c0fe2b841fbfc927ec45c35cb413a6a0e01baada17f1025709d315c,9626c07cf4ccf3251a3585a4b367551c7a78f57218970c0d71f73f221adea5d3,22e05ea2e1684256cfcefc889a4c658b5530de8a
inst_badadd6b960880e69de1e4a1077d644ec987b1efaeac187f421a7f530b78f797,cubic_spin_glass,train,fully_quadratized,all_to_all_reference,5,5,0,0,5,398.0,398.0,0.0,398.0,398.0,84.0,84.0,0.0,84.0,84.0,0.0,0.0,0.0,0.0,0.004927080002380535,0.005039199983002618,pass,,9d124ad72c0fe2b841fbfc927ec45c35cb413a6a0e01baada17f1025709d315c,9626c07cf4ccf3251a3585a4b367551c7a78f57218970c0d71f73f221adea5d3,22e05ea2e1684256cfcefc889a4c658b5530de8a
inst_badadd6b960880e69de1e4a1077d644ec987b1efaeac187f421a7f530b78f797,cubic_spin_glass,train,fully_quadratized,device_sparse_v1,5,0,5,0,5,,,,,,,,,,,,,,,,,expected_infeasible_width,expected_capacity_failure,9d124ad72c0fe2b841fbfc927ec45c35cb413a6a0e01baada17f1025709d315c,9626c07cf4ccf3251a3585a4b367551c7a78f57218970c0d71f73f221adea5d3,22e05ea2e1684256cfcefc889a4c658b5530de8a
inst_badadd6b960880e69de1e4a1077d644ec987b1efaeac187f421a7f530b78f797,cubic_spin_glass,train,matched_random_selective,all_to_all_reference,25,25,0,5,5,288.0,288.0,1.2909944487358056,287.49393017609555,288.50606982390445,176.6,179.0,7.653975002136689,173.5996417991624,179.60035820083758,0.0,0.0,0.0,0.0,0.0035423360019922255,0.003327000013086945,pass,,9d124ad72c0fe2b841fbfc927ec45c35cb413a6a0e01baada17f1025709d315c,9626c07cf4ccf3251a3585a4b367551c7a78f57218970c0d71f73f221adea5d3,22e05ea2e1684256cfcefc889a4c658b5530de8a
inst_badadd6b960880e69de1e4a1077d644ec987b1efaeac187f421a7f530b78f797,cubic_spin_glass,train,matched_random_selective,device_sparse_v1,25,0,25,5,5,,,,,,,,,,,,,,,,,expected_infeasible_width,expected_capacity_failure,9d124ad72c0fe2b841fbfc927ec45c35cb413a6a0e01baada17f1025709d315c,9626c07cf4ccf3251a3585a4b367551c7a78f57218970c0d71f73f221adea5d3,22e05ea2e1684256cfcefc889a4c658b5530de8a
inst_badadd6b960880e69de1e4a1077d644ec987b1efaeac187f421a7f530b78f797,cubic_spin_glass,train,selective,all_to_all_reference,5,5,0,0,5,288.0,288.0,0.0,288.0,288.0,149.0,149.0,0.0,149.0,149.0,0.0,0.0,0.0,0.0,0.0033593199914321303,0.0032934999908320606,pass,,9d124ad72c0fe2b841fbfc927ec45c35cb413a6a0e01baada17f1025709d315c,9626c07cf4ccf3251a3585a4b367551c7a78f57218970c0d71f73f221adea5d3,22e05ea2e1684256cfcefc889a4c658b5530de8a
inst_badadd6b960880e69de1e4a1077d644ec987b1efaeac187f421a7f530b78f797,cubic_spin_glass,train,selective,device_sparse_v1,5,0,5,0,5,,,,,,,,,,,,,,,,,expected_infeasible_width,expected_capacity_failure,9d124ad72c0fe2b841fbfc927ec45c35cb413a6a0e01baada17f1025709d315c,9626c07cf4ccf3251a3585a4b367551c7a78f57218970c0d71f73f221adea5d3,22e05ea2e1684256cfcefc889a4c658b5530de8a
inst_bb9ea8526f4f8c3163389b1dd29737c6dc55d4b10908c16cd989bbf99598ae9b,cubic_spin_glass,train,all_native,all_to_all_reference,5,5,0,0,5,192.0,192.0,0.0,192.0,192.0,176.0,176.0,0.0,176.0,176.0,0.0,0.0,0.0,0.0,0.0025379000057000668,0.0024367999867536128,pass,,9d124ad72c0fe2b841fbfc927ec45c35cb413a6a0e01baada17f1025709d315c,9626c07cf4ccf3251a3585a4b367551c7a78f57218970c0d71f73f221adea5d3,22e05ea2e1684256cfcefc889a4c658b5530de8a
inst_bb9ea8526f4f8c3163389b1dd29737c6dc55d4b10908c16cd989bbf99598ae9b,cubic_spin_glass,train,all_native,device_sparse_v1,5,5,0,0,5,351.2,355.0,8.497058314499201,343.752,358.64799999999997,264.8,264.0,11.30044246921332,254.89472544550128,274.7052745544987,65.6,65.0,159.2,163.0,0.011896080005681143,0.012303700001211837,pass,,9d124ad72c0fe2b841fbfc927ec45c35cb413a6a0e01baada17f1025709d315c,9626c07cf4ccf3251a3585a4b367551c7a78f57218970c0d71f73f221adea5d3,22e05ea2e1684256cfcefc889a4c658b5530de8a
inst_bb9ea8526f4f8c3163389b1dd29737c6dc55d4b10908c16cd989bbf99598ae9b,cubic_spin_glass,train,fully_quadratized,all_to_all_reference,5,5,0,0,5,214.0,214.0,0.0,214.0,214.0,54.0,54.0,0.0,54.0,54.0,0.0,0.0,0.0,0.0,0.002707960002589971,0.002657600009115413,pass,,9d124ad72c0fe2b841fbfc927ec45c35cb413a6a0e01baada17f1025709d315c,9626c07cf4ccf3251a3585a4b367551c7a78f57218970c0d71f73f221adea5d3,22e05ea2e1684256cfcefc889a4c658b5530de8a
inst_bb9ea8526f4f8c3163389b1dd29737c6dc55d4b10908c16cd989bbf99598ae9b,cubic_spin_glass,train,fully_quadratized,device_sparse_v1,5,0,5,0,5,,,,,,,,,,,,,,,,,expected_infeasible_width,expected_capacity_failure,9d124ad72c0fe2b841fbfc927ec45c35cb413a6a0e01baada17f1025709d315c,9626c07cf4ccf3251a3585a4b367551c7a78f57218970c0d71f73f221adea5d3,22e05ea2e1684256cfcefc889a4c658b5530de8a
inst_bb9ea8526f4f8c3163389b1dd29737c6dc55d4b10908c16cd989bbf99598ae9b,cubic_spin_glass,train,matched_random_selective,all_to_all_reference,25,25,0,5,5,229.6,230.0,3.265986323710904,228.3197333611053,230.88026663889468,157.4,159.0,14.38459824488215,151.7612374880062,163.0387625119938,0.0,0.0,0.0,0.0,0.002609384002862498,0.0024311000015586615,pass,,9d124ad72c0fe2b841fbfc927ec45c35cb413a6a0e01baada17f1025709d315c,9626c07cf4ccf3251a3585a4b367551c7a78f57218970c0d71f73f221adea5d3,22e05ea2e1684256cfcefc889a4c658b5530de8a
inst_bb9ea8526f4f8c3163389b1dd29737c6dc55d4b10908c16cd989bbf99598ae9b,cubic_spin_glass,train,matched_random_selective,device_sparse_v1,25,0,25,5,5,,,,,,,,,,,,,,,,,expected_infeasible_width,expected_capacity_failure,9d124ad72c0fe2b841fbfc927ec45c35cb413a6a0e01baada17f1025709d315c,9626c07cf4ccf3251a3585a4b367551c7a78f57218970c0d71f73f221adea5d3,22e05ea2e1684256cfcefc889a4c658b5530de8a
inst_bb9ea8526f4f8c3163389b1dd29737c6dc55d4b10908c16cd989bbf99598ae9b,cubic_spin_glass,train,selective,all_to_all_reference,5,5,0,0,5,216.0,216.0,0.0,216.0,216.0,81.0,81.0,0.0,81.0,81.0,0.0,0.0,0.0,0.0,0.0022734800004400313,0.0022560000070370734,pass,,9d124ad72c0fe2b841fbfc927ec45c35cb413a6a0e01baada17f1025709d315c,9626c07cf4ccf3251a3585a4b367551c7a78f57218970c0d71f73f221adea5d3,22e05ea2e1684256cfcefc889a4c658b5530de8a
inst_bb9ea8526f4f8c3163389b1dd29737c6dc55d4b10908c16cd989bbf99598ae9b,cubic_spin_glass,train,selective,device_sparse_v1,5,0,5,0,5,,,,,,,,,,,,,,,,,expected_infeasible_width,expected_capacity_failure,9d124ad72c0fe2b841fbfc927ec45c35cb413a6a0e01baada17f1025709d315c,9626c07cf4ccf3251a3585a4b367551c7a78f57218970c0d71f73f221adea5d3,22e05ea2e1684256cfcefc889a4c658b5530de8a
inst_bd91654b426322e8e5eeb5aeae69692f9e01419f8ff43e2242b156e1ee054dd2,cubic_spin_glass,train,all_native,all_to_all_reference,5,5,0,0,5,128.0,128.0,0.0,128.0,128.0,114.0,114.0,0.0,114.0,114.0,0.0,0.0,0.0,0.0,0.0017709199979435652,0.0017814000020734966,pass,,9d124ad72c0fe2b841fbfc927ec45c35cb413a6a0e01baada17f1025709d315c,9626c07cf4ccf3251a3585a4b367551c7a78f57218970c0d71f73f221adea5d3,22e05ea2e1684256cfcefc889a4c658b5530de8a
inst_bd91654b426322e8e5eeb5aeae69692f9e01419f8ff43e2242b156e1ee054dd2,cubic_spin_glass,train,all_native,device_sparse_v1,5,5,0,0,5,209.0,207.0,6.819090848492928,203.02280333266506,214.97719666733494,175.8,175.0,2.04939015319192,174.00363032757733,177.5963696724227,32.2,31.0,81.0,79.0,0.009777119988575578,0.009728799981530756,pass,,9d124ad72c0fe2b841fbfc927ec45c35cb413a6a0e01baada17f1025709d315c,9626c07cf4ccf3251a3585a4b367551c7a78f57218970c0d71f73f221adea5d3,22e05ea2e1684256cfcefc889a4c658b5530de8a
inst_bd91654b426322e8e5eeb5aeae69692f9e01419f8ff43e2242b156e1ee054dd2,cubic_spin_glass,train,fully_quadratized,all_to_all_reference,5,5,0,0,5,136.0,136.0,0.0,136.0,136.0,40.0,40.0,0.0,40.0,40.0,0.0,0.0,0.0,0.0,0.0014659399981610476,0.0014952000055927783,pass,,9d124ad72c0fe2b841fbfc927ec45c35cb413a6a0e01baada17f1025709d315c,9626c07cf4ccf3251a3585a4b367551c7a78f57218970c0d71f73f221adea5d3,22e05ea2e1684256cfcefc889a4c658b5530de8a
inst_bd91654b426322e8e5eeb5aeae69692f9e01419f8ff43e2242b156e1ee054dd2,cubic_spin_glass,train,fully_quadratized,device_sparse_v1,5,0,5,0,5,,,,,,,,,,,,,,,,,expected_infeasible_width,expected_capacity_failure,9d124ad72c0fe2b841fbfc927ec45c35cb413a6a0e01baada17f1025709d315c,9626c07cf4ccf3251a3585a4b367551c7a78f57218970c0d71f73f221adea5d3,22e05ea2e1684256cfcefc889a4c658b5530de8a
inst_bd91654b426322e8e5eeb5aeae69692f9e01419f8ff43e2242b156e1ee054dd2,cubic_spin_glass,train,matched_random_selective,all_to_all_reference,25,25,0,5,5,157.6,156.0,4.546060565661952,155.8179442582605,159.3820557417395,105.4,104.0,4.725815626252609,103.54748027450898,107.25251972549103,0.0,0.0,0.0,0.0,0.001982227999251336,0.002070099988486618,pass,,9d124ad72c0fe2b841fbfc927ec45c35cb413a6a0e01baada17f1025709d315c,9626c07cf4ccf3251a3585a4b367551c7a78f57218970c0d71f73f221adea5d3,22e05ea2e1684256cfcefc889a4c658b5530de8a
inst_bd91654b426322e8e5eeb5aeae69692f9e01419f8ff43e2242b156e1ee054dd2,cubic_spin_glass,train,matched_random_selective,device_sparse_v1,25,25,0,5,5,284.96,284.0,16.215938661288366,278.60335204477497,291.316647955225,198.32,199.0,12.598677179238567,193.38131854573848,203.2586814542615,47.6,46.0,127.36,128.0,0.01036279600346461,0.010285700001986697,pass,,9d124ad72c0fe2b841fbfc927ec45c35cb413a6a0e01baada17f1025709d315c,9626c07cf4ccf3251a3585a4b367551c7a78f57218970c0d71f73f221adea5d3,22e05ea2e1684256cfcefc889a4c658b5530de8a
inst_bd91654b426322e8e5eeb5aeae69692f9e01419f8ff43e2242b156e1ee054dd2,cubic_spin_glass,train,selective,all_to_all_reference,5,5,0,0,5,148.0,148.0,0.0,148.0,148.0,70.0,70.0,0.0,70.0,70.0,0.0,0.0,0.0,0.0,0.0016689800075255334,0.0017348999972455204,pass,,9d124ad72c0fe2b841fbfc927ec45c35cb413a6a0e01baada17f1025709d315c,9626c07cf4ccf3251a3585a4b367551c7a78f57218970c0d71f73f221adea5d3,22e05ea2e1684256cfcefc889a4c658b5530de8a
inst_bd91654b426322e8e5eeb5aeae69692f9e01419f8ff43e2242b156e1ee054dd2,cubic_spin_glass,train,selective,device_sparse_v1,5,5,0,0,5,269.0,269.0,6.519202405202649,263.2856671430516,274.7143328569484,154.6,152.0,14.774978849392644,141.64916002724146,167.55083997275852,44.2,44.0,121.0,121.0,0.009708539996063336,0.009831099974690005,pass,,9d124ad72c0fe2b841fbfc927ec45c35cb413a6a0e01baada17f1025709d315c,9626c07cf4ccf3251a3585a4b367551c7a78f57218970c0d71f73f221adea5d3,22e05ea2e1684256cfcefc889a4c658b5530de8a
inst_c2e05f7c3075c3aad73660a0712a836e2e081e148a56e82b9e52e010e4099cc2,cubic_spin_glass,train,all_native,all_to_all_reference,5,5,0,0,5,128.0,128.0,0.0,128.0,128.0,109.0,109.0,0.0,109.0,109.0,0.0,0.0,0.0,0.0,0.00240019999910146,0.0023277000000234693,pass,,9d124ad72c0fe2b841fbfc927ec45c35cb413a6a0e01baada17f1025709d315c,9626c07cf4ccf3251a3585a4b367551c7a78f57218970c0d71f73f221adea5d3,22e05ea2e1684256cfcefc889a4c658b5530de8a
inst_c2e05f7c3075c3aad73660a0712a836e2e081e148a56e82b9e52e010e4099cc2,cubic_spin_glass,train,all_native,device_sparse_v1,5,5,0,0,5,222.0,221.0,7.3824115301167,215.5290309844661,228.4709690155339,178.4,177.0,7.956129712366434,171.42614482513437,185.37385517486564,36.0,35.0,94.0,93.0,0.010282720002578571,0.0102424000215251,pass,,9d124ad72c0fe2b841fbfc927ec45c35cb413a6a0e01baada17f1025709d315c,9626c07cf4ccf3251a3585a4b367551c7a78f57218970c0d71f73f221adea5d3,22e05ea2e1684256cfcefc889a4c658b5530de8a
inst_c2e05f7c3075c3aad73660a0712a836e2e081e148a56e82b9e52e010e4099cc2,cubic_spin_glass,train,fully_quadratized,all_to_all_reference,5,5,0,0,5,152.0,152.0,0.0,152.0,152.0,46.0,46.0,0.0,46.0,46.0,0.0,0.0,0.0,0.0,0.001773200009483844,0.0016042999923229218,pass,,9d124ad72c0fe2b841fbfc927ec45c35cb413a6a0e01baada17f1025709d315c,9626c07cf4ccf3251a3585a4b367551c7a78f57218970c0d71f73f221adea5d3,22e05ea2e1684256cfcefc889a4c658b5530de8a
inst_c2e05f7c3075c3aad73660a0712a836e2e081e148a56e82b9e52e010e4099cc2,cubic_spin_glass,train,fully_quadratized,device_sparse_v1,5,0,5,0,5,,,,,,,,,,,,,,,,,expected_infeasible_width,expected_capacity_failure,9d124ad72c0fe2b841fbfc927ec45c35cb413a6a0e01baada17f1025709d315c,9626c07cf4ccf3251a3585a4b367551c7a78f57218970c0d71f73f221adea5d3,22e05ea2e1684256cfcefc889a4c658b5530de8a
inst_c2e05f7c3075c3aad73660a0712a836e2e081e148a56e82b9e52e010e4099cc2,cubic_spin_glass,train,matched_random_selective,all_to_all_reference,25,25,0,5,5,161.2,162.0,3.7859388972001824,159.71591195229752,162.68408804770246,96.4,96.0,6.144102863722254,93.99151167742089,98.80848832257912,0.0,0.0,0.0,0.0,0.001668416002066806,0.0015462999872397631,pass,,9d124ad72c0fe2b841fbfc927ec45c35cb413a6a0e01baada17f1025709d315c,9626c07cf4ccf3251a3585a4b367551c7a78f57218970c0d71f73f221adea5d3,22e05ea2e1684256cfcefc889a4c658b5530de8a
inst_c2e05f7c3075c3aad73660a0712a836e2e081e148a56e82b9e52e010e4099cc2,cubic_spin_glass,train,matched_random_selective,device_sparse_v1,25,0,25,5,5,,,,,,,,,,,,,,,,,expected_infeasible_width,expected_capacity_failure,9d124ad72c0fe2b841fbfc927ec45c35cb413a6a0e01baada17f1025709d315c,9626c07cf4ccf3251a3585a4b367551c7a78f57218970c0d71f73f221adea5d3,22e05ea2e1684256cfcefc889a4c658b5530de8a
inst_c2e05f7c3075c3aad73660a0712a836e2e081e148a56e82b9e52e010e4099cc2,cubic_spin_glass,train,selective,all_to_all_reference,5,5,0,0,5,144.0,144.0,0.0,144.0,144.0,77.0,77.0,0.0,77.0,77.0,0.0,0.0,0.0,0.0,0.0015307999972719699,0.0015341000107582659,pass,,9d124ad72c0fe2b841fbfc927ec45c35cb413a6a0e01baada17f1025709d315c,9626c07cf4ccf3251a3585a4b367551c7a78f57218970c0d71f73f221adea5d3,22e05ea2e1684256cfcefc889a4c658b5530de8a
inst_c2e05f7c3075c3aad73660a0712a836e2e081e148a56e82b9e52e010e4099cc2,cubic_spin_glass,train,selective,device_sparse_v1,5,0,5,0,5,,,,,,,,,,,,,,,,,expected_infeasible_width,expected_capacity_failure,9d124ad72c0fe2b841fbfc927ec45c35cb413a6a0e01baada17f1025709d315c,9626c07cf4ccf3251a3585a4b367551c7a78f57218970c0d71f73f221adea5d3,22e05ea2e1684256cfcefc889a4c658b5530de8a
inst_c32cb33b55efb0ee1a708f9936b9c45d95c8b4a9c07a53a564b24913ae6b0e3c,max3sat,test,all_native,all_to_all_reference,5,5,0,0,5,78.0,78.0,0.0,78.0,78.0,62.0,62.0,0.0,62.0,62.0,0.0,0.0,0.0,0.0,0.0009647199884057045,0.0010525999823585153,pass,,9d124ad72c0fe2b841fbfc927ec45c35cb413a6a0e01baada17f1025709d315c,9626c07cf4ccf3251a3585a4b367551c7a78f57218970c0d71f73f221adea5d3,22e05ea2e1684256cfcefc889a4c658b5530de8a
inst_c32cb33b55efb0ee1a708f9936b9c45d95c8b4a9c07a53a564b24913ae6b0e3c,max3sat,test,all_native,device_sparse_v1,5,5,0,0,5,111.8,111.0,5.718391382198319,106.78760895380259,116.8123910461974,90.2,89.0,3.420526275297414,87.20177652600745,93.19822347399256,15.0,15.0,33.8,33.0,0.008529919997090473,0.008189200016204268,pass,,9d124ad72c0fe2b841fbfc927ec45c35cb413a6a0e01baada17f1025709d315c,9626c07cf4ccf3251a3585a4b367551c7a78f57218970c0d71f73f221adea5d3,22e05ea2e1684256cfcefc889a4c658b5530de8a
inst_c32cb33b55efb0ee1a708f9936b9c45d95c8b4a9c07a53a564b24913ae6b0e3c,max3sat,test,fully_quadratized,all_to_all_reference,5,5,0,0,5,64.0,64.0,0.0,64.0,64.0,32.0,32.0,0.0,32.0,32.0,0.0,0.0,0.0,0.0,0.0010449199879076331,0.0010355999984312803,pass,,9d124ad72c0fe2b841fbfc927ec45c35cb413a6a0e01baada17f1025709d315c,9626c07cf4ccf3251a3585a4b367551c7a78f57218970c0d71f73f221adea5d3,22e05ea2e1684256cfcefc889a4c658b5530de8a
inst_c32cb33b55efb0ee1a708f9936b9c45d95c8b4a9c07a53a564b24913ae6b0e3c,max3sat,test,fully_quadratized,device_sparse_v1,5,5,0,0,5,104.8,106.0,3.898717737923586,101.38262322826411,108.21737677173589,68.6,68.0,4.159326868617084,64.9541892534033,72.24581074659669,14.0,14.0,40.8,42.0,0.007519999996293336,0.007550399983301759,pass,,9d124ad72c0fe2b841fbfc927ec45c35cb413a6a0e01baada17f1025709d315c,9626c07cf4ccf3251a3585a4b367551c7a78f57218970c0d71f73f221adea5d3,22e05ea2e1684256cfcefc889a4c658b5530de8a
inst_c32cb33b55efb0ee1a708f9936b9c45d95c8b4a9c07a53a564b24913ae6b0e3c,max3sat,test,matched_random_selective,all_to_all_reference,25,25,0,5,5,78.8,78.0,1.0,78.408,79.192,48.8,48.0,4.203173404306164,47.15235602551198,50.44764397448802,0.0,0.0,0.0,0.0,0.0010677960026077927,0.0011166000040248036,pass,,9d124ad72c0fe2b841fbfc927ec45c35cb413a6a0e01baada17f1025709d315c,9626c07cf4ccf3251a3585a4b367551c7a78f57218970c0d71f73f221adea5d3,22e05ea2e1684256cfcefc889a4c658b5530de8a
inst_c32cb33b55efb0ee1a708f9936b9c45d95c8b4a9c07a53a564b24913ae6b0e3c,max3sat,test,matched_random_selective,device_sparse_v1,25,25,0,5,5,124.0,124.0,6.409628174343137,121.48742575565748,126.51257424434252,86.2,87.0,8.689073598491383,82.79388314939138,89.60611685060863,17.52,18.0,45.2,46.0,0.007619375999784097,0.007700199988903478,pass,,9d124ad72c0fe2b841fbfc927ec45c35cb413a6a0e01baada17f1025709d315c,9626c07cf4ccf3251a3585a4b367551c7a78f57218970c0d71f73f221adea5d3,22e05ea2e1684256cfcefc889a4c658b5530de8a
inst_c32cb33b55efb0ee1a708f9936b9c45d95c8b4a9c07a53a564b24913ae6b0e3c,max3sat,test,selective,all_to_all_reference,5,5,0,0,5,66.0,66.0,0.0,66.0,66.0,34.0,34.0,0.0,34.0,34.0,0.0,0.0,0.0,0.0,0.0008515400055330247,0.0008076000085566193,pass,,9d124ad72c0fe2b841fbfc927ec45c35cb413a6a0e01baada17f1025709d315c,9626c07cf4ccf3251a3585a4b367551c7a78f57218970c0d71f73f221adea5d3,22e05ea2e1684256cfcefc889a4c658b5530de8a
inst_c32cb33b55efb0ee1a708f9936b9c45d95c8b4a9c07a53a564b24913ae6b0e3c,max3sat,test,selective,device_sparse_v1,5,5,0,0,5,113.0,111.0,7.516648189186454,106.41136736492312,119.58863263507688,72.8,74.0,7.463243262818116,66.25817884683477,79.34182115316523,16.2,16.0,47.0,45.0,0.007634759997017682,0.0071260999829974025,pass,,9d124ad72c0fe2b841fbfc927ec45c35cb413a6a0e01baada17f1025709d315c,9626c07cf4ccf3251a3585a4b367551c7a78f57218970c0d71f73f221adea5d3,22e05ea2e1684256cfcefc889a4c658b5530de8a
inst_c3ee41c0264643625e0eba9d472b30ff36b702de794e26ce06ff2eb31cab4421,max3sat,test,all_native,all_to_all_reference,5,5,0,0,5,246.0,246.0,0.0,246.0,246.0,111.0,111.0,0.0,111.0,111.0,0.0,0.0,0.0,0.0,0.0017778800043743103,0.0017348999972455204,pass,,9d124ad72c0fe2b841fbfc927ec45c35cb413a6a0e01baada17f1025709d315c,9626c07cf4ccf3251a3585a4b367551c7a78f57218970c0d71f73f221adea5d3,22e05ea2e1684256cfcefc889a4c658b5530de8a
inst_c3ee41c0264643625e0eba9d472b30ff36b702de794e26ce06ff2eb31cab4421,max3sat,test,all_native,device_sparse_v1,5,0,5,0,5,,,,,,,,,,,,,,,,,expected_infeasible_width,expected_capacity_failure,9d124ad72c0fe2b841fbfc927ec45c35cb413a6a0e01baada17f1025709d315c,9626c07cf4ccf3251a3585a4b367551c7a78f57218970c0d71f73f221adea5d3,22e05ea2e1684256cfcefc889a4c658b5530de8a
inst_c3ee41c0264643625e0eba9d472b30ff36b702de794e26ce06ff2eb31cab4421,max3sat,test,fully_quadratized,all_to_all_reference,5,5,0,0,5,214.0,214.0,0.0,214.0,214.0,46.0,46.0,0.0,46.0,46.0,0.0,0.0,0.0,0.0,0.002244940004311502,0.0022415000130422413,pass,,9d124ad72c0fe2b841fbfc927ec45c35cb413a6a0e01baada17f1025709d315c,9626c07cf4ccf3251a3585a4b367551c7a78f57218970c0d71f73f221adea5d3,22e05ea2e1684256cfcefc889a4c658b5530de8a
inst_c3ee41c0264643625e0eba9d472b30ff36b702de794e26ce06ff2eb31cab4421,max3sat,test,fully_quadratized,device_sparse_v1,5,0,5,0,5,,,,,,,,,,,,,,,,,expected_infeasible_width,expected_capacity_failure,9d124ad72c0fe2b841fbfc927ec45c35cb413a6a0e01baada17f1025709d315c,9626c07cf4ccf3251a3585a4b367551c7a78f57218970c0d71f73f221adea5d3,22e05ea2e1684256cfcefc889a4c658b5530de8a
inst_c3ee41c0264643625e0eba9d472b30ff36b702de794e26ce06ff2eb31cab4421,max3sat,test,matched_random_selective,all_to_all_reference,25,25,0,5,5,256.8,256.0,3.3166247903554,255.4998830821807,258.1001169178193,85.8,84.0,4.847679857416329,83.8997094958928,87.7002905041072,0.0,0.0,0.0,0.0,0.0018071240046992898,0.0017266999930143356,pass,,9d124ad72c0fe2b841fbfc927ec45c35cb413a6a0e01baada17f1025709d315c,9626c07cf4ccf3251a3585a4b367551c7a78f57218970c0d71f73f221adea5d3,22e05ea2e1684256cfcefc889a4c658b5530de8a
inst_c3ee41c0264643625e0eba9d472b30ff36b702de794e26ce06ff2eb31cab4421,max3sat,test,matched_random_selective,device_sparse_v1,25,0,25,5,5,,,,,,,,,,,,,,,,,expected_infeasible_width,expected_capacity_failure,9d124ad72c0fe2b841fbfc927ec45c35cb413a6a0e01baada17f1025709d315c,9626c07cf4ccf3251a3585a4b367551c7a78f57218970c0d71f73f221adea5d3,22e05ea2e1684256cfcefc889a4c658b5530de8a
inst_c3ee41c0264643625e0eba9d472b30ff36b702de794e26ce06ff2eb31cab4421,max3sat,test,selective,all_to_all_reference,5,5,0,0,5,224.0,224.0,0.0,224.0,224.0,61.0,61.0,0.0,61.0,61.0,0.0,0.0,0.0,0.0,0.002032319997670129,0.002026400004979223,pass,,9d124ad72c0fe2b841fbfc927ec45c35cb413a6a0e01baada17f1025709d315c,9626c07cf4ccf3251a3585a4b367551c7a78f57218970c0d71f73f221adea5d3,22e05ea2e1684256cfcefc889a4c658b5530de8a
inst_c3ee41c0264643625e0eba9d472b30ff36b702de794e26ce06ff2eb31cab4421,max3sat,test,selective,device_sparse_v1,5,0,5,0,5,,,,,,,,,,,,,,,,,expected_infeasible_width,expected_capacity_failure,9d124ad72c0fe2b841fbfc927ec45c35cb413a6a0e01baada17f1025709d315c,9626c07cf4ccf3251a3585a4b367551c7a78f57218970c0d71f73f221adea5d3,22e05ea2e1684256cfcefc889a4c658b5530de8a
inst_c48354249e2c91ecf73b39e126eec777bf9c93960e96d8924c6b6668619a825d,max3sat,train,all_native,all_to_all_reference,5,5,0,0,5,192.0,192.0,0.0,192.0,192.0,136.0,136.0,0.0,136.0,136.0,0.0,0.0,0.0,0.0,0.002026700007263571,0.002097100019454956,pass,,9d124ad72c0fe2b841fbfc927ec45c35cb413a6a0e01baada17f1025709d315c,9626c07cf4ccf3251a3585a4b367551c7a78f57218970c0d71f73f221adea5d3,22e05ea2e1684256cfcefc889a4c658b5530de8a
inst_c48354249e2c91ecf73b39e126eec777bf9c93960e96d8924c6b6668619a825d,max3sat,train,all_native,device_sparse_v1,5,5,0,0,5,317.4,314.0,15.388307249337076,303.91155398127717,330.8884460187228,238.6,245.0,24.53161225847172,217.09709377781692,260.1029062221831,51.8,52.0,125.4,122.0,0.011073840007884427,0.011340600001858547,pass,,9d124ad72c0fe2b841fbfc927ec45c35cb413a6a0e01baada17f1025709d315c,9626c07cf4ccf3251a3585a4b367551c7a78f57218970c0d71f73f221adea5d3,22e05ea2e1684256cfcefc889a4c658b5530de8a
inst_c48354249e2c91ecf73b39e126eec777bf9c93960e96d8924c6b6668619a825d,max3sat,train,fully_quadratized,all_to_all_reference,5,5,0,0,5,156.0,156.0,0.0,156.0,156.0,46.0,46.0,0.0,46.0,46.0,0.0,0.0,0.0,0.0,0.001922959997318685,0.0017213999817613512,pass,,9d124ad72c0fe2b841fbfc927ec45c35cb413a6a0e01baada17f1025709d315c,9626c07cf4ccf3251a3585a4b367551c7a78f57218970c0d71f73f221adea5d3,22e05ea2e1684256cfcefc889a4c658b5530de8a
inst_c48354249e2c91ecf73b39e126eec777bf9c93960e96d8924c6b6668619a825d,max3sat,train,fully_quadratized,device_sparse_v1,5,0,5,0,5,,,,,,,,,,,,,,,,,expected_infeasible_width,expected_capacity_failure,9d124ad72c0fe2b841fbfc927ec45c35cb413a6a0e01baada17f1025709d315c,9626c07cf4ccf3251a3585a4b367551c7a78f57218970c0d71f73f221adea5d3,22e05ea2e1684256cfcefc889a4c658b5530de8a
inst_c48354249e2c91ecf73b39e126eec777bf9c93960e96d8924c6b6668619a825d,max3sat,train,matched_random_selective,all_to_all_reference,25,25,0,5,5,194.0,194.0,2.23606797749979,193.12346135282007,194.87653864717993,100.2,102.0,6.720615051218651,97.5655188999223,102.83448110007771,0.0,0.0,0.0,0.0,0.001986528002889827,0.0018130000098608434,pass,,9d124ad72c0fe2b841fbfc927ec45c35cb413a6a0e01baada17f1025709d315c,9626c07cf4ccf3251a3585a4b367551c7a78f57218970c0d71f73f221adea5d3,22e05ea2e1684256cfcefc889a4c658b5530de8a
inst_c48354249e2c91ecf73b39e126eec777bf9c93960e96d8924c6b6668619a825d,max3sat,train,matched_random_selective,device_sparse_v1,25,0,25,5,5,,,,,,,,,,,,,,,,,expected_infeasible_width,expected_capacity_failure,9d124ad72c0fe2b841fbfc927ec45c35cb413a6a0e01baada17f1025709d315c,9626c07cf4ccf3251a3585a4b367551c7a78f57218970c0d71f73f221adea5d3,22e05ea2e1684256cfcefc889a4c658b5530de8a
inst_c48354249e2c91ecf73b39e126eec777bf9c93960e96d8924c6b6668619a825d,max3sat,train,selective,all_to_all_reference,5,5,0,0,5,176.0,176.0,0.0,176.0,176.0,73.0,73.0,0.0,73.0,73.0,0.0,0.0,0.0,0.0,0.0018614400003571063,0.0016607000143267214,pass,,9d124ad72c0fe2b841fbfc927ec45c35cb413a6a0e01baada17f1025709d315c,9626c07cf4ccf3251a3585a4b367551c7a78f57218970c0d71f73f221adea5d3,22e05ea2e1684256cfcefc889a4c658b5530de8a
inst_c48354249e2c91ecf73b39e126eec777bf9c93960e96d8924c6b6668619a825d,max3sat,train,selective,device_sparse_v1,5,0,5,0,5,,,,,,,,,,,,,,,,,expected_infeasible_width,expected_capacity_failure,9d124ad72c0fe2b841fbfc927ec45c35cb413a6a0e01baada17f1025709d315c,9626c07cf4ccf3251a3585a4b367551c7a78f57218970c0d71f73f221adea5d3,22e05ea2e1684256cfcefc889a4c658b5530de8a
inst_c4e35a1cfc403513d25de62f5a1ade08c0f44afc5635ef5ba336e817a5f95387,cubic_spin_glass,train,all_native,all_to_all_reference,5,5,0,0,5,320.0,320.0,0.0,320.0,320.0,227.0,227.0,0.0,227.0,227.0,0.0,0.0,0.0,0.0,0.004002539993962273,0.003998100000899285,pass,,9d124ad72c0fe2b841fbfc927ec45c35cb413a6a0e01baada17f1025709d315c,9626c07cf4ccf3251a3585a4b367551c7a78f57218970c0d71f73f221adea5d3,22e05ea2e1684256cfcefc889a4c658b5530de8a
inst_c4e35a1cfc403513d25de62f5a1ade08c0f44afc5635ef5ba336e817a5f95387,cubic_spin_glass,train,all_native,device_sparse_v1,5,0,5,0,5,,,,,,,,,,,,,,,,,expected_infeasible_width,expected_capacity_failure,9d124ad72c0fe2b841fbfc927ec45c35cb413a6a0e01baada17f1025709d315c,9626c07cf4ccf3251a3585a4b367551c7a78f57218970c0d71f73f221adea5d3,22e05ea2e1684256cfcefc889a4c658b5530de8a
inst_c4e35a1cfc403513d25de62f5a1ade08c0f44afc5635ef5ba336e817a5f95387,cubic_spin_glass,train,fully_quadratized,all_to_all_reference,5,5,0,0,5,530.0,530.0,0.0,530.0,530.0,96.0,96.0,0.0,96.0,96.0,0.0,0.0,0.0,0.0,0.005547100002877415,0.005321500007994473,pass,,9d124ad72c0fe2b841fbfc927ec45c35cb413a6a0e01baada17f1025709d315c,9626c07cf4ccf3251a3585a4b367551c7a78f57218970c0d71f73f221adea5d3,22e05ea2e1684256cfcefc889a4c658b5530de8a
inst_c4e35a1cfc403513d25de62f5a1ade08c0f44afc5635ef5ba336e817a5f95387,cubic_spin_glass,train,fully_quadratized,device_sparse_v1,5,0,5,0,5,,,,,,,,,,,,,,,,,expected_infeasible_width,expected_capacity_failure,9d124ad72c0fe2b841fbfc927ec45c35cb413a6a0e01baada17f1025709d315c,9626c07cf4ccf3251a3585a4b367551c7a78f57218970c0d71f73f221adea5d3,22e05ea2e1684256cfcefc889a4c658b5530de8a
inst_c4e35a1cfc403513d25de62f5a1ade08c0f44afc5635ef5ba336e817a5f95387,cubic_spin_glass,train,matched_random_selective,all_to_all_reference,25,25,0,5,5,363.2,362.0,2.449489742783178,362.23980002082897,364.160199979171,214.8,221.0,13.759844960366863,209.4061407755362,220.19385922446384,0.0,0.0,0.0,0.0,0.0046712799940723925,0.004383599996799603,pass,,9d124ad72c0fe2b841fbfc927ec45c35cb413a6a0e01baada17f1025709d315c,9626c07cf4ccf3251a3585a4b367551c7a78f57218970c0d71f73f221adea5d3,22e05ea2e1684256cfcefc889a4c658b5530de8a
inst_c4e35a1cfc403513d25de62f5a1ade08c0f44afc5635ef5ba336e817a5f95387,cubic_spin_glass,train,matched_random_selective,device_sparse_v1,25,0,25,5,5,,,,,,,,,,,,,,,,,expected_infeasible_width,expected_capacity_failure,9d124ad72c0fe2b841fbfc927ec45c35cb413a6a0e01baada17f1025709d315c,9626c07cf4ccf3251a3585a4b367551c7a78f57218970c0d71f73f221adea5d3,22e05ea2e1684256cfcefc889a4c658b5530de8a
inst_c4e35a1cfc403513d25de62f5a1ade08c0f44afc5635ef5ba336e817a5f95387,cubic_spin_glass,train,selective,all_to_all_reference,5,5,0,0,5,366.0,366.0,0.0,366.0,366.0,145.0,145.0,0.0,145.0,145.0,0.0,0.0,0.0,0.0,0.003406340000219643,0.0034078000171575695,pass,,9d124ad72c0fe2b841fbfc927ec45c35cb413a6a0e01baada17f1025709d315c,9626c07cf4ccf3251a3585a4b367551c7a78f57218970c0d71f73f221adea5d3,22e05ea2e1684256cfcefc889a4c658b5530de8a
inst_c4e35a1cfc403513d25de62f5a1ade08c0f44afc5635ef5ba336e817a5f95387,cubic_spin_glass,train,selective,device_sparse_v1,5,0,5,0,5,,,,,,,,,,,,,,,,,expected_infeasible_width,expected_capacity_failure,9d124ad72c0fe2b841fbfc927ec45c35cb413a6a0e01baada17f1025709d315c,9626c07cf4ccf3251a3585a4b367551c7a78f57218970c0d71f73f221adea5d3,22e05ea2e1684256cfcefc889a4c658b5530de8a
inst_c4f7f15fb4d34d0c48ee7c85dea7e846efc521f79aba3f47e9cb971bff038a3c,cubic_spin_glass,train,all_native,all_to_all_reference,5,5,0,0,5,256.0,256.0,0.0,256.0,256.0,220.0,220.0,0.0,220.0,220.0,0.0,0.0,0.0,0.0,0.003059360000770539,0.0030376000213436782,pass,,9d124ad72c0fe2b841fbfc927ec45c35cb413a6a0e01baada17f1025709d315c,9626c07cf4ccf3251a3585a4b367551c7a78f57218970c0d71f73f221adea5d3,22e05ea2e1684256cfcefc889a4c658b5530de8a
inst_c4f7f15fb4d34d0c48ee7c85dea7e846efc521f79aba3f47e9cb971bff038a3c,cubic_spin_glass,train,all_native,device_sparse_v1,5,0,5,0,5,,,,,,,,,,,,,,,,,expected_infeasible_width,expected_capacity_failure,9d124ad72c0fe2b841fbfc927ec45c35cb413a6a0e01baada17f1025709d315c,9626c07cf4ccf3251a3585a4b367551c7a78f57218970c0d71f73f221adea5d3,22e05ea2e1684256cfcefc889a4c658b5530de8a
inst_c4f7f15fb4d34d0c48ee7c85dea7e846efc521f79aba3f47e9cb971bff038a3c,cubic_spin_glass,train,fully_quadratized,all_to_all_reference,5,5,0,0,5,298.0,298.0,0.0,298.0,298.0,64.0,64.0,0.0,64.0,64.0,0.0,0.0,0.0,0.0,0.0028612200054340064,0.0028526000096462667,pass,,9d124ad72c0fe2b841fbfc927ec45c35cb413a6a0e01baada17f1025709d315c,9626c07cf4ccf3251a3585a4b367551c7a78f57218970c0d71f73f221adea5d3,22e05ea2e1684256cfcefc889a4c658b5530de8a
inst_c4f7f15fb4d34d0c48ee7c85dea7e846efc521f79aba3f47e9cb971bff038a3c,cubic_spin_glass,train,fully_quadratized,device_sparse_v1,5,0,5,0,5,,,,,,,,,,,,,,,,,expected_infeasible_width,expected_capacity_failure,9d124ad72c0fe2b841fbfc927ec45c35cb413a6a0e01baada17f1025709d315c,9626c07cf4ccf3251a3585a4b367551c7a78f57218970c0d71f73f221adea5d3,22e05ea2e1684256cfcefc889a4c658b5530de8a
inst_c4f7f15fb4d34d0c48ee7c85dea7e846efc521f79aba3f47e9cb971bff038a3c,cubic_spin_glass,train,matched_random_selective,all_to_all_reference,25,25,0,5,5,292.8,292.0,1.0,292.408,293.192,219.8,219.0,1.9790570145063195,219.02420965031354,220.57579034968649,0.0,0.0,0.0,0.0,0.0035793000017292796,0.0033928999910131097,pass,,9d124ad72c0fe2b841fbfc927ec45c35cb413a6a0e01baada17f1025709d315c,9626c07cf4ccf3251a3585a4b367551c7a78f57218970c0d71f73f221adea5d3,22e05ea2e1684256cfcefc889a4c658b5530de8a
inst_c4f7f15fb4d34d0c48ee7c85dea7e846efc521f79aba3f47e9cb971bff038a3c,cubic_spin_glass,train,matched_random_selective,device_sparse_v1,25,0,25,5,5,,,,,,,,,,,,,,,,,expected_infeasible_width,expected_capacity_failure,9d124ad72c0fe2b841fbfc927ec45c35cb413a6a0e01baada17f1025709d315c,9626c07cf4ccf3251a3585a4b367551c7a78f57218970c0d71f73f221adea5d3,22e05ea2e1684256cfcefc889a4c658b5530de8a
inst_c4f7f15fb4d34d0c48ee7c85dea7e846efc521f79aba3f47e9cb971bff038a3c,cubic_spin_glass,train,selective,all_to_all_reference,5,5,0,0,5,294.0,294.0,0.0,294.0,294.0,109.0,109.0,0.0,109.0,109.0,0.0,0.0,0.0,0.0,0.0032077000010758638,0.002990500011947006,pass,,9d124ad72c0fe2b841fbfc927ec45c35cb413a6a0e01baada17f1025709d315c,9626c07cf4ccf3251a3585a4b367551c7a78f57218970c0d71f73f221adea5d3,22e05ea2e1684256cfcefc889a4c658b5530de8a
inst_c4f7f15fb4d34d0c48ee7c85dea7e846efc521f79aba3f47e9cb971bff038a3c,cubic_spin_glass,train,selective,device_sparse_v1,5,0,5,0,5,,,,,,,,,,,,,,,,,expected_infeasible_width,expected_capacity_failure,9d124ad72c0fe2b841fbfc927ec45c35cb413a6a0e01baada17f1025709d315c,9626c07cf4ccf3251a3585a4b367551c7a78f57218970c0d71f73f221adea5d3,22e05ea2e1684256cfcefc889a4c658b5530de8a
inst_c509325172b5b725870efeab7b1ee663cf118c3d5f52498275e25d6bbec8fcc5,max3sat,test,all_native,all_to_all_reference,5,5,0,0,5,438.0,438.0,0.0,438.0,438.0,261.0,261.0,0.0,261.0,261.0,0.0,0.0,0.0,0.0,0.0038406800013035536,0.004112800001166761,pass,,9d124ad72c0fe2b841fbfc927ec45c35cb413a6a0e01baada17f1025709d315c,9626c07cf4ccf3251a3585a4b367551c7a78f57218970c0d71f73f221adea5d3,22e05ea2e1684256cfcefc889a4c658b5530de8a
inst_c509325172b5b725870efeab7b1ee663cf118c3d5f52498275e25d6bbec8fcc5,max3sat,test,all_native,device_sparse_v1,5,0,5,0,5,,,,,,,,,,,,,,,,,expected_infeasible_width,expected_capacity_failure,9d124ad72c0fe2b841fbfc927ec45c35cb413a6a0e01baada17f1025709d315c,9626c07cf4ccf3251a3585a4b367551c7a78f57218970c0d71f73f221adea5d3,22e05ea2e1684256cfcefc889a4c658b5530de8a
inst_c509325172b5b725870efeab7b1ee663cf118c3d5f52498275e25d6bbec8fcc5,max3sat,test,fully_quadratized,all_to_all_reference,5,5,0,0,5,376.0,376.0,0.0,376.0,376.0,74.0,74.0,0.0,74.0,74.0,0.0,0.0,0.0,0.0,0.004496520000975579,0.004647900001145899,pass,,9d124ad72c0fe2b841fbfc927ec45c35cb413a6a0e01baada17f1025709d315c,9626c07cf4ccf3251a3585a4b367551c7a78f57218970c0d71f73f221adea5d3,22e05ea2e1684256cfcefc889a4c658b5530de8a
inst_c509325172b5b725870efeab7b1ee663cf118c3d5f52498275e25d6bbec8fcc5,max3sat,test,fully_quadratized,device_sparse_v1,5,0,5,0,5,,,,,,,,,,,,,,,,,expected_infeasible_width,expected_capacity_failure,9d124ad72c0fe2b841fbfc927ec45c35cb413a6a0e01baada17f1025709d315c,9626c07cf4ccf3251a3585a4b367551c7a78f57218970c0d71f73f221adea5d3,22e05ea2e1684256cfcefc889a4c658b5530de8a
inst_c509325172b5b725870efeab7b1ee663cf118c3d5f52498275e25d6bbec8fcc5,max3sat,test,matched_random_selective,all_to_all_reference,25,25,0,5,5,453.2,454.0,6.531972647421808,450.6394667222106,455.76053327778936,175.6,177.0,7.868714422741918,172.51546394628517,178.68453605371482,0.0,0.0,0.0,0.0,0.0041668199957348405,0.003934099979232997,pass,,9d124ad72c0fe2b841fbfc927ec45c35cb413a6a0e01baada17f1025709d315c,9626c07cf4ccf3251a3585a4b367551c7a78f57218970c0d71f73f221adea5d3,22e05ea2e1684256cfcefc889a4c658b5530de8a
inst_c509325172b5b725870efeab7b1ee663cf118c3d5f52498275e25d6bbec8fcc5,max3sat,test,matched_random_selective,device_sparse_v1,25,0,25,5,5,,,,,,,,,,,,,,,,,expected_infeasible_width,expected_capacity_failure,9d124ad72c0fe2b841fbfc927ec45c35cb413a6a0e01baada17f1025709d315c,9626c07cf4ccf3251a3585a4b367551c7a78f57218970c0d71f73f221adea5d3,22e05ea2e1684256cfcefc889a4c658b5530de8a
inst_c509325172b5b725870efeab7b1ee663cf118c3d5f52498275e25d6bbec8fcc5,max3sat,test,selective,all_to_all_reference,5,5,0,0,5,396.0,396.0,0.0,396.0,396.0,101.0,101.0,0.0,101.0,101.0,0.0,0.0,0.0,0.0,0.004394919995684176,0.004360599996289238,pass,,9d124ad72c0fe2b841fbfc927ec45c35cb413a6a0e01baada17f1025709d315c,9626c07cf4ccf3251a3585a4b367551c7a78f57218970c0d71f73f221adea5d3,22e05ea2e1684256cfcefc889a4c658b5530de8a
inst_c509325172b5b725870efeab7b1ee663cf118c3d5f52498275e25d6bbec8fcc5,max3sat,test,selective,device_sparse_v1,5,0,5,0,5,,,,,,,,,,,,,,,,,expected_infeasible_width,expected_capacity_failure,9d124ad72c0fe2b841fbfc927ec45c35cb413a6a0e01baada17f1025709d315c,9626c07cf4ccf3251a3585a4b367551c7a78f57218970c0d71f73f221adea5d3,22e05ea2e1684256cfcefc889a4c658b5530de8a
inst_c5bac017b3e56ce9614f19eed76797e511f81cea2eccb992920a1a9b1902b35f,max3sat,train,all_native,all_to_all_reference,5,5,0,0,5,586.0,586.0,0.0,586.0,586.0,278.0,278.0,0.0,278.0,278.0,0.0,0.0,0.0,0.0,0.0070651399961207065,0.007046799990348518,pass,,9d124ad72c0fe2b841fbfc927ec45c35cb413a6a0e01baada17f1025709d315c,9626c07cf4ccf3251a3585a4b367551c7a78f57218970c0d71f73f221adea5d3,22e05ea2e1684256cfcefc889a4c658b5530de8a
inst_c5bac017b3e56ce9614f19eed76797e511f81cea2eccb992920a1a9b1902b35f,max3sat,train,all_native,device_sparse_v1,5,0,5,0,5,,,,,,,,,,,,,,,,,expected_infeasible_width,expected_capacity_failure,9d124ad72c0fe2b841fbfc927ec45c35cb413a6a0e01baada17f1025709d315c,9626c07cf4ccf3251a3585a4b367551c7a78f57218970c0d71f73f221adea5d3,22e05ea2e1684256cfcefc889a4c658b5530de8a
inst_c5bac017b3e56ce9614f19eed76797e511f81cea2eccb992920a1a9b1902b35f,max3sat,train,fully_quadratized,all_to_all_reference,5,5,0,0,5,476.0,476.0,0.0,476.0,476.0,90.0,90.0,0.0,90.0,90.0,0.0,0.0,0.0,0.0,0.004993660002946853,0.004962200007867068,pass,,9d124ad72c0fe2b841fbfc927ec45c35cb413a6a0e01baada17f1025709d315c,9626c07cf4ccf3251a3585a4b367551c7a78f57218970c0d71f73f221adea5d3,22e05ea2e1684256cfcefc889a4c658b5530de8a
inst_c5bac017b3e56ce9614f19eed76797e511f81cea2eccb992920a1a9b1902b35f,max3sat,train,fully_quadratized,device_sparse_v1,5,0,5,0,5,,,,,,,,,,,,,,,,,expected_infeasible_width,expected_capacity_failure,9d124ad72c0fe2b841fbfc927ec45c35cb413a6a0e01baada17f1025709d315c,9626c07cf4ccf3251a3585a4b367551c7a78f57218970c0d71f73f221adea5d3,22e05ea2e1684256cfcefc889a4c658b5530de8a
inst_c5bac017b3e56ce9614f19eed76797e511f81cea2eccb992920a1a9b1902b35f,max3sat,train,matched_random_selective,all_to_all_reference,25,25,0,5,5,597.2,594.0,5.5677643628300215,595.0174363697706,599.3825636302295,216.8,217.0,10.193952455582018,212.80397063741185,220.79602936258817,0.0,0.0,0.0,0.0,0.0044898119999561455,0.00414249999448657,pass,,9d124ad72c0fe2b841fbfc927ec45c35cb413a6a0e01baada17f1025709d315c,9626c07cf4ccf3251a3585a4b367551c7a78f57218970c0d71f73f221adea5d3,22e05ea2e1684256cfcefc889a4c658b5530de8a
inst_c5bac017b3e56ce9614f19eed76797e511f81cea2eccb992920a1a9b1902b35f,max3sat,train,matched_random_selective,device_sparse_v1,25,0,25,5,5,,,,,,,,,,,,,,,,,expected_infeasible_width,expected_capacity_failure,9d124ad72c0fe2b841fbfc927ec45c35cb413a6a0e01baada17f1025709d315c,9626c07cf4ccf3251a3585a4b367551c7a78f57218970c0d71f73f221adea5d3,22e05ea2e1684256cfcefc889a4c658b5530de8a
inst_c5bac017b3e56ce9614f19eed76797e511f81cea2eccb992920a1a9b1902b35f,max3sat,train,selective,all_to_all_reference,5,5,0,0,5,538.0,538.0,0.0,538.0,538.0,168.0,168.0,0.0,168.0,168.0,0.0,0.0,0.0,0.0,0.004075300000840798,0.003856900002574548,pass,,9d124ad72c0fe2b841fbfc927ec45c35cb413a6a0e01baada17f1025709d315c,9626c07cf4ccf3251a3585a4b367551c7a78f57218970c0d71f73f221adea5d3,22e05ea2e1684256cfcefc889a4c658b5530de8a
inst_c5bac017b3e56ce9614f19eed76797e511f81cea2eccb992920a1a9b1902b35f,max3sat,train,selective,device_sparse_v1,5,0,5,0,5,,,,,,,,,,,,,,,,,expected_infeasible_width,expected_capacity_failure,9d124ad72c0fe2b841fbfc927ec45c35cb413a6a0e01baada17f1025709d315c,9626c07cf4ccf3251a3585a4b367551c7a78f57218970c0d71f73f221adea5d3,22e05ea2e1684256cfcefc889a4c658b5530de8a
inst_c953f174f2a63e6344fc92986f80da94e87d4acd3ab259c8f9d9332832f86a3e,cubic_spin_glass,train,all_native,all_to_all_reference,5,5,0,0,5,256.0,256.0,0.0,256.0,256.0,204.0,204.0,0.0,204.0,204.0,0.0,0.0,0.0,0.0,0.0032233399979304522,0.003106100019067526,pass,,9d124ad72c0fe2b841fbfc927ec45c35cb413a6a0e01baada17f1025709d315c,9626c07cf4ccf3251a3585a4b367551c7a78f57218970c0d71f73f221adea5d3,22e05ea2e1684256cfcefc889a4c658b5530de8a
inst_c953f174f2a63e6344fc92986f80da94e87d4acd3ab259c8f9d9332832f86a3e,cubic_spin_glass,train,all_native,device_sparse_v1,5,0,5,0,5,,,,,,,,,,,,,,,,,expected_infeasible_width,expected_capacity_failure,9d124ad72c0fe2b841fbfc927ec45c35cb413a6a0e01baada17f1025709d315c,9626c07cf4ccf3251a3585a4b367551c7a78f57218970c0d71f73f221adea5d3,22e05ea2e1684256cfcefc889a4c658b5530de8a
inst_c953f174f2a63e6344fc92986f80da94e87d4acd3ab259c8f9d9332832f86a3e,cubic_spin_glass,train,fully_quadratized,all_to_all_reference,5,5,0,0,5,310.0,310.0,0.0,310.0,310.0,68.0,68.0,0.0,68.0,68.0,0.0,0.0,0.0,0.0,0.00317835999885574,0.00304619999951683,pass,,9d124ad72c0fe2b841fbfc927ec45c35cb413a6a0e01baada17f1025709d315c,9626c07cf4ccf3251a3585a4b367551c7a78f57218970c0d71f73f221adea5d3,22e05ea2e1684256cfcefc889a4c658b5530de8a
inst_c953f174f2a63e6344fc92986f80da94e87d4acd3ab259c8f9d9332832f86a3e,cubic_spin_glass,train,fully_quadratized,device_sparse_v1,5,0,5,0,5,,,,,,,,,,,,,,,,,expected_infeasible_width,expected_capacity_failure,9d124ad72c0fe2b841fbfc927ec45c35cb413a6a0e01baada17f1025709d315c,9626c07cf4ccf3251a3585a4b367551c7a78f57218970c0d71f73f221adea5d3,22e05ea2e1684256cfcefc889a4c658b5530de8a
inst_c953f174f2a63e6344fc92986f80da94e87d4acd3ab259c8f9d9332832f86a3e,cubic_spin_glass,train,matched_random_selective,all_to_all_reference,25,25,0,5,5,298.8,296.0,5.0990195135927845,296.80118435067163,300.7988156493284,198.2,201.0,6.171169527191206,195.78090154534104,200.61909845465894,0.0,0.0,0.0,0.0,0.0040145840018522,0.003805400017881766,pass,,9d124ad72c0fe2b841fbfc927ec45c35cb413a6a0e01baada17f1025709d315c,9626c07cf4ccf3251a3585a4b367551c7a78f57218970c0d71f73f221adea5d3,22e05ea2e1684256cfcefc889a4c658b5530de8a
inst_c953f174f2a63e6344fc92986f80da94e87d4acd3ab259c8f9d9332832f86a3e,cubic_spin_glass,train,matched_random_selective,device_sparse_v1,25,0,25,5,5,,,,,,,,,,,,,,,,,expected_infeasible_width,expected_capacity_failure,9d124ad72c0fe2b841fbfc927ec45c35cb413a6a0e01baada17f1025709d315c,9626c07cf4ccf3251a3585a4b367551c7a78f57218970c0d71f73f221adea5d3,22e05ea2e1684256cfcefc889a4c658b5530de8a
inst_c953f174f2a63e6344fc92986f80da94e87d4acd3ab259c8f9d9332832f86a3e,cubic_spin_glass,train,selective,all_to_all_reference,5,5,0,0,5,296.0,296.0,0.0,296.0,296.0,111.0,111.0,0.0,111.0,111.0,0.0,0.0,0.0,0.0,0.003587440005503595,0.003544399980455637,pass,,9d124ad72c0fe2b841fbfc927ec45c35cb413a6a0e01baada17f1025709d315c,9626c07cf4ccf3251a3585a4b367551c7a78f57218970c0d71f73f221adea5d3,22e05ea2e1684256cfcefc889a4c658b5530de8a
inst_c953f174f2a63e6344fc92986f80da94e87d4acd3ab259c8f9d9332832f86a3e,cubic_spin_glass,train,selective,device_sparse_v1,5,0,5,0,5,,,,,,,,,,,,,,,,,expected_infeasible_width,expected_capacity_failure,9d124ad72c0fe2b841fbfc927ec45c35cb413a6a0e01baada17f1025709d315c,9626c07cf4ccf3251a3585a4b367551c7a78f57218970c0d71f73f221adea5d3,22e05ea2e1684256cfcefc889a4c658b5530de8a
inst_ccb599d971d1da8d223cf442b00bd17f867272a51c5c1f8e79983c9f8942e2eb,max3sat,train,all_native,all_to_all_reference,5,5,0,0,5,84.0,84.0,0.0,84.0,84.0,62.0,62.0,0.0,62.0,62.0,0.0,0.0,0.0,0.0,0.000918600003933534,0.0008207000209949911,pass,,9d124ad72c0fe2b841fbfc927ec45c35cb413a6a0e01baada17f1025709d315c,9626c07cf4ccf3251a3585a4b367551c7a78f57218970c0d71f73f221adea5d3,22e05ea2e1684256cfcefc889a4c658b5530de8a
inst_ccb599d971d1da8d223cf442b00bd17f867272a51c5c1f8e79983c9f8942e2eb,max3sat,train,all_native,device_sparse_v1,5,5,0,0,5,123.2,119.0,7.19027120489902,116.8974494052011,129.50255059479892,95.2,93.0,5.263078946776307,90.5867078999916,99.81329210000841,16.4,16.0,39.2,35.0,0.00762431999319233,0.007651899999473244,pass,,9d124ad72c0fe2b841fbfc927ec45c35cb413a6a0e01baada17f1025709d315c,9626c07cf4ccf3251a3585a4b367551c7a78f57218970c0d71f73f221adea5d3,22e05ea2e1684256cfcefc889a4c658b5530de8a
inst_ccb599d971d1da8d223cf442b00bd17f867272a51c5c1f8e79983c9f8942e2eb,max3sat,train,fully_quadratized,all_to_all_reference,5,5,0,0,5,60.0,60.0,0.0,60.0,60.0,26.0,26.0,0.0,26.0,26.0,0.0,0.0,0.0,0.0,0.000993260001996532,0.0009862000006251037,pass,,9d124ad72c0fe2b841fbfc927ec45c35cb413a6a0e01baada17f1025709d315c,9626c07cf4ccf3251a3585a4b367551c7a78f57218970c0d71f73f221adea5d3,22e05ea2e1684256cfcefc889a4c658b5530de8a
inst_ccb599d971d1da8d223cf442b00bd17f867272a51c5c1f8e79983c9f8942e2eb,max3sat,train,fully_quadratized,device_sparse_v1,5,5,0,0,5,96.4,96.0,2.1908902300206643,94.47960004165799,98.32039995834202,60.0,59.0,8.426149773176359,52.614154076884624,67.38584592311537,12.8,12.0,36.4,36.0,0.0072668000007979575,0.007307799998670816,pass,,9d124ad72c0fe2b841fbfc927ec45c35cb413a6a0e01baada17f1025709d315c,9626c07cf4ccf3251a3585a4b367551c7a78f57218970c0d71f73f221adea5d3,22e05ea2e1684256cfcefc889a4c658b5530de8a
inst_ccb599d971d1da8d223cf442b00bd17f867272a51c5c1f8e79983c9f8942e2eb,max3sat,train,matched_random_selective,all_to_all_reference,25,25,0,5,5,84.4,86.0,3.265986323710904,83.11973336110533,85.68026663889468,53.4,54.0,5.385164807134504,51.28901539560327,55.510984604396725,0.0,0.0,0.0,0.0,0.0010330200043972581,0.001077399996574968,pass,,9d124ad72c0fe2b841fbfc927ec45c35cb413a6a0e01baada17f1025709d315c,9626c07cf4ccf3251a3585a4b367551c7a78f57218970c0d71f73f221adea5d3,22e05ea2e1684256cfcefc889a4c658b5530de8a
inst_ccb599d971d1da8d223cf442b00bd17f867272a51c5c1f8e79983c9f8942e2eb,max3sat,train,matched_random_selective,device_sparse_v1,25,25,0,5,5,136.48,136.0,7.269342015157447,133.63041793005826,139.32958206994172,92.24,94.0,7.58990557692694,89.26475701384463,95.21524298615536,19.6,20.0,52.08,53.0,0.007902052003191783,0.007889700005762279,pass,,9d124ad72c0fe2b841fbfc927ec45c35cb413a6a0e01baada17f1025709d315c,9626c07cf4ccf3251a3585a4b367551c7a78f57218970c0d71f73f221adea5d3,22e05ea2e1684256cfcefc889a4c658b5530de8a
inst_ccb599d971d1da8d223cf442b00bd17f867272a51c5c1f8e79983c9f8942e2eb,max3sat,train,selective,all_to_all_reference,5,5,0,0,5,70.0,70.0,0.0,70.0,70.0,36.0,36.0,0.0,36.0,36.0,0.0,0.0,0.0,0.0,0.0009733800019603222,0.0010207000013906509,pass,,9d124ad72c0fe2b841fbfc927ec45c35cb413a6a0e01baada17f1025709d315c,9626c07cf4ccf3251a3585a4b367551c7a78f57218970c0d71f73f221adea5d3,22e05ea2e1684256cfcefc889a4c658b5530de8a
inst_ccb599d971d1da8d223cf442b00bd17f867272a51c5c1f8e79983c9f8942e2eb,max3sat,train,selective,device_sparse_v1,5,5,0,0,5,114.0,111.0,6.284902544988268,108.49104002555836,119.50895997444164,72.8,71.0,2.9495762407505253,70.2145824321785,75.38541756782149,15.6,15.0,44.0,41.0,0.007486559986136854,0.006967799999983981,pass,,9d124ad72c0fe2b841fbfc927ec45c35cb413a6a0e01baada17f1025709d315c,9626c07cf4ccf3251a3585a4b367551c7a78f57218970c0d71f73f221adea5d3,22e05ea2e1684256cfcefc889a4c658b5530de8a
inst_cd62fc2eb91018e6a9da61c7b64c837ad5b988a267bd06e44091a7bb226c6327,cubic_spin_glass,train,all_native,all_to_all_reference,5,5,0,0,5,48.0,48.0,0.0,48.0,48.0,39.0,39.0,0.0,39.0,39.0,0.0,0.0,0.0,0.0,0.0011905800085514784,0.0011598000128287822,pass,,9d124ad72c0fe2b841fbfc927ec45c35cb413a6a0e01baada17f1025709d315c,9626c07cf4ccf3251a3585a4b367551c7a78f57218970c0d71f73f221adea5d3,22e05ea2e1684256cfcefc889a4c658b5530de8a
inst_cd62fc2eb91018e6a9da61c7b64c837ad5b988a267bd06e44091a7bb226c6327,cubic_spin_glass,train,all_native,device_sparse_v1,5,5,0,0,5,56.0,55.0,2.23606797749979,54.04,57.96,45.4,46.0,3.9115214431215892,41.97140028583096,48.82859971416904,7.2,7.0,8.0,7.0,0.007635920000029728,0.007286300009582192,pass,,9d124ad72c0fe2b841fbfc927ec45c35cb413a6a0e01baada17f1025709d315c,9626c07cf4ccf3251a3585a4b367551c7a78f57218970c0d71f73f221adea5d3,22e05ea2e1684256cfcefc889a4c658b5530de8a
inst_cd62fc2eb91018e6a9da61c7b64c837ad5b988a267bd06e44091a7bb226c6327,cubic_spin_glass,train,fully_quadratized,all_to_all_reference,5,5,0,0,5,80.0,80.0,0.0,80.0,80.0,38.0,38.0,0.0,38.0,38.0,0.0,0.0,0.0,0.0,0.0009213400073349476,0.0008725000079721212,pass,,9d124ad72c0fe2b841fbfc927ec45c35cb413a6a0e01baada17f1025709d315c,9626c07cf4ccf3251a3585a4b367551c7a78f57218970c0d71f73f221adea5d3,22e05ea2e1684256cfcefc889a4c658b5530de8a
inst_cd62fc2eb91018e6a9da61c7b64c837ad5b988a267bd06e44091a7bb226c6327,cubic_spin_glass,train,fully_quadratized,device_sparse_v1,5,0,5,0,5,,,,,,,,,,,,,,,,,expected_infeasible_width,expected_capacity_failure,9d124ad72c0fe2b841fbfc927ec45c35cb413a6a0e01baada17f1025709d315c,9626c07cf4ccf3251a3585a4b367551c7a78f57218970c0d71f73f221adea5d3,22e05ea2e1684256cfcefc889a4c658b5530de8a
inst_cd62fc2eb91018e6a9da61c7b64c837ad5b988a267bd06e44091a7bb226c6327,cubic_spin_glass,train,matched_random_selective,all_to_all_reference,25,25,0,5,5,48.0,48.0,0.0,48.0,48.0,39.0,39.0,0.0,39.0,39.0,0.0,0.0,0.0,0.0,0.0010014120035339146,0.0009086999925784767,pass,,9d124ad72c0fe2b841fbfc927ec45c35cb413a6a0e01baada17f1025709d315c,9626c07cf4ccf3251a3585a4b367551c7a78f57218970c0d71f73f221adea5d3,22e05ea2e1684256cfcefc889a4c658b5530de8a
inst_cd62fc2eb91018e6a9da61c7b64c837ad5b988a267bd06e44091a7bb226c6327,cubic_spin_glass,train,matched_random_selective,device_sparse_v1,25,25,0,5,5,56.0,55.0,2.041241452319315,55.19983335069083,56.80016664930917,45.4,46.0,3.570714214271425,44.0002800280056,46.7997199719944,7.2,7.0,8.0,7.0,0.006220820001326502,0.006135699979495257,pass,,9d124ad72c0fe2b841fbfc927ec45c35cb413a6a0e01baada17f1025709d315c,9626c07cf4ccf3251a3585a4b367551c7a78f57218970c0d71f73f221adea5d3,22e05ea2e1684256cfcefc889a4c658b5530de8a
inst_cd62fc2eb91018e6a9da61c7b64c837ad5b988a267bd06e44091a7bb226c6327,cubic_spin_glass,train,selective,all_to_all_reference,5,5,0,0,5,48.0,48.0,0.0,48.0,48.0,39.0,39.0,0.0,39.0,39.0,0.0,0.0,0.0,0.0,0.0010803200013469905,0.0011334000155329704,pass,,9d124ad72c0fe2b841fbfc927ec45c35cb413a6a0e01baada17f1025709d315c,9626c07cf4ccf3251a3585a4b367551c7a78f57218970c0d71f73f221adea5d3,22e05ea2e1684256cfcefc889a4c658b5530de8a
inst_cd62fc2eb91018e6a9da61c7b64c837ad5b988a267bd06e44091a7bb226c6327,cubic_spin_glass,train,selective,device_sparse_v1,5,5,0,0,5,56.0,55.0,2.23606797749979,54.04,57.96,45.4,46.0,3.9115214431215892,41.97140028583096,48.82859971416904,7.2,7.0,8.0,7.0,0.0064788000076077875,0.00667170001543127,pass,,9d124ad72c0fe2b841fbfc927ec45c35cb413a6a0e01baada17f1025709d315c,9626c07cf4ccf3251a3585a4b367551c7a78f57218970c0d71f73f221adea5d3,22e05ea2e1684256cfcefc889a4c658b5530de8a
inst_ce1381fba0e0749fbb1c4e403906dd932f3e490f5396e27cb97b99d9196bf5d8,max3sat,train,all_native,all_to_all_reference,5,5,0,0,5,204.0,204.0,0.0,204.0,204.0,137.0,137.0,0.0,137.0,137.0,0.0,0.0,0.0,0.0,0.0016870199935510755,0.0016332999803125858,pass,,9d124ad72c0fe2b841fbfc927ec45c35cb413a6a0e01baada17f1025709d315c,9626c07cf4ccf3251a3585a4b367551c7a78f57218970c0d71f73f221adea5d3,22e05ea2e1684256cfcefc889a4c658b5530de8a
inst_ce1381fba0e0749fbb1c4e403906dd932f3e490f5396e27cb97b99d9196bf5d8,max3sat,train,all_native,device_sparse_v1,5,0,5,0,5,,,,,,,,,,,,,,,,,expected_infeasible_width,expected_capacity_failure,9d124ad72c0fe2b841fbfc927ec45c35cb413a6a0e01baada17f1025709d315c,9626c07cf4ccf3251a3585a4b367551c7a78f57218970c0d71f73f221adea5d3,22e05ea2e1684256cfcefc889a4c658b5530de8a
inst_ce1381fba0e0749fbb1c4e403906dd932f3e490f5396e27cb97b99d9196bf5d8,max3sat,train,fully_quadratized,all_to_all_reference,5,5,0,0,5,142.0,142.0,0.0,142.0,142.0,58.0,58.0,0.0,58.0,58.0,0.0,0.0,0.0,0.0,0.0014173199946526439,0.001417299994500354,pass,,9d124ad72c0fe2b841fbfc927ec45c35cb413a6a0e01baada17f1025709d315c,9626c07cf4ccf3251a3585a4b367551c7a78f57218970c0d71f73f221adea5d3,22e05ea2e1684256cfcefc889a4c658b5530de8a
inst_ce1381fba0e0749fbb1c4e403906dd932f3e490f5396e27cb97b99d9196bf5d8,max3sat,train,fully_quadratized,device_sparse_v1,5,0,5,0,5,,,,,,,,,,,,,,,,,expected_infeasible_width,expected_capacity_failure,9d124ad72c0fe2b841fbfc927ec45c35cb413a6a0e01baada17f1025709d315c,9626c07cf4ccf3251a3585a4b367551c7a78f57218970c0d71f73f221adea5d3,22e05ea2e1684256cfcefc889a4c658b5530de8a
inst_ce1381fba0e0749fbb1c4e403906dd932f3e490f5396e27cb97b99d9196bf5d8,max3sat,train,matched_random_selective,all_to_all_reference,25,25,0,5,5,204.4,208.0,7.461009761866464,201.47528417334834,207.32471582665167,128.0,129.0,8.708233651742088,124.58637240851711,131.4136275914829,0.0,0.0,0.0,0.0,0.0015275399992242455,0.0013380000018514693,pass,,9d124ad72c0fe2b841fbfc927ec45c35cb413a6a0e01baada17f1025709d315c,9626c07cf4ccf3251a3585a4b367551c7a78f57218970c0d71f73f221adea5d3,22e05ea2e1684256cfcefc889a4c658b5530de8a
inst_ce1381fba0e0749fbb1c4e403906dd932f3e490f5396e27cb97b99d9196bf5d8,max3sat,train,matched_random_selective,device_sparse_v1,25,0,25,5,5,,,,,,,,,,,,,,,,,expected_infeasible_width,expected_capacity_failure,9d124ad72c0fe2b841fbfc927ec45c35cb413a6a0e01baada17f1025709d315c,9626c07cf4ccf3251a3585a4b367551c7a78f57218970c0d71f73f221adea5d3,22e05ea2e1684256cfcefc889a4c658b5530de8a
inst_ce1381fba0e0749fbb1c4e403906dd932f3e490f5396e27cb97b99d9196bf5d8,max3sat,train,selective,all_to_all_reference,5,5,0,0,5,148.0,148.0,0.0,148.0,148.0,63.0,63.0,0.0,63.0,63.0,0.0,0.0,0.0,0.0,0.0015214200015179814,0.0014739999896846712,pass,,9d124ad72c0fe2b841fbfc927ec45c35cb413a6a0e01baada17f1025709d315c,9626c07cf4ccf3251a3585a4b367551c7a78f57218970c0d71f73f221adea5d3,22e05ea2e1684256cfcefc889a4c658b5530de8a
inst_ce1381fba0e0749fbb1c4e403906dd932f3e490f5396e27cb97b99d9196bf5d8,max3sat,train,selective,device_sparse_v1,5,0,5,0,5,,,,,,,,,,,,,,,,,expected_infeasible_width,expected_capacity_failure,9d124ad72c0fe2b841fbfc927ec45c35cb413a6a0e01baada17f1025709d315c,9626c07cf4ccf3251a3585a4b367551c7a78f57218970c0d71f73f221adea5d3,22e05ea2e1684256cfcefc889a4c658b5530de8a
inst_d00ca93e6523bcec641670bd2f915a9e935326dd3a40ad48fc79f3a9c5c91ded,cubic_spin_glass,train,all_native,all_to_all_reference,5,5,0,0,5,96.0,96.0,0.0,96.0,96.0,76.0,76.0,0.0,76.0,76.0,0.0,0.0,0.0,0.0,0.0019372400012798608,0.0020914000051561743,pass,,9d124ad72c0fe2b841fbfc927ec45c35cb413a6a0e01baada17f1025709d315c,9626c07cf4ccf3251a3585a4b367551c7a78f57218970c0d71f73f221adea5d3,22e05ea2e1684256cfcefc889a4c658b5530de8a
inst_d00ca93e6523bcec641670bd2f915a9e935326dd3a40ad48fc79f3a9c5c91ded,cubic_spin_glass,train,all_native,device_sparse_v1,5,5,0,0,5,175.2,177.0,6.496152707564686,169.50587109383707,180.8941289061629,127.0,128.0,6.4031242374328485,121.38741414319567,132.61258585680434,29.6,31.0,79.2,81.0,0.009848740010056645,0.010407800000393763,pass,,9d124ad72c0fe2b841fbfc927ec45c35cb413a6a0e01baada17f1025709d315c,9626c07cf4ccf3251a3585a4b367551c7a78f57218970c0d71f73f221adea5d3,22e05ea2e1684256cfcefc889a4c658b5530de8a
inst_d00ca93e6523bcec641670bd2f915a9e935326dd3a40ad48fc79f3a9c5c91ded,cubic_spin_glass,train,fully_quadratized,all_to_all_reference,5,5,0,0,5,182.0,182.0,0.0,182.0,182.0,58.0,58.0,0.0,58.0,58.0,0.0,0.0,0.0,0.0,0.0020890200044959783,0.002036299993051216,pass,,9d124ad72c0fe2b841fbfc927ec45c35cb413a6a0e01baada17f1025709d315c,9626c07cf4ccf3251a3585a4b367551c7a78f57218970c0d71f73f221adea5d3,22e05ea2e1684256cfcefc889a4c658b5530de8a
inst_d00ca93e6523bcec641670bd2f915a9e935326dd3a40ad48fc79f3a9c5c91ded,cubic_spin_glass,train,fully_quadratized,device_sparse_v1,5,0,5,0,5,,,,,,,,,,,,,,,,,expected_infeasible_width,expected_capacity_failure,9d124ad72c0fe2b841fbfc927ec45c35cb413a6a0e01baada17f1025709d315c,9626c07cf4ccf3251a3585a4b367551c7a78f57218970c0d71f73f221adea5d3,22e05ea2e1684256cfcefc889a4c658b5530de8a
inst_d00ca93e6523bcec641670bd2f915a9e935326dd3a40ad48fc79f3a9c5c91ded,cubic_spin_glass,train,matched_random_selective,all_to_all_reference,25,25,0,5,5,112.4,112.0,0.816496580927726,112.07993334027634,112.72006665972367,80.4,79.0,2.857738033247041,79.27976669096716,81.52023330903285,0.0,0.0,0.0,0.0,0.0016772840009070932,0.0015355999930761755,pass,,9d124ad72c0fe2b841fbfc927ec45c35cb413a6a0e01baada17f1025709d315c,9626c07cf4ccf3251a3585a4b367551c7a78f57218970c0d71f73f221adea5d3,22e05ea2e1684256cfcefc889a4c658b5530de8a
inst_d00ca93e6523bcec641670bd2f915a9e935326dd3a40ad48fc79f3a9c5c91ded,cubic_spin_glass,train,matched_random_selective,device_sparse_v1,25,0,25,5,5,,,,,,,,,,,,,,,,,expected_infeasible_width,expected_capacity_failure,9d124ad72c0fe2b841fbfc927ec45c35cb413a6a0e01baada17f1025709d315c,9626c07cf4ccf3251a3585a4b367551c7a78f57218970c0d71f73f221adea5d3,22e05ea2e1684256cfcefc889a4c658b5530de8a
inst_d00ca93e6523bcec641670bd2f915a9e935326dd3a40ad48fc79f3a9c5c91ded,cubic_spin_glass,train,selective,all_to_all_reference,5,5,0,0,5,116.0,116.0,0.0,116.0,116.0,53.0,53.0,0.0,53.0,53.0,0.0,0.0,0.0,0.0,0.0015539000043645502,0.0015422999858856201,pass,,9d124ad72c0fe2b841fbfc927ec45c35cb413a6a0e01baada17f1025709d315c,9626c07cf4ccf3251a3585a4b367551c7a78f57218970c0d71f73f221adea5d3,22e05ea2e1684256cfcefc889a4c658b5530de8a
inst_d00ca93e6523bcec641670bd2f915a9e935326dd3a40ad48fc79f3a9c5c91ded,cubic_spin_glass,train,selective,device_sparse_v1,5,0,5,0,5,,,,,,,,,,,,,,,,,expected_infeasible_width,expected_capacity_failure,9d124ad72c0fe2b841fbfc927ec45c35cb413a6a0e01baada17f1025709d315c,9626c07cf4ccf3251a3585a4b367551c7a78f57218970c0d71f73f221adea5d3,22e05ea2e1684256cfcefc889a4c658b5530de8a
inst_d11e45c41a0ff1ded85963a8b0d3c48fb95e655fe90cb4d8e70151bb71db3e2a,max3sat,train,all_native,all_to_all_reference,5,5,0,0,5,130.0,130.0,0.0,130.0,130.0,106.0,106.0,0.0,106.0,106.0,0.0,0.0,0.0,0.0,0.001507799996761605,0.001363499992294237,pass,,9d124ad72c0fe2b841fbfc927ec45c35cb413a6a0e01baada17f1025709d315c,9626c07cf4ccf3251a3585a4b367551c7a78f57218970c0d71f73f221adea5d3,22e05ea2e1684256cfcefc889a4c658b5530de8a
inst_d11e45c41a0ff1ded85963a8b0d3c48fb95e655fe90cb4d8e70151bb71db3e2a,max3sat,train,all_native,device_sparse_v1,5,5,0,0,5,243.8,244.0,5.890670590009257,238.63659957005078,248.96340042994925,170.2,167.0,8.526429498916883,162.72625502174444,177.67374497825554,42.2,42.0,113.8,114.0,0.010368560015922412,0.01028820002102293,pass,,9d124ad72c0fe2b841fbfc927ec45c35cb413a6a0e01baada17f1025709d315c,9626c07cf4ccf3251a3585a4b367551c7a78f57218970c0d71f73f221adea5d3,22e05ea2e1684256cfcefc889a4c658b5530de8a
inst_d11e45c41a0ff1ded85963a8b0d3c48fb95e655fe90cb4d8e70151bb71db3e2a,max3sat,train,fully_quadratized,all_to_all_reference,5,5,0,0,5,104.0,104.0,0.0,104.0,104.0,48.0,48.0,0.0,48.0,48.0,0.0,0.0,0.0,0.0,0.0011481400113552808,0.001160900021204725,pass,,9d124ad72c0fe2b841fbfc927ec45c35cb413a6a0e01baada17f1025709d315c,9626c07cf4ccf3251a3585a4b367551c7a78f57218970c0d71f73f221adea5d3,22e05ea2e1684256cfcefc889a4c658b5530de8a
inst_d11e45c41a0ff1ded85963a8b0d3c48fb95e655fe90cb4d8e70151bb71db3e2a,max3sat,train,fully_quadratized,device_sparse_v1,5,0,5,0,5,,,,,,,,,,,,,,,,,expected_infeasible_width,expected_capacity_failure,9d124ad72c0fe2b841fbfc927ec45c35cb413a6a0e01baada17f1025709d315c,9626c07cf4ccf3251a3585a4b367551c7a78f57218970c0d71f73f221adea5d3,22e05ea2e1684256cfcefc889a4c658b5530de8a
inst_d11e45c41a0ff1ded85963a8b0d3c48fb95e655fe90cb4d8e70151bb71db3e2a,max3sat,train,matched_random_selective,all_to_all_reference,25,25,0,5,5,134.0,134.0,2.23606797749979,133.12346135282007,134.87653864717993,98.0,96.0,3.6514837167011076,96.56861838305316,99.43138161694684,0.0,0.0,0.0,0.0,0.0014470919978339224,0.0014922999835107476,pass,,9d124ad72c0fe2b841fbfc927ec45c35cb413a6a0e01baada17f1025709d315c,9626c07cf4ccf3251a3585a4b367551c7a78f57218970c0d71f73f221adea5d3,22e05ea2e1684256cfcefc889a4c658b5530de8a
inst_d11e45c41a0ff1ded85963a8b0d3c48fb95e655fe90cb4d8e70151bb71db3e2a,max3sat,train,matched_random_selective,device_sparse_v1,25,0,25,5,5,,,,,,,,,,,,,,,,,expected_infeasible_width,expected_capacity_failure,9d124ad72c0fe2b841fbfc927ec45c35cb413a6a0e01baada17f1025709d315c,9626c07cf4ccf3251a3585a4b367551c7a78f57218970c0d71f73f221adea5d3,22e05ea2e1684256cfcefc889a4c658b5530de8a
inst_d11e45c41a0ff1ded85963a8b0d3c48fb95e655fe90cb4d8e70151bb71db3e2a,max3sat,train,selective,all_to_all_reference,5,5,0,0,5,110.0,110.0,0.0,110.0,110.0,56.0,56.0,0.0,56.0,56.0,0.0,0.0,0.0,0.0,0.0013621399994008243,0.0014359999913722277,pass,,9d124ad72c0fe2b841fbfc927ec45c35cb413a6a0e01baada17f1025709d315c,9626c07cf4ccf3251a3585a4b367551c7a78f57218970c0d71f73f221adea5d3,22e05ea2e1684256cfcefc889a4c658b5530de8a
inst_d11e45c41a0ff1ded85963a8b0d3c48fb95e655fe90cb4d8e70151bb71db3e2a,max3sat,train,selective,device_sparse_v1,5,0,5,0,5,,,,,,,,,,,,,,,,,expected_infeasible_width,expected_capacity_failure,9d124ad72c0fe2b841fbfc927ec45c35cb413a6a0e01baada17f1025709d315c,9626c07cf4ccf3251a3585a4b367551c7a78f57218970c0d71f73f221adea5d3,22e05ea2e1684256cfcefc889a4c658b5530de8a
inst_d14cd6885001ea20ec547911c34c72177f32f5b9a45bc6fab58ee35ad20fc8dc,max3sat,test,all_native,all_to_all_reference,5,5,0,0,5,94.0,94.0,0.0,94.0,94.0,63.0,63.0,0.0,63.0,63.0,0.0,0.0,0.0,0.0,0.0010715399985201657,0.0010668000031728297,pass,,9d124ad72c0fe2b841fbfc927ec45c35cb413a6a0e01baada17f1025709d315c,9626c07cf4ccf3251a3585a4b367551c7a78f57218970c0d71f73f221adea5d3,22e05ea2e1684256cfcefc889a4c658b5530de8a
inst_d14cd6885001ea20ec547911c34c72177f32f5b9a45bc6fab58ee35ad20fc8dc,max3sat,test,all_native,device_sparse_v1,5,5,0,0,5,163.4,164.0,3.847076812334269,160.0278884953193,166.7721115046807,117.6,118.0,2.1908902300206643,115.67960004165798,119.52039995834201,26.2,26.0,69.4,70.0,0.009248199994908645,0.008958199992775917,pass,,9d124ad72c0fe2b841fbfc927ec45c35cb413a6a0e01baada17f1025709d315c,9626c07cf4ccf3251a3585a4b367551c7a78f57218970c0d71f73f221adea5d3,22e05ea2e1684256cfcefc889a4c658b5530de8a
inst_d14cd6885001ea20ec547911c34c72177f32f5b9a45bc6fab58ee35ad20fc8dc,max3sat,test,fully_quadratized,all_to_all_reference,5,5,0,0,5,64.0,64.0,0.0,64.0,64.0,30.0,30.0,0.0,30.0,30.0,0.0,0.0,0.0,0.0,0.0009442000009585172,0.0009790000040084124,pass,,9d124ad72c0fe2b841fbfc927ec45c35cb413a6a0e01baada17f1025709d315c,9626c07cf4ccf3251a3585a4b367551c7a78f57218970c0d71f73f221adea5d3,22e05ea2e1684256cfcefc889a4c658b5530de8a
inst_d14cd6885001ea20ec547911c34c72177f32f5b9a45bc6fab58ee35ad20fc8dc,max3sat,test,fully_quadratized,device_sparse_v1,5,0,5,0,5,,,,,,,,,,,,,,,,,expected_infeasible_width,expected_capacity_failure,9d124ad72c0fe2b841fbfc927ec45c35cb413a6a0e01baada17f1025709d315c,9626c07cf4ccf3251a3585a4b367551c7a78f57218970c0d71f73f221adea5d3,22e05ea2e1684256cfcefc889a4c658b5530de8a
inst_d14cd6885001ea20ec547911c34c72177f32f5b9a45bc6fab58ee35ad20fc8dc,max3sat,test,matched_random_selective,all_to_all_reference,25,25,0,5,5,94.4,94.0,5.228129047119374,92.3505734135292,96.4494265864708,54.4,57.0,6.177917664283546,51.97825627560085,56.82174372439915,0.0,0.0,0.0,0.0,0.000843952001305297,0.000826300005428493,pass,,9d124ad72c0fe2b841fbfc927ec45c35cb413a6a0e01baada17f1025709d315c,9626c07cf4ccf3251a3585a4b367551c7a78f57218970c0d71f73f221adea5d3,22e05ea2e1684256cfcefc889a4c658b5530de8a
inst_d14cd6885001ea20ec547911c34c72177f32f5b9a45bc6fab58ee35ad20fc8dc,max3sat,test,matched_random_selective,device_sparse_v1,25,0,25,5,5,,,,,,,,,,,,,,,,,expected_infeasible_width,expected_capacity_failure,9d124ad72c0fe2b841fbfc927ec45c35cb413a6a0e01baada17f1025709d315c,9626c07cf4ccf3251a3585a4b367551c7a78f57218970c0d71f73f221adea5d3,22e05ea2e1684256cfcefc889a4c658b5530de8a
inst_d14cd6885001ea20ec547911c34c72177f32f5b9a45bc6fab58ee35ad20fc8dc,max3sat,test,selective,all_to_all_reference,5,5,0,0,5,72.0,72.0,0.0,72.0,72.0,30.0,30.0,0.0,30.0,30.0,0.0,0.0,0.0,0.0,0.000795459997607395,0.0007983999967109412,pass,,9d124ad72c0fe2b841fbfc927ec45c35cb413a6a0e01baada17f1025709d315c,9626c07cf4ccf3251a3585a4b367551c7a78f57218970c0d71f73f221adea5d3,22e05ea2e1684256cfcefc889a4c658b5530de8a
inst_d14cd6885001ea20ec547911c34c72177f32f5b9a45bc6fab58ee35ad20fc8dc,max3sat,test,selective,device_sparse_v1,5,0,5,0,5,,,,,,,,,,,,,,,,,expected_infeasible_width,expected_capacity_failure,9d124ad72c0fe2b841fbfc927ec45c35cb413a6a0e01baada17f1025709d315c,9626c07cf4ccf3251a3585a4b367551c7a78f57218970c0d71f73f221adea5d3,22e05ea2e1684256cfcefc889a4c658b5530de8a
inst_d28d32be2aa609b3d4a6fd9bbfb880e2b75cff8400d2467930452c7f49defb3d,max3sat,test,all_native,all_to_all_reference,5,5,0,0,5,188.0,188.0,0.0,188.0,188.0,111.0,111.0,0.0,111.0,111.0,0.0,0.0,0.0,0.0,0.0017135399975813925,0.0018914999964181334,pass,,9d124ad72c0fe2b841fbfc927ec45c35cb413a6a0e01baada17f1025709d315c,9626c07cf4ccf3251a3585a4b367551c7a78f57218970c0d71f73f221adea5d3,22e05ea2e1684256cfcefc889a4c658b5530de8a
inst_d28d32be2aa609b3d4a6fd9bbfb880e2b75cff8400d2467930452c7f49defb3d,max3sat,test,all_native,device_sparse_v1,5,5,0,0,5,357.2,357.0,5.848076606885378,352.07393484239617,362.3260651576038,227.8,227.0,7.5960516059331775,221.14176720142652,234.4582327985735,63.2,63.0,169.2,169.0,0.011156960000516847,0.011097799986600876,pass,,9d124ad72c0fe2b841fbfc927ec45c35cb413a6a0e01baada17f1025709d315c,9626c07cf4ccf3251a3585a4b367551c7a78f57218970c0d71f73f221adea5d3,22e05ea2e1684256cfcefc889a4c658b5530de8a
inst_d28d32be2aa609b3d4a6fd9bbfb880e2b75cff8400d2467930452c7f49defb3d,max3sat,test,fully_quadratized,all_to_all_reference,5,5,0,0,5,158.0,158.0,0.0,158.0,158.0,46.0,46.0,0.0,46.0,46.0,0.0,0.0,0.0,0.0,0.0023357200028840453,0.002266399998916313,pass,,9d124ad72c0fe2b841fbfc927ec45c35cb413a6a0e01baada17f1025709d315c,9626c07cf4ccf3251a3585a4b367551c7a78f57218970c0d71f73f221adea5d3,22e05ea2e1684256cfcefc889a4c658b5530de8a
inst_d28d32be2aa609b3d4a6fd9bbfb880e2b75cff8400d2467930452c7f49defb3d,max3sat,test,fully_quadratized,device_sparse_v1,5,0,5,0,5,,,,,,,,,,,,,,,,,expected_infeasible_width,expected_capacity_failure,9d124ad72c0fe2b841fbfc927ec45c35cb413a6a0e01baada17f1025709d315c,9626c07cf4ccf3251a3585a4b367551c7a78f57218970c0d71f73f221adea5d3,22e05ea2e1684256cfcefc889a4c658b5530de8a
inst_d28d32be2aa609b3d4a6fd9bbfb880e2b75cff8400d2467930452c7f49defb3d,max3sat,test,matched_random_selective,all_to_all_reference,25,25,0,5,5,194.4,192.0,3.0,193.22400000000002,195.576,91.6,96.0,9.802210635021742,87.75753343107147,95.44246656892852,0.0,0.0,0.0,0.0,0.001817247997969389,0.0016144000110216439,pass,,9d124ad72c0fe2b841fbfc927ec45c35cb413a6a0e01baada17f1025709d315c,9626c07cf4ccf3251a3585a4b367551c7a78f57218970c0d71f73f221adea5d3,22e05ea2e1684256cfcefc889a4c658b5530de8a
inst_d28d32be2aa609b3d4a6fd9bbfb880e2b75cff8400d2467930452c7f49defb3d,max3sat,test,matched_random_selective,device_sparse_v1,25,0,25,5,5,,,,,,,,,,,,,,,,,expected_infeasible_width,expected_capacity_failure,9d124ad72c0fe2b841fbfc927ec45c35cb413a6a0e01baada17f1025709d315c,9626c07cf4ccf3251a3585a4b367551c7a78f57218970c0d71f73f221adea5d3,22e05ea2e1684256cfcefc889a4c658b5530de8a
inst_d28d32be2aa609b3d4a6fd9bbfb880e2b75cff8400d2467930452c7f49defb3d,max3sat,test,selective,all_to_all_reference,5,5,0,0,5,164.0,164.0,0.0,164.0,164.0,61.0,61.0,0.0,61.0,61.0,0.0,0.0,0.0,0.0,0.0025941799976862967,0.0015459999849554151,pass,,9d124ad72c0fe2b841fbfc927ec45c35cb413a6a0e01baada17f1025709d315c,9626c07cf4ccf3251a3585a4b367551c7a78f57218970c0d71f73f221adea5d3,22e05ea2e1684256cfcefc889a4c658b5530de8a
inst_d28d32be2aa609b3d4a6fd9bbfb880e2b75cff8400d2467930452c7f49defb3d,max3sat,test,selective,device_sparse_v1,5,0,5,0,5,,,,,,,,,,,,,,,,,expected_infeasible_width,expected_capacity_failure,9d124ad72c0fe2b841fbfc927ec45c35cb413a6a0e01baada17f1025709d315c,9626c07cf4ccf3251a3585a4b367551c7a78f57218970c0d71f73f221adea5d3,22e05ea2e1684256cfcefc889a4c658b5530de8a
inst_d39931f25d0a580985f2d689473d0b69f872405923e4b602501f05ec114e6507,cubic_spin_glass,validation,all_native,all_to_all_reference,5,5,0,0,5,96.0,96.0,0.0,96.0,96.0,66.0,66.0,0.0,66.0,66.0,0.0,0.0,0.0,0.0,0.0018221999984234572,0.0018955999985337257,pass,,9d124ad72c0fe2b841fbfc927ec45c35cb413a6a0e01baada17f1025709d315c,9626c07cf4ccf3251a3585a4b367551c7a78f57218970c0d71f73f221adea5d3,22e05ea2e1684256cfcefc889a4c658b5530de8a
inst_d39931f25d0a580985f2d689473d0b69f872405923e4b602501f05ec114e6507,cubic_spin_glass,validation,all_native,device_sparse_v1,5,5,0,0,5,171.0,172.0,5.0,166.61730676410042,175.38269323589958,107.8,110.0,4.919349550499537,103.488,112.112,29.4,30.0,75.0,76.0,0.009561019996181131,0.009234099998138845,pass,,9d124ad72c0fe2b841fbfc927ec45c35cb413a6a0e01baada17f1025709d315c,9626c07cf4ccf3251a3585a4b367551c7a78f57218970c0d71f73f221adea5d3,22e05ea2e1684256cfcefc889a4c658b5530de8a
inst_d39931f25d0a580985f2d689473d0b69f872405923e4b602501f05ec114e6507,cubic_spin_glass,validation,fully_quadratized,all_to_all_reference,5,5,0,0,5,186.0,186.0,0.0,186.0,186.0,54.0,54.0,0.0,54.0,54.0,0.0,0.0,0.0,0.0,0.002054939995286986,0.0019211999897379428,pass,,9d124ad72c0fe2b841fbfc927ec45c35cb413a6a0e01baada17f1025709d315c,9626c07cf4ccf3251a3585a4b367551c7a78f57218970c0d71f73f221adea5d3,22e05ea2e1684256cfcefc889a4c658b5530de8a
inst_d39931f25d0a580985f2d689473d0b69f872405923e4b602501f05ec114e6507,cubic_spin_glass,validation,fully_quadratized,device_sparse_v1,5,0,5,0,5,,,,,,,,,,,,,,,,,expected_infeasible_width,expected_capacity_failure,9d124ad72c0fe2b841fbfc927ec45c35cb413a6a0e01baada17f1025709d315c,9626c07cf4ccf3251a3585a4b367551c7a78f57218970c0d71f73f221adea5d3,22e05ea2e1684256cfcefc889a4c658b5530de8a
inst_d39931f25d0a580985f2d689473d0b69f872405923e4b602501f05ec114e6507,cubic_spin_glass,validation,matched_random_selective,all_to_all_reference,25,25,0,5,5,96.0,96.0,0.0,96.0,96.0,66.0,66.0,0.0,66.0,66.0,0.0,0.0,0.0,0.0,0.0018070440017618238,0.0018803999992087483,pass,,9d124ad72c0fe2b841fbfc927ec45c35cb413a6a0e01baada17f1025709d315c,9626c07cf4ccf3251a3585a4b367551c7a78f57218970c0d71f73f221adea5d3,22e05ea2e1684256cfcefc889a4c658b5530de8a
inst_d39931f25d0a580985f2d689473d0b69f872405923e4b602501f05ec114e6507,cubic_spin_glass,validation,matched_random_selective,device_sparse_v1,25,25,0,5,5,171.0,172.0,4.564354645876384,169.21077297881646,172.78922702118354,107.8,110.0,4.4907311951024935,106.03963337151981,109.56036662848018,29.4,30.0,75.0,76.0,0.008529743999242783,0.008509700011927634,pass,,9d124ad72c0fe2b841fbfc927ec45c35cb413a6a0e01baada17f1025709d315c,9626c07cf4ccf3251a3585a4b367551c7a78f57218970c0d71f73f221adea5d3,22e05ea2e1684256cfcefc889a4c658b5530de8a
inst_d39931f25d0a580985f2d689473d0b69f872405923e4b602501f05ec114e6507,cubic_spin_glass,validation,selective,all_to_all_reference,5,5,0,0,5,96.0,96.0,0.0,96.0,96.0,66.0,66.0,0.0,66.0,66.0,0.0,0.0,0.0,0.0,0.0019423999998252838,0.001942100003361702,pass,,9d124ad72c0fe2b841fbfc927ec45c35cb413a6a0e01baada17f1025709d315c,9626c07cf4ccf3251a3585a4b367551c7a78f57218970c0d71f73f221adea5d3,22e05ea2e1684256cfcefc889a4c658b5530de8a
inst_d39931f25d0a580985f2d689473d0b69f872405923e4b602501f05ec114e6507,cubic_spin_glass,validation,selective,device_sparse_v1,5,5,0,0,5,171.0,172.0,5.0,166.61730676410042,175.38269323589958,107.8,110.0,4.919349550499537,103.488,112.112,29.4,30.0,75.0,76.0,0.00918447999865748,0.009111099992878735,pass,,9d124ad72c0fe2b841fbfc927ec45c35cb413a6a0e01baada17f1025709d315c,9626c07cf4ccf3251a3585a4b367551c7a78f57218970c0d71f73f221adea5d3,22e05ea2e1684256cfcefc889a4c658b5530de8a
inst_d3c6a9aaeb39e276f75da8011cade132a868ef0f7cc911933833f479a8fae9b6,cubic_spin_glass,test,all_native,all_to_all_reference,5,5,0,0,5,64.0,64.0,0.0,64.0,64.0,45.0,45.0,0.0,45.0,45.0,0.0,0.0,0.0,0.0,0.0009580599959008396,0.0009410999773535877,pass,,9d124ad72c0fe2b841fbfc927ec45c35cb413a6a0e01baada17f1025709d315c,9626c07cf4ccf3251a3585a4b367551c7a78f57218970c0d71f73f221adea5d3,22e05ea2e1684256cfcefc889a4c658b5530de8a
inst_d3c6a9aaeb39e276f75da8011cade132a868ef0f7cc911933833f479a8fae9b6,cubic_spin_glass,test,all_native,device_sparse_v1,5,0,5,0,5,,,,,,,,,,,,,,,,,expected_infeasible_width,expected_capacity_failure,9d124ad72c0fe2b841fbfc927ec45c35cb413a6a0e01baada17f1025709d315c,9626c07cf4ccf3251a3585a4b367551c7a78f57218970c0d71f73f221adea5d3,22e05ea2e1684256cfcefc889a4c658b5530de8a
inst_d3c6a9aaeb39e276f75da8011cade132a868ef0f7cc911933833f479a8fae9b6,cubic_spin_glass,test,fully_quadratized,all_to_all_reference,5,5,0,0,5,148.0,148.0,0.0,148.0,148.0,44.0,44.0,0.0,44.0,44.0,0.0,0.0,0.0,0.0,0.0012597000109963118,0.001266500010387972,pass,,9d124ad72c0fe2b841fbfc927ec45c35cb413a6a0e01baada17f1025709d315c,9626c07cf4ccf3251a3585a4b367551c7a78f57218970c0d71f73f221adea5d3,22e05ea2e1684256cfcefc889a4c658b5530de8a
inst_d3c6a9aaeb39e276f75da8011cade132a868ef0f7cc911933833f479a8fae9b6,cubic_spin_glass,test,fully_quadratized,device_sparse_v1,5,0,5,0,5,,,,,,,,,,,,,,,,,expected_infeasible_width,expected_capacity_failure,9d124ad72c0fe2b841fbfc927ec45c35cb413a6a0e01baada17f1025709d315c,9626c07cf4ccf3251a3585a4b367551c7a78f57218970c0d71f73f221adea5d3,22e05ea2e1684256cfcefc889a4c658b5530de8a
inst_d3c6a9aaeb39e276f75da8011cade132a868ef0f7cc911933833f479a8fae9b6,cubic_spin_glass,test,matched_random_selective,all_to_all_reference,25,25,0,5,5,64.0,64.0,0.0,64.0,64.0,45.0,45.0,0.0,45.0,45.0,0.0,0.0,0.0,0.0,0.000926352001260966,0.0009068000072147697,pass,,9d124ad72c0fe2b841fbfc927ec45c35cb413a6a0e01baada17f1025709d315c,9626c07cf4ccf3251a3585a4b367551c7a78f57218970c0d71f73f221adea5d3,22e05ea2e1684256cfcefc889a4c658b5530de8a
inst_d3c6a9aaeb39e276f75da8011cade132a868ef0f7cc911933833f479a8fae9b6,cubic_spin_glass,test,matched_random_selective,device_sparse_v1,25,0,25,5,5,,,,,,,,,,,,,,,,,expected_infeasible_width,expected_capacity_failure,9d124ad72c0fe2b841fbfc927ec45c35cb413a6a0e01baada17f1025709d315c,9626c07cf4ccf3251a3585a4b367551c7a78f57218970c0d71f73f221adea5d3,22e05ea2e1684256cfcefc889a4c658b5530de8a
inst_d3c6a9aaeb39e276f75da8011cade132a868ef0f7cc911933833f479a8fae9b6,cubic_spin_glass,test,selective,all_to_all_reference,5,5,0,0,5,64.0,64.0,0.0,64.0,64.0,45.0,45.0,0.0,45.0,45.0,0.0,0.0,0.0,0.0,0.0012903399998322128,0.0009107000078074634,pass,,9d124ad72c0fe2b841fbfc927ec45c35cb413a6a0e01baada17f1025709d315c,9626c07cf4ccf3251a3585a4b367551c7a78f57218970c0d71f73f221adea5d3,22e05ea2e1684256cfcefc889a4c658b5530de8a
inst_d3c6a9aaeb39e276f75da8011cade132a868ef0f7cc911933833f479a8fae9b6,cubic_spin_glass,test,selective,device_sparse_v1,5,0,5,0,5,,,,,,,,,,,,,,,,,expected_infeasible_width,expected_capacity_failure,9d124ad72c0fe2b841fbfc927ec45c35cb413a6a0e01baada17f1025709d315c,9626c07cf4ccf3251a3585a4b367551c7a78f57218970c0d71f73f221adea5d3,22e05ea2e1684256cfcefc889a4c658b5530de8a
inst_d8d3130ca62f78d970e6558b2f60e1cac4ac8fb32dab01f61ab1ad5e2251a4ca,max3sat,test,all_native,all_to_all_reference,5,5,0,0,5,102.0,102.0,0.0,102.0,102.0,79.0,79.0,0.0,79.0,79.0,0.0,0.0,0.0,0.0,0.0009210000047460198,0.0008454000053461641,pass,,9d124ad72c0fe2b841fbfc927ec45c35cb413a6a0e01baada17f1025709d315c,9626c07cf4ccf3251a3585a4b367551c7a78f57218970c0d71f73f221adea5d3,22e05ea2e1684256cfcefc889a4c658b5530de8a
inst_d8d3130ca62f78d970e6558b2f60e1cac4ac8fb32dab01f61ab1ad5e2251a4ca,max3sat,test,all_native,device_sparse_v1,5,5,0,0,5,162.2,160.0,4.024922359499621,158.672,165.72799999999998,111.2,112.0,9.038805230781334,103.27713789088817,119.12286210911184,25.0,24.0,60.2,58.0,0.00785786000196822,0.007577599986689165,pass,,9d124ad72c0fe2b841fbfc927ec45c35cb413a6a0e01baada17f1025709d315c,9626c07cf4ccf3251a3585a4b367551c7a78f57218970c0d71f73f221adea5d3,22e05ea2e1684256cfcefc889a4c658b5530de8a
inst_d8d3130ca62f78d970e6558b2f60e1cac4ac8fb32dab01f61ab1ad5e2251a4ca,max3sat,test,fully_quadratized,all_to_all_reference,5,5,0,0,5,64.0,64.0,0.0,64.0,64.0,26.0,26.0,0.0,26.0,26.0,0.0,0.0,0.0,0.0,0.0007977200031746179,0.0007425000076182187,pass,,9d124ad72c0fe2b841fbfc927ec45c35cb413a6a0e01baada17f1025709d315c,9626c07cf4ccf3251a3585a4b367551c7a78f57218970c0d71f73f221adea5d3,22e05ea2e1684256cfcefc889a4c658b5530de8a
inst_d8d3130ca62f78d970e6558b2f60e1cac4ac8fb32dab01f61ab1ad5e2251a4ca,max3sat,test,fully_quadratized,device_sparse_v1,5,0,5,0,5,,,,,,,,,,,,,,,,,expected_infeasible_width,expected_capacity_failure,9d124ad72c0fe2b841fbfc927ec45c35cb413a6a0e01baada17f1025709d315c,9626c07cf4ccf3251a3585a4b367551c7a78f57218970c0d71f73f221adea5d3,22e05ea2e1684256cfcefc889a4c658b5530de8a
inst_d8d3130ca62f78d970e6558b2f60e1cac4ac8fb32dab01f61ab1ad5e2251a4ca,max3sat,test,matched_random_selective,all_to_all_reference,25,25,0,5,5,102.8,102.0,1.0,102.408,103.192,73.8,74.0,1.5,73.212,74.38799999999999,0.0,0.0,0.0,0.0,0.0009536359994672239,0.0010154999908991158,pass,,9d124ad72c0fe2b841fbfc927ec45c35cb413a6a0e01baada17f1025709d315c,9626c07cf4ccf3251a3585a4b367551c7a78f57218970c0d71f73f221adea5d3,22e05ea2e1684256cfcefc889a4c658b5530de8a
inst_d8d3130ca62f78d970e6558b2f60e1cac4ac8fb32dab01f61ab1ad5e2251a4ca,max3sat,test,matched_random_selective,device_sparse_v1,25,0,25,5,5,,,,,,,,,,,,,,,,,expected_infeasible_width,expected_capacity_failure,9d124ad72c0fe2b841fbfc927ec45c35cb413a6a0e01baada17f1025709d315c,9626c07cf4ccf3251a3585a4b367551c7a78f57218970c0d71f73f221adea5d3,22e05ea2e1684256cfcefc889a4c658b5530de8a
inst_d8d3130ca62f78d970e6558b2f60e1cac4ac8fb32dab01f61ab1ad5e2251a4ca,max3sat,test,selective,all_to_all_reference,5,5,0,0,5,76.0,76.0,0.0,76.0,76.0,40.0,40.0,0.0,40.0,40.0,0.0,0.0,0.0,0.0,0.0007273000024724752,0.0007205000147223473,pass,,9d124ad72c0fe2b841fbfc927ec45c35cb413a6a0e01baada17f1025709d315c,9626c07cf4ccf3251a3585a4b367551c7a78f57218970c0d71f73f221adea5d3,22e05ea2e1684256cfcefc889a4c658b5530de8a
inst_d8d3130ca62f78d970e6558b2f60e1cac4ac8fb32dab01f61ab1ad5e2251a4ca,max3sat,test,selective,device_sparse_v1,5,0,5,0,5,,,,,,,,,,,,,,,,,expected_infeasible_width,expected_capacity_failure,9d124ad72c0fe2b841fbfc927ec45c35cb413a6a0e01baada17f1025709d315c,9626c07cf4ccf3251a3585a4b367551c7a78f57218970c0d71f73f221adea5d3,22e05ea2e1684256cfcefc889a4c658b5530de8a
inst_d8ec562ca5ef40d9f7ef8722b8b48c9dc29bb61f474bb6de5cb9b2bcd9af7966,max3sat,train,all_native,all_to_all_reference,5,5,0,0,5,244.0,244.0,0.0,244.0,244.0,133.0,133.0,0.0,133.0,133.0,0.0,0.0,0.0,0.0,0.0018542200035881252,0.0017742000054568052,pass,,9d124ad72c0fe2b841fbfc927ec45c35cb413a6a0e01baada17f1025709d315c,9626c07cf4ccf3251a3585a4b367551c7a78f57218970c0d71f73f221adea5d3,22e05ea2e1684256cfcefc889a4c658b5530de8a
inst_d8ec562ca5ef40d9f7ef8722b8b48c9dc29bb61f474bb6de5cb9b2bcd9af7966,max3sat,train,all_native,device_sparse_v1,5,0,5,0,5,,,,,,,,,,,,,,,,,expected_infeasible_width,expected_capacity_failure,9d124ad72c0fe2b841fbfc927ec45c35cb413a6a0e01baada17f1025709d315c,9626c07cf4ccf3251a3585a4b367551c7a78f57218970c0d71f73f221adea5d3,22e05ea2e1684256cfcefc889a4c658b5530de8a
inst_d8ec562ca5ef40d9f7ef8722b8b48c9dc29bb61f474bb6de5cb9b2bcd9af7966,max3sat,train,fully_quadratized,all_to_all_reference,5,5,0,0,5,222.0,222.0,0.0,222.0,222.0,52.0,52.0,0.0,52.0,52.0,0.0,0.0,0.0,0.0,0.0023486999911256135,0.002307299990206957,pass,,9d124ad72c0fe2b841fbfc927ec45c35cb413a6a0e01baada17f1025709d315c,9626c07cf4ccf3251a3585a4b367551c7a78f57218970c0d71f73f221adea5d3,22e05ea2e1684256cfcefc889a4c658b5530de8a
inst_d8ec562ca5ef40d9f7ef8722b8b48c9dc29bb61f474bb6de5cb9b2bcd9af7966,max3sat,train,fully_quadratized,device_sparse_v1,5,0,5,0,5,,,,,,,,,,,,,,,,,expected_infeasible_width,expected_capacity_failure,9d124ad72c0fe2b841fbfc927ec45c35cb413a6a0e01baada17f1025709d315c,9626c07cf4ccf3251a3585a4b367551c7a78f57218970c0d71f73f221adea5d3,22e05ea2e1684256cfcefc889a4c658b5530de8a
inst_d8ec562ca5ef40d9f7ef8722b8b48c9dc29bb61f474bb6de5cb9b2bcd9af7966,max3sat,train,matched_random_selective,all_to_all_reference,25,25,0,5,5,258.4,258.0,3.265986323710904,257.1197333611053,259.68026663889464,95.2,94.0,2.7688746209726918,94.11460114857871,96.28539885142129,0.0,0.0,0.0,0.0,0.002071188000263646,0.0020392999867908657,pass,,9d124ad72c0fe2b841fbfc927ec45c35cb413a6a0e01baada17f1025709d315c,9626c07cf4ccf3251a3585a4b367551c7a78f57218970c0d71f73f221adea5d3,22e05ea2e1684256cfcefc889a4c658b5530de8a
inst_d8ec562ca5ef40d9f7ef8722b8b48c9dc29bb61f474bb6de5cb9b2bcd9af7966,max3sat,train,matched_random_selective,device_sparse_v1,25,0,25,5,5,,,,,,,,,,,,,,,,,expected_infeasible_width,expected_capacity_failure,9d124ad72c0fe2b841fbfc927ec45c35cb413a6a0e01baada17f1025709d315c,9626c07cf4ccf3251a3585a4b367551c7a78f57218970c0d71f73f221adea5d3,22e05ea2e1684256cfcefc889a4c658b5530de8a
inst_d8ec562ca5ef40d9f7ef8722b8b48c9dc29bb61f474bb6de5cb9b2bcd9af7966,max3sat,train,selective,all_to_all_reference,5,5,0,0,5,220.0,220.0,0.0,220.0,220.0,58.0,58.0,0.0,58.0,58.0,0.0,0.0,0.0,0.0,0.002165280003100634,0.002109499997459352,pass,,9d124ad72c0fe2b841fbfc927ec45c35cb413a6a0e01baada17f1025709d315c,9626c07cf4ccf3251a3585a4b367551c7a78f57218970c0d71f73f221adea5d3,22e05ea2e1684256cfcefc889a4c658b5530de8a
inst_d8ec562ca5ef40d9f7ef8722b8b48c9dc29bb61f474bb6de5cb9b2bcd9af7966,max3sat,train,selective,device_sparse_v1,5,0,5,0,5,,,,,,,,,,,,,,,,,expected_infeasible_width,expected_capacity_failure,9d124ad72c0fe2b841fbfc927ec45c35cb413a6a0e01baada17f1025709d315c,9626c07cf4ccf3251a3585a4b367551c7a78f57218970c0d71f73f221adea5d3,22e05ea2e1684256cfcefc889a4c658b5530de8a
inst_d91125199706c8108c27d3f20dd2ffc9a38c519cb4e58c97770db6ccd427a96c,cubic_spin_glass,validation,all_native,all_to_all_reference,5,5,0,0,5,128.0,128.0,0.0,128.0,128.0,112.0,112.0,0.0,112.0,112.0,0.0,0.0,0.0,0.0,0.0018441999971400946,0.0019748999911826104,pass,,9d124ad72c0fe2b841fbfc927ec45c35cb413a6a0e01baada17f1025709d315c,9626c07cf4ccf3251a3585a4b367551c7a78f57218970c0d71f73f221adea5d3,22e05ea2e1684256cfcefc889a4c658b5530de8a
inst_d91125199706c8108c27d3f20dd2ffc9a38c519cb4e58c97770db6ccd427a96c,cubic_spin_glass,validation,all_native,device_sparse_v1,5,5,0,0,5,222.2,222.0,0.8366600265340756,221.46663515219228,222.9333648478077,184.8,184.0,2.588435821108957,182.53113596705313,187.0688640329469,37.8,38.0,94.2,94.0,0.009328939998522402,0.009828299982473254,pass,,9d124ad72c0fe2b841fbfc927ec45c35cb413a6a0e01baada17f1025709d315c,9626c07cf4ccf3251a3585a4b367551c7a78f57218970c0d71f73f221adea5d3,22e05ea2e1684256cfcefc889a4c658b5530de8a
inst_d91125199706c8108c27d3f20dd2ffc9a38c519cb4e58c97770db6ccd427a96c,cubic_spin_glass,validation,fully_quadratized,all_to_all_reference,5,5,0,0,5,158.0,158.0,0.0,158.0,158.0,48.0,48.0,0.0,48.0,48.0,0.0,0.0,0.0,0.0,0.0017525000032037497,0.0017485000134911388,pass,,9d124ad72c0fe2b841fbfc927ec45c35cb413a6a0e01baada17f1025709d315c,9626c07cf4ccf3251a3585a4b367551c7a78f57218970c0d71f73f221adea5d3,22e05ea2e1684256cfcefc889a4c658b5530de8a
inst_d91125199706c8108c27d3f20dd2ffc9a38c519cb4e58c97770db6ccd427a96c,cubic_spin_glass,validation,fully_quadratized,device_sparse_v1,5,0,5,0,5,,,,,,,,,,,,,,,,,expected_infeasible_width,expected_capacity_failure,9d124ad72c0fe2b841fbfc927ec45c35cb413a6a0e01baada17f1025709d315c,9626c07cf4ccf3251a3585a4b367551c7a78f57218970c0d71f73f221adea5d3,22e05ea2e1684256cfcefc889a4c658b5530de8a
inst_d91125199706c8108c27d3f20dd2ffc9a38c519cb4e58c97770db6ccd427a96c,cubic_spin_glass,validation,matched_random_selective,all_to_all_reference,25,25,0,5,5,156.0,156.0,1.2909944487358056,155.49393017609557,156.50606982390443,100.8,101.0,2.692582403567252,99.74450769780164,101.85549230219836,0.0,0.0,0.0,0.0,0.001902571995742619,0.0019213999912608415,pass,,9d124ad72c0fe2b841fbfc927ec45c35cb413a6a0e01baada17f1025709d315c,9626c07cf4ccf3251a3585a4b367551c7a78f57218970c0d71f73f221adea5d3,22e05ea2e1684256cfcefc889a4c658b5530de8a
inst_d91125199706c8108c27d3f20dd2ffc9a38c519cb4e58c97770db6ccd427a96c,cubic_spin_glass,validation,matched_random_selective,device_sparse_v1,25,25,0,5,5,282.28,283.0,6.7732316265329855,279.62489320239905,284.9351067976009,193.96,194.0,12.112252749454441,189.21199692221387,198.70800307778615,47.4,48.0,126.28,127.0,0.009647508000489325,0.009573099989211187,pass,,9d124ad72c0fe2b841fbfc927ec45c35cb413a6a0e01baada17f1025709d315c,9626c07cf4ccf3251a3585a4b367551c7a78f57218970c0d71f73f221adea5d3,22e05ea2e1684256cfcefc889a4c658b5530de8a
inst_d91125199706c8108c27d3f20dd2ffc9a38c519cb4e58c97770db6ccd427a96c,cubic_spin_glass,validation,selective,all_to_all_reference,5,5,0,0,5,146.0,146.0,0.0,146.0,146.0,85.0,85.0,0.0,85.0,85.0,0.0,0.0,0.0,0.0,0.002063099993392825,0.0020776999881491065,pass,,9d124ad72c0fe2b841fbfc927ec45c35cb413a6a0e01baada17f1025709d315c,9626c07cf4ccf3251a3585a4b367551c7a78f57218970c0d71f73f221adea5d3,22e05ea2e1684256cfcefc889a4c658b5530de8a
inst_d91125199706c8108c27d3f20dd2ffc9a38c519cb4e58c97770db6ccd427a96c,cubic_spin_glass,validation,selective,device_sparse_v1,5,5,0,0,5,261.0,263.0,5.338539126015656,256.32056413656517,265.67943586343483,165.0,168.0,9.695359714832659,156.5016425116379,173.4983574883621,42.2,42.0,115.0,117.0,0.009556719998363406,0.009367599996039644,pass,,9d124ad72c0fe2b841fbfc927ec45c35cb413a6a0e01baada17f1025709d315c,9626c07cf4ccf3251a3585a4b367551c7a78f57218970c0d71f73f221adea5d3,22e05ea2e1684256cfcefc889a4c658b5530de8a
inst_da3101c770b48b4f0db791033edb8e7a538edbef1506d2019f202beb0c200cca,cubic_spin_glass,test,all_native,all_to_all_reference,5,5,0,0,5,128.0,128.0,0.0,128.0,128.0,107.0,107.0,0.0,107.0,107.0,0.0,0.0,0.0,0.0,0.0014511799963656813,0.001375499996356666,pass,,9d124ad72c0fe2b841fbfc927ec45c35cb413a6a0e01baada17f1025709d315c,9626c07cf4ccf3251a3585a4b367551c7a78f57218970c0d71f73f221adea5d3,22e05ea2e1684256cfcefc889a4c658b5530de8a
inst_da3101c770b48b4f0db791033edb8e7a538edbef1506d2019f202beb0c200cca,cubic_spin_glass,test,all_native,device_sparse_v1,5,5,0,0,5,222.8,226.0,7.19027120489902,216.4974494052011,229.1025505947989,182.2,184.0,4.54972526643093,178.21198996992234,186.18801003007763,36.0,37.0,94.8,98.0,0.008670000010170043,0.00843909999821335,pass,,9d124ad72c0fe2b841fbfc927ec45c35cb413a6a0e01baada17f1025709d315c,9626c07cf4ccf3251a3585a4b367551c7a78f57218970c0d71f73f221adea5d3,22e05ea2e1684256cfcefc889a4c658b5530de8a
inst_da3101c770b48b4f0db791033edb8e7a538edbef1506d2019f202beb0c200cca,cubic_spin_glass,test,fully_quadratized,all_to_all_reference,5,5,0,0,5,150.0,150.0,0.0,150.0,150.0,46.0,46.0,0.0,46.0,46.0,0.0,0.0,0.0,0.0,0.002203880000161007,0.002190100000007078,pass,,9d124ad72c0fe2b841fbfc927ec45c35cb413a6a0e01baada17f1025709d315c,9626c07cf4ccf3251a3585a4b367551c7a78f57218970c0d71f73f221adea5d3,22e05ea2e1684256cfcefc889a4c658b5530de8a
inst_da3101c770b48b4f0db791033edb8e7a538edbef1506d2019f202beb0c200cca,cubic_spin_glass,test,fully_quadratized,device_sparse_v1,5,0,5,0,5,,,,,,,,,,,,,,,,,expected_infeasible_width,expected_capacity_failure,9d124ad72c0fe2b841fbfc927ec45c35cb413a6a0e01baada17f1025709d315c,9626c07cf4ccf3251a3585a4b367551c7a78f57218970c0d71f73f221adea5d3,22e05ea2e1684256cfcefc889a4c658b5530de8a
inst_da3101c770b48b4f0db791033edb8e7a538edbef1506d2019f202beb0c200cca,cubic_spin_glass,test,matched_random_selective,all_to_all_reference,25,25,0,5,5,151.2,154.0,3.559026084010437,149.8048617750679,152.59513822493207,102.2,102.0,4.890466917040404,100.28293696852016,104.11706303147984,0.0,0.0,0.0,0.0,0.001731959996977821,0.001589899999089539,pass,,9d124ad72c0fe2b841fbfc927ec45c35cb413a6a0e01baada17f1025709d315c,9626c07cf4ccf3251a3585a4b367551c7a78f57218970c0d71f73f221adea5d3,22e05ea2e1684256cfcefc889a4c658b5530de8a
inst_da3101c770b48b4f0db791033edb8e7a538edbef1506d2019f202beb0c200cca,cubic_spin_glass,test,matched_random_selective,device_sparse_v1,25,25,0,5,5,276.2,274.0,12.731195282978474,271.2093714490724,281.19062855092756,195.96,194.0,12.917946173186097,190.89616510011106,201.02383489988895,45.88,46.0,125.0,126.0,0.009824284001952037,0.00957249998464249,pass,,9d124ad72c0fe2b841fbfc927ec45c35cb413a6a0e01baada17f1025709d315c,9626c07cf4ccf3251a3585a4b367551c7a78f57218970c0d71f73f221adea5d3,22e05ea2e1684256cfcefc889a4c658b5530de8a
inst_da3101c770b48b4f0db791033edb8e7a538edbef1506d2019f202beb0c200cca,cubic_spin_glass,test,selective,all_to_all_reference,5,5,0,0,5,148.0,148.0,0.0,148.0,148.0,73.0,73.0,0.0,73.0,73.0,0.0,0.0,0.0,0.0,0.0017101200006436556,0.001495100004831329,pass,,9d124ad72c0fe2b841fbfc927ec45c35cb413a6a0e01baada17f1025709d315c,9626c07cf4ccf3251a3585a4b367551c7a78f57218970c0d71f73f221adea5d3,22e05ea2e1684256cfcefc889a4c658b5530de8a
inst_da3101c770b48b4f0db791033edb8e7a538edbef1506d2019f202beb0c200cca,cubic_spin_glass,test,selective,device_sparse_v1,5,5,0,0,5,261.8,262.0,5.674504383644443,256.8260776041438,266.77392239585623,169.0,165.0,10.074720839804943,160.16911782436205,177.83088217563795,43.4,44.0,113.8,114.0,0.00986020000418648,0.009769399999640882,pass,,9d124ad72c0fe2b841fbfc927ec45c35cb413a6a0e01baada17f1025709d315c,9626c07cf4ccf3251a3585a4b367551c7a78f57218970c0d71f73f221adea5d3,22e05ea2e1684256cfcefc889a4c658b5530de8a
inst_da6cc0814f1cda7d2b8acf79563c59341898d86355f6e7d54acdb51463c602cf,cubic_spin_glass,validation,all_native,all_to_all_reference,5,5,0,0,5,128.0,128.0,0.0,128.0,128.0,110.0,110.0,0.0,110.0,110.0,0.0,0.0,0.0,0.0,0.00166177999926731,0.0017248000076506287,pass,,9d124ad72c0fe2b841fbfc927ec45c35cb413a6a0e01baada17f1025709d315c,9626c07cf4ccf3251a3585a4b367551c7a78f57218970c0d71f73f221adea5d3,22e05ea2e1684256cfcefc889a4c658b5530de8a
inst_da6cc0814f1cda7d2b8acf79563c59341898d86355f6e7d54acdb51463c602cf,cubic_spin_glass,validation,all_native,device_sparse_v1,5,5,0,0,5,221.2,221.0,3.63318042491699,218.01537694538268,224.3846230546173,173.6,173.0,11.823705003085962,163.2360656119406,183.96393438805939,36.4,37.0,93.2,93.0,0.010000239999499172,0.009678900009021163,pass,,9d124ad72c0fe2b841fbfc927ec45c35cb413a6a0e01baada17f1025709d315c,9626c07cf4ccf3251a3585a4b367551c7a78f57218970c0d71f73f221adea5d3,22e05ea2e1684256cfcefc889a4c658b5530de8a
inst_da6cc0814f1cda7d2b8acf79563c59341898d86355f6e7d54acdb51463c602cf,cubic_spin_glass,validation,fully_quadratized,all_to_all_reference,5,5,0,0,5,134.0,134.0,0.0,134.0,134.0,38.0,38.0,0.0,38.0,38.0,0.0,0.0,0.0,0.0,0.0018068800040055067,0.0017632000090088695,pass,,9d124ad72c0fe2b841fbfc927ec45c35cb413a6a0e01baada17f1025709d315c,9626c07cf4ccf3251a3585a4b367551c7a78f57218970c0d71f73f221adea5d3,22e05ea2e1684256cfcefc889a4c658b5530de8a
inst_da6cc0814f1cda7d2b8acf79563c59341898d86355f6e7d54acdb51463c602cf,cubic_spin_glass,validation,fully_quadratized,device_sparse_v1,5,0,5,0,5,,,,,,,,,,,,,,,,,expected_infeasible_width,expected_capacity_failure,9d124ad72c0fe2b841fbfc927ec45c35cb413a6a0e01baada17f1025709d315c,9626c07cf4ccf3251a3585a4b367551c7a78f57218970c0d71f73f221adea5d3,22e05ea2e1684256cfcefc889a4c658b5530de8a
inst_da6cc0814f1cda7d2b8acf79563c59341898d86355f6e7d54acdb51463c602cf,cubic_spin_glass,validation,matched_random_selective,all_to_all_reference,25,25,0,5,5,152.0,152.0,4.08248290463863,150.39966670138165,153.60033329861835,105.4,108.0,4.725815626252609,103.54748027450898,107.25251972549103,0.0,0.0,0.0,0.0,0.0017920200061053038,0.0018800999969244003,pass,,9d124ad72c0fe2b841fbfc927ec45c35cb413a6a0e01baada17f1025709d315c,9626c07cf4ccf3251a3585a4b367551c7a78f57218970c0d71f73f221adea5d3,22e05ea2e1684256cfcefc889a4c658b5530de8a
inst_da6cc0814f1cda7d2b8acf79563c59341898d86355f6e7d54acdb51463c602cf,cubic_spin_glass,validation,matched_random_selective,device_sparse_v1,25,25,0,5,5,272.6,273.0,10.65754818583211,268.4222411111538,276.7777588888462,191.48,193.0,11.630133275246678,186.9209877561033,196.03901224389668,44.68,45.0,120.6,121.0,0.009548400001367554,0.009415899985469878,pass,,9d124ad72c0fe2b841fbfc927ec45c35cb413a6a0e01baada17f1025709d315c,9626c07cf4ccf3251a3585a4b367551c7a78f57218970c0d71f73f221adea5d3,22e05ea2e1684256cfcefc889a4c658b5530de8a
inst_da6cc0814f1cda7d2b8acf79563c59341898d86355f6e7d54acdb51463c602cf,cubic_spin_glass,validation,selective,all_to_all_reference,5,5,0,0,5,132.0,132.0,0.0,132.0,132.0,77.0,77.0,0.0,77.0,77.0,0.0,0.0,0.0,0.0,0.001591840002220124,0.0015184999792836607,pass,,9d124ad72c0fe2b841fbfc927ec45c35cb413a6a0e01baada17f1025709d315c,9626c07cf4ccf3251a3585a4b367551c7a78f57218970c0d71f73f221adea5d3,22e05ea2e1684256cfcefc889a4c658b5530de8a
inst_da6cc0814f1cda7d2b8acf79563c59341898d86355f6e7d54acdb51463c602cf,cubic_spin_glass,validation,selective,device_sparse_v1,5,5,0,0,5,236.8,239.0,8.167006795638168,229.64130291184213,243.9586970881579,158.2,158.0,1.9235384061671346,156.51394424765962,159.88605575234035,38.4,39.0,104.8,107.0,0.009085320000303909,0.009070900006918237,pass,,9d124ad72c0fe2b841fbfc927ec45c35cb413a6a0e01baada17f1025709d315c,9626c07cf4ccf3251a3585a4b367551c7a78f57218970c0d71f73f221adea5d3,22e05ea2e1684256cfcefc889a4c658b5530de8a
inst_e0a112f4b4528d8a718c887e04382c8c83e8e7a3c92be26028e535beb12cb41a,max3sat,train,all_native,all_to_all_reference,5,5,0,0,5,576.0,576.0,0.0,576.0,576.0,314.0,314.0,0.0,314.0,314.0,0.0,0.0,0.0,0.0,0.004109700000844896,0.004040700005134568,pass,,9d124ad72c0fe2b841fbfc927ec45c35cb413a6a0e01baada17f1025709d315c,9626c07cf4ccf3251a3585a4b367551c7a78f57218970c0d71f73f221adea5d3,22e05ea2e1684256cfcefc889a4c658b5530de8a
inst_e0a112f4b4528d8a718c887e04382c8c83e8e7a3c92be26028e535beb12cb41a,max3sat,train,all_native,device_sparse_v1,5,0,5,0,5,,,,,,,,,,,,,,,,,expected_infeasible_width,expected_capacity_failure,9d124ad72c0fe2b841fbfc927ec45c35cb413a6a0e01baada17f1025709d315c,9626c07cf4ccf3251a3585a4b367551c7a78f57218970c0d71f73f221adea5d3,22e05ea2e1684256cfcefc889a4c658b5530de8a
inst_e0a112f4b4528d8a718c887e04382c8c83e8e7a3c92be26028e535beb12cb41a,max3sat,train,fully_quadratized,all_to_all_reference,5,5,0,0,5,490.0,490.0,0.0,490.0,490.0,90.0,90.0,0.0,90.0,90.0,0.0,0.0,0.0,0.0,0.005423839995637536,0.005236799974227324,pass,,9d124ad72c0fe2b841fbfc927ec45c35cb413a6a0e01baada17f1025709d315c,9626c07cf4ccf3251a3585a4b367551c7a78f57218970c0d71f73f221adea5d3,22e05ea2e1684256cfcefc889a4c658b5530de8a
inst_e0a112f4b4528d8a718c887e04382c8c83e8e7a3c92be26028e535beb12cb41a,max3sat,train,fully_quadratized,device_sparse_v1,5,0,5,0,5,,,,,,,,,,,,,,,,,expected_infeasible_width,expected_capacity_failure,9d124ad72c0fe2b841fbfc927ec45c35cb413a6a0e01baada17f1025709d315c,9626c07cf4ccf3251a3585a4b367551c7a78f57218970c0d71f73f221adea5d3,22e05ea2e1684256cfcefc889a4c658b5530de8a
inst_e0a112f4b4528d8a718c887e04382c8c83e8e7a3c92be26028e535beb12cb41a,max3sat,train,matched_random_selective,all_to_all_reference,25,25,0,5,5,602.8,602.0,11.0,598.4879999999999,607.112,199.0,201.0,6.0553007081949835,196.62632212238756,201.37367787761244,0.0,0.0,0.0,0.0,0.005881783998338505,0.005506999994395301,pass,,9d124ad72c0fe2b841fbfc927ec45c35cb413a6a0e01baada17f1025709d315c,9626c07cf4ccf3251a3585a4b367551c7a78f57218970c0d71f73f221adea5d3,22e05ea2e1684256cfcefc889a4c658b5530de8a
inst_e0a112f4b4528d8a718c887e04382c8c83e8e7a3c92be26028e535beb12cb41a,max3sat,train,matched_random_selective,device_sparse_v1,25,0,25,5,5,,,,,,,,,,,,,,,,,expected_infeasible_width,expected_capacity_failure,9d124ad72c0fe2b841fbfc927ec45c35cb413a6a0e01baada17f1025709d315c,9626c07cf4ccf3251a3585a4b367551c7a78f57218970c0d71f73f221adea5d3,22e05ea2e1684256cfcefc889a4c658b5530de8a
inst_e0a112f4b4528d8a718c887e04382c8c83e8e7a3c92be26028e535beb12cb41a,max3sat,train,selective,all_to_all_reference,5,5,0,0,5,538.0,538.0,0.0,538.0,538.0,116.0,116.0,0.0,116.0,116.0,0.0,0.0,0.0,0.0,0.005773259996203706,0.006105399981606752,pass,,9d124ad72c0fe2b841fbfc927ec45c35cb413a6a0e01baada17f1025709d315c,9626c07cf4ccf3251a3585a4b367551c7a78f57218970c0d71f73f221adea5d3,22e05ea2e1684256cfcefc889a4c658b5530de8a
inst_e0a112f4b4528d8a718c887e04382c8c83e8e7a3c92be26028e535beb12cb41a,max3sat,train,selective,device_sparse_v1,5,0,5,0,5,,,,,,,,,,,,,,,,,expected_infeasible_width,expected_capacity_failure,9d124ad72c0fe2b841fbfc927ec45c35cb413a6a0e01baada17f1025709d315c,9626c07cf4ccf3251a3585a4b367551c7a78f57218970c0d71f73f221adea5d3,22e05ea2e1684256cfcefc889a4c658b5530de8a
inst_e12133f263eeb656788fdd262f62163f5f4192f5a79ff33af3ca871d47682d87,max3sat,validation,all_native,all_to_all_reference,5,5,0,0,5,772.0,772.0,0.0,772.0,772.0,433.0,433.0,0.0,433.0,433.0,0.0,0.0,0.0,0.0,0.004347460006829351,0.004327700007706881,pass,,9d124ad72c0fe2b841fbfc927ec45c35cb413a6a0e01baada17f1025709d315c,9626c07cf4ccf3251a3585a4b367551c7a78f57218970c0d71f73f221adea5d3,22e05ea2e1684256cfcefc889a4c658b5530de8a
inst_e12133f263eeb656788fdd262f62163f5f4192f5a79ff33af3ca871d47682d87,max3sat,validation,all_native,device_sparse_v1,5,0,5,0,5,,,,,,,,,,,,,,,,,expected_infeasible_width,expected_capacity_failure,9d124ad72c0fe2b841fbfc927ec45c35cb413a6a0e01baada17f1025709d315c,9626c07cf4ccf3251a3585a4b367551c7a78f57218970c0d71f73f221adea5d3,22e05ea2e1684256cfcefc889a4c658b5530de8a
inst_e12133f263eeb656788fdd262f62163f5f4192f5a79ff33af3ca871d47682d87,max3sat,validation,fully_quadratized,all_to_all_reference,5,5,0,0,5,628.0,628.0,0.0,628.0,628.0,102.0,102.0,0.0,102.0,102.0,0.0,0.0,0.0,0.0,0.005153419991256669,0.00505229999544099,pass,,9d124ad72c0fe2b841fbfc927ec45c35cb413a6a0e01baada17f1025709d315c,9626c07cf4ccf3251a3585a4b367551c7a78f57218970c0d71f73f221adea5d3,22e05ea2e1684256cfcefc889a4c658b5530de8a
inst_e12133f263eeb656788fdd262f62163f5f4192f5a79ff33af3ca871d47682d87,max3sat,validation,fully_quadratized,device_sparse_v1,5,0,5,0,5,,,,,,,,,,,,,,,,,expected_infeasible_width,expected_capacity_failure,9d124ad72c0fe2b841fbfc927ec45c35cb413a6a0e01baada17f1025709d315c,9626c07cf4ccf3251a3585a4b367551c7a78f57218970c0d71f73f221adea5d3,22e05ea2e1684256cfcefc889a4c658b5530de8a
inst_e12133f263eeb656788fdd262f62163f5f4192f5a79ff33af3ca871d47682d87,max3sat,validation,matched_random_selective,all_to_all_reference,25,25,0,5,5,800.0,800.0,14.719601443879744,794.2299162339991,805.7700837660009,273.0,280.0,19.589538024159733,265.3209010945294,280.6790989054706,0.0,0.0,0.0,0.0,0.007831272000912578,0.0053659999975934625,pass,,9d124ad72c0fe2b841fbfc927ec45c35cb413a6a0e01baada17f1025709d315c,9626c07cf4ccf3251a3585a4b367551c7a78f57218970c0d71f73f221adea5d3,22e05ea2e1684256cfcefc889a4c658b5530de8a
inst_e12133f263eeb656788fdd262f62163f5f4192f5a79ff33af3ca871d47682d87,max3sat,validation,matched_random_selective,device_sparse_v1,25,0,25,5,5,,,,,,,,,,,,,,,,,expected_infeasible_width,expected_capacity_failure,9d124ad72c0fe2b841fbfc927ec45c35cb413a6a0e01baada17f1025709d315c,9626c07cf4ccf3251a3585a4b367551c7a78f57218970c0d71f73f221adea5d3,22e05ea2e1684256cfcefc889a4c658b5530de8a
inst_e12133f263eeb656788fdd262f62163f5f4192f5a79ff33af3ca871d47682d87,max3sat,validation,selective,all_to_all_reference,5,5,0,0,5,752.0,752.0,0.0,752.0,752.0,184.0,184.0,0.0,184.0,184.0,0.0,0.0,0.0,0.0,0.005252299993298948,0.005220899998676032,pass,,9d124ad72c0fe2b841fbfc927ec45c35cb413a6a0e01baada17f1025709d315c,9626c07cf4ccf3251a3585a4b367551c7a78f57218970c0d71f73f221adea5d3,22e05ea2e1684256cfcefc889a4c658b5530de8a
inst_e12133f263eeb656788fdd262f62163f5f4192f5a79ff33af3ca871d47682d87,max3sat,validation,selective,device_sparse_v1,5,0,5,0,5,,,,,,,,,,,,,,,,,expected_infeasible_width,expected_capacity_failure,9d124ad72c0fe2b841fbfc927ec45c35cb413a6a0e01baada17f1025709d315c,9626c07cf4ccf3251a3585a4b367551c7a78f57218970c0d71f73f221adea5d3,22e05ea2e1684256cfcefc889a4c658b5530de8a
inst_e1f8e13043f499d41df3b5c890c92c00a77684a2c4285714cb80815404be8ce3,max3sat,test,all_native,all_to_all_reference,5,5,0,0,5,772.0,772.0,0.0,772.0,772.0,396.0,396.0,0.0,396.0,396.0,0.0,0.0,0.0,0.0,0.008055279997643083,0.0072169000050053,pass,,9d124ad72c0fe2b841fbfc927ec45c35cb413a6a0e01baada17f1025709d315c,9626c07cf4ccf3251a3585a4b367551c7a78f57218970c0d71f73f221adea5d3,22e05ea2e1684256cfcefc889a4c658b5530de8a
inst_e1f8e13043f499d41df3b5c890c92c00a77684a2c4285714cb80815404be8ce3,max3sat,test,all_native,device_sparse_v1,5,0,5,0,5,,,,,,,,,,,,,,,,,expected_infeasible_width,expected_capacity_failure,9d124ad72c0fe2b841fbfc927ec45c35cb413a6a0e01baada17f1025709d315c,9626c07cf4ccf3251a3585a4b367551c7a78f57218970c0d71f73f221adea5d3,22e05ea2e1684256cfcefc889a4c658b5530de8a
inst_e1f8e13043f499d41df3b5c890c92c00a77684a2c4285714cb80815404be8ce3,max3sat,test,fully_quadratized,all_to_all_reference,5,5,0,0,5,652.0,652.0,0.0,652.0,652.0,112.0,112.0,0.0,112.0,112.0,0.0,0.0,0.0,0.0,0.007829720003064722,0.006586400006199256,pass,,9d124ad72c0fe2b841fbfc927ec45c35cb413a6a0e01baada17f1025709d315c,9626c07cf4ccf3251a3585a4b367551c7a78f57218970c0d71f73f221adea5d3,22e05ea2e1684256cfcefc889a4c658b5530de8a
inst_e1f8e13043f499d41df3b5c890c92c00a77684a2c4285714cb80815404be8ce3,max3sat,test,fully_quadratized,device_sparse_v1,5,0,5,0,5,,,,,,,,,,,,,,,,,expected_infeasible_width,expected_capacity_failure,9d124ad72c0fe2b841fbfc927ec45c35cb413a6a0e01baada17f1025709d315c,9626c07cf4ccf3251a3585a4b367551c7a78f57218970c0d71f73f221adea5d3,22e05ea2e1684256cfcefc889a4c658b5530de8a
inst_e1f8e13043f499d41df3b5c890c92c00a77684a2c4285714cb80815404be8ce3,max3sat,test,matched_random_selective,all_to_all_reference,25,25,0,5,5,794.8,792.0,9.882644720249063,790.9260032696624,798.6739967303375,278.2,267.0,16.973017802775477,271.546577021312,284.853422978688,0.0,0.0,0.0,0.0,0.006145923997974023,0.0055379999976139516,pass,,9d124ad72c0fe2b841fbfc927ec45c35cb413a6a0e01baada17f1025709d315c,9626c07cf4ccf3251a3585a4b367551c7a78f57218970c0d71f73f221adea5d3,22e05ea2e1684256cfcefc889a4c658b5530de8a
inst_e1f8e13043f499d41df3b5c890c92c00a77684a2c4285714cb80815404be8ce3,max3sat,test,matched_random_selective,device_sparse_v1,25,0,25,5,5,,,,,,,,,,,,,,,,,expected_infeasible_width,expected_capacity_failure,9d124ad72c0fe2b841fbfc927ec45c35cb413a6a0e01baada17f1025709d315c,9626c07cf4ccf3251a3585a4b367551c7a78f57218970c0d71f73f221adea5d3,22e05ea2e1684256cfcefc889a4c658b5530de8a
inst_e1f8e13043f499d41df3b5c890c92c00a77684a2c4285714cb80815404be8ce3,max3sat,test,selective,all_to_all_reference,5,5,0,0,5,710.0,710.0,0.0,710.0,710.0,200.0,200.0,0.0,200.0,200.0,0.0,0.0,0.0,0.0,0.0074289799958933145,0.006990599998971447,pass,,9d124ad72c0fe2b841fbfc927ec45c35cb413a6a0e01baada17f1025709d315c,9626c07cf4ccf3251a3585a4b367551c7a78f57218970c0d71f73f221adea5d3,22e05ea2e1684256cfcefc889a4c658b5530de8a
inst_e1f8e13043f499d41df3b5c890c92c00a77684a2c4285714cb80815404be8ce3,max3sat,test,selective,device_sparse_v1,5,0,5,0,5,,,,,,,,,,,,,,,,,expected_infeasible_width,expected_capacity_failure,9d124ad72c0fe2b841fbfc927ec45c35cb413a6a0e01baada17f1025709d315c,9626c07cf4ccf3251a3585a4b367551c7a78f57218970c0d71f73f221adea5d3,22e05ea2e1684256cfcefc889a4c658b5530de8a
inst_e6863527db589505432cd6b1d26c66dd8cc456c8b9660f4d19bbc5c14d7738e4,cubic_spin_glass,train,all_native,all_to_all_reference,5,5,0,0,5,32.0,32.0,0.0,32.0,32.0,24.0,24.0,0.0,24.0,24.0,0.0,0.0,0.0,0.0,0.0006181399978231639,0.0005783999804407358,pass,,9d124ad72c0fe2b841fbfc927ec45c35cb413a6a0e01baada17f1025709d315c,9626c07cf4ccf3251a3585a4b367551c7a78f57218970c0d71f73f221adea5d3,22e05ea2e1684256cfcefc889a4c658b5530de8a
inst_e6863527db589505432cd6b1d26c66dd8cc456c8b9660f4d19bbc5c14d7738e4,cubic_spin_glass,train,all_native,device_sparse_v1,5,5,0,0,5,35.6,35.0,2.5099800796022267,33.399905456576924,37.80009454342308,25.4,23.0,3.5777087639996634,22.264,28.535999999999998,3.2,3.0,3.6,3.0,0.005641199997626245,0.005714200000511482,pass,,9d124ad72c0fe2b841fbfc927ec45c35cb413a6a0e01baada17f1025709d315c,9626c07cf4ccf3251a3585a4b367551c7a78f57218970c0d71f73f221adea5d3,22e05ea2e1684256cfcefc889a4c658b5530de8a
inst_e6863527db589505432cd6b1d26c66dd8cc456c8b9660f4d19bbc5c14d7738e4,cubic_spin_glass,train,fully_quadratized,all_to_all_reference,5,5,0,0,5,68.0,68.0,0.0,68.0,68.0,24.0,24.0,0.0,24.0,24.0,0.0,0.0,0.0,0.0,0.0006120999925769866,0.0005954999942332506,pass,,9d124ad72c0fe2b841fbfc927ec45c35cb413a6a0e01baada17f1025709d315c,9626c07cf4ccf3251a3585a4b367551c7a78f57218970c0d71f73f221adea5d3,22e05ea2e1684256cfcefc889a4c658b5530de8a
inst_e6863527db589505432cd6b1d26c66dd8cc456c8b9660f4d19bbc5c14d7738e4,cubic_spin_glass,train,fully_quadratized,device_sparse_v1,5,0,5,0,5,,,,,,,,,,,,,,,,,expected_infeasible_width,expected_capacity_failure,9d124ad72c0fe2b841fbfc927ec45c35cb413a6a0e01baada17f1025709d315c,9626c07cf4ccf3251a3585a4b367551c7a78f57218970c0d71f73f221adea5d3,22e05ea2e1684256cfcefc889a4c658b5530de8a
inst_e6863527db589505432cd6b1d26c66dd8cc456c8b9660f4d19bbc5c14d7738e4,cubic_spin_glass,train,matched_random_selective,all_to_all_reference,25,25,0,5,5,32.0,32.0,0.0,32.0,32.0,24.0,24.0,0.0,24.0,24.0,0.0,0.0,0.0,0.0,0.0006070079992059618,0.0005945999873802066,pass,,9d124ad72c0fe2b841fbfc927ec45c35cb413a6a0e01baada17f1025709d315c,9626c07cf4ccf3251a3585a4b367551c7a78f57218970c0d71f73f221adea5d3,22e05ea2e1684256cfcefc889a4c658b5530de8a
inst_e6863527db589505432cd6b1d26c66dd8cc456c8b9660f4d19bbc5c14d7738e4,cubic_spin_glass,train,matched_random_selective,device_sparse_v1,25,25,0,5,5,35.6,35.0,2.29128784747792,34.70181516378866,36.498184836211344,25.4,23.0,3.265986323710904,24.119733361105325,26.680266638894672,3.2,3.0,3.6,3.0,0.00530373599845916,0.005197099992074072,pass,,9d124ad72c0fe2b841fbfc927ec45c35cb413a6a0e01baada17f1025709d315c,9626c07cf4ccf3251a3585a4b367551c7a78f57218970c0d71f73f221adea5d3,22e05ea2e1684256cfcefc889a4c658b5530de8a
inst_e6863527db589505432cd6b1d26c66dd8cc456c8b9660f4d19bbc5c14d7738e4,cubic_spin_glass,train,selective,all_to_all_reference,5,5,0,0,5,32.0,32.0,0.0,32.0,32.0,24.0,24.0,0.0,24.0,24.0,0.0,0.0,0.0,0.0,0.0005406800075434149,0.00048580000293441117,pass,,9d124ad72c0fe2b841fbfc927ec45c35cb413a6a0e01baada17f1025709d315c,9626c07cf4ccf3251a3585a4b367551c7a78f57218970c0d71f73f221adea5d3,22e05ea2e1684256cfcefc889a4c658b5530de8a
inst_e6863527db589505432cd6b1d26c66dd8cc456c8b9660f4d19bbc5c14d7738e4,cubic_spin_glass,train,selective,device_sparse_v1,5,5,0,0,5,35.6,35.0,2.5099800796022267,33.399905456576924,37.80009454342308,25.4,23.0,3.5777087639996634,22.264,28.535999999999998,3.2,3.0,3.6,3.0,0.005009899998549372,0.0044818999886047095,pass,,9d124ad72c0fe2b841fbfc927ec45c35cb413a6a0e01baada17f1025709d315c,9626c07cf4ccf3251a3585a4b367551c7a78f57218970c0d71f73f221adea5d3,22e05ea2e1684256cfcefc889a4c658b5530de8a
inst_e69f844d025a2b0d7429ca4fdb825e3dc3659eac383d56cf62b921b8a85a5599,max3sat,train,all_native,all_to_all_reference,5,5,0,0,5,104.0,104.0,0.0,104.0,104.0,68.0,68.0,0.0,68.0,68.0,0.0,0.0,0.0,0.0,0.0010150799993425609,0.0009390999912284315,pass,,9d124ad72c0fe2b841fbfc927ec45c35cb413a6a0e01baada17f1025709d315c,9626c07cf4ccf3251a3585a4b367551c7a78f57218970c0d71f73f221adea5d3,22e05ea2e1684256cfcefc889a4c658b5530de8a
inst_e69f844d025a2b0d7429ca4fdb825e3dc3659eac383d56cf62b921b8a85a5599,max3sat,train,all_native,device_sparse_v1,5,5,0,0,5,173.0,174.0,4.06201920231798,169.43948318358136,176.56051681641864,130.8,130.0,4.764451699828638,126.62377395247816,134.97622604752186,27.8,28.0,69.0,70.0,0.009200419997796416,0.008689099980983883,pass,,9d124ad72c0fe2b841fbfc927ec45c35cb413a6a0e01baada17f1025709d315c,9626c07cf4ccf3251a3585a4b367551c7a78f57218970c0d71f73f221adea5d3,22e05ea2e1684256cfcefc889a4c658b5530de8a
inst_e69f844d025a2b0d7429ca4fdb825e3dc3659eac383d56cf62b921b8a85a5599,max3sat,train,fully_quadratized,all_to_all_reference,5,5,0,0,5,94.0,94.0,0.0,94.0,94.0,38.0,38.0,0.0,38.0,38.0,0.0,0.0,0.0,0.0,0.001162599999224767,0.0010707000037655234,pass,,9d124ad72c0fe2b841fbfc927ec45c35cb413a6a0e01baada17f1025709d315c,9626c07cf4ccf3251a3585a4b367551c7a78f57218970c0d71f73f221adea5d3,22e05ea2e1684256cfcefc889a4c658b5530de8a
inst_e69f844d025a2b0d7429ca4fdb825e3dc3659eac383d56cf62b921b8a85a5599,max3sat,train,fully_quadratized,device_sparse_v1,5,0,5,0,5,,,,,,,,,,,,,,,,,expected_infeasible_width,expected_capacity_failure,9d124ad72c0fe2b841fbfc927ec45c35cb413a6a0e01baada17f1025709d315c,9626c07cf4ccf3251a3585a4b367551c7a78f57218970c0d71f73f221adea5d3,22e05ea2e1684256cfcefc889a4c658b5530de8a
inst_e69f844d025a2b0d7429ca4fdb825e3dc3659eac383d56cf62b921b8a85a5599,max3sat,train,matched_random_selective,all_to_all_reference,25,25,0,5,5,108.0,108.0,3.415650255319866,106.66106509991461,109.33893490008539,53.8,54.0,2.692582403567252,52.74450769780164,54.85549230219836,0.0,0.0,0.0,0.0,0.0010460200009401888,0.0010043999936897308,pass,,9d124ad72c0fe2b841fbfc927ec45c35cb413a6a0e01baada17f1025709d315c,9626c07cf4ccf3251a3585a4b367551c7a78f57218970c0d71f73f221adea5d3,22e05ea2e1684256cfcefc889a4c658b5530de8a
inst_e69f844d025a2b0d7429ca4fdb825e3dc3659eac383d56cf62b921b8a85a5599,max3sat,train,matched_random_selective,device_sparse_v1,25,0,25,5,5,,,,,,,,,,,,,,,,,expected_infeasible_width,expected_capacity_failure,9d124ad72c0fe2b841fbfc927ec45c35cb413a6a0e01baada17f1025709d315c,9626c07cf4ccf3251a3585a4b367551c7a78f57218970c0d71f73f221adea5d3,22e05ea2e1684256cfcefc889a4c658b5530de8a
inst_e69f844d025a2b0d7429ca4fdb825e3dc3659eac383d56cf62b921b8a85a5599,max3sat,train,selective,all_to_all_reference,5,5,0,0,5,98.0,98.0,0.0,98.0,98.0,40.0,40.0,0.0,40.0,40.0,0.0,0.0,0.0,0.0,0.0009888399916235357,0.0009793000062927604,pass,,9d124ad72c0fe2b841fbfc927ec45c35cb413a6a0e01baada17f1025709d315c,9626c07cf4ccf3251a3585a4b367551c7a78f57218970c0d71f73f221adea5d3,22e05ea2e1684256cfcefc889a4c658b5530de8a
inst_e69f844d025a2b0d7429ca4fdb825e3dc3659eac383d56cf62b921b8a85a5599,max3sat,train,selective,device_sparse_v1,5,0,5,0,5,,,,,,,,,,,,,,,,,expected_infeasible_width,expected_capacity_failure,9d124ad72c0fe2b841fbfc927ec45c35cb413a6a0e01baada17f1025709d315c,9626c07cf4ccf3251a3585a4b367551c7a78f57218970c0d71f73f221adea5d3,22e05ea2e1684256cfcefc889a4c658b5530de8a
inst_ea1372732b45bea8ab2adc28dfcd62f4d328d838401c7ec158552a1e109c1c0d,cubic_spin_glass,test,all_native,all_to_all_reference,5,5,0,0,5,32.0,32.0,0.0,32.0,32.0,28.0,28.0,0.0,28.0,28.0,0.0,0.0,0.0,0.0,0.0007163799949921667,0.0006892999808769673,pass,,9d124ad72c0fe2b841fbfc927ec45c35cb413a6a0e01baada17f1025709d315c,9626c07cf4ccf3251a3585a4b367551c7a78f57218970c0d71f73f221adea5d3,22e05ea2e1684256cfcefc889a4c658b5530de8a
inst_ea1372732b45bea8ab2adc28dfcd62f4d328d838401c7ec158552a1e109c1c0d,cubic_spin_glass,test,all_native,device_sparse_v1,5,5,0,0,5,48.0,48.0,2.1213203435596424,46.14058073582099,49.85941926417901,36.6,36.0,2.701851217221259,34.231722989175466,38.968277010824536,6.0,6.0,16.0,16.0,0.008776680001756177,0.008836599998176098,pass,,9d124ad72c0fe2b841fbfc927ec45c35cb413a6a0e01baada17f1025709d315c,9626c07cf4ccf3251a3585a4b367551c7a78f57218970c0d71f73f221adea5d3,22e05ea2e1684256cfcefc889a4c658b5530de8a
inst_ea1372732b45bea8ab2adc28dfcd62f4d328d838401c7ec158552a1e109c1c0d,cubic_spin_glass,test,fully_quadratized,all_to_all_reference,5,5,0,0,5,70.0,70.0,0.0,70.0,70.0,28.0,28.0,0.0,28.0,28.0,0.0,0.0,0.0,0.0,0.001176260004285723,0.001084300020011142,pass,,9d124ad72c0fe2b841fbfc927ec45c35cb413a6a0e01baada17f1025709d315c,9626c07cf4ccf3251a3585a4b367551c7a78f57218970c0d71f73f221adea5d3,22e05ea2e1684256cfcefc889a4c658b5530de8a
inst_ea1372732b45bea8ab2adc28dfcd62f4d328d838401c7ec158552a1e109c1c0d,cubic_spin_glass,test,fully_quadratized,device_sparse_v1,5,0,5,0,5,,,,,,,,,,,,,,,,,expected_infeasible_width,expected_capacity_failure,9d124ad72c0fe2b841fbfc927ec45c35cb413a6a0e01baada17f1025709d315c,9626c07cf4ccf3251a3585a4b367551c7a78f57218970c0d71f73f221adea5d3,22e05ea2e1684256cfcefc889a4c658b5530de8a
inst_ea1372732b45bea8ab2adc28dfcd62f4d328d838401c7ec158552a1e109c1c0d,cubic_spin_glass,test,matched_random_selective,all_to_all_reference,25,25,0,5,5,32.0,32.0,0.0,32.0,32.0,28.0,28.0,0.0,28.0,28.0,0.0,0.0,0.0,0.0,0.0007609039964154362,0.0007947999984025955,pass,,9d124ad72c0fe2b841fbfc927ec45c35cb413a6a0e01baada17f1025709d315c,9626c07cf4ccf3251a3585a4b367551c7a78f57218970c0d71f73f221adea5d3,22e05ea2e1684256cfcefc889a4c658b5530de8a
inst_ea1372732b45bea8ab2adc28dfcd62f4d328d838401c7ec158552a1e109c1c0d,cubic_spin_glass,test,matched_random_selective,device_sparse_v1,25,25,0,5,5,48.0,48.0,1.9364916731037085,47.24089526414335,48.75910473585665,36.6,36.0,2.4664414311581235,35.63315495898602,37.566845041013984,6.0,6.0,16.0,16.0,0.006650732001289726,0.00674280000384897,pass,,9d124ad72c0fe2b841fbfc927ec45c35cb413a6a0e01baada17f1025709d315c,9626c07cf4ccf3251a3585a4b367551c7a78f57218970c0d71f73f221adea5d3,22e05ea2e1684256cfcefc889a4c658b5530de8a
inst_ea1372732b45bea8ab2adc28dfcd62f4d328d838401c7ec158552a1e109c1c0d,cubic_spin_glass,test,selective,all_to_all_reference,5,5,0,0,5,32.0,32.0,0.0,32.0,32.0,28.0,28.0,0.0,28.0,28.0,0.0,0.0,0.0,0.0,0.0008220600022468716,0.0008586999902036041,pass,,9d124ad72c0fe2b841fbfc927ec45c35cb413a6a0e01baada17f1025709d315c,9626c07cf4ccf3251a3585a4b367551c7a78f57218970c0d71f73f221adea5d3,22e05ea2e1684256cfcefc889a4c658b5530de8a
inst_ea1372732b45bea8ab2adc28dfcd62f4d328d838401c7ec158552a1e109c1c0d,cubic_spin_glass,test,selective,device_sparse_v1,5,5,0,0,5,48.0,48.0,2.1213203435596424,46.14058073582099,49.85941926417901,36.6,36.0,2.701851217221259,34.231722989175466,38.968277010824536,6.0,6.0,16.0,16.0,0.007301700004609302,0.007605699996929616,pass,,9d124ad72c0fe2b841fbfc927ec45c35cb413a6a0e01baada17f1025709d315c,9626c07cf4ccf3251a3585a4b367551c7a78f57218970c0d71f73f221adea5d3,22e05ea2e1684256cfcefc889a4c658b5530de8a
inst_ece5bba3739bc03a15ddcd6bbe4055bbd33c8ec145b5e5027ddc9b2d78213107,cubic_spin_glass,validation,all_native,all_to_all_reference,5,5,0,0,5,64.0,64.0,0.0,64.0,64.0,64.0,64.0,0.0,64.0,64.0,0.0,0.0,0.0,0.0,0.0009878199954982847,0.0009849999914877117,pass,,9d124ad72c0fe2b841fbfc927ec45c35cb413a6a0e01baada17f1025709d315c,9626c07cf4ccf3251a3585a4b367551c7a78f57218970c0d71f73f221adea5d3,22e05ea2e1684256cfcefc889a4c658b5530de8a
inst_ece5bba3739bc03a15ddcd6bbe4055bbd33c8ec145b5e5027ddc9b2d78213107,cubic_spin_glass,validation,all_native,device_sparse_v1,5,5,0,0,5,88.8,88.0,2.16794833886788,86.8997094958928,90.7002905041072,76.0,75.0,4.795831523312719,71.79626832445267,80.20373167554733,12.4,12.0,24.8,24.0,0.007445100002223625,0.007435300009092316,pass,,9d124ad72c0fe2b841fbfc927ec45c35cb413a6a0e01baada17f1025709d315c,9626c07cf4ccf3251a3585a4b367551c7a78f57218970c0d71f73f221adea5d3,22e05ea2e1684256cfcefc889a4c658b5530de8a
inst_ece5bba3739bc03a15ddcd6bbe4055bbd33c8ec145b5e5027ddc9b2d78213107,cubic_spin_glass,validation,fully_quadratized,all_to_all_reference,5,5,0,0,5,80.0,80.0,0.0,80.0,80.0,34.0,34.0,0.0,34.0,34.0,0.0,0.0,0.0,0.0,0.00138497999869287,0.0012518000148702413,pass,,9d124ad72c0fe2b841fbfc927ec45c35cb413a6a0e01baada17f1025709d315c,9626c07cf4ccf3251a3585a4b367551c7a78f57218970c0d71f73f221adea5d3,22e05ea2e1684256cfcefc889a4c658b5530de8a
inst_ece5bba3739bc03a15ddcd6bbe4055bbd33c8ec145b5e5027ddc9b2d78213107,cubic_spin_glass,validation,fully_quadratized,device_sparse_v1,5,5,0,0,5,134.0,133.0,4.415880433163924,130.12931013900624,137.87068986099376,84.8,86.0,4.147288270665544,81.16474154976568,88.43525845023431,19.2,19.0,54.0,53.0,0.008421799994539469,0.008335699996678159,pass,,9d124ad72c0fe2b841fbfc927ec45c35cb413a6a0e01baada17f1025709d315c,9626c07cf4ccf3251a3585a4b367551c7a78f57218970c0d71f73f221adea5d3,22e05ea2e1684256cfcefc889a4c658b5530de8a
inst_ece5bba3739bc03a15ddcd6bbe4055bbd33c8ec145b5e5027ddc9b2d78213107,cubic_spin_glass,validation,matched_random_selective,all_to_all_reference,25,25,0,5,5,80.0,80.0,1.2909944487358056,79.49393017609556,80.50606982390444,65.6,66.0,4.163331998932265,63.967973856418546,67.23202614358144,0.0,0.0,0.0,0.0,0.0012337960011791437,0.001278299983823672,pass,,9d124ad72c0fe2b841fbfc927ec45c35cb413a6a0e01baada17f1025709d315c,9626c07cf4ccf3251a3585a4b367551c7a78f57218970c0d71f73f221adea5d3,22e05ea2e1684256cfcefc889a4c658b5530de8a
inst_ece5bba3739bc03a15ddcd6bbe4055bbd33c8ec145b5e5027ddc9b2d78213107,cubic_spin_glass,validation,matched_random_selective,device_sparse_v1,25,25,0,5,5,119.04,121.0,8.40872562679189,115.74377955429759,122.33622044570242,92.88,94.0,6.912066743504917,90.17046983654606,95.58953016345393,17.52,18.0,39.04,40.0,0.007716523997951299,0.007701499998802319,pass,,9d124ad72c0fe2b841fbfc927ec45c35cb413a6a0e01baada17f1025709d315c,9626c07cf4ccf3251a3585a4b367551c7a78f57218970c0d71f73f221adea5d3,22e05ea2e1684256cfcefc889a4c658b5530de8a
inst_ece5bba3739bc03a15ddcd6bbe4055bbd33c8ec145b5e5027ddc9b2d78213107,cubic_spin_glass,validation,selective,all_to_all_reference,5,5,0,0,5,82.0,82.0,0.0,82.0,82.0,38.0,38.0,0.0,38.0,38.0,0.0,0.0,0.0,0.0,0.0013184800103772432,0.0013129000144544989,pass,,9d124ad72c0fe2b841fbfc927ec45c35cb413a6a0e01baada17f1025709d315c,9626c07cf4ccf3251a3585a4b367551c7a78f57218970c0d71f73f221adea5d3,22e05ea2e1684256cfcefc889a4c658b5530de8a
inst_ece5bba3739bc03a15ddcd6bbe4055bbd33c8ec145b5e5027ddc9b2d78213107,cubic_spin_glass,validation,selective,device_sparse_v1,5,5,0,0,5,129.6,128.0,5.079370039680118,125.14773585689258,134.0522641431074,82.0,82.0,12.389511693363866,71.14011418107907,92.85988581892093,19.6,20.0,47.6,46.0,0.008241040003485977,0.007737100007943809,pass,,9d124ad72c0fe2b841fbfc927ec45c35cb413a6a0e01baada17f1025709d315c,9626c07cf4ccf3251a3585a4b367551c7a78f57218970c0d71f73f221adea5d3,22e05ea2e1684256cfcefc889a4c658b5530de8a
inst_edc6a7be57895210f8297e4c3332ad4cb3f2fe67ab75d9c0a5f1d571795b9415,max3sat,train,all_native,all_to_all_reference,5,5,0,0,5,142.0,142.0,0.0,142.0,142.0,97.0,97.0,0.0,97.0,97.0,0.0,0.0,0.0,0.0,0.0013384399993810804,0.001410199998645112,pass,,9d124ad72c0fe2b841fbfc927ec45c35cb413a6a0e01baada17f1025709d315c,9626c07cf4ccf3251a3585a4b367551c7a78f57218970c0d71f73f221adea5d3,22e05ea2e1684256cfcefc889a4c658b5530de8a
inst_edc6a7be57895210f8297e4c3332ad4cb3f2fe67ab75d9c0a5f1d571795b9415,max3sat,train,all_native,device_sparse_v1,5,5,0,0,5,241.8,242.0,4.324349662087931,238.00954039726054,245.5904596027395,192.4,190.0,9.370165420097983,184.18668787881526,200.61331212118475,37.8,37.0,99.8,100.0,0.00932387999491766,0.009057599992956966,pass,,9d124ad72c0fe2b841fbfc927ec45c35cb413a6a0e01baada17f1025709d315c,9626c07cf4ccf3251a3585a4b367551c7a78f57218970c0d71f73f221adea5d3,22e05ea2e1684256cfcefc889a4c658b5530de8a
inst_edc6a7be57895210f8297e4c3332ad4cb3f2fe67ab75d9c0a5f1d571795b9415,max3sat,train,fully_quadratized,all_to_all_reference,5,5,0,0,5,126.0,126.0,0.0,126.0,126.0,40.0,40.0,0.0,40.0,40.0,0.0,0.0,0.0,0.0,0.001433299999916926,0.0014130000199656934,pass,,9d124ad72c0fe2b841fbfc927ec45c35cb413a6a0e01baada17f1025709d315c,9626c07cf4ccf3251a3585a4b367551c7a78f57218970c0d71f73f221adea5d3,22e05ea2e1684256cfcefc889a4c658b5530de8a
inst_edc6a7be57895210f8297e4c3332ad4cb3f2fe67ab75d9c0a5f1d571795b9415,max3sat,train,fully_quadratized,device_sparse_v1,5,0,5,0,5,,,,,,,,,,,,,,,,,expected_infeasible_width,expected_capacity_failure,9d124ad72c0fe2b841fbfc927ec45c35cb413a6a0e01baada17f1025709d315c,9626c07cf4ccf3251a3585a4b367551c7a78f57218970c0d71f73f221adea5d3,22e05ea2e1684256cfcefc889a4c658b5530de8a
inst_edc6a7be57895210f8297e4c3332ad4cb3f2fe67ab75d9c0a5f1d571795b9415,max3sat,train,matched_random_selective,all_to_all_reference,25,25,0,5,5,146.0,146.0,2.581988897471611,144.98786035219112,147.01213964780888,73.4,69.0,9.367496997597597,69.72794117694175,77.07205882305826,0.0,0.0,0.0,0.0,0.0013394840026739986,0.0013261999993119389,pass,,9d124ad72c0fe2b841fbfc927ec45c35cb413a6a0e01baada17f1025709d315c,9626c07cf4ccf3251a3585a4b367551c7a78f57218970c0d71f73f221adea5d3,22e05ea2e1684256cfcefc889a4c658b5530de8a
inst_edc6a7be57895210f8297e4c3332ad4cb3f2fe67ab75d9c0a5f1d571795b9415,max3sat,train,matched_random_selective,device_sparse_v1,25,0,25,5,5,,,,,,,,,,,,,,,,,expected_infeasible_width,expected_capacity_failure,9d124ad72c0fe2b841fbfc927ec45c35cb413a6a0e01baada17f1025709d315c,9626c07cf4ccf3251a3585a4b367551c7a78f57218970c0d71f73f221adea5d3,22e05ea2e1684256cfcefc889a4c658b5530de8a
inst_edc6a7be57895210f8297e4c3332ad4cb3f2fe67ab75d9c0a5f1d571795b9415,max3sat,train,selective,all_to_all_reference,5,5,0,0,5,128.0,128.0,0.0,128.0,128.0,48.0,48.0,0.0,48.0,48.0,0.0,0.0,0.0,0.0,0.0012998599966522306,0.001298899995163083,pass,,9d124ad72c0fe2b841fbfc927ec45c35cb413a6a0e01baada17f1025709d315c,9626c07cf4ccf3251a3585a4b367551c7a78f57218970c0d71f73f221adea5d3,22e05ea2e1684256cfcefc889a4c658b5530de8a
inst_edc6a7be57895210f8297e4c3332ad4cb3f2fe67ab75d9c0a5f1d571795b9415,max3sat,train,selective,device_sparse_v1,5,0,5,0,5,,,,,,,,,,,,,,,,,expected_infeasible_width,expected_capacity_failure,9d124ad72c0fe2b841fbfc927ec45c35cb413a6a0e01baada17f1025709d315c,9626c07cf4ccf3251a3585a4b367551c7a78f57218970c0d71f73f221adea5d3,22e05ea2e1684256cfcefc889a4c658b5530de8a
inst_ee30c9f5c123b7e1b93abed350ca64e7dc66b77042c74c2583df52d2313c7c61,cubic_spin_glass,train,all_native,all_to_all_reference,5,5,0,0,5,64.0,64.0,0.0,64.0,64.0,52.0,52.0,0.0,52.0,52.0,0.0,0.0,0.0,0.0,0.0012152199866250156,0.00130819997866638,pass,,9d124ad72c0fe2b841fbfc927ec45c35cb413a6a0e01baada17f1025709d315c,9626c07cf4ccf3251a3585a4b367551c7a78f57218970c0d71f73f221adea5d3,22e05ea2e1684256cfcefc889a4c658b5530de8a
inst_ee30c9f5c123b7e1b93abed350ca64e7dc66b77042c74c2583df52d2313c7c61,cubic_spin_glass,train,all_native,device_sparse_v1,5,5,0,0,5,112.2,113.0,2.7748873851023217,109.76770396538579,114.63229603461421,86.2,84.0,6.496152707564686,80.5058710938371,91.8941289061629,17.4,17.0,48.2,49.0,0.007963060005567967,0.00787920001312159,pass,,9d124ad72c0fe2b841fbfc927ec45c35cb413a6a0e01baada17f1025709d315c,9626c07cf4ccf3251a3585a4b367551c7a78f57218970c0d71f73f221adea5d3,22e05ea2e1684256cfcefc889a4c658b5530de8a
inst_ee30c9f5c123b7e1b93abed350ca64e7dc66b77042c74c2583df52d2313c7c61,cubic_spin_glass,train,fully_quadratized,all_to_all_reference,5,5,0,0,5,92.0,92.0,0.0,92.0,92.0,34.0,34.0,0.0,34.0,34.0,0.0,0.0,0.0,0.0,0.0010889399971347302,0.0010776999988593161,pass,,9d124ad72c0fe2b841fbfc927ec45c35cb413a6a0e01baada17f1025709d315c,9626c07cf4ccf3251a3585a4b367551c7a78f57218970c0d71f73f221adea5d3,22e05ea2e1684256cfcefc889a4c658b5530de8a
inst_ee30c9f5c123b7e1b93abed350ca64e7dc66b77042c74c2583df52d2313c7c61,cubic_spin_glass,train,fully_quadratized,device_sparse_v1,5,5,0,0,5,158.4,159.0,2.3021728866442674,156.38205649236656,160.41794350763345,92.0,87.0,10.51189802081432,82.78591512954216,101.21408487045784,24.0,24.0,66.4,67.0,0.008009219996165485,0.007706699980190024,pass,,9d124ad72c0fe2b841fbfc927ec45c35cb413a6a0e01baada17f1025709d315c,9626c07cf4ccf3251a3585a4b367551c7a78f57218970c0d71f73f221adea5d3,22e05ea2e1684256cfcefc889a4c658b5530de8a
inst_ee30c9f5c123b7e1b93abed350ca64e7dc66b77042c74c2583df52d2313c7c61,cubic_spin_glass,train,matched_random_selective,all_to_all_reference,25,25,0,5,5,64.0,64.0,0.0,64.0,64.0,52.0,52.0,0.0,52.0,52.0,0.0,0.0,0.0,0.0,0.0010302559984847904,0.001007299986667931,pass,,9d124ad72c0fe2b841fbfc927ec45c35cb413a6a0e01baada17f1025709d315c,9626c07cf4ccf3251a3585a4b367551c7a78f57218970c0d71f73f221adea5d3,22e05ea2e1684256cfcefc889a4c658b5530de8a
inst_ee30c9f5c123b7e1b93abed350ca64e7dc66b77042c74c2583df52d2313c7c61,cubic_spin_glass,train,matched_random_selective,device_sparse_v1,25,25,0,5,5,112.2,113.0,2.533114025595111,111.20701930196672,113.19298069803328,86.2,84.0,5.930148958219065,83.87538160837813,88.52461839162187,17.4,17.0,48.2,49.0,0.006666928003542125,0.006329700001515448,pass,,9d124ad72c0fe2b841fbfc927ec45c35cb413a6a0e01baada17f1025709d315c,9626c07cf4ccf3251a3585a4b367551c7a78f57218970c0d71f73f221adea5d3,22e05ea2e1684256cfcefc889a4c658b5530de8a
inst_ee30c9f5c123b7e1b93abed350ca64e7dc66b77042c74c2583df52d2313c7c61,cubic_spin_glass,train,selective,all_to_all_reference,5,5,0,0,5,64.0,64.0,0.0,64.0,64.0,52.0,52.0,0.0,52.0,52.0,0.0,0.0,0.0,0.0,0.0009989400045014919,0.0010075000172946602,pass,,9d124ad72c0fe2b841fbfc927ec45c35cb413a6a0e01baada17f1025709d315c,9626c07cf4ccf3251a3585a4b367551c7a78f57218970c0d71f73f221adea5d3,22e05ea2e1684256cfcefc889a4c658b5530de8a
inst_ee30c9f5c123b7e1b93abed350ca64e7dc66b77042c74c2583df52d2313c7c61,cubic_spin_glass,train,selective,device_sparse_v1,5,5,0,0,5,112.2,113.0,2.7748873851023217,109.76770396538579,114.63229603461421,86.2,84.0,6.496152707564686,80.5058710938371,91.8941289061629,17.4,17.0,48.2,49.0,0.006770740001229569,0.006751199980499223,pass,,9d124ad72c0fe2b841fbfc927ec45c35cb413a6a0e01baada17f1025709d315c,9626c07cf4ccf3251a3585a4b367551c7a78f57218970c0d71f73f221adea5d3,22e05ea2e1684256cfcefc889a4c658b5530de8a
inst_eea12da1e1e88a4c6e8507aad613af99cbc02e7026129f640f22f3660eb2ebc6,cubic_spin_glass,validation,all_native,all_to_all_reference,5,5,0,0,5,96.0,96.0,0.0,96.0,96.0,81.0,81.0,0.0,81.0,81.0,0.0,0.0,0.0,0.0,0.00211604000069201,0.0022000999888405204,pass,,9d124ad72c0fe2b841fbfc927ec45c35cb413a6a0e01baada17f1025709d315c,9626c07cf4ccf3251a3585a4b367551c7a78f57218970c0d71f73f221adea5d3,22e05ea2e1684256cfcefc889a4c658b5530de8a
inst_eea12da1e1e88a4c6e8507aad613af99cbc02e7026129f640f22f3660eb2ebc6,cubic_spin_glass,validation,all_native,device_sparse_v1,5,5,0,0,5,167.0,168.0,5.244044240850758,162.40339255537305,171.59660744462695,122.6,124.0,7.987490219086343,115.59865612899922,129.60134387100075,29.0,29.0,71.0,72.0,0.00992757998756133,0.010043199989013374,pass,,9d124ad72c0fe2b841fbfc927ec45c35cb413a6a0e01baada17f1025709d315c,9626c07cf4ccf3251a3585a4b367551c7a78f57218970c0d71f73f221adea5d3,22e05ea2e1684256cfcefc889a4c658b5530de8a
inst_eea12da1e1e88a4c6e8507aad613af99cbc02e7026129f640f22f3660eb2ebc6,cubic_spin_glass,validation,fully_quadratized,all_to_all_reference,5,5,0,0,5,182.0,182.0,0.0,182.0,182.0,50.0,50.0,0.0,50.0,50.0,0.0,0.0,0.0,0.0,0.002495879988418892,0.0025027999945450574,pass,,9d124ad72c0fe2b841fbfc927ec45c35cb413a6a0e01baada17f1025709d315c,9626c07cf4ccf3251a3585a4b367551c7a78f57218970c0d71f73f221adea5d3,22e05ea2e1684256cfcefc889a4c658b5530de8a
inst_eea12da1e1e88a4c6e8507aad613af99cbc02e7026129f640f22f3660eb2ebc6,cubic_spin_glass,validation,fully_quadratized,device_sparse_v1,5,0,5,0,5,,,,,,,,,,,,,,,,,expected_infeasible_width,expected_capacity_failure,9d124ad72c0fe2b841fbfc927ec45c35cb413a6a0e01baada17f1025709d315c,9626c07cf4ccf3251a3585a4b367551c7a78f57218970c0d71f73f221adea5d3,22e05ea2e1684256cfcefc889a4c658b5530de8a
inst_eea12da1e1e88a4c6e8507aad613af99cbc02e7026129f640f22f3660eb2ebc6,cubic_spin_glass,validation,matched_random_selective,all_to_all_reference,25,25,0,5,5,112.4,114.0,2.3804761428476167,111.46685335200374,113.33314664799627,80.0,79.0,4.564354645876384,78.21077297881645,81.78922702118355,0.0,0.0,0.0,0.0,0.0018905320030171424,0.0019332999945618212,pass,,9d124ad72c0fe2b841fbfc927ec45c35cb413a6a0e01baada17f1025709d315c,9626c07cf4ccf3251a3585a4b367551c7a78f57218970c0d71f73f221adea5d3,22e05ea2e1684256cfcefc889a4c658b5530de8a
inst_eea12da1e1e88a4c6e8507aad613af99cbc02e7026129f640f22f3660eb2ebc6,cubic_spin_glass,validation,matched_random_selective,device_sparse_v1,25,0,25,5,5,,,,,,,,,,,,,,,,,expected_infeasible_width,expected_capacity_failure,9d124ad72c0fe2b841fbfc927ec45c35cb413a6a0e01baada17f1025709d315c,9626c07cf4ccf3251a3585a4b367551c7a78f57218970c0d71f73f221adea5d3,22e05ea2e1684256cfcefc889a4c658b5530de8a
inst_eea12da1e1e88a4c6e8507aad613af99cbc02e7026129f640f22f3660eb2ebc6,cubic_spin_glass,validation,selective,all_to_all_reference,5,5,0,0,5,110.0,110.0,0.0,110.0,110.0,60.0,60.0,0.0,60.0,60.0,0.0,0.0,0.0,0.0,0.0020853200054261833,0.002088200009893626,pass,,9d124ad72c0fe2b841fbfc927ec45c35cb413a6a0e01baada17f1025709d315c,9626c07cf4ccf3251a3585a4b367551c7a78f57218970c0d71f73f221adea5d3,22e05ea2e1684256cfcefc889a4c658b5530de8a
inst_eea12da1e1e88a4c6e8507aad613af99cbc02e7026129f640f22f3660eb2ebc6,cubic_spin_glass,validation,selective,device_sparse_v1,5,0,5,0,5,,,,,,,,,,,,,,,,,expected_infeasible_width,expected_capacity_failure,9d124ad72c0fe2b841fbfc927ec45c35cb413a6a0e01baada17f1025709d315c,9626c07cf4ccf3251a3585a4b367551c7a78f57218970c0d71f73f221adea5d3,22e05ea2e1684256cfcefc889a4c658b5530de8a
inst_ef15628e3860089c2ab159ded8e1fa9dbfbc8b813be7872196abc3ec5dbbb6b7,max3sat,validation,all_native,all_to_all_reference,5,5,0,0,5,256.0,256.0,0.0,256.0,256.0,175.0,175.0,0.0,175.0,175.0,0.0,0.0,0.0,0.0,0.001534480002010241,0.0015295000048354268,pass,,9d124ad72c0fe2b841fbfc927ec45c35cb413a6a0e01baada17f1025709d315c,9626c07cf4ccf3251a3585a4b367551c7a78f57218970c0d71f73f221adea5d3,22e05ea2e1684256cfcefc889a4c658b5530de8a
inst_ef15628e3860089c2ab159ded8e1fa9dbfbc8b813be7872196abc3ec5dbbb6b7,max3sat,validation,all_native,device_sparse_v1,5,0,5,0,5,,,,,,,,,,,,,,,,,expected_infeasible_width,expected_capacity_failure,9d124ad72c0fe2b841fbfc927ec45c35cb413a6a0e01baada17f1025709d315c,9626c07cf4ccf3251a3585a4b367551c7a78f57218970c0d71f73f221adea5d3,22e05ea2e1684256cfcefc889a4c658b5530de8a
inst_ef15628e3860089c2ab159ded8e1fa9dbfbc8b813be7872196abc3ec5dbbb6b7,max3sat,validation,fully_quadratized,all_to_all_reference,5,5,0,0,5,164.0,164.0,0.0,164.0,164.0,62.0,62.0,0.0,62.0,62.0,0.0,0.0,0.0,0.0,0.0013151199906133114,0.0013183999981265515,pass,,9d124ad72c0fe2b841fbfc927ec45c35cb413a6a0e01baada17f1025709d315c,9626c07cf4ccf3251a3585a4b367551c7a78f57218970c0d71f73f221adea5d3,22e05ea2e1684256cfcefc889a4c658b5530de8a
inst_ef15628e3860089c2ab159ded8e1fa9dbfbc8b813be7872196abc3ec5dbbb6b7,max3sat,validation,fully_quadratized,device_sparse_v1,5,0,5,0,5,,,,,,,,,,,,,,,,,expected_infeasible_width,expected_capacity_failure,9d124ad72c0fe2b841fbfc927ec45c35cb413a6a0e01baada17f1025709d315c,9626c07cf4ccf3251a3585a4b367551c7a78f57218970c0d71f73f221adea5d3,22e05ea2e1684256cfcefc889a4c658b5530de8a
inst_ef15628e3860089c2ab159ded8e1fa9dbfbc8b813be7872196abc3ec5dbbb6b7,max3sat,validation,matched_random_selective,all_to_all_reference,25,25,0,5,5,250.4,256.0,14.341083176199302,244.77829539492987,256.0217046050701,149.2,161.0,20.25257185314168,141.26099183356845,157.13900816643152,0.0,0.0,0.0,0.0,0.0016757239995058627,0.0016007999947760254,pass,,9d124ad72c0fe2b841fbfc927ec45c35cb413a6a0e01baada17f1025709d315c,9626c07cf4ccf3251a3585a4b367551c7a78f57218970c0d71f73f221adea5d3,22e05ea2e1684256cfcefc889a4c658b5530de8a
inst_ef15628e3860089c2ab159ded8e1fa9dbfbc8b813be7872196abc3ec5dbbb6b7,max3sat,validation,matched_random_selective,device_sparse_v1,25,0,25,5,5,,,,,,,,,,,,,,,,,expected_infeasible_width,expected_capacity_failure,9d124ad72c0fe2b841fbfc927ec45c35cb413a6a0e01baada17f1025709d315c,9626c07cf4ccf3251a3585a4b367551c7a78f57218970c0d71f73f221adea5d3,22e05ea2e1684256cfcefc889a4c658b5530de8a
inst_ef15628e3860089c2ab159ded8e1fa9dbfbc8b813be7872196abc3ec5dbbb6b7,max3sat,validation,selective,all_to_all_reference,5,5,0,0,5,174.0,174.0,0.0,174.0,174.0,64.0,64.0,0.0,64.0,64.0,0.0,0.0,0.0,0.0,0.0013552800053730607,0.00135420000879094,pass,,9d124ad72c0fe2b841fbfc927ec45c35cb413a6a0e01baada17f1025709d315c,9626c07cf4ccf3251a3585a4b367551c7a78f57218970c0d71f73f221adea5d3,22e05ea2e1684256cfcefc889a4c658b5530de8a
inst_ef15628e3860089c2ab159ded8e1fa9dbfbc8b813be7872196abc3ec5dbbb6b7,max3sat,validation,selective,device_sparse_v1,5,0,5,0,5,,,,,,,,,,,,,,,,,expected_infeasible_width,expected_capacity_failure,9d124ad72c0fe2b841fbfc927ec45c35cb413a6a0e01baada17f1025709d315c,9626c07cf4ccf3251a3585a4b367551c7a78f57218970c0d71f73f221adea5d3,22e05ea2e1684256cfcefc889a4c658b5530de8a
inst_ef49f2fe7a33b84b6f96e5521c5c8fdf75a20c6927b1ee95513546942ddcb745,max3sat,validation,all_native,all_to_all_reference,5,5,0,0,5,274.0,274.0,0.0,274.0,274.0,194.0,194.0,0.0,194.0,194.0,0.0,0.0,0.0,0.0,0.001931460009654984,0.0018388000025879592,pass,,9d124ad72c0fe2b841fbfc927ec45c35cb413a6a0e01baada17f1025709d315c,9626c07cf4ccf3251a3585a4b367551c7a78f57218970c0d71f73f221adea5d3,22e05ea2e1684256cfcefc889a4c658b5530de8a
inst_ef49f2fe7a33b84b6f96e5521c5c8fdf75a20c6927b1ee95513546942ddcb745,max3sat,validation,all_native,device_sparse_v1,5,0,5,0,5,,,,,,,,,,,,,,,,,expected_infeasible_width,expected_capacity_failure,9d124ad72c0fe2b841fbfc927ec45c35cb413a6a0e01baada17f1025709d315c,9626c07cf4ccf3251a3585a4b367551c7a78f57218970c0d71f73f221adea5d3,22e05ea2e1684256cfcefc889a4c658b5530de8a
inst_ef49f2fe7a33b84b6f96e5521c5c8fdf75a20c6927b1ee95513546942ddcb745,max3sat,validation,fully_quadratized,all_to_all_reference,5,5,0,0,5,200.0,200.0,0.0,200.0,200.0,76.0,76.0,0.0,76.0,76.0,0.0,0.0,0.0,0.0,0.0016248199914116412,0.0016032000130508095,pass,,9d124ad72c0fe2b841fbfc927ec45c35cb413a6a0e01baada17f1025709d315c,9626c07cf4ccf3251a3585a4b367551c7a78f57218970c0d71f73f221adea5d3,22e05ea2e1684256cfcefc889a4c658b5530de8a
inst_ef49f2fe7a33b84b6f96e5521c5c8fdf75a20c6927b1ee95513546942ddcb745,max3sat,validation,fully_quadratized,device_sparse_v1,5,0,5,0,5,,,,,,,,,,,,,,,,,expected_infeasible_width,expected_capacity_failure,9d124ad72c0fe2b841fbfc927ec45c35cb413a6a0e01baada17f1025709d315c,9626c07cf4ccf3251a3585a4b367551c7a78f57218970c0d71f73f221adea5d3,22e05ea2e1684256cfcefc889a4c658b5530de8a
inst_ef49f2fe7a33b84b6f96e5521c5c8fdf75a20c6927b1ee95513546942ddcb745,max3sat,validation,matched_random_selective,all_to_all_reference,25,25,0,5,5,279.6,280.0,2.70801280154532,278.53845898179424,280.6615410182058,188.4,188.0,0.816496580927726,188.07993334027634,188.72006665972367,0.0,0.0,0.0,0.0,0.002030348003609106,0.0018989999953191727,pass,,9d124ad72c0fe2b841fbfc927ec45c35cb413a6a0e01baada17f1025709d315c,9626c07cf4ccf3251a3585a4b367551c7a78f57218970c0d71f73f221adea5d3,22e05ea2e1684256cfcefc889a4c658b5530de8a
inst_ef49f2fe7a33b84b6f96e5521c5c8fdf75a20c6927b1ee95513546942ddcb745,max3sat,validation,matched_random_selective,device_sparse_v1,25,0,25,5,5,,,,,,,,,,,,,,,,,expected_infeasible_width,expected_capacity_failure,9d124ad72c0fe2b841fbfc927ec45c35cb413a6a0e01baada17f1025709d315c,9626c07cf4ccf3251a3585a4b367551c7a78f57218970c0d71f73f221adea5d3,22e05ea2e1684256cfcefc889a4c658b5530de8a
inst_ef49f2fe7a33b84b6f96e5521c5c8fdf75a20c6927b1ee95513546942ddcb745,max3sat,validation,selective,all_to_all_reference,5,5,0,0,5,200.0,200.0,0.0,200.0,200.0,74.0,74.0,0.0,74.0,74.0,0.0,0.0,0.0,0.0,0.0016146400128491222,0.0015892000228632241,pass,,9d124ad72c0fe2b841fbfc927ec45c35cb413a6a0e01baada17f1025709d315c,9626c07cf4ccf3251a3585a4b367551c7a78f57218970c0d71f73f221adea5d3,22e05ea2e1684256cfcefc889a4c658b5530de8a
inst_ef49f2fe7a33b84b6f96e5521c5c8fdf75a20c6927b1ee95513546942ddcb745,max3sat,validation,selective,device_sparse_v1,5,0,5,0,5,,,,,,,,,,,,,,,,,expected_infeasible_width,expected_capacity_failure,9d124ad72c0fe2b841fbfc927ec45c35cb413a6a0e01baada17f1025709d315c,9626c07cf4ccf3251a3585a4b367551c7a78f57218970c0d71f73f221adea5d3,22e05ea2e1684256cfcefc889a4c658b5530de8a
inst_ef8b06cb660f7d79dd26817980f7262c71e0993a3de1c210c321cc575edbe07f,max3sat,train,all_native,all_to_all_reference,5,5,0,0,5,184.0,184.0,0.0,184.0,184.0,139.0,139.0,0.0,139.0,139.0,0.0,0.0,0.0,0.0,0.002048719994490966,0.0020209999929647893,pass,,9d124ad72c0fe2b841fbfc927ec45c35cb413a6a0e01baada17f1025709d315c,9626c07cf4ccf3251a3585a4b367551c7a78f57218970c0d71f73f221adea5d3,22e05ea2e1684256cfcefc889a4c658b5530de8a
inst_ef8b06cb660f7d79dd26817980f7262c71e0993a3de1c210c321cc575edbe07f,max3sat,train,all_native,device_sparse_v1,5,5,0,0,5,316.6,317.0,2.9664793948382653,313.9997661643614,319.20023383563864,244.0,245.0,7.516648189186454,237.41136736492314,250.58863263507686,50.6,49.0,132.6,133.0,0.011278979998314754,0.011132299987366423,pass,,9d124ad72c0fe2b841fbfc927ec45c35cb413a6a0e01baada17f1025709d315c,9626c07cf4ccf3251a3585a4b367551c7a78f57218970c0d71f73f221adea5d3,22e05ea2e1684256cfcefc889a4c658b5530de8a
inst_ef8b06cb660f7d79dd26817980f7262c71e0993a3de1c210c321cc575edbe07f,max3sat,train,fully_quadratized,all_to_all_reference,5,5,0,0,5,150.0,150.0,0.0,150.0,150.0,46.0,46.0,0.0,46.0,46.0,0.0,0.0,0.0,0.0,0.0020535799907520414,0.002076699980534613,pass,,9d124ad72c0fe2b841fbfc927ec45c35cb413a6a0e01baada17f1025709d315c,9626c07cf4ccf3251a3585a4b367551c7a78f57218970c0d71f73f221adea5d3,22e05ea2e1684256cfcefc889a4c658b5530de8a
inst_ef8b06cb660f7d79dd26817980f7262c71e0993a3de1c210c321cc575edbe07f,max3sat,train,fully_quadratized,device_sparse_v1,5,0,5,0,5,,,,,,,,,,,,,,,,,expected_infeasible_width,expected_capacity_failure,9d124ad72c0fe2b841fbfc927ec45c35cb413a6a0e01baada17f1025709d315c,9626c07cf4ccf3251a3585a4b367551c7a78f57218970c0d71f73f221adea5d3,22e05ea2e1684256cfcefc889a4c658b5530de8a
inst_ef8b06cb660f7d79dd26817980f7262c71e0993a3de1c210c321cc575edbe07f,max3sat,train,matched_random_selective,all_to_all_reference,25,25,0,5,5,184.8,184.0,5.5677643628300215,182.61743636977064,186.98256363022938,92.4,91.0,9.9079092984679,88.5160995550006,96.28390044499942,0.0,0.0,0.0,0.0,0.0019583160022739322,0.0017805999959819019,pass,,9d124ad72c0fe2b841fbfc927ec45c35cb413a6a0e01baada17f1025709d315c,9626c07cf4ccf3251a3585a4b367551c7a78f57218970c0d71f73f221adea5d3,22e05ea2e1684256cfcefc889a4c658b5530de8a
inst_ef8b06cb660f7d79dd26817980f7262c71e0993a3de1c210c321cc575edbe07f,max3sat,train,matched_random_selective,device_sparse_v1,25,0,25,5,5,,,,,,,,,,,,,,,,,expected_infeasible_width,expected_capacity_failure,9d124ad72c0fe2b841fbfc927ec45c35cb413a6a0e01baada17f1025709d315c,9626c07cf4ccf3251a3585a4b367551c7a78f57218970c0d71f73f221adea5d3,22e05ea2e1684256cfcefc889a4c658b5530de8a
inst_ef8b06cb660f7d79dd26817980f7262c71e0993a3de1c210c321cc575edbe07f,max3sat,train,selective,all_to_all_reference,5,5,0,0,5,160.0,160.0,0.0,160.0,160.0,59.0,59.0,0.0,59.0,59.0,0.0,0.0,0.0,0.0,0.0017221399990376084,0.0016054000006988645,pass,,9d124ad72c0fe2b841fbfc927ec45c35cb413a6a0e01baada17f1025709d315c,9626c07cf4ccf3251a3585a4b367551c7a78f57218970c0d71f73f221adea5d3,22e05ea2e1684256cfcefc889a4c658b5530de8a
inst_ef8b06cb660f7d79dd26817980f7262c71e0993a3de1c210c321cc575edbe07f,max3sat,train,selective,device_sparse_v1,5,0,5,0,5,,,,,,,,,,,,,,,,,expected_infeasible_width,expected_capacity_failure,9d124ad72c0fe2b841fbfc927ec45c35cb413a6a0e01baada17f1025709d315c,9626c07cf4ccf3251a3585a4b367551c7a78f57218970c0d71f73f221adea5d3,22e05ea2e1684256cfcefc889a4c658b5530de8a
inst_f29b35824bf56c712844358d17dd46d00aa5d95ac0b138e8f6c349d586ccae67,max3sat,train,all_native,all_to_all_reference,5,5,0,0,5,328.0,328.0,0.0,328.0,328.0,143.0,143.0,0.0,143.0,143.0,0.0,0.0,0.0,0.0,0.002544820006005466,0.002477100002579391,pass,,9d124ad72c0fe2b841fbfc927ec45c35cb413a6a0e01baada17f1025709d315c,9626c07cf4ccf3251a3585a4b367551c7a78f57218970c0d71f73f221adea5d3,22e05ea2e1684256cfcefc889a4c658b5530de8a
inst_f29b35824bf56c712844358d17dd46d00aa5d95ac0b138e8f6c349d586ccae67,max3sat,train,all_native,device_sparse_v1,5,0,5,0,5,,,,,,,,,,,,,,,,,expected_infeasible_width,expected_capacity_failure,9d124ad72c0fe2b841fbfc927ec45c35cb413a6a0e01baada17f1025709d315c,9626c07cf4ccf3251a3585a4b367551c7a78f57218970c0d71f73f221adea5d3,22e05ea2e1684256cfcefc889a4c658b5530de8a
inst_f29b35824bf56c712844358d17dd46d00aa5d95ac0b138e8f6c349d586ccae67,max3sat,train,fully_quadratized,all_to_all_reference,5,5,0,0,5,288.0,288.0,0.0,288.0,288.0,54.0,54.0,0.0,54.0,54.0,0.0,0.0,0.0,0.0,0.003070599999045953,0.0030786000133957714,pass,,9d124ad72c0fe2b841fbfc927ec45c35cb413a6a0e01baada17f1025709d315c,9626c07cf4ccf3251a3585a4b367551c7a78f57218970c0d71f73f221adea5d3,22e05ea2e1684256cfcefc889a4c658b5530de8a
inst_f29b35824bf56c712844358d17dd46d00aa5d95ac0b138e8f6c349d586ccae67,max3sat,train,fully_quadratized,device_sparse_v1,5,0,5,0,5,,,,,,,,,,,,,,,,,expected_infeasible_width,expected_capacity_failure,9d124ad72c0fe2b841fbfc927ec45c35cb413a6a0e01baada17f1025709d315c,9626c07cf4ccf3251a3585a4b367551c7a78f57218970c0d71f73f221adea5d3,22e05ea2e1684256cfcefc889a4c658b5530de8a
inst_f29b35824bf56c712844358d17dd46d00aa5d95ac0b138e8f6c349d586ccae67,max3sat,train,matched_random_selective,all_to_all_reference,25,25,0,5,5,338.8,340.0,2.449489742783178,337.839800020829,339.76019997917103,107.6,108.0,2.70801280154532,106.53845898179424,108.66154101820575,0.0,0.0,0.0,0.0,0.0028826639999169857,0.002778299996862188,pass,,9d124ad72c0fe2b841fbfc927ec45c35cb413a6a0e01baada17f1025709d315c,9626c07cf4ccf3251a3585a4b367551c7a78f57218970c0d71f73f221adea5d3,22e05ea2e1684256cfcefc889a4c658b5530de8a
inst_f29b35824bf56c712844358d17dd46d00aa5d95ac0b138e8f6c349d586ccae67,max3sat,train,matched_random_selective,device_sparse_v1,25,0,25,5,5,,,,,,,,,,,,,,,,,expected_infeasible_width,expected_capacity_failure,9d124ad72c0fe2b841fbfc927ec45c35cb413a6a0e01baada17f1025709d315c,9626c07cf4ccf3251a3585a4b367551c7a78f57218970c0d71f73f221adea5d3,22e05ea2e1684256cfcefc889a4c658b5530de8a
inst_f29b35824bf56c712844358d17dd46d00aa5d95ac0b138e8f6c349d586ccae67,max3sat,train,selective,all_to_all_reference,5,5,0,0,5,284.0,284.0,0.0,284.0,284.0,66.0,66.0,0.0,66.0,66.0,0.0,0.0,0.0,0.0,0.002568660007091239,0.002546000003349036,pass,,9d124ad72c0fe2b841fbfc927ec45c35cb413a6a0e01baada17f1025709d315c,9626c07cf4ccf3251a3585a4b367551c7a78f57218970c0d71f73f221adea5d3,22e05ea2e1684256cfcefc889a4c658b5530de8a
inst_f29b35824bf56c712844358d17dd46d00aa5d95ac0b138e8f6c349d586ccae67,max3sat,train,selective,device_sparse_v1,5,0,5,0,5,,,,,,,,,,,,,,,,,expected_infeasible_width,expected_capacity_failure,9d124ad72c0fe2b841fbfc927ec45c35cb413a6a0e01baada17f1025709d315c,9626c07cf4ccf3251a3585a4b367551c7a78f57218970c0d71f73f221adea5d3,22e05ea2e1684256cfcefc889a4c658b5530de8a
inst_f34c63f8cfd94227a08f5c94c23fc2ab0b44f082c3ebb7d7c987fd86a735be25,cubic_spin_glass,validation,all_native,all_to_all_reference,5,5,0,0,5,160.0,160.0,0.0,160.0,160.0,140.0,140.0,0.0,140.0,140.0,0.0,0.0,0.0,0.0,0.003173020004760474,0.003198199992766604,pass,,9d124ad72c0fe2b841fbfc927ec45c35cb413a6a0e01baada17f1025709d315c,9626c07cf4ccf3251a3585a4b367551c7a78f57218970c0d71f73f221adea5d3,22e05ea2e1684256cfcefc889a4c658b5530de8a
inst_f34c63f8cfd94227a08f5c94c23fc2ab0b44f082c3ebb7d7c987fd86a735be25,cubic_spin_glass,validation,all_native,device_sparse_v1,5,0,5,0,5,,,,,,,,,,,,,,,,,expected_infeasible_width,expected_capacity_failure,9d124ad72c0fe2b841fbfc927ec45c35cb413a6a0e01baada17f1025709d315c,9626c07cf4ccf3251a3585a4b367551c7a78f57218970c0d71f73f221adea5d3,22e05ea2e1684256cfcefc889a4c658b5530de8a
inst_f34c63f8cfd94227a08f5c94c23fc2ab0b44f082c3ebb7d7c987fd86a735be25,cubic_spin_glass,validation,fully_quadratized,all_to_all_reference,5,5,0,0,5,218.0,218.0,0.0,218.0,218.0,68.0,68.0,0.0,68.0,68.0,0.0,0.0,0.0,0.0,0.002286099997581914,0.0021284999966155738,pass,,9d124ad72c0fe2b841fbfc927ec45c35cb413a6a0e01baada17f1025709d315c,9626c07cf4ccf3251a3585a4b367551c7a78f57218970c0d71f73f221adea5d3,22e05ea2e1684256cfcefc889a4c658b5530de8a
inst_f34c63f8cfd94227a08f5c94c23fc2ab0b44f082c3ebb7d7c987fd86a735be25,cubic_spin_glass,validation,fully_quadratized,device_sparse_v1,5,0,5,0,5,,,,,,,,,,,,,,,,,expected_infeasible_width,expected_capacity_failure,9d124ad72c0fe2b841fbfc927ec45c35cb413a6a0e01baada17f1025709d315c,9626c07cf4ccf3251a3585a4b367551c7a78f57218970c0d71f73f221adea5d3,22e05ea2e1684256cfcefc889a4c658b5530de8a
inst_f34c63f8cfd94227a08f5c94c23fc2ab0b44f082c3ebb7d7c987fd86a735be25,cubic_spin_glass,validation,matched_random_selective,all_to_all_reference,25,25,0,5,5,170.0,168.0,4.08248290463863,168.39966670138165,171.60033329861835,140.2,139.0,6.87386354243376,137.50544549136595,142.89455450863403,0.0,0.0,0.0,0.0,0.002474247998325154,0.0023126000014599413,pass,,9d124ad72c0fe2b841fbfc927ec45c35cb413a6a0e01baada17f1025709d315c,9626c07cf4ccf3251a3585a4b367551c7a78f57218970c0d71f73f221adea5d3,22e05ea2e1684256cfcefc889a4c658b5530de8a
inst_f34c63f8cfd94227a08f5c94c23fc2ab0b44f082c3ebb7d7c987fd86a735be25,cubic_spin_glass,validation,matched_random_selective,device_sparse_v1,25,0,25,5,5,,,,,,,,,,,,,,,,,expected_infeasible_width,expected_capacity_failure,9d124ad72c0fe2b841fbfc927ec45c35cb413a6a0e01baada17f1025709d315c,9626c07cf4ccf3251a3585a4b367551c7a78f57218970c0d71f73f221adea5d3,22e05ea2e1684256cfcefc889a4c658b5530de8a
inst_f34c63f8cfd94227a08f5c94c23fc2ab0b44f082c3ebb7d7c987fd86a735be25,cubic_spin_glass,validation,selective,all_to_all_reference,5,5,0,0,5,172.0,172.0,0.0,172.0,172.0,106.0,106.0,0.0,106.0,106.0,0.0,0.0,0.0,0.0,0.002333059994271025,0.0022857999720145017,pass,,9d124ad72c0fe2b841fbfc927ec45c35cb413a6a0e01baada17f1025709d315c,9626c07cf4ccf3251a3585a4b367551c7a78f57218970c0d71f73f221adea5d3,22e05ea2e1684256cfcefc889a4c658b5530de8a
inst_f34c63f8cfd94227a08f5c94c23fc2ab0b44f082c3ebb7d7c987fd86a735be25,cubic_spin_glass,validation,selective,device_sparse_v1,5,0,5,0,5,,,,,,,,,,,,,,,,,expected_infeasible_width,expected_capacity_failure,9d124ad72c0fe2b841fbfc927ec45c35cb413a6a0e01baada17f1025709d315c,9626c07cf4ccf3251a3585a4b367551c7a78f57218970c0d71f73f221adea5d3,22e05ea2e1684256cfcefc889a4c658b5530de8a
inst_f37842a047e83492990313eec01ec5d49bc57873228193dd2f82f533032af864,cubic_spin_glass,validation,all_native,all_to_all_reference,5,5,0,0,5,128.0,128.0,0.0,128.0,128.0,93.0,93.0,0.0,93.0,93.0,0.0,0.0,0.0,0.0,0.0018447200069203972,0.0018292000168003142,pass,,9d124ad72c0fe2b841fbfc927ec45c35cb413a6a0e01baada17f1025709d315c,9626c07cf4ccf3251a3585a4b367551c7a78f57218970c0d71f73f221adea5d3,22e05ea2e1684256cfcefc889a4c658b5530de8a
inst_f37842a047e83492990313eec01ec5d49bc57873228193dd2f82f533032af864,cubic_spin_glass,validation,all_native,device_sparse_v1,5,0,5,0,5,,,,,,,,,,,,,,,,,expected_infeasible_width,expected_capacity_failure,9d124ad72c0fe2b841fbfc927ec45c35cb413a6a0e01baada17f1025709d315c,9626c07cf4ccf3251a3585a4b367551c7a78f57218970c0d71f73f221adea5d3,22e05ea2e1684256cfcefc889a4c658b5530de8a
inst_f37842a047e83492990313eec01ec5d49bc57873228193dd2f82f533032af864,cubic_spin_glass,validation,fully_quadratized,all_to_all_reference,5,5,0,0,5,264.0,264.0,0.0,264.0,264.0,68.0,68.0,0.0,68.0,68.0,0.0,0.0,0.0,0.0,0.0027185400016605855,0.002664800005732104,pass,,9d124ad72c0fe2b841fbfc927ec45c35cb413a6a0e01baada17f1025709d315c,9626c07cf4ccf3251a3585a4b367551c7a78f57218970c0d71f73f221adea5d3,22e05ea2e1684256cfcefc889a4c658b5530de8a
inst_f37842a047e83492990313eec01ec5d49bc57873228193dd2f82f533032af864,cubic_spin_glass,validation,fully_quadratized,device_sparse_v1,5,0,5,0,5,,,,,,,,,,,,,,,,,expected_infeasible_width,expected_capacity_failure,9d124ad72c0fe2b841fbfc927ec45c35cb413a6a0e01baada17f1025709d315c,9626c07cf4ccf3251a3585a4b367551c7a78f57218970c0d71f73f221adea5d3,22e05ea2e1684256cfcefc889a4c658b5530de8a
inst_f37842a047e83492990313eec01ec5d49bc57873228193dd2f82f533032af864,cubic_spin_glass,validation,matched_random_selective,all_to_all_reference,25,25,0,5,5,128.0,128.0,0.0,128.0,128.0,93.0,93.0,0.0,93.0,93.0,0.0,0.0,0.0,0.0,0.00185981199843809,0.0018010000057984143,pass,,9d124ad72c0fe2b841fbfc927ec45c35cb413a6a0e01baada17f1025709d315c,9626c07cf4ccf3251a3585a4b367551c7a78f57218970c0d71f73f221adea5d3,22e05ea2e1684256cfcefc889a4c658b5530de8a
inst_f37842a047e83492990313eec01ec5d49bc57873228193dd2f82f533032af864,cubic_spin_glass,validation,matched_random_selective,device_sparse_v1,25,0,25,5,5,,,,,,,,,,,,,,,,,expected_infeasible_width,expected_capacity_failure,9d124ad72c0fe2b841fbfc927ec45c35cb413a6a0e01baada17f1025709d315c,9626c07cf4ccf3251a3585a4b367551c7a78f57218970c0d71f73f221adea5d3,22e05ea2e1684256cfcefc889a4c658b5530de8a
inst_f37842a047e83492990313eec01ec5d49bc57873228193dd2f82f533032af864,cubic_spin_glass,validation,selective,all_to_all_reference,5,5,0,0,5,128.0,128.0,0.0,128.0,128.0,93.0,93.0,0.0,93.0,93.0,0.0,0.0,0.0,0.0,0.00195364000974223,0.001830199995310977,pass,,9d124ad72c0fe2b841fbfc927ec45c35cb413a6a0e01baada17f1025709d315c,9626c07cf4ccf3251a3585a4b367551c7a78f57218970c0d71f73f221adea5d3,22e05ea2e1684256cfcefc889a4c658b5530de8a
inst_f37842a047e83492990313eec01ec5d49bc57873228193dd2f82f533032af864,cubic_spin_glass,validation,selective,device_sparse_v1,5,0,5,0,5,,,,,,,,,,,,,,,,,expected_infeasible_width,expected_capacity_failure,9d124ad72c0fe2b841fbfc927ec45c35cb413a6a0e01baada17f1025709d315c,9626c07cf4ccf3251a3585a4b367551c7a78f57218970c0d71f73f221adea5d3,22e05ea2e1684256cfcefc889a4c658b5530de8a
inst_f3a85e8bbaaeb5c96e59011403ee2f0f58abac7e6fd87e4ccbd3e0d68b1a179c,cubic_spin_glass,train,all_native,all_to_all_reference,5,5,0,0,5,256.0,256.0,0.0,256.0,256.0,207.0,207.0,0.0,207.0,207.0,0.0,0.0,0.0,0.0,0.003934380004648119,0.003907099977368489,pass,,9d124ad72c0fe2b841fbfc927ec45c35cb413a6a0e01baada17f1025709d315c,9626c07cf4ccf3251a3585a4b367551c7a78f57218970c0d71f73f221adea5d3,22e05ea2e1684256cfcefc889a4c658b5530de8a
inst_f3a85e8bbaaeb5c96e59011403ee2f0f58abac7e6fd87e4ccbd3e0d68b1a179c,cubic_spin_glass,train,all_native,device_sparse_v1,5,0,5,0,5,,,,,,,,,,,,,,,,,expected_infeasible_width,expected_capacity_failure,9d124ad72c0fe2b841fbfc927ec45c35cb413a6a0e01baada17f1025709d315c,9626c07cf4ccf3251a3585a4b367551c7a78f57218970c0d71f73f221adea5d3,22e05ea2e1684256cfcefc889a4c658b5530de8a
inst_f3a85e8bbaaeb5c96e59011403ee2f0f58abac7e6fd87e4ccbd3e0d68b1a179c,cubic_spin_glass,train,fully_quadratized,all_to_all_reference,5,5,0,0,5,386.0,386.0,0.0,386.0,386.0,82.0,82.0,0.0,82.0,82.0,0.0,0.0,0.0,0.0,0.00435861999867484,0.003895000001648441,pass,,9d124ad72c0fe2b841fbfc927ec45c35cb413a6a0e01baada17f1025709d315c,9626c07cf4ccf3251a3585a4b367551c7a78f57218970c0d71f73f221adea5d3,22e05ea2e1684256cfcefc889a4c658b5530de8a
inst_f3a85e8bbaaeb5c96e59011403ee2f0f58abac7e6fd87e4ccbd3e0d68b1a179c,cubic_spin_glass,train,fully_quadratized,device_sparse_v1,5,0,5,0,5,,,,,,,,,,,,,,,,,expected_infeasible_width,expected_capacity_failure,9d124ad72c0fe2b841fbfc927ec45c35cb413a6a0e01baada17f1025709d315c,9626c07cf4ccf3251a3585a4b367551c7a78f57218970c0d71f73f221adea5d3,22e05ea2e1684256cfcefc889a4c658b5530de8a
inst_f3a85e8bbaaeb5c96e59011403ee2f0f58abac7e6fd87e4ccbd3e0d68b1a179c,cubic_spin_glass,train,matched_random_selective,all_to_all_reference,25,25,0,5,5,292.0,292.0,3.415650255319866,290.6610650999146,293.3389349000854,194.4,199.0,10.238815035605112,190.38638450604282,198.4136154939572,0.0,0.0,0.0,0.0,0.0033888840000145136,0.0031555999885313213,pass,,9d124ad72c0fe2b841fbfc927ec45c35cb413a6a0e01baada17f1025709d315c,9626c07cf4ccf3251a3585a4b367551c7a78f57218970c0d71f73f221adea5d3,22e05ea2e1684256cfcefc889a4c658b5530de8a
inst_f3a85e8bbaaeb5c96e59011403ee2f0f58abac7e6fd87e4ccbd3e0d68b1a179c,cubic_spin_glass,train,matched_random_selective,device_sparse_v1,25,0,25,5,5,,,,,,,,,,,,,,,,,expected_infeasible_width,expected_capacity_failure,9d124ad72c0fe2b841fbfc927ec45c35cb413a6a0e01baada17f1025709d315c,9626c07cf4ccf3251a3585a4b367551c7a78f57218970c0d71f73f221adea5d3,22e05ea2e1684256cfcefc889a4c658b5530de8a
inst_f3a85e8bbaaeb5c96e59011403ee2f0f58abac7e6fd87e4ccbd3e0d68b1a179c,cubic_spin_glass,train,selective,all_to_all_reference,5,5,0,0,5,284.0,284.0,0.0,284.0,284.0,166.0,166.0,0.0,166.0,166.0,0.0,0.0,0.0,0.0,0.0037237799901049585,0.0038840000052005053,pass,,9d124ad72c0fe2b841fbfc927ec45c35cb413a6a0e01baada17f1025709d315c,9626c07cf4ccf3251a3585a4b367551c7a78f57218970c0d71f73f221adea5d3,22e05ea2e1684256cfcefc889a4c658b5530de8a
inst_f3a85e8bbaaeb5c96e59011403ee2f0f58abac7e6fd87e4ccbd3e0d68b1a179c,cubic_spin_glass,train,selective,device_sparse_v1,5,0,5,0,5,,,,,,,,,,,,,,,,,expected_infeasible_width,expected_capacity_failure,9d124ad72c0fe2b841fbfc927ec45c35cb413a6a0e01baada17f1025709d315c,9626c07cf4ccf3251a3585a4b367551c7a78f57218970c0d71f73f221adea5d3,22e05ea2e1684256cfcefc889a4c658b5530de8a
inst_f3e37072d51c70def0bd0fed6f54a322c49d92f70b611a5840d4fdf28984f698,max3sat,train,all_native,all_to_all_reference,5,5,0,0,5,102.0,102.0,0.0,102.0,102.0,64.0,64.0,0.0,64.0,64.0,0.0,0.0,0.0,0.0,0.0009608799999114126,0.0008988000045064837,pass,,9d124ad72c0fe2b841fbfc927ec45c35cb413a6a0e01baada17f1025709d315c,9626c07cf4ccf3251a3585a4b367551c7a78f57218970c0d71f73f221adea5d3,22e05ea2e1684256cfcefc889a4c658b5530de8a
inst_f3e37072d51c70def0bd0fed6f54a322c49d92f70b611a5840d4fdf28984f698,max3sat,train,all_native,device_sparse_v1,5,5,0,0,5,183.2,182.0,4.658325879540846,179.11679733542405,187.28320266457592,135.4,134.0,5.594640292279746,130.49608156674685,140.30391843325316,29.6,30.0,81.2,80.0,0.009124559996416792,0.009196900005917996,pass,,9d124ad72c0fe2b841fbfc927ec45c35cb413a6a0e01baada17f1025709d315c,9626c07cf4ccf3251a3585a4b367551c7a78f57218970c0d71f73f221adea5d3,22e05ea2e1684256cfcefc889a4c658b5530de8a
inst_f3e37072d51c70def0bd0fed6f54a322c49d92f70b611a5840d4fdf28984f698,max3sat,train,fully_quadratized,all_to_all_reference,5,5,0,0,5,90.0,90.0,0.0,90.0,90.0,36.0,36.0,0.0,36.0,36.0,0.0,0.0,0.0,0.0,0.0010443400067742914,0.0010279999987687916,pass,,9d124ad72c0fe2b841fbfc927ec45c35cb413a6a0e01baada17f1025709d315c,9626c07cf4ccf3251a3585a4b367551c7a78f57218970c0d71f73f221adea5d3,22e05ea2e1684256cfcefc889a4c658b5530de8a
inst_f3e37072d51c70def0bd0fed6f54a322c49d92f70b611a5840d4fdf28984f698,max3sat,train,fully_quadratized,device_sparse_v1,5,0,5,0,5,,,,,,,,,,,,,,,,,expected_infeasible_width,expected_capacity_failure,9d124ad72c0fe2b841fbfc927ec45c35cb413a6a0e01baada17f1025709d315c,9626c07cf4ccf3251a3585a4b367551c7a78f57218970c0d71f73f221adea5d3,22e05ea2e1684256cfcefc889a4c658b5530de8a
inst_f3e37072d51c70def0bd0fed6f54a322c49d92f70b611a5840d4fdf28984f698,max3sat,train,matched_random_selective,all_to_all_reference,25,25,0,5,5,106.8,108.0,5.715476066494082,104.55953338193432,109.04046661806568,54.2,55.0,4.349329450233296,52.49506285550855,55.904937144491456,0.0,0.0,0.0,0.0,0.001186155998148024,0.0012061000161338598,pass,,9d124ad72c0fe2b841fbfc927ec45c35cb413a6a0e01baada17f1025709d315c,9626c07cf4ccf3251a3585a4b367551c7a78f57218970c0d71f73f221adea5d3,22e05ea2e1684256cfcefc889a4c658b5530de8a
inst_f3e37072d51c70def0bd0fed6f54a322c49d92f70b611a5840d4fdf28984f698,max3sat,train,matched_random_selective,device_sparse_v1,25,25,0,5,5,194.64,198.0,10.957797832289723,190.3445432497424,198.93545675025757,119.28,121.0,10.655671416355393,115.10297680478868,123.45702319521132,31.04,31.0,87.84,90.0,0.008448024002136663,0.008379000006243587,pass,,9d124ad72c0fe2b841fbfc927ec45c35cb413a6a0e01baada17f1025709d315c,9626c07cf4ccf3251a3585a4b367551c7a78f57218970c0d71f73f221adea5d3,22e05ea2e1684256cfcefc889a4c658b5530de8a
inst_f3e37072d51c70def0bd0fed6f54a322c49d92f70b611a5840d4fdf28984f698,max3sat,train,selective,all_to_all_reference,5,5,0,0,5,88.0,88.0,0.0,88.0,88.0,38.0,38.0,0.0,38.0,38.0,0.0,0.0,0.0,0.0,0.001032980001764372,0.0009811000199988484,pass,,9d124ad72c0fe2b841fbfc927ec45c35cb413a6a0e01baada17f1025709d315c,9626c07cf4ccf3251a3585a4b367551c7a78f57218970c0d71f73f221adea5d3,22e05ea2e1684256cfcefc889a4c658b5530de8a
inst_f3e37072d51c70def0bd0fed6f54a322c49d92f70b611a5840d4fdf28984f698,max3sat,train,selective,device_sparse_v1,5,5,0,0,5,160.0,161.0,3.1622776601683795,157.22814141774873,162.77185858225127,97.0,100.0,15.411035007422441,83.49163222295158,110.50836777704842,24.8,25.0,72.0,73.0,0.008008339995285496,0.008300699992105365,pass,,9d124ad72c0fe2b841fbfc927ec45c35cb413a6a0e01baada17f1025709d315c,9626c07cf4ccf3251a3585a4b367551c7a78f57218970c0d71f73f221adea5d3,22e05ea2e1684256cfcefc889a4c658b5530de8a
inst_f4773a42848780f4cb4b292631096ceb1e1a30b6c917199603ba97c16bfa190b,cubic_spin_glass,test,all_native,all_to_all_reference,5,5,0,0,5,320.0,320.0,0.0,320.0,320.0,257.0,257.0,0.0,257.0,257.0,0.0,0.0,0.0,0.0,0.003379959997255355,0.003103499999269843,pass,,9d124ad72c0fe2b841fbfc927ec45c35cb413a6a0e01baada17f1025709d315c,9626c07cf4ccf3251a3585a4b367551c7a78f57218970c0d71f73f221adea5d3,22e05ea2e1684256cfcefc889a4c658b5530de8a
inst_f4773a42848780f4cb4b292631096ceb1e1a30b6c917199603ba97c16bfa190b,cubic_spin_glass,test,all_native,device_sparse_v1,5,0,5,0,5,,,,,,,,,,,,,,,,,expected_infeasible_width,expected_capacity_failure,9d124ad72c0fe2b841fbfc927ec45c35cb413a6a0e01baada17f1025709d315c,9626c07cf4ccf3251a3585a4b367551c7a78f57218970c0d71f73f221adea5d3,22e05ea2e1684256cfcefc889a4c658b5530de8a
inst_f4773a42848780f4cb4b292631096ceb1e1a30b6c917199603ba97c16bfa190b,cubic_spin_glass,test,fully_quadratized,all_to_all_reference,5,5,0,0,5,376.0,376.0,0.0,376.0,376.0,80.0,80.0,0.0,80.0,80.0,0.0,0.0,0.0,0.0,0.004402299999492243,0.00454699998954311,pass,,9d124ad72c0fe2b841fbfc927ec45c35cb413a6a0e01baada17f1025709d315c,9626c07cf4ccf3251a3585a4b367551c7a78f57218970c0d71f73f221adea5d3,22e05ea2e1684256cfcefc889a4c658b5530de8a
inst_f4773a42848780f4cb4b292631096ceb1e1a30b6c917199603ba97c16bfa190b,cubic_spin_glass,test,fully_quadratized,device_sparse_v1,5,0,5,0,5,,,,,,,,,,,,,,,,,expected_infeasible_width,expected_capacity_failure,9d124ad72c0fe2b841fbfc927ec45c35cb413a6a0e01baada17f1025709d315c,9626c07cf4ccf3251a3585a4b367551c7a78f57218970c0d71f73f221adea5d3,22e05ea2e1684256cfcefc889a4c658b5530de8a
inst_f4773a42848780f4cb4b292631096ceb1e1a30b6c917199603ba97c16bfa190b,cubic_spin_glass,test,matched_random_selective,all_to_all_reference,25,25,0,5,5,354.4,352.0,7.234178138070235,351.56420216987647,357.2357978301235,254.8,254.0,6.689544080129826,252.17769872058912,257.42230127941093,0.0,0.0,0.0,0.0,0.004402688001282513,0.004246000025887042,pass,,9d124ad72c0fe2b841fbfc927ec45c35cb413a6a0e01baada17f1025709d315c,9626c07cf4ccf3251a3585a4b367551c7a78f57218970c0d71f73f221adea5d3,22e05ea2e1684256cfcefc889a4c658b5530de8a
inst_f4773a42848780f4cb4b292631096ceb1e1a30b6c917199603ba97c16bfa190b,cubic_spin_glass,test,matched_random_selective,device_sparse_v1,25,0,25,5,5,,,,,,,,,,,,,,,,,expected_infeasible_width,expected_capacity_failure,9d124ad72c0fe2b841fbfc927ec45c35cb413a6a0e01baada17f1025709d315c,9626c07cf4ccf3251a3585a4b367551c7a78f57218970c0d71f73f221adea5d3,22e05ea2e1684256cfcefc889a4c658b5530de8a
inst_f4773a42848780f4cb4b292631096ceb1e1a30b6c917199603ba97c16bfa190b,cubic_spin_glass,test,selective,all_to_all_reference,5,5,0,0,5,354.0,354.0,0.0,354.0,354.0,174.0,174.0,0.0,174.0,174.0,0.0,0.0,0.0,0.0,0.004667339997831732,0.004247300006682053,pass,,9d124ad72c0fe2b841fbfc927ec45c35cb413a6a0e01baada17f1025709d315c,9626c07cf4ccf3251a3585a4b367551c7a78f57218970c0d71f73f221adea5d3,22e05ea2e1684256cfcefc889a4c658b5530de8a
inst_f4773a42848780f4cb4b292631096ceb1e1a30b6c917199603ba97c16bfa190b,cubic_spin_glass,test,selective,device_sparse_v1,5,0,5,0,5,,,,,,,,,,,,,,,,,expected_infeasible_width,expected_capacity_failure,9d124ad72c0fe2b841fbfc927ec45c35cb413a6a0e01baada17f1025709d315c,9626c07cf4ccf3251a3585a4b367551c7a78f57218970c0d71f73f221adea5d3,22e05ea2e1684256cfcefc889a4c658b5530de8a
inst_f8d57f764e7fdeef8a546e03dc838d094048a6bdb09a5be2ae77cbd88353843c,max3sat,validation,all_native,all_to_all_reference,5,5,0,0,5,338.0,338.0,0.0,338.0,338.0,209.0,209.0,0.0,209.0,209.0,0.0,0.0,0.0,0.0,0.0028231400006916373,0.0028602000093087554,pass,,9d124ad72c0fe2b841fbfc927ec45c35cb413a6a0e01baada17f1025709d315c,9626c07cf4ccf3251a3585a4b367551c7a78f57218970c0d71f73f221adea5d3,22e05ea2e1684256cfcefc889a4c658b5530de8a
inst_f8d57f764e7fdeef8a546e03dc838d094048a6bdb09a5be2ae77cbd88353843c,max3sat,validation,all_native,device_sparse_v1,5,5,0,0,5,660.4,661.0,6.767569726275452,654.4679635874347,666.3320364125652,431.8,431.0,6.97853852894716,425.6830412785437,437.9169587214563,118.8,119.0,322.4,323.0,0.014565720007522032,0.01442329998826608,pass,,9d124ad72c0fe2b841fbfc927ec45c35cb413a6a0e01baada17f1025709d315c,9626c07cf4ccf3251a3585a4b367551c7a78f57218970c0d71f73f221adea5d3,22e05ea2e1684256cfcefc889a4c658b5530de8a
inst_f8d57f764e7fdeef8a546e03dc838d094048a6bdb09a5be2ae77cbd88353843c,max3sat,validation,fully_quadratized,all_to_all_reference,5,5,0,0,5,294.0,294.0,0.0,294.0,294.0,68.0,68.0,0.0,68.0,68.0,0.0,0.0,0.0,0.0,0.003963619994465262,0.003977299988036975,pass,,9d124ad72c0fe2b841fbfc927ec45c35cb413a6a0e01baada17f1025709d315c,9626c07cf4ccf3251a3585a4b367551c7a78f57218970c0d71f73f221adea5d3,22e05ea2e1684256cfcefc889a4c658b5530de8a
inst_f8d57f764e7fdeef8a546e03dc838d094048a6bdb09a5be2ae77cbd88353843c,max3sat,validation,fully_quadratized,device_sparse_v1,5,0,5,0,5,,,,,,,,,,,,,,,,,expected_infeasible_width,expected_capacity_failure,9d124ad72c0fe2b841fbfc927ec45c35cb413a6a0e01baada17f1025709d315c,9626c07cf4ccf3251a3585a4b367551c7a78f57218970c0d71f73f221adea5d3,22e05ea2e1684256cfcefc889a4c658b5530de8a
inst_f8d57f764e7fdeef8a546e03dc838d094048a6bdb09a5be2ae77cbd88353843c,max3sat,validation,matched_random_selective,all_to_all_reference,25,25,0,5,5,347.2,346.0,3.3166247903554,345.8998830821807,348.5001169178193,172.4,172.0,11.116804097101529,168.04221279393622,176.7577872060638,0.0,0.0,0.0,0.0,0.003349936002632603,0.0030633000133093446,pass,,9d124ad72c0fe2b841fbfc927ec45c35cb413a6a0e01baada17f1025709d315c,9626c07cf4ccf3251a3585a4b367551c7a78f57218970c0d71f73f221adea5d3,22e05ea2e1684256cfcefc889a4c658b5530de8a
inst_f8d57f764e7fdeef8a546e03dc838d094048a6bdb09a5be2ae77cbd88353843c,max3sat,validation,matched_random_selective,device_sparse_v1,25,0,25,5,5,,,,,,,,,,,,,,,,,expected_infeasible_width,expected_capacity_failure,9d124ad72c0fe2b841fbfc927ec45c35cb413a6a0e01baada17f1025709d315c,9626c07cf4ccf3251a3585a4b367551c7a78f57218970c0d71f73f221adea5d3,22e05ea2e1684256cfcefc889a4c658b5530de8a
inst_f8d57f764e7fdeef8a546e03dc838d094048a6bdb09a5be2ae77cbd88353843c,max3sat,validation,selective,all_to_all_reference,5,5,0,0,5,310.0,310.0,0.0,310.0,310.0,107.0,107.0,0.0,107.0,107.0,0.0,0.0,0.0,0.0,0.0031748400011565535,0.0029426999972201884,pass,,9d124ad72c0fe2b841fbfc927ec45c35cb413a6a0e01baada17f1025709d315c,9626c07cf4ccf3251a3585a4b367551c7a78f57218970c0d71f73f221adea5d3,22e05ea2e1684256cfcefc889a4c658b5530de8a
inst_f8d57f764e7fdeef8a546e03dc838d094048a6bdb09a5be2ae77cbd88353843c,max3sat,validation,selective,device_sparse_v1,5,0,5,0,5,,,,,,,,,,,,,,,,,expected_infeasible_width,expected_capacity_failure,9d124ad72c0fe2b841fbfc927ec45c35cb413a6a0e01baada17f1025709d315c,9626c07cf4ccf3251a3585a4b367551c7a78f57218970c0d71f73f221adea5d3,22e05ea2e1684256cfcefc889a4c658b5530de8a
inst_f9f59e0f30c74cb657e83170cba09f9012a39197b2b021dae1850ae012f1678f,cubic_spin_glass,train,all_native,all_to_all_reference,5,5,0,0,5,128.0,128.0,0.0,128.0,128.0,70.0,70.0,0.0,70.0,70.0,0.0,0.0,0.0,0.0,0.0019307800044771283,0.0019234000064898282,pass,,9d124ad72c0fe2b841fbfc927ec45c35cb413a6a0e01baada17f1025709d315c,9626c07cf4ccf3251a3585a4b367551c7a78f57218970c0d71f73f221adea5d3,22e05ea2e1684256cfcefc889a4c658b5530de8a
inst_f9f59e0f30c74cb657e83170cba09f9012a39197b2b021dae1850ae012f1678f,cubic_spin_glass,train,all_native,device_sparse_v1,5,0,5,0,5,,,,,,,,,,,,,,,,,expected_infeasible_width,expected_capacity_failure,9d124ad72c0fe2b841fbfc927ec45c35cb413a6a0e01baada17f1025709d315c,9626c07cf4ccf3251a3585a4b367551c7a78f57218970c0d71f73f221adea5d3,22e05ea2e1684256cfcefc889a4c658b5530de8a
inst_f9f59e0f30c74cb657e83170cba09f9012a39197b2b021dae1850ae012f1678f,cubic_spin_glass,train,fully_quadratized,all_to_all_reference,5,5,0,0,5,274.0,274.0,0.0,274.0,274.0,64.0,64.0,0.0,64.0,64.0,0.0,0.0,0.0,0.0,0.002777240000432357,0.0027657999889925122,pass,,9d124ad72c0fe2b841fbfc927ec45c35cb413a6a0e01baada17f1025709d315c,9626c07cf4ccf3251a3585a4b367551c7a78f57218970c0d71f73f221adea5d3,22e05ea2e1684256cfcefc889a4c658b5530de8a
inst_f9f59e0f30c74cb657e83170cba09f9012a39197b2b021dae1850ae012f1678f,cubic_spin_glass,train,fully_quadratized,device_sparse_v1,5,0,5,0,5,,,,,,,,,,,,,,,,,expected_infeasible_width,expected_capacity_failure,9d124ad72c0fe2b841fbfc927ec45c35cb413a6a0e01baada17f1025709d315c,9626c07cf4ccf3251a3585a4b367551c7a78f57218970c0d71f73f221adea5d3,22e05ea2e1684256cfcefc889a4c658b5530de8a
inst_f9f59e0f30c74cb657e83170cba09f9012a39197b2b021dae1850ae012f1678f,cubic_spin_glass,train,matched_random_selective,all_to_all_reference,25,25,0,5,5,128.0,128.0,0.0,128.0,128.0,70.0,70.0,0.0,70.0,70.0,0.0,0.0,0.0,0.0,0.002286052000708878,0.0023935000062920153,pass,,9d124ad72c0fe2b841fbfc927ec45c35cb413a6a0e01baada17f1025709d315c,9626c07cf4ccf3251a3585a4b367551c7a78f57218970c0d71f73f221adea5d3,22e05ea2e1684256cfcefc889a4c658b5530de8a
inst_f9f59e0f30c74cb657e83170cba09f9012a39197b2b021dae1850ae012f1678f,cubic_spin_glass,train,matched_random_selective,device_sparse_v1,25,0,25,5,5,,,,,,,,,,,,,,,,,expected_infeasible_width,expected_capacity_failure,9d124ad72c0fe2b841fbfc927ec45c35cb413a6a0e01baada17f1025709d315c,9626c07cf4ccf3251a3585a4b367551c7a78f57218970c0d71f73f221adea5d3,22e05ea2e1684256cfcefc889a4c658b5530de8a
inst_f9f59e0f30c74cb657e83170cba09f9012a39197b2b021dae1850ae012f1678f,cubic_spin_glass,train,selective,all_to_all_reference,5,5,0,0,5,128.0,128.0,0.0,128.0,128.0,70.0,70.0,0.0,70.0,70.0,0.0,0.0,0.0,0.0,0.0025508399994578212,0.0025009000091813505,pass,,9d124ad72c0fe2b841fbfc927ec45c35cb413a6a0e01baada17f1025709d315c,9626c07cf4ccf3251a3585a4b367551c7a78f57218970c0d71f73f221adea5d3,22e05ea2e1684256cfcefc889a4c658b5530de8a
inst_f9f59e0f30c74cb657e83170cba09f9012a39197b2b021dae1850ae012f1678f,cubic_spin_glass,train,selective,device_sparse_v1,5,0,5,0,5,,,,,,,,,,,,,,,,,expected_infeasible_width,expected_capacity_failure,9d124ad72c0fe2b841fbfc927ec45c35cb413a6a0e01baada17f1025709d315c,9626c07cf4ccf3251a3585a4b367551c7a78f57218970c0d71f73f221adea5d3,22e05ea2e1684256cfcefc889a4c658b5530de8a
inst_fb8a9da4adf31a021767c9fabc43d7ddf89cfad0c621ca87f56cfb9907a6f495,cubic_spin_glass,test,all_native,all_to_all_reference,5,5,0,0,5,64.0,64.0,0.0,64.0,64.0,57.0,57.0,0.0,57.0,57.0,0.0,0.0,0.0,0.0,0.0010925999900791793,0.0011681999894790351,pass,,9d124ad72c0fe2b841fbfc927ec45c35cb413a6a0e01baada17f1025709d315c,9626c07cf4ccf3251a3585a4b367551c7a78f57218970c0d71f73f221adea5d3,22e05ea2e1684256cfcefc889a4c658b5530de8a
inst_fb8a9da4adf31a021767c9fabc43d7ddf89cfad0c621ca87f56cfb9907a6f495,cubic_spin_glass,test,all_native,device_sparse_v1,5,5,0,0,5,98.2,100.0,4.711687595755898,94.07002372888172,102.32997627111828,80.6,77.0,7.127411872482185,74.35254803940038,86.84745196059961,13.8,14.0,34.2,36.0,0.007970619987463578,0.008158599986927584,pass,,9d124ad72c0fe2b841fbfc927ec45c35cb413a6a0e01baada17f1025709d315c,9626c07cf4ccf3251a3585a4b367551c7a78f57218970c0d71f73f221adea5d3,22e05ea2e1684256cfcefc889a4c658b5530de8a
inst_fb8a9da4adf31a021767c9fabc43d7ddf89cfad0c621ca87f56cfb9907a6f495,cubic_spin_glass,test,fully_quadratized,all_to_all_reference,5,5,0,0,5,102.0,102.0,0.0,102.0,102.0,34.0,34.0,0.0,34.0,34.0,0.0,0.0,0.0,0.0,0.0011959800031036139,0.0011069000174757093,pass,,9d124ad72c0fe2b841fbfc927ec45c35cb413a6a0e01baada17f1025709d315c,9626c07cf4ccf3251a3585a4b367551c7a78f57218970c0d71f73f221adea5d3,22e05ea2e1684256cfcefc889a4c658b5530de8a
inst_fb8a9da4adf31a021767c9fabc43d7ddf89cfad0c621ca87f56cfb9907a6f495,cubic_spin_glass,test,fully_quadratized,device_sparse_v1,5,0,5,0,5,,,,,,,,,,,,,,,,,expected_infeasible_width,expected_capacity_failure,9d124ad72c0fe2b841fbfc927ec45c35cb413a6a0e01baada17f1025709d315c,9626c07cf4ccf3251a3585a4b367551c7a78f57218970c0d71f73f221adea5d3,22e05ea2e1684256cfcefc889a4c658b5530de8a
inst_fb8a9da4adf31a021767c9fabc43d7ddf89cfad0c621ca87f56cfb9907a6f495,cubic_spin_glass,test,matched_random_selective,all_to_all_reference,25,25,0,5,5,64.0,64.0,0.0,64.0,64.0,57.0,57.0,0.0,57.0,57.0,0.0,0.0,0.0,0.0,0.0011557199934031815,0.001181300001917407,pass,,9d124ad72c0fe2b841fbfc927ec45c35cb413a6a0e01baada17f1025709d315c,9626c07cf4ccf3251a3585a4b367551c7a78f57218970c0d71f73f221adea5d3,22e05ea2e1684256cfcefc889a4c658b5530de8a
inst_fb8a9da4adf31a021767c9fabc43d7ddf89cfad0c621ca87f56cfb9907a6f495,cubic_spin_glass,test,matched_random_selective,device_sparse_v1,25,25,0,5,5,98.2,100.0,4.301162633521313,96.51394424765965,99.88605575234035,80.6,77.0,6.506407098647712,78.0494884173301,83.15051158266989,13.8,14.0,34.2,36.0,0.007624624000163749,0.007424100011121482,pass,,9d124ad72c0fe2b841fbfc927ec45c35cb413a6a0e01baada17f1025709d315c,9626c07cf4ccf3251a3585a4b367551c7a78f57218970c0d71f73f221adea5d3,22e05ea2e1684256cfcefc889a4c658b5530de8a
inst_fb8a9da4adf31a021767c9fabc43d7ddf89cfad0c621ca87f56cfb9907a6f495,cubic_spin_glass,test,selective,all_to_all_reference,5,5,0,0,5,64.0,64.0,0.0,64.0,64.0,57.0,57.0,0.0,57.0,57.0,0.0,0.0,0.0,0.0,0.0011179799970705063,0.0011704000062309206,pass,,9d124ad72c0fe2b841fbfc927ec45c35cb413a6a0e01baada17f1025709d315c,9626c07cf4ccf3251a3585a4b367551c7a78f57218970c0d71f73f221adea5d3,22e05ea2e1684256cfcefc889a4c658b5530de8a
inst_fb8a9da4adf31a021767c9fabc43d7ddf89cfad0c621ca87f56cfb9907a6f495,cubic_spin_glass,test,selective,device_sparse_v1,5,5,0,0,5,98.2,100.0,4.711687595755898,94.07002372888172,102.32997627111828,80.6,77.0,7.127411872482185,74.35254803940038,86.84745196059961,13.8,14.0,34.2,36.0,0.007589720009127632,0.007562700018752366,pass,,9d124ad72c0fe2b841fbfc927ec45c35cb413a6a0e01baada17f1025709d315c,9626c07cf4ccf3251a3585a4b367551c7a78f57218970c0d71f73f221adea5d3,22e05ea2e1684256cfcefc889a4c658b5530de8a
inst_fcd3827382c69a628f6d42b430b9c2a8f1f0b2d308717bc8dae03c0a4793ec88,max3sat,train,all_native,all_to_all_reference,5,5,0,0,5,72.0,72.0,0.0,72.0,72.0,57.0,57.0,0.0,57.0,57.0,0.0,0.0,0.0,0.0,0.0010226399987004696,0.0010103000095114112,pass,,9d124ad72c0fe2b841fbfc927ec45c35cb413a6a0e01baada17f1025709d315c,9626c07cf4ccf3251a3585a4b367551c7a78f57218970c0d71f73f221adea5d3,22e05ea2e1684256cfcefc889a4c658b5530de8a
inst_fcd3827382c69a628f6d42b430b9c2a8f1f0b2d308717bc8dae03c0a4793ec88,max3sat,train,all_native,device_sparse_v1,5,5,0,0,5,111.8,112.0,8.408329203831164,104.42977449463044,119.17022550536956,88.2,87.0,4.207136793592526,84.51228200644356,91.88771799355645,16.2,16.0,39.8,40.0,0.008263040002202616,0.00786730000982061,pass,,9d124ad72c0fe2b841fbfc927ec45c35cb413a6a0e01baada17f1025709d315c,9626c07cf4ccf3251a3585a4b367551c7a78f57218970c0d71f73f221adea5d3,22e05ea2e1684256cfcefc889a4c658b5530de8a
inst_fcd3827382c69a628f6d42b430b9c2a8f1f0b2d308717bc8dae03c0a4793ec88,max3sat,train,fully_quadratized,all_to_all_reference,5,5,0,0,5,62.0,62.0,0.0,62.0,62.0,30.0,30.0,0.0,30.0,30.0,0.0,0.0,0.0,0.0,0.0008802400028798729,0.0007863999926485121,pass,,9d124ad72c0fe2b841fbfc927ec45c35cb413a6a0e01baada17f1025709d315c,9626c07cf4ccf3251a3585a4b367551c7a78f57218970c0d71f73f221adea5d3,22e05ea2e1684256cfcefc889a4c658b5530de8a
inst_fcd3827382c69a628f6d42b430b9c2a8f1f0b2d308717bc8dae03c0a4793ec88,max3sat,train,fully_quadratized,device_sparse_v1,5,5,0,0,5,96.2,96.0,3.5637059362410923,93.0762740197002,99.32372598029981,62.2,56.0,8.555699854482976,54.70059842387408,69.69940157612592,12.6,13.0,34.2,34.0,0.007245200005127117,0.007897300005424768,pass,,9d124ad72c0fe2b841fbfc927ec45c35cb413a6a0e01baada17f1025709d315c,9626c07cf4ccf3251a3585a4b367551c7a78f57218970c0d71f73f221adea5d3,22e05ea2e1684256cfcefc889a4c658b5530de8a
inst_fcd3827382c69a628f6d42b430b9c2a8f1f0b2d308717bc8dae03c0a4793ec88,max3sat,train,matched_random_selective,all_to_all_reference,25,25,0,5,5,74.4,74.0,1.5275252316519468,73.80121010919244,74.99878989080757,55.2,55.0,1.632993161855452,54.559866680552666,55.84013331944734,0.0,0.0,0.0,0.0,0.0010247240017633886,0.0010613000195007771,pass,,9d124ad72c0fe2b841fbfc927ec45c35cb413a6a0e01baada17f1025709d315c,9626c07cf4ccf3251a3585a4b367551c7a78f57218970c0d71f73f221adea5d3,22e05ea2e1684256cfcefc889a4c658b5530de8a
inst_fcd3827382c69a628f6d42b430b9c2a8f1f0b2d308717bc8dae03c0a4793ec88,max3sat,train,matched_random_selective,device_sparse_v1,25,25,0,5,5,119.28,120.0,6.140846847137616,116.87278803592206,121.68721196407795,91.76,91.0,8.20711073805311,88.54281259068318,94.97718740931683,17.6,18.0,44.88,46.0,0.007886852002702654,0.007824000000255182,pass,,9d124ad72c0fe2b841fbfc927ec45c35cb413a6a0e01baada17f1025709d315c,9626c07cf4ccf3251a3585a4b367551c7a78f57218970c0d71f73f221adea5d3,22e05ea2e1684256cfcefc889a4c658b5530de8a
inst_fcd3827382c69a628f6d42b430b9c2a8f1f0b2d308717bc8dae03c0a4793ec88,max3sat,train,selective,all_to_all_reference,5,5,0,0,5,64.0,64.0,0.0,64.0,64.0,38.0,38.0,0.0,38.0,38.0,0.0,0.0,0.0,0.0,0.001054460002342239,0.001021600008243695,pass,,9d124ad72c0fe2b841fbfc927ec45c35cb413a6a0e01baada17f1025709d315c,9626c07cf4ccf3251a3585a4b367551c7a78f57218970c0d71f73f221adea5d3,22e05ea2e1684256cfcefc889a4c658b5530de8a
inst_fcd3827382c69a628f6d42b430b9c2a8f1f0b2d308717bc8dae03c0a4793ec88,max3sat,train,selective,device_sparse_v1,5,5,0,0,5,101.4,102.0,4.878524367060187,97.12378485106281,105.6762151489372,70.8,73.0,7.9498427657407165,63.83165557682457,77.76834442317542,13.4,14.0,37.4,38.0,0.008091580000473187,0.007956899993587285,pass,,9d124ad72c0fe2b841fbfc927ec45c35cb413a6a0e01baada17f1025709d315c,9626c07cf4ccf3251a3585a4b367551c7a78f57218970c0d71f73f221adea5d3,22e05ea2e1684256cfcefc889a4c658b5530de8a
inst_fe233b0fa65362c539986f27b2b50fec37a4040aa0be75b4b087e35a6e16696e,max3sat,test,all_native,all_to_all_reference,5,5,0,0,5,182.0,182.0,0.0,182.0,182.0,97.0,97.0,0.0,97.0,97.0,0.0,0.0,0.0,0.0,0.0016927800024859607,0.001507700013462454,pass,,9d124ad72c0fe2b841fbfc927ec45c35cb413a6a0e01baada17f1025709d315c,9626c07cf4ccf3251a3585a4b367551c7a78f57218970c0d71f73f221adea5d3,22e05ea2e1684256cfcefc889a4c658b5530de8a
inst_fe233b0fa65362c539986f27b2b50fec37a4040aa0be75b4b087e35a6e16696e,max3sat,test,all_native,device_sparse_v1,5,5,0,0,5,360.0,368.0,18.398369492974098,343.87311809431225,376.12688190568775,214.2,222.0,18.444511378727277,198.0326729481958,230.36732705180418,64.8,66.0,178.0,186.0,0.011508839996531605,0.011081799981184304,pass,,9d124ad72c0fe2b841fbfc927ec45c35cb413a6a0e01baada17f1025709d315c,9626c07cf4ccf3251a3585a4b367551c7a78f57218970c0d71f73f221adea5d3,22e05ea2e1684256cfcefc889a4c658b5530de8a
inst_fe233b0fa65362c539986f27b2b50fec37a4040aa0be75b4b087e35a6e16696e,max3sat,test,fully_quadratized,all_to_all_reference,5,5,0,0,5,158.0,158.0,0.0,158.0,158.0,42.0,42.0,0.0,42.0,42.0,0.0,0.0,0.0,0.0,0.0022217199963051825,0.00212910000118427,pass,,9d124ad72c0fe2b841fbfc927ec45c35cb413a6a0e01baada17f1025709d315c,9626c07cf4ccf3251a3585a4b367551c7a78f57218970c0d71f73f221adea5d3,22e05ea2e1684256cfcefc889a4c658b5530de8a
inst_fe233b0fa65362c539986f27b2b50fec37a4040aa0be75b4b087e35a6e16696e,max3sat,test,fully_quadratized,device_sparse_v1,5,0,5,0,5,,,,,,,,,,,,,,,,,expected_infeasible_width,expected_capacity_failure,9d124ad72c0fe2b841fbfc927ec45c35cb413a6a0e01baada17f1025709d315c,9626c07cf4ccf3251a3585a4b367551c7a78f57218970c0d71f73f221adea5d3,22e05ea2e1684256cfcefc889a4c658b5530de8a
inst_fe233b0fa65362c539986f27b2b50fec37a4040aa0be75b4b087e35a6e16696e,max3sat,test,matched_random_selective,all_to_all_reference,25,25,0,5,5,188.0,188.0,1.8257418583505538,187.28430919152657,188.71569080847343,81.2,80.0,4.444097208657794,79.45791389420614,82.94208610579386,0.0,0.0,0.0,0.0,0.0018817600002512336,0.0016777999990154058,pass,,9d124ad72c0fe2b841fbfc927ec45c35cb413a6a0e01baada17f1025709d315c,9626c07cf4ccf3251a3585a4b367551c7a78f57218970c0d71f73f221adea5d3,22e05ea2e1684256cfcefc889a4c658b5530de8a
inst_fe233b0fa65362c539986f27b2b50fec37a4040aa0be75b4b087e35a6e16696e,max3sat,test,matched_random_selective,device_sparse_v1,25,0,25,5,5,,,,,,,,,,,,,,,,,expected_infeasible_width,expected_capacity_failure,9d124ad72c0fe2b841fbfc927ec45c35cb413a6a0e01baada17f1025709d315c,9626c07cf4ccf3251a3585a4b367551c7a78f57218970c0d71f73f221adea5d3,22e05ea2e1684256cfcefc889a4c658b5530de8a
inst_fe233b0fa65362c539986f27b2b50fec37a4040aa0be75b4b087e35a6e16696e,max3sat,test,selective,all_to_all_reference,5,5,0,0,5,156.0,156.0,0.0,156.0,156.0,44.0,44.0,0.0,44.0,44.0,0.0,0.0,0.0,0.0,0.001692119997460395,0.0015647999825887382,pass,,9d124ad72c0fe2b841fbfc927ec45c35cb413a6a0e01baada17f1025709d315c,9626c07cf4ccf3251a3585a4b367551c7a78f57218970c0d71f73f221adea5d3,22e05ea2e1684256cfcefc889a4c658b5530de8a
inst_fe233b0fa65362c539986f27b2b50fec37a4040aa0be75b4b087e35a6e16696e,max3sat,test,selective,device_sparse_v1,5,0,5,0,5,,,,,,,,,,,,,,,,,expected_infeasible_width,expected_capacity_failure,9d124ad72c0fe2b841fbfc927ec45c35cb413a6a0e01baada17f1025709d315c,9626c07cf4ccf3251a3585a4b367551c7a78f57218970c0d71f73f221adea5d3,22e05ea2e1684256cfcefc889a4c658b5530de8a
