instance_id,family,source_tier,split,comparison,metric,budget_mode,budget_key,topology_id,canonical_cubic_sparsity,sparsity_bin,pair_reuse_score,pair_reuse_bin,sign_balance_diagnostic,n_original_diagnostic,selected_observation_count,control_observation_count,paired_observation_count,selected_mean,control_mean,effect,effect_ci95_low,effect_ci95_high,effect_tolerance,classification,uncertainty_rule,status,failure_kind,config_hash,manifest_hash,analysis_config_hash,code_commit
inst_072f29754f95706f7e005ffc71c91edbc139dd5aa24177bed97dbe718ea7f2bf,cubic_spin_glass,compilation,test,selective_vs_matched_random_selective,compiled_two_qubit_depth,not_applicable,not_applicable,all_to_all_reference,0.017543859649122806,low,0.1333333333333333,low,0.55,20,5,25,5,58.0,58.0,0.0,0.0,0.0,0.05,little_effect,paired_normal_interval_by_transpiler_seed,pass,,9d124ad72c0fe2b841fbfc927ec45c35cb413a6a0e01baada17f1025709d315c,9626c07cf4ccf3251a3585a4b367551c7a78f57218970c0d71f73f221adea5d3,e3ade62c2d1568a6686439927f821e8d4321e46286156daf59fd75b31c85a222,749d39f68d29d796da0060f6c180c3306254979e
inst_072f29754f95706f7e005ffc71c91edbc139dd5aa24177bed97dbe718ea7f2bf,cubic_spin_glass,compilation,test,selective_vs_matched_random_selective,compiled_two_qubit_depth,not_applicable,not_applicable,device_sparse_v1,0.017543859649122806,low,0.1333333333333333,low,0.55,20,5,25,0,,,,,,0.05,not_estimable,not_estimable_expected_width_infeasible,expected_infeasible,width_exceeds_frozen_sparse_topology,9d124ad72c0fe2b841fbfc927ec45c35cb413a6a0e01baada17f1025709d315c,9626c07cf4ccf3251a3585a4b367551c7a78f57218970c0d71f73f221adea5d3,e3ade62c2d1568a6686439927f821e8d4321e46286156daf59fd75b31c85a222,749d39f68d29d796da0060f6c180c3306254979e
inst_072f29754f95706f7e005ffc71c91edbc139dd5aa24177bed97dbe718ea7f2bf,cubic_spin_glass,compilation,test,selective_vs_matched_random_selective,compiled_two_qubit_gates,not_applicable,not_applicable,all_to_all_reference,0.017543859649122806,low,0.1333333333333333,low,0.55,20,5,25,5,80.0,80.0,0.0,0.0,0.0,0.05,little_effect,paired_normal_interval_by_transpiler_seed,pass,,9d124ad72c0fe2b841fbfc927ec45c35cb413a6a0e01baada17f1025709d315c,9626c07cf4ccf3251a3585a4b367551c7a78f57218970c0d71f73f221adea5d3,e3ade62c2d1568a6686439927f821e8d4321e46286156daf59fd75b31c85a222,749d39f68d29d796da0060f6c180c3306254979e
inst_072f29754f95706f7e005ffc71c91edbc139dd5aa24177bed97dbe718ea7f2bf,cubic_spin_glass,compilation,test,selective_vs_matched_random_selective,compiled_two_qubit_gates,not_applicable,not_applicable,device_sparse_v1,0.017543859649122806,low,0.1333333333333333,low,0.55,20,5,25,0,,,,,,0.05,not_estimable,not_estimable_expected_width_infeasible,expected_infeasible,width_exceeds_frozen_sparse_topology,9d124ad72c0fe2b841fbfc927ec45c35cb413a6a0e01baada17f1025709d315c,9626c07cf4ccf3251a3585a4b367551c7a78f57218970c0d71f73f221adea5d3,e3ade62c2d1568a6686439927f821e8d4321e46286156daf59fd75b31c85a222,749d39f68d29d796da0060f6c180c3306254979e
inst_072f29754f95706f7e005ffc71c91edbc139dd5aa24177bed97dbe718ea7f2bf,cubic_spin_glass,compilation,test,selective_vs_matched_random_selective,routing_overhead,not_applicable,not_applicable,all_to_all_reference,0.017543859649122806,low,0.1333333333333333,low,0.55,20,5,25,5,0.0,0.0,0.0,0.0,0.0,0.05,little_effect,paired_normal_interval_by_transpiler_seed,pass,,9d124ad72c0fe2b841fbfc927ec45c35cb413a6a0e01baada17f1025709d315c,9626c07cf4ccf3251a3585a4b367551c7a78f57218970c0d71f73f221adea5d3,e3ade62c2d1568a6686439927f821e8d4321e46286156daf59fd75b31c85a222,749d39f68d29d796da0060f6c180c3306254979e
inst_072f29754f95706f7e005ffc71c91edbc139dd5aa24177bed97dbe718ea7f2bf,cubic_spin_glass,compilation,test,selective_vs_matched_random_selective,routing_overhead,not_applicable,not_applicable,device_sparse_v1,0.017543859649122806,low,0.1333333333333333,low,0.55,20,5,25,0,,,,,,0.05,not_estimable,not_estimable_expected_width_infeasible,expected_infeasible,width_exceeds_frozen_sparse_topology,9d124ad72c0fe2b841fbfc927ec45c35cb413a6a0e01baada17f1025709d315c,9626c07cf4ccf3251a3585a4b367551c7a78f57218970c0d71f73f221adea5d3,e3ade62c2d1568a6686439927f821e8d4321e46286156daf59fd75b31c85a222,749d39f68d29d796da0060f6c180c3306254979e
inst_13030ed96c3ca324374d60f8d25452134295fce62c10aca2ac1f801aa32741cc,cubic_spin_glass,compilation,test,selective_vs_matched_random_selective,compiled_two_qubit_depth,not_applicable,not_applicable,all_to_all_reference,0.5714285714285714,high,0.7083333333333333,high,0.375,8,5,25,5,77.0,108.6,0.29097605893186,0.29097605893186,0.29097605893186,0.05,help,paired_normal_interval_by_transpiler_seed,pass,,9d124ad72c0fe2b841fbfc927ec45c35cb413a6a0e01baada17f1025709d315c,9626c07cf4ccf3251a3585a4b367551c7a78f57218970c0d71f73f221adea5d3,e3ade62c2d1568a6686439927f821e8d4321e46286156daf59fd75b31c85a222,749d39f68d29d796da0060f6c180c3306254979e
inst_13030ed96c3ca324374d60f8d25452134295fce62c10aca2ac1f801aa32741cc,cubic_spin_glass,compilation,test,selective_vs_matched_random_selective,compiled_two_qubit_depth,not_applicable,not_applicable,device_sparse_v1,0.5714285714285714,high,0.7083333333333333,high,0.375,8,5,25,5,150.6,189.32,0.20444282923556562,0.19114560346772128,0.21774005500340995,0.05,help,paired_normal_interval_by_transpiler_seed,pass,,9d124ad72c0fe2b841fbfc927ec45c35cb413a6a0e01baada17f1025709d315c,9626c07cf4ccf3251a3585a4b367551c7a78f57218970c0d71f73f221adea5d3,e3ade62c2d1568a6686439927f821e8d4321e46286156daf59fd75b31c85a222,749d39f68d29d796da0060f6c180c3306254979e
inst_13030ed96c3ca324374d60f8d25452134295fce62c10aca2ac1f801aa32741cc,cubic_spin_glass,compilation,test,selective_vs_matched_random_selective,compiled_two_qubit_gates,not_applicable,not_applicable,all_to_all_reference,0.5714285714285714,high,0.7083333333333333,high,0.375,8,5,25,5,134.0,154.0,0.12987012987012986,0.12987012987012986,0.12987012987012986,0.05,help,paired_normal_interval_by_transpiler_seed,pass,,9d124ad72c0fe2b841fbfc927ec45c35cb413a6a0e01baada17f1025709d315c,9626c07cf4ccf3251a3585a4b367551c7a78f57218970c0d71f73f221adea5d3,e3ade62c2d1568a6686439927f821e8d4321e46286156daf59fd75b31c85a222,749d39f68d29d796da0060f6c180c3306254979e
inst_13030ed96c3ca324374d60f8d25452134295fce62c10aca2ac1f801aa32741cc,cubic_spin_glass,compilation,test,selective_vs_matched_random_selective,compiled_two_qubit_gates,not_applicable,not_applicable,device_sparse_v1,0.5714285714285714,high,0.7083333333333333,high,0.375,8,5,25,5,231.2,271.04,0.14689934059985052,0.13353796581830985,0.1602607153813912,0.05,help,paired_normal_interval_by_transpiler_seed,pass,,9d124ad72c0fe2b841fbfc927ec45c35cb413a6a0e01baada17f1025709d315c,9626c07cf4ccf3251a3585a4b367551c7a78f57218970c0d71f73f221adea5d3,e3ade62c2d1568a6686439927f821e8d4321e46286156daf59fd75b31c85a222,749d39f68d29d796da0060f6c180c3306254979e
inst_13030ed96c3ca324374d60f8d25452134295fce62c10aca2ac1f801aa32741cc,cubic_spin_glass,compilation,test,selective_vs_matched_random_selective,routing_overhead,not_applicable,not_applicable,all_to_all_reference,0.5714285714285714,high,0.7083333333333333,high,0.375,8,5,25,5,0.0,0.0,0.0,0.0,0.0,0.05,little_effect,paired_normal_interval_by_transpiler_seed,pass,,9d124ad72c0fe2b841fbfc927ec45c35cb413a6a0e01baada17f1025709d315c,9626c07cf4ccf3251a3585a4b367551c7a78f57218970c0d71f73f221adea5d3,e3ade62c2d1568a6686439927f821e8d4321e46286156daf59fd75b31c85a222,749d39f68d29d796da0060f6c180c3306254979e
inst_13030ed96c3ca324374d60f8d25452134295fce62c10aca2ac1f801aa32741cc,cubic_spin_glass,compilation,test,selective_vs_matched_random_selective,routing_overhead,not_applicable,not_applicable,device_sparse_v1,0.5714285714285714,high,0.7083333333333333,high,0.375,8,5,25,5,97.2,117.04,0.1690536235686536,0.13836750561111327,0.19973974152619395,0.05,help,paired_normal_interval_by_transpiler_seed,pass,,9d124ad72c0fe2b841fbfc927ec45c35cb413a6a0e01baada17f1025709d315c,9626c07cf4ccf3251a3585a4b367551c7a78f57218970c0d71f73f221adea5d3,e3ade62c2d1568a6686439927f821e8d4321e46286156daf59fd75b31c85a222,749d39f68d29d796da0060f6c180c3306254979e
inst_16c9f5951f44e0cdcb5bd2aaf536929247d827649204d1d7616835284c4f9cdc,cubic_spin_glass,compilation,test,selective_vs_matched_random_selective,compiled_two_qubit_depth,not_applicable,not_applicable,all_to_all_reference,0.017543859649122806,low,0.09999999999999998,low,0.6,20,5,25,5,43.0,43.0,0.0,0.0,0.0,0.05,little_effect,paired_normal_interval_by_transpiler_seed,pass,,9d124ad72c0fe2b841fbfc927ec45c35cb413a6a0e01baada17f1025709d315c,9626c07cf4ccf3251a3585a4b367551c7a78f57218970c0d71f73f221adea5d3,e3ade62c2d1568a6686439927f821e8d4321e46286156daf59fd75b31c85a222,749d39f68d29d796da0060f6c180c3306254979e
inst_16c9f5951f44e0cdcb5bd2aaf536929247d827649204d1d7616835284c4f9cdc,cubic_spin_glass,compilation,test,selective_vs_matched_random_selective,compiled_two_qubit_depth,not_applicable,not_applicable,device_sparse_v1,0.017543859649122806,low,0.09999999999999998,low,0.6,20,5,25,0,,,,,,0.05,not_estimable,not_estimable_expected_width_infeasible,expected_infeasible,width_exceeds_frozen_sparse_topology,9d124ad72c0fe2b841fbfc927ec45c35cb413a6a0e01baada17f1025709d315c,9626c07cf4ccf3251a3585a4b367551c7a78f57218970c0d71f73f221adea5d3,e3ade62c2d1568a6686439927f821e8d4321e46286156daf59fd75b31c85a222,749d39f68d29d796da0060f6c180c3306254979e
inst_16c9f5951f44e0cdcb5bd2aaf536929247d827649204d1d7616835284c4f9cdc,cubic_spin_glass,compilation,test,selective_vs_matched_random_selective,compiled_two_qubit_gates,not_applicable,not_applicable,all_to_all_reference,0.017543859649122806,low,0.09999999999999998,low,0.6,20,5,25,5,80.0,80.0,0.0,0.0,0.0,0.05,little_effect,paired_normal_interval_by_transpiler_seed,pass,,9d124ad72c0fe2b841fbfc927ec45c35cb413a6a0e01baada17f1025709d315c,9626c07cf4ccf3251a3585a4b367551c7a78f57218970c0d71f73f221adea5d3,e3ade62c2d1568a6686439927f821e8d4321e46286156daf59fd75b31c85a222,749d39f68d29d796da0060f6c180c3306254979e
inst_16c9f5951f44e0cdcb5bd2aaf536929247d827649204d1d7616835284c4f9cdc,cubic_spin_glass,compilation,test,selective_vs_matched_random_selective,compiled_two_qubit_gates,not_applicable,not_applicable,device_sparse_v1,0.017543859649122806,low,0.09999999999999998,low,0.6,20,5,25,0,,,,,,0.05,not_estimable,not_estimable_expected_width_infeasible,expected_infeasible,width_exceeds_frozen_sparse_topology,9d124ad72c0fe2b841fbfc927ec45c35cb413a6a0e01baada17f1025709d315c,9626c07cf4ccf3251a3585a4b367551c7a78f57218970c0d71f73f221adea5d3,e3ade62c2d1568a6686439927f821e8d4321e46286156daf59fd75b31c85a222,749d39f68d29d796da0060f6c180c3306254979e
inst_16c9f5951f44e0cdcb5bd2aaf536929247d827649204d1d7616835284c4f9cdc,cubic_spin_glass,compilation,test,selective_vs_matched_random_selective,routing_overhead,not_applicable,not_applicable,all_to_all_reference,0.017543859649122806,low,0.09999999999999998,low,0.6,20,5,25,5,0.0,0.0,0.0,0.0,0.0,0.05,little_effect,paired_normal_interval_by_transpiler_seed,pass,,9d124ad72c0fe2b841fbfc927ec45c35cb413a6a0e01baada17f1025709d315c,9626c07cf4ccf3251a3585a4b367551c7a78f57218970c0d71f73f221adea5d3,e3ade62c2d1568a6686439927f821e8d4321e46286156daf59fd75b31c85a222,749d39f68d29d796da0060f6c180c3306254979e
inst_16c9f5951f44e0cdcb5bd2aaf536929247d827649204d1d7616835284c4f9cdc,cubic_spin_glass,compilation,test,selective_vs_matched_random_selective,routing_overhead,not_applicable,not_applicable,device_sparse_v1,0.017543859649122806,low,0.09999999999999998,low,0.6,20,5,25,0,,,,,,0.05,not_estimable,not_estimable_expected_width_infeasible,expected_infeasible,width_exceeds_frozen_sparse_topology,9d124ad72c0fe2b841fbfc927ec45c35cb413a6a0e01baada17f1025709d315c,9626c07cf4ccf3251a3585a4b367551c7a78f57218970c0d71f73f221adea5d3,e3ade62c2d1568a6686439927f821e8d4321e46286156daf59fd75b31c85a222,749d39f68d29d796da0060f6c180c3306254979e
inst_29626af5a49c14ecc2c2040c11341eeaa8dded055a83fdf07387d51f5846dda9,cubic_spin_glass,compilation,test,selective_vs_matched_random_selective,compiled_two_qubit_depth,not_applicable,not_applicable,all_to_all_reference,0.11428571428571428,intermediate,0.5208333333333333,high,0.390625,16,5,25,5,173.0,199.8,0.1341341341341342,0.1341341341341342,0.1341341341341342,0.05,help,paired_normal_interval_by_transpiler_seed,pass,,9d124ad72c0fe2b841fbfc927ec45c35cb413a6a0e01baada17f1025709d315c,9626c07cf4ccf3251a3585a4b367551c7a78f57218970c0d71f73f221adea5d3,e3ade62c2d1568a6686439927f821e8d4321e46286156daf59fd75b31c85a222,749d39f68d29d796da0060f6c180c3306254979e
inst_29626af5a49c14ecc2c2040c11341eeaa8dded055a83fdf07387d51f5846dda9,cubic_spin_glass,compilation,test,selective_vs_matched_random_selective,compiled_two_qubit_depth,not_applicable,not_applicable,device_sparse_v1,0.11428571428571428,intermediate,0.5208333333333333,high,0.390625,16,5,25,0,,,,,,0.05,not_estimable,not_estimable_expected_width_infeasible,expected_infeasible,width_exceeds_frozen_sparse_topology,9d124ad72c0fe2b841fbfc927ec45c35cb413a6a0e01baada17f1025709d315c,9626c07cf4ccf3251a3585a4b367551c7a78f57218970c0d71f73f221adea5d3,e3ade62c2d1568a6686439927f821e8d4321e46286156daf59fd75b31c85a222,749d39f68d29d796da0060f6c180c3306254979e
inst_29626af5a49c14ecc2c2040c11341eeaa8dded055a83fdf07387d51f5846dda9,cubic_spin_glass,compilation,test,selective_vs_matched_random_selective,compiled_two_qubit_gates,not_applicable,not_applicable,all_to_all_reference,0.11428571428571428,intermediate,0.5208333333333333,high,0.390625,16,5,25,5,266.0,264.0,-0.007575757575757576,-0.007575757575757576,-0.007575757575757576,0.05,little_effect,paired_normal_interval_by_transpiler_seed,pass,,9d124ad72c0fe2b841fbfc927ec45c35cb413a6a0e01baada17f1025709d315c,9626c07cf4ccf3251a3585a4b367551c7a78f57218970c0d71f73f221adea5d3,e3ade62c2d1568a6686439927f821e8d4321e46286156daf59fd75b31c85a222,749d39f68d29d796da0060f6c180c3306254979e
inst_29626af5a49c14ecc2c2040c11341eeaa8dded055a83fdf07387d51f5846dda9,cubic_spin_glass,compilation,test,selective_vs_matched_random_selective,compiled_two_qubit_gates,not_applicable,not_applicable,device_sparse_v1,0.11428571428571428,intermediate,0.5208333333333333,high,0.390625,16,5,25,0,,,,,,0.05,not_estimable,not_estimable_expected_width_infeasible,expected_infeasible,width_exceeds_frozen_sparse_topology,9d124ad72c0fe2b841fbfc927ec45c35cb413a6a0e01baada17f1025709d315c,9626c07cf4ccf3251a3585a4b367551c7a78f57218970c0d71f73f221adea5d3,e3ade62c2d1568a6686439927f821e8d4321e46286156daf59fd75b31c85a222,749d39f68d29d796da0060f6c180c3306254979e
inst_29626af5a49c14ecc2c2040c11341eeaa8dded055a83fdf07387d51f5846dda9,cubic_spin_glass,compilation,test,selective_vs_matched_random_selective,routing_overhead,not_applicable,not_applicable,all_to_all_reference,0.11428571428571428,intermediate,0.5208333333333333,high,0.390625,16,5,25,5,0.0,0.0,0.0,0.0,0.0,0.05,little_effect,paired_normal_interval_by_transpiler_seed,pass,,9d124ad72c0fe2b841fbfc927ec45c35cb413a6a0e01baada17f1025709d315c,9626c07cf4ccf3251a3585a4b367551c7a78f57218970c0d71f73f221adea5d3,e3ade62c2d1568a6686439927f821e8d4321e46286156daf59fd75b31c85a222,749d39f68d29d796da0060f6c180c3306254979e
inst_29626af5a49c14ecc2c2040c11341eeaa8dded055a83fdf07387d51f5846dda9,cubic_spin_glass,compilation,test,selective_vs_matched_random_selective,routing_overhead,not_applicable,not_applicable,device_sparse_v1,0.11428571428571428,intermediate,0.5208333333333333,high,0.390625,16,5,25,0,,,,,,0.05,not_estimable,not_estimable_expected_width_infeasible,expected_infeasible,width_exceeds_frozen_sparse_topology,9d124ad72c0fe2b841fbfc927ec45c35cb413a6a0e01baada17f1025709d315c,9626c07cf4ccf3251a3585a4b367551c7a78f57218970c0d71f73f221adea5d3,e3ade62c2d1568a6686439927f821e8d4321e46286156daf59fd75b31c85a222,749d39f68d29d796da0060f6c180c3306254979e
inst_532ca52e0bd47ef393cd0da8c1c69dadce16850b3ef6b9be0dad7c95b2678c55,cubic_spin_glass,compilation,test,selective_vs_matched_random_selective,compiled_two_qubit_depth,not_applicable,not_applicable,all_to_all_reference,0.10909090909090909,intermediate,0.45833333333333337,intermediate,0.625,12,5,25,5,54.0,78.0,0.3076923076923077,0.3076923076923077,0.3076923076923077,0.05,help,paired_normal_interval_by_transpiler_seed,pass,,9d124ad72c0fe2b841fbfc927ec45c35cb413a6a0e01baada17f1025709d315c,9626c07cf4ccf3251a3585a4b367551c7a78f57218970c0d71f73f221adea5d3,e3ade62c2d1568a6686439927f821e8d4321e46286156daf59fd75b31c85a222,749d39f68d29d796da0060f6c180c3306254979e
inst_532ca52e0bd47ef393cd0da8c1c69dadce16850b3ef6b9be0dad7c95b2678c55,cubic_spin_glass,compilation,test,selective_vs_matched_random_selective,compiled_two_qubit_depth,not_applicable,not_applicable,device_sparse_v1,0.10909090909090909,intermediate,0.45833333333333337,intermediate,0.625,12,5,25,0,,,,,,0.05,not_estimable,not_estimable_expected_width_infeasible,expected_infeasible,width_exceeds_frozen_sparse_topology,9d124ad72c0fe2b841fbfc927ec45c35cb413a6a0e01baada17f1025709d315c,9626c07cf4ccf3251a3585a4b367551c7a78f57218970c0d71f73f221adea5d3,e3ade62c2d1568a6686439927f821e8d4321e46286156daf59fd75b31c85a222,749d39f68d29d796da0060f6c180c3306254979e
inst_532ca52e0bd47ef393cd0da8c1c69dadce16850b3ef6b9be0dad7c95b2678c55,cubic_spin_glass,compilation,test,selective_vs_matched_random_selective,compiled_two_qubit_gates,not_applicable,not_applicable,all_to_all_reference,0.10909090909090909,intermediate,0.45833333333333337,intermediate,0.625,12,5,25,5,108.0,118.4,0.08783783783783788,0.08783783783783788,0.08783783783783788,0.05,help,paired_normal_interval_by_transpiler_seed,pass,,9d124ad72c0fe2b841fbfc927ec45c35cb413a6a0e01baada17f1025709d315c,9626c07cf4ccf3251a3585a4b367551c7a78f57218970c0d71f73f221adea5d3,e3ade62c2d1568a6686439927f821e8d4321e46286156daf59fd75b31c85a222,749d39f68d29d796da0060f6c180c3306254979e
inst_532ca52e0bd47ef393cd0da8c1c69dadce16850b3ef6b9be0dad7c95b2678c55,cubic_spin_glass,compilation,test,selective_vs_matched_random_selective,compiled_two_qubit_gates,not_applicable,not_applicable,device_sparse_v1,0.10909090909090909,intermediate,0.45833333333333337,intermediate,0.625,12,5,25,0,,,,,,0.05,not_estimable,not_estimable_expected_width_infeasible,expected_infeasible,width_exceeds_frozen_sparse_topology,9d124ad72c0fe2b841fbfc927ec45c35cb413a6a0e01baada17f1025709d315c,9626c07cf4ccf3251a3585a4b367551c7a78f57218970c0d71f73f221adea5d3,e3ade62c2d1568a6686439927f821e8d4321e46286156daf59fd75b31c85a222,749d39f68d29d796da0060f6c180c3306254979e
inst_532ca52e0bd47ef393cd0da8c1c69dadce16850b3ef6b9be0dad7c95b2678c55,cubic_spin_glass,compilation,test,selective_vs_matched_random_selective,routing_overhead,not_applicable,not_applicable,all_to_all_reference,0.10909090909090909,intermediate,0.45833333333333337,intermediate,0.625,12,5,25,5,0.0,0.0,0.0,0.0,0.0,0.05,little_effect,paired_normal_interval_by_transpiler_seed,pass,,9d124ad72c0fe2b841fbfc927ec45c35cb413a6a0e01baada17f1025709d315c,9626c07cf4ccf3251a3585a4b367551c7a78f57218970c0d71f73f221adea5d3,e3ade62c2d1568a6686439927f821e8d4321e46286156daf59fd75b31c85a222,749d39f68d29d796da0060f6c180c3306254979e
inst_532ca52e0bd47ef393cd0da8c1c69dadce16850b3ef6b9be0dad7c95b2678c55,cubic_spin_glass,compilation,test,selective_vs_matched_random_selective,routing_overhead,not_applicable,not_applicable,device_sparse_v1,0.10909090909090909,intermediate,0.45833333333333337,intermediate,0.625,12,5,25,0,,,,,,0.05,not_estimable,not_estimable_expected_width_infeasible,expected_infeasible,width_exceeds_frozen_sparse_topology,9d124ad72c0fe2b841fbfc927ec45c35cb413a6a0e01baada17f1025709d315c,9626c07cf4ccf3251a3585a4b367551c7a78f57218970c0d71f73f221adea5d3,e3ade62c2d1568a6686439927f821e8d4321e46286156daf59fd75b31c85a222,749d39f68d29d796da0060f6c180c3306254979e
inst_5e84026f5ef89b88de9d4b994118f120646ed7435887f0713ffd0b2f2cd5428d,cubic_spin_glass,compilation,test,selective_vs_matched_random_selective,compiled_two_qubit_depth,not_applicable,not_applicable,all_to_all_reference,0.017543859649122806,low,0.30000000000000004,intermediate,0.65,20,5,25,5,44.0,44.0,0.0,0.0,0.0,0.05,little_effect,paired_normal_interval_by_transpiler_seed,pass,,9d124ad72c0fe2b841fbfc927ec45c35cb413a6a0e01baada17f1025709d315c,9626c07cf4ccf3251a3585a4b367551c7a78f57218970c0d71f73f221adea5d3,e3ade62c2d1568a6686439927f821e8d4321e46286156daf59fd75b31c85a222,749d39f68d29d796da0060f6c180c3306254979e
inst_5e84026f5ef89b88de9d4b994118f120646ed7435887f0713ffd0b2f2cd5428d,cubic_spin_glass,compilation,test,selective_vs_matched_random_selective,compiled_two_qubit_depth,not_applicable,not_applicable,device_sparse_v1,0.017543859649122806,low,0.30000000000000004,intermediate,0.65,20,5,25,0,,,,,,0.05,not_estimable,not_estimable_expected_width_infeasible,expected_infeasible,width_exceeds_frozen_sparse_topology,9d124ad72c0fe2b841fbfc927ec45c35cb413a6a0e01baada17f1025709d315c,9626c07cf4ccf3251a3585a4b367551c7a78f57218970c0d71f73f221adea5d3,e3ade62c2d1568a6686439927f821e8d4321e46286156daf59fd75b31c85a222,749d39f68d29d796da0060f6c180c3306254979e
inst_5e84026f5ef89b88de9d4b994118f120646ed7435887f0713ffd0b2f2cd5428d,cubic_spin_glass,compilation,test,selective_vs_matched_random_selective,compiled_two_qubit_gates,not_applicable,not_applicable,all_to_all_reference,0.017543859649122806,low,0.30000000000000004,intermediate,0.65,20,5,25,5,80.0,80.0,0.0,0.0,0.0,0.05,little_effect,paired_normal_interval_by_transpiler_seed,pass,,9d124ad72c0fe2b841fbfc927ec45c35cb413a6a0e01baada17f1025709d315c,9626c07cf4ccf3251a3585a4b367551c7a78f57218970c0d71f73f221adea5d3,e3ade62c2d1568a6686439927f821e8d4321e46286156daf59fd75b31c85a222,749d39f68d29d796da0060f6c180c3306254979e
inst_5e84026f5ef89b88de9d4b994118f120646ed7435887f0713ffd0b2f2cd5428d,cubic_spin_glass,compilation,test,selective_vs_matched_random_selective,compiled_two_qubit_gates,not_applicable,not_applicable,device_sparse_v1,0.017543859649122806,low,0.30000000000000004,intermediate,0.65,20,5,25,0,,,,,,0.05,not_estimable,not_estimable_expected_width_infeasible,expected_infeasible,width_exceeds_frozen_sparse_topology,9d124ad72c0fe2b841fbfc927ec45c35cb413a6a0e01baada17f1025709d315c,9626c07cf4ccf3251a3585a4b367551c7a78f57218970c0d71f73f221adea5d3,e3ade62c2d1568a6686439927f821e8d4321e46286156daf59fd75b31c85a222,749d39f68d29d796da0060f6c180c3306254979e
inst_5e84026f5ef89b88de9d4b994118f120646ed7435887f0713ffd0b2f2cd5428d,cubic_spin_glass,compilation,test,selective_vs_matched_random_selective,routing_overhead,not_applicable,not_applicable,all_to_all_reference,0.017543859649122806,low,0.30000000000000004,intermediate,0.65,20,5,25,5,0.0,0.0,0.0,0.0,0.0,0.05,little_effect,paired_normal_interval_by_transpiler_seed,pass,,9d124ad72c0fe2b841fbfc927ec45c35cb413a6a0e01baada17f1025709d315c,9626c07cf4ccf3251a3585a4b367551c7a78f57218970c0d71f73f221adea5d3,e3ade62c2d1568a6686439927f821e8d4321e46286156daf59fd75b31c85a222,749d39f68d29d796da0060f6c180c3306254979e
inst_5e84026f5ef89b88de9d4b994118f120646ed7435887f0713ffd0b2f2cd5428d,cubic_spin_glass,compilation,test,selective_vs_matched_random_selective,routing_overhead,not_applicable,not_applicable,device_sparse_v1,0.017543859649122806,low,0.30000000000000004,intermediate,0.65,20,5,25,0,,,,,,0.05,not_estimable,not_estimable_expected_width_infeasible,expected_infeasible,width_exceeds_frozen_sparse_topology,9d124ad72c0fe2b841fbfc927ec45c35cb413a6a0e01baada17f1025709d315c,9626c07cf4ccf3251a3585a4b367551c7a78f57218970c0d71f73f221adea5d3,e3ade62c2d1568a6686439927f821e8d4321e46286156daf59fd75b31c85a222,749d39f68d29d796da0060f6c180c3306254979e
inst_5f65d193d7b5370c9379fde1b52bfef9bc19e4da666d19b2e186471b1e77bf32,cubic_spin_glass,compilation,test,selective_vs_matched_random_selective,compiled_two_qubit_depth,not_applicable,not_applicable,all_to_all_reference,0.02857142857142857,low,0.3125,intermediate,0.5,16,5,25,5,50.0,50.0,0.0,0.0,0.0,0.05,little_effect,paired_normal_interval_by_transpiler_seed,pass,,9d124ad72c0fe2b841fbfc927ec45c35cb413a6a0e01baada17f1025709d315c,9626c07cf4ccf3251a3585a4b367551c7a78f57218970c0d71f73f221adea5d3,e3ade62c2d1568a6686439927f821e8d4321e46286156daf59fd75b31c85a222,749d39f68d29d796da0060f6c180c3306254979e
inst_5f65d193d7b5370c9379fde1b52bfef9bc19e4da666d19b2e186471b1e77bf32,cubic_spin_glass,compilation,test,selective_vs_matched_random_selective,compiled_two_qubit_depth,not_applicable,not_applicable,device_sparse_v1,0.02857142857142857,low,0.3125,intermediate,0.5,16,5,25,0,,,,,,0.05,not_estimable,not_estimable_expected_width_infeasible,expected_infeasible,width_exceeds_frozen_sparse_topology,9d124ad72c0fe2b841fbfc927ec45c35cb413a6a0e01baada17f1025709d315c,9626c07cf4ccf3251a3585a4b367551c7a78f57218970c0d71f73f221adea5d3,e3ade62c2d1568a6686439927f821e8d4321e46286156daf59fd75b31c85a222,749d39f68d29d796da0060f6c180c3306254979e
inst_5f65d193d7b5370c9379fde1b52bfef9bc19e4da666d19b2e186471b1e77bf32,cubic_spin_glass,compilation,test,selective_vs_matched_random_selective,compiled_two_qubit_gates,not_applicable,not_applicable,all_to_all_reference,0.02857142857142857,low,0.3125,intermediate,0.5,16,5,25,5,64.0,64.0,0.0,0.0,0.0,0.05,little_effect,paired_normal_interval_by_transpiler_seed,pass,,9d124ad72c0fe2b841fbfc927ec45c35cb413a6a0e01baada17f1025709d315c,9626c07cf4ccf3251a3585a4b367551c7a78f57218970c0d71f73f221adea5d3,e3ade62c2d1568a6686439927f821e8d4321e46286156daf59fd75b31c85a222,749d39f68d29d796da0060f6c180c3306254979e
inst_5f65d193d7b5370c9379fde1b52bfef9bc19e4da666d19b2e186471b1e77bf32,cubic_spin_glass,compilation,test,selective_vs_matched_random_selective,compiled_two_qubit_gates,not_applicable,not_applicable,device_sparse_v1,0.02857142857142857,low,0.3125,intermediate,0.5,16,5,25,0,,,,,,0.05,not_estimable,not_estimable_expected_width_infeasible,expected_infeasible,width_exceeds_frozen_sparse_topology,9d124ad72c0fe2b841fbfc927ec45c35cb413a6a0e01baada17f1025709d315c,9626c07cf4ccf3251a3585a4b367551c7a78f57218970c0d71f73f221adea5d3,e3ade62c2d1568a6686439927f821e8d4321e46286156daf59fd75b31c85a222,749d39f68d29d796da0060f6c180c3306254979e
inst_5f65d193d7b5370c9379fde1b52bfef9bc19e4da666d19b2e186471b1e77bf32,cubic_spin_glass,compilation,test,selective_vs_matched_random_selective,routing_overhead,not_applicable,not_applicable,all_to_all_reference,0.02857142857142857,low,0.3125,intermediate,0.5,16,5,25,5,0.0,0.0,0.0,0.0,0.0,0.05,little_effect,paired_normal_interval_by_transpiler_seed,pass,,9d124ad72c0fe2b841fbfc927ec45c35cb413a6a0e01baada17f1025709d315c,9626c07cf4ccf3251a3585a4b367551c7a78f57218970c0d71f73f221adea5d3,e3ade62c2d1568a6686439927f821e8d4321e46286156daf59fd75b31c85a222,749d39f68d29d796da0060f6c180c3306254979e
inst_5f65d193d7b5370c9379fde1b52bfef9bc19e4da666d19b2e186471b1e77bf32,cubic_spin_glass,compilation,test,selective_vs_matched_random_selective,routing_overhead,not_applicable,not_applicable,device_sparse_v1,0.02857142857142857,low,0.3125,intermediate,0.5,16,5,25,0,,,,,,0.05,not_estimable,not_estimable_expected_width_infeasible,expected_infeasible,width_exceeds_frozen_sparse_topology,9d124ad72c0fe2b841fbfc927ec45c35cb413a6a0e01baada17f1025709d315c,9626c07cf4ccf3251a3585a4b367551c7a78f57218970c0d71f73f221adea5d3,e3ade62c2d1568a6686439927f821e8d4321e46286156daf59fd75b31c85a222,749d39f68d29d796da0060f6c180c3306254979e
inst_623ed3fa24dead6f0f9dd1096cce82dc9a048bf774730e23b964d7d43607fd83,cubic_spin_glass,compilation,test,selective_vs_matched_random_selective,compiled_two_qubit_depth,not_applicable,not_applicable,all_to_all_reference,0.14285714285714285,intermediate,0.33333333333333337,intermediate,0.5,8,5,25,5,27.0,27.0,0.0,0.0,0.0,0.05,little_effect,paired_normal_interval_by_transpiler_seed,pass,,9d124ad72c0fe2b841fbfc927ec45c35cb413a6a0e01baada17f1025709d315c,9626c07cf4ccf3251a3585a4b367551c7a78f57218970c0d71f73f221adea5d3,e3ade62c2d1568a6686439927f821e8d4321e46286156daf59fd75b31c85a222,749d39f68d29d796da0060f6c180c3306254979e
inst_623ed3fa24dead6f0f9dd1096cce82dc9a048bf774730e23b964d7d43607fd83,cubic_spin_glass,compilation,test,selective_vs_matched_random_selective,compiled_two_qubit_depth,not_applicable,not_applicable,device_sparse_v1,0.14285714285714285,intermediate,0.33333333333333337,intermediate,0.5,8,5,25,5,38.4,38.4,0.0,0.0,0.0,0.05,little_effect,paired_normal_interval_by_transpiler_seed,pass,,9d124ad72c0fe2b841fbfc927ec45c35cb413a6a0e01baada17f1025709d315c,9626c07cf4ccf3251a3585a4b367551c7a78f57218970c0d71f73f221adea5d3,e3ade62c2d1568a6686439927f821e8d4321e46286156daf59fd75b31c85a222,749d39f68d29d796da0060f6c180c3306254979e
inst_623ed3fa24dead6f0f9dd1096cce82dc9a048bf774730e23b964d7d43607fd83,cubic_spin_glass,compilation,test,selective_vs_matched_random_selective,compiled_two_qubit_gates,not_applicable,not_applicable,all_to_all_reference,0.14285714285714285,intermediate,0.33333333333333337,intermediate,0.5,8,5,25,5,32.0,32.0,0.0,0.0,0.0,0.05,little_effect,paired_normal_interval_by_transpiler_seed,pass,,9d124ad72c0fe2b841fbfc927ec45c35cb413a6a0e01baada17f1025709d315c,9626c07cf4ccf3251a3585a4b367551c7a78f57218970c0d71f73f221adea5d3,e3ade62c2d1568a6686439927f821e8d4321e46286156daf59fd75b31c85a222,749d39f68d29d796da0060f6c180c3306254979e
inst_623ed3fa24dead6f0f9dd1096cce82dc9a048bf774730e23b964d7d43607fd83,cubic_spin_glass,compilation,test,selective_vs_matched_random_selective,compiled_two_qubit_gates,not_applicable,not_applicable,device_sparse_v1,0.14285714285714285,intermediate,0.33333333333333337,intermediate,0.5,8,5,25,5,46.6,46.6,0.0,0.0,0.0,0.05,little_effect,paired_normal_interval_by_transpiler_seed,pass,,9d124ad72c0fe2b841fbfc927ec45c35cb413a6a0e01baada17f1025709d315c,9626c07cf4ccf3251a3585a4b367551c7a78f57218970c0d71f73f221adea5d3,e3ade62c2d1568a6686439927f821e8d4321e46286156daf59fd75b31c85a222,749d39f68d29d796da0060f6c180c3306254979e
inst_623ed3fa24dead6f0f9dd1096cce82dc9a048bf774730e23b964d7d43607fd83,cubic_spin_glass,compilation,test,selective_vs_matched_random_selective,routing_overhead,not_applicable,not_applicable,all_to_all_reference,0.14285714285714285,intermediate,0.33333333333333337,intermediate,0.5,8,5,25,5,0.0,0.0,0.0,0.0,0.0,0.05,little_effect,paired_normal_interval_by_transpiler_seed,pass,,9d124ad72c0fe2b841fbfc927ec45c35cb413a6a0e01baada17f1025709d315c,9626c07cf4ccf3251a3585a4b367551c7a78f57218970c0d71f73f221adea5d3,e3ade62c2d1568a6686439927f821e8d4321e46286156daf59fd75b31c85a222,749d39f68d29d796da0060f6c180c3306254979e
inst_623ed3fa24dead6f0f9dd1096cce82dc9a048bf774730e23b964d7d43607fd83,cubic_spin_glass,compilation,test,selective_vs_matched_random_selective,routing_overhead,not_applicable,not_applicable,device_sparse_v1,0.14285714285714285,intermediate,0.33333333333333337,intermediate,0.5,8,5,25,5,14.6,14.6,0.0,0.0,0.0,0.05,little_effect,paired_normal_interval_by_transpiler_seed,pass,,9d124ad72c0fe2b841fbfc927ec45c35cb413a6a0e01baada17f1025709d315c,9626c07cf4ccf3251a3585a4b367551c7a78f57218970c0d71f73f221adea5d3,e3ade62c2d1568a6686439927f821e8d4321e46286156daf59fd75b31c85a222,749d39f68d29d796da0060f6c180c3306254979e
inst_629843195526c2b817edb433d2bf81dc1c9d7d1b6b358890ba16bbbcd422ab15,cubic_spin_glass,compilation,test,selective_vs_matched_random_selective,compiled_two_qubit_depth,not_applicable,not_applicable,all_to_all_reference,0.05454545454545454,low,0.19444444444444442,low,0.5,12,5,25,5,36.0,36.0,0.0,0.0,0.0,0.05,little_effect,paired_normal_interval_by_transpiler_seed,pass,,9d124ad72c0fe2b841fbfc927ec45c35cb413a6a0e01baada17f1025709d315c,9626c07cf4ccf3251a3585a4b367551c7a78f57218970c0d71f73f221adea5d3,e3ade62c2d1568a6686439927f821e8d4321e46286156daf59fd75b31c85a222,749d39f68d29d796da0060f6c180c3306254979e
inst_629843195526c2b817edb433d2bf81dc1c9d7d1b6b358890ba16bbbcd422ab15,cubic_spin_glass,compilation,test,selective_vs_matched_random_selective,compiled_two_qubit_depth,not_applicable,not_applicable,device_sparse_v1,0.05454545454545454,low,0.19444444444444442,low,0.5,12,5,25,5,58.6,58.6,0.0,0.0,0.0,0.05,little_effect,paired_normal_interval_by_transpiler_seed,pass,,9d124ad72c0fe2b841fbfc927ec45c35cb413a6a0e01baada17f1025709d315c,9626c07cf4ccf3251a3585a4b367551c7a78f57218970c0d71f73f221adea5d3,e3ade62c2d1568a6686439927f821e8d4321e46286156daf59fd75b31c85a222,749d39f68d29d796da0060f6c180c3306254979e
inst_629843195526c2b817edb433d2bf81dc1c9d7d1b6b358890ba16bbbcd422ab15,cubic_spin_glass,compilation,test,selective_vs_matched_random_selective,compiled_two_qubit_gates,not_applicable,not_applicable,all_to_all_reference,0.05454545454545454,low,0.19444444444444442,low,0.5,12,5,25,5,48.0,48.0,0.0,0.0,0.0,0.05,little_effect,paired_normal_interval_by_transpiler_seed,pass,,9d124ad72c0fe2b841fbfc927ec45c35cb413a6a0e01baada17f1025709d315c,9626c07cf4ccf3251a3585a4b367551c7a78f57218970c0d71f73f221adea5d3,e3ade62c2d1568a6686439927f821e8d4321e46286156daf59fd75b31c85a222,749d39f68d29d796da0060f6c180c3306254979e
inst_629843195526c2b817edb433d2bf81dc1c9d7d1b6b358890ba16bbbcd422ab15,cubic_spin_glass,compilation,test,selective_vs_matched_random_selective,compiled_two_qubit_gates,not_applicable,not_applicable,device_sparse_v1,0.05454545454545454,low,0.19444444444444442,low,0.5,12,5,25,5,75.4,75.4,0.0,0.0,0.0,0.05,little_effect,paired_normal_interval_by_transpiler_seed,pass,,9d124ad72c0fe2b841fbfc927ec45c35cb413a6a0e01baada17f1025709d315c,9626c07cf4ccf3251a3585a4b367551c7a78f57218970c0d71f73f221adea5d3,e3ade62c2d1568a6686439927f821e8d4321e46286156daf59fd75b31c85a222,749d39f68d29d796da0060f6c180c3306254979e
inst_629843195526c2b817edb433d2bf81dc1c9d7d1b6b358890ba16bbbcd422ab15,cubic_spin_glass,compilation,test,selective_vs_matched_random_selective,routing_overhead,not_applicable,not_applicable,all_to_all_reference,0.05454545454545454,low,0.19444444444444442,low,0.5,12,5,25,5,0.0,0.0,0.0,0.0,0.0,0.05,little_effect,paired_normal_interval_by_transpiler_seed,pass,,9d124ad72c0fe2b841fbfc927ec45c35cb413a6a0e01baada17f1025709d315c,9626c07cf4ccf3251a3585a4b367551c7a78f57218970c0d71f73f221adea5d3,e3ade62c2d1568a6686439927f821e8d4321e46286156daf59fd75b31c85a222,749d39f68d29d796da0060f6c180c3306254979e
inst_629843195526c2b817edb433d2bf81dc1c9d7d1b6b358890ba16bbbcd422ab15,cubic_spin_glass,compilation,test,selective_vs_matched_random_selective,routing_overhead,not_applicable,not_applicable,device_sparse_v1,0.05454545454545454,low,0.19444444444444442,low,0.5,12,5,25,5,27.4,27.4,0.0,0.0,0.0,0.05,little_effect,paired_normal_interval_by_transpiler_seed,pass,,9d124ad72c0fe2b841fbfc927ec45c35cb413a6a0e01baada17f1025709d315c,9626c07cf4ccf3251a3585a4b367551c7a78f57218970c0d71f73f221adea5d3,e3ade62c2d1568a6686439927f821e8d4321e46286156daf59fd75b31c85a222,749d39f68d29d796da0060f6c180c3306254979e
inst_6c945daac216f453a50715a1baa7e8a40f19ae2e62bd0a5f5ec4ecd7e3881303,cubic_spin_glass,compilation,test,selective_vs_matched_random_selective,compiled_two_qubit_depth,not_applicable,not_applicable,all_to_all_reference,0.02857142857142857,low,0.16666666666666663,low,0.5625,16,5,25,5,39.0,39.0,0.0,0.0,0.0,0.05,little_effect,paired_normal_interval_by_transpiler_seed,pass,,9d124ad72c0fe2b841fbfc927ec45c35cb413a6a0e01baada17f1025709d315c,9626c07cf4ccf3251a3585a4b367551c7a78f57218970c0d71f73f221adea5d3,e3ade62c2d1568a6686439927f821e8d4321e46286156daf59fd75b31c85a222,749d39f68d29d796da0060f6c180c3306254979e
inst_6c945daac216f453a50715a1baa7e8a40f19ae2e62bd0a5f5ec4ecd7e3881303,cubic_spin_glass,compilation,test,selective_vs_matched_random_selective,compiled_two_qubit_depth,not_applicable,not_applicable,device_sparse_v1,0.02857142857142857,low,0.16666666666666663,low,0.5625,16,5,25,0,,,,,,0.05,not_estimable,not_estimable_expected_width_infeasible,expected_infeasible,width_exceeds_frozen_sparse_topology,9d124ad72c0fe2b841fbfc927ec45c35cb413a6a0e01baada17f1025709d315c,9626c07cf4ccf3251a3585a4b367551c7a78f57218970c0d71f73f221adea5d3,e3ade62c2d1568a6686439927f821e8d4321e46286156daf59fd75b31c85a222,749d39f68d29d796da0060f6c180c3306254979e
inst_6c945daac216f453a50715a1baa7e8a40f19ae2e62bd0a5f5ec4ecd7e3881303,cubic_spin_glass,compilation,test,selective_vs_matched_random_selective,compiled_two_qubit_gates,not_applicable,not_applicable,all_to_all_reference,0.02857142857142857,low,0.16666666666666663,low,0.5625,16,5,25,5,64.0,64.0,0.0,0.0,0.0,0.05,little_effect,paired_normal_interval_by_transpiler_seed,pass,,9d124ad72c0fe2b841fbfc927ec45c35cb413a6a0e01baada17f1025709d315c,9626c07cf4ccf3251a3585a4b367551c7a78f57218970c0d71f73f221adea5d3,e3ade62c2d1568a6686439927f821e8d4321e46286156daf59fd75b31c85a222,749d39f68d29d796da0060f6c180c3306254979e
inst_6c945daac216f453a50715a1baa7e8a40f19ae2e62bd0a5f5ec4ecd7e3881303,cubic_spin_glass,compilation,test,selective_vs_matched_random_selective,compiled_two_qubit_gates,not_applicable,not_applicable,device_sparse_v1,0.02857142857142857,low,0.16666666666666663,low,0.5625,16,5,25,0,,,,,,0.05,not_estimable,not_estimable_expected_width_infeasible,expected_infeasible,width_exceeds_frozen_sparse_topology,9d124ad72c0fe2b841fbfc927ec45c35cb413a6a0e01baada17f1025709d315c,9626c07cf4ccf3251a3585a4b367551c7a78f57218970c0d71f73f221adea5d3,e3ade62c2d1568a6686439927f821e8d4321e46286156daf59fd75b31c85a222,749d39f68d29d796da0060f6c180c3306254979e
inst_6c945daac216f453a50715a1baa7e8a40f19ae2e62bd0a5f5ec4ecd7e3881303,cubic_spin_glass,compilation,test,selective_vs_matched_random_selective,routing_overhead,not_applicable,not_applicable,all_to_all_reference,0.02857142857142857,low,0.16666666666666663,low,0.5625,16,5,25,5,0.0,0.0,0.0,0.0,0.0,0.05,little_effect,paired_normal_interval_by_transpiler_seed,pass,,9d124ad72c0fe2b841fbfc927ec45c35cb413a6a0e01baada17f1025709d315c,9626c07cf4ccf3251a3585a4b367551c7a78f57218970c0d71f73f221adea5d3,e3ade62c2d1568a6686439927f821e8d4321e46286156daf59fd75b31c85a222,749d39f68d29d796da0060f6c180c3306254979e
inst_6c945daac216f453a50715a1baa7e8a40f19ae2e62bd0a5f5ec4ecd7e3881303,cubic_spin_glass,compilation,test,selective_vs_matched_random_selective,routing_overhead,not_applicable,not_applicable,device_sparse_v1,0.02857142857142857,low,0.16666666666666663,low,0.5625,16,5,25,0,,,,,,0.05,not_estimable,not_estimable_expected_width_infeasible,expected_infeasible,width_exceeds_frozen_sparse_topology,9d124ad72c0fe2b841fbfc927ec45c35cb413a6a0e01baada17f1025709d315c,9626c07cf4ccf3251a3585a4b367551c7a78f57218970c0d71f73f221adea5d3,e3ade62c2d1568a6686439927f821e8d4321e46286156daf59fd75b31c85a222,749d39f68d29d796da0060f6c180c3306254979e
inst_7fb1bfed3cb150b9c82f88f49613843c766218e213329cc38e12264c97c15eba,cubic_spin_glass,compilation,test,selective_vs_matched_random_selective,compiled_two_qubit_depth,not_applicable,not_applicable,all_to_all_reference,0.11428571428571428,intermediate,0.47395833333333337,intermediate,0.484375,16,5,25,5,129.0,192.2,0.32882414151925077,0.32882414151925077,0.32882414151925077,0.05,help,paired_normal_interval_by_transpiler_seed,pass,,9d124ad72c0fe2b841fbfc927ec45c35cb413a6a0e01baada17f1025709d315c,9626c07cf4ccf3251a3585a4b367551c7a78f57218970c0d71f73f221adea5d3,e3ade62c2d1568a6686439927f821e8d4321e46286156daf59fd75b31c85a222,749d39f68d29d796da0060f6c180c3306254979e
inst_7fb1bfed3cb150b9c82f88f49613843c766218e213329cc38e12264c97c15eba,cubic_spin_glass,compilation,test,selective_vs_matched_random_selective,compiled_two_qubit_depth,not_applicable,not_applicable,device_sparse_v1,0.11428571428571428,intermediate,0.47395833333333337,intermediate,0.484375,16,5,25,0,,,,,,0.05,not_estimable,not_estimable_expected_width_infeasible,expected_infeasible,width_exceeds_frozen_sparse_topology,9d124ad72c0fe2b841fbfc927ec45c35cb413a6a0e01baada17f1025709d315c,9626c07cf4ccf3251a3585a4b367551c7a78f57218970c0d71f73f221adea5d3,e3ade62c2d1568a6686439927f821e8d4321e46286156daf59fd75b31c85a222,749d39f68d29d796da0060f6c180c3306254979e
inst_7fb1bfed3cb150b9c82f88f49613843c766218e213329cc38e12264c97c15eba,cubic_spin_glass,compilation,test,selective_vs_matched_random_selective,compiled_two_qubit_gates,not_applicable,not_applicable,all_to_all_reference,0.11428571428571428,intermediate,0.47395833333333337,intermediate,0.484375,16,5,25,5,306.0,315.6,0.030418250950570415,0.030418250950570415,0.030418250950570415,0.05,little_effect,paired_normal_interval_by_transpiler_seed,pass,,9d124ad72c0fe2b841fbfc927ec45c35cb413a6a0e01baada17f1025709d315c,9626c07cf4ccf3251a3585a4b367551c7a78f57218970c0d71f73f221adea5d3,e3ade62c2d1568a6686439927f821e8d4321e46286156daf59fd75b31c85a222,749d39f68d29d796da0060f6c180c3306254979e
inst_7fb1bfed3cb150b9c82f88f49613843c766218e213329cc38e12264c97c15eba,cubic_spin_glass,compilation,test,selective_vs_matched_random_selective,compiled_two_qubit_gates,not_applicable,not_applicable,device_sparse_v1,0.11428571428571428,intermediate,0.47395833333333337,intermediate,0.484375,16,5,25,0,,,,,,0.05,not_estimable,not_estimable_expected_width_infeasible,expected_infeasible,width_exceeds_frozen_sparse_topology,9d124ad72c0fe2b841fbfc927ec45c35cb413a6a0e01baada17f1025709d315c,9626c07cf4ccf3251a3585a4b367551c7a78f57218970c0d71f73f221adea5d3,e3ade62c2d1568a6686439927f821e8d4321e46286156daf59fd75b31c85a222,749d39f68d29d796da0060f6c180c3306254979e
inst_7fb1bfed3cb150b9c82f88f49613843c766218e213329cc38e12264c97c15eba,cubic_spin_glass,compilation,test,selective_vs_matched_random_selective,routing_overhead,not_applicable,not_applicable,all_to_all_reference,0.11428571428571428,intermediate,0.47395833333333337,intermediate,0.484375,16,5,25,5,0.0,0.0,0.0,0.0,0.0,0.05,little_effect,paired_normal_interval_by_transpiler_seed,pass,,9d124ad72c0fe2b841fbfc927ec45c35cb413a6a0e01baada17f1025709d315c,9626c07cf4ccf3251a3585a4b367551c7a78f57218970c0d71f73f221adea5d3,e3ade62c2d1568a6686439927f821e8d4321e46286156daf59fd75b31c85a222,749d39f68d29d796da0060f6c180c3306254979e
inst_7fb1bfed3cb150b9c82f88f49613843c766218e213329cc38e12264c97c15eba,cubic_spin_glass,compilation,test,selective_vs_matched_random_selective,routing_overhead,not_applicable,not_applicable,device_sparse_v1,0.11428571428571428,intermediate,0.47395833333333337,intermediate,0.484375,16,5,25,0,,,,,,0.05,not_estimable,not_estimable_expected_width_infeasible,expected_infeasible,width_exceeds_frozen_sparse_topology,9d124ad72c0fe2b841fbfc927ec45c35cb413a6a0e01baada17f1025709d315c,9626c07cf4ccf3251a3585a4b367551c7a78f57218970c0d71f73f221adea5d3,e3ade62c2d1568a6686439927f821e8d4321e46286156daf59fd75b31c85a222,749d39f68d29d796da0060f6c180c3306254979e
inst_9ba2a7792551103e6e69b98c0de1119c32118930928fc10d75a1e7d657dd1bcf,cubic_spin_glass,compilation,test,selective_vs_matched_random_selective,compiled_two_qubit_depth,not_applicable,not_applicable,all_to_all_reference,0.2857142857142857,high,0.47916666666666663,intermediate,0.3125,8,5,25,5,49.0,49.0,0.0,0.0,0.0,0.05,little_effect,paired_normal_interval_by_transpiler_seed,pass,,9d124ad72c0fe2b841fbfc927ec45c35cb413a6a0e01baada17f1025709d315c,9626c07cf4ccf3251a3585a4b367551c7a78f57218970c0d71f73f221adea5d3,e3ade62c2d1568a6686439927f821e8d4321e46286156daf59fd75b31c85a222,749d39f68d29d796da0060f6c180c3306254979e
inst_9ba2a7792551103e6e69b98c0de1119c32118930928fc10d75a1e7d657dd1bcf,cubic_spin_glass,compilation,test,selective_vs_matched_random_selective,compiled_two_qubit_depth,not_applicable,not_applicable,device_sparse_v1,0.2857142857142857,high,0.47916666666666663,intermediate,0.3125,8,5,25,5,77.8,77.8,0.0,0.0,0.0,0.05,little_effect,paired_normal_interval_by_transpiler_seed,pass,,9d124ad72c0fe2b841fbfc927ec45c35cb413a6a0e01baada17f1025709d315c,9626c07cf4ccf3251a3585a4b367551c7a78f57218970c0d71f73f221adea5d3,e3ade62c2d1568a6686439927f821e8d4321e46286156daf59fd75b31c85a222,749d39f68d29d796da0060f6c180c3306254979e
inst_9ba2a7792551103e6e69b98c0de1119c32118930928fc10d75a1e7d657dd1bcf,cubic_spin_glass,compilation,test,selective_vs_matched_random_selective,compiled_two_qubit_gates,not_applicable,not_applicable,all_to_all_reference,0.2857142857142857,high,0.47916666666666663,intermediate,0.3125,8,5,25,5,64.0,64.0,0.0,0.0,0.0,0.05,little_effect,paired_normal_interval_by_transpiler_seed,pass,,9d124ad72c0fe2b841fbfc927ec45c35cb413a6a0e01baada17f1025709d315c,9626c07cf4ccf3251a3585a4b367551c7a78f57218970c0d71f73f221adea5d3,e3ade62c2d1568a6686439927f821e8d4321e46286156daf59fd75b31c85a222,749d39f68d29d796da0060f6c180c3306254979e
inst_9ba2a7792551103e6e69b98c0de1119c32118930928fc10d75a1e7d657dd1bcf,cubic_spin_glass,compilation,test,selective_vs_matched_random_selective,compiled_two_qubit_gates,not_applicable,not_applicable,device_sparse_v1,0.2857142857142857,high,0.47916666666666663,intermediate,0.3125,8,5,25,5,101.2,101.2,0.0,0.0,0.0,0.05,little_effect,paired_normal_interval_by_transpiler_seed,pass,,9d124ad72c0fe2b841fbfc927ec45c35cb413a6a0e01baada17f1025709d315c,9626c07cf4ccf3251a3585a4b367551c7a78f57218970c0d71f73f221adea5d3,e3ade62c2d1568a6686439927f821e8d4321e46286156daf59fd75b31c85a222,749d39f68d29d796da0060f6c180c3306254979e
inst_9ba2a7792551103e6e69b98c0de1119c32118930928fc10d75a1e7d657dd1bcf,cubic_spin_glass,compilation,test,selective_vs_matched_random_selective,routing_overhead,not_applicable,not_applicable,all_to_all_reference,0.2857142857142857,high,0.47916666666666663,intermediate,0.3125,8,5,25,5,0.0,0.0,0.0,0.0,0.0,0.05,little_effect,paired_normal_interval_by_transpiler_seed,pass,,9d124ad72c0fe2b841fbfc927ec45c35cb413a6a0e01baada17f1025709d315c,9626c07cf4ccf3251a3585a4b367551c7a78f57218970c0d71f73f221adea5d3,e3ade62c2d1568a6686439927f821e8d4321e46286156daf59fd75b31c85a222,749d39f68d29d796da0060f6c180c3306254979e
inst_9ba2a7792551103e6e69b98c0de1119c32118930928fc10d75a1e7d657dd1bcf,cubic_spin_glass,compilation,test,selective_vs_matched_random_selective,routing_overhead,not_applicable,not_applicable,device_sparse_v1,0.2857142857142857,high,0.47916666666666663,intermediate,0.3125,8,5,25,5,37.2,37.2,0.0,0.0,0.0,0.05,little_effect,paired_normal_interval_by_transpiler_seed,pass,,9d124ad72c0fe2b841fbfc927ec45c35cb413a6a0e01baada17f1025709d315c,9626c07cf4ccf3251a3585a4b367551c7a78f57218970c0d71f73f221adea5d3,e3ade62c2d1568a6686439927f821e8d4321e46286156daf59fd75b31c85a222,749d39f68d29d796da0060f6c180c3306254979e
inst_af9b682406075901b4f377cea9bb6dda351c54f44f95fadd7be931c5565e5ee7,cubic_spin_glass,compilation,test,selective_vs_matched_random_selective,compiled_two_qubit_depth,not_applicable,not_applicable,all_to_all_reference,0.02857142857142857,low,0.33333333333333337,intermediate,0.25,16,5,25,5,43.0,43.0,0.0,0.0,0.0,0.05,little_effect,paired_normal_interval_by_transpiler_seed,pass,,9d124ad72c0fe2b841fbfc927ec45c35cb413a6a0e01baada17f1025709d315c,9626c07cf4ccf3251a3585a4b367551c7a78f57218970c0d71f73f221adea5d3,e3ade62c2d1568a6686439927f821e8d4321e46286156daf59fd75b31c85a222,749d39f68d29d796da0060f6c180c3306254979e
inst_af9b682406075901b4f377cea9bb6dda351c54f44f95fadd7be931c5565e5ee7,cubic_spin_glass,compilation,test,selective_vs_matched_random_selective,compiled_two_qubit_depth,not_applicable,not_applicable,device_sparse_v1,0.02857142857142857,low,0.33333333333333337,intermediate,0.25,16,5,25,0,,,,,,0.05,not_estimable,not_estimable_expected_width_infeasible,expected_infeasible,width_exceeds_frozen_sparse_topology,9d124ad72c0fe2b841fbfc927ec45c35cb413a6a0e01baada17f1025709d315c,9626c07cf4ccf3251a3585a4b367551c7a78f57218970c0d71f73f221adea5d3,e3ade62c2d1568a6686439927f821e8d4321e46286156daf59fd75b31c85a222,749d39f68d29d796da0060f6c180c3306254979e
inst_af9b682406075901b4f377cea9bb6dda351c54f44f95fadd7be931c5565e5ee7,cubic_spin_glass,compilation,test,selective_vs_matched_random_selective,compiled_two_qubit_gates,not_applicable,not_applicable,all_to_all_reference,0.02857142857142857,low,0.33333333333333337,intermediate,0.25,16,5,25,5,64.0,64.0,0.0,0.0,0.0,0.05,little_effect,paired_normal_interval_by_transpiler_seed,pass,,9d124ad72c0fe2b841fbfc927ec45c35cb413a6a0e01baada17f1025709d315c,9626c07cf4ccf3251a3585a4b367551c7a78f57218970c0d71f73f221adea5d3,e3ade62c2d1568a6686439927f821e8d4321e46286156daf59fd75b31c85a222,749d39f68d29d796da0060f6c180c3306254979e
inst_af9b682406075901b4f377cea9bb6dda351c54f44f95fadd7be931c5565e5ee7,cubic_spin_glass,compilation,test,selective_vs_matched_random_selective,compiled_two_qubit_gates,not_applicable,not_applicable,device_sparse_v1,0.02857142857142857,low,0.33333333333333337,intermediate,0.25,16,5,25,0,,,,,,0.05,not_estimable,not_estimable_expected_width_infeasible,expected_infeasible,width_exceeds_frozen_sparse_topology,9d124ad72c0fe2b841fbfc927ec45c35cb413a6a0e01baada17f1025709d315c,9626c07cf4ccf3251a3585a4b367551c7a78f57218970c0d71f73f221adea5d3,e3ade62c2d1568a6686439927f821e8d4321e46286156daf59fd75b31c85a222,749d39f68d29d796da0060f6c180c3306254979e
inst_af9b682406075901b4f377cea9bb6dda351c54f44f95fadd7be931c5565e5ee7,cubic_spin_glass,compilation,test,selective_vs_matched_random_selective,routing_overhead,not_applicable,not_applicable,all_to_all_reference,0.02857142857142857,low,0.33333333333333337,intermediate,0.25,16,5,25,5,0.0,0.0,0.0,0.0,0.0,0.05,little_effect,paired_normal_interval_by_transpiler_seed,pass,,9d124ad72c0fe2b841fbfc927ec45c35cb413a6a0e01baada17f1025709d315c,9626c07cf4ccf3251a3585a4b367551c7a78f57218970c0d71f73f221adea5d3,e3ade62c2d1568a6686439927f821e8d4321e46286156daf59fd75b31c85a222,749d39f68d29d796da0060f6c180c3306254979e
inst_af9b682406075901b4f377cea9bb6dda351c54f44f95fadd7be931c5565e5ee7,cubic_spin_glass,compilation,test,selective_vs_matched_random_selective,routing_overhead,not_applicable,not_applicable,device_sparse_v1,0.02857142857142857,low,0.33333333333333337,intermediate,0.25,16,5,25,0,,,,,,0.05,not_estimable,not_estimable_expected_width_infeasible,expected_infeasible,width_exceeds_frozen_sparse_topology,9d124ad72c0fe2b841fbfc927ec45c35cb413a6a0e01baada17f1025709d315c,9626c07cf4ccf3251a3585a4b367551c7a78f57218970c0d71f73f221adea5d3,e3ade62c2d1568a6686439927f821e8d4321e46286156daf59fd75b31c85a222,749d39f68d29d796da0060f6c180c3306254979e
inst_d3c6a9aaeb39e276f75da8011cade132a868ef0f7cc911933833f479a8fae9b6,cubic_spin_glass,compilation,test,selective_vs_matched_random_selective,compiled_two_qubit_depth,not_applicable,not_applicable,all_to_all_reference,0.02857142857142857,low,0.16666666666666663,low,0.5625,16,5,25,5,45.0,45.0,0.0,0.0,0.0,0.05,little_effect,paired_normal_interval_by_transpiler_seed,pass,,9d124ad72c0fe2b841fbfc927ec45c35cb413a6a0e01baada17f1025709d315c,9626c07cf4ccf3251a3585a4b367551c7a78f57218970c0d71f73f221adea5d3,e3ade62c2d1568a6686439927f821e8d4321e46286156daf59fd75b31c85a222,749d39f68d29d796da0060f6c180c3306254979e
inst_d3c6a9aaeb39e276f75da8011cade132a868ef0f7cc911933833f479a8fae9b6,cubic_spin_glass,compilation,test,selective_vs_matched_random_selective,compiled_two_qubit_depth,not_applicable,not_applicable,device_sparse_v1,0.02857142857142857,low,0.16666666666666663,low,0.5625,16,5,25,0,,,,,,0.05,not_estimable,not_estimable_expected_width_infeasible,expected_infeasible,width_exceeds_frozen_sparse_topology,9d124ad72c0fe2b841fbfc927ec45c35cb413a6a0e01baada17f1025709d315c,9626c07cf4ccf3251a3585a4b367551c7a78f57218970c0d71f73f221adea5d3,e3ade62c2d1568a6686439927f821e8d4321e46286156daf59fd75b31c85a222,749d39f68d29d796da0060f6c180c3306254979e
inst_d3c6a9aaeb39e276f75da8011cade132a868ef0f7cc911933833f479a8fae9b6,cubic_spin_glass,compilation,test,selective_vs_matched_random_selective,compiled_two_qubit_gates,not_applicable,not_applicable,all_to_all_reference,0.02857142857142857,low,0.16666666666666663,low,0.5625,16,5,25,5,64.0,64.0,0.0,0.0,0.0,0.05,little_effect,paired_normal_interval_by_transpiler_seed,pass,,9d124ad72c0fe2b841fbfc927ec45c35cb413a6a0e01baada17f1025709d315c,9626c07cf4ccf3251a3585a4b367551c7a78f57218970c0d71f73f221adea5d3,e3ade62c2d1568a6686439927f821e8d4321e46286156daf59fd75b31c85a222,749d39f68d29d796da0060f6c180c3306254979e
inst_d3c6a9aaeb39e276f75da8011cade132a868ef0f7cc911933833f479a8fae9b6,cubic_spin_glass,compilation,test,selective_vs_matched_random_selective,compiled_two_qubit_gates,not_applicable,not_applicable,device_sparse_v1,0.02857142857142857,low,0.16666666666666663,low,0.5625,16,5,25,0,,,,,,0.05,not_estimable,not_estimable_expected_width_infeasible,expected_infeasible,width_exceeds_frozen_sparse_topology,9d124ad72c0fe2b841fbfc927ec45c35cb413a6a0e01baada17f1025709d315c,9626c07cf4ccf3251a3585a4b367551c7a78f57218970c0d71f73f221adea5d3,e3ade62c2d1568a6686439927f821e8d4321e46286156daf59fd75b31c85a222,749d39f68d29d796da0060f6c180c3306254979e
inst_d3c6a9aaeb39e276f75da8011cade132a868ef0f7cc911933833f479a8fae9b6,cubic_spin_glass,compilation,test,selective_vs_matched_random_selective,routing_overhead,not_applicable,not_applicable,all_to_all_reference,0.02857142857142857,low,0.16666666666666663,low,0.5625,16,5,25,5,0.0,0.0,0.0,0.0,0.0,0.05,little_effect,paired_normal_interval_by_transpiler_seed,pass,,9d124ad72c0fe2b841fbfc927ec45c35cb413a6a0e01baada17f1025709d315c,9626c07cf4ccf3251a3585a4b367551c7a78f57218970c0d71f73f221adea5d3,e3ade62c2d1568a6686439927f821e8d4321e46286156daf59fd75b31c85a222,749d39f68d29d796da0060f6c180c3306254979e
inst_d3c6a9aaeb39e276f75da8011cade132a868ef0f7cc911933833f479a8fae9b6,cubic_spin_glass,compilation,test,selective_vs_matched_random_selective,routing_overhead,not_applicable,not_applicable,device_sparse_v1,0.02857142857142857,low,0.16666666666666663,low,0.5625,16,5,25,0,,,,,,0.05,not_estimable,not_estimable_expected_width_infeasible,expected_infeasible,width_exceeds_frozen_sparse_topology,9d124ad72c0fe2b841fbfc927ec45c35cb413a6a0e01baada17f1025709d315c,9626c07cf4ccf3251a3585a4b367551c7a78f57218970c0d71f73f221adea5d3,e3ade62c2d1568a6686439927f821e8d4321e46286156daf59fd75b31c85a222,749d39f68d29d796da0060f6c180c3306254979e
inst_da3101c770b48b4f0db791033edb8e7a538edbef1506d2019f202beb0c200cca,cubic_spin_glass,compilation,test,selective_vs_matched_random_selective,compiled_two_qubit_depth,not_applicable,not_applicable,all_to_all_reference,0.5714285714285714,high,0.71875,high,0.5,8,5,25,5,73.0,102.2,0.28571428571428575,0.28571428571428575,0.28571428571428575,0.05,help,paired_normal_interval_by_transpiler_seed,pass,,9d124ad72c0fe2b841fbfc927ec45c35cb413a6a0e01baada17f1025709d315c,9626c07cf4ccf3251a3585a4b367551c7a78f57218970c0d71f73f221adea5d3,e3ade62c2d1568a6686439927f821e8d4321e46286156daf59fd75b31c85a222,749d39f68d29d796da0060f6c180c3306254979e
inst_da3101c770b48b4f0db791033edb8e7a538edbef1506d2019f202beb0c200cca,cubic_spin_glass,compilation,test,selective_vs_matched_random_selective,compiled_two_qubit_depth,not_applicable,not_applicable,device_sparse_v1,0.5714285714285714,high,0.71875,high,0.5,8,5,25,5,169.0,195.96,0.13551411143982234,0.06455758210365783,0.20647064077598684,0.05,help,paired_normal_interval_by_transpiler_seed,pass,,9d124ad72c0fe2b841fbfc927ec45c35cb413a6a0e01baada17f1025709d315c,9626c07cf4ccf3251a3585a4b367551c7a78f57218970c0d71f73f221adea5d3,e3ade62c2d1568a6686439927f821e8d4321e46286156daf59fd75b31c85a222,749d39f68d29d796da0060f6c180c3306254979e
inst_da3101c770b48b4f0db791033edb8e7a538edbef1506d2019f202beb0c200cca,cubic_spin_glass,compilation,test,selective_vs_matched_random_selective,compiled_two_qubit_gates,not_applicable,not_applicable,all_to_all_reference,0.5714285714285714,high,0.71875,high,0.5,8,5,25,5,148.0,151.2,0.02116402116402109,0.02116402116402109,0.02116402116402109,0.05,little_effect,paired_normal_interval_by_transpiler_seed,pass,,9d124ad72c0fe2b841fbfc927ec45c35cb413a6a0e01baada17f1025709d315c,9626c07cf4ccf3251a3585a4b367551c7a78f57218970c0d71f73f221adea5d3,e3ade62c2d1568a6686439927f821e8d4321e46286156daf59fd75b31c85a222,749d39f68d29d796da0060f6c180c3306254979e
inst_da3101c770b48b4f0db791033edb8e7a538edbef1506d2019f202beb0c200cca,cubic_spin_glass,compilation,test,selective_vs_matched_random_selective,compiled_two_qubit_gates,not_applicable,not_applicable,device_sparse_v1,0.5714285714285714,high,0.71875,high,0.5,8,5,25,5,261.8,276.2,0.0519934402681297,0.031437175124595096,0.0725497054116643,0.05,little_effect,paired_normal_interval_by_transpiler_seed,pass,,9d124ad72c0fe2b841fbfc927ec45c35cb413a6a0e01baada17f1025709d315c,9626c07cf4ccf3251a3585a4b367551c7a78f57218970c0d71f73f221adea5d3,e3ade62c2d1568a6686439927f821e8d4321e46286156daf59fd75b31c85a222,749d39f68d29d796da0060f6c180c3306254979e
inst_da3101c770b48b4f0db791033edb8e7a538edbef1506d2019f202beb0c200cca,cubic_spin_glass,compilation,test,selective_vs_matched_random_selective,routing_overhead,not_applicable,not_applicable,all_to_all_reference,0.5714285714285714,high,0.71875,high,0.5,8,5,25,5,0.0,0.0,0.0,0.0,0.0,0.05,little_effect,paired_normal_interval_by_transpiler_seed,pass,,9d124ad72c0fe2b841fbfc927ec45c35cb413a6a0e01baada17f1025709d315c,9626c07cf4ccf3251a3585a4b367551c7a78f57218970c0d71f73f221adea5d3,e3ade62c2d1568a6686439927f821e8d4321e46286156daf59fd75b31c85a222,749d39f68d29d796da0060f6c180c3306254979e
inst_da3101c770b48b4f0db791033edb8e7a538edbef1506d2019f202beb0c200cca,cubic_spin_glass,compilation,test,selective_vs_matched_random_selective,routing_overhead,not_applicable,not_applicable,device_sparse_v1,0.5714285714285714,high,0.71875,high,0.5,8,5,25,5,113.8,125.0,0.08894384607237278,0.04424181631495224,0.13364587582979331,0.05,little_effect,paired_normal_interval_by_transpiler_seed,pass,,9d124ad72c0fe2b841fbfc927ec45c35cb413a6a0e01baada17f1025709d315c,9626c07cf4ccf3251a3585a4b367551c7a78f57218970c0d71f73f221adea5d3,e3ade62c2d1568a6686439927f821e8d4321e46286156daf59fd75b31c85a222,749d39f68d29d796da0060f6c180c3306254979e
inst_ea1372732b45bea8ab2adc28dfcd62f4d328d838401c7ec158552a1e109c1c0d,cubic_spin_glass,compilation,test,selective_vs_matched_random_selective,compiled_two_qubit_depth,not_applicable,not_applicable,all_to_all_reference,0.14285714285714285,intermediate,0.20833333333333337,low,0.625,8,5,25,5,28.0,28.0,0.0,0.0,0.0,0.05,little_effect,paired_normal_interval_by_transpiler_seed,pass,,9d124ad72c0fe2b841fbfc927ec45c35cb413a6a0e01baada17f1025709d315c,9626c07cf4ccf3251a3585a4b367551c7a78f57218970c0d71f73f221adea5d3,e3ade62c2d1568a6686439927f821e8d4321e46286156daf59fd75b31c85a222,749d39f68d29d796da0060f6c180c3306254979e
inst_ea1372732b45bea8ab2adc28dfcd62f4d328d838401c7ec158552a1e109c1c0d,cubic_spin_glass,compilation,test,selective_vs_matched_random_selective,compiled_two_qubit_depth,not_applicable,not_applicable,device_sparse_v1,0.14285714285714285,intermediate,0.20833333333333337,low,0.625,8,5,25,5,36.6,36.6,0.0,0.0,0.0,0.05,little_effect,paired_normal_interval_by_transpiler_seed,pass,,9d124ad72c0fe2b841fbfc927ec45c35cb413a6a0e01baada17f1025709d315c,9626c07cf4ccf3251a3585a4b367551c7a78f57218970c0d71f73f221adea5d3,e3ade62c2d1568a6686439927f821e8d4321e46286156daf59fd75b31c85a222,749d39f68d29d796da0060f6c180c3306254979e
inst_ea1372732b45bea8ab2adc28dfcd62f4d328d838401c7ec158552a1e109c1c0d,cubic_spin_glass,compilation,test,selective_vs_matched_random_selective,compiled_two_qubit_gates,not_applicable,not_applicable,all_to_all_reference,0.14285714285714285,intermediate,0.20833333333333337,low,0.625,8,5,25,5,32.0,32.0,0.0,0.0,0.0,0.05,little_effect,paired_normal_interval_by_transpiler_seed,pass,,9d124ad72c0fe2b841fbfc927ec45c35cb413a6a0e01baada17f1025709d315c,9626c07cf4ccf3251a3585a4b367551c7a78f57218970c0d71f73f221adea5d3,e3ade62c2d1568a6686439927f821e8d4321e46286156daf59fd75b31c85a222,749d39f68d29d796da0060f6c180c3306254979e
inst_ea1372732b45bea8ab2adc28dfcd62f4d328d838401c7ec158552a1e109c1c0d,cubic_spin_glass,compilation,test,selective_vs_matched_random_selective,compiled_two_qubit_gates,not_applicable,not_applicable,device_sparse_v1,0.14285714285714285,intermediate,0.20833333333333337,low,0.625,8,5,25,5,48.0,48.0,0.0,0.0,0.0,0.05,little_effect,paired_normal_interval_by_transpiler_seed,pass,,9d124ad72c0fe2b841fbfc927ec45c35cb413a6a0e01baada17f1025709d315c,9626c07cf4ccf3251a3585a4b367551c7a78f57218970c0d71f73f221adea5d3,e3ade62c2d1568a6686439927f821e8d4321e46286156daf59fd75b31c85a222,749d39f68d29d796da0060f6c180c3306254979e
inst_ea1372732b45bea8ab2adc28dfcd62f4d328d838401c7ec158552a1e109c1c0d,cubic_spin_glass,compilation,test,selective_vs_matched_random_selective,routing_overhead,not_applicable,not_applicable,all_to_all_reference,0.14285714285714285,intermediate,0.20833333333333337,low,0.625,8,5,25,5,0.0,0.0,0.0,0.0,0.0,0.05,little_effect,paired_normal_interval_by_transpiler_seed,pass,,9d124ad72c0fe2b841fbfc927ec45c35cb413a6a0e01baada17f1025709d315c,9626c07cf4ccf3251a3585a4b367551c7a78f57218970c0d71f73f221adea5d3,e3ade62c2d1568a6686439927f821e8d4321e46286156daf59fd75b31c85a222,749d39f68d29d796da0060f6c180c3306254979e
inst_ea1372732b45bea8ab2adc28dfcd62f4d328d838401c7ec158552a1e109c1c0d,cubic_spin_glass,compilation,test,selective_vs_matched_random_selective,routing_overhead,not_applicable,not_applicable,device_sparse_v1,0.14285714285714285,intermediate,0.20833333333333337,low,0.625,8,5,25,5,16.0,16.0,0.0,0.0,0.0,0.05,little_effect,paired_normal_interval_by_transpiler_seed,pass,,9d124ad72c0fe2b841fbfc927ec45c35cb413a6a0e01baada17f1025709d315c,9626c07cf4ccf3251a3585a4b367551c7a78f57218970c0d71f73f221adea5d3,e3ade62c2d1568a6686439927f821e8d4321e46286156daf59fd75b31c85a222,749d39f68d29d796da0060f6c180c3306254979e
inst_f4773a42848780f4cb4b292631096ceb1e1a30b6c917199603ba97c16bfa190b,cubic_spin_glass,compilation,test,selective_vs_matched_random_selective,compiled_two_qubit_depth,not_applicable,not_applicable,all_to_all_reference,0.07017543859649122,low,0.5166666666666666,high,0.55,20,5,25,5,174.0,254.8,0.31711145996860285,0.31711145996860285,0.31711145996860285,0.05,help,paired_normal_interval_by_transpiler_seed,pass,,9d124ad72c0fe2b841fbfc927ec45c35cb413a6a0e01baada17f1025709d315c,9626c07cf4ccf3251a3585a4b367551c7a78f57218970c0d71f73f221adea5d3,e3ade62c2d1568a6686439927f821e8d4321e46286156daf59fd75b31c85a222,749d39f68d29d796da0060f6c180c3306254979e
inst_f4773a42848780f4cb4b292631096ceb1e1a30b6c917199603ba97c16bfa190b,cubic_spin_glass,compilation,test,selective_vs_matched_random_selective,compiled_two_qubit_depth,not_applicable,not_applicable,device_sparse_v1,0.07017543859649122,low,0.5166666666666666,high,0.55,20,5,25,0,,,,,,0.05,not_estimable,not_estimable_expected_width_infeasible,expected_infeasible,width_exceeds_frozen_sparse_topology,9d124ad72c0fe2b841fbfc927ec45c35cb413a6a0e01baada17f1025709d315c,9626c07cf4ccf3251a3585a4b367551c7a78f57218970c0d71f73f221adea5d3,e3ade62c2d1568a6686439927f821e8d4321e46286156daf59fd75b31c85a222,749d39f68d29d796da0060f6c180c3306254979e
inst_f4773a42848780f4cb4b292631096ceb1e1a30b6c917199603ba97c16bfa190b,cubic_spin_glass,compilation,test,selective_vs_matched_random_selective,compiled_two_qubit_gates,not_applicable,not_applicable,all_to_all_reference,0.07017543859649122,low,0.5166666666666666,high,0.55,20,5,25,5,354.0,354.4,0.001128668171557498,0.001128668171557498,0.001128668171557498,0.05,little_effect,paired_normal_interval_by_transpiler_seed,pass,,9d124ad72c0fe2b841fbfc927ec45c35cb413a6a0e01baada17f1025709d315c,9626c07cf4ccf3251a3585a4b367551c7a78f57218970c0d71f73f221adea5d3,e3ade62c2d1568a6686439927f821e8d4321e46286156daf59fd75b31c85a222,749d39f68d29d796da0060f6c180c3306254979e
inst_f4773a42848780f4cb4b292631096ceb1e1a30b6c917199603ba97c16bfa190b,cubic_spin_glass,compilation,test,selective_vs_matched_random_selective,compiled_two_qubit_gates,not_applicable,not_applicable,device_sparse_v1,0.07017543859649122,low,0.5166666666666666,high,0.55,20,5,25,0,,,,,,0.05,not_estimable,not_estimable_expected_width_infeasible,expected_infeasible,width_exceeds_frozen_sparse_topology,9d124ad72c0fe2b841fbfc927ec45c35cb413a6a0e01baada17f1025709d315c,9626c07cf4ccf3251a3585a4b367551c7a78f57218970c0d71f73f221adea5d3,e3ade62c2d1568a6686439927f821e8d4321e46286156daf59fd75b31c85a222,749d39f68d29d796da0060f6c180c3306254979e
inst_f4773a42848780f4cb4b292631096ceb1e1a30b6c917199603ba97c16bfa190b,cubic_spin_glass,compilation,test,selective_vs_matched_random_selective,routing_overhead,not_applicable,not_applicable,all_to_all_reference,0.07017543859649122,low,0.5166666666666666,high,0.55,20,5,25,5,0.0,0.0,0.0,0.0,0.0,0.05,little_effect,paired_normal_interval_by_transpiler_seed,pass,,9d124ad72c0fe2b841fbfc927ec45c35cb413a6a0e01baada17f1025709d315c,9626c07cf4ccf3251a3585a4b367551c7a78f57218970c0d71f73f221adea5d3,e3ade62c2d1568a6686439927f821e8d4321e46286156daf59fd75b31c85a222,749d39f68d29d796da0060f6c180c3306254979e
inst_f4773a42848780f4cb4b292631096ceb1e1a30b6c917199603ba97c16bfa190b,cubic_spin_glass,compilation,test,selective_vs_matched_random_selective,routing_overhead,not_applicable,not_applicable,device_sparse_v1,0.07017543859649122,low,0.5166666666666666,high,0.55,20,5,25,0,,,,,,0.05,not_estimable,not_estimable_expected_width_infeasible,expected_infeasible,width_exceeds_frozen_sparse_topology,9d124ad72c0fe2b841fbfc927ec45c35cb413a6a0e01baada17f1025709d315c,9626c07cf4ccf3251a3585a4b367551c7a78f57218970c0d71f73f221adea5d3,e3ade62c2d1568a6686439927f821e8d4321e46286156daf59fd75b31c85a222,749d39f68d29d796da0060f6c180c3306254979e
inst_fb8a9da4adf31a021767c9fabc43d7ddf89cfad0c621ca87f56cfb9907a6f495,cubic_spin_glass,compilation,test,selective_vs_matched_random_selective,compiled_two_qubit_depth,not_applicable,not_applicable,all_to_all_reference,0.2857142857142857,high,0.47916666666666663,intermediate,0.625,8,5,25,5,57.0,57.0,0.0,0.0,0.0,0.05,little_effect,paired_normal_interval_by_transpiler_seed,pass,,9d124ad72c0fe2b841fbfc927ec45c35cb413a6a0e01baada17f1025709d315c,9626c07cf4ccf3251a3585a4b367551c7a78f57218970c0d71f73f221adea5d3,e3ade62c2d1568a6686439927f821e8d4321e46286156daf59fd75b31c85a222,749d39f68d29d796da0060f6c180c3306254979e
inst_fb8a9da4adf31a021767c9fabc43d7ddf89cfad0c621ca87f56cfb9907a6f495,cubic_spin_glass,compilation,test,selective_vs_matched_random_selective,compiled_two_qubit_depth,not_applicable,not_applicable,device_sparse_v1,0.2857142857142857,high,0.47916666666666663,intermediate,0.625,8,5,25,5,80.6,80.6,0.0,0.0,0.0,0.05,little_effect,paired_normal_interval_by_transpiler_seed,pass,,9d124ad72c0fe2b841fbfc927ec45c35cb413a6a0e01baada17f1025709d315c,9626c07cf4ccf3251a3585a4b367551c7a78f57218970c0d71f73f221adea5d3,e3ade62c2d1568a6686439927f821e8d4321e46286156daf59fd75b31c85a222,749d39f68d29d796da0060f6c180c3306254979e
inst_fb8a9da4adf31a021767c9fabc43d7ddf89cfad0c621ca87f56cfb9907a6f495,cubic_spin_glass,compilation,test,selective_vs_matched_random_selective,compiled_two_qubit_gates,not_applicable,not_applicable,all_to_all_reference,0.2857142857142857,high,0.47916666666666663,intermediate,0.625,8,5,25,5,64.0,64.0,0.0,0.0,0.0,0.05,little_effect,paired_normal_interval_by_transpiler_seed,pass,,9d124ad72c0fe2b841fbfc927ec45c35cb413a6a0e01baada17f1025709d315c,9626c07cf4ccf3251a3585a4b367551c7a78f57218970c0d71f73f221adea5d3,e3ade62c2d1568a6686439927f821e8d4321e46286156daf59fd75b31c85a222,749d39f68d29d796da0060f6c180c3306254979e
inst_fb8a9da4adf31a021767c9fabc43d7ddf89cfad0c621ca87f56cfb9907a6f495,cubic_spin_glass,compilation,test,selective_vs_matched_random_selective,compiled_two_qubit_gates,not_applicable,not_applicable,device_sparse_v1,0.2857142857142857,high,0.47916666666666663,intermediate,0.625,8,5,25,5,98.2,98.2,0.0,0.0,0.0,0.05,little_effect,paired_normal_interval_by_transpiler_seed,pass,,9d124ad72c0fe2b841fbfc927ec45c35cb413a6a0e01baada17f1025709d315c,9626c07cf4ccf3251a3585a4b367551c7a78f57218970c0d71f73f221adea5d3,e3ade62c2d1568a6686439927f821e8d4321e46286156daf59fd75b31c85a222,749d39f68d29d796da0060f6c180c3306254979e
inst_fb8a9da4adf31a021767c9fabc43d7ddf89cfad0c621ca87f56cfb9907a6f495,cubic_spin_glass,compilation,test,selective_vs_matched_random_selective,routing_overhead,not_applicable,not_applicable,all_to_all_reference,0.2857142857142857,high,0.47916666666666663,intermediate,0.625,8,5,25,5,0.0,0.0,0.0,0.0,0.0,0.05,little_effect,paired_normal_interval_by_transpiler_seed,pass,,9d124ad72c0fe2b841fbfc927ec45c35cb413a6a0e01baada17f1025709d315c,9626c07cf4ccf3251a3585a4b367551c7a78f57218970c0d71f73f221adea5d3,e3ade62c2d1568a6686439927f821e8d4321e46286156daf59fd75b31c85a222,749d39f68d29d796da0060f6c180c3306254979e
inst_fb8a9da4adf31a021767c9fabc43d7ddf89cfad0c621ca87f56cfb9907a6f495,cubic_spin_glass,compilation,test,selective_vs_matched_random_selective,routing_overhead,not_applicable,not_applicable,device_sparse_v1,0.2857142857142857,high,0.47916666666666663,intermediate,0.625,8,5,25,5,34.2,34.2,0.0,0.0,0.0,0.05,little_effect,paired_normal_interval_by_transpiler_seed,pass,,9d124ad72c0fe2b841fbfc927ec45c35cb413a6a0e01baada17f1025709d315c,9626c07cf4ccf3251a3585a4b367551c7a78f57218970c0d71f73f221adea5d3,e3ade62c2d1568a6686439927f821e8d4321e46286156daf59fd75b31c85a222,749d39f68d29d796da0060f6c180c3306254979e
inst_1fd1e3af188a3ea1adf4c52be504c18998f9987176e8145c96535d8607f79e50,max3sat,compilation,test,selective_vs_matched_random_selective,compiled_two_qubit_depth,not_applicable,not_applicable,all_to_all_reference,0.09545454545454546,intermediate,0.39682539682539686,intermediate,0.6666666666666666,12,5,25,5,54.0,71.8,0.24791086350974928,0.24791086350974928,0.24791086350974928,0.05,help,paired_normal_interval_by_transpiler_seed,pass,,9d124ad72c0fe2b841fbfc927ec45c35cb413a6a0e01baada17f1025709d315c,9626c07cf4ccf3251a3585a4b367551c7a78f57218970c0d71f73f221adea5d3,e3ade62c2d1568a6686439927f821e8d4321e46286156daf59fd75b31c85a222,749d39f68d29d796da0060f6c180c3306254979e
inst_1fd1e3af188a3ea1adf4c52be504c18998f9987176e8145c96535d8607f79e50,max3sat,compilation,test,selective_vs_matched_random_selective,compiled_two_qubit_depth,not_applicable,not_applicable,device_sparse_v1,0.09545454545454546,intermediate,0.39682539682539686,intermediate,0.6666666666666666,12,5,25,0,,,,,,0.05,not_estimable,not_estimable_expected_width_infeasible,expected_infeasible,width_exceeds_frozen_sparse_topology,9d124ad72c0fe2b841fbfc927ec45c35cb413a6a0e01baada17f1025709d315c,9626c07cf4ccf3251a3585a4b367551c7a78f57218970c0d71f73f221adea5d3,e3ade62c2d1568a6686439927f821e8d4321e46286156daf59fd75b31c85a222,749d39f68d29d796da0060f6c180c3306254979e
inst_1fd1e3af188a3ea1adf4c52be504c18998f9987176e8145c96535d8607f79e50,max3sat,compilation,test,selective_vs_matched_random_selective,compiled_two_qubit_gates,not_applicable,not_applicable,all_to_all_reference,0.09545454545454546,intermediate,0.39682539682539686,intermediate,0.6666666666666666,12,5,25,5,144.0,160.0,0.1,0.1,0.1,0.05,help,paired_normal_interval_by_transpiler_seed,pass,,9d124ad72c0fe2b841fbfc927ec45c35cb413a6a0e01baada17f1025709d315c,9626c07cf4ccf3251a3585a4b367551c7a78f57218970c0d71f73f221adea5d3,e3ade62c2d1568a6686439927f821e8d4321e46286156daf59fd75b31c85a222,749d39f68d29d796da0060f6c180c3306254979e
inst_1fd1e3af188a3ea1adf4c52be504c18998f9987176e8145c96535d8607f79e50,max3sat,compilation,test,selective_vs_matched_random_selective,compiled_two_qubit_gates,not_applicable,not_applicable,device_sparse_v1,0.09545454545454546,intermediate,0.39682539682539686,intermediate,0.6666666666666666,12,5,25,0,,,,,,0.05,not_estimable,not_estimable_expected_width_infeasible,expected_infeasible,width_exceeds_frozen_sparse_topology,9d124ad72c0fe2b841fbfc927ec45c35cb413a6a0e01baada17f1025709d315c,9626c07cf4ccf3251a3585a4b367551c7a78f57218970c0d71f73f221adea5d3,e3ade62c2d1568a6686439927f821e8d4321e46286156daf59fd75b31c85a222,749d39f68d29d796da0060f6c180c3306254979e
inst_1fd1e3af188a3ea1adf4c52be504c18998f9987176e8145c96535d8607f79e50,max3sat,compilation,test,selective_vs_matched_random_selective,routing_overhead,not_applicable,not_applicable,all_to_all_reference,0.09545454545454546,intermediate,0.39682539682539686,intermediate,0.6666666666666666,12,5,25,5,0.0,0.0,0.0,0.0,0.0,0.05,little_effect,paired_normal_interval_by_transpiler_seed,pass,,9d124ad72c0fe2b841fbfc927ec45c35cb413a6a0e01baada17f1025709d315c,9626c07cf4ccf3251a3585a4b367551c7a78f57218970c0d71f73f221adea5d3,e3ade62c2d1568a6686439927f821e8d4321e46286156daf59fd75b31c85a222,749d39f68d29d796da0060f6c180c3306254979e
inst_1fd1e3af188a3ea1adf4c52be504c18998f9987176e8145c96535d8607f79e50,max3sat,compilation,test,selective_vs_matched_random_selective,routing_overhead,not_applicable,not_applicable,device_sparse_v1,0.09545454545454546,intermediate,0.39682539682539686,intermediate,0.6666666666666666,12,5,25,0,,,,,,0.05,not_estimable,not_estimable_expected_width_infeasible,expected_infeasible,width_exceeds_frozen_sparse_topology,9d124ad72c0fe2b841fbfc927ec45c35cb413a6a0e01baada17f1025709d315c,9626c07cf4ccf3251a3585a4b367551c7a78f57218970c0d71f73f221adea5d3,e3ade62c2d1568a6686439927f821e8d4321e46286156daf59fd75b31c85a222,749d39f68d29d796da0060f6c180c3306254979e
inst_1fdccd0ea073b5ce489dd04bf55aa58692c93d7a6e8030ea54f69d187a8b67bc,max3sat,compilation,test,selective_vs_matched_random_selective,compiled_two_qubit_depth,not_applicable,not_applicable,all_to_all_reference,0.028070175438596492,low,0.33333333333333337,intermediate,0.5,20,5,25,5,58.0,162.4,0.6428571428571429,0.6428571428571429,0.6428571428571429,0.05,help,paired_normal_interval_by_transpiler_seed,pass,,9d124ad72c0fe2b841fbfc927ec45c35cb413a6a0e01baada17f1025709d315c,9626c07cf4ccf3251a3585a4b367551c7a78f57218970c0d71f73f221adea5d3,e3ade62c2d1568a6686439927f821e8d4321e46286156daf59fd75b31c85a222,749d39f68d29d796da0060f6c180c3306254979e
inst_1fdccd0ea073b5ce489dd04bf55aa58692c93d7a6e8030ea54f69d187a8b67bc,max3sat,compilation,test,selective_vs_matched_random_selective,compiled_two_qubit_depth,not_applicable,not_applicable,device_sparse_v1,0.028070175438596492,low,0.33333333333333337,intermediate,0.5,20,5,25,0,,,,,,0.05,not_estimable,not_estimable_expected_width_infeasible,expected_infeasible,width_exceeds_frozen_sparse_topology,9d124ad72c0fe2b841fbfc927ec45c35cb413a6a0e01baada17f1025709d315c,9626c07cf4ccf3251a3585a4b367551c7a78f57218970c0d71f73f221adea5d3,e3ade62c2d1568a6686439927f821e8d4321e46286156daf59fd75b31c85a222,749d39f68d29d796da0060f6c180c3306254979e
inst_1fdccd0ea073b5ce489dd04bf55aa58692c93d7a6e8030ea54f69d187a8b67bc,max3sat,compilation,test,selective_vs_matched_random_selective,compiled_two_qubit_gates,not_applicable,not_applicable,all_to_all_reference,0.028070175438596492,low,0.33333333333333337,intermediate,0.5,20,5,25,5,172.0,259.2,0.33641975308641975,0.33641975308641975,0.33641975308641975,0.05,help,paired_normal_interval_by_transpiler_seed,pass,,9d124ad72c0fe2b841fbfc927ec45c35cb413a6a0e01baada17f1025709d315c,9626c07cf4ccf3251a3585a4b367551c7a78f57218970c0d71f73f221adea5d3,e3ade62c2d1568a6686439927f821e8d4321e46286156daf59fd75b31c85a222,749d39f68d29d796da0060f6c180c3306254979e
inst_1fdccd0ea073b5ce489dd04bf55aa58692c93d7a6e8030ea54f69d187a8b67bc,max3sat,compilation,test,selective_vs_matched_random_selective,compiled_two_qubit_gates,not_applicable,not_applicable,device_sparse_v1,0.028070175438596492,low,0.33333333333333337,intermediate,0.5,20,5,25,0,,,,,,0.05,not_estimable,not_estimable_expected_width_infeasible,expected_infeasible,width_exceeds_frozen_sparse_topology,9d124ad72c0fe2b841fbfc927ec45c35cb413a6a0e01baada17f1025709d315c,9626c07cf4ccf3251a3585a4b367551c7a78f57218970c0d71f73f221adea5d3,e3ade62c2d1568a6686439927f821e8d4321e46286156daf59fd75b31c85a222,749d39f68d29d796da0060f6c180c3306254979e
inst_1fdccd0ea073b5ce489dd04bf55aa58692c93d7a6e8030ea54f69d187a8b67bc,max3sat,compilation,test,selective_vs_matched_random_selective,routing_overhead,not_applicable,not_applicable,all_to_all_reference,0.028070175438596492,low,0.33333333333333337,intermediate,0.5,20,5,25,5,0.0,0.0,0.0,0.0,0.0,0.05,little_effect,paired_normal_interval_by_transpiler_seed,pass,,9d124ad72c0fe2b841fbfc927ec45c35cb413a6a0e01baada17f1025709d315c,9626c07cf4ccf3251a3585a4b367551c7a78f57218970c0d71f73f221adea5d3,e3ade62c2d1568a6686439927f821e8d4321e46286156daf59fd75b31c85a222,749d39f68d29d796da0060f6c180c3306254979e
inst_1fdccd0ea073b5ce489dd04bf55aa58692c93d7a6e8030ea54f69d187a8b67bc,max3sat,compilation,test,selective_vs_matched_random_selective,routing_overhead,not_applicable,not_applicable,device_sparse_v1,0.028070175438596492,low,0.33333333333333337,intermediate,0.5,20,5,25,0,,,,,,0.05,not_estimable,not_estimable_expected_width_infeasible,expected_infeasible,width_exceeds_frozen_sparse_topology,9d124ad72c0fe2b841fbfc927ec45c35cb413a6a0e01baada17f1025709d315c,9626c07cf4ccf3251a3585a4b367551c7a78f57218970c0d71f73f221adea5d3,e3ade62c2d1568a6686439927f821e8d4321e46286156daf59fd75b31c85a222,749d39f68d29d796da0060f6c180c3306254979e
inst_282c742887e5c98fde17b21ba08676c33dcd0d2b564db9120176704b8a84467b,max3sat,compilation,test,selective_vs_matched_random_selective,compiled_two_qubit_depth,not_applicable,not_applicable,all_to_all_reference,0.03508771929824561,low,0.2583333333333333,low,0.475,20,5,25,5,69.0,120.4,0.4269102990033223,0.4269102990033223,0.4269102990033223,0.05,help,paired_normal_interval_by_transpiler_seed,pass,,9d124ad72c0fe2b841fbfc927ec45c35cb413a6a0e01baada17f1025709d315c,9626c07cf4ccf3251a3585a4b367551c7a78f57218970c0d71f73f221adea5d3,e3ade62c2d1568a6686439927f821e8d4321e46286156daf59fd75b31c85a222,749d39f68d29d796da0060f6c180c3306254979e
inst_282c742887e5c98fde17b21ba08676c33dcd0d2b564db9120176704b8a84467b,max3sat,compilation,test,selective_vs_matched_random_selective,compiled_two_qubit_depth,not_applicable,not_applicable,device_sparse_v1,0.03508771929824561,low,0.2583333333333333,low,0.475,20,5,25,0,,,,,,0.05,not_estimable,not_estimable_expected_width_infeasible,expected_infeasible,width_exceeds_frozen_sparse_topology,9d124ad72c0fe2b841fbfc927ec45c35cb413a6a0e01baada17f1025709d315c,9626c07cf4ccf3251a3585a4b367551c7a78f57218970c0d71f73f221adea5d3,e3ade62c2d1568a6686439927f821e8d4321e46286156daf59fd75b31c85a222,749d39f68d29d796da0060f6c180c3306254979e
inst_282c742887e5c98fde17b21ba08676c33dcd0d2b564db9120176704b8a84467b,max3sat,compilation,test,selective_vs_matched_random_selective,compiled_two_qubit_gates,not_applicable,not_applicable,all_to_all_reference,0.03508771929824561,low,0.2583333333333333,low,0.475,20,5,25,5,296.0,347.2,0.1474654377880184,0.1474654377880184,0.1474654377880184,0.05,help,paired_normal_interval_by_transpiler_seed,pass,,9d124ad72c0fe2b841fbfc927ec45c35cb413a6a0e01baada17f1025709d315c,9626c07cf4ccf3251a3585a4b367551c7a78f57218970c0d71f73f221adea5d3,e3ade62c2d1568a6686439927f821e8d4321e46286156daf59fd75b31c85a222,749d39f68d29d796da0060f6c180c3306254979e
inst_282c742887e5c98fde17b21ba08676c33dcd0d2b564db9120176704b8a84467b,max3sat,compilation,test,selective_vs_matched_random_selective,compiled_two_qubit_gates,not_applicable,not_applicable,device_sparse_v1,0.03508771929824561,low,0.2583333333333333,low,0.475,20,5,25,0,,,,,,0.05,not_estimable,not_estimable_expected_width_infeasible,expected_infeasible,width_exceeds_frozen_sparse_topology,9d124ad72c0fe2b841fbfc927ec45c35cb413a6a0e01baada17f1025709d315c,9626c07cf4ccf3251a3585a4b367551c7a78f57218970c0d71f73f221adea5d3,e3ade62c2d1568a6686439927f821e8d4321e46286156daf59fd75b31c85a222,749d39f68d29d796da0060f6c180c3306254979e
inst_282c742887e5c98fde17b21ba08676c33dcd0d2b564db9120176704b8a84467b,max3sat,compilation,test,selective_vs_matched_random_selective,routing_overhead,not_applicable,not_applicable,all_to_all_reference,0.03508771929824561,low,0.2583333333333333,low,0.475,20,5,25,5,0.0,0.0,0.0,0.0,0.0,0.05,little_effect,paired_normal_interval_by_transpiler_seed,pass,,9d124ad72c0fe2b841fbfc927ec45c35cb413a6a0e01baada17f1025709d315c,9626c07cf4ccf3251a3585a4b367551c7a78f57218970c0d71f73f221adea5d3,e3ade62c2d1568a6686439927f821e8d4321e46286156daf59fd75b31c85a222,749d39f68d29d796da0060f6c180c3306254979e
inst_282c742887e5c98fde17b21ba08676c33dcd0d2b564db9120176704b8a84467b,max3sat,compilation,test,selective_vs_matched_random_selective,routing_overhead,not_applicable,not_applicable,device_sparse_v1,0.03508771929824561,low,0.2583333333333333,low,0.475,20,5,25,0,,,,,,0.05,not_estimable,not_estimable_expected_width_infeasible,expected_infeasible,width_exceeds_frozen_sparse_topology,9d124ad72c0fe2b841fbfc927ec45c35cb413a6a0e01baada17f1025709d315c,9626c07cf4ccf3251a3585a4b367551c7a78f57218970c0d71f73f221adea5d3,e3ade62c2d1568a6686439927f821e8d4321e46286156daf59fd75b31c85a222,749d39f68d29d796da0060f6c180c3306254979e
inst_28ff20a6c0731a37ed804a7e8e137c72f43ecb16c06242490c2839e435a3c9c9,max3sat,compilation,test,selective_vs_matched_random_selective,compiled_two_qubit_depth,not_applicable,not_applicable,all_to_all_reference,0.05714285714285714,low,0.30208333333333337,intermediate,0.4375,16,5,25,5,57.0,101.6,0.43897637795275585,0.43897637795275585,0.43897637795275585,0.05,help,paired_normal_interval_by_transpiler_seed,pass,,9d124ad72c0fe2b841fbfc927ec45c35cb413a6a0e01baada17f1025709d315c,9626c07cf4ccf3251a3585a4b367551c7a78f57218970c0d71f73f221adea5d3,e3ade62c2d1568a6686439927f821e8d4321e46286156daf59fd75b31c85a222,749d39f68d29d796da0060f6c180c3306254979e
inst_28ff20a6c0731a37ed804a7e8e137c72f43ecb16c06242490c2839e435a3c9c9,max3sat,compilation,test,selective_vs_matched_random_selective,compiled_two_qubit_depth,not_applicable,not_applicable,device_sparse_v1,0.05714285714285714,low,0.30208333333333337,intermediate,0.4375,16,5,25,0,,,,,,0.05,not_estimable,not_estimable_expected_width_infeasible,expected_infeasible,width_exceeds_frozen_sparse_topology,9d124ad72c0fe2b841fbfc927ec45c35cb413a6a0e01baada17f1025709d315c,9626c07cf4ccf3251a3585a4b367551c7a78f57218970c0d71f73f221adea5d3,e3ade62c2d1568a6686439927f821e8d4321e46286156daf59fd75b31c85a222,749d39f68d29d796da0060f6c180c3306254979e
inst_28ff20a6c0731a37ed804a7e8e137c72f43ecb16c06242490c2839e435a3c9c9,max3sat,compilation,test,selective_vs_matched_random_selective,compiled_two_qubit_gates,not_applicable,not_applicable,all_to_all_reference,0.05714285714285714,low,0.30208333333333337,intermediate,0.4375,16,5,25,5,232.0,264.4,0.12254160363086224,0.12254160363086224,0.12254160363086224,0.05,help,paired_normal_interval_by_transpiler_seed,pass,,9d124ad72c0fe2b841fbfc927ec45c35cb413a6a0e01baada17f1025709d315c,9626c07cf4ccf3251a3585a4b367551c7a78f57218970c0d71f73f221adea5d3,e3ade62c2d1568a6686439927f821e8d4321e46286156daf59fd75b31c85a222,749d39f68d29d796da0060f6c180c3306254979e
inst_28ff20a6c0731a37ed804a7e8e137c72f43ecb16c06242490c2839e435a3c9c9,max3sat,compilation,test,selective_vs_matched_random_selective,compiled_two_qubit_gates,not_applicable,not_applicable,device_sparse_v1,0.05714285714285714,low,0.30208333333333337,intermediate,0.4375,16,5,25,0,,,,,,0.05,not_estimable,not_estimable_expected_width_infeasible,expected_infeasible,width_exceeds_frozen_sparse_topology,9d124ad72c0fe2b841fbfc927ec45c35cb413a6a0e01baada17f1025709d315c,9626c07cf4ccf3251a3585a4b367551c7a78f57218970c0d71f73f221adea5d3,e3ade62c2d1568a6686439927f821e8d4321e46286156daf59fd75b31c85a222,749d39f68d29d796da0060f6c180c3306254979e
inst_28ff20a6c0731a37ed804a7e8e137c72f43ecb16c06242490c2839e435a3c9c9,max3sat,compilation,test,selective_vs_matched_random_selective,routing_overhead,not_applicable,not_applicable,all_to_all_reference,0.05714285714285714,low,0.30208333333333337,intermediate,0.4375,16,5,25,5,0.0,0.0,0.0,0.0,0.0,0.05,little_effect,paired_normal_interval_by_transpiler_seed,pass,,9d124ad72c0fe2b841fbfc927ec45c35cb413a6a0e01baada17f1025709d315c,9626c07cf4ccf3251a3585a4b367551c7a78f57218970c0d71f73f221adea5d3,e3ade62c2d1568a6686439927f821e8d4321e46286156daf59fd75b31c85a222,749d39f68d29d796da0060f6c180c3306254979e
inst_28ff20a6c0731a37ed804a7e8e137c72f43ecb16c06242490c2839e435a3c9c9,max3sat,compilation,test,selective_vs_matched_random_selective,routing_overhead,not_applicable,not_applicable,device_sparse_v1,0.05714285714285714,low,0.30208333333333337,intermediate,0.4375,16,5,25,0,,,,,,0.05,not_estimable,not_estimable_expected_width_infeasible,expected_infeasible,width_exceeds_frozen_sparse_topology,9d124ad72c0fe2b841fbfc927ec45c35cb413a6a0e01baada17f1025709d315c,9626c07cf4ccf3251a3585a4b367551c7a78f57218970c0d71f73f221adea5d3,e3ade62c2d1568a6686439927f821e8d4321e46286156daf59fd75b31c85a222,749d39f68d29d796da0060f6c180c3306254979e
inst_2f15d2f234c8f1df4c005ad0920e30245530206ef3ff58661a368393a9143cfb,max3sat,compilation,test,selective_vs_matched_random_selective,compiled_two_qubit_depth,not_applicable,not_applicable,all_to_all_reference,0.08181818181818182,intermediate,0.37037037037037035,intermediate,0.5555555555555556,12,5,25,5,42.0,80.4,0.4776119402985075,0.4776119402985075,0.4776119402985075,0.05,help,paired_normal_interval_by_transpiler_seed,pass,,9d124ad72c0fe2b841fbfc927ec45c35cb413a6a0e01baada17f1025709d315c,9626c07cf4ccf3251a3585a4b367551c7a78f57218970c0d71f73f221adea5d3,e3ade62c2d1568a6686439927f821e8d4321e46286156daf59fd75b31c85a222,749d39f68d29d796da0060f6c180c3306254979e
inst_2f15d2f234c8f1df4c005ad0920e30245530206ef3ff58661a368393a9143cfb,max3sat,compilation,test,selective_vs_matched_random_selective,compiled_two_qubit_depth,not_applicable,not_applicable,device_sparse_v1,0.08181818181818182,intermediate,0.37037037037037035,intermediate,0.5555555555555556,12,5,25,0,,,,,,0.05,not_estimable,not_estimable_expected_width_infeasible,expected_infeasible,width_exceeds_frozen_sparse_topology,9d124ad72c0fe2b841fbfc927ec45c35cb413a6a0e01baada17f1025709d315c,9626c07cf4ccf3251a3585a4b367551c7a78f57218970c0d71f73f221adea5d3,e3ade62c2d1568a6686439927f821e8d4321e46286156daf59fd75b31c85a222,749d39f68d29d796da0060f6c180c3306254979e
inst_2f15d2f234c8f1df4c005ad0920e30245530206ef3ff58661a368393a9143cfb,max3sat,compilation,test,selective_vs_matched_random_selective,compiled_two_qubit_gates,not_applicable,not_applicable,all_to_all_reference,0.08181818181818182,intermediate,0.37037037037037035,intermediate,0.5555555555555556,12,5,25,5,102.0,140.4,0.27350427350427353,0.27350427350427353,0.27350427350427353,0.05,help,paired_normal_interval_by_transpiler_seed,pass,,9d124ad72c0fe2b841fbfc927ec45c35cb413a6a0e01baada17f1025709d315c,9626c07cf4ccf3251a3585a4b367551c7a78f57218970c0d71f73f221adea5d3,e3ade62c2d1568a6686439927f821e8d4321e46286156daf59fd75b31c85a222,749d39f68d29d796da0060f6c180c3306254979e
inst_2f15d2f234c8f1df4c005ad0920e30245530206ef3ff58661a368393a9143cfb,max3sat,compilation,test,selective_vs_matched_random_selective,compiled_two_qubit_gates,not_applicable,not_applicable,device_sparse_v1,0.08181818181818182,intermediate,0.37037037037037035,intermediate,0.5555555555555556,12,5,25,0,,,,,,0.05,not_estimable,not_estimable_expected_width_infeasible,expected_infeasible,width_exceeds_frozen_sparse_topology,9d124ad72c0fe2b841fbfc927ec45c35cb413a6a0e01baada17f1025709d315c,9626c07cf4ccf3251a3585a4b367551c7a78f57218970c0d71f73f221adea5d3,e3ade62c2d1568a6686439927f821e8d4321e46286156daf59fd75b31c85a222,749d39f68d29d796da0060f6c180c3306254979e
inst_2f15d2f234c8f1df4c005ad0920e30245530206ef3ff58661a368393a9143cfb,max3sat,compilation,test,selective_vs_matched_random_selective,routing_overhead,not_applicable,not_applicable,all_to_all_reference,0.08181818181818182,intermediate,0.37037037037037035,intermediate,0.5555555555555556,12,5,25,5,0.0,0.0,0.0,0.0,0.0,0.05,little_effect,paired_normal_interval_by_transpiler_seed,pass,,9d124ad72c0fe2b841fbfc927ec45c35cb413a6a0e01baada17f1025709d315c,9626c07cf4ccf3251a3585a4b367551c7a78f57218970c0d71f73f221adea5d3,e3ade62c2d1568a6686439927f821e8d4321e46286156daf59fd75b31c85a222,749d39f68d29d796da0060f6c180c3306254979e
inst_2f15d2f234c8f1df4c005ad0920e30245530206ef3ff58661a368393a9143cfb,max3sat,compilation,test,selective_vs_matched_random_selective,routing_overhead,not_applicable,not_applicable,device_sparse_v1,0.08181818181818182,intermediate,0.37037037037037035,intermediate,0.5555555555555556,12,5,25,0,,,,,,0.05,not_estimable,not_estimable_expected_width_infeasible,expected_infeasible,width_exceeds_frozen_sparse_topology,9d124ad72c0fe2b841fbfc927ec45c35cb413a6a0e01baada17f1025709d315c,9626c07cf4ccf3251a3585a4b367551c7a78f57218970c0d71f73f221adea5d3,e3ade62c2d1568a6686439927f821e8d4321e46286156daf59fd75b31c85a222,749d39f68d29d796da0060f6c180c3306254979e
inst_44fe959f979ed41d00ed5d00c8ad559cb9fcc3a1f54352020e9bee9224ecc496,max3sat,compilation,test,selective_vs_matched_random_selective,compiled_two_qubit_depth,not_applicable,not_applicable,all_to_all_reference,0.06818181818181818,low,0.28888888888888886,low,0.26666666666666666,12,5,25,5,36.0,64.6,0.4427244582043343,0.4427244582043343,0.4427244582043343,0.05,help,paired_normal_interval_by_transpiler_seed,pass,,9d124ad72c0fe2b841fbfc927ec45c35cb413a6a0e01baada17f1025709d315c,9626c07cf4ccf3251a3585a4b367551c7a78f57218970c0d71f73f221adea5d3,e3ade62c2d1568a6686439927f821e8d4321e46286156daf59fd75b31c85a222,749d39f68d29d796da0060f6c180c3306254979e
inst_44fe959f979ed41d00ed5d00c8ad559cb9fcc3a1f54352020e9bee9224ecc496,max3sat,compilation,test,selective_vs_matched_random_selective,compiled_two_qubit_depth,not_applicable,not_applicable,device_sparse_v1,0.06818181818181818,low,0.28888888888888886,low,0.26666666666666666,12,5,25,0,,,,,,0.05,not_estimable,not_estimable_expected_width_infeasible,expected_infeasible,width_exceeds_frozen_sparse_topology,9d124ad72c0fe2b841fbfc927ec45c35cb413a6a0e01baada17f1025709d315c,9626c07cf4ccf3251a3585a4b367551c7a78f57218970c0d71f73f221adea5d3,e3ade62c2d1568a6686439927f821e8d4321e46286156daf59fd75b31c85a222,749d39f68d29d796da0060f6c180c3306254979e
inst_44fe959f979ed41d00ed5d00c8ad559cb9fcc3a1f54352020e9bee9224ecc496,max3sat,compilation,test,selective_vs_matched_random_selective,compiled_two_qubit_gates,not_applicable,not_applicable,all_to_all_reference,0.06818181818181818,low,0.28888888888888886,low,0.26666666666666666,12,5,25,5,82.0,123.6,0.33656957928802583,0.33656957928802583,0.33656957928802583,0.05,help,paired_normal_interval_by_transpiler_seed,pass,,9d124ad72c0fe2b841fbfc927ec45c35cb413a6a0e01baada17f1025709d315c,9626c07cf4ccf3251a3585a4b367551c7a78f57218970c0d71f73f221adea5d3,e3ade62c2d1568a6686439927f821e8d4321e46286156daf59fd75b31c85a222,749d39f68d29d796da0060f6c180c3306254979e
inst_44fe959f979ed41d00ed5d00c8ad559cb9fcc3a1f54352020e9bee9224ecc496,max3sat,compilation,test,selective_vs_matched_random_selective,compiled_two_qubit_gates,not_applicable,not_applicable,device_sparse_v1,0.06818181818181818,low,0.28888888888888886,low,0.26666666666666666,12,5,25,0,,,,,,0.05,not_estimable,not_estimable_expected_width_infeasible,expected_infeasible,width_exceeds_frozen_sparse_topology,9d124ad72c0fe2b841fbfc927ec45c35cb413a6a0e01baada17f1025709d315c,9626c07cf4ccf3251a3585a4b367551c7a78f57218970c0d71f73f221adea5d3,e3ade62c2d1568a6686439927f821e8d4321e46286156daf59fd75b31c85a222,749d39f68d29d796da0060f6c180c3306254979e
inst_44fe959f979ed41d00ed5d00c8ad559cb9fcc3a1f54352020e9bee9224ecc496,max3sat,compilation,test,selective_vs_matched_random_selective,routing_overhead,not_applicable,not_applicable,all_to_all_reference,0.06818181818181818,low,0.28888888888888886,low,0.26666666666666666,12,5,25,5,0.0,0.0,0.0,0.0,0.0,0.05,little_effect,paired_normal_interval_by_transpiler_seed,pass,,9d124ad72c0fe2b841fbfc927ec45c35cb413a6a0e01baada17f1025709d315c,9626c07cf4ccf3251a3585a4b367551c7a78f57218970c0d71f73f221adea5d3,e3ade62c2d1568a6686439927f821e8d4321e46286156daf59fd75b31c85a222,749d39f68d29d796da0060f6c180c3306254979e
inst_44fe959f979ed41d00ed5d00c8ad559cb9fcc3a1f54352020e9bee9224ecc496,max3sat,compilation,test,selective_vs_matched_random_selective,routing_overhead,not_applicable,not_applicable,device_sparse_v1,0.06818181818181818,low,0.28888888888888886,low,0.26666666666666666,12,5,25,0,,,,,,0.05,not_estimable,not_estimable_expected_width_infeasible,expected_infeasible,width_exceeds_frozen_sparse_topology,9d124ad72c0fe2b841fbfc927ec45c35cb413a6a0e01baada17f1025709d315c,9626c07cf4ccf3251a3585a4b367551c7a78f57218970c0d71f73f221adea5d3,e3ade62c2d1568a6686439927f821e8d4321e46286156daf59fd75b31c85a222,749d39f68d29d796da0060f6c180c3306254979e
inst_4de883a02a19b7c89e5a750e6dcb1d4f9e6df46511c418ac80e3e264607c4b3d,max3sat,compilation,test,selective_vs_matched_random_selective,compiled_two_qubit_depth,not_applicable,not_applicable,all_to_all_reference,0.15892857142857142,intermediate,0.6067415730337078,high,0.38202247191011235,16,5,25,5,107.0,207.6,0.4845857418111753,0.4845857418111753,0.4845857418111753,0.05,help,paired_normal_interval_by_transpiler_seed,pass,,9d124ad72c0fe2b841fbfc927ec45c35cb413a6a0e01baada17f1025709d315c,9626c07cf4ccf3251a3585a4b367551c7a78f57218970c0d71f73f221adea5d3,e3ade62c2d1568a6686439927f821e8d4321e46286156daf59fd75b31c85a222,749d39f68d29d796da0060f6c180c3306254979e
inst_4de883a02a19b7c89e5a750e6dcb1d4f9e6df46511c418ac80e3e264607c4b3d,max3sat,compilation,test,selective_vs_matched_random_selective,compiled_two_qubit_depth,not_applicable,not_applicable,device_sparse_v1,0.15892857142857142,intermediate,0.6067415730337078,high,0.38202247191011235,16,5,25,0,,,,,,0.05,not_estimable,not_estimable_expected_width_infeasible,expected_infeasible,width_exceeds_frozen_sparse_topology,9d124ad72c0fe2b841fbfc927ec45c35cb413a6a0e01baada17f1025709d315c,9626c07cf4ccf3251a3585a4b367551c7a78f57218970c0d71f73f221adea5d3,e3ade62c2d1568a6686439927f821e8d4321e46286156daf59fd75b31c85a222,749d39f68d29d796da0060f6c180c3306254979e
inst_4de883a02a19b7c89e5a750e6dcb1d4f9e6df46511c418ac80e3e264607c4b3d,max3sat,compilation,test,selective_vs_matched_random_selective,compiled_two_qubit_gates,not_applicable,not_applicable,all_to_all_reference,0.15892857142857142,intermediate,0.6067415730337078,high,0.38202247191011235,16,5,25,5,502.0,568.4,0.11681914144968328,0.11681914144968328,0.11681914144968328,0.05,help,paired_normal_interval_by_transpiler_seed,pass,,9d124ad72c0fe2b841fbfc927ec45c35cb413a6a0e01baada17f1025709d315c,9626c07cf4ccf3251a3585a4b367551c7a78f57218970c0d71f73f221adea5d3,e3ade62c2d1568a6686439927f821e8d4321e46286156daf59fd75b31c85a222,749d39f68d29d796da0060f6c180c3306254979e
inst_4de883a02a19b7c89e5a750e6dcb1d4f9e6df46511c418ac80e3e264607c4b3d,max3sat,compilation,test,selective_vs_matched_random_selective,compiled_two_qubit_gates,not_applicable,not_applicable,device_sparse_v1,0.15892857142857142,intermediate,0.6067415730337078,high,0.38202247191011235,16,5,25,0,,,,,,0.05,not_estimable,not_estimable_expected_width_infeasible,expected_infeasible,width_exceeds_frozen_sparse_topology,9d124ad72c0fe2b841fbfc927ec45c35cb413a6a0e01baada17f1025709d315c,9626c07cf4ccf3251a3585a4b367551c7a78f57218970c0d71f73f221adea5d3,e3ade62c2d1568a6686439927f821e8d4321e46286156daf59fd75b31c85a222,749d39f68d29d796da0060f6c180c3306254979e
inst_4de883a02a19b7c89e5a750e6dcb1d4f9e6df46511c418ac80e3e264607c4b3d,max3sat,compilation,test,selective_vs_matched_random_selective,routing_overhead,not_applicable,not_applicable,all_to_all_reference,0.15892857142857142,intermediate,0.6067415730337078,high,0.38202247191011235,16,5,25,5,0.0,0.0,0.0,0.0,0.0,0.05,little_effect,paired_normal_interval_by_transpiler_seed,pass,,9d124ad72c0fe2b841fbfc927ec45c35cb413a6a0e01baada17f1025709d315c,9626c07cf4ccf3251a3585a4b367551c7a78f57218970c0d71f73f221adea5d3,e3ade62c2d1568a6686439927f821e8d4321e46286156daf59fd75b31c85a222,749d39f68d29d796da0060f6c180c3306254979e
inst_4de883a02a19b7c89e5a750e6dcb1d4f9e6df46511c418ac80e3e264607c4b3d,max3sat,compilation,test,selective_vs_matched_random_selective,routing_overhead,not_applicable,not_applicable,device_sparse_v1,0.15892857142857142,intermediate,0.6067415730337078,high,0.38202247191011235,16,5,25,0,,,,,,0.05,not_estimable,not_estimable_expected_width_infeasible,expected_infeasible,width_exceeds_frozen_sparse_topology,9d124ad72c0fe2b841fbfc927ec45c35cb413a6a0e01baada17f1025709d315c,9626c07cf4ccf3251a3585a4b367551c7a78f57218970c0d71f73f221adea5d3,e3ade62c2d1568a6686439927f821e8d4321e46286156daf59fd75b31c85a222,749d39f68d29d796da0060f6c180c3306254979e
inst_67bfa1c14b3388aa4788b1b0b8fb0a628d9e11fad6d7ead7faa4270deca7be29,max3sat,compilation,test,selective_vs_matched_random_selective,compiled_two_qubit_depth,not_applicable,not_applicable,all_to_all_reference,0.19642857142857142,intermediate,0.33333333333333337,intermediate,0.7272727272727273,8,5,25,5,34.0,53.4,0.36329588014981273,0.36329588014981273,0.36329588014981273,0.05,help,paired_normal_interval_by_transpiler_seed,pass,,9d124ad72c0fe2b841fbfc927ec45c35cb413a6a0e01baada17f1025709d315c,9626c07cf4ccf3251a3585a4b367551c7a78f57218970c0d71f73f221adea5d3,e3ade62c2d1568a6686439927f821e8d4321e46286156daf59fd75b31c85a222,749d39f68d29d796da0060f6c180c3306254979e
inst_67bfa1c14b3388aa4788b1b0b8fb0a628d9e11fad6d7ead7faa4270deca7be29,max3sat,compilation,test,selective_vs_matched_random_selective,compiled_two_qubit_depth,not_applicable,not_applicable,device_sparse_v1,0.19642857142857142,intermediate,0.33333333333333337,intermediate,0.7272727272727273,8,5,25,5,76.8,99.92,0.2307071966232345,0.19649115816849788,0.2649232350779711,0.05,help,paired_normal_interval_by_transpiler_seed,pass,,9d124ad72c0fe2b841fbfc927ec45c35cb413a6a0e01baada17f1025709d315c,9626c07cf4ccf3251a3585a4b367551c7a78f57218970c0d71f73f221adea5d3,e3ade62c2d1568a6686439927f821e8d4321e46286156daf59fd75b31c85a222,749d39f68d29d796da0060f6c180c3306254979e
inst_67bfa1c14b3388aa4788b1b0b8fb0a628d9e11fad6d7ead7faa4270deca7be29,max3sat,compilation,test,selective_vs_matched_random_selective,compiled_two_qubit_gates,not_applicable,not_applicable,all_to_all_reference,0.19642857142857142,intermediate,0.33333333333333337,intermediate,0.7272727272727273,8,5,25,5,76.0,87.6,0.13242009132420085,0.13242009132420085,0.13242009132420085,0.05,help,paired_normal_interval_by_transpiler_seed,pass,,9d124ad72c0fe2b841fbfc927ec45c35cb413a6a0e01baada17f1025709d315c,9626c07cf4ccf3251a3585a4b367551c7a78f57218970c0d71f73f221adea5d3,e3ade62c2d1568a6686439927f821e8d4321e46286156daf59fd75b31c85a222,749d39f68d29d796da0060f6c180c3306254979e
inst_67bfa1c14b3388aa4788b1b0b8fb0a628d9e11fad6d7ead7faa4270deca7be29,max3sat,compilation,test,selective_vs_matched_random_selective,compiled_two_qubit_gates,not_applicable,not_applicable,device_sparse_v1,0.19642857142857142,intermediate,0.33333333333333337,intermediate,0.7272727272727273,8,5,25,5,124.4,145.76,0.14630089981828748,0.1105894337067796,0.18201236592979536,0.05,help,paired_normal_interval_by_transpiler_seed,pass,,9d124ad72c0fe2b841fbfc927ec45c35cb413a6a0e01baada17f1025709d315c,9626c07cf4ccf3251a3585a4b367551c7a78f57218970c0d71f73f221adea5d3,e3ade62c2d1568a6686439927f821e8d4321e46286156daf59fd75b31c85a222,749d39f68d29d796da0060f6c180c3306254979e
inst_67bfa1c14b3388aa4788b1b0b8fb0a628d9e11fad6d7ead7faa4270deca7be29,max3sat,compilation,test,selective_vs_matched_random_selective,routing_overhead,not_applicable,not_applicable,all_to_all_reference,0.19642857142857142,intermediate,0.33333333333333337,intermediate,0.7272727272727273,8,5,25,5,0.0,0.0,0.0,0.0,0.0,0.05,little_effect,paired_normal_interval_by_transpiler_seed,pass,,9d124ad72c0fe2b841fbfc927ec45c35cb413a6a0e01baada17f1025709d315c,9626c07cf4ccf3251a3585a4b367551c7a78f57218970c0d71f73f221adea5d3,e3ade62c2d1568a6686439927f821e8d4321e46286156daf59fd75b31c85a222,749d39f68d29d796da0060f6c180c3306254979e
inst_67bfa1c14b3388aa4788b1b0b8fb0a628d9e11fad6d7ead7faa4270deca7be29,max3sat,compilation,test,selective_vs_matched_random_selective,routing_overhead,not_applicable,not_applicable,device_sparse_v1,0.19642857142857142,intermediate,0.33333333333333337,intermediate,0.7272727272727273,8,5,25,5,48.4,58.16,0.16630768163244594,0.07726274707096296,0.2553526161939289,0.05,help,paired_normal_interval_by_transpiler_seed,pass,,9d124ad72c0fe2b841fbfc927ec45c35cb413a6a0e01baada17f1025709d315c,9626c07cf4ccf3251a3585a4b367551c7a78f57218970c0d71f73f221adea5d3,e3ade62c2d1568a6686439927f821e8d4321e46286156daf59fd75b31c85a222,749d39f68d29d796da0060f6c180c3306254979e
inst_70386662ce4299b736f2e3c495ef2708cd597b5b14cffe32a5027158a7a4a610,max3sat,compilation,test,selective_vs_matched_random_selective,compiled_two_qubit_depth,not_applicable,not_applicable,all_to_all_reference,0.20454545454545456,high,0.5629629629629629,high,0.37777777777777777,12,5,25,5,67.0,120.0,0.4416666666666666,0.4416666666666666,0.4416666666666666,0.05,help,paired_normal_interval_by_transpiler_seed,pass,,9d124ad72c0fe2b841fbfc927ec45c35cb413a6a0e01baada17f1025709d315c,9626c07cf4ccf3251a3585a4b367551c7a78f57218970c0d71f73f221adea5d3,e3ade62c2d1568a6686439927f821e8d4321e46286156daf59fd75b31c85a222,749d39f68d29d796da0060f6c180c3306254979e
inst_70386662ce4299b736f2e3c495ef2708cd597b5b14cffe32a5027158a7a4a610,max3sat,compilation,test,selective_vs_matched_random_selective,compiled_two_qubit_depth,not_applicable,not_applicable,device_sparse_v1,0.20454545454545456,high,0.5629629629629629,high,0.37777777777777777,12,5,25,0,,,,,,0.05,not_estimable,not_estimable_expected_width_infeasible,expected_infeasible,width_exceeds_frozen_sparse_topology,9d124ad72c0fe2b841fbfc927ec45c35cb413a6a0e01baada17f1025709d315c,9626c07cf4ccf3251a3585a4b367551c7a78f57218970c0d71f73f221adea5d3,e3ade62c2d1568a6686439927f821e8d4321e46286156daf59fd75b31c85a222,749d39f68d29d796da0060f6c180c3306254979e
inst_70386662ce4299b736f2e3c495ef2708cd597b5b14cffe32a5027158a7a4a610,max3sat,compilation,test,selective_vs_matched_random_selective,compiled_two_qubit_gates,not_applicable,not_applicable,all_to_all_reference,0.20454545454545456,high,0.5629629629629629,high,0.37777777777777777,12,5,25,5,272.0,308.0,0.11688311688311688,0.11688311688311688,0.11688311688311688,0.05,help,paired_normal_interval_by_transpiler_seed,pass,,9d124ad72c0fe2b841fbfc927ec45c35cb413a6a0e01baada17f1025709d315c,9626c07cf4ccf3251a3585a4b367551c7a78f57218970c0d71f73f221adea5d3,e3ade62c2d1568a6686439927f821e8d4321e46286156daf59fd75b31c85a222,749d39f68d29d796da0060f6c180c3306254979e
inst_70386662ce4299b736f2e3c495ef2708cd597b5b14cffe32a5027158a7a4a610,max3sat,compilation,test,selective_vs_matched_random_selective,compiled_two_qubit_gates,not_applicable,not_applicable,device_sparse_v1,0.20454545454545456,high,0.5629629629629629,high,0.37777777777777777,12,5,25,0,,,,,,0.05,not_estimable,not_estimable_expected_width_infeasible,expected_infeasible,width_exceeds_frozen_sparse_topology,9d124ad72c0fe2b841fbfc927ec45c35cb413a6a0e01baada17f1025709d315c,9626c07cf4ccf3251a3585a4b367551c7a78f57218970c0d71f73f221adea5d3,e3ade62c2d1568a6686439927f821e8d4321e46286156daf59fd75b31c85a222,749d39f68d29d796da0060f6c180c3306254979e
inst_70386662ce4299b736f2e3c495ef2708cd597b5b14cffe32a5027158a7a4a610,max3sat,compilation,test,selective_vs_matched_random_selective,routing_overhead,not_applicable,not_applicable,all_to_all_reference,0.20454545454545456,high,0.5629629629629629,high,0.37777777777777777,12,5,25,5,0.0,0.0,0.0,0.0,0.0,0.05,little_effect,paired_normal_interval_by_transpiler_seed,pass,,9d124ad72c0fe2b841fbfc927ec45c35cb413a6a0e01baada17f1025709d315c,9626c07cf4ccf3251a3585a4b367551c7a78f57218970c0d71f73f221adea5d3,e3ade62c2d1568a6686439927f821e8d4321e46286156daf59fd75b31c85a222,749d39f68d29d796da0060f6c180c3306254979e
inst_70386662ce4299b736f2e3c495ef2708cd597b5b14cffe32a5027158a7a4a610,max3sat,compilation,test,selective_vs_matched_random_selective,routing_overhead,not_applicable,not_applicable,device_sparse_v1,0.20454545454545456,high,0.5629629629629629,high,0.37777777777777777,12,5,25,0,,,,,,0.05,not_estimable,not_estimable_expected_width_infeasible,expected_infeasible,width_exceeds_frozen_sparse_topology,9d124ad72c0fe2b841fbfc927ec45c35cb413a6a0e01baada17f1025709d315c,9626c07cf4ccf3251a3585a4b367551c7a78f57218970c0d71f73f221adea5d3,e3ade62c2d1568a6686439927f821e8d4321e46286156daf59fd75b31c85a222,749d39f68d29d796da0060f6c180c3306254979e
inst_9e9a0b918ddcd2a552104d1597a4bf1a0f02a66b3d265a3acbcad1a257316d47,max3sat,compilation,test,selective_vs_matched_random_selective,compiled_two_qubit_depth,not_applicable,not_applicable,all_to_all_reference,0.10087719298245613,intermediate,0.536231884057971,high,0.5043478260869565,20,5,25,5,152.0,277.0,0.4512635379061372,0.4512635379061372,0.4512635379061372,0.05,help,paired_normal_interval_by_transpiler_seed,pass,,9d124ad72c0fe2b841fbfc927ec45c35cb413a6a0e01baada17f1025709d315c,9626c07cf4ccf3251a3585a4b367551c7a78f57218970c0d71f73f221adea5d3,e3ade62c2d1568a6686439927f821e8d4321e46286156daf59fd75b31c85a222,749d39f68d29d796da0060f6c180c3306254979e
inst_9e9a0b918ddcd2a552104d1597a4bf1a0f02a66b3d265a3acbcad1a257316d47,max3sat,compilation,test,selective_vs_matched_random_selective,compiled_two_qubit_depth,not_applicable,not_applicable,device_sparse_v1,0.10087719298245613,intermediate,0.536231884057971,high,0.5043478260869565,20,5,25,0,,,,,,0.05,not_estimable,not_estimable_expected_width_infeasible,expected_infeasible,width_exceeds_frozen_sparse_topology,9d124ad72c0fe2b841fbfc927ec45c35cb413a6a0e01baada17f1025709d315c,9626c07cf4ccf3251a3585a4b367551c7a78f57218970c0d71f73f221adea5d3,e3ade62c2d1568a6686439927f821e8d4321e46286156daf59fd75b31c85a222,749d39f68d29d796da0060f6c180c3306254979e
inst_9e9a0b918ddcd2a552104d1597a4bf1a0f02a66b3d265a3acbcad1a257316d47,max3sat,compilation,test,selective_vs_matched_random_selective,compiled_two_qubit_gates,not_applicable,not_applicable,all_to_all_reference,0.10087719298245613,intermediate,0.536231884057971,high,0.5043478260869565,20,5,25,5,684.0,783.6,0.12710566615620217,0.12710566615620217,0.12710566615620217,0.05,help,paired_normal_interval_by_transpiler_seed,pass,,9d124ad72c0fe2b841fbfc927ec45c35cb413a6a0e01baada17f1025709d315c,9626c07cf4ccf3251a3585a4b367551c7a78f57218970c0d71f73f221adea5d3,e3ade62c2d1568a6686439927f821e8d4321e46286156daf59fd75b31c85a222,749d39f68d29d796da0060f6c180c3306254979e
inst_9e9a0b918ddcd2a552104d1597a4bf1a0f02a66b3d265a3acbcad1a257316d47,max3sat,compilation,test,selective_vs_matched_random_selective,compiled_two_qubit_gates,not_applicable,not_applicable,device_sparse_v1,0.10087719298245613,intermediate,0.536231884057971,high,0.5043478260869565,20,5,25,0,,,,,,0.05,not_estimable,not_estimable_expected_width_infeasible,expected_infeasible,width_exceeds_frozen_sparse_topology,9d124ad72c0fe2b841fbfc927ec45c35cb413a6a0e01baada17f1025709d315c,9626c07cf4ccf3251a3585a4b367551c7a78f57218970c0d71f73f221adea5d3,e3ade62c2d1568a6686439927f821e8d4321e46286156daf59fd75b31c85a222,749d39f68d29d796da0060f6c180c3306254979e
inst_9e9a0b918ddcd2a552104d1597a4bf1a0f02a66b3d265a3acbcad1a257316d47,max3sat,compilation,test,selective_vs_matched_random_selective,routing_overhead,not_applicable,not_applicable,all_to_all_reference,0.10087719298245613,intermediate,0.536231884057971,high,0.5043478260869565,20,5,25,5,0.0,0.0,0.0,0.0,0.0,0.05,little_effect,paired_normal_interval_by_transpiler_seed,pass,,9d124ad72c0fe2b841fbfc927ec45c35cb413a6a0e01baada17f1025709d315c,9626c07cf4ccf3251a3585a4b367551c7a78f57218970c0d71f73f221adea5d3,e3ade62c2d1568a6686439927f821e8d4321e46286156daf59fd75b31c85a222,749d39f68d29d796da0060f6c180c3306254979e
inst_9e9a0b918ddcd2a552104d1597a4bf1a0f02a66b3d265a3acbcad1a257316d47,max3sat,compilation,test,selective_vs_matched_random_selective,routing_overhead,not_applicable,not_applicable,device_sparse_v1,0.10087719298245613,intermediate,0.536231884057971,high,0.5043478260869565,20,5,25,0,,,,,,0.05,not_estimable,not_estimable_expected_width_infeasible,expected_infeasible,width_exceeds_frozen_sparse_topology,9d124ad72c0fe2b841fbfc927ec45c35cb413a6a0e01baada17f1025709d315c,9626c07cf4ccf3251a3585a4b367551c7a78f57218970c0d71f73f221adea5d3,e3ade62c2d1568a6686439927f821e8d4321e46286156daf59fd75b31c85a222,749d39f68d29d796da0060f6c180c3306254979e
inst_c32cb33b55efb0ee1a708f9936b9c45d95c8b4a9c07a53a564b24913ae6b0e3c,max3sat,compilation,test,selective_vs_matched_random_selective,compiled_two_qubit_depth,not_applicable,not_applicable,all_to_all_reference,0.16071428571428573,intermediate,0.40740740740740744,intermediate,0.5555555555555556,8,5,25,5,34.0,48.8,0.3032786885245901,0.3032786885245901,0.3032786885245901,0.05,help,paired_normal_interval_by_transpiler_seed,pass,,9d124ad72c0fe2b841fbfc927ec45c35cb413a6a0e01baada17f1025709d315c,9626c07cf4ccf3251a3585a4b367551c7a78f57218970c0d71f73f221adea5d3,e3ade62c2d1568a6686439927f821e8d4321e46286156daf59fd75b31c85a222,749d39f68d29d796da0060f6c180c3306254979e
inst_c32cb33b55efb0ee1a708f9936b9c45d95c8b4a9c07a53a564b24913ae6b0e3c,max3sat,compilation,test,selective_vs_matched_random_selective,compiled_two_qubit_depth,not_applicable,not_applicable,device_sparse_v1,0.16071428571428573,intermediate,0.40740740740740744,intermediate,0.5555555555555556,8,5,25,5,72.8,86.2,0.15273887889725382,0.05643924553067768,0.24903851226382995,0.05,help,paired_normal_interval_by_transpiler_seed,pass,,9d124ad72c0fe2b841fbfc927ec45c35cb413a6a0e01baada17f1025709d315c,9626c07cf4ccf3251a3585a4b367551c7a78f57218970c0d71f73f221adea5d3,e3ade62c2d1568a6686439927f821e8d4321e46286156daf59fd75b31c85a222,749d39f68d29d796da0060f6c180c3306254979e
inst_c32cb33b55efb0ee1a708f9936b9c45d95c8b4a9c07a53a564b24913ae6b0e3c,max3sat,compilation,test,selective_vs_matched_random_selective,compiled_two_qubit_gates,not_applicable,not_applicable,all_to_all_reference,0.16071428571428573,intermediate,0.40740740740740744,intermediate,0.5555555555555556,8,5,25,5,66.0,78.8,0.1624365482233502,0.1624365482233502,0.1624365482233502,0.05,help,paired_normal_interval_by_transpiler_seed,pass,,9d124ad72c0fe2b841fbfc927ec45c35cb413a6a0e01baada17f1025709d315c,9626c07cf4ccf3251a3585a4b367551c7a78f57218970c0d71f73f221adea5d3,e3ade62c2d1568a6686439927f821e8d4321e46286156daf59fd75b31c85a222,749d39f68d29d796da0060f6c180c3306254979e
inst_c32cb33b55efb0ee1a708f9936b9c45d95c8b4a9c07a53a564b24913ae6b0e3c,max3sat,compilation,test,selective_vs_matched_random_selective,compiled_two_qubit_gates,not_applicable,not_applicable,device_sparse_v1,0.16071428571428573,intermediate,0.40740740740740744,intermediate,0.5555555555555556,8,5,25,5,113.0,124.0,0.08841091012574526,0.031480832539028725,0.1453409877124618,0.05,little_effect,paired_normal_interval_by_transpiler_seed,pass,,9d124ad72c0fe2b841fbfc927ec45c35cb413a6a0e01baada17f1025709d315c,9626c07cf4ccf3251a3585a4b367551c7a78f57218970c0d71f73f221adea5d3,e3ade62c2d1568a6686439927f821e8d4321e46286156daf59fd75b31c85a222,749d39f68d29d796da0060f6c180c3306254979e
inst_c32cb33b55efb0ee1a708f9936b9c45d95c8b4a9c07a53a564b24913ae6b0e3c,max3sat,compilation,test,selective_vs_matched_random_selective,routing_overhead,not_applicable,not_applicable,all_to_all_reference,0.16071428571428573,intermediate,0.40740740740740744,intermediate,0.5555555555555556,8,5,25,5,0.0,0.0,0.0,0.0,0.0,0.05,little_effect,paired_normal_interval_by_transpiler_seed,pass,,9d124ad72c0fe2b841fbfc927ec45c35cb413a6a0e01baada17f1025709d315c,9626c07cf4ccf3251a3585a4b367551c7a78f57218970c0d71f73f221adea5d3,e3ade62c2d1568a6686439927f821e8d4321e46286156daf59fd75b31c85a222,749d39f68d29d796da0060f6c180c3306254979e
inst_c32cb33b55efb0ee1a708f9936b9c45d95c8b4a9c07a53a564b24913ae6b0e3c,max3sat,compilation,test,selective_vs_matched_random_selective,routing_overhead,not_applicable,not_applicable,device_sparse_v1,0.16071428571428573,intermediate,0.40740740740740744,intermediate,0.5555555555555556,8,5,25,5,47.0,45.2,-0.04230470005361838,-0.20222656645753412,0.11761716635029734,0.05,little_effect,paired_normal_interval_by_transpiler_seed,pass,,9d124ad72c0fe2b841fbfc927ec45c35cb413a6a0e01baada17f1025709d315c,9626c07cf4ccf3251a3585a4b367551c7a78f57218970c0d71f73f221adea5d3,e3ade62c2d1568a6686439927f821e8d4321e46286156daf59fd75b31c85a222,749d39f68d29d796da0060f6c180c3306254979e
inst_c3ee41c0264643625e0eba9d472b30ff36b702de794e26ce06ff2eb31cab4421,max3sat,compilation,test,selective_vs_matched_random_selective,compiled_two_qubit_depth,not_applicable,not_applicable,all_to_all_reference,0.055357142857142855,low,0.30107526881720426,intermediate,0.45161290322580644,16,5,25,5,61.0,85.8,0.289044289044289,0.289044289044289,0.289044289044289,0.05,help,paired_normal_interval_by_transpiler_seed,pass,,9d124ad72c0fe2b841fbfc927ec45c35cb413a6a0e01baada17f1025709d315c,9626c07cf4ccf3251a3585a4b367551c7a78f57218970c0d71f73f221adea5d3,e3ade62c2d1568a6686439927f821e8d4321e46286156daf59fd75b31c85a222,749d39f68d29d796da0060f6c180c3306254979e
inst_c3ee41c0264643625e0eba9d472b30ff36b702de794e26ce06ff2eb31cab4421,max3sat,compilation,test,selective_vs_matched_random_selective,compiled_two_qubit_depth,not_applicable,not_applicable,device_sparse_v1,0.055357142857142855,low,0.30107526881720426,intermediate,0.45161290322580644,16,5,25,0,,,,,,0.05,not_estimable,not_estimable_expected_width_infeasible,expected_infeasible,width_exceeds_frozen_sparse_topology,9d124ad72c0fe2b841fbfc927ec45c35cb413a6a0e01baada17f1025709d315c,9626c07cf4ccf3251a3585a4b367551c7a78f57218970c0d71f73f221adea5d3,e3ade62c2d1568a6686439927f821e8d4321e46286156daf59fd75b31c85a222,749d39f68d29d796da0060f6c180c3306254979e
inst_c3ee41c0264643625e0eba9d472b30ff36b702de794e26ce06ff2eb31cab4421,max3sat,compilation,test,selective_vs_matched_random_selective,compiled_two_qubit_gates,not_applicable,not_applicable,all_to_all_reference,0.055357142857142855,low,0.30107526881720426,intermediate,0.45161290322580644,16,5,25,5,224.0,256.8,0.12772585669781936,0.12772585669781936,0.12772585669781936,0.05,help,paired_normal_interval_by_transpiler_seed,pass,,9d124ad72c0fe2b841fbfc927ec45c35cb413a6a0e01baada17f1025709d315c,9626c07cf4ccf3251a3585a4b367551c7a78f57218970c0d71f73f221adea5d3,e3ade62c2d1568a6686439927f821e8d4321e46286156daf59fd75b31c85a222,749d39f68d29d796da0060f6c180c3306254979e
inst_c3ee41c0264643625e0eba9d472b30ff36b702de794e26ce06ff2eb31cab4421,max3sat,compilation,test,selective_vs_matched_random_selective,compiled_two_qubit_gates,not_applicable,not_applicable,device_sparse_v1,0.055357142857142855,low,0.30107526881720426,intermediate,0.45161290322580644,16,5,25,0,,,,,,0.05,not_estimable,not_estimable_expected_width_infeasible,expected_infeasible,width_exceeds_frozen_sparse_topology,9d124ad72c0fe2b841fbfc927ec45c35cb413a6a0e01baada17f1025709d315c,9626c07cf4ccf3251a3585a4b367551c7a78f57218970c0d71f73f221adea5d3,e3ade62c2d1568a6686439927f821e8d4321e46286156daf59fd75b31c85a222,749d39f68d29d796da0060f6c180c3306254979e
inst_c3ee41c0264643625e0eba9d472b30ff36b702de794e26ce06ff2eb31cab4421,max3sat,compilation,test,selective_vs_matched_random_selective,routing_overhead,not_applicable,not_applicable,all_to_all_reference,0.055357142857142855,low,0.30107526881720426,intermediate,0.45161290322580644,16,5,25,5,0.0,0.0,0.0,0.0,0.0,0.05,little_effect,paired_normal_interval_by_transpiler_seed,pass,,9d124ad72c0fe2b841fbfc927ec45c35cb413a6a0e01baada17f1025709d315c,9626c07cf4ccf3251a3585a4b367551c7a78f57218970c0d71f73f221adea5d3,e3ade62c2d1568a6686439927f821e8d4321e46286156daf59fd75b31c85a222,749d39f68d29d796da0060f6c180c3306254979e
inst_c3ee41c0264643625e0eba9d472b30ff36b702de794e26ce06ff2eb31cab4421,max3sat,compilation,test,selective_vs_matched_random_selective,routing_overhead,not_applicable,not_applicable,device_sparse_v1,0.055357142857142855,low,0.30107526881720426,intermediate,0.45161290322580644,16,5,25,0,,,,,,0.05,not_estimable,not_estimable_expected_width_infeasible,expected_infeasible,width_exceeds_frozen_sparse_topology,9d124ad72c0fe2b841fbfc927ec45c35cb413a6a0e01baada17f1025709d315c,9626c07cf4ccf3251a3585a4b367551c7a78f57218970c0d71f73f221adea5d3,e3ade62c2d1568a6686439927f821e8d4321e46286156daf59fd75b31c85a222,749d39f68d29d796da0060f6c180c3306254979e
inst_c509325172b5b725870efeab7b1ee663cf118c3d5f52498275e25d6bbec8fcc5,max3sat,compilation,test,selective_vs_matched_random_selective,compiled_two_qubit_depth,not_applicable,not_applicable,all_to_all_reference,0.1125,intermediate,0.47089947089947093,intermediate,0.5238095238095238,16,5,25,5,101.0,175.6,0.42482915717539865,0.42482915717539865,0.42482915717539865,0.05,help,paired_normal_interval_by_transpiler_seed,pass,,9d124ad72c0fe2b841fbfc927ec45c35cb413a6a0e01baada17f1025709d315c,9626c07cf4ccf3251a3585a4b367551c7a78f57218970c0d71f73f221adea5d3,e3ade62c2d1568a6686439927f821e8d4321e46286156daf59fd75b31c85a222,749d39f68d29d796da0060f6c180c3306254979e
inst_c509325172b5b725870efeab7b1ee663cf118c3d5f52498275e25d6bbec8fcc5,max3sat,compilation,test,selective_vs_matched_random_selective,compiled_two_qubit_depth,not_applicable,not_applicable,device_sparse_v1,0.1125,intermediate,0.47089947089947093,intermediate,0.5238095238095238,16,5,25,0,,,,,,0.05,not_estimable,not_estimable_expected_width_infeasible,expected_infeasible,width_exceeds_frozen_sparse_topology,9d124ad72c0fe2b841fbfc927ec45c35cb413a6a0e01baada17f1025709d315c,9626c07cf4ccf3251a3585a4b367551c7a78f57218970c0d71f73f221adea5d3,e3ade62c2d1568a6686439927f821e8d4321e46286156daf59fd75b31c85a222,749d39f68d29d796da0060f6c180c3306254979e
inst_c509325172b5b725870efeab7b1ee663cf118c3d5f52498275e25d6bbec8fcc5,max3sat,compilation,test,selective_vs_matched_random_selective,compiled_two_qubit_gates,not_applicable,not_applicable,all_to_all_reference,0.1125,intermediate,0.47089947089947093,intermediate,0.5238095238095238,16,5,25,5,396.0,453.2,0.12621359223300968,0.12621359223300968,0.12621359223300968,0.05,help,paired_normal_interval_by_transpiler_seed,pass,,9d124ad72c0fe2b841fbfc927ec45c35cb413a6a0e01baada17f1025709d315c,9626c07cf4ccf3251a3585a4b367551c7a78f57218970c0d71f73f221adea5d3,e3ade62c2d1568a6686439927f821e8d4321e46286156daf59fd75b31c85a222,749d39f68d29d796da0060f6c180c3306254979e
inst_c509325172b5b725870efeab7b1ee663cf118c3d5f52498275e25d6bbec8fcc5,max3sat,compilation,test,selective_vs_matched_random_selective,compiled_two_qubit_gates,not_applicable,not_applicable,device_sparse_v1,0.1125,intermediate,0.47089947089947093,intermediate,0.5238095238095238,16,5,25,0,,,,,,0.05,not_estimable,not_estimable_expected_width_infeasible,expected_infeasible,width_exceeds_frozen_sparse_topology,9d124ad72c0fe2b841fbfc927ec45c35cb413a6a0e01baada17f1025709d315c,9626c07cf4ccf3251a3585a4b367551c7a78f57218970c0d71f73f221adea5d3,e3ade62c2d1568a6686439927f821e8d4321e46286156daf59fd75b31c85a222,749d39f68d29d796da0060f6c180c3306254979e
inst_c509325172b5b725870efeab7b1ee663cf118c3d5f52498275e25d6bbec8fcc5,max3sat,compilation,test,selective_vs_matched_random_selective,routing_overhead,not_applicable,not_applicable,all_to_all_reference,0.1125,intermediate,0.47089947089947093,intermediate,0.5238095238095238,16,5,25,5,0.0,0.0,0.0,0.0,0.0,0.05,little_effect,paired_normal_interval_by_transpiler_seed,pass,,9d124ad72c0fe2b841fbfc927ec45c35cb413a6a0e01baada17f1025709d315c,9626c07cf4ccf3251a3585a4b367551c7a78f57218970c0d71f73f221adea5d3,e3ade62c2d1568a6686439927f821e8d4321e46286156daf59fd75b31c85a222,749d39f68d29d796da0060f6c180c3306254979e
inst_c509325172b5b725870efeab7b1ee663cf118c3d5f52498275e25d6bbec8fcc5,max3sat,compilation,test,selective_vs_matched_random_selective,routing_overhead,not_applicable,not_applicable,device_sparse_v1,0.1125,intermediate,0.47089947089947093,intermediate,0.5238095238095238,16,5,25,0,,,,,,0.05,not_estimable,not_estimable_expected_width_infeasible,expected_infeasible,width_exceeds_frozen_sparse_topology,9d124ad72c0fe2b841fbfc927ec45c35cb413a6a0e01baada17f1025709d315c,9626c07cf4ccf3251a3585a4b367551c7a78f57218970c0d71f73f221adea5d3,e3ade62c2d1568a6686439927f821e8d4321e46286156daf59fd75b31c85a222,749d39f68d29d796da0060f6c180c3306254979e
inst_d14cd6885001ea20ec547911c34c72177f32f5b9a45bc6fab58ee35ad20fc8dc,max3sat,compilation,test,selective_vs_matched_random_selective,compiled_two_qubit_depth,not_applicable,not_applicable,all_to_all_reference,0.05454545454545454,low,0.33333333333333337,intermediate,0.5833333333333334,12,5,25,5,30.0,54.4,0.4485294117647058,0.4485294117647058,0.4485294117647058,0.05,help,paired_normal_interval_by_transpiler_seed,pass,,9d124ad72c0fe2b841fbfc927ec45c35cb413a6a0e01baada17f1025709d315c,9626c07cf4ccf3251a3585a4b367551c7a78f57218970c0d71f73f221adea5d3,e3ade62c2d1568a6686439927f821e8d4321e46286156daf59fd75b31c85a222,749d39f68d29d796da0060f6c180c3306254979e
inst_d14cd6885001ea20ec547911c34c72177f32f5b9a45bc6fab58ee35ad20fc8dc,max3sat,compilation,test,selective_vs_matched_random_selective,compiled_two_qubit_depth,not_applicable,not_applicable,device_sparse_v1,0.05454545454545454,low,0.33333333333333337,intermediate,0.5833333333333334,12,5,25,0,,,,,,0.05,not_estimable,not_estimable_expected_width_infeasible,expected_infeasible,width_exceeds_frozen_sparse_topology,9d124ad72c0fe2b841fbfc927ec45c35cb413a6a0e01baada17f1025709d315c,9626c07cf4ccf3251a3585a4b367551c7a78f57218970c0d71f73f221adea5d3,e3ade62c2d1568a6686439927f821e8d4321e46286156daf59fd75b31c85a222,749d39f68d29d796da0060f6c180c3306254979e
inst_d14cd6885001ea20ec547911c34c72177f32f5b9a45bc6fab58ee35ad20fc8dc,max3sat,compilation,test,selective_vs_matched_random_selective,compiled_two_qubit_gates,not_applicable,not_applicable,all_to_all_reference,0.05454545454545454,low,0.33333333333333337,intermediate,0.5833333333333334,12,5,25,5,72.0,94.4,0.23728813559322037,0.23728813559322037,0.23728813559322037,0.05,help,paired_normal_interval_by_transpiler_seed,pass,,9d124ad72c0fe2b841fbfc927ec45c35cb413a6a0e01baada17f1025709d315c,9626c07cf4ccf3251a3585a4b367551c7a78f57218970c0d71f73f221adea5d3,e3ade62c2d1568a6686439927f821e8d4321e46286156daf59fd75b31c85a222,749d39f68d29d796da0060f6c180c3306254979e
inst_d14cd6885001ea20ec547911c34c72177f32f5b9a45bc6fab58ee35ad20fc8dc,max3sat,compilation,test,selective_vs_matched_random_selective,compiled_two_qubit_gates,not_applicable,not_applicable,device_sparse_v1,0.05454545454545454,low,0.33333333333333337,intermediate,0.5833333333333334,12,5,25,0,,,,,,0.05,not_estimable,not_estimable_expected_width_infeasible,expected_infeasible,width_exceeds_frozen_sparse_topology,9d124ad72c0fe2b841fbfc927ec45c35cb413a6a0e01baada17f1025709d315c,9626c07cf4ccf3251a3585a4b367551c7a78f57218970c0d71f73f221adea5d3,e3ade62c2d1568a6686439927f821e8d4321e46286156daf59fd75b31c85a222,749d39f68d29d796da0060f6c180c3306254979e
inst_d14cd6885001ea20ec547911c34c72177f32f5b9a45bc6fab58ee35ad20fc8dc,max3sat,compilation,test,selective_vs_matched_random_selective,routing_overhead,not_applicable,not_applicable,all_to_all_reference,0.05454545454545454,low,0.33333333333333337,intermediate,0.5833333333333334,12,5,25,5,0.0,0.0,0.0,0.0,0.0,0.05,little_effect,paired_normal_interval_by_transpiler_seed,pass,,9d124ad72c0fe2b841fbfc927ec45c35cb413a6a0e01baada17f1025709d315c,9626c07cf4ccf3251a3585a4b367551c7a78f57218970c0d71f73f221adea5d3,e3ade62c2d1568a6686439927f821e8d4321e46286156daf59fd75b31c85a222,749d39f68d29d796da0060f6c180c3306254979e
inst_d14cd6885001ea20ec547911c34c72177f32f5b9a45bc6fab58ee35ad20fc8dc,max3sat,compilation,test,selective_vs_matched_random_selective,routing_overhead,not_applicable,not_applicable,device_sparse_v1,0.05454545454545454,low,0.33333333333333337,intermediate,0.5833333333333334,12,5,25,0,,,,,,0.05,not_estimable,not_estimable_expected_width_infeasible,expected_infeasible,width_exceeds_frozen_sparse_topology,9d124ad72c0fe2b841fbfc927ec45c35cb413a6a0e01baada17f1025709d315c,9626c07cf4ccf3251a3585a4b367551c7a78f57218970c0d71f73f221adea5d3,e3ade62c2d1568a6686439927f821e8d4321e46286156daf59fd75b31c85a222,749d39f68d29d796da0060f6c180c3306254979e
inst_d28d32be2aa609b3d4a6fd9bbfb880e2b75cff8400d2467930452c7f49defb3d,max3sat,compilation,test,selective_vs_matched_random_selective,compiled_two_qubit_depth,not_applicable,not_applicable,all_to_all_reference,0.10909090909090909,intermediate,0.33333333333333337,intermediate,0.4166666666666667,12,5,25,5,61.0,91.6,0.334061135371179,0.334061135371179,0.334061135371179,0.05,help,paired_normal_interval_by_transpiler_seed,pass,,9d124ad72c0fe2b841fbfc927ec45c35cb413a6a0e01baada17f1025709d315c,9626c07cf4ccf3251a3585a4b367551c7a78f57218970c0d71f73f221adea5d3,e3ade62c2d1568a6686439927f821e8d4321e46286156daf59fd75b31c85a222,749d39f68d29d796da0060f6c180c3306254979e
inst_d28d32be2aa609b3d4a6fd9bbfb880e2b75cff8400d2467930452c7f49defb3d,max3sat,compilation,test,selective_vs_matched_random_selective,compiled_two_qubit_depth,not_applicable,not_applicable,device_sparse_v1,0.10909090909090909,intermediate,0.33333333333333337,intermediate,0.4166666666666667,12,5,25,0,,,,,,0.05,not_estimable,not_estimable_expected_width_infeasible,expected_infeasible,width_exceeds_frozen_sparse_topology,9d124ad72c0fe2b841fbfc927ec45c35cb413a6a0e01baada17f1025709d315c,9626c07cf4ccf3251a3585a4b367551c7a78f57218970c0d71f73f221adea5d3,e3ade62c2d1568a6686439927f821e8d4321e46286156daf59fd75b31c85a222,749d39f68d29d796da0060f6c180c3306254979e
inst_d28d32be2aa609b3d4a6fd9bbfb880e2b75cff8400d2467930452c7f49defb3d,max3sat,compilation,test,selective_vs_matched_random_selective,compiled_two_qubit_gates,not_applicable,not_applicable,all_to_all_reference,0.10909090909090909,intermediate,0.33333333333333337,intermediate,0.4166666666666667,12,5,25,5,164.0,194.4,0.1563786008230453,0.1563786008230453,0.1563786008230453,0.05,help,paired_normal_interval_by_transpiler_seed,pass,,9d124ad72c0fe2b841fbfc927ec45c35cb413a6a0e01baada17f1025709d315c,9626c07cf4ccf3251a3585a4b367551c7a78f57218970c0d71f73f221adea5d3,e3ade62c2d1568a6686439927f821e8d4321e46286156daf59fd75b31c85a222,749d39f68d29d796da0060f6c180c3306254979e
inst_d28d32be2aa609b3d4a6fd9bbfb880e2b75cff8400d2467930452c7f49defb3d,max3sat,compilation,test,selective_vs_matched_random_selective,compiled_two_qubit_gates,not_applicable,not_applicable,device_sparse_v1,0.10909090909090909,intermediate,0.33333333333333337,intermediate,0.4166666666666667,12,5,25,0,,,,,,0.05,not_estimable,not_estimable_expected_width_infeasible,expected_infeasible,width_exceeds_frozen_sparse_topology,9d124ad72c0fe2b841fbfc927ec45c35cb413a6a0e01baada17f1025709d315c,9626c07cf4ccf3251a3585a4b367551c7a78f57218970c0d71f73f221adea5d3,e3ade62c2d1568a6686439927f821e8d4321e46286156daf59fd75b31c85a222,749d39f68d29d796da0060f6c180c3306254979e
inst_d28d32be2aa609b3d4a6fd9bbfb880e2b75cff8400d2467930452c7f49defb3d,max3sat,compilation,test,selective_vs_matched_random_selective,routing_overhead,not_applicable,not_applicable,all_to_all_reference,0.10909090909090909,intermediate,0.33333333333333337,intermediate,0.4166666666666667,12,5,25,5,0.0,0.0,0.0,0.0,0.0,0.05,little_effect,paired_normal_interval_by_transpiler_seed,pass,,9d124ad72c0fe2b841fbfc927ec45c35cb413a6a0e01baada17f1025709d315c,9626c07cf4ccf3251a3585a4b367551c7a78f57218970c0d71f73f221adea5d3,e3ade62c2d1568a6686439927f821e8d4321e46286156daf59fd75b31c85a222,749d39f68d29d796da0060f6c180c3306254979e
inst_d28d32be2aa609b3d4a6fd9bbfb880e2b75cff8400d2467930452c7f49defb3d,max3sat,compilation,test,selective_vs_matched_random_selective,routing_overhead,not_applicable,not_applicable,device_sparse_v1,0.10909090909090909,intermediate,0.33333333333333337,intermediate,0.4166666666666667,12,5,25,0,,,,,,0.05,not_estimable,not_estimable_expected_width_infeasible,expected_infeasible,width_exceeds_frozen_sparse_topology,9d124ad72c0fe2b841fbfc927ec45c35cb413a6a0e01baada17f1025709d315c,9626c07cf4ccf3251a3585a4b367551c7a78f57218970c0d71f73f221adea5d3,e3ade62c2d1568a6686439927f821e8d4321e46286156daf59fd75b31c85a222,749d39f68d29d796da0060f6c180c3306254979e
inst_d8d3130ca62f78d970e6558b2f60e1cac4ac8fb32dab01f61ab1ad5e2251a4ca,max3sat,compilation,test,selective_vs_matched_random_selective,compiled_two_qubit_depth,not_applicable,not_applicable,all_to_all_reference,0.05909090909090909,low,0.41025641025641024,intermediate,0.6153846153846154,12,5,25,5,40.0,73.8,0.45799457994579945,0.45799457994579945,0.45799457994579945,0.05,help,paired_normal_interval_by_transpiler_seed,pass,,9d124ad72c0fe2b841fbfc927ec45c35cb413a6a0e01baada17f1025709d315c,9626c07cf4ccf3251a3585a4b367551c7a78f57218970c0d71f73f221adea5d3,e3ade62c2d1568a6686439927f821e8d4321e46286156daf59fd75b31c85a222,749d39f68d29d796da0060f6c180c3306254979e
inst_d8d3130ca62f78d970e6558b2f60e1cac4ac8fb32dab01f61ab1ad5e2251a4ca,max3sat,compilation,test,selective_vs_matched_random_selective,compiled_two_qubit_depth,not_applicable,not_applicable,device_sparse_v1,0.05909090909090909,low,0.41025641025641024,intermediate,0.6153846153846154,12,5,25,0,,,,,,0.05,not_estimable,not_estimable_expected_width_infeasible,expected_infeasible,width_exceeds_frozen_sparse_topology,9d124ad72c0fe2b841fbfc927ec45c35cb413a6a0e01baada17f1025709d315c,9626c07cf4ccf3251a3585a4b367551c7a78f57218970c0d71f73f221adea5d3,e3ade62c2d1568a6686439927f821e8d4321e46286156daf59fd75b31c85a222,749d39f68d29d796da0060f6c180c3306254979e
inst_d8d3130ca62f78d970e6558b2f60e1cac4ac8fb32dab01f61ab1ad5e2251a4ca,max3sat,compilation,test,selective_vs_matched_random_selective,compiled_two_qubit_gates,not_applicable,not_applicable,all_to_all_reference,0.05909090909090909,low,0.41025641025641024,intermediate,0.6153846153846154,12,5,25,5,76.0,102.8,0.2607003891050583,0.2607003891050583,0.2607003891050583,0.05,help,paired_normal_interval_by_transpiler_seed,pass,,9d124ad72c0fe2b841fbfc927ec45c35cb413a6a0e01baada17f1025709d315c,9626c07cf4ccf3251a3585a4b367551c7a78f57218970c0d71f73f221adea5d3,e3ade62c2d1568a6686439927f821e8d4321e46286156daf59fd75b31c85a222,749d39f68d29d796da0060f6c180c3306254979e
inst_d8d3130ca62f78d970e6558b2f60e1cac4ac8fb32dab01f61ab1ad5e2251a4ca,max3sat,compilation,test,selective_vs_matched_random_selective,compiled_two_qubit_gates,not_applicable,not_applicable,device_sparse_v1,0.05909090909090909,low,0.41025641025641024,intermediate,0.6153846153846154,12,5,25,0,,,,,,0.05,not_estimable,not_estimable_expected_width_infeasible,expected_infeasible,width_exceeds_frozen_sparse_topology,9d124ad72c0fe2b841fbfc927ec45c35cb413a6a0e01baada17f1025709d315c,9626c07cf4ccf3251a3585a4b367551c7a78f57218970c0d71f73f221adea5d3,e3ade62c2d1568a6686439927f821e8d4321e46286156daf59fd75b31c85a222,749d39f68d29d796da0060f6c180c3306254979e
inst_d8d3130ca62f78d970e6558b2f60e1cac4ac8fb32dab01f61ab1ad5e2251a4ca,max3sat,compilation,test,selective_vs_matched_random_selective,routing_overhead,not_applicable,not_applicable,all_to_all_reference,0.05909090909090909,low,0.41025641025641024,intermediate,0.6153846153846154,12,5,25,5,0.0,0.0,0.0,0.0,0.0,0.05,little_effect,paired_normal_interval_by_transpiler_seed,pass,,9d124ad72c0fe2b841fbfc927ec45c35cb413a6a0e01baada17f1025709d315c,9626c07cf4ccf3251a3585a4b367551c7a78f57218970c0d71f73f221adea5d3,e3ade62c2d1568a6686439927f821e8d4321e46286156daf59fd75b31c85a222,749d39f68d29d796da0060f6c180c3306254979e
inst_d8d3130ca62f78d970e6558b2f60e1cac4ac8fb32dab01f61ab1ad5e2251a4ca,max3sat,compilation,test,selective_vs_matched_random_selective,routing_overhead,not_applicable,not_applicable,device_sparse_v1,0.05909090909090909,low,0.41025641025641024,intermediate,0.6153846153846154,12,5,25,0,,,,,,0.05,not_estimable,not_estimable_expected_width_infeasible,expected_infeasible,width_exceeds_frozen_sparse_topology,9d124ad72c0fe2b841fbfc927ec45c35cb413a6a0e01baada17f1025709d315c,9626c07cf4ccf3251a3585a4b367551c7a78f57218970c0d71f73f221adea5d3,e3ade62c2d1568a6686439927f821e8d4321e46286156daf59fd75b31c85a222,749d39f68d29d796da0060f6c180c3306254979e
inst_e1f8e13043f499d41df3b5c890c92c00a77684a2c4285714cb80815404be8ce3,max3sat,compilation,test,selective_vs_matched_random_selective,compiled_two_qubit_depth,not_applicable,not_applicable,all_to_all_reference,0.10087719298245613,intermediate,0.5304347826086957,high,0.43478260869565216,20,5,25,5,200.0,278.2,0.28109273903666426,0.28109273903666426,0.28109273903666426,0.05,help,paired_normal_interval_by_transpiler_seed,pass,,9d124ad72c0fe2b841fbfc927ec45c35cb413a6a0e01baada17f1025709d315c,9626c07cf4ccf3251a3585a4b367551c7a78f57218970c0d71f73f221adea5d3,e3ade62c2d1568a6686439927f821e8d4321e46286156daf59fd75b31c85a222,749d39f68d29d796da0060f6c180c3306254979e
inst_e1f8e13043f499d41df3b5c890c92c00a77684a2c4285714cb80815404be8ce3,max3sat,compilation,test,selective_vs_matched_random_selective,compiled_two_qubit_depth,not_applicable,not_applicable,device_sparse_v1,0.10087719298245613,intermediate,0.5304347826086957,high,0.43478260869565216,20,5,25,0,,,,,,0.05,not_estimable,not_estimable_expected_width_infeasible,expected_infeasible,width_exceeds_frozen_sparse_topology,9d124ad72c0fe2b841fbfc927ec45c35cb413a6a0e01baada17f1025709d315c,9626c07cf4ccf3251a3585a4b367551c7a78f57218970c0d71f73f221adea5d3,e3ade62c2d1568a6686439927f821e8d4321e46286156daf59fd75b31c85a222,749d39f68d29d796da0060f6c180c3306254979e
inst_e1f8e13043f499d41df3b5c890c92c00a77684a2c4285714cb80815404be8ce3,max3sat,compilation,test,selective_vs_matched_random_selective,compiled_two_qubit_gates,not_applicable,not_applicable,all_to_all_reference,0.10087719298245613,intermediate,0.5304347826086957,high,0.43478260869565216,20,5,25,5,710.0,794.8,0.10669350780070452,0.10669350780070452,0.10669350780070452,0.05,help,paired_normal_interval_by_transpiler_seed,pass,,9d124ad72c0fe2b841fbfc927ec45c35cb413a6a0e01baada17f1025709d315c,9626c07cf4ccf3251a3585a4b367551c7a78f57218970c0d71f73f221adea5d3,e3ade62c2d1568a6686439927f821e8d4321e46286156daf59fd75b31c85a222,749d39f68d29d796da0060f6c180c3306254979e
inst_e1f8e13043f499d41df3b5c890c92c00a77684a2c4285714cb80815404be8ce3,max3sat,compilation,test,selective_vs_matched_random_selective,compiled_two_qubit_gates,not_applicable,not_applicable,device_sparse_v1,0.10087719298245613,intermediate,0.5304347826086957,high,0.43478260869565216,20,5,25,0,,,,,,0.05,not_estimable,not_estimable_expected_width_infeasible,expected_infeasible,width_exceeds_frozen_sparse_topology,9d124ad72c0fe2b841fbfc927ec45c35cb413a6a0e01baada17f1025709d315c,9626c07cf4ccf3251a3585a4b367551c7a78f57218970c0d71f73f221adea5d3,e3ade62c2d1568a6686439927f821e8d4321e46286156daf59fd75b31c85a222,749d39f68d29d796da0060f6c180c3306254979e
inst_e1f8e13043f499d41df3b5c890c92c00a77684a2c4285714cb80815404be8ce3,max3sat,compilation,test,selective_vs_matched_random_selective,routing_overhead,not_applicable,not_applicable,all_to_all_reference,0.10087719298245613,intermediate,0.5304347826086957,high,0.43478260869565216,20,5,25,5,0.0,0.0,0.0,0.0,0.0,0.05,little_effect,paired_normal_interval_by_transpiler_seed,pass,,9d124ad72c0fe2b841fbfc927ec45c35cb413a6a0e01baada17f1025709d315c,9626c07cf4ccf3251a3585a4b367551c7a78f57218970c0d71f73f221adea5d3,e3ade62c2d1568a6686439927f821e8d4321e46286156daf59fd75b31c85a222,749d39f68d29d796da0060f6c180c3306254979e
inst_e1f8e13043f499d41df3b5c890c92c00a77684a2c4285714cb80815404be8ce3,max3sat,compilation,test,selective_vs_matched_random_selective,routing_overhead,not_applicable,not_applicable,device_sparse_v1,0.10087719298245613,intermediate,0.5304347826086957,high,0.43478260869565216,20,5,25,0,,,,,,0.05,not_estimable,not_estimable_expected_width_infeasible,expected_infeasible,width_exceeds_frozen_sparse_topology,9d124ad72c0fe2b841fbfc927ec45c35cb413a6a0e01baada17f1025709d315c,9626c07cf4ccf3251a3585a4b367551c7a78f57218970c0d71f73f221adea5d3,e3ade62c2d1568a6686439927f821e8d4321e46286156daf59fd75b31c85a222,749d39f68d29d796da0060f6c180c3306254979e
inst_fe233b0fa65362c539986f27b2b50fec37a4040aa0be75b4b087e35a6e16696e,max3sat,compilation,test,selective_vs_matched_random_selective,compiled_two_qubit_depth,not_applicable,not_applicable,all_to_all_reference,0.1,intermediate,0.28787878787878785,low,0.6363636363636364,12,5,25,5,44.0,81.2,0.458128078817734,0.458128078817734,0.458128078817734,0.05,help,paired_normal_interval_by_transpiler_seed,pass,,9d124ad72c0fe2b841fbfc927ec45c35cb413a6a0e01baada17f1025709d315c,9626c07cf4ccf3251a3585a4b367551c7a78f57218970c0d71f73f221adea5d3,e3ade62c2d1568a6686439927f821e8d4321e46286156daf59fd75b31c85a222,749d39f68d29d796da0060f6c180c3306254979e
inst_fe233b0fa65362c539986f27b2b50fec37a4040aa0be75b4b087e35a6e16696e,max3sat,compilation,test,selective_vs_matched_random_selective,compiled_two_qubit_depth,not_applicable,not_applicable,device_sparse_v1,0.1,intermediate,0.28787878787878785,low,0.6363636363636364,12,5,25,0,,,,,,0.05,not_estimable,not_estimable_expected_width_infeasible,expected_infeasible,width_exceeds_frozen_sparse_topology,9d124ad72c0fe2b841fbfc927ec45c35cb413a6a0e01baada17f1025709d315c,9626c07cf4ccf3251a3585a4b367551c7a78f57218970c0d71f73f221adea5d3,e3ade62c2d1568a6686439927f821e8d4321e46286156daf59fd75b31c85a222,749d39f68d29d796da0060f6c180c3306254979e
inst_fe233b0fa65362c539986f27b2b50fec37a4040aa0be75b4b087e35a6e16696e,max3sat,compilation,test,selective_vs_matched_random_selective,compiled_two_qubit_gates,not_applicable,not_applicable,all_to_all_reference,0.1,intermediate,0.28787878787878785,low,0.6363636363636364,12,5,25,5,156.0,188.0,0.1702127659574468,0.1702127659574468,0.1702127659574468,0.05,help,paired_normal_interval_by_transpiler_seed,pass,,9d124ad72c0fe2b841fbfc927ec45c35cb413a6a0e01baada17f1025709d315c,9626c07cf4ccf3251a3585a4b367551c7a78f57218970c0d71f73f221adea5d3,e3ade62c2d1568a6686439927f821e8d4321e46286156daf59fd75b31c85a222,749d39f68d29d796da0060f6c180c3306254979e
inst_fe233b0fa65362c539986f27b2b50fec37a4040aa0be75b4b087e35a6e16696e,max3sat,compilation,test,selective_vs_matched_random_selective,compiled_two_qubit_gates,not_applicable,not_applicable,device_sparse_v1,0.1,intermediate,0.28787878787878785,low,0.6363636363636364,12,5,25,0,,,,,,0.05,not_estimable,not_estimable_expected_width_infeasible,expected_infeasible,width_exceeds_frozen_sparse_topology,9d124ad72c0fe2b841fbfc927ec45c35cb413a6a0e01baada17f1025709d315c,9626c07cf4ccf3251a3585a4b367551c7a78f57218970c0d71f73f221adea5d3,e3ade62c2d1568a6686439927f821e8d4321e46286156daf59fd75b31c85a222,749d39f68d29d796da0060f6c180c3306254979e
inst_fe233b0fa65362c539986f27b2b50fec37a4040aa0be75b4b087e35a6e16696e,max3sat,compilation,test,selective_vs_matched_random_selective,routing_overhead,not_applicable,not_applicable,all_to_all_reference,0.1,intermediate,0.28787878787878785,low,0.6363636363636364,12,5,25,5,0.0,0.0,0.0,0.0,0.0,0.05,little_effect,paired_normal_interval_by_transpiler_seed,pass,,9d124ad72c0fe2b841fbfc927ec45c35cb413a6a0e01baada17f1025709d315c,9626c07cf4ccf3251a3585a4b367551c7a78f57218970c0d71f73f221adea5d3,e3ade62c2d1568a6686439927f821e8d4321e46286156daf59fd75b31c85a222,749d39f68d29d796da0060f6c180c3306254979e
inst_fe233b0fa65362c539986f27b2b50fec37a4040aa0be75b4b087e35a6e16696e,max3sat,compilation,test,selective_vs_matched_random_selective,routing_overhead,not_applicable,not_applicable,device_sparse_v1,0.1,intermediate,0.28787878787878785,low,0.6363636363636364,12,5,25,0,,,,,,0.05,not_estimable,not_estimable_expected_width_infeasible,expected_infeasible,width_exceeds_frozen_sparse_topology,9d124ad72c0fe2b841fbfc927ec45c35cb413a6a0e01baada17f1025709d315c,9626c07cf4ccf3251a3585a4b367551c7a78f57218970c0d71f73f221adea5d3,e3ade62c2d1568a6686439927f821e8d4321e46286156daf59fd75b31c85a222,749d39f68d29d796da0060f6c180c3306254979e
inst_04204c7d862dcfca8e427f256f533fe1306d04cc8891110f908ad2c268e28c47,cubic_spin_glass,qaoa,test,selective_vs_matched_random_selective,qaoa_original_objective,equal_compiled_two_qubit_gates,equal_2q_budget_128,device_sparse_v1,0.3,high,0.33333333333333337,intermediate,0.3333333333333333,6,3,15,3,-2.54994039732512,-2.6267793367188474,-0.012806489898954658,-0.126121683448089,0.10050870365017969,0.01,little_effect,paired_normal_interval_by_restart,pass,,9d124ad72c0fe2b841fbfc927ec45c35cb413a6a0e01baada17f1025709d315c,801bd21b3dc8072237ed4eb68fd32a2cb9aff13978dac017718d438289958197,e3ade62c2d1568a6686439927f821e8d4321e46286156daf59fd75b31c85a222,749d39f68d29d796da0060f6c180c3306254979e
inst_04204c7d862dcfca8e427f256f533fe1306d04cc8891110f908ad2c268e28c47,cubic_spin_glass,qaoa,test,selective_vs_matched_random_selective,qaoa_original_objective,equal_compiled_two_qubit_gates,equal_2q_budget_256,device_sparse_v1,0.3,high,0.33333333333333337,intermediate,0.3333333333333333,6,3,15,3,-1.6296270698406203,-2.070692385536849,-0.07351088594937144,-0.16026030951120712,0.013238537612464255,0.01,little_effect,paired_normal_interval_by_restart,pass,,9d124ad72c0fe2b841fbfc927ec45c35cb413a6a0e01baada17f1025709d315c,801bd21b3dc8072237ed4eb68fd32a2cb9aff13978dac017718d438289958197,e3ade62c2d1568a6686439927f821e8d4321e46286156daf59fd75b31c85a222,749d39f68d29d796da0060f6c180c3306254979e
inst_04204c7d862dcfca8e427f256f533fe1306d04cc8891110f908ad2c268e28c47,cubic_spin_glass,qaoa,test,selective_vs_matched_random_selective,qaoa_original_objective,equal_layer,equal_layer_p1,device_sparse_v1,0.3,high,0.33333333333333337,intermediate,0.3333333333333333,6,3,15,3,-1.1916397361527988,-1.892751754964533,-0.116852003135289,-0.3294707064008062,0.09576670013022824,0.01,little_effect,paired_normal_interval_by_restart,pass,,9d124ad72c0fe2b841fbfc927ec45c35cb413a6a0e01baada17f1025709d315c,801bd21b3dc8072237ed4eb68fd32a2cb9aff13978dac017718d438289958197,e3ade62c2d1568a6686439927f821e8d4321e46286156daf59fd75b31c85a222,749d39f68d29d796da0060f6c180c3306254979e
inst_04204c7d862dcfca8e427f256f533fe1306d04cc8891110f908ad2c268e28c47,cubic_spin_glass,qaoa,test,selective_vs_matched_random_selective,qaoa_original_objective,equal_layer,equal_layer_p2,device_sparse_v1,0.3,high,0.33333333333333337,intermediate,0.3333333333333333,6,3,15,3,-2.326790324301376,-2.2625297063985905,0.010710102983797537,-0.01945913184980272,0.0408793378173978,0.01,little_effect,paired_normal_interval_by_restart,pass,,9d124ad72c0fe2b841fbfc927ec45c35cb413a6a0e01baada17f1025709d315c,801bd21b3dc8072237ed4eb68fd32a2cb9aff13978dac017718d438289958197,e3ade62c2d1568a6686439927f821e8d4321e46286156daf59fd75b31c85a222,749d39f68d29d796da0060f6c180c3306254979e
inst_26a052729d9fe21627fd092781c37a97ef6dd9c8af4c37f19bcf581ae13425de,cubic_spin_glass,qaoa,test,selective_vs_matched_random_selective,qaoa_original_objective,equal_compiled_two_qubit_gates,equal_2q_budget_128,device_sparse_v1,0.6,high,0.6111111111111112,high,0.4166666666666667,6,3,15,3,-1.2071074379041273,-2.0757985165935753,-0.0868691078689448,-0.15864914675190922,-0.015089068985980406,0.01,hurt,paired_normal_interval_by_restart,pass,,9d124ad72c0fe2b841fbfc927ec45c35cb413a6a0e01baada17f1025709d315c,801bd21b3dc8072237ed4eb68fd32a2cb9aff13978dac017718d438289958197,e3ade62c2d1568a6686439927f821e8d4321e46286156daf59fd75b31c85a222,749d39f68d29d796da0060f6c180c3306254979e
inst_26a052729d9fe21627fd092781c37a97ef6dd9c8af4c37f19bcf581ae13425de,cubic_spin_glass,qaoa,test,selective_vs_matched_random_selective,qaoa_original_objective,equal_compiled_two_qubit_gates,equal_2q_budget_256,device_sparse_v1,0.6,high,0.6111111111111112,high,0.4166666666666667,6,3,15,3,-2.808322926385511,-3.28183908938447,-0.04735161629989599,-0.255858322559455,0.16115508995966304,0.01,little_effect,paired_normal_interval_by_restart,pass,,9d124ad72c0fe2b841fbfc927ec45c35cb413a6a0e01baada17f1025709d315c,801bd21b3dc8072237ed4eb68fd32a2cb9aff13978dac017718d438289958197,e3ade62c2d1568a6686439927f821e8d4321e46286156daf59fd75b31c85a222,749d39f68d29d796da0060f6c180c3306254979e
inst_26a052729d9fe21627fd092781c37a97ef6dd9c8af4c37f19bcf581ae13425de,cubic_spin_glass,qaoa,test,selective_vs_matched_random_selective,qaoa_original_objective,equal_layer,equal_layer_p1,device_sparse_v1,0.6,high,0.6111111111111112,high,0.4166666666666667,6,3,15,3,-1.667957948180846,-2.1330623292373576,-0.04651043810565119,-0.20022071560658833,0.10719983939528593,0.01,little_effect,paired_normal_interval_by_restart,pass,,9d124ad72c0fe2b841fbfc927ec45c35cb413a6a0e01baada17f1025709d315c,801bd21b3dc8072237ed4eb68fd32a2cb9aff13978dac017718d438289958197,e3ade62c2d1568a6686439927f821e8d4321e46286156daf59fd75b31c85a222,749d39f68d29d796da0060f6c180c3306254979e
inst_26a052729d9fe21627fd092781c37a97ef6dd9c8af4c37f19bcf581ae13425de,cubic_spin_glass,qaoa,test,selective_vs_matched_random_selective,qaoa_original_objective,equal_layer,equal_layer_p2,device_sparse_v1,0.6,high,0.6111111111111112,high,0.4166666666666667,6,3,15,3,-2.3218039259393253,-2.4106989675933845,-0.00888950416540592,-0.058768484730870055,0.04098947640005822,0.01,little_effect,paired_normal_interval_by_restart,pass,,9d124ad72c0fe2b841fbfc927ec45c35cb413a6a0e01baada17f1025709d315c,801bd21b3dc8072237ed4eb68fd32a2cb9aff13978dac017718d438289958197,e3ade62c2d1568a6686439927f821e8d4321e46286156daf59fd75b31c85a222,749d39f68d29d796da0060f6c180c3306254979e
inst_68182ec61906beaeaf985399446793651206286ca861e2884f2f8538db8f65f6,cubic_spin_glass,qaoa,test,selective_vs_matched_random_selective,qaoa_original_objective,equal_compiled_two_qubit_gates,equal_2q_budget_128,device_sparse_v1,0.3,high,0.33333333333333337,intermediate,0.5,6,3,15,3,-2.6843826683187455,-2.4281897656796128,0.06404822565978315,-0.014330756205702108,0.14242720752526838,0.01,little_effect,paired_normal_interval_by_restart,pass,,9d124ad72c0fe2b841fbfc927ec45c35cb413a6a0e01baada17f1025709d315c,801bd21b3dc8072237ed4eb68fd32a2cb9aff13978dac017718d438289958197,e3ade62c2d1568a6686439927f821e8d4321e46286156daf59fd75b31c85a222,749d39f68d29d796da0060f6c180c3306254979e
inst_68182ec61906beaeaf985399446793651206286ca861e2884f2f8538db8f65f6,cubic_spin_glass,qaoa,test,selective_vs_matched_random_selective,qaoa_original_objective,equal_compiled_two_qubit_gates,equal_2q_budget_256,device_sparse_v1,0.3,high,0.33333333333333337,intermediate,0.5,6,3,15,3,-2.025232158327501,-2.094121710995398,-0.017222388166974228,-0.2723186721032297,0.23787389576928122,0.01,little_effect,paired_normal_interval_by_restart,pass,,9d124ad72c0fe2b841fbfc927ec45c35cb413a6a0e01baada17f1025709d315c,801bd21b3dc8072237ed4eb68fd32a2cb9aff13978dac017718d438289958197,e3ade62c2d1568a6686439927f821e8d4321e46286156daf59fd75b31c85a222,749d39f68d29d796da0060f6c180c3306254979e
inst_68182ec61906beaeaf985399446793651206286ca861e2884f2f8538db8f65f6,cubic_spin_glass,qaoa,test,selective_vs_matched_random_selective,qaoa_original_objective,equal_layer,equal_layer_p1,device_sparse_v1,0.3,high,0.33333333333333337,intermediate,0.5,6,3,15,3,-1.4151762403865913,-1.7793992098756497,-0.09105574237226456,-0.30888214497957905,0.12677066023504996,0.01,little_effect,paired_normal_interval_by_restart,pass,,9d124ad72c0fe2b841fbfc927ec45c35cb413a6a0e01baada17f1025709d315c,801bd21b3dc8072237ed4eb68fd32a2cb9aff13978dac017718d438289958197,e3ade62c2d1568a6686439927f821e8d4321e46286156daf59fd75b31c85a222,749d39f68d29d796da0060f6c180c3306254979e
inst_68182ec61906beaeaf985399446793651206286ca861e2884f2f8538db8f65f6,cubic_spin_glass,qaoa,test,selective_vs_matched_random_selective,qaoa_original_objective,equal_layer,equal_layer_p2,device_sparse_v1,0.3,high,0.33333333333333337,intermediate,0.5,6,3,15,3,-2.321232544195468,-2.2513682696812487,0.01746606862855486,-0.038272970332929396,0.07320510759003912,0.01,little_effect,paired_normal_interval_by_restart,pass,,9d124ad72c0fe2b841fbfc927ec45c35cb413a6a0e01baada17f1025709d315c,801bd21b3dc8072237ed4eb68fd32a2cb9aff13978dac017718d438289958197,e3ade62c2d1568a6686439927f821e8d4321e46286156daf59fd75b31c85a222,749d39f68d29d796da0060f6c180c3306254979e
inst_afdec9931581f1401d0b64eac7696464cbd188be6cf8c292ebc7f1d853f0ce57,cubic_spin_glass,qaoa,test,selective_vs_matched_random_selective,qaoa_original_objective,equal_compiled_two_qubit_gates,equal_2q_budget_128,device_sparse_v1,0.2857142857142857,high,0.5,high,0.4375,8,3,15,3,-2.7755575615628914e-17,-2.7755575615628914e-17,0.0,0.0,0.0,0.01,little_effect,paired_normal_interval_by_restart,pass,,9d124ad72c0fe2b841fbfc927ec45c35cb413a6a0e01baada17f1025709d315c,801bd21b3dc8072237ed4eb68fd32a2cb9aff13978dac017718d438289958197,e3ade62c2d1568a6686439927f821e8d4321e46286156daf59fd75b31c85a222,749d39f68d29d796da0060f6c180c3306254979e
inst_afdec9931581f1401d0b64eac7696464cbd188be6cf8c292ebc7f1d853f0ce57,cubic_spin_glass,qaoa,test,selective_vs_matched_random_selective,qaoa_original_objective,equal_compiled_two_qubit_gates,equal_2q_budget_256,device_sparse_v1,0.2857142857142857,high,0.5,high,0.4375,8,3,15,3,-0.4411539371966313,-1.2472250623998442,-0.08060711252032127,-0.10302031624028213,-0.058193908800360405,0.01,hurt,paired_normal_interval_by_restart,pass,,9d124ad72c0fe2b841fbfc927ec45c35cb413a6a0e01baada17f1025709d315c,801bd21b3dc8072237ed4eb68fd32a2cb9aff13978dac017718d438289958197,e3ade62c2d1568a6686439927f821e8d4321e46286156daf59fd75b31c85a222,749d39f68d29d796da0060f6c180c3306254979e
inst_afdec9931581f1401d0b64eac7696464cbd188be6cf8c292ebc7f1d853f0ce57,cubic_spin_glass,qaoa,test,selective_vs_matched_random_selective,qaoa_original_objective,equal_layer,equal_layer_p1,device_sparse_v1,0.2857142857142857,high,0.5,high,0.4375,8,3,15,3,-1.1192037275472553,-1.14387520194877,-0.002467147440151462,-0.03499842736076565,0.03006413248046273,0.01,little_effect,paired_normal_interval_by_restart,pass,,9d124ad72c0fe2b841fbfc927ec45c35cb413a6a0e01baada17f1025709d315c,801bd21b3dc8072237ed4eb68fd32a2cb9aff13978dac017718d438289958197,e3ade62c2d1568a6686439927f821e8d4321e46286156daf59fd75b31c85a222,749d39f68d29d796da0060f6c180c3306254979e
inst_afdec9931581f1401d0b64eac7696464cbd188be6cf8c292ebc7f1d853f0ce57,cubic_spin_glass,qaoa,test,selective_vs_matched_random_selective,qaoa_original_objective,equal_layer,equal_layer_p2,device_sparse_v1,0.2857142857142857,high,0.5,high,0.4375,8,3,15,3,-0.7059093794561759,-1.3166336874834508,-0.061072430802727486,-0.11993643407803992,-0.002208427527415048,0.01,little_effect,paired_normal_interval_by_restart,pass,,9d124ad72c0fe2b841fbfc927ec45c35cb413a6a0e01baada17f1025709d315c,801bd21b3dc8072237ed4eb68fd32a2cb9aff13978dac017718d438289958197,e3ade62c2d1568a6686439927f821e8d4321e46286156daf59fd75b31c85a222,749d39f68d29d796da0060f6c180c3306254979e
inst_b1f9b7e0ac3bdb4a518d06f4c72df0221c8ecb3cd602913bd3240c52f03270bb,cubic_spin_glass,qaoa,test,selective_vs_matched_random_selective,qaoa_original_objective,equal_compiled_two_qubit_gates,equal_2q_budget_128,device_sparse_v1,1.0,high,0.75,high,0.2,6,3,15,3,1.3877787807814457e-17,1.3877787807814457e-17,0.0,0.0,0.0,0.01,little_effect,paired_normal_interval_by_restart,pass,,9d124ad72c0fe2b841fbfc927ec45c35cb413a6a0e01baada17f1025709d315c,801bd21b3dc8072237ed4eb68fd32a2cb9aff13978dac017718d438289958197,e3ade62c2d1568a6686439927f821e8d4321e46286156daf59fd75b31c85a222,749d39f68d29d796da0060f6c180c3306254979e
inst_b1f9b7e0ac3bdb4a518d06f4c72df0221c8ecb3cd602913bd3240c52f03270bb,cubic_spin_glass,qaoa,test,selective_vs_matched_random_selective,qaoa_original_objective,equal_compiled_two_qubit_gates,equal_2q_budget_256,device_sparse_v1,1.0,high,0.75,high,0.2,6,3,15,3,-1.2389150249454766,-0.8875393653633458,0.029281304965177574,-0.022809548803732402,0.08137215873408755,0.01,little_effect,paired_normal_interval_by_restart,pass,,9d124ad72c0fe2b841fbfc927ec45c35cb413a6a0e01baada17f1025709d315c,801bd21b3dc8072237ed4eb68fd32a2cb9aff13978dac017718d438289958197,e3ade62c2d1568a6686439927f821e8d4321e46286156daf59fd75b31c85a222,749d39f68d29d796da0060f6c180c3306254979e
inst_b1f9b7e0ac3bdb4a518d06f4c72df0221c8ecb3cd602913bd3240c52f03270bb,cubic_spin_glass,qaoa,test,selective_vs_matched_random_selective,qaoa_original_objective,equal_layer,equal_layer_p1,device_sparse_v1,1.0,high,0.75,high,0.2,6,3,15,3,-1.0930192725639782,-0.6987743901587644,0.032853740200434495,-0.02853700986760426,0.09424449026847326,0.01,little_effect,paired_normal_interval_by_restart,pass,,9d124ad72c0fe2b841fbfc927ec45c35cb413a6a0e01baada17f1025709d315c,801bd21b3dc8072237ed4eb68fd32a2cb9aff13978dac017718d438289958197,e3ade62c2d1568a6686439927f821e8d4321e46286156daf59fd75b31c85a222,749d39f68d29d796da0060f6c180c3306254979e
inst_b1f9b7e0ac3bdb4a518d06f4c72df0221c8ecb3cd602913bd3240c52f03270bb,cubic_spin_glass,qaoa,test,selective_vs_matched_random_selective,qaoa_original_objective,equal_layer,equal_layer_p2,device_sparse_v1,1.0,high,0.75,high,0.2,6,3,15,3,-1.7236940762179522,-0.9908151578093543,0.06107324320071652,-0.010812498220849377,0.13295898462228242,0.01,little_effect,paired_normal_interval_by_restart,pass,,9d124ad72c0fe2b841fbfc927ec45c35cb413a6a0e01baada17f1025709d315c,801bd21b3dc8072237ed4eb68fd32a2cb9aff13978dac017718d438289958197,e3ade62c2d1568a6686439927f821e8d4321e46286156daf59fd75b31c85a222,749d39f68d29d796da0060f6c180c3306254979e
inst_f464a6017aeb643faf87ab97342075e0e3183e3dbc6b4c602ebe7274fdf6ba78,cubic_spin_glass,qaoa,test,selective_vs_matched_random_selective,qaoa_original_objective,equal_compiled_two_qubit_gates,equal_2q_budget_128,device_sparse_v1,0.3,high,0.38888888888888884,intermediate,0.6666666666666666,6,3,15,3,-2.2855816212818376,-2.4761796470832294,-0.047649506450347934,-0.32842995455020185,0.23313094164950598,0.01,little_effect,paired_normal_interval_by_restart,pass,,9d124ad72c0fe2b841fbfc927ec45c35cb413a6a0e01baada17f1025709d315c,801bd21b3dc8072237ed4eb68fd32a2cb9aff13978dac017718d438289958197,e3ade62c2d1568a6686439927f821e8d4321e46286156daf59fd75b31c85a222,749d39f68d29d796da0060f6c180c3306254979e
inst_f464a6017aeb643faf87ab97342075e0e3183e3dbc6b4c602ebe7274fdf6ba78,cubic_spin_glass,qaoa,test,selective_vs_matched_random_selective,qaoa_original_objective,equal_compiled_two_qubit_gates,equal_2q_budget_256,device_sparse_v1,0.3,high,0.38888888888888884,intermediate,0.6666666666666666,6,3,15,3,-1.625150571485784,-2.3222402047049764,-0.17427240830479815,-0.3092229625683851,-0.03932185404121122,0.01,hurt,paired_normal_interval_by_restart,pass,,9d124ad72c0fe2b841fbfc927ec45c35cb413a6a0e01baada17f1025709d315c,801bd21b3dc8072237ed4eb68fd32a2cb9aff13978dac017718d438289958197,e3ade62c2d1568a6686439927f821e8d4321e46286156daf59fd75b31c85a222,749d39f68d29d796da0060f6c180c3306254979e
inst_f464a6017aeb643faf87ab97342075e0e3183e3dbc6b4c602ebe7274fdf6ba78,cubic_spin_glass,qaoa,test,selective_vs_matched_random_selective,qaoa_original_objective,equal_layer,equal_layer_p1,device_sparse_v1,0.3,high,0.38888888888888884,intermediate,0.6666666666666666,6,3,15,3,-1.8851139755308808,-2.1053453022622213,-0.055057831682835144,-0.23839746784407745,0.12828180447840715,0.01,little_effect,paired_normal_interval_by_restart,pass,,9d124ad72c0fe2b841fbfc927ec45c35cb413a6a0e01baada17f1025709d315c,801bd21b3dc8072237ed4eb68fd32a2cb9aff13978dac017718d438289958197,e3ade62c2d1568a6686439927f821e8d4321e46286156daf59fd75b31c85a222,749d39f68d29d796da0060f6c180c3306254979e
inst_f464a6017aeb643faf87ab97342075e0e3183e3dbc6b4c602ebe7274fdf6ba78,cubic_spin_glass,qaoa,test,selective_vs_matched_random_selective,qaoa_original_objective,equal_layer,equal_layer_p2,device_sparse_v1,0.3,high,0.38888888888888884,intermediate,0.6666666666666666,6,3,15,3,-1.673989562477974,-2.286078191877833,-0.1530221573499648,-0.382481697434141,0.07643738273421141,0.01,little_effect,paired_normal_interval_by_restart,pass,,9d124ad72c0fe2b841fbfc927ec45c35cb413a6a0e01baada17f1025709d315c,801bd21b3dc8072237ed4eb68fd32a2cb9aff13978dac017718d438289958197,e3ade62c2d1568a6686439927f821e8d4321e46286156daf59fd75b31c85a222,749d39f68d29d796da0060f6c180c3306254979e
inst_fb5096b47436e44ba8bef4d03307537a82350020c40b1ec2439a544f1ab23349,cubic_spin_glass,qaoa,test,selective_vs_matched_random_selective,qaoa_original_objective,equal_compiled_two_qubit_gates,equal_2q_budget_128,device_sparse_v1,0.14285714285714285,intermediate,0.33333333333333337,intermediate,0.625,8,3,15,3,-3.5328343077409072,-3.2099503109842713,0.040360499594579435,-0.01423804681565894,0.0949590460048178,0.01,little_effect,paired_normal_interval_by_restart,pass,,9d124ad72c0fe2b841fbfc927ec45c35cb413a6a0e01baada17f1025709d315c,801bd21b3dc8072237ed4eb68fd32a2cb9aff13978dac017718d438289958197,e3ade62c2d1568a6686439927f821e8d4321e46286156daf59fd75b31c85a222,749d39f68d29d796da0060f6c180c3306254979e
inst_fb5096b47436e44ba8bef4d03307537a82350020c40b1ec2439a544f1ab23349,cubic_spin_glass,qaoa,test,selective_vs_matched_random_selective,qaoa_original_objective,equal_compiled_two_qubit_gates,equal_2q_budget_256,device_sparse_v1,0.14285714285714285,intermediate,0.33333333333333337,intermediate,0.625,8,3,15,3,-2.6329670070826663,-2.9763432647069625,-0.042922032203037065,-0.1694567209004991,0.08361265649442498,0.01,little_effect,paired_normal_interval_by_restart,pass,,9d124ad72c0fe2b841fbfc927ec45c35cb413a6a0e01baada17f1025709d315c,801bd21b3dc8072237ed4eb68fd32a2cb9aff13978dac017718d438289958197,e3ade62c2d1568a6686439927f821e8d4321e46286156daf59fd75b31c85a222,749d39f68d29d796da0060f6c180c3306254979e
inst_fb5096b47436e44ba8bef4d03307537a82350020c40b1ec2439a544f1ab23349,cubic_spin_glass,qaoa,test,selective_vs_matched_random_selective,qaoa_original_objective,equal_layer,equal_layer_p1,device_sparse_v1,0.14285714285714285,intermediate,0.33333333333333337,intermediate,0.625,8,3,15,3,-2.716163893113196,-2.444469773339958,0.0339617649716548,-0.038031335515346175,0.10595486545865576,0.01,little_effect,paired_normal_interval_by_restart,pass,,9d124ad72c0fe2b841fbfc927ec45c35cb413a6a0e01baada17f1025709d315c,801bd21b3dc8072237ed4eb68fd32a2cb9aff13978dac017718d438289958197,e3ade62c2d1568a6686439927f821e8d4321e46286156daf59fd75b31c85a222,749d39f68d29d796da0060f6c180c3306254979e
inst_fb5096b47436e44ba8bef4d03307537a82350020c40b1ec2439a544f1ab23349,cubic_spin_glass,qaoa,test,selective_vs_matched_random_selective,qaoa_original_objective,equal_layer,equal_layer_p2,device_sparse_v1,0.14285714285714285,intermediate,0.33333333333333337,intermediate,0.625,8,3,15,3,-2.693993967030849,-2.7567032422176045,-0.00783865939834442,-0.12272185576683123,0.10704453697014238,0.01,little_effect,paired_normal_interval_by_restart,pass,,9d124ad72c0fe2b841fbfc927ec45c35cb413a6a0e01baada17f1025709d315c,801bd21b3dc8072237ed4eb68fd32a2cb9aff13978dac017718d438289958197,e3ade62c2d1568a6686439927f821e8d4321e46286156daf59fd75b31c85a222,749d39f68d29d796da0060f6c180c3306254979e
inst_6386a5a1674291c3376f16cf10c8a127d668fed887d3581704ddfab01214aa0f,max3sat,qaoa,test,selective_vs_matched_random_selective,qaoa_original_objective,equal_compiled_two_qubit_gates,equal_2q_budget_128,device_sparse_v1,0.09166666666666666,intermediate,0.3939393939393939,intermediate,0.45454545454545453,10,3,15,3,7.6095486529316565,8.49515149291666,0.8856028399850041,-0.07048928267439347,1.8416949626444017,0.01,little_effect,paired_normal_interval_by_restart,pass,,9d124ad72c0fe2b841fbfc927ec45c35cb413a6a0e01baada17f1025709d315c,801bd21b3dc8072237ed4eb68fd32a2cb9aff13978dac017718d438289958197,e3ade62c2d1568a6686439927f821e8d4321e46286156daf59fd75b31c85a222,749d39f68d29d796da0060f6c180c3306254979e
inst_6386a5a1674291c3376f16cf10c8a127d668fed887d3581704ddfab01214aa0f,max3sat,qaoa,test,selective_vs_matched_random_selective,qaoa_original_objective,equal_compiled_two_qubit_gates,equal_2q_budget_256,device_sparse_v1,0.09166666666666666,intermediate,0.3939393939393939,intermediate,0.45454545454545453,10,3,15,3,7.650741416841697,6.925470635529959,-0.7252707813117375,-1.694851179221363,0.24430961659788797,0.01,little_effect,paired_normal_interval_by_restart,pass,,9d124ad72c0fe2b841fbfc927ec45c35cb413a6a0e01baada17f1025709d315c,801bd21b3dc8072237ed4eb68fd32a2cb9aff13978dac017718d438289958197,e3ade62c2d1568a6686439927f821e8d4321e46286156daf59fd75b31c85a222,749d39f68d29d796da0060f6c180c3306254979e
inst_6386a5a1674291c3376f16cf10c8a127d668fed887d3581704ddfab01214aa0f,max3sat,qaoa,test,selective_vs_matched_random_selective,qaoa_original_objective,equal_layer,equal_layer_p1,device_sparse_v1,0.09166666666666666,intermediate,0.3939393939393939,intermediate,0.45454545454545453,10,3,15,3,7.706515318830019,7.212293667218174,-0.49422165161184584,-0.5656487159480634,-0.4227945872756282,0.01,hurt,paired_normal_interval_by_restart,pass,,9d124ad72c0fe2b841fbfc927ec45c35cb413a6a0e01baada17f1025709d315c,801bd21b3dc8072237ed4eb68fd32a2cb9aff13978dac017718d438289958197,e3ade62c2d1568a6686439927f821e8d4321e46286156daf59fd75b31c85a222,749d39f68d29d796da0060f6c180c3306254979e
inst_6386a5a1674291c3376f16cf10c8a127d668fed887d3581704ddfab01214aa0f,max3sat,qaoa,test,selective_vs_matched_random_selective,qaoa_original_objective,equal_layer,equal_layer_p2,device_sparse_v1,0.09166666666666666,intermediate,0.3939393939393939,intermediate,0.45454545454545453,10,3,15,3,7.254505896777348,6.051441524426388,-1.2030643723509613,-1.5791564601477233,-0.8269722845541994,0.01,hurt,paired_normal_interval_by_restart,pass,,9d124ad72c0fe2b841fbfc927ec45c35cb413a6a0e01baada17f1025709d315c,801bd21b3dc8072237ed4eb68fd32a2cb9aff13978dac017718d438289958197,e3ade62c2d1568a6686439927f821e8d4321e46286156daf59fd75b31c85a222,749d39f68d29d796da0060f6c180c3306254979e
inst_6d175f46adaeddca794682ee19d5e6aeba5357c0cdcd37b731fcaa351e5b2594,max3sat,qaoa,test,selective_vs_matched_random_selective,qaoa_original_objective,equal_compiled_two_qubit_gates,equal_2q_budget_128,device_sparse_v1,0.21428571428571427,high,0.38888888888888884,intermediate,0.3333333333333333,8,3,15,3,16.72403378102588,18.375,1.6509662189741203,0.374161158706527,2.9277712792417137,0.01,help,paired_normal_interval_by_restart,pass,,9d124ad72c0fe2b841fbfc927ec45c35cb413a6a0e01baada17f1025709d315c,801bd21b3dc8072237ed4eb68fd32a2cb9aff13978dac017718d438289958197,e3ade62c2d1568a6686439927f821e8d4321e46286156daf59fd75b31c85a222,749d39f68d29d796da0060f6c180c3306254979e
inst_6d175f46adaeddca794682ee19d5e6aeba5357c0cdcd37b731fcaa351e5b2594,max3sat,qaoa,test,selective_vs_matched_random_selective,qaoa_original_objective,equal_compiled_two_qubit_gates,equal_2q_budget_256,device_sparse_v1,0.21428571428571427,high,0.38888888888888884,intermediate,0.3333333333333333,8,3,15,3,16.29069652128396,17.283437813447975,0.9927412921640156,-0.23069391058639843,2.21617649491443,0.01,little_effect,paired_normal_interval_by_restart,pass,,9d124ad72c0fe2b841fbfc927ec45c35cb413a6a0e01baada17f1025709d315c,801bd21b3dc8072237ed4eb68fd32a2cb9aff13978dac017718d438289958197,e3ade62c2d1568a6686439927f821e8d4321e46286156daf59fd75b31c85a222,749d39f68d29d796da0060f6c180c3306254979e
inst_6d175f46adaeddca794682ee19d5e6aeba5357c0cdcd37b731fcaa351e5b2594,max3sat,qaoa,test,selective_vs_matched_random_selective,qaoa_original_objective,equal_layer,equal_layer_p1,device_sparse_v1,0.21428571428571427,high,0.38888888888888884,intermediate,0.3333333333333333,8,3,15,3,17.927971370417712,16.99387657458648,-0.9340947958312308,-1.5745655334365223,-0.2936240582259393,0.01,hurt,paired_normal_interval_by_restart,pass,,9d124ad72c0fe2b841fbfc927ec45c35cb413a6a0e01baada17f1025709d315c,801bd21b3dc8072237ed4eb68fd32a2cb9aff13978dac017718d438289958197,e3ade62c2d1568a6686439927f821e8d4321e46286156daf59fd75b31c85a222,749d39f68d29d796da0060f6c180c3306254979e
inst_6d175f46adaeddca794682ee19d5e6aeba5357c0cdcd37b731fcaa351e5b2594,max3sat,qaoa,test,selective_vs_matched_random_selective,qaoa_original_objective,equal_layer,equal_layer_p2,device_sparse_v1,0.21428571428571427,high,0.38888888888888884,intermediate,0.3333333333333333,8,3,15,3,17.724992923456124,16.250749649877147,-1.474243273578977,-1.792915691636566,-1.155570855521388,0.01,hurt,paired_normal_interval_by_restart,pass,,9d124ad72c0fe2b841fbfc927ec45c35cb413a6a0e01baada17f1025709d315c,801bd21b3dc8072237ed4eb68fd32a2cb9aff13978dac017718d438289958197,e3ade62c2d1568a6686439927f821e8d4321e46286156daf59fd75b31c85a222,749d39f68d29d796da0060f6c180c3306254979e
inst_6e1b06d7ea43e3f3ea56b4d65c888b171b0b8e082d901f1993a38fcee8467025,max3sat,qaoa,test,selective_vs_matched_random_selective,qaoa_original_objective,equal_compiled_two_qubit_gates,equal_2q_budget_128,device_sparse_v1,0.85,high,0.7058823529411764,high,0.4117647058823529,6,3,15,3,13.25,13.25,0.0,0.0,0.0,0.01,little_effect,paired_normal_interval_by_restart,pass,,9d124ad72c0fe2b841fbfc927ec45c35cb413a6a0e01baada17f1025709d315c,801bd21b3dc8072237ed4eb68fd32a2cb9aff13978dac017718d438289958197,e3ade62c2d1568a6686439927f821e8d4321e46286156daf59fd75b31c85a222,749d39f68d29d796da0060f6c180c3306254979e
inst_6e1b06d7ea43e3f3ea56b4d65c888b171b0b8e082d901f1993a38fcee8467025,max3sat,qaoa,test,selective_vs_matched_random_selective,qaoa_original_objective,equal_compiled_two_qubit_gates,equal_2q_budget_256,device_sparse_v1,0.85,high,0.7058823529411764,high,0.4117647058823529,6,3,15,3,13.020671535946692,12.677633942744968,-0.3430375932017237,-0.6015669802695536,-0.08450820613389382,0.01,hurt,paired_normal_interval_by_restart,pass,,9d124ad72c0fe2b841fbfc927ec45c35cb413a6a0e01baada17f1025709d315c,801bd21b3dc8072237ed4eb68fd32a2cb9aff13978dac017718d438289958197,e3ade62c2d1568a6686439927f821e8d4321e46286156daf59fd75b31c85a222,749d39f68d29d796da0060f6c180c3306254979e
inst_6e1b06d7ea43e3f3ea56b4d65c888b171b0b8e082d901f1993a38fcee8467025,max3sat,qaoa,test,selective_vs_matched_random_selective,qaoa_original_objective,equal_layer,equal_layer_p1,device_sparse_v1,0.85,high,0.7058823529411764,high,0.4117647058823529,6,3,15,3,13.000424109396022,12.45625155168626,-0.5441725577097595,-1.0670245780730407,-0.021320537346478208,0.01,hurt,paired_normal_interval_by_restart,pass,,9d124ad72c0fe2b841fbfc927ec45c35cb413a6a0e01baada17f1025709d315c,801bd21b3dc8072237ed4eb68fd32a2cb9aff13978dac017718d438289958197,e3ade62c2d1568a6686439927f821e8d4321e46286156daf59fd75b31c85a222,749d39f68d29d796da0060f6c180c3306254979e
inst_6e1b06d7ea43e3f3ea56b4d65c888b171b0b8e082d901f1993a38fcee8467025,max3sat,qaoa,test,selective_vs_matched_random_selective,qaoa_original_objective,equal_layer,equal_layer_p2,device_sparse_v1,0.85,high,0.7058823529411764,high,0.4117647058823529,6,3,15,3,12.907646933068442,12.36443804741274,-0.543208885655701,-0.6578809188462038,-0.4285368524651983,0.01,hurt,paired_normal_interval_by_restart,pass,,9d124ad72c0fe2b841fbfc927ec45c35cb413a6a0e01baada17f1025709d315c,801bd21b3dc8072237ed4eb68fd32a2cb9aff13978dac017718d438289958197,e3ade62c2d1568a6686439927f821e8d4321e46286156daf59fd75b31c85a222,749d39f68d29d796da0060f6c180c3306254979e
inst_76b4fceaa4971ac39515576d3b4ae8be7e9cc630ca02f37f35038b1a211ddd14,max3sat,qaoa,test,selective_vs_matched_random_selective,qaoa_original_objective,equal_compiled_two_qubit_gates,equal_2q_budget_128,device_sparse_v1,0.3,high,0.2777777777777778,low,0.5,6,3,15,3,5.170435189696776,5.002205001686521,-0.1682301880102551,-0.43445419704274624,0.09799382102223606,0.01,little_effect,paired_normal_interval_by_restart,pass,,9d124ad72c0fe2b841fbfc927ec45c35cb413a6a0e01baada17f1025709d315c,801bd21b3dc8072237ed4eb68fd32a2cb9aff13978dac017718d438289958197,e3ade62c2d1568a6686439927f821e8d4321e46286156daf59fd75b31c85a222,749d39f68d29d796da0060f6c180c3306254979e
inst_76b4fceaa4971ac39515576d3b4ae8be7e9cc630ca02f37f35038b1a211ddd14,max3sat,qaoa,test,selective_vs_matched_random_selective,qaoa_original_objective,equal_compiled_two_qubit_gates,equal_2q_budget_256,device_sparse_v1,0.3,high,0.2777777777777778,low,0.5,6,3,15,3,4.745226185531844,4.755853202580121,0.010627017048276363,-0.368211988062051,0.3894660221586037,0.01,little_effect,paired_normal_interval_by_restart,pass,,9d124ad72c0fe2b841fbfc927ec45c35cb413a6a0e01baada17f1025709d315c,801bd21b3dc8072237ed4eb68fd32a2cb9aff13978dac017718d438289958197,e3ade62c2d1568a6686439927f821e8d4321e46286156daf59fd75b31c85a222,749d39f68d29d796da0060f6c180c3306254979e
inst_76b4fceaa4971ac39515576d3b4ae8be7e9cc630ca02f37f35038b1a211ddd14,max3sat,qaoa,test,selective_vs_matched_random_selective,qaoa_original_objective,equal_layer,equal_layer_p1,device_sparse_v1,0.3,high,0.2777777777777778,low,0.5,6,3,15,3,5.360340466930064,4.734510765610988,-0.6258297013190749,-1.1494210528782351,-0.10223834975991464,0.01,hurt,paired_normal_interval_by_restart,pass,,9d124ad72c0fe2b841fbfc927ec45c35cb413a6a0e01baada17f1025709d315c,801bd21b3dc8072237ed4eb68fd32a2cb9aff13978dac017718d438289958197,e3ade62c2d1568a6686439927f821e8d4321e46286156daf59fd75b31c85a222,749d39f68d29d796da0060f6c180c3306254979e
inst_76b4fceaa4971ac39515576d3b4ae8be7e9cc630ca02f37f35038b1a211ddd14,max3sat,qaoa,test,selective_vs_matched_random_selective,qaoa_original_objective,equal_layer,equal_layer_p2,device_sparse_v1,0.3,high,0.2777777777777778,low,0.5,6,3,15,3,5.030143849324912,4.544989809346459,-0.48515403997845336,-1.0941950649848555,0.12388698502794876,0.01,little_effect,paired_normal_interval_by_restart,pass,,9d124ad72c0fe2b841fbfc927ec45c35cb413a6a0e01baada17f1025709d315c,801bd21b3dc8072237ed4eb68fd32a2cb9aff13978dac017718d438289958197,e3ade62c2d1568a6686439927f821e8d4321e46286156daf59fd75b31c85a222,749d39f68d29d796da0060f6c180c3306254979e
inst_acbf81eed080cb0966307b9d199008aead5fdef8c6ff8f37b637df67070c0e62,max3sat,qaoa,test,selective_vs_matched_random_selective,qaoa_original_objective,equal_compiled_two_qubit_gates,equal_2q_budget_128,device_sparse_v1,0.55,high,0.5454545454545454,high,0.45454545454545453,6,3,15,3,7.982092179415477,7.381067995309674,-0.6010241841058029,-1.0378919131240074,-0.16415645508759852,0.01,hurt,paired_normal_interval_by_restart,pass,,9d124ad72c0fe2b841fbfc927ec45c35cb413a6a0e01baada17f1025709d315c,801bd21b3dc8072237ed4eb68fd32a2cb9aff13978dac017718d438289958197,e3ade62c2d1568a6686439927f821e8d4321e46286156daf59fd75b31c85a222,749d39f68d29d796da0060f6c180c3306254979e
inst_acbf81eed080cb0966307b9d199008aead5fdef8c6ff8f37b637df67070c0e62,max3sat,qaoa,test,selective_vs_matched_random_selective,qaoa_original_objective,equal_compiled_two_qubit_gates,equal_2q_budget_256,device_sparse_v1,0.55,high,0.5454545454545454,high,0.45454545454545453,6,3,15,3,6.014076461423163,6.660235397813257,0.6461589363900938,-0.8626252651049032,2.1549431378850907,0.01,little_effect,paired_normal_interval_by_restart,pass,,9d124ad72c0fe2b841fbfc927ec45c35cb413a6a0e01baada17f1025709d315c,801bd21b3dc8072237ed4eb68fd32a2cb9aff13978dac017718d438289958197,e3ade62c2d1568a6686439927f821e8d4321e46286156daf59fd75b31c85a222,749d39f68d29d796da0060f6c180c3306254979e
inst_acbf81eed080cb0966307b9d199008aead5fdef8c6ff8f37b637df67070c0e62,max3sat,qaoa,test,selective_vs_matched_random_selective,qaoa_original_objective,equal_layer,equal_layer_p1,device_sparse_v1,0.55,high,0.5454545454545454,high,0.45454545454545453,6,3,15,3,7.962692960791077,7.665369038220594,-0.2973239225704824,-0.5135424224648694,-0.08110542267609541,0.01,hurt,paired_normal_interval_by_restart,pass,,9d124ad72c0fe2b841fbfc927ec45c35cb413a6a0e01baada17f1025709d315c,801bd21b3dc8072237ed4eb68fd32a2cb9aff13978dac017718d438289958197,e3ade62c2d1568a6686439927f821e8d4321e46286156daf59fd75b31c85a222,749d39f68d29d796da0060f6c180c3306254979e
inst_acbf81eed080cb0966307b9d199008aead5fdef8c6ff8f37b637df67070c0e62,max3sat,qaoa,test,selective_vs_matched_random_selective,qaoa_original_objective,equal_layer,equal_layer_p2,device_sparse_v1,0.55,high,0.5454545454545454,high,0.45454545454545453,6,3,15,3,7.707766472037192,7.04437926899253,-0.6633872030446607,-1.2023144041980742,-0.12446000189124717,0.01,hurt,paired_normal_interval_by_restart,pass,,9d124ad72c0fe2b841fbfc927ec45c35cb413a6a0e01baada17f1025709d315c,801bd21b3dc8072237ed4eb68fd32a2cb9aff13978dac017718d438289958197,e3ade62c2d1568a6686439927f821e8d4321e46286156daf59fd75b31c85a222,749d39f68d29d796da0060f6c180c3306254979e
inst_b743f95ddc47da1f2a603f93425eed7e366f1373e13f44ce77e30625e2bb6c2c,max3sat,qaoa,test,selective_vs_matched_random_selective,qaoa_original_objective,equal_compiled_two_qubit_gates,equal_2q_budget_128,device_sparse_v1,0.125,intermediate,0.33333333333333337,intermediate,0.7142857142857143,8,3,15,3,4.300632859616285,4.947778613164103,0.6471457535478176,-0.8858883008545897,2.180179807950225,0.01,little_effect,paired_normal_interval_by_restart,pass,,9d124ad72c0fe2b841fbfc927ec45c35cb413a6a0e01baada17f1025709d315c,801bd21b3dc8072237ed4eb68fd32a2cb9aff13978dac017718d438289958197,e3ade62c2d1568a6686439927f821e8d4321e46286156daf59fd75b31c85a222,749d39f68d29d796da0060f6c180c3306254979e
inst_b743f95ddc47da1f2a603f93425eed7e366f1373e13f44ce77e30625e2bb6c2c,max3sat,qaoa,test,selective_vs_matched_random_selective,qaoa_original_objective,equal_compiled_two_qubit_gates,equal_2q_budget_256,device_sparse_v1,0.125,intermediate,0.33333333333333337,intermediate,0.7142857142857143,8,3,15,3,4.559100539082896,4.6321005453274715,0.07300000624457563,-1.437534459247785,1.5835344717369364,0.01,little_effect,paired_normal_interval_by_restart,pass,,9d124ad72c0fe2b841fbfc927ec45c35cb413a6a0e01baada17f1025709d315c,801bd21b3dc8072237ed4eb68fd32a2cb9aff13978dac017718d438289958197,e3ade62c2d1568a6686439927f821e8d4321e46286156daf59fd75b31c85a222,749d39f68d29d796da0060f6c180c3306254979e
inst_b743f95ddc47da1f2a603f93425eed7e366f1373e13f44ce77e30625e2bb6c2c,max3sat,qaoa,test,selective_vs_matched_random_selective,qaoa_original_objective,equal_layer,equal_layer_p1,device_sparse_v1,0.125,intermediate,0.33333333333333337,intermediate,0.7142857142857143,8,3,15,3,4.4087728413799745,5.225745196376723,0.8169723549967483,-0.1353693972070401,1.7693141072005365,0.01,little_effect,paired_normal_interval_by_restart,pass,,9d124ad72c0fe2b841fbfc927ec45c35cb413a6a0e01baada17f1025709d315c,801bd21b3dc8072237ed4eb68fd32a2cb9aff13978dac017718d438289958197,e3ade62c2d1568a6686439927f821e8d4321e46286156daf59fd75b31c85a222,749d39f68d29d796da0060f6c180c3306254979e
inst_b743f95ddc47da1f2a603f93425eed7e366f1373e13f44ce77e30625e2bb6c2c,max3sat,qaoa,test,selective_vs_matched_random_selective,qaoa_original_objective,equal_layer,equal_layer_p2,device_sparse_v1,0.125,intermediate,0.33333333333333337,intermediate,0.7142857142857143,8,3,15,3,5.218100715311768,4.563191029810034,-0.6549096855017332,-0.9100549318097751,-0.3997644391936913,0.01,hurt,paired_normal_interval_by_restart,pass,,9d124ad72c0fe2b841fbfc927ec45c35cb413a6a0e01baada17f1025709d315c,801bd21b3dc8072237ed4eb68fd32a2cb9aff13978dac017718d438289958197,e3ade62c2d1568a6686439927f821e8d4321e46286156daf59fd75b31c85a222,749d39f68d29d796da0060f6c180c3306254979e
inst_e1fa5b3aa2be02b5f5b3e078e3459f57bd0d07fe0a7733dd746858e865cbb7da,max3sat,qaoa,test,selective_vs_matched_random_selective,qaoa_original_objective,equal_compiled_two_qubit_gates,equal_2q_budget_128,device_sparse_v1,0.85,high,0.7058823529411764,high,0.5294117647058824,6,3,15,3,14.25,14.25,0.0,0.0,0.0,0.01,little_effect,paired_normal_interval_by_restart,pass,,9d124ad72c0fe2b841fbfc927ec45c35cb413a6a0e01baada17f1025709d315c,801bd21b3dc8072237ed4eb68fd32a2cb9aff13978dac017718d438289958197,e3ade62c2d1568a6686439927f821e8d4321e46286156daf59fd75b31c85a222,749d39f68d29d796da0060f6c180c3306254979e
inst_e1fa5b3aa2be02b5f5b3e078e3459f57bd0d07fe0a7733dd746858e865cbb7da,max3sat,qaoa,test,selective_vs_matched_random_selective,qaoa_original_objective,equal_compiled_two_qubit_gates,equal_2q_budget_256,device_sparse_v1,0.85,high,0.7058823529411764,high,0.5294117647058824,6,3,15,3,13.700013340100538,13.085079298346074,-0.6149340417544634,-0.988473211154401,-0.24139487235452578,0.01,hurt,paired_normal_interval_by_restart,pass,,9d124ad72c0fe2b841fbfc927ec45c35cb413a6a0e01baada17f1025709d315c,801bd21b3dc8072237ed4eb68fd32a2cb9aff13978dac017718d438289958197,e3ade62c2d1568a6686439927f821e8d4321e46286156daf59fd75b31c85a222,749d39f68d29d796da0060f6c180c3306254979e
inst_e1fa5b3aa2be02b5f5b3e078e3459f57bd0d07fe0a7733dd746858e865cbb7da,max3sat,qaoa,test,selective_vs_matched_random_selective,qaoa_original_objective,equal_layer,equal_layer_p1,device_sparse_v1,0.85,high,0.7058823529411764,high,0.5294117647058824,6,3,15,3,13.826829151969804,12.34432887480722,-1.4825002771625855,-2.4099904462676167,-0.5550101080575544,0.01,hurt,paired_normal_interval_by_restart,pass,,9d124ad72c0fe2b841fbfc927ec45c35cb413a6a0e01baada17f1025709d315c,801bd21b3dc8072237ed4eb68fd32a2cb9aff13978dac017718d438289958197,e3ade62c2d1568a6686439927f821e8d4321e46286156daf59fd75b31c85a222,749d39f68d29d796da0060f6c180c3306254979e
inst_e1fa5b3aa2be02b5f5b3e078e3459f57bd0d07fe0a7733dd746858e865cbb7da,max3sat,qaoa,test,selective_vs_matched_random_selective,qaoa_original_objective,equal_layer,equal_layer_p2,device_sparse_v1,0.85,high,0.7058823529411764,high,0.5294117647058824,6,3,15,3,13.265302281242105,13.088634860097068,-0.176667421145036,-0.4062374872542286,0.05290264496415656,0.01,little_effect,paired_normal_interval_by_restart,pass,,9d124ad72c0fe2b841fbfc927ec45c35cb413a6a0e01baada17f1025709d315c,801bd21b3dc8072237ed4eb68fd32a2cb9aff13978dac017718d438289958197,e3ade62c2d1568a6686439927f821e8d4321e46286156daf59fd75b31c85a222,749d39f68d29d796da0060f6c180c3306254979e
