family,family_label,instance_id,restricted,topology,synthesis,seed,true_cells,false_cells,unknown_cells,true_present
max3sat,max3sat,max3sat_000,True,grid12,canonical,1729,654,20269,0,True
max3sat,max3sat,max3sat_000,True,grid12,canonical,2718,2508,18415,0,True
max3sat,max3sat,max3sat_000,True,grid12,canonical,31415,1188,19735,0,True
max3sat,max3sat,max3sat_000,True,grid12,canonical,57721,2448,18475,0,True
max3sat,max3sat,max3sat_000,True,grid12,canonical,65537,1656,19267,0,True
max3sat,max3sat,max3sat_000,True,grid12,reuse,1729,0,20923,0,False
max3sat,max3sat,max3sat_000,True,grid12,reuse,2718,0,20923,0,False
max3sat,max3sat,max3sat_000,True,grid12,reuse,31415,0,20923,0,False
max3sat,max3sat,max3sat_000,True,grid12,reuse,57721,0,20923,0,False
max3sat,max3sat,max3sat_000,True,grid12,reuse,65537,0,20923,0,False
max3sat,max3sat,max3sat_000,True,line12,canonical,1729,0,20923,0,False
max3sat,max3sat,max3sat_000,True,line12,canonical,2718,0,20923,0,False
max3sat,max3sat,max3sat_000,True,line12,canonical,31415,0,20923,0,False
max3sat,max3sat,max3sat_000,True,line12,canonical,57721,738,20185,0,True
max3sat,max3sat,max3sat_000,True,line12,canonical,65537,1098,19825,0,True
max3sat,max3sat,max3sat_000,True,line12,reuse,1729,0,20923,0,False
max3sat,max3sat,max3sat_000,True,line12,reuse,2718,0,20923,0,False
max3sat,max3sat,max3sat_000,True,line12,reuse,31415,0,20923,0,False
max3sat,max3sat,max3sat_000,True,line12,reuse,57721,0,20923,0,False
max3sat,max3sat,max3sat_000,True,line12,reuse,65537,0,20923,0,False
max3sat,max3sat,max3sat_000,True,ring12,canonical,1729,0,20923,0,False
max3sat,max3sat,max3sat_000,True,ring12,canonical,2718,0,20923,0,False
max3sat,max3sat,max3sat_000,True,ring12,canonical,31415,0,20923,0,False
max3sat,max3sat,max3sat_000,True,ring12,canonical,57721,1068,19855,0,True
max3sat,max3sat,max3sat_000,True,ring12,canonical,65537,1434,19489,0,True
max3sat,max3sat,max3sat_000,True,ring12,reuse,1729,0,20923,0,False
max3sat,max3sat,max3sat_000,True,ring12,reuse,2718,0,20923,0,False
max3sat,max3sat,max3sat_000,True,ring12,reuse,31415,0,20923,0,False
max3sat,max3sat,max3sat_000,True,ring12,reuse,57721,0,20923,0,False
max3sat,max3sat,max3sat_000,True,ring12,reuse,65537,0,20923,0,False
max3sat,max3sat,max3sat_001,False,grid12,canonical,1729,758,20165,0,True
max3sat,max3sat,max3sat_001,False,grid12,canonical,2718,800,20123,0,True
max3sat,max3sat,max3sat_001,False,grid12,canonical,31415,462,20461,0,True
max3sat,max3sat,max3sat_001,False,grid12,canonical,57721,788,20135,0,True
max3sat,max3sat,max3sat_001,False,grid12,canonical,65537,1938,18985,0,True
max3sat,max3sat,max3sat_001,False,grid12,reuse,1729,0,20923,0,False
max3sat,max3sat,max3sat_001,False,grid12,reuse,2718,0,20923,0,False
max3sat,max3sat,max3sat_001,False,grid12,reuse,31415,0,20923,0,False
max3sat,max3sat,max3sat_001,False,grid12,reuse,57721,0,20923,0,False
max3sat,max3sat,max3sat_001,False,grid12,reuse,65537,0,20923,0,False
max3sat,max3sat,max3sat_001,False,line12,canonical,1729,165,20758,0,True
max3sat,max3sat,max3sat_001,False,line12,canonical,2718,165,20758,0,True
max3sat,max3sat,max3sat_001,False,line12,canonical,31415,110,20813,0,True
max3sat,max3sat,max3sat_001,False,line12,canonical,57721,165,20758,0,True
max3sat,max3sat,max3sat_001,False,line12,canonical,65537,165,20758,0,True
max3sat,max3sat,max3sat_001,False,line12,reuse,1729,0,20923,0,False
max3sat,max3sat,max3sat_001,False,line12,reuse,2718,0,20923,0,False
max3sat,max3sat,max3sat_001,False,line12,reuse,31415,0,20923,0,False
max3sat,max3sat,max3sat_001,False,line12,reuse,57721,0,20923,0,False
max3sat,max3sat,max3sat_001,False,line12,reuse,65537,0,20923,0,False
max3sat,max3sat,max3sat_001,False,ring12,canonical,1729,165,20758,0,True
max3sat,max3sat,max3sat_001,False,ring12,canonical,2718,165,20758,0,True
max3sat,max3sat,max3sat_001,False,ring12,canonical,31415,110,20813,0,True
max3sat,max3sat,max3sat_001,False,ring12,canonical,57721,165,20758,0,True
max3sat,max3sat,max3sat_001,False,ring12,canonical,65537,351,20572,0,True
max3sat,max3sat,max3sat_001,False,ring12,reuse,1729,0,20923,0,False
max3sat,max3sat,max3sat_001,False,ring12,reuse,2718,0,20923,0,False
max3sat,max3sat,max3sat_001,False,ring12,reuse,31415,0,20923,0,False
max3sat,max3sat,max3sat_001,False,ring12,reuse,57721,0,20923,0,False
max3sat,max3sat,max3sat_001,False,ring12,reuse,65537,0,20923,0,False
max3sat,max3sat,max3sat_002,False,grid12,canonical,1729,276,20647,0,True
max3sat,max3sat,max3sat_002,False,grid12,canonical,2718,705,20218,0,True
max3sat,max3sat,max3sat_002,False,grid12,canonical,31415,126,20797,0,True
max3sat,max3sat,max3sat_002,False,grid12,canonical,57721,736,20187,0,True
max3sat,max3sat,max3sat_002,False,grid12,canonical,65537,366,20557,0,True
max3sat,max3sat,max3sat_002,False,grid12,reuse,1729,216,20707,0,True
max3sat,max3sat,max3sat_002,False,grid12,reuse,2718,0,20923,0,False
max3sat,max3sat,max3sat_002,False,grid12,reuse,31415,216,20707,0,True
max3sat,max3sat,max3sat_002,False,grid12,reuse,57721,216,20707,0,True
max3sat,max3sat,max3sat_002,False,grid12,reuse,65537,216,20707,0,True
max3sat,max3sat,max3sat_002,False,line12,canonical,1729,0,20923,0,False
max3sat,max3sat,max3sat_002,False,line12,canonical,2718,0,20923,0,False
max3sat,max3sat,max3sat_002,False,line12,canonical,31415,540,20383,0,True
max3sat,max3sat,max3sat_002,False,line12,canonical,57721,925,19998,0,True
max3sat,max3sat,max3sat_002,False,line12,canonical,65537,0,20923,0,False
max3sat,max3sat,max3sat_002,False,line12,reuse,1729,0,20923,0,False
max3sat,max3sat,max3sat_002,False,line12,reuse,2718,0,20923,0,False
max3sat,max3sat,max3sat_002,False,line12,reuse,31415,0,20923,0,False
max3sat,max3sat,max3sat_002,False,line12,reuse,57721,0,20923,0,False
max3sat,max3sat,max3sat_002,False,line12,reuse,65537,0,20923,0,False
max3sat,max3sat,max3sat_002,False,ring12,canonical,1729,0,20923,0,False
max3sat,max3sat,max3sat_002,False,ring12,canonical,2718,0,20923,0,False
max3sat,max3sat,max3sat_002,False,ring12,canonical,31415,540,20383,0,True
max3sat,max3sat,max3sat_002,False,ring12,canonical,57721,0,20923,0,False
max3sat,max3sat,max3sat_002,False,ring12,canonical,65537,0,20923,0,False
max3sat,max3sat,max3sat_002,False,ring12,reuse,1729,0,20923,0,False
max3sat,max3sat,max3sat_002,False,ring12,reuse,2718,0,20923,0,False
max3sat,max3sat,max3sat_002,False,ring12,reuse,31415,0,20923,0,False
max3sat,max3sat,max3sat_002,False,ring12,reuse,57721,0,20923,0,False
max3sat,max3sat,max3sat_002,False,ring12,reuse,65537,0,20923,0,False
max3sat,max3sat,max3sat_003,True,grid12,canonical,1729,1866,19057,0,True
max3sat,max3sat,max3sat_003,True,grid12,canonical,2718,1995,18928,0,True
max3sat,max3sat,max3sat_003,True,grid12,canonical,31415,1836,19087,0,True
max3sat,max3sat,max3sat_003,True,grid12,canonical,57721,2538,18385,0,True
max3sat,max3sat,max3sat_003,True,grid12,canonical,65537,1866,19057,0,True
max3sat,max3sat,max3sat_003,True,grid12,reuse,1729,0,20923,0,False
max3sat,max3sat,max3sat_003,True,grid12,reuse,2718,0,20923,0,False
max3sat,max3sat,max3sat_003,True,grid12,reuse,31415,0,20923,0,False
max3sat,max3sat,max3sat_003,True,grid12,reuse,57721,0,20923,0,False
max3sat,max3sat,max3sat_003,True,grid12,reuse,65537,0,20923,0,False
max3sat,max3sat,max3sat_003,True,line12,canonical,1729,574,20349,0,True
max3sat,max3sat,max3sat_003,True,line12,canonical,2718,600,20323,0,True
max3sat,max3sat,max3sat_003,True,line12,canonical,31415,576,20347,0,True
max3sat,max3sat,max3sat_003,True,line12,canonical,57721,582,20341,0,True
max3sat,max3sat,max3sat_003,True,line12,canonical,65537,576,20347,0,True
max3sat,max3sat,max3sat_003,True,line12,reuse,1729,360,20563,0,True
max3sat,max3sat,max3sat_003,True,line12,reuse,2718,360,20563,0,True
max3sat,max3sat,max3sat_003,True,line12,reuse,31415,360,20563,0,True
max3sat,max3sat,max3sat_003,True,line12,reuse,57721,360,20563,0,True
max3sat,max3sat,max3sat_003,True,line12,reuse,65537,360,20563,0,True
max3sat,max3sat,max3sat_003,True,ring12,canonical,1729,718,20205,0,True
max3sat,max3sat,max3sat_003,True,ring12,canonical,2718,600,20323,0,True
max3sat,max3sat,max3sat_003,True,ring12,canonical,31415,576,20347,0,True
max3sat,max3sat,max3sat_003,True,ring12,canonical,57721,582,20341,0,True
max3sat,max3sat,max3sat_003,True,ring12,canonical,65537,576,20347,0,True
max3sat,max3sat,max3sat_003,True,ring12,reuse,1729,340,20583,0,True
max3sat,max3sat,max3sat_003,True,ring12,reuse,2718,340,20583,0,True
max3sat,max3sat,max3sat_003,True,ring12,reuse,31415,340,20583,0,True
max3sat,max3sat,max3sat_003,True,ring12,reuse,57721,340,20583,0,True
max3sat,max3sat,max3sat_003,True,ring12,reuse,65537,340,20583,0,True
max3sat,max3sat,max3sat_004,True,grid12,canonical,1729,1764,19159,0,True
max3sat,max3sat,max3sat_004,True,grid12,canonical,2718,2304,18619,0,True
max3sat,max3sat,max3sat_004,True,grid12,canonical,31415,2124,18799,0,True
max3sat,max3sat,max3sat_004,True,grid12,canonical,57721,1944,18979,0,True
max3sat,max3sat,max3sat_004,True,grid12,canonical,65537,2124,18799,0,True
max3sat,max3sat,max3sat_004,True,grid12,reuse,1729,2088,18835,0,True
max3sat,max3sat,max3sat_004,True,grid12,reuse,2718,360,20563,0,True
max3sat,max3sat,max3sat_004,True,grid12,reuse,31415,216,20707,0,True
max3sat,max3sat,max3sat_004,True,grid12,reuse,57721,210,20713,0,True
max3sat,max3sat,max3sat_004,True,grid12,reuse,65537,2196,18727,0,True
max3sat,max3sat,max3sat_004,True,line12,canonical,1729,0,20923,0,False
max3sat,max3sat,max3sat_004,True,line12,canonical,2718,0,20923,0,False
max3sat,max3sat,max3sat_004,True,line12,canonical,31415,0,20923,0,False
max3sat,max3sat,max3sat_004,True,line12,canonical,57721,0,20923,0,False
max3sat,max3sat,max3sat_004,True,line12,canonical,65537,0,20923,0,False
max3sat,max3sat,max3sat_004,True,line12,reuse,1729,1372,19551,0,True
max3sat,max3sat,max3sat_004,True,line12,reuse,2718,1368,19555,0,True
max3sat,max3sat,max3sat_004,True,line12,reuse,31415,1442,19481,0,True
max3sat,max3sat,max3sat_004,True,line12,reuse,57721,1392,19531,0,True
max3sat,max3sat,max3sat_004,True,line12,reuse,65537,1422,19501,0,True
max3sat,max3sat,max3sat_004,True,ring12,canonical,1729,0,20923,0,False
max3sat,max3sat,max3sat_004,True,ring12,canonical,2718,0,20923,0,False
max3sat,max3sat,max3sat_004,True,ring12,canonical,31415,0,20923,0,False
max3sat,max3sat,max3sat_004,True,ring12,canonical,57721,0,20923,0,False
max3sat,max3sat,max3sat_004,True,ring12,canonical,65537,0,20923,0,False
max3sat,max3sat,max3sat_004,True,ring12,reuse,1729,2077,18846,0,True
max3sat,max3sat,max3sat_004,True,ring12,reuse,2718,2070,18853,0,True
max3sat,max3sat,max3sat_004,True,ring12,reuse,31415,2077,18846,0,True
max3sat,max3sat,max3sat_004,True,ring12,reuse,57721,2077,18846,0,True
max3sat,max3sat,max3sat_004,True,ring12,reuse,65537,2071,18852,0,True
max3sat,max3sat,max3sat_005,False,grid12,canonical,1729,0,20923,0,False
max3sat,max3sat,max3sat_005,False,grid12,canonical,2718,0,20923,0,False
max3sat,max3sat,max3sat_005,False,grid12,canonical,31415,0,20923,0,False
max3sat,max3sat,max3sat_005,False,grid12,canonical,57721,0,20923,0,False
max3sat,max3sat,max3sat_005,False,grid12,canonical,65537,0,20923,0,False
max3sat,max3sat,max3sat_005,False,grid12,reuse,1729,216,20707,0,True
max3sat,max3sat,max3sat_005,False,grid12,reuse,2718,216,20707,0,True
max3sat,max3sat,max3sat_005,False,grid12,reuse,31415,216,20707,0,True
max3sat,max3sat,max3sat_005,False,grid12,reuse,57721,216,20707,0,True
max3sat,max3sat,max3sat_005,False,grid12,reuse,65537,216,20707,0,True
max3sat,max3sat,max3sat_005,False,line12,canonical,1729,0,20923,0,False
max3sat,max3sat,max3sat_005,False,line12,canonical,2718,0,20923,0,False
max3sat,max3sat,max3sat_005,False,line12,canonical,31415,0,20923,0,False
max3sat,max3sat,max3sat_005,False,line12,canonical,57721,0,20923,0,False
max3sat,max3sat,max3sat_005,False,line12,canonical,65537,0,20923,0,False
max3sat,max3sat,max3sat_005,False,line12,reuse,1729,0,20923,0,False
max3sat,max3sat,max3sat_005,False,line12,reuse,2718,0,20923,0,False
max3sat,max3sat,max3sat_005,False,line12,reuse,31415,0,20923,0,False
max3sat,max3sat,max3sat_005,False,line12,reuse,57721,0,20923,0,False
max3sat,max3sat,max3sat_005,False,line12,reuse,65537,0,20923,0,False
max3sat,max3sat,max3sat_005,False,ring12,canonical,1729,0,20923,0,False
max3sat,max3sat,max3sat_005,False,ring12,canonical,2718,0,20923,0,False
max3sat,max3sat,max3sat_005,False,ring12,canonical,31415,0,20923,0,False
max3sat,max3sat,max3sat_005,False,ring12,canonical,57721,0,20923,0,False
max3sat,max3sat,max3sat_005,False,ring12,canonical,65537,0,20923,0,False
max3sat,max3sat,max3sat_005,False,ring12,reuse,1729,0,20923,0,False
max3sat,max3sat,max3sat_005,False,ring12,reuse,2718,0,20923,0,False
max3sat,max3sat,max3sat_005,False,ring12,reuse,31415,0,20923,0,False
max3sat,max3sat,max3sat_005,False,ring12,reuse,57721,0,20923,0,False
max3sat,max3sat,max3sat_005,False,ring12,reuse,65537,0,20923,0,False
max3sat,max3sat,max3sat_006,False,grid12,canonical,1729,329,20594,0,True
max3sat,max3sat,max3sat_006,False,grid12,canonical,2718,372,20551,0,True
max3sat,max3sat,max3sat_006,False,grid12,canonical,31415,484,20439,0,True
max3sat,max3sat,max3sat_006,False,grid12,canonical,57721,260,20663,0,True
max3sat,max3sat,max3sat_006,False,grid12,canonical,65537,479,20444,0,True
max3sat,max3sat,max3sat_006,False,grid12,reuse,1729,0,20923,0,False
max3sat,max3sat,max3sat_006,False,grid12,reuse,2718,0,20923,0,False
max3sat,max3sat,max3sat_006,False,grid12,reuse,31415,180,20743,0,True
max3sat,max3sat,max3sat_006,False,grid12,reuse,57721,180,20743,0,True
max3sat,max3sat,max3sat_006,False,grid12,reuse,65537,0,20923,0,False
max3sat,max3sat,max3sat_006,False,line12,canonical,1729,346,20577,0,True
max3sat,max3sat,max3sat_006,False,line12,canonical,2718,356,20567,0,True
max3sat,max3sat,max3sat_006,False,line12,canonical,31415,300,20623,0,True
max3sat,max3sat,max3sat_006,False,line12,canonical,57721,527,20396,0,True
max3sat,max3sat,max3sat_006,False,line12,canonical,65537,431,20492,0,True
max3sat,max3sat,max3sat_006,False,line12,reuse,1729,0,20923,0,False
max3sat,max3sat,max3sat_006,False,line12,reuse,2718,0,20923,0,False
max3sat,max3sat,max3sat_006,False,line12,reuse,31415,0,20923,0,False
max3sat,max3sat,max3sat_006,False,line12,reuse,57721,0,20923,0,False
max3sat,max3sat,max3sat_006,False,line12,reuse,65537,0,20923,0,False
max3sat,max3sat,max3sat_006,False,ring12,canonical,1729,462,20461,0,True
max3sat,max3sat,max3sat_006,False,ring12,canonical,2718,468,20455,0,True
max3sat,max3sat,max3sat_006,False,ring12,canonical,31415,275,20648,0,True
max3sat,max3sat,max3sat_006,False,ring12,canonical,57721,643,20280,0,True
max3sat,max3sat,max3sat_006,False,ring12,canonical,65537,497,20426,0,True
max3sat,max3sat,max3sat_006,False,ring12,reuse,1729,0,20923,0,False
max3sat,max3sat,max3sat_006,False,ring12,reuse,2718,0,20923,0,False
max3sat,max3sat,max3sat_006,False,ring12,reuse,31415,0,20923,0,False
max3sat,max3sat,max3sat_006,False,ring12,reuse,57721,0,20923,0,False
max3sat,max3sat,max3sat_006,False,ring12,reuse,65537,0,20923,0,False
max3sat,max3sat,max3sat_007,False,grid12,canonical,1729,2016,18907,0,True
max3sat,max3sat,max3sat_007,False,grid12,canonical,2718,2016,18907,0,True
max3sat,max3sat,max3sat_007,False,grid12,canonical,31415,2016,18907,0,True
max3sat,max3sat,max3sat_007,False,grid12,canonical,57721,2016,18907,0,True
max3sat,max3sat,max3sat_007,False,grid12,canonical,65537,1836,19087,0,True
max3sat,max3sat,max3sat_007,False,grid12,reuse,1729,0,20923,0,False
max3sat,max3sat,max3sat_007,False,grid12,reuse,2718,0,20923,0,False
max3sat,max3sat,max3sat_007,False,grid12,reuse,31415,0,20923,0,False
max3sat,max3sat,max3sat_007,False,grid12,reuse,57721,0,20923,0,False
max3sat,max3sat,max3sat_007,False,grid12,reuse,65537,0,20923,0,False
max3sat,max3sat,max3sat_007,False,line12,canonical,1729,1230,19693,0,True
max3sat,max3sat,max3sat_007,False,line12,canonical,2718,150,20773,0,True
max3sat,max3sat,max3sat_007,False,line12,canonical,31415,150,20773,0,True
max3sat,max3sat,max3sat_007,False,line12,canonical,57721,0,20923,0,False
max3sat,max3sat,max3sat_007,False,line12,canonical,65537,1470,19453,0,True
max3sat,max3sat,max3sat_007,False,line12,reuse,1729,0,20923,0,False
max3sat,max3sat,max3sat_007,False,line12,reuse,2718,0,20923,0,False
max3sat,max3sat,max3sat_007,False,line12,reuse,31415,0,20923,0,False
max3sat,max3sat,max3sat_007,False,line12,reuse,57721,0,20923,0,False
max3sat,max3sat,max3sat_007,False,line12,reuse,65537,0,20923,0,False
max3sat,max3sat,max3sat_007,False,ring12,canonical,1729,1230,19693,0,True
max3sat,max3sat,max3sat_007,False,ring12,canonical,2718,150,20773,0,True
max3sat,max3sat,max3sat_007,False,ring12,canonical,31415,150,20773,0,True
max3sat,max3sat,max3sat_007,False,ring12,canonical,57721,0,20923,0,False
max3sat,max3sat,max3sat_007,False,ring12,canonical,65537,1470,19453,0,True
max3sat,max3sat,max3sat_007,False,ring12,reuse,1729,0,20923,0,False
max3sat,max3sat,max3sat_007,False,ring12,reuse,2718,0,20923,0,False
max3sat,max3sat,max3sat_007,False,ring12,reuse,31415,0,20923,0,False
max3sat,max3sat,max3sat_007,False,ring12,reuse,57721,0,20923,0,False
max3sat,max3sat,max3sat_007,False,ring12,reuse,65537,0,20923,0,False
max3sat,max3sat,max3sat_008,False,grid12,canonical,1729,1716,19207,0,True
max3sat,max3sat,max3sat_008,False,grid12,canonical,2718,180,20743,0,True
max3sat,max3sat,max3sat_008,False,grid12,canonical,31415,1031,19892,0,True
max3sat,max3sat,max3sat_008,False,grid12,canonical,57721,2526,18397,0,True
max3sat,max3sat,max3sat_008,False,grid12,canonical,65537,1248,19675,0,True
max3sat,max3sat,max3sat_008,False,grid12,reuse,1729,1764,19159,0,True
max3sat,max3sat,max3sat_008,False,grid12,reuse,2718,0,20923,0,False
max3sat,max3sat,max3sat_008,False,grid12,reuse,31415,1944,18979,0,True
max3sat,max3sat,max3sat_008,False,grid12,reuse,57721,1758,19165,0,True
max3sat,max3sat,max3sat_008,False,grid12,reuse,65537,1944,18979,0,True
max3sat,max3sat,max3sat_008,False,line12,canonical,1729,1500,19423,0,True
max3sat,max3sat,max3sat_008,False,line12,canonical,2718,930,19993,0,True
max3sat,max3sat,max3sat_008,False,line12,canonical,31415,800,20123,0,True
max3sat,max3sat,max3sat_008,False,line12,canonical,57721,1911,19012,0,True
max3sat,max3sat,max3sat_008,False,line12,canonical,65537,1255,19668,0,True
max3sat,max3sat,max3sat_008,False,line12,reuse,1729,0,20923,0,False
max3sat,max3sat,max3sat_008,False,line12,reuse,2718,0,20923,0,False
max3sat,max3sat,max3sat_008,False,line12,reuse,31415,0,20923,0,False
max3sat,max3sat,max3sat_008,False,line12,reuse,57721,0,20923,0,False
max3sat,max3sat,max3sat_008,False,line12,reuse,65537,0,20923,0,False
max3sat,max3sat,max3sat_008,False,ring12,canonical,1729,439,20484,0,True
max3sat,max3sat,max3sat_008,False,ring12,canonical,2718,1406,19517,0,True
max3sat,max3sat,max3sat_008,False,ring12,canonical,31415,485,20438,0,True
max3sat,max3sat,max3sat_008,False,ring12,canonical,57721,1910,19013,0,True
max3sat,max3sat,max3sat_008,False,ring12,canonical,65537,1778,19145,0,True
max3sat,max3sat,max3sat_008,False,ring12,reuse,1729,0,20923,0,False
max3sat,max3sat,max3sat_008,False,ring12,reuse,2718,0,20923,0,False
max3sat,max3sat,max3sat_008,False,ring12,reuse,31415,0,20923,0,False
max3sat,max3sat,max3sat_008,False,ring12,reuse,57721,0,20923,0,False
max3sat,max3sat,max3sat_008,False,ring12,reuse,65537,0,20923,0,False
max3sat,max3sat,max3sat_009,False,grid12,canonical,1729,210,20713,0,True
max3sat,max3sat,max3sat_009,False,grid12,canonical,2718,246,20677,0,True
max3sat,max3sat,max3sat_009,False,grid12,canonical,31415,30,20893,0,True
max3sat,max3sat,max3sat_009,False,grid12,canonical,57721,180,20743,0,True
max3sat,max3sat,max3sat_009,False,grid12,canonical,65537,180,20743,0,True
max3sat,max3sat,max3sat_009,False,grid12,reuse,1729,0,20923,0,False
max3sat,max3sat,max3sat_009,False,grid12,reuse,2718,0,20923,0,False
max3sat,max3sat,max3sat_009,False,grid12,reuse,31415,0,20923,0,False
max3sat,max3sat,max3sat_009,False,grid12,reuse,57721,0,20923,0,False
max3sat,max3sat,max3sat_009,False,grid12,reuse,65537,0,20923,0,False
max3sat,max3sat,max3sat_009,False,line12,canonical,1729,994,19929,0,True
max3sat,max3sat,max3sat_009,False,line12,canonical,2718,489,20434,0,True
max3sat,max3sat,max3sat_009,False,line12,canonical,31415,368,20555,0,True
max3sat,max3sat,max3sat_009,False,line12,canonical,57721,489,20434,0,True
max3sat,max3sat,max3sat_009,False,line12,canonical,65537,0,20923,0,False
max3sat,max3sat,max3sat_009,False,line12,reuse,1729,180,20743,0,True
max3sat,max3sat,max3sat_009,False,line12,reuse,2718,180,20743,0,True
max3sat,max3sat,max3sat_009,False,line12,reuse,31415,180,20743,0,True
max3sat,max3sat,max3sat_009,False,line12,reuse,57721,180,20743,0,True
max3sat,max3sat,max3sat_009,False,line12,reuse,65537,180,20743,0,True
max3sat,max3sat,max3sat_009,False,ring12,canonical,1729,1516,19407,0,True
max3sat,max3sat,max3sat_009,False,ring12,canonical,2718,456,20467,0,True
max3sat,max3sat,max3sat_009,False,ring12,canonical,31415,432,20491,0,True
max3sat,max3sat,max3sat_009,False,ring12,canonical,57721,455,20468,0,True
max3sat,max3sat,max3sat_009,False,ring12,canonical,65537,0,20923,0,False
max3sat,max3sat,max3sat_009,False,ring12,reuse,1729,180,20743,0,True
max3sat,max3sat,max3sat_009,False,ring12,reuse,2718,180,20743,0,True
max3sat,max3sat,max3sat_009,False,ring12,reuse,31415,180,20743,0,True
max3sat,max3sat,max3sat_009,False,ring12,reuse,57721,180,20743,0,True
max3sat,max3sat,max3sat_009,False,ring12,reuse,65537,180,20743,0,True
max3sat,max3sat,max3sat_010,True,grid12,canonical,1729,1686,19237,0,True
max3sat,max3sat,max3sat_010,True,grid12,canonical,2718,1656,19267,0,True
max3sat,max3sat,max3sat_010,True,grid12,canonical,31415,1656,19267,0,True
max3sat,max3sat,max3sat_010,True,grid12,canonical,57721,650,20273,0,True
max3sat,max3sat,max3sat_010,True,grid12,canonical,65537,1227,19696,0,True
max3sat,max3sat,max3sat_010,True,grid12,reuse,1729,1938,18985,0,True
max3sat,max3sat,max3sat_010,True,grid12,reuse,2718,0,20923,0,False
max3sat,max3sat,max3sat_010,True,grid12,reuse,31415,0,20923,0,False
max3sat,max3sat,max3sat_010,True,grid12,reuse,57721,0,20923,0,False
max3sat,max3sat,max3sat_010,True,grid12,reuse,65537,0,20923,0,False
max3sat,max3sat,max3sat_010,True,line12,canonical,1729,645,20278,0,True
max3sat,max3sat,max3sat_010,True,line12,canonical,2718,925,19998,0,True
max3sat,max3sat,max3sat_010,True,line12,canonical,31415,925,19998,0,True
max3sat,max3sat,max3sat_010,True,line12,canonical,57721,925,19998,0,True
max3sat,max3sat,max3sat_010,True,line12,canonical,65537,925,19998,0,True
max3sat,max3sat,max3sat_010,True,line12,reuse,1729,0,20923,0,False
max3sat,max3sat,max3sat_010,True,line12,reuse,2718,0,20923,0,False
max3sat,max3sat,max3sat_010,True,line12,reuse,31415,0,20923,0,False
max3sat,max3sat,max3sat_010,True,line12,reuse,57721,0,20923,0,False
max3sat,max3sat,max3sat_010,True,line12,reuse,65537,0,20923,0,False
max3sat,max3sat,max3sat_010,True,ring12,canonical,1729,740,20183,0,True
max3sat,max3sat,max3sat_010,True,ring12,canonical,2718,740,20183,0,True
max3sat,max3sat,max3sat_010,True,ring12,canonical,31415,740,20183,0,True
max3sat,max3sat,max3sat_010,True,ring12,canonical,57721,740,20183,0,True
max3sat,max3sat,max3sat_010,True,ring12,canonical,65537,740,20183,0,True
max3sat,max3sat,max3sat_010,True,ring12,reuse,1729,0,20923,0,False
max3sat,max3sat,max3sat_010,True,ring12,reuse,2718,0,20923,0,False
max3sat,max3sat,max3sat_010,True,ring12,reuse,31415,0,20923,0,False
max3sat,max3sat,max3sat_010,True,ring12,reuse,57721,0,20923,0,False
max3sat,max3sat,max3sat_010,True,ring12,reuse,65537,0,20923,0,False
max3sat,max3sat,max3sat_011,False,grid12,canonical,1729,432,20491,0,True
max3sat,max3sat,max3sat_011,False,grid12,canonical,2718,432,20491,0,True
max3sat,max3sat,max3sat_011,False,grid12,canonical,31415,2232,18691,0,True
max3sat,max3sat,max3sat_011,False,grid12,canonical,57721,432,20491,0,True
max3sat,max3sat,max3sat_011,False,grid12,canonical,65537,2232,18691,0,True
max3sat,max3sat,max3sat_011,False,grid12,reuse,1729,432,20491,0,True
max3sat,max3sat,max3sat_011,False,grid12,reuse,2718,1908,19015,0,True
max3sat,max3sat,max3sat_011,False,grid12,reuse,31415,216,20707,0,True
max3sat,max3sat,max3sat_011,False,grid12,reuse,57721,216,20707,0,True
max3sat,max3sat,max3sat_011,False,grid12,reuse,65537,432,20491,0,True
max3sat,max3sat,max3sat_011,False,line12,canonical,1729,144,20779,0,True
max3sat,max3sat,max3sat_011,False,line12,canonical,2718,1674,19249,0,True
max3sat,max3sat,max3sat_011,False,line12,canonical,31415,174,20749,0,True
max3sat,max3sat,max3sat_011,False,line12,canonical,57721,1280,19643,0,True
max3sat,max3sat,max3sat_011,False,line12,canonical,65537,174,20749,0,True
max3sat,max3sat,max3sat_011,False,line12,reuse,1729,1620,19303,0,True
max3sat,max3sat,max3sat_011,False,line12,reuse,2718,1620,19303,0,True
max3sat,max3sat,max3sat_011,False,line12,reuse,31415,1620,19303,0,True
max3sat,max3sat,max3sat_011,False,line12,reuse,57721,1620,19303,0,True
max3sat,max3sat,max3sat_011,False,line12,reuse,65537,1620,19303,0,True
max3sat,max3sat,max3sat_011,False,ring12,canonical,1729,144,20779,0,True
max3sat,max3sat,max3sat_011,False,ring12,canonical,2718,1519,19404,0,True
max3sat,max3sat,max3sat_011,False,ring12,canonical,31415,174,20749,0,True
max3sat,max3sat,max3sat_011,False,ring12,canonical,57721,1794,19129,0,True
max3sat,max3sat,max3sat_011,False,ring12,canonical,65537,174,20749,0,True
max3sat,max3sat,max3sat_011,False,ring12,reuse,1729,1620,19303,0,True
max3sat,max3sat,max3sat_011,False,ring12,reuse,2718,1653,19270,0,True
max3sat,max3sat,max3sat_011,False,ring12,reuse,31415,1620,19303,0,True
max3sat,max3sat,max3sat_011,False,ring12,reuse,57721,1620,19303,0,True
max3sat,max3sat,max3sat_011,False,ring12,reuse,65537,1620,19303,0,True
max3sat,max3sat,max3sat_012,False,grid12,canonical,1729,1645,19278,0,True
max3sat,max3sat,max3sat_012,False,grid12,canonical,2718,1645,19278,0,True
max3sat,max3sat,max3sat_012,False,grid12,canonical,31415,1645,19278,0,True
max3sat,max3sat,max3sat_012,False,grid12,canonical,57721,1680,19243,0,True
max3sat,max3sat,max3sat_012,False,grid12,canonical,65537,1680,19243,0,True
max3sat,max3sat,max3sat_012,False,grid12,reuse,1729,0,20923,0,False
max3sat,max3sat,max3sat_012,False,grid12,reuse,2718,0,20923,0,False
max3sat,max3sat,max3sat_012,False,grid12,reuse,31415,0,20923,0,False
max3sat,max3sat,max3sat_012,False,grid12,reuse,57721,0,20923,0,False
max3sat,max3sat,max3sat_012,False,grid12,reuse,65537,0,20923,0,False
max3sat,max3sat,max3sat_012,False,line12,canonical,1729,0,20923,0,False
max3sat,max3sat,max3sat_012,False,line12,canonical,2718,0,20923,0,False
max3sat,max3sat,max3sat_012,False,line12,canonical,31415,0,20923,0,False
max3sat,max3sat,max3sat_012,False,line12,canonical,57721,0,20923,0,False
max3sat,max3sat,max3sat_012,False,line12,canonical,65537,0,20923,0,False
max3sat,max3sat,max3sat_012,False,line12,reuse,1729,0,20923,0,False
max3sat,max3sat,max3sat_012,False,line12,reuse,2718,0,20923,0,False
max3sat,max3sat,max3sat_012,False,line12,reuse,31415,0,20923,0,False
max3sat,max3sat,max3sat_012,False,line12,reuse,57721,0,20923,0,False
max3sat,max3sat,max3sat_012,False,line12,reuse,65537,0,20923,0,False
max3sat,max3sat,max3sat_012,False,ring12,canonical,1729,10,20913,0,True
max3sat,max3sat,max3sat_012,False,ring12,canonical,2718,15,20908,0,True
max3sat,max3sat,max3sat_012,False,ring12,canonical,31415,15,20908,0,True
max3sat,max3sat,max3sat_012,False,ring12,canonical,57721,15,20908,0,True
max3sat,max3sat,max3sat_012,False,ring12,canonical,65537,15,20908,0,True
max3sat,max3sat,max3sat_012,False,ring12,reuse,1729,0,20923,0,False
max3sat,max3sat,max3sat_012,False,ring12,reuse,2718,0,20923,0,False
max3sat,max3sat,max3sat_012,False,ring12,reuse,31415,0,20923,0,False
max3sat,max3sat,max3sat_012,False,ring12,reuse,57721,0,20923,0,False
max3sat,max3sat,max3sat_012,False,ring12,reuse,65537,0,20923,0,False
max3sat,max3sat,max3sat_013,True,grid12,canonical,1729,282,20641,0,True
max3sat,max3sat,max3sat_013,True,grid12,canonical,2718,736,20187,0,True
max3sat,max3sat,max3sat_013,True,grid12,canonical,31415,282,20641,0,True
max3sat,max3sat,max3sat_013,True,grid12,canonical,57721,282,20641,0,True
max3sat,max3sat,max3sat_013,True,grid12,canonical,65537,282,20641,0,True
max3sat,max3sat,max3sat_013,True,grid12,reuse,1729,432,20491,0,True
max3sat,max3sat,max3sat_013,True,grid12,reuse,2718,432,20491,0,True
max3sat,max3sat,max3sat_013,True,grid12,reuse,31415,432,20491,0,True
max3sat,max3sat,max3sat_013,True,grid12,reuse,57721,432,20491,0,True
max3sat,max3sat,max3sat_013,True,grid12,reuse,65537,2196,18727,0,True
max3sat,max3sat,max3sat_013,True,line12,canonical,1729,549,20374,0,True
max3sat,max3sat,max3sat_013,True,line12,canonical,2718,225,20698,0,True
max3sat,max3sat,max3sat_013,True,line12,canonical,31415,225,20698,0,True
max3sat,max3sat,max3sat_013,True,line12,canonical,57721,250,20673,0,True
max3sat,max3sat,max3sat_013,True,line12,canonical,65537,225,20698,0,True
max3sat,max3sat,max3sat_013,True,line12,reuse,1729,0,20923,0,False
max3sat,max3sat,max3sat_013,True,line12,reuse,2718,0,20923,0,False
max3sat,max3sat,max3sat_013,True,line12,reuse,31415,0,20923,0,False
max3sat,max3sat,max3sat_013,True,line12,reuse,57721,0,20923,0,False
max3sat,max3sat,max3sat_013,True,line12,reuse,65537,0,20923,0,False
max3sat,max3sat,max3sat_013,True,ring12,canonical,1729,1668,19255,0,True
max3sat,max3sat,max3sat_013,True,ring12,canonical,2718,505,20418,0,True
max3sat,max3sat,max3sat_013,True,ring12,canonical,31415,505,20418,0,True
max3sat,max3sat,max3sat_013,True,ring12,canonical,57721,505,20418,0,True
max3sat,max3sat,max3sat_013,True,ring12,canonical,65537,505,20418,0,True
max3sat,max3sat,max3sat_013,True,ring12,reuse,1729,0,20923,0,False
max3sat,max3sat,max3sat_013,True,ring12,reuse,2718,0,20923,0,False
max3sat,max3sat,max3sat_013,True,ring12,reuse,31415,0,20923,0,False
max3sat,max3sat,max3sat_013,True,ring12,reuse,57721,0,20923,0,False
max3sat,max3sat,max3sat_013,True,ring12,reuse,65537,0,20923,0,False
max3sat,max3sat,max3sat_014,False,grid12,canonical,1729,216,20707,0,True
max3sat,max3sat,max3sat_014,False,grid12,canonical,2718,216,20707,0,True
max3sat,max3sat,max3sat_014,False,grid12,canonical,31415,216,20707,0,True
max3sat,max3sat,max3sat_014,False,grid12,canonical,57721,216,20707,0,True
max3sat,max3sat,max3sat_014,False,grid12,canonical,65537,216,20707,0,True
max3sat,max3sat,max3sat_014,False,grid12,reuse,1729,0,20923,0,False
max3sat,max3sat,max3sat_014,False,grid12,reuse,2718,0,20923,0,False
max3sat,max3sat,max3sat_014,False,grid12,reuse,31415,0,20923,0,False
max3sat,max3sat,max3sat_014,False,grid12,reuse,57721,0,20923,0,False
max3sat,max3sat,max3sat_014,False,grid12,reuse,65537,0,20923,0,False
max3sat,max3sat,max3sat_014,False,line12,canonical,1729,0,20923,0,False
max3sat,max3sat,max3sat_014,False,line12,canonical,2718,0,20923,0,False
max3sat,max3sat,max3sat_014,False,line12,canonical,31415,0,20923,0,False
max3sat,max3sat,max3sat_014,False,line12,canonical,57721,0,20923,0,False
max3sat,max3sat,max3sat_014,False,line12,canonical,65537,0,20923,0,False
max3sat,max3sat,max3sat_014,False,line12,reuse,1729,0,20923,0,False
max3sat,max3sat,max3sat_014,False,line12,reuse,2718,0,20923,0,False
max3sat,max3sat,max3sat_014,False,line12,reuse,31415,0,20923,0,False
max3sat,max3sat,max3sat_014,False,line12,reuse,57721,0,20923,0,False
max3sat,max3sat,max3sat_014,False,line12,reuse,65537,0,20923,0,False
max3sat,max3sat,max3sat_014,False,ring12,canonical,1729,0,20923,0,False
max3sat,max3sat,max3sat_014,False,ring12,canonical,2718,0,20923,0,False
max3sat,max3sat,max3sat_014,False,ring12,canonical,31415,0,20923,0,False
max3sat,max3sat,max3sat_014,False,ring12,canonical,57721,0,20923,0,False
max3sat,max3sat,max3sat_014,False,ring12,canonical,65537,0,20923,0,False
max3sat,max3sat,max3sat_014,False,ring12,reuse,1729,0,20923,0,False
max3sat,max3sat,max3sat_014,False,ring12,reuse,2718,0,20923,0,False
max3sat,max3sat,max3sat_014,False,ring12,reuse,31415,0,20923,0,False
max3sat,max3sat,max3sat_014,False,ring12,reuse,57721,0,20923,0,False
max3sat,max3sat,max3sat_014,False,ring12,reuse,65537,0,20923,0,False
max3sat,max3sat,max3sat_015,False,grid12,canonical,1729,0,20923,0,False
max3sat,max3sat,max3sat_015,False,grid12,canonical,2718,0,20923,0,False
max3sat,max3sat,max3sat_015,False,grid12,canonical,31415,0,20923,0,False
max3sat,max3sat,max3sat_015,False,grid12,canonical,57721,0,20923,0,False
max3sat,max3sat,max3sat_015,False,grid12,canonical,65537,0,20923,0,False
max3sat,max3sat,max3sat_015,False,grid12,reuse,1729,0,20923,0,False
max3sat,max3sat,max3sat_015,False,grid12,reuse,2718,0,20923,0,False
max3sat,max3sat,max3sat_015,False,grid12,reuse,31415,0,20923,0,False
max3sat,max3sat,max3sat_015,False,grid12,reuse,57721,0,20923,0,False
max3sat,max3sat,max3sat_015,False,grid12,reuse,65537,0,20923,0,False
max3sat,max3sat,max3sat_015,False,line12,canonical,1729,0,20923,0,False
max3sat,max3sat,max3sat_015,False,line12,canonical,2718,0,20923,0,False
max3sat,max3sat,max3sat_015,False,line12,canonical,31415,0,20923,0,False
max3sat,max3sat,max3sat_015,False,line12,canonical,57721,0,20923,0,False
max3sat,max3sat,max3sat_015,False,line12,canonical,65537,0,20923,0,False
max3sat,max3sat,max3sat_015,False,line12,reuse,1729,0,20923,0,False
max3sat,max3sat,max3sat_015,False,line12,reuse,2718,0,20923,0,False
max3sat,max3sat,max3sat_015,False,line12,reuse,31415,0,20923,0,False
max3sat,max3sat,max3sat_015,False,line12,reuse,57721,0,20923,0,False
max3sat,max3sat,max3sat_015,False,line12,reuse,65537,0,20923,0,False
max3sat,max3sat,max3sat_015,False,ring12,canonical,1729,0,20923,0,False
max3sat,max3sat,max3sat_015,False,ring12,canonical,2718,0,20923,0,False
max3sat,max3sat,max3sat_015,False,ring12,canonical,31415,0,20923,0,False
max3sat,max3sat,max3sat_015,False,ring12,canonical,57721,0,20923,0,False
max3sat,max3sat,max3sat_015,False,ring12,canonical,65537,0,20923,0,False
max3sat,max3sat,max3sat_015,False,ring12,reuse,1729,0,20923,0,False
max3sat,max3sat,max3sat_015,False,ring12,reuse,2718,0,20923,0,False
max3sat,max3sat,max3sat_015,False,ring12,reuse,31415,0,20923,0,False
max3sat,max3sat,max3sat_015,False,ring12,reuse,57721,0,20923,0,False
max3sat,max3sat,max3sat_015,False,ring12,reuse,65537,0,20923,0,False
max3sat,max3sat,max3sat_016,True,grid12,canonical,1729,780,20143,0,True
max3sat,max3sat,max3sat_016,True,grid12,canonical,2718,2604,18319,0,True
max3sat,max3sat,max3sat_016,True,grid12,canonical,31415,966,19957,0,True
max3sat,max3sat,max3sat_016,True,grid12,canonical,57721,816,20107,0,True
max3sat,max3sat,max3sat_016,True,grid12,canonical,65537,816,20107,0,True
max3sat,max3sat,max3sat_016,True,grid12,reuse,1729,0,20923,0,False
max3sat,max3sat,max3sat_016,True,grid12,reuse,2718,0,20923,0,False
max3sat,max3sat,max3sat_016,True,grid12,reuse,31415,0,20923,0,False
max3sat,max3sat,max3sat_016,True,grid12,reuse,57721,0,20923,0,False
max3sat,max3sat,max3sat_016,True,grid12,reuse,65537,0,20923,0,False
max3sat,max3sat,max3sat_016,True,line12,canonical,1729,360,20563,0,True
max3sat,max3sat,max3sat_016,True,line12,canonical,2718,1530,19393,0,True
max3sat,max3sat,max3sat_016,True,line12,canonical,31415,1872,19051,0,True
max3sat,max3sat,max3sat_016,True,line12,canonical,57721,1872,19051,0,True
max3sat,max3sat,max3sat_016,True,line12,canonical,65537,360,20563,0,True
max3sat,max3sat,max3sat_016,True,line12,reuse,1729,0,20923,0,False
max3sat,max3sat,max3sat_016,True,line12,reuse,2718,0,20923,0,False
max3sat,max3sat,max3sat_016,True,line12,reuse,31415,0,20923,0,False
max3sat,max3sat,max3sat_016,True,line12,reuse,57721,0,20923,0,False
max3sat,max3sat,max3sat_016,True,line12,reuse,65537,0,20923,0,False
max3sat,max3sat,max3sat_016,True,ring12,canonical,1729,360,20563,0,True
max3sat,max3sat,max3sat_016,True,ring12,canonical,2718,1530,19393,0,True
max3sat,max3sat,max3sat_016,True,ring12,canonical,31415,1872,19051,0,True
max3sat,max3sat,max3sat_016,True,ring12,canonical,57721,1872,19051,0,True
max3sat,max3sat,max3sat_016,True,ring12,canonical,65537,360,20563,0,True
max3sat,max3sat,max3sat_016,True,ring12,reuse,1729,0,20923,0,False
max3sat,max3sat,max3sat_016,True,ring12,reuse,2718,0,20923,0,False
max3sat,max3sat,max3sat_016,True,ring12,reuse,31415,0,20923,0,False
max3sat,max3sat,max3sat_016,True,ring12,reuse,57721,0,20923,0,False
max3sat,max3sat,max3sat_016,True,ring12,reuse,65537,0,20923,0,False
max3sat,max3sat,max3sat_017,True,grid12,canonical,1729,0,20923,0,False
max3sat,max3sat,max3sat_017,True,grid12,canonical,2718,0,20923,0,False
max3sat,max3sat,max3sat_017,True,grid12,canonical,31415,0,20923,0,False
max3sat,max3sat,max3sat_017,True,grid12,canonical,57721,0,20923,0,False
max3sat,max3sat,max3sat_017,True,grid12,canonical,65537,0,20923,0,False
max3sat,max3sat,max3sat_017,True,grid12,reuse,1729,1830,19093,0,True
max3sat,max3sat,max3sat_017,True,grid12,reuse,2718,0,20923,0,False
max3sat,max3sat,max3sat_017,True,grid12,reuse,31415,0,20923,0,False
max3sat,max3sat,max3sat_017,True,grid12,reuse,57721,0,20923,0,False
max3sat,max3sat,max3sat_017,True,grid12,reuse,65537,0,20923,0,False
max3sat,max3sat,max3sat_017,True,line12,canonical,1729,0,20923,0,False
max3sat,max3sat,max3sat_017,True,line12,canonical,2718,0,20923,0,False
max3sat,max3sat,max3sat_017,True,line12,canonical,31415,0,20923,0,False
max3sat,max3sat,max3sat_017,True,line12,canonical,57721,0,20923,0,False
max3sat,max3sat,max3sat_017,True,line12,canonical,65537,0,20923,0,False
max3sat,max3sat,max3sat_017,True,line12,reuse,1729,0,20923,0,False
max3sat,max3sat,max3sat_017,True,line12,reuse,2718,0,20923,0,False
max3sat,max3sat,max3sat_017,True,line12,reuse,31415,0,20923,0,False
max3sat,max3sat,max3sat_017,True,line12,reuse,57721,0,20923,0,False
max3sat,max3sat,max3sat_017,True,line12,reuse,65537,0,20923,0,False
max3sat,max3sat,max3sat_017,True,ring12,canonical,1729,170,20753,0,True
max3sat,max3sat,max3sat_017,True,ring12,canonical,2718,0,20923,0,False
max3sat,max3sat,max3sat_017,True,ring12,canonical,31415,69,20854,0,True
max3sat,max3sat,max3sat_017,True,ring12,canonical,57721,0,20923,0,False
max3sat,max3sat,max3sat_017,True,ring12,canonical,65537,0,20923,0,False
max3sat,max3sat,max3sat_017,True,ring12,reuse,1729,0,20923,0,False
max3sat,max3sat,max3sat_017,True,ring12,reuse,2718,0,20923,0,False
max3sat,max3sat,max3sat_017,True,ring12,reuse,31415,0,20923,0,False
max3sat,max3sat,max3sat_017,True,ring12,reuse,57721,0,20923,0,False
max3sat,max3sat,max3sat_017,True,ring12,reuse,65537,0,20923,0,False
max3sat,max3sat,max3sat_018,False,grid12,canonical,1729,0,20923,0,False
max3sat,max3sat,max3sat_018,False,grid12,canonical,2718,0,20923,0,False
max3sat,max3sat,max3sat_018,False,grid12,canonical,31415,0,20923,0,False
max3sat,max3sat,max3sat_018,False,grid12,canonical,57721,0,20923,0,False
max3sat,max3sat,max3sat_018,False,grid12,canonical,65537,0,20923,0,False
max3sat,max3sat,max3sat_018,False,grid12,reuse,1729,0,20923,0,False
max3sat,max3sat,max3sat_018,False,grid12,reuse,2718,0,20923,0,False
max3sat,max3sat,max3sat_018,False,grid12,reuse,31415,1800,19123,0,True
max3sat,max3sat,max3sat_018,False,grid12,reuse,57721,0,20923,0,False
max3sat,max3sat,max3sat_018,False,grid12,reuse,65537,0,20923,0,False
max3sat,max3sat,max3sat_018,False,line12,canonical,1729,0,20923,0,False
max3sat,max3sat,max3sat_018,False,line12,canonical,2718,810,20113,0,True
max3sat,max3sat,max3sat_018,False,line12,canonical,31415,0,20923,0,False
max3sat,max3sat,max3sat_018,False,line12,canonical,57721,0,20923,0,False
max3sat,max3sat,max3sat_018,False,line12,canonical,65537,596,20327,0,True
max3sat,max3sat,max3sat_018,False,line12,reuse,1729,864,20059,0,True
max3sat,max3sat,max3sat_018,False,line12,reuse,2718,864,20059,0,True
max3sat,max3sat,max3sat_018,False,line12,reuse,31415,864,20059,0,True
max3sat,max3sat,max3sat_018,False,line12,reuse,57721,2340,18583,0,True
max3sat,max3sat,max3sat_018,False,line12,reuse,65537,864,20059,0,True
max3sat,max3sat,max3sat_018,False,ring12,canonical,1729,54,20869,0,True
max3sat,max3sat,max3sat_018,False,ring12,canonical,2718,1415,19508,0,True
max3sat,max3sat,max3sat_018,False,ring12,canonical,31415,0,20923,0,False
max3sat,max3sat,max3sat_018,False,ring12,canonical,57721,665,20258,0,True
max3sat,max3sat,max3sat_018,False,ring12,canonical,65537,1337,19586,0,True
max3sat,max3sat,max3sat_018,False,ring12,reuse,1729,864,20059,0,True
max3sat,max3sat,max3sat_018,False,ring12,reuse,2718,864,20059,0,True
max3sat,max3sat,max3sat_018,False,ring12,reuse,31415,864,20059,0,True
max3sat,max3sat,max3sat_018,False,ring12,reuse,57721,2112,18811,0,True
max3sat,max3sat,max3sat_018,False,ring12,reuse,65537,864,20059,0,True
max3sat,max3sat,max3sat_019,True,grid12,canonical,1729,1280,19643,0,True
max3sat,max3sat,max3sat_019,True,grid12,canonical,2718,291,20632,0,True
max3sat,max3sat,max3sat_019,True,grid12,canonical,31415,435,20488,0,True
max3sat,max3sat,max3sat_019,True,grid12,canonical,57721,787,20136,0,True
max3sat,max3sat,max3sat_019,True,grid12,canonical,65537,0,20923,0,False
max3sat,max3sat,max3sat_019,True,grid12,reuse,1729,0,20923,0,False
max3sat,max3sat,max3sat_019,True,grid12,reuse,2718,1722,19201,0,True
max3sat,max3sat,max3sat_019,True,grid12,reuse,31415,180,20743,0,True
max3sat,max3sat,max3sat_019,True,grid12,reuse,57721,180,20743,0,True
max3sat,max3sat,max3sat_019,True,grid12,reuse,65537,180,20743,0,True
max3sat,max3sat,max3sat_019,True,line12,canonical,1729,1665,19258,0,True
max3sat,max3sat,max3sat_019,True,line12,canonical,2718,480,20443,0,True
max3sat,max3sat,max3sat_019,True,line12,canonical,31415,1670,19253,0,True
max3sat,max3sat,max3sat_019,True,line12,canonical,57721,2040,18883,0,True
max3sat,max3sat,max3sat_019,True,line12,canonical,65537,1670,19253,0,True
max3sat,max3sat,max3sat_019,True,line12,reuse,1729,1692,19231,0,True
max3sat,max3sat,max3sat_019,True,line12,reuse,2718,1692,19231,0,True
max3sat,max3sat,max3sat_019,True,line12,reuse,31415,1692,19231,0,True
max3sat,max3sat,max3sat_019,True,line12,reuse,57721,1512,19411,0,True
max3sat,max3sat,max3sat_019,True,line12,reuse,65537,1512,19411,0,True
max3sat,max3sat,max3sat_019,True,ring12,canonical,1729,455,20468,0,True
max3sat,max3sat,max3sat_019,True,ring12,canonical,2718,1221,19702,0,True
max3sat,max3sat,max3sat_019,True,ring12,canonical,31415,1265,19658,0,True
max3sat,max3sat,max3sat_019,True,ring12,canonical,57721,1630,19293,0,True
max3sat,max3sat,max3sat_019,True,ring12,canonical,65537,1271,19652,0,True
max3sat,max3sat,max3sat_019,True,ring12,reuse,1729,1314,19609,0,True
max3sat,max3sat,max3sat_019,True,ring12,reuse,2718,1314,19609,0,True
max3sat,max3sat,max3sat_019,True,ring12,reuse,31415,1305,19618,0,True
max3sat,max3sat,max3sat_019,True,ring12,reuse,57721,1314,19609,0,True
max3sat,max3sat,max3sat_019,True,ring12,reuse,65537,1326,19597,0,True
max3sat,max3sat,max3sat_020,True,grid12,canonical,1729,0,20923,0,False
max3sat,max3sat,max3sat_020,True,grid12,canonical,2718,0,20923,0,False
max3sat,max3sat,max3sat_020,True,grid12,canonical,31415,0,20923,0,False
max3sat,max3sat,max3sat_020,True,grid12,canonical,57721,144,20779,0,True
max3sat,max3sat,max3sat_020,True,grid12,canonical,65537,0,20923,0,False
max3sat,max3sat,max3sat_020,True,grid12,reuse,1729,0,20923,0,False
max3sat,max3sat,max3sat_020,True,grid12,reuse,2718,0,20923,0,False
max3sat,max3sat,max3sat_020,True,grid12,reuse,31415,0,20923,0,False
max3sat,max3sat,max3sat_020,True,grid12,reuse,57721,0,20923,0,False
max3sat,max3sat,max3sat_020,True,grid12,reuse,65537,0,20923,0,False
max3sat,max3sat,max3sat_020,True,line12,canonical,1729,0,20923,0,False
max3sat,max3sat,max3sat_020,True,line12,canonical,2718,0,20923,0,False
max3sat,max3sat,max3sat_020,True,line12,canonical,31415,184,20739,0,True
max3sat,max3sat,max3sat_020,True,line12,canonical,57721,0,20923,0,False
max3sat,max3sat,max3sat_020,True,line12,canonical,65537,184,20739,0,True
max3sat,max3sat,max3sat_020,True,line12,reuse,1729,0,20923,0,False
max3sat,max3sat,max3sat_020,True,line12,reuse,2718,1512,19411,0,True
max3sat,max3sat,max3sat_020,True,line12,reuse,31415,0,20923,0,False
max3sat,max3sat,max3sat_020,True,line12,reuse,57721,0,20923,0,False
max3sat,max3sat,max3sat_020,True,line12,reuse,65537,1512,19411,0,True
max3sat,max3sat,max3sat_020,True,ring12,canonical,1729,0,20923,0,False
max3sat,max3sat,max3sat_020,True,ring12,canonical,2718,0,20923,0,False
max3sat,max3sat,max3sat_020,True,ring12,canonical,31415,844,20079,0,True
max3sat,max3sat,max3sat_020,True,ring12,canonical,57721,0,20923,0,False
max3sat,max3sat,max3sat_020,True,ring12,canonical,65537,852,20071,0,True
max3sat,max3sat,max3sat_020,True,ring12,reuse,1729,0,20923,0,False
max3sat,max3sat,max3sat_020,True,ring12,reuse,2718,1512,19411,0,True
max3sat,max3sat,max3sat_020,True,ring12,reuse,31415,0,20923,0,False
max3sat,max3sat,max3sat_020,True,ring12,reuse,57721,0,20923,0,False
max3sat,max3sat,max3sat_020,True,ring12,reuse,65537,1512,19411,0,True
max3sat,max3sat,max3sat_021,True,grid12,canonical,1729,968,19955,0,True
max3sat,max3sat,max3sat_021,True,grid12,canonical,2718,1577,19346,0,True
max3sat,max3sat,max3sat_021,True,grid12,canonical,31415,1344,19579,0,True
max3sat,max3sat,max3sat_021,True,grid12,canonical,57721,1227,19696,0,True
max3sat,max3sat,max3sat_021,True,grid12,canonical,65537,550,20373,0,True
max3sat,max3sat,max3sat_021,True,grid12,reuse,1729,954,19969,0,True
max3sat,max3sat,max3sat_021,True,grid12,reuse,2718,216,20707,0,True
max3sat,max3sat,max3sat_021,True,grid12,reuse,31415,846,20077,0,True
max3sat,max3sat,max3sat_021,True,grid12,reuse,57721,180,20743,0,True
max3sat,max3sat,max3sat_021,True,grid12,reuse,65537,216,20707,0,True
max3sat,max3sat,max3sat_021,True,line12,canonical,1729,1836,19087,0,True
max3sat,max3sat,max3sat_021,True,line12,canonical,2718,1836,19087,0,True
max3sat,max3sat,max3sat_021,True,line12,canonical,31415,1836,19087,0,True
max3sat,max3sat,max3sat_021,True,line12,canonical,57721,1836,19087,0,True
max3sat,max3sat,max3sat_021,True,line12,canonical,65537,1836,19087,0,True
max3sat,max3sat,max3sat_021,True,line12,reuse,1729,1548,19375,0,True
max3sat,max3sat,max3sat_021,True,line12,reuse,2718,1584,19339,0,True
max3sat,max3sat,max3sat_021,True,line12,reuse,31415,1584,19339,0,True
max3sat,max3sat,max3sat_021,True,line12,reuse,57721,1548,19375,0,True
max3sat,max3sat,max3sat_021,True,line12,reuse,65537,0,20923,0,False
max3sat,max3sat,max3sat_021,True,ring12,canonical,1729,1836,19087,0,True
max3sat,max3sat,max3sat_021,True,ring12,canonical,2718,1836,19087,0,True
max3sat,max3sat,max3sat_021,True,ring12,canonical,31415,1836,19087,0,True
max3sat,max3sat,max3sat_021,True,ring12,canonical,57721,1836,19087,0,True
max3sat,max3sat,max3sat_021,True,ring12,canonical,65537,1836,19087,0,True
max3sat,max3sat,max3sat_021,True,ring12,reuse,1729,1548,19375,0,True
max3sat,max3sat,max3sat_021,True,ring12,reuse,2718,1584,19339,0,True
max3sat,max3sat,max3sat_021,True,ring12,reuse,31415,1584,19339,0,True
max3sat,max3sat,max3sat_021,True,ring12,reuse,57721,1548,19375,0,True
max3sat,max3sat,max3sat_021,True,ring12,reuse,65537,0,20923,0,False
max3sat,max3sat,max3sat_022,False,grid12,canonical,1729,204,20719,0,True
max3sat,max3sat,max3sat_022,False,grid12,canonical,2718,204,20719,0,True
max3sat,max3sat,max3sat_022,False,grid12,canonical,31415,288,20635,0,True
max3sat,max3sat,max3sat_022,False,grid12,canonical,57721,84,20839,0,True
max3sat,max3sat,max3sat_022,False,grid12,canonical,65537,288,20635,0,True
max3sat,max3sat,max3sat_022,False,grid12,reuse,1729,0,20923,0,False
max3sat,max3sat,max3sat_022,False,grid12,reuse,2718,0,20923,0,False
max3sat,max3sat,max3sat_022,False,grid12,reuse,31415,0,20923,0,False
max3sat,max3sat,max3sat_022,False,grid12,reuse,57721,0,20923,0,False
max3sat,max3sat,max3sat_022,False,grid12,reuse,65537,0,20923,0,False
max3sat,max3sat,max3sat_022,False,line12,canonical,1729,1926,18997,0,True
max3sat,max3sat,max3sat_022,False,line12,canonical,2718,1154,19769,0,True
max3sat,max3sat,max3sat_022,False,line12,canonical,31415,1136,19787,0,True
max3sat,max3sat,max3sat_022,False,line12,canonical,57721,650,20273,0,True
max3sat,max3sat,max3sat_022,False,line12,canonical,65537,1160,19763,0,True
max3sat,max3sat,max3sat_022,False,line12,reuse,1729,0,20923,0,False
max3sat,max3sat,max3sat_022,False,line12,reuse,2718,0,20923,0,False
max3sat,max3sat,max3sat_022,False,line12,reuse,31415,0,20923,0,False
max3sat,max3sat,max3sat_022,False,line12,reuse,57721,0,20923,0,False
max3sat,max3sat,max3sat_022,False,line12,reuse,65537,0,20923,0,False
max3sat,max3sat,max3sat_022,False,ring12,canonical,1729,1926,18997,0,True
max3sat,max3sat,max3sat_022,False,ring12,canonical,2718,1280,19643,0,True
max3sat,max3sat,max3sat_022,False,ring12,canonical,31415,1136,19787,0,True
max3sat,max3sat,max3sat_022,False,ring12,canonical,57721,650,20273,0,True
max3sat,max3sat,max3sat_022,False,ring12,canonical,65537,1287,19636,0,True
max3sat,max3sat,max3sat_022,False,ring12,reuse,1729,0,20923,0,False
max3sat,max3sat,max3sat_022,False,ring12,reuse,2718,0,20923,0,False
max3sat,max3sat,max3sat_022,False,ring12,reuse,31415,0,20923,0,False
max3sat,max3sat,max3sat_022,False,ring12,reuse,57721,0,20923,0,False
max3sat,max3sat,max3sat_022,False,ring12,reuse,65537,0,20923,0,False
max3sat,max3sat,max3sat_023,False,grid12,canonical,1729,294,20629,0,True
max3sat,max3sat,max3sat_023,False,grid12,canonical,2718,288,20635,0,True
max3sat,max3sat,max3sat_023,False,grid12,canonical,31415,2106,18817,0,True
max3sat,max3sat,max3sat_023,False,grid12,canonical,57721,2022,18901,0,True
max3sat,max3sat,max3sat_023,False,grid12,canonical,65537,504,20419,0,True
max3sat,max3sat,max3sat_023,False,grid12,reuse,1729,0,20923,0,False
max3sat,max3sat,max3sat_023,False,grid12,reuse,2718,216,20707,0,True
max3sat,max3sat,max3sat_023,False,grid12,reuse,31415,216,20707,0,True
max3sat,max3sat,max3sat_023,False,grid12,reuse,57721,0,20923,0,False
max3sat,max3sat,max3sat_023,False,grid12,reuse,65537,0,20923,0,False
max3sat,max3sat,max3sat_023,False,line12,canonical,1729,996,19927,0,True
max3sat,max3sat,max3sat_023,False,line12,canonical,2718,896,20027,0,True
max3sat,max3sat,max3sat_023,False,line12,canonical,31415,1008,19915,0,True
max3sat,max3sat,max3sat_023,False,line12,canonical,57721,1026,19897,0,True
max3sat,max3sat,max3sat_023,False,line12,canonical,65537,812,20111,0,True
max3sat,max3sat,max3sat_023,False,line12,reuse,1729,432,20491,0,True
max3sat,max3sat,max3sat_023,False,line12,reuse,2718,432,20491,0,True
max3sat,max3sat,max3sat_023,False,line12,reuse,31415,432,20491,0,True
max3sat,max3sat,max3sat_023,False,line12,reuse,57721,432,20491,0,True
max3sat,max3sat,max3sat_023,False,line12,reuse,65537,432,20491,0,True
max3sat,max3sat,max3sat_023,False,ring12,canonical,1729,1254,19669,0,True
max3sat,max3sat,max3sat_023,False,ring12,canonical,2718,1431,19492,0,True
max3sat,max3sat,max3sat_023,False,ring12,canonical,31415,1238,19685,0,True
max3sat,max3sat,max3sat_023,False,ring12,canonical,57721,1440,19483,0,True
max3sat,max3sat,max3sat_023,False,ring12,canonical,65537,1431,19492,0,True
max3sat,max3sat,max3sat_023,False,ring12,reuse,1729,432,20491,0,True
max3sat,max3sat,max3sat_023,False,ring12,reuse,2718,432,20491,0,True
max3sat,max3sat,max3sat_023,False,ring12,reuse,31415,432,20491,0,True
max3sat,max3sat,max3sat_023,False,ring12,reuse,57721,432,20491,0,True
max3sat,max3sat,max3sat_023,False,ring12,reuse,65537,432,20491,0,True
max3sat,max3sat,max3sat_024,False,grid12,canonical,1729,0,20923,0,False
max3sat,max3sat,max3sat_024,False,grid12,canonical,2718,0,20923,0,False
max3sat,max3sat,max3sat_024,False,grid12,canonical,31415,0,20923,0,False
max3sat,max3sat,max3sat_024,False,grid12,canonical,57721,0,20923,0,False
max3sat,max3sat,max3sat_024,False,grid12,canonical,65537,0,20923,0,False
max3sat,max3sat,max3sat_024,False,grid12,reuse,1729,0,20923,0,False
max3sat,max3sat,max3sat_024,False,grid12,reuse,2718,0,20923,0,False
max3sat,max3sat,max3sat_024,False,grid12,reuse,31415,0,20923,0,False
max3sat,max3sat,max3sat_024,False,grid12,reuse,57721,0,20923,0,False
max3sat,max3sat,max3sat_024,False,grid12,reuse,65537,0,20923,0,False
max3sat,max3sat,max3sat_024,False,line12,canonical,1729,1230,19693,0,True
max3sat,max3sat,max3sat_024,False,line12,canonical,2718,720,20203,0,True
max3sat,max3sat,max3sat_024,False,line12,canonical,31415,720,20203,0,True
max3sat,max3sat,max3sat_024,False,line12,canonical,57721,720,20203,0,True
max3sat,max3sat,max3sat_024,False,line12,canonical,65537,0,20923,0,False
max3sat,max3sat,max3sat_024,False,line12,reuse,1729,0,20923,0,False
max3sat,max3sat,max3sat_024,False,line12,reuse,2718,0,20923,0,False
max3sat,max3sat,max3sat_024,False,line12,reuse,31415,0,20923,0,False
max3sat,max3sat,max3sat_024,False,line12,reuse,57721,0,20923,0,False
max3sat,max3sat,max3sat_024,False,line12,reuse,65537,0,20923,0,False
max3sat,max3sat,max3sat_024,False,ring12,canonical,1729,1055,19868,0,True
max3sat,max3sat,max3sat_024,False,ring12,canonical,2718,1060,19863,0,True
max3sat,max3sat,max3sat_024,False,ring12,canonical,31415,1055,19868,0,True
max3sat,max3sat,max3sat_024,False,ring12,canonical,57721,1055,19868,0,True
max3sat,max3sat,max3sat_024,False,ring12,canonical,65537,0,20923,0,False
max3sat,max3sat,max3sat_024,False,ring12,reuse,1729,0,20923,0,False
max3sat,max3sat,max3sat_024,False,ring12,reuse,2718,0,20923,0,False
max3sat,max3sat,max3sat_024,False,ring12,reuse,31415,0,20923,0,False
max3sat,max3sat,max3sat_024,False,ring12,reuse,57721,0,20923,0,False
max3sat,max3sat,max3sat_024,False,ring12,reuse,65537,0,20923,0,False
max3sat,max3sat,max3sat_025,False,grid12,canonical,1729,0,20923,0,False
max3sat,max3sat,max3sat_025,False,grid12,canonical,2718,0,20923,0,False
max3sat,max3sat,max3sat_025,False,grid12,canonical,31415,1764,19159,0,True
max3sat,max3sat,max3sat_025,False,grid12,canonical,57721,0,20923,0,False
max3sat,max3sat,max3sat_025,False,grid12,canonical,65537,0,20923,0,False
max3sat,max3sat,max3sat_025,False,grid12,reuse,1729,0,20923,0,False
max3sat,max3sat,max3sat_025,False,grid12,reuse,2718,0,20923,0,False
max3sat,max3sat,max3sat_025,False,grid12,reuse,31415,0,20923,0,False
max3sat,max3sat,max3sat_025,False,grid12,reuse,57721,0,20923,0,False
max3sat,max3sat,max3sat_025,False,grid12,reuse,65537,0,20923,0,False
max3sat,max3sat,max3sat_025,False,line12,canonical,1729,0,20923,0,False
max3sat,max3sat,max3sat_025,False,line12,canonical,2718,0,20923,0,False
max3sat,max3sat,max3sat_025,False,line12,canonical,31415,0,20923,0,False
max3sat,max3sat,max3sat_025,False,line12,canonical,57721,0,20923,0,False
max3sat,max3sat,max3sat_025,False,line12,canonical,65537,0,20923,0,False
max3sat,max3sat,max3sat_025,False,line12,reuse,1729,0,20923,0,False
max3sat,max3sat,max3sat_025,False,line12,reuse,2718,0,20923,0,False
max3sat,max3sat,max3sat_025,False,line12,reuse,31415,0,20923,0,False
max3sat,max3sat,max3sat_025,False,line12,reuse,57721,0,20923,0,False
max3sat,max3sat,max3sat_025,False,line12,reuse,65537,0,20923,0,False
max3sat,max3sat,max3sat_025,False,ring12,canonical,1729,0,20923,0,False
max3sat,max3sat,max3sat_025,False,ring12,canonical,2718,0,20923,0,False
max3sat,max3sat,max3sat_025,False,ring12,canonical,31415,0,20923,0,False
max3sat,max3sat,max3sat_025,False,ring12,canonical,57721,0,20923,0,False
max3sat,max3sat,max3sat_025,False,ring12,canonical,65537,0,20923,0,False
max3sat,max3sat,max3sat_025,False,ring12,reuse,1729,0,20923,0,False
max3sat,max3sat,max3sat_025,False,ring12,reuse,2718,0,20923,0,False
max3sat,max3sat,max3sat_025,False,ring12,reuse,31415,0,20923,0,False
max3sat,max3sat,max3sat_025,False,ring12,reuse,57721,0,20923,0,False
max3sat,max3sat,max3sat_025,False,ring12,reuse,65537,0,20923,0,False
max3sat,max3sat,max3sat_026,False,grid12,canonical,1729,155,20768,0,True
max3sat,max3sat,max3sat_026,False,grid12,canonical,2718,721,20202,0,True
max3sat,max3sat,max3sat_026,False,grid12,canonical,31415,771,20152,0,True
max3sat,max3sat,max3sat_026,False,grid12,canonical,57721,760,20163,0,True
max3sat,max3sat,max3sat_026,False,grid12,canonical,65537,722,20201,0,True
max3sat,max3sat,max3sat_026,False,grid12,reuse,1729,2304,18619,0,True
max3sat,max3sat,max3sat_026,False,grid12,reuse,2718,2124,18799,0,True
max3sat,max3sat,max3sat_026,False,grid12,reuse,31415,2124,18799,0,True
max3sat,max3sat,max3sat_026,False,grid12,reuse,57721,2124,18799,0,True
max3sat,max3sat,max3sat_026,False,grid12,reuse,65537,2124,18799,0,True
max3sat,max3sat,max3sat_026,False,line12,canonical,1729,0,20923,0,False
max3sat,max3sat,max3sat_026,False,line12,canonical,2718,150,20773,0,True
max3sat,max3sat,max3sat_026,False,line12,canonical,31415,0,20923,0,False
max3sat,max3sat,max3sat_026,False,line12,canonical,57721,0,20923,0,False
max3sat,max3sat,max3sat_026,False,line12,canonical,65537,0,20923,0,False
max3sat,max3sat,max3sat_026,False,line12,reuse,1729,0,20923,0,False
max3sat,max3sat,max3sat_026,False,line12,reuse,2718,0,20923,0,False
max3sat,max3sat,max3sat_026,False,line12,reuse,31415,1548,19375,0,True
max3sat,max3sat,max3sat_026,False,line12,reuse,57721,1548,19375,0,True
max3sat,max3sat,max3sat_026,False,line12,reuse,65537,1170,19753,0,True
max3sat,max3sat,max3sat_026,False,ring12,canonical,1729,0,20923,0,False
max3sat,max3sat,max3sat_026,False,ring12,canonical,2718,168,20755,0,True
max3sat,max3sat,max3sat_026,False,ring12,canonical,31415,32,20891,0,True
max3sat,max3sat,max3sat_026,False,ring12,canonical,57721,0,20923,0,False
max3sat,max3sat,max3sat_026,False,ring12,canonical,65537,12,20911,0,True
max3sat,max3sat,max3sat_026,False,ring12,reuse,1729,0,20923,0,False
max3sat,max3sat,max3sat_026,False,ring12,reuse,2718,0,20923,0,False
max3sat,max3sat,max3sat_026,False,ring12,reuse,31415,1548,19375,0,True
max3sat,max3sat,max3sat_026,False,ring12,reuse,57721,1548,19375,0,True
max3sat,max3sat,max3sat_026,False,ring12,reuse,65537,1170,19753,0,True
max3sat,max3sat,max3sat_027,False,grid12,canonical,1729,319,20604,0,True
max3sat,max3sat,max3sat_027,False,grid12,canonical,2718,0,20923,0,False
max3sat,max3sat,max3sat_027,False,grid12,canonical,31415,688,20235,0,True
max3sat,max3sat,max3sat_027,False,grid12,canonical,57721,0,20923,0,False
max3sat,max3sat,max3sat_027,False,grid12,canonical,65537,639,20284,0,True
max3sat,max3sat,max3sat_027,False,grid12,reuse,1729,0,20923,0,False
max3sat,max3sat,max3sat_027,False,grid12,reuse,2718,0,20923,0,False
max3sat,max3sat,max3sat_027,False,grid12,reuse,31415,0,20923,0,False
max3sat,max3sat,max3sat_027,False,grid12,reuse,57721,0,20923,0,False
max3sat,max3sat,max3sat_027,False,grid12,reuse,65537,0,20923,0,False
max3sat,max3sat,max3sat_027,False,line12,canonical,1729,1506,19417,0,True
max3sat,max3sat,max3sat_027,False,line12,canonical,2718,1506,19417,0,True
max3sat,max3sat,max3sat_027,False,line12,canonical,31415,540,20383,0,True
max3sat,max3sat,max3sat_027,False,line12,canonical,57721,766,20157,0,True
max3sat,max3sat,max3sat_027,False,line12,canonical,65537,520,20403,0,True
max3sat,max3sat,max3sat_027,False,line12,reuse,1729,0,20923,0,False
max3sat,max3sat,max3sat_027,False,line12,reuse,2718,0,20923,0,False
max3sat,max3sat,max3sat_027,False,line12,reuse,31415,0,20923,0,False
max3sat,max3sat,max3sat_027,False,line12,reuse,57721,0,20923,0,False
max3sat,max3sat,max3sat_027,False,line12,reuse,65537,0,20923,0,False
max3sat,max3sat,max3sat_027,False,ring12,canonical,1729,1506,19417,0,True
max3sat,max3sat,max3sat_027,False,ring12,canonical,2718,1316,19607,0,True
max3sat,max3sat,max3sat_027,False,ring12,canonical,31415,1260,19663,0,True
max3sat,max3sat,max3sat_027,False,ring12,canonical,57721,1326,19597,0,True
max3sat,max3sat,max3sat_027,False,ring12,canonical,65537,1260,19663,0,True
max3sat,max3sat,max3sat_027,False,ring12,reuse,1729,0,20923,0,False
max3sat,max3sat,max3sat_027,False,ring12,reuse,2718,0,20923,0,False
max3sat,max3sat,max3sat_027,False,ring12,reuse,31415,0,20923,0,False
max3sat,max3sat,max3sat_027,False,ring12,reuse,57721,0,20923,0,False
max3sat,max3sat,max3sat_027,False,ring12,reuse,65537,0,20923,0,False
max3sat,max3sat,max3sat_028,False,grid12,canonical,1729,0,20923,0,False
max3sat,max3sat,max3sat_028,False,grid12,canonical,2718,0,20923,0,False
max3sat,max3sat,max3sat_028,False,grid12,canonical,31415,0,20923,0,False
max3sat,max3sat,max3sat_028,False,grid12,canonical,57721,0,20923,0,False
max3sat,max3sat,max3sat_028,False,grid12,canonical,65537,1692,19231,0,True
max3sat,max3sat,max3sat_028,False,grid12,reuse,1729,0,20923,0,False
max3sat,max3sat,max3sat_028,False,grid12,reuse,2718,0,20923,0,False
max3sat,max3sat,max3sat_028,False,grid12,reuse,31415,0,20923,0,False
max3sat,max3sat,max3sat_028,False,grid12,reuse,57721,0,20923,0,False
max3sat,max3sat,max3sat_028,False,grid12,reuse,65537,0,20923,0,False
max3sat,max3sat,max3sat_028,False,line12,canonical,1729,0,20923,0,False
max3sat,max3sat,max3sat_028,False,line12,canonical,2718,0,20923,0,False
max3sat,max3sat,max3sat_028,False,line12,canonical,31415,0,20923,0,False
max3sat,max3sat,max3sat_028,False,line12,canonical,57721,0,20923,0,False
max3sat,max3sat,max3sat_028,False,line12,canonical,65537,0,20923,0,False
max3sat,max3sat,max3sat_028,False,line12,reuse,1729,0,20923,0,False
max3sat,max3sat,max3sat_028,False,line12,reuse,2718,0,20923,0,False
max3sat,max3sat,max3sat_028,False,line12,reuse,31415,0,20923,0,False
max3sat,max3sat,max3sat_028,False,line12,reuse,57721,0,20923,0,False
max3sat,max3sat,max3sat_028,False,line12,reuse,65537,0,20923,0,False
max3sat,max3sat,max3sat_028,False,ring12,canonical,1729,0,20923,0,False
max3sat,max3sat,max3sat_028,False,ring12,canonical,2718,0,20923,0,False
max3sat,max3sat,max3sat_028,False,ring12,canonical,31415,0,20923,0,False
max3sat,max3sat,max3sat_028,False,ring12,canonical,57721,0,20923,0,False
max3sat,max3sat,max3sat_028,False,ring12,canonical,65537,0,20923,0,False
max3sat,max3sat,max3sat_028,False,ring12,reuse,1729,0,20923,0,False
max3sat,max3sat,max3sat_028,False,ring12,reuse,2718,0,20923,0,False
max3sat,max3sat,max3sat_028,False,ring12,reuse,31415,0,20923,0,False
max3sat,max3sat,max3sat_028,False,ring12,reuse,57721,0,20923,0,False
max3sat,max3sat,max3sat_028,False,ring12,reuse,65537,0,20923,0,False
max3sat,max3sat,max3sat_029,False,grid12,canonical,1729,0,20923,0,False
max3sat,max3sat,max3sat_029,False,grid12,canonical,2718,0,20923,0,False
max3sat,max3sat,max3sat_029,False,grid12,canonical,31415,0,20923,0,False
max3sat,max3sat,max3sat_029,False,grid12,canonical,57721,0,20923,0,False
max3sat,max3sat,max3sat_029,False,grid12,canonical,65537,0,20923,0,False
max3sat,max3sat,max3sat_029,False,grid12,reuse,1729,0,20923,0,False
max3sat,max3sat,max3sat_029,False,grid12,reuse,2718,0,20923,0,False
max3sat,max3sat,max3sat_029,False,grid12,reuse,31415,1794,19129,0,True
max3sat,max3sat,max3sat_029,False,grid12,reuse,57721,0,20923,0,False
max3sat,max3sat,max3sat_029,False,grid12,reuse,65537,0,20923,0,False
max3sat,max3sat,max3sat_029,False,line12,canonical,1729,0,20923,0,False
max3sat,max3sat,max3sat_029,False,line12,canonical,2718,0,20923,0,False
max3sat,max3sat,max3sat_029,False,line12,canonical,31415,0,20923,0,False
max3sat,max3sat,max3sat_029,False,line12,canonical,57721,0,20923,0,False
max3sat,max3sat,max3sat_029,False,line12,canonical,65537,0,20923,0,False
max3sat,max3sat,max3sat_029,False,line12,reuse,1729,0,20923,0,False
max3sat,max3sat,max3sat_029,False,line12,reuse,2718,0,20923,0,False
max3sat,max3sat,max3sat_029,False,line12,reuse,31415,0,20923,0,False
max3sat,max3sat,max3sat_029,False,line12,reuse,57721,0,20923,0,False
max3sat,max3sat,max3sat_029,False,line12,reuse,65537,0,20923,0,False
max3sat,max3sat,max3sat_029,False,ring12,canonical,1729,0,20923,0,False
max3sat,max3sat,max3sat_029,False,ring12,canonical,2718,0,20923,0,False
max3sat,max3sat,max3sat_029,False,ring12,canonical,31415,0,20923,0,False
max3sat,max3sat,max3sat_029,False,ring12,canonical,57721,0,20923,0,False
max3sat,max3sat,max3sat_029,False,ring12,canonical,65537,0,20923,0,False
max3sat,max3sat,max3sat_029,False,ring12,reuse,1729,0,20923,0,False
max3sat,max3sat,max3sat_029,False,ring12,reuse,2718,0,20923,0,False
max3sat,max3sat,max3sat_029,False,ring12,reuse,31415,0,20923,0,False
max3sat,max3sat,max3sat_029,False,ring12,reuse,57721,0,20923,0,False
max3sat,max3sat,max3sat_029,False,ring12,reuse,65537,0,20923,0,False
pair_star_isolated,constructed,pair_star_isolated_000,False,grid12,canonical,1729,30,20893,0,True
pair_star_isolated,constructed,pair_star_isolated_000,False,grid12,canonical,2718,384,20539,0,True
pair_star_isolated,constructed,pair_star_isolated_000,False,grid12,canonical,31415,30,20893,0,True
pair_star_isolated,constructed,pair_star_isolated_000,False,grid12,canonical,57721,514,20409,0,True
pair_star_isolated,constructed,pair_star_isolated_000,False,grid12,canonical,65537,556,20367,0,True
pair_star_isolated,constructed,pair_star_isolated_000,False,grid12,reuse,1729,1092,19831,0,True
pair_star_isolated,constructed,pair_star_isolated_000,False,grid12,reuse,2718,1266,19657,0,True
pair_star_isolated,constructed,pair_star_isolated_000,False,grid12,reuse,31415,1034,19889,0,True
pair_star_isolated,constructed,pair_star_isolated_000,False,grid12,reuse,57721,0,20923,0,False
pair_star_isolated,constructed,pair_star_isolated_000,False,grid12,reuse,65537,1248,19675,0,True
pair_star_isolated,constructed,pair_star_isolated_000,False,line12,canonical,1729,180,20743,0,True
pair_star_isolated,constructed,pair_star_isolated_000,False,line12,canonical,2718,225,20698,0,True
pair_star_isolated,constructed,pair_star_isolated_000,False,line12,canonical,31415,180,20743,0,True
pair_star_isolated,constructed,pair_star_isolated_000,False,line12,canonical,57721,180,20743,0,True
pair_star_isolated,constructed,pair_star_isolated_000,False,line12,canonical,65537,225,20698,0,True
pair_star_isolated,constructed,pair_star_isolated_000,False,line12,reuse,1729,456,20467,0,True
pair_star_isolated,constructed,pair_star_isolated_000,False,line12,reuse,2718,380,20543,0,True
pair_star_isolated,constructed,pair_star_isolated_000,False,line12,reuse,31415,467,20456,0,True
pair_star_isolated,constructed,pair_star_isolated_000,False,line12,reuse,57721,344,20579,0,True
pair_star_isolated,constructed,pair_star_isolated_000,False,line12,reuse,65537,456,20467,0,True
pair_star_isolated,constructed,pair_star_isolated_000,False,ring12,canonical,1729,78,20845,0,True
pair_star_isolated,constructed,pair_star_isolated_000,False,ring12,canonical,2718,49,20874,0,True
pair_star_isolated,constructed,pair_star_isolated_000,False,ring12,canonical,31415,84,20839,0,True
pair_star_isolated,constructed,pair_star_isolated_000,False,ring12,canonical,57721,54,20869,0,True
pair_star_isolated,constructed,pair_star_isolated_000,False,ring12,canonical,65537,72,20851,0,True
pair_star_isolated,constructed,pair_star_isolated_000,False,ring12,reuse,1729,18,20905,0,True
pair_star_isolated,constructed,pair_star_isolated_000,False,ring12,reuse,2718,18,20905,0,True
pair_star_isolated,constructed,pair_star_isolated_000,False,ring12,reuse,31415,18,20905,0,True
pair_star_isolated,constructed,pair_star_isolated_000,False,ring12,reuse,57721,18,20905,0,True
pair_star_isolated,constructed,pair_star_isolated_000,False,ring12,reuse,65537,6,20917,0,True
pair_star_isolated,constructed,pair_star_isolated_001,False,grid12,canonical,1729,2016,18907,0,True
pair_star_isolated,constructed,pair_star_isolated_001,False,grid12,canonical,2718,777,20146,0,True
pair_star_isolated,constructed,pair_star_isolated_001,False,grid12,canonical,31415,768,20155,0,True
pair_star_isolated,constructed,pair_star_isolated_001,False,grid12,canonical,57721,2031,18892,0,True
pair_star_isolated,constructed,pair_star_isolated_001,False,grid12,canonical,65537,804,20119,0,True
pair_star_isolated,constructed,pair_star_isolated_001,False,grid12,reuse,1729,144,20779,0,True
pair_star_isolated,constructed,pair_star_isolated_001,False,grid12,reuse,2718,234,20689,0,True
pair_star_isolated,constructed,pair_star_isolated_001,False,grid12,reuse,31415,1896,19027,0,True
pair_star_isolated,constructed,pair_star_isolated_001,False,grid12,reuse,57721,1854,19069,0,True
pair_star_isolated,constructed,pair_star_isolated_001,False,grid12,reuse,65537,1848,19075,0,True
pair_star_isolated,constructed,pair_star_isolated_001,False,line12,canonical,1729,1437,19486,0,True
pair_star_isolated,constructed,pair_star_isolated_001,False,line12,canonical,2718,1452,19471,0,True
pair_star_isolated,constructed,pair_star_isolated_001,False,line12,canonical,31415,1494,19429,0,True
pair_star_isolated,constructed,pair_star_isolated_001,False,line12,canonical,57721,1421,19502,0,True
pair_star_isolated,constructed,pair_star_isolated_001,False,line12,canonical,65537,1497,19426,0,True
pair_star_isolated,constructed,pair_star_isolated_001,False,line12,reuse,1729,1073,19850,0,True
pair_star_isolated,constructed,pair_star_isolated_001,False,line12,reuse,2718,1073,19850,0,True
pair_star_isolated,constructed,pair_star_isolated_001,False,line12,reuse,31415,695,20228,0,True
pair_star_isolated,constructed,pair_star_isolated_001,False,line12,reuse,57721,1073,19850,0,True
pair_star_isolated,constructed,pair_star_isolated_001,False,line12,reuse,65537,695,20228,0,True
pair_star_isolated,constructed,pair_star_isolated_001,False,ring12,canonical,1729,266,20657,0,True
pair_star_isolated,constructed,pair_star_isolated_001,False,ring12,canonical,2718,272,20651,0,True
pair_star_isolated,constructed,pair_star_isolated_001,False,ring12,canonical,31415,266,20657,0,True
pair_star_isolated,constructed,pair_star_isolated_001,False,ring12,canonical,57721,260,20663,0,True
pair_star_isolated,constructed,pair_star_isolated_001,False,ring12,canonical,65537,267,20656,0,True
pair_star_isolated,constructed,pair_star_isolated_001,False,ring12,reuse,1729,174,20749,0,True
pair_star_isolated,constructed,pair_star_isolated_001,False,ring12,reuse,2718,180,20743,0,True
pair_star_isolated,constructed,pair_star_isolated_001,False,ring12,reuse,31415,156,20767,0,True
pair_star_isolated,constructed,pair_star_isolated_001,False,ring12,reuse,57721,192,20731,0,True
pair_star_isolated,constructed,pair_star_isolated_001,False,ring12,reuse,65537,180,20743,0,True
pair_star_isolated,constructed,pair_star_isolated_002,True,grid12,canonical,1729,114,20809,0,True
pair_star_isolated,constructed,pair_star_isolated_002,True,grid12,canonical,2718,1985,18938,0,True
pair_star_isolated,constructed,pair_star_isolated_002,True,grid12,canonical,31415,84,20839,0,True
pair_star_isolated,constructed,pair_star_isolated_002,True,grid12,canonical,57721,156,20767,0,True
pair_star_isolated,constructed,pair_star_isolated_002,True,grid12,canonical,65537,96,20827,0,True
pair_star_isolated,constructed,pair_star_isolated_002,True,grid12,reuse,1729,198,20725,0,True
pair_star_isolated,constructed,pair_star_isolated_002,True,grid12,reuse,2718,222,20701,0,True
pair_star_isolated,constructed,pair_star_isolated_002,True,grid12,reuse,31415,1248,19675,0,True
pair_star_isolated,constructed,pair_star_isolated_002,True,grid12,reuse,57721,513,20410,0,True
pair_star_isolated,constructed,pair_star_isolated_002,True,grid12,reuse,65537,942,19981,0,True
pair_star_isolated,constructed,pair_star_isolated_002,True,line12,canonical,1729,210,20713,0,True
pair_star_isolated,constructed,pair_star_isolated_002,True,line12,canonical,2718,148,20775,0,True
pair_star_isolated,constructed,pair_star_isolated_002,True,line12,canonical,31415,154,20769,0,True
pair_star_isolated,constructed,pair_star_isolated_002,True,line12,canonical,57721,205,20718,0,True
pair_star_isolated,constructed,pair_star_isolated_002,True,line12,canonical,65537,90,20833,0,True
pair_star_isolated,constructed,pair_star_isolated_002,True,line12,reuse,1729,684,20239,0,True
pair_star_isolated,constructed,pair_star_isolated_002,True,line12,reuse,2718,0,20923,0,False
pair_star_isolated,constructed,pair_star_isolated_002,True,line12,reuse,31415,432,20491,0,True
pair_star_isolated,constructed,pair_star_isolated_002,True,line12,reuse,57721,0,20923,0,False
pair_star_isolated,constructed,pair_star_isolated_002,True,line12,reuse,65537,684,20239,0,True
pair_star_isolated,constructed,pair_star_isolated_002,True,ring12,canonical,1729,26,20897,0,True
pair_star_isolated,constructed,pair_star_isolated_002,True,ring12,canonical,2718,76,20847,0,True
pair_star_isolated,constructed,pair_star_isolated_002,True,ring12,canonical,31415,46,20877,0,True
pair_star_isolated,constructed,pair_star_isolated_002,True,ring12,canonical,57721,71,20852,0,True
pair_star_isolated,constructed,pair_star_isolated_002,True,ring12,canonical,65537,73,20850,0,True
pair_star_isolated,constructed,pair_star_isolated_002,True,ring12,reuse,1729,6,20917,0,True
pair_star_isolated,constructed,pair_star_isolated_002,True,ring12,reuse,2718,12,20911,0,True
pair_star_isolated,constructed,pair_star_isolated_002,True,ring12,reuse,31415,18,20905,0,True
pair_star_isolated,constructed,pair_star_isolated_002,True,ring12,reuse,57721,24,20899,0,True
pair_star_isolated,constructed,pair_star_isolated_002,True,ring12,reuse,65537,6,20917,0,True
pair_star_isolated,constructed,pair_star_isolated_003,False,grid12,canonical,1729,1068,19855,0,True
pair_star_isolated,constructed,pair_star_isolated_003,False,grid12,canonical,2718,1941,18982,0,True
pair_star_isolated,constructed,pair_star_isolated_003,False,grid12,canonical,31415,2144,18779,0,True
pair_star_isolated,constructed,pair_star_isolated_003,False,grid12,canonical,57721,1004,19919,0,True
pair_star_isolated,constructed,pair_star_isolated_003,False,grid12,canonical,65537,765,20158,0,True
pair_star_isolated,constructed,pair_star_isolated_003,False,grid12,reuse,1729,1968,18955,0,True
pair_star_isolated,constructed,pair_star_isolated_003,False,grid12,reuse,2718,624,20299,0,True
pair_star_isolated,constructed,pair_star_isolated_003,False,grid12,reuse,31415,1776,19147,0,True
pair_star_isolated,constructed,pair_star_isolated_003,False,grid12,reuse,57721,564,20359,0,True
pair_star_isolated,constructed,pair_star_isolated_003,False,grid12,reuse,65537,678,20245,0,True
pair_star_isolated,constructed,pair_star_isolated_003,False,line12,canonical,1729,165,20758,0,True
pair_star_isolated,constructed,pair_star_isolated_003,False,line12,canonical,2718,225,20698,0,True
pair_star_isolated,constructed,pair_star_isolated_003,False,line12,canonical,31415,225,20698,0,True
pair_star_isolated,constructed,pair_star_isolated_003,False,line12,canonical,57721,165,20758,0,True
pair_star_isolated,constructed,pair_star_isolated_003,False,line12,canonical,65537,525,20398,0,True
pair_star_isolated,constructed,pair_star_isolated_003,False,line12,reuse,1729,330,20593,0,True
pair_star_isolated,constructed,pair_star_isolated_003,False,line12,reuse,2718,315,20608,0,True
pair_star_isolated,constructed,pair_star_isolated_003,False,line12,reuse,31415,375,20548,0,True
pair_star_isolated,constructed,pair_star_isolated_003,False,line12,reuse,57721,330,20593,0,True
pair_star_isolated,constructed,pair_star_isolated_003,False,line12,reuse,65537,330,20593,0,True
pair_star_isolated,constructed,pair_star_isolated_003,False,ring12,canonical,1729,50,20873,0,True
pair_star_isolated,constructed,pair_star_isolated_003,False,ring12,canonical,2718,55,20868,0,True
pair_star_isolated,constructed,pair_star_isolated_003,False,ring12,canonical,31415,49,20874,0,True
pair_star_isolated,constructed,pair_star_isolated_003,False,ring12,canonical,57721,68,20855,0,True
pair_star_isolated,constructed,pair_star_isolated_003,False,ring12,canonical,65537,55,20868,0,True
pair_star_isolated,constructed,pair_star_isolated_003,False,ring12,reuse,1729,105,20818,0,True
pair_star_isolated,constructed,pair_star_isolated_003,False,ring12,reuse,2718,118,20805,0,True
pair_star_isolated,constructed,pair_star_isolated_003,False,ring12,reuse,31415,96,20827,0,True
pair_star_isolated,constructed,pair_star_isolated_003,False,ring12,reuse,57721,108,20815,0,True
pair_star_isolated,constructed,pair_star_isolated_003,False,ring12,reuse,65537,108,20815,0,True
pair_star_isolated,constructed,pair_star_isolated_004,True,grid12,canonical,1729,750,20173,0,True
pair_star_isolated,constructed,pair_star_isolated_004,True,grid12,canonical,2718,718,20205,0,True
pair_star_isolated,constructed,pair_star_isolated_004,True,grid12,canonical,31415,691,20232,0,True
pair_star_isolated,constructed,pair_star_isolated_004,True,grid12,canonical,57721,818,20105,0,True
pair_star_isolated,constructed,pair_star_isolated_004,True,grid12,canonical,65537,691,20232,0,True
pair_star_isolated,constructed,pair_star_isolated_004,True,grid12,reuse,1729,234,20689,0,True
pair_star_isolated,constructed,pair_star_isolated_004,True,grid12,reuse,2718,360,20563,0,True
pair_star_isolated,constructed,pair_star_isolated_004,True,grid12,reuse,31415,234,20689,0,True
pair_star_isolated,constructed,pair_star_isolated_004,True,grid12,reuse,57721,270,20653,0,True
pair_star_isolated,constructed,pair_star_isolated_004,True,grid12,reuse,65537,240,20683,0,True
pair_star_isolated,constructed,pair_star_isolated_004,True,line12,canonical,1729,330,20593,0,True
pair_star_isolated,constructed,pair_star_isolated_004,True,line12,canonical,2718,330,20593,0,True
pair_star_isolated,constructed,pair_star_isolated_004,True,line12,canonical,31415,330,20593,0,True
pair_star_isolated,constructed,pair_star_isolated_004,True,line12,canonical,57721,360,20563,0,True
pair_star_isolated,constructed,pair_star_isolated_004,True,line12,canonical,65537,375,20548,0,True
pair_star_isolated,constructed,pair_star_isolated_004,True,line12,reuse,1729,753,20170,0,True
pair_star_isolated,constructed,pair_star_isolated_004,True,line12,reuse,2718,330,20593,0,True
pair_star_isolated,constructed,pair_star_isolated_004,True,line12,reuse,31415,375,20548,0,True
pair_star_isolated,constructed,pair_star_isolated_004,True,line12,reuse,57721,505,20418,0,True
pair_star_isolated,constructed,pair_star_isolated_004,True,line12,reuse,65537,766,20157,0,True
pair_star_isolated,constructed,pair_star_isolated_004,True,ring12,canonical,1729,246,20677,0,True
pair_star_isolated,constructed,pair_star_isolated_004,True,ring12,canonical,2718,258,20665,0,True
pair_star_isolated,constructed,pair_star_isolated_004,True,ring12,canonical,31415,252,20671,0,True
pair_star_isolated,constructed,pair_star_isolated_004,True,ring12,canonical,57721,252,20671,0,True
pair_star_isolated,constructed,pair_star_isolated_004,True,ring12,canonical,65537,258,20665,0,True
pair_star_isolated,constructed,pair_star_isolated_004,True,ring12,reuse,1729,120,20803,0,True
pair_star_isolated,constructed,pair_star_isolated_004,True,ring12,reuse,2718,132,20791,0,True
pair_star_isolated,constructed,pair_star_isolated_004,True,ring12,reuse,31415,114,20809,0,True
pair_star_isolated,constructed,pair_star_isolated_004,True,ring12,reuse,57721,96,20827,0,True
pair_star_isolated,constructed,pair_star_isolated_004,True,ring12,reuse,65537,114,20809,0,True
pair_star_isolated,constructed,pair_star_isolated_005,True,grid12,canonical,1729,838,20085,0,True
pair_star_isolated,constructed,pair_star_isolated_005,True,grid12,canonical,2718,845,20078,0,True
pair_star_isolated,constructed,pair_star_isolated_005,True,grid12,canonical,31415,837,20086,0,True
pair_star_isolated,constructed,pair_star_isolated_005,True,grid12,canonical,57721,864,20059,0,True
pair_star_isolated,constructed,pair_star_isolated_005,True,grid12,canonical,65537,839,20084,0,True
pair_star_isolated,constructed,pair_star_isolated_005,True,grid12,reuse,1729,1764,19159,0,True
pair_star_isolated,constructed,pair_star_isolated_005,True,grid12,reuse,2718,1884,19039,0,True
pair_star_isolated,constructed,pair_star_isolated_005,True,grid12,reuse,31415,1716,19207,0,True
pair_star_isolated,constructed,pair_star_isolated_005,True,grid12,reuse,57721,1764,19159,0,True
pair_star_isolated,constructed,pair_star_isolated_005,True,grid12,reuse,65537,180,20743,0,True
pair_star_isolated,constructed,pair_star_isolated_005,True,line12,canonical,1729,720,20203,0,True
pair_star_isolated,constructed,pair_star_isolated_005,True,line12,canonical,2718,681,20242,0,True
pair_star_isolated,constructed,pair_star_isolated_005,True,line12,canonical,31415,720,20203,0,True
pair_star_isolated,constructed,pair_star_isolated_005,True,line12,canonical,57721,750,20173,0,True
pair_star_isolated,constructed,pair_star_isolated_005,True,line12,canonical,65537,750,20173,0,True
pair_star_isolated,constructed,pair_star_isolated_005,True,line12,reuse,1729,363,20560,0,True
pair_star_isolated,constructed,pair_star_isolated_005,True,line12,reuse,2718,369,20554,0,True
pair_star_isolated,constructed,pair_star_isolated_005,True,line12,reuse,31415,90,20833,0,True
pair_star_isolated,constructed,pair_star_isolated_005,True,line12,reuse,57721,408,20515,0,True
pair_star_isolated,constructed,pair_star_isolated_005,True,line12,reuse,65537,414,20509,0,True
pair_star_isolated,constructed,pair_star_isolated_005,True,ring12,canonical,1729,178,20745,0,True
pair_star_isolated,constructed,pair_star_isolated_005,True,ring12,canonical,2718,139,20784,0,True
pair_star_isolated,constructed,pair_star_isolated_005,True,ring12,canonical,31415,144,20779,0,True
pair_star_isolated,constructed,pair_star_isolated_005,True,ring12,canonical,57721,144,20779,0,True
pair_star_isolated,constructed,pair_star_isolated_005,True,ring12,canonical,65537,134,20789,0,True
pair_star_isolated,constructed,pair_star_isolated_005,True,ring12,reuse,1729,30,20893,0,True
pair_star_isolated,constructed,pair_star_isolated_005,True,ring12,reuse,2718,89,20834,0,True
pair_star_isolated,constructed,pair_star_isolated_005,True,ring12,reuse,31415,70,20853,0,True
pair_star_isolated,constructed,pair_star_isolated_005,True,ring12,reuse,57721,100,20823,0,True
pair_star_isolated,constructed,pair_star_isolated_005,True,ring12,reuse,65537,65,20858,0,True
pair_star_isolated,constructed,pair_star_isolated_006,True,grid12,canonical,1729,394,20529,0,True
pair_star_isolated,constructed,pair_star_isolated_006,True,grid12,canonical,2718,430,20493,0,True
pair_star_isolated,constructed,pair_star_isolated_006,True,grid12,canonical,31415,418,20505,0,True
pair_star_isolated,constructed,pair_star_isolated_006,True,grid12,canonical,57721,394,20529,0,True
pair_star_isolated,constructed,pair_star_isolated_006,True,grid12,canonical,65537,320,20603,0,True
pair_star_isolated,constructed,pair_star_isolated_006,True,grid12,reuse,1729,264,20659,0,True
pair_star_isolated,constructed,pair_star_isolated_006,True,grid12,reuse,2718,222,20701,0,True
pair_star_isolated,constructed,pair_star_isolated_006,True,grid12,reuse,31415,258,20665,0,True
pair_star_isolated,constructed,pair_star_isolated_006,True,grid12,reuse,57721,304,20619,0,True
pair_star_isolated,constructed,pair_star_isolated_006,True,grid12,reuse,65537,260,20663,0,True
pair_star_isolated,constructed,pair_star_isolated_006,True,line12,canonical,1729,516,20407,0,True
pair_star_isolated,constructed,pair_star_isolated_006,True,line12,canonical,2718,626,20297,0,True
pair_star_isolated,constructed,pair_star_isolated_006,True,line12,canonical,31415,486,20437,0,True
pair_star_isolated,constructed,pair_star_isolated_006,True,line12,canonical,57721,460,20463,0,True
pair_star_isolated,constructed,pair_star_isolated_006,True,line12,canonical,65537,516,20407,0,True
pair_star_isolated,constructed,pair_star_isolated_006,True,line12,reuse,1729,0,20923,0,False
pair_star_isolated,constructed,pair_star_isolated_006,True,line12,reuse,2718,0,20923,0,False
pair_star_isolated,constructed,pair_star_isolated_006,True,line12,reuse,31415,0,20923,0,False
pair_star_isolated,constructed,pair_star_isolated_006,True,line12,reuse,57721,0,20923,0,False
pair_star_isolated,constructed,pair_star_isolated_006,True,line12,reuse,65537,0,20923,0,False
pair_star_isolated,constructed,pair_star_isolated_006,True,ring12,canonical,1729,91,20832,0,True
pair_star_isolated,constructed,pair_star_isolated_006,True,ring12,canonical,2718,106,20817,0,True
pair_star_isolated,constructed,pair_star_isolated_006,True,ring12,canonical,31415,91,20832,0,True
pair_star_isolated,constructed,pair_star_isolated_006,True,ring12,canonical,57721,106,20817,0,True
pair_star_isolated,constructed,pair_star_isolated_006,True,ring12,canonical,65537,91,20832,0,True
pair_star_isolated,constructed,pair_star_isolated_006,True,ring12,reuse,1729,0,20923,0,False
pair_star_isolated,constructed,pair_star_isolated_006,True,ring12,reuse,2718,0,20923,0,False
pair_star_isolated,constructed,pair_star_isolated_006,True,ring12,reuse,31415,0,20923,0,False
pair_star_isolated,constructed,pair_star_isolated_006,True,ring12,reuse,57721,0,20923,0,False
pair_star_isolated,constructed,pair_star_isolated_006,True,ring12,reuse,65537,0,20923,0,False
pair_star_isolated,constructed,pair_star_isolated_007,True,grid12,canonical,1729,538,20385,0,True
pair_star_isolated,constructed,pair_star_isolated_007,True,grid12,canonical,2718,1604,19319,0,True
pair_star_isolated,constructed,pair_star_isolated_007,True,grid12,canonical,31415,632,20291,0,True
pair_star_isolated,constructed,pair_star_isolated_007,True,grid12,canonical,57721,526,20397,0,True
pair_star_isolated,constructed,pair_star_isolated_007,True,grid12,canonical,65537,265,20658,0,True
pair_star_isolated,constructed,pair_star_isolated_007,True,grid12,reuse,1729,362,20561,0,True
pair_star_isolated,constructed,pair_star_isolated_007,True,grid12,reuse,2718,174,20749,0,True
pair_star_isolated,constructed,pair_star_isolated_007,True,grid12,reuse,31415,320,20603,0,True
pair_star_isolated,constructed,pair_star_isolated_007,True,grid12,reuse,57721,168,20755,0,True
pair_star_isolated,constructed,pair_star_isolated_007,True,grid12,reuse,65537,602,20321,0,True
pair_star_isolated,constructed,pair_star_isolated_007,True,line12,canonical,1729,488,20435,0,True
pair_star_isolated,constructed,pair_star_isolated_007,True,line12,canonical,2718,710,20213,0,True
pair_star_isolated,constructed,pair_star_isolated_007,True,line12,canonical,31415,681,20242,0,True
pair_star_isolated,constructed,pair_star_isolated_007,True,line12,canonical,57721,803,20120,0,True
pair_star_isolated,constructed,pair_star_isolated_007,True,line12,canonical,65537,755,20168,0,True
pair_star_isolated,constructed,pair_star_isolated_007,True,line12,reuse,1729,328,20595,0,True
pair_star_isolated,constructed,pair_star_isolated_007,True,line12,reuse,2718,298,20625,0,True
pair_star_isolated,constructed,pair_star_isolated_007,True,line12,reuse,31415,238,20685,0,True
pair_star_isolated,constructed,pair_star_isolated_007,True,line12,reuse,57721,523,20400,0,True
pair_star_isolated,constructed,pair_star_isolated_007,True,line12,reuse,65537,409,20514,0,True
pair_star_isolated,constructed,pair_star_isolated_007,True,ring12,canonical,1729,87,20836,0,True
pair_star_isolated,constructed,pair_star_isolated_007,True,ring12,canonical,2718,87,20836,0,True
pair_star_isolated,constructed,pair_star_isolated_007,True,ring12,canonical,31415,82,20841,0,True
pair_star_isolated,constructed,pair_star_isolated_007,True,ring12,canonical,57721,86,20837,0,True
pair_star_isolated,constructed,pair_star_isolated_007,True,ring12,canonical,65537,88,20835,0,True
pair_star_isolated,constructed,pair_star_isolated_007,True,ring12,reuse,1729,87,20836,0,True
pair_star_isolated,constructed,pair_star_isolated_007,True,ring12,reuse,2718,105,20818,0,True
pair_star_isolated,constructed,pair_star_isolated_007,True,ring12,reuse,31415,99,20824,0,True
pair_star_isolated,constructed,pair_star_isolated_007,True,ring12,reuse,57721,105,20818,0,True
pair_star_isolated,constructed,pair_star_isolated_007,True,ring12,reuse,65537,100,20823,0,True
pair_star_isolated,constructed,pair_star_isolated_008,False,grid12,canonical,1729,1795,19128,0,True
pair_star_isolated,constructed,pair_star_isolated_008,False,grid12,canonical,2718,1782,19141,0,True
pair_star_isolated,constructed,pair_star_isolated_008,False,grid12,canonical,31415,1278,19645,0,True
pair_star_isolated,constructed,pair_star_isolated_008,False,grid12,canonical,57721,1783,19140,0,True
pair_star_isolated,constructed,pair_star_isolated_008,False,grid12,canonical,65537,1855,19068,0,True
pair_star_isolated,constructed,pair_star_isolated_008,False,grid12,reuse,1729,0,20923,0,False
pair_star_isolated,constructed,pair_star_isolated_008,False,grid12,reuse,2718,12,20911,0,True
pair_star_isolated,constructed,pair_star_isolated_008,False,grid12,reuse,31415,24,20899,0,True
pair_star_isolated,constructed,pair_star_isolated_008,False,grid12,reuse,57721,12,20911,0,True
pair_star_isolated,constructed,pair_star_isolated_008,False,grid12,reuse,65537,24,20899,0,True
pair_star_isolated,constructed,pair_star_isolated_008,False,line12,canonical,1729,265,20658,0,True
pair_star_isolated,constructed,pair_star_isolated_008,False,line12,canonical,2718,290,20633,0,True
pair_star_isolated,constructed,pair_star_isolated_008,False,line12,canonical,31415,265,20658,0,True
pair_star_isolated,constructed,pair_star_isolated_008,False,line12,canonical,57721,425,20498,0,True
pair_star_isolated,constructed,pair_star_isolated_008,False,line12,canonical,65537,265,20658,0,True
pair_star_isolated,constructed,pair_star_isolated_008,False,line12,reuse,1729,85,20838,0,True
pair_star_isolated,constructed,pair_star_isolated_008,False,line12,reuse,2718,105,20818,0,True
pair_star_isolated,constructed,pair_star_isolated_008,False,line12,reuse,31415,115,20808,0,True
pair_star_isolated,constructed,pair_star_isolated_008,False,line12,reuse,57721,115,20808,0,True
pair_star_isolated,constructed,pair_star_isolated_008,False,line12,reuse,65537,115,20808,0,True
pair_star_isolated,constructed,pair_star_isolated_008,False,ring12,canonical,1729,213,20710,0,True
pair_star_isolated,constructed,pair_star_isolated_008,False,ring12,canonical,2718,217,20706,0,True
pair_star_isolated,constructed,pair_star_isolated_008,False,ring12,canonical,31415,325,20598,0,True
pair_star_isolated,constructed,pair_star_isolated_008,False,ring12,canonical,57721,211,20712,0,True
pair_star_isolated,constructed,pair_star_isolated_008,False,ring12,canonical,65537,200,20723,0,True
pair_star_isolated,constructed,pair_star_isolated_008,False,ring12,reuse,1729,146,20777,0,True
pair_star_isolated,constructed,pair_star_isolated_008,False,ring12,reuse,2718,132,20791,0,True
pair_star_isolated,constructed,pair_star_isolated_008,False,ring12,reuse,31415,132,20791,0,True
pair_star_isolated,constructed,pair_star_isolated_008,False,ring12,reuse,57721,132,20791,0,True
pair_star_isolated,constructed,pair_star_isolated_008,False,ring12,reuse,65537,180,20743,0,True
pair_star_isolated,constructed,pair_star_isolated_009,False,grid12,canonical,1729,552,20371,0,True
pair_star_isolated,constructed,pair_star_isolated_009,False,grid12,canonical,2718,1617,19306,0,True
pair_star_isolated,constructed,pair_star_isolated_009,False,grid12,canonical,31415,753,20170,0,True
pair_star_isolated,constructed,pair_star_isolated_009,False,grid12,canonical,57721,2454,18469,0,True
pair_star_isolated,constructed,pair_star_isolated_009,False,grid12,canonical,65537,1050,19873,0,True
pair_star_isolated,constructed,pair_star_isolated_009,False,grid12,reuse,1729,1746,19177,0,True
pair_star_isolated,constructed,pair_star_isolated_009,False,grid12,reuse,2718,0,20923,0,False
pair_star_isolated,constructed,pair_star_isolated_009,False,grid12,reuse,31415,2154,18769,0,True
pair_star_isolated,constructed,pair_star_isolated_009,False,grid12,reuse,57721,1692,19231,0,True
pair_star_isolated,constructed,pair_star_isolated_009,False,grid12,reuse,65537,2154,18769,0,True
pair_star_isolated,constructed,pair_star_isolated_009,False,line12,canonical,1729,316,20607,0,True
pair_star_isolated,constructed,pair_star_isolated_009,False,line12,canonical,2718,292,20631,0,True
pair_star_isolated,constructed,pair_star_isolated_009,False,line12,canonical,31415,422,20501,0,True
pair_star_isolated,constructed,pair_star_isolated_009,False,line12,canonical,57721,286,20637,0,True
pair_star_isolated,constructed,pair_star_isolated_009,False,line12,canonical,65537,446,20477,0,True
pair_star_isolated,constructed,pair_star_isolated_009,False,line12,reuse,1729,45,20878,0,True
pair_star_isolated,constructed,pair_star_isolated_009,False,line12,reuse,2718,45,20878,0,True
pair_star_isolated,constructed,pair_star_isolated_009,False,line12,reuse,31415,45,20878,0,True
pair_star_isolated,constructed,pair_star_isolated_009,False,line12,reuse,57721,120,20803,0,True
pair_star_isolated,constructed,pair_star_isolated_009,False,line12,reuse,65537,150,20773,0,True
pair_star_isolated,constructed,pair_star_isolated_009,False,ring12,canonical,1729,219,20704,0,True
pair_star_isolated,constructed,pair_star_isolated_009,False,ring12,canonical,2718,219,20704,0,True
pair_star_isolated,constructed,pair_star_isolated_009,False,ring12,canonical,31415,219,20704,0,True
pair_star_isolated,constructed,pair_star_isolated_009,False,ring12,canonical,57721,219,20704,0,True
pair_star_isolated,constructed,pair_star_isolated_009,False,ring12,canonical,65537,213,20710,0,True
pair_star_isolated,constructed,pair_star_isolated_009,False,ring12,reuse,1729,36,20887,0,True
pair_star_isolated,constructed,pair_star_isolated_009,False,ring12,reuse,2718,48,20875,0,True
pair_star_isolated,constructed,pair_star_isolated_009,False,ring12,reuse,31415,36,20887,0,True
pair_star_isolated,constructed,pair_star_isolated_009,False,ring12,reuse,57721,18,20905,0,True
pair_star_isolated,constructed,pair_star_isolated_009,False,ring12,reuse,65537,18,20905,0,True
pair_star_isolated,constructed,pair_star_isolated_010,False,grid12,canonical,1729,439,20484,0,True
pair_star_isolated,constructed,pair_star_isolated_010,False,grid12,canonical,2718,90,20833,0,True
pair_star_isolated,constructed,pair_star_isolated_010,False,grid12,canonical,31415,108,20815,0,True
pair_star_isolated,constructed,pair_star_isolated_010,False,grid12,canonical,57721,78,20845,0,True
pair_star_isolated,constructed,pair_star_isolated_010,False,grid12,canonical,65537,78,20845,0,True
pair_star_isolated,constructed,pair_star_isolated_010,False,grid12,reuse,1729,90,20833,0,True
pair_star_isolated,constructed,pair_star_isolated_010,False,grid12,reuse,2718,84,20839,0,True
pair_star_isolated,constructed,pair_star_isolated_010,False,grid12,reuse,31415,2316,18607,0,True
pair_star_isolated,constructed,pair_star_isolated_010,False,grid12,reuse,57721,1752,19171,0,True
pair_star_isolated,constructed,pair_star_isolated_010,False,grid12,reuse,65537,54,20869,0,True
pair_star_isolated,constructed,pair_star_isolated_010,False,line12,canonical,1729,243,20680,0,True
pair_star_isolated,constructed,pair_star_isolated_010,False,line12,canonical,2718,174,20749,0,True
pair_star_isolated,constructed,pair_star_isolated_010,False,line12,canonical,31415,175,20748,0,True
pair_star_isolated,constructed,pair_star_isolated_010,False,line12,canonical,57721,243,20680,0,True
pair_star_isolated,constructed,pair_star_isolated_010,False,line12,canonical,65537,243,20680,0,True
pair_star_isolated,constructed,pair_star_isolated_010,False,line12,reuse,1729,60,20863,0,True
pair_star_isolated,constructed,pair_star_isolated_010,False,line12,reuse,2718,339,20584,0,True
pair_star_isolated,constructed,pair_star_isolated_010,False,line12,reuse,31415,244,20679,0,True
pair_star_isolated,constructed,pair_star_isolated_010,False,line12,reuse,57721,372,20551,0,True
pair_star_isolated,constructed,pair_star_isolated_010,False,line12,reuse,65537,336,20587,0,True
pair_star_isolated,constructed,pair_star_isolated_010,False,ring12,canonical,1729,53,20870,0,True
pair_star_isolated,constructed,pair_star_isolated_010,False,ring12,canonical,2718,59,20864,0,True
pair_star_isolated,constructed,pair_star_isolated_010,False,ring12,canonical,31415,59,20864,0,True
pair_star_isolated,constructed,pair_star_isolated_010,False,ring12,canonical,57721,63,20860,0,True
pair_star_isolated,constructed,pair_star_isolated_010,False,ring12,canonical,65537,53,20870,0,True
pair_star_isolated,constructed,pair_star_isolated_010,False,ring12,reuse,1729,98,20825,0,True
pair_star_isolated,constructed,pair_star_isolated_010,False,ring12,reuse,2718,143,20780,0,True
pair_star_isolated,constructed,pair_star_isolated_010,False,ring12,reuse,31415,188,20735,0,True
pair_star_isolated,constructed,pair_star_isolated_010,False,ring12,reuse,57721,148,20775,0,True
pair_star_isolated,constructed,pair_star_isolated_010,False,ring12,reuse,65537,133,20790,0,True
pair_star_isolated,constructed,pair_star_isolated_011,False,grid12,canonical,1729,1704,19219,0,True
pair_star_isolated,constructed,pair_star_isolated_011,False,grid12,canonical,2718,1722,19201,0,True
pair_star_isolated,constructed,pair_star_isolated_011,False,grid12,canonical,31415,186,20737,0,True
pair_star_isolated,constructed,pair_star_isolated_011,False,grid12,canonical,57721,2331,18592,0,True
pair_star_isolated,constructed,pair_star_isolated_011,False,grid12,canonical,65537,2496,18427,0,True
pair_star_isolated,constructed,pair_star_isolated_011,False,grid12,reuse,1729,1728,19195,0,True
pair_star_isolated,constructed,pair_star_isolated_011,False,grid12,reuse,2718,1821,19102,0,True
pair_star_isolated,constructed,pair_star_isolated_011,False,grid12,reuse,31415,102,20821,0,True
pair_star_isolated,constructed,pair_star_isolated_011,False,grid12,reuse,57721,1764,19159,0,True
pair_star_isolated,constructed,pair_star_isolated_011,False,grid12,reuse,65537,1752,19171,0,True
pair_star_isolated,constructed,pair_star_isolated_011,False,line12,canonical,1729,353,20570,0,True
pair_star_isolated,constructed,pair_star_isolated_011,False,line12,canonical,2718,353,20570,0,True
pair_star_isolated,constructed,pair_star_isolated_011,False,line12,canonical,31415,368,20555,0,True
pair_star_isolated,constructed,pair_star_isolated_011,False,line12,canonical,57721,353,20570,0,True
pair_star_isolated,constructed,pair_star_isolated_011,False,line12,canonical,65537,313,20610,0,True
pair_star_isolated,constructed,pair_star_isolated_011,False,line12,reuse,1729,144,20779,0,True
pair_star_isolated,constructed,pair_star_isolated_011,False,line12,reuse,2718,90,20833,0,True
pair_star_isolated,constructed,pair_star_isolated_011,False,line12,reuse,31415,120,20803,0,True
pair_star_isolated,constructed,pair_star_isolated_011,False,line12,reuse,57721,144,20779,0,True
pair_star_isolated,constructed,pair_star_isolated_011,False,line12,reuse,65537,90,20833,0,True
pair_star_isolated,constructed,pair_star_isolated_011,False,ring12,canonical,1729,297,20626,0,True
pair_star_isolated,constructed,pair_star_isolated_011,False,ring12,canonical,2718,144,20779,0,True
pair_star_isolated,constructed,pair_star_isolated_011,False,ring12,canonical,31415,144,20779,0,True
pair_star_isolated,constructed,pair_star_isolated_011,False,ring12,canonical,57721,291,20632,0,True
pair_star_isolated,constructed,pair_star_isolated_011,False,ring12,canonical,65537,140,20783,0,True
pair_star_isolated,constructed,pair_star_isolated_011,False,ring12,reuse,1729,324,20599,0,True
pair_star_isolated,constructed,pair_star_isolated_011,False,ring12,reuse,2718,91,20832,0,True
pair_star_isolated,constructed,pair_star_isolated_011,False,ring12,reuse,31415,67,20856,0,True
pair_star_isolated,constructed,pair_star_isolated_011,False,ring12,reuse,57721,186,20737,0,True
pair_star_isolated,constructed,pair_star_isolated_011,False,ring12,reuse,65537,73,20850,0,True
pair_star_isolated,constructed,pair_star_isolated_012,False,grid12,canonical,1729,662,20261,0,True
pair_star_isolated,constructed,pair_star_isolated_012,False,grid12,canonical,2718,676,20247,0,True
pair_star_isolated,constructed,pair_star_isolated_012,False,grid12,canonical,31415,682,20241,0,True
pair_star_isolated,constructed,pair_star_isolated_012,False,grid12,canonical,57721,674,20249,0,True
pair_star_isolated,constructed,pair_star_isolated_012,False,grid12,canonical,65537,610,20313,0,True
pair_star_isolated,constructed,pair_star_isolated_012,False,grid12,reuse,1729,560,20363,0,True
pair_star_isolated,constructed,pair_star_isolated_012,False,grid12,reuse,2718,609,20314,0,True
pair_star_isolated,constructed,pair_star_isolated_012,False,grid12,reuse,31415,539,20384,0,True
pair_star_isolated,constructed,pair_star_isolated_012,False,grid12,reuse,57721,539,20384,0,True
pair_star_isolated,constructed,pair_star_isolated_012,False,grid12,reuse,65537,561,20362,0,True
pair_star_isolated,constructed,pair_star_isolated_012,False,line12,canonical,1729,731,20192,0,True
pair_star_isolated,constructed,pair_star_isolated_012,False,line12,canonical,2718,868,20055,0,True
pair_star_isolated,constructed,pair_star_isolated_012,False,line12,canonical,31415,905,20018,0,True
pair_star_isolated,constructed,pair_star_isolated_012,False,line12,canonical,57721,723,20200,0,True
pair_star_isolated,constructed,pair_star_isolated_012,False,line12,canonical,65537,770,20153,0,True
pair_star_isolated,constructed,pair_star_isolated_012,False,line12,reuse,1729,121,20802,0,True
pair_star_isolated,constructed,pair_star_isolated_012,False,line12,reuse,2718,45,20878,0,True
pair_star_isolated,constructed,pair_star_isolated_012,False,line12,reuse,31415,76,20847,0,True
pair_star_isolated,constructed,pair_star_isolated_012,False,line12,reuse,57721,166,20757,0,True
pair_star_isolated,constructed,pair_star_isolated_012,False,line12,reuse,65537,45,20878,0,True
pair_star_isolated,constructed,pair_star_isolated_012,False,ring12,canonical,1729,239,20684,0,True
pair_star_isolated,constructed,pair_star_isolated_012,False,ring12,canonical,2718,239,20684,0,True
pair_star_isolated,constructed,pair_star_isolated_012,False,ring12,canonical,31415,231,20692,0,True
pair_star_isolated,constructed,pair_star_isolated_012,False,ring12,canonical,57721,231,20692,0,True
pair_star_isolated,constructed,pair_star_isolated_012,False,ring12,canonical,65537,236,20687,0,True
pair_star_isolated,constructed,pair_star_isolated_012,False,ring12,reuse,1729,83,20840,0,True
pair_star_isolated,constructed,pair_star_isolated_012,False,ring12,reuse,2718,61,20862,0,True
pair_star_isolated,constructed,pair_star_isolated_012,False,ring12,reuse,31415,97,20826,0,True
pair_star_isolated,constructed,pair_star_isolated_012,False,ring12,reuse,57721,98,20825,0,True
pair_star_isolated,constructed,pair_star_isolated_012,False,ring12,reuse,65537,45,20878,0,True
pair_star_isolated,constructed,pair_star_isolated_013,False,grid12,canonical,1729,302,20621,0,True
pair_star_isolated,constructed,pair_star_isolated_013,False,grid12,canonical,2718,918,20005,0,True
pair_star_isolated,constructed,pair_star_isolated_013,False,grid12,canonical,31415,888,20035,0,True
pair_star_isolated,constructed,pair_star_isolated_013,False,grid12,canonical,57721,900,20023,0,True
pair_star_isolated,constructed,pair_star_isolated_013,False,grid12,canonical,65537,54,20869,0,True
pair_star_isolated,constructed,pair_star_isolated_013,False,grid12,reuse,1729,42,20881,0,True
pair_star_isolated,constructed,pair_star_isolated_013,False,grid12,reuse,2718,571,20352,0,True
pair_star_isolated,constructed,pair_star_isolated_013,False,grid12,reuse,31415,2280,18643,0,True
pair_star_isolated,constructed,pair_star_isolated_013,False,grid12,reuse,57721,942,19981,0,True
pair_star_isolated,constructed,pair_star_isolated_013,False,grid12,reuse,65537,2196,18727,0,True
pair_star_isolated,constructed,pair_star_isolated_013,False,line12,canonical,1729,508,20415,0,True
pair_star_isolated,constructed,pair_star_isolated_013,False,line12,canonical,2718,411,20512,0,True
pair_star_isolated,constructed,pair_star_isolated_013,False,line12,canonical,31415,411,20512,0,True
pair_star_isolated,constructed,pair_star_isolated_013,False,line12,canonical,57721,405,20518,0,True
pair_star_isolated,constructed,pair_star_isolated_013,False,line12,canonical,65537,413,20510,0,True
pair_star_isolated,constructed,pair_star_isolated_013,False,line12,reuse,1729,564,20359,0,True
pair_star_isolated,constructed,pair_star_isolated_013,False,line12,reuse,2718,444,20479,0,True
pair_star_isolated,constructed,pair_star_isolated_013,False,line12,reuse,31415,444,20479,0,True
pair_star_isolated,constructed,pair_star_isolated_013,False,line12,reuse,57721,444,20479,0,True
pair_star_isolated,constructed,pair_star_isolated_013,False,line12,reuse,65537,444,20479,0,True
pair_star_isolated,constructed,pair_star_isolated_013,False,ring12,canonical,1729,65,20858,0,True
pair_star_isolated,constructed,pair_star_isolated_013,False,ring12,canonical,2718,65,20858,0,True
pair_star_isolated,constructed,pair_star_isolated_013,False,ring12,canonical,31415,65,20858,0,True
pair_star_isolated,constructed,pair_star_isolated_013,False,ring12,canonical,57721,65,20858,0,True
pair_star_isolated,constructed,pair_star_isolated_013,False,ring12,canonical,65537,59,20864,0,True
pair_star_isolated,constructed,pair_star_isolated_013,False,ring12,reuse,1729,85,20838,0,True
pair_star_isolated,constructed,pair_star_isolated_013,False,ring12,reuse,2718,85,20838,0,True
pair_star_isolated,constructed,pair_star_isolated_013,False,ring12,reuse,31415,84,20839,0,True
pair_star_isolated,constructed,pair_star_isolated_013,False,ring12,reuse,57721,85,20838,0,True
pair_star_isolated,constructed,pair_star_isolated_013,False,ring12,reuse,65537,85,20838,0,True
pair_star_isolated,constructed,pair_star_isolated_014,False,grid12,canonical,1729,792,20131,0,True
pair_star_isolated,constructed,pair_star_isolated_014,False,grid12,canonical,2718,1848,19075,0,True
pair_star_isolated,constructed,pair_star_isolated_014,False,grid12,canonical,31415,2094,18829,0,True
pair_star_isolated,constructed,pair_star_isolated_014,False,grid12,canonical,57721,850,20073,0,True
pair_star_isolated,constructed,pair_star_isolated_014,False,grid12,canonical,65537,2106,18817,0,True
pair_star_isolated,constructed,pair_star_isolated_014,False,grid12,reuse,1729,120,20803,0,True
pair_star_isolated,constructed,pair_star_isolated_014,False,grid12,reuse,2718,1962,18961,0,True
pair_star_isolated,constructed,pair_star_isolated_014,False,grid12,reuse,31415,192,20731,0,True
pair_star_isolated,constructed,pair_star_isolated_014,False,grid12,reuse,57721,132,20791,0,True
pair_star_isolated,constructed,pair_star_isolated_014,False,grid12,reuse,65537,168,20755,0,True
pair_star_isolated,constructed,pair_star_isolated_014,False,line12,canonical,1729,494,20429,0,True
pair_star_isolated,constructed,pair_star_isolated_014,False,line12,canonical,2718,500,20423,0,True
pair_star_isolated,constructed,pair_star_isolated_014,False,line12,canonical,31415,514,20409,0,True
pair_star_isolated,constructed,pair_star_isolated_014,False,line12,canonical,57721,525,20398,0,True
pair_star_isolated,constructed,pair_star_isolated_014,False,line12,canonical,65537,482,20441,0,True
pair_star_isolated,constructed,pair_star_isolated_014,False,line12,reuse,1729,670,20253,0,True
pair_star_isolated,constructed,pair_star_isolated_014,False,line12,reuse,2718,705,20218,0,True
pair_star_isolated,constructed,pair_star_isolated_014,False,line12,reuse,31415,479,20444,0,True
pair_star_isolated,constructed,pair_star_isolated_014,False,line12,reuse,57721,333,20590,0,True
pair_star_isolated,constructed,pair_star_isolated_014,False,line12,reuse,65537,645,20278,0,True
pair_star_isolated,constructed,pair_star_isolated_014,False,ring12,canonical,1729,124,20799,0,True
pair_star_isolated,constructed,pair_star_isolated_014,False,ring12,canonical,2718,118,20805,0,True
pair_star_isolated,constructed,pair_star_isolated_014,False,ring12,canonical,31415,124,20799,0,True
pair_star_isolated,constructed,pair_star_isolated_014,False,ring12,canonical,57721,106,20817,0,True
pair_star_isolated,constructed,pair_star_isolated_014,False,ring12,canonical,65537,142,20781,0,True
pair_star_isolated,constructed,pair_star_isolated_014,False,ring12,reuse,1729,154,20769,0,True
pair_star_isolated,constructed,pair_star_isolated_014,False,ring12,reuse,2718,154,20769,0,True
pair_star_isolated,constructed,pair_star_isolated_014,False,ring12,reuse,31415,142,20781,0,True
pair_star_isolated,constructed,pair_star_isolated_014,False,ring12,reuse,57721,142,20781,0,True
pair_star_isolated,constructed,pair_star_isolated_014,False,ring12,reuse,65537,120,20803,0,True
pair_star_isolated,constructed,pair_star_isolated_015,False,grid12,canonical,1729,1563,19360,0,True
pair_star_isolated,constructed,pair_star_isolated_015,False,grid12,canonical,2718,1979,18944,0,True
pair_star_isolated,constructed,pair_star_isolated_015,False,grid12,canonical,31415,1296,19627,0,True
pair_star_isolated,constructed,pair_star_isolated_015,False,grid12,canonical,57721,1355,19568,0,True
pair_star_isolated,constructed,pair_star_isolated_015,False,grid12,canonical,65537,1561,19362,0,True
pair_star_isolated,constructed,pair_star_isolated_015,False,grid12,reuse,1729,102,20821,0,True
pair_star_isolated,constructed,pair_star_isolated_015,False,grid12,reuse,2718,930,19993,0,True
pair_star_isolated,constructed,pair_star_isolated_015,False,grid12,reuse,31415,42,20881,0,True
pair_star_isolated,constructed,pair_star_isolated_015,False,grid12,reuse,57721,36,20887,0,True
pair_star_isolated,constructed,pair_star_isolated_015,False,grid12,reuse,65537,864,20059,0,True
pair_star_isolated,constructed,pair_star_isolated_015,False,line12,canonical,1729,507,20416,0,True
pair_star_isolated,constructed,pair_star_isolated_015,False,line12,canonical,2718,568,20355,0,True
pair_star_isolated,constructed,pair_star_isolated_015,False,line12,canonical,31415,599,20324,0,True
pair_star_isolated,constructed,pair_star_isolated_015,False,line12,canonical,57721,635,20288,0,True
pair_star_isolated,constructed,pair_star_isolated_015,False,line12,canonical,65537,606,20317,0,True
pair_star_isolated,constructed,pair_star_isolated_015,False,line12,reuse,1729,395,20528,0,True
pair_star_isolated,constructed,pair_star_isolated_015,False,line12,reuse,2718,356,20567,0,True
pair_star_isolated,constructed,pair_star_isolated_015,False,line12,reuse,31415,410,20513,0,True
pair_star_isolated,constructed,pair_star_isolated_015,False,line12,reuse,57721,403,20520,0,True
pair_star_isolated,constructed,pair_star_isolated_015,False,line12,reuse,65537,404,20519,0,True
pair_star_isolated,constructed,pair_star_isolated_015,False,ring12,canonical,1729,78,20845,0,True
pair_star_isolated,constructed,pair_star_isolated_015,False,ring12,canonical,2718,83,20840,0,True
pair_star_isolated,constructed,pair_star_isolated_015,False,ring12,canonical,31415,80,20843,0,True
pair_star_isolated,constructed,pair_star_isolated_015,False,ring12,canonical,57721,72,20851,0,True
pair_star_isolated,constructed,pair_star_isolated_015,False,ring12,canonical,65537,88,20835,0,True
pair_star_isolated,constructed,pair_star_isolated_015,False,ring12,reuse,1729,84,20839,0,True
pair_star_isolated,constructed,pair_star_isolated_015,False,ring12,reuse,2718,79,20844,0,True
pair_star_isolated,constructed,pair_star_isolated_015,False,ring12,reuse,31415,79,20844,0,True
pair_star_isolated,constructed,pair_star_isolated_015,False,ring12,reuse,57721,104,20819,0,True
pair_star_isolated,constructed,pair_star_isolated_015,False,ring12,reuse,65537,97,20826,0,True
pair_star_isolated,constructed,pair_star_isolated_016,True,grid12,canonical,1729,120,20803,0,True
pair_star_isolated,constructed,pair_star_isolated_016,True,grid12,canonical,2718,54,20869,0,True
pair_star_isolated,constructed,pair_star_isolated_016,True,grid12,canonical,31415,108,20815,0,True
pair_star_isolated,constructed,pair_star_isolated_016,True,grid12,canonical,57721,114,20809,0,True
pair_star_isolated,constructed,pair_star_isolated_016,True,grid12,canonical,65537,120,20803,0,True
pair_star_isolated,constructed,pair_star_isolated_016,True,grid12,reuse,1729,1476,19447,0,True
pair_star_isolated,constructed,pair_star_isolated_016,True,grid12,reuse,2718,150,20773,0,True
pair_star_isolated,constructed,pair_star_isolated_016,True,grid12,reuse,31415,144,20779,0,True
pair_star_isolated,constructed,pair_star_isolated_016,True,grid12,reuse,57721,1428,19495,0,True
pair_star_isolated,constructed,pair_star_isolated_016,True,grid12,reuse,65537,1446,19477,0,True
pair_star_isolated,constructed,pair_star_isolated_016,True,line12,canonical,1729,30,20893,0,True
pair_star_isolated,constructed,pair_star_isolated_016,True,line12,canonical,2718,30,20893,0,True
pair_star_isolated,constructed,pair_star_isolated_016,True,line12,canonical,31415,30,20893,0,True
pair_star_isolated,constructed,pair_star_isolated_016,True,line12,canonical,57721,30,20893,0,True
pair_star_isolated,constructed,pair_star_isolated_016,True,line12,canonical,65537,30,20893,0,True
pair_star_isolated,constructed,pair_star_isolated_016,True,line12,reuse,1729,33,20890,0,True
pair_star_isolated,constructed,pair_star_isolated_016,True,line12,reuse,2718,32,20891,0,True
pair_star_isolated,constructed,pair_star_isolated_016,True,line12,reuse,31415,32,20891,0,True
pair_star_isolated,constructed,pair_star_isolated_016,True,line12,reuse,57721,0,20923,0,False
pair_star_isolated,constructed,pair_star_isolated_016,True,line12,reuse,65537,32,20891,0,True
pair_star_isolated,constructed,pair_star_isolated_016,True,ring12,canonical,1729,59,20864,0,True
pair_star_isolated,constructed,pair_star_isolated_016,True,ring12,canonical,2718,74,20849,0,True
pair_star_isolated,constructed,pair_star_isolated_016,True,ring12,canonical,31415,74,20849,0,True
pair_star_isolated,constructed,pair_star_isolated_016,True,ring12,canonical,57721,74,20849,0,True
pair_star_isolated,constructed,pair_star_isolated_016,True,ring12,canonical,65537,59,20864,0,True
pair_star_isolated,constructed,pair_star_isolated_016,True,ring12,reuse,1729,2124,18799,0,True
pair_star_isolated,constructed,pair_star_isolated_016,True,ring12,reuse,2718,2130,18793,0,True
pair_star_isolated,constructed,pair_star_isolated_016,True,ring12,reuse,31415,2130,18793,0,True
pair_star_isolated,constructed,pair_star_isolated_016,True,ring12,reuse,57721,2124,18799,0,True
pair_star_isolated,constructed,pair_star_isolated_016,True,ring12,reuse,65537,2124,18799,0,True
pair_star_isolated,constructed,pair_star_isolated_017,False,grid12,canonical,1729,174,20749,0,True
pair_star_isolated,constructed,pair_star_isolated_017,False,grid12,canonical,2718,96,20827,0,True
pair_star_isolated,constructed,pair_star_isolated_017,False,grid12,canonical,31415,198,20725,0,True
pair_star_isolated,constructed,pair_star_isolated_017,False,grid12,canonical,57721,198,20725,0,True
pair_star_isolated,constructed,pair_star_isolated_017,False,grid12,canonical,65537,198,20725,0,True
pair_star_isolated,constructed,pair_star_isolated_017,False,grid12,reuse,1729,201,20722,0,True
pair_star_isolated,constructed,pair_star_isolated_017,False,grid12,reuse,2718,162,20761,0,True
pair_star_isolated,constructed,pair_star_isolated_017,False,grid12,reuse,31415,231,20692,0,True
pair_star_isolated,constructed,pair_star_isolated_017,False,grid12,reuse,57721,168,20755,0,True
pair_star_isolated,constructed,pair_star_isolated_017,False,grid12,reuse,65537,214,20709,0,True
pair_star_isolated,constructed,pair_star_isolated_017,False,line12,canonical,1729,198,20725,0,True
pair_star_isolated,constructed,pair_star_isolated_017,False,line12,canonical,2718,40,20883,0,True
pair_star_isolated,constructed,pair_star_isolated_017,False,line12,canonical,31415,40,20883,0,True
pair_star_isolated,constructed,pair_star_isolated_017,False,line12,canonical,57721,40,20883,0,True
pair_star_isolated,constructed,pair_star_isolated_017,False,line12,canonical,65537,40,20883,0,True
pair_star_isolated,constructed,pair_star_isolated_017,False,line12,reuse,1729,120,20803,0,True
pair_star_isolated,constructed,pair_star_isolated_017,False,line12,reuse,2718,100,20823,0,True
pair_star_isolated,constructed,pair_star_isolated_017,False,line12,reuse,31415,160,20763,0,True
pair_star_isolated,constructed,pair_star_isolated_017,False,line12,reuse,57721,120,20803,0,True
pair_star_isolated,constructed,pair_star_isolated_017,False,line12,reuse,65537,100,20823,0,True
pair_star_isolated,constructed,pair_star_isolated_017,False,ring12,canonical,1729,48,20875,0,True
pair_star_isolated,constructed,pair_star_isolated_017,False,ring12,canonical,2718,43,20880,0,True
pair_star_isolated,constructed,pair_star_isolated_017,False,ring12,canonical,31415,48,20875,0,True
pair_star_isolated,constructed,pair_star_isolated_017,False,ring12,canonical,57721,54,20869,0,True
pair_star_isolated,constructed,pair_star_isolated_017,False,ring12,canonical,65537,44,20879,0,True
pair_star_isolated,constructed,pair_star_isolated_017,False,ring12,reuse,1729,100,20823,0,True
pair_star_isolated,constructed,pair_star_isolated_017,False,ring12,reuse,2718,135,20788,0,True
pair_star_isolated,constructed,pair_star_isolated_017,False,ring12,reuse,31415,136,20787,0,True
pair_star_isolated,constructed,pair_star_isolated_017,False,ring12,reuse,57721,100,20823,0,True
pair_star_isolated,constructed,pair_star_isolated_017,False,ring12,reuse,65537,105,20818,0,True
pair_star_isolated,constructed,pair_star_isolated_018,False,grid12,canonical,1729,341,20582,0,True
pair_star_isolated,constructed,pair_star_isolated_018,False,grid12,canonical,2718,510,20413,0,True
pair_star_isolated,constructed,pair_star_isolated_018,False,grid12,canonical,31415,150,20773,0,True
pair_star_isolated,constructed,pair_star_isolated_018,False,grid12,canonical,57721,690,20233,0,True
pair_star_isolated,constructed,pair_star_isolated_018,False,grid12,canonical,65537,456,20467,0,True
pair_star_isolated,constructed,pair_star_isolated_018,False,grid12,reuse,1729,12,20911,0,True
pair_star_isolated,constructed,pair_star_isolated_018,False,grid12,reuse,2718,12,20911,0,True
pair_star_isolated,constructed,pair_star_isolated_018,False,grid12,reuse,31415,1716,19207,0,True
pair_star_isolated,constructed,pair_star_isolated_018,False,grid12,reuse,57721,1728,19195,0,True
pair_star_isolated,constructed,pair_star_isolated_018,False,grid12,reuse,65537,12,20911,0,True
pair_star_isolated,constructed,pair_star_isolated_018,False,line12,canonical,1729,332,20591,0,True
pair_star_isolated,constructed,pair_star_isolated_018,False,line12,canonical,2718,298,20625,0,True
pair_star_isolated,constructed,pair_star_isolated_018,False,line12,canonical,31415,298,20625,0,True
pair_star_isolated,constructed,pair_star_isolated_018,False,line12,canonical,57721,329,20594,0,True
pair_star_isolated,constructed,pair_star_isolated_018,False,line12,canonical,65537,304,20619,0,True
pair_star_isolated,constructed,pair_star_isolated_018,False,line12,reuse,1729,72,20851,0,True
pair_star_isolated,constructed,pair_star_isolated_018,False,line12,reuse,2718,290,20633,0,True
pair_star_isolated,constructed,pair_star_isolated_018,False,line12,reuse,31415,72,20851,0,True
pair_star_isolated,constructed,pair_star_isolated_018,False,line12,reuse,57721,72,20851,0,True
pair_star_isolated,constructed,pair_star_isolated_018,False,line12,reuse,65537,36,20887,0,True
pair_star_isolated,constructed,pair_star_isolated_018,False,ring12,canonical,1729,98,20825,0,True
pair_star_isolated,constructed,pair_star_isolated_018,False,ring12,canonical,2718,98,20825,0,True
pair_star_isolated,constructed,pair_star_isolated_018,False,ring12,canonical,31415,98,20825,0,True
pair_star_isolated,constructed,pair_star_isolated_018,False,ring12,canonical,57721,98,20825,0,True
pair_star_isolated,constructed,pair_star_isolated_018,False,ring12,canonical,65537,98,20825,0,True
pair_star_isolated,constructed,pair_star_isolated_018,False,ring12,reuse,1729,18,20905,0,True
pair_star_isolated,constructed,pair_star_isolated_018,False,ring12,reuse,2718,6,20917,0,True
pair_star_isolated,constructed,pair_star_isolated_018,False,ring12,reuse,31415,18,20905,0,True
pair_star_isolated,constructed,pair_star_isolated_018,False,ring12,reuse,57721,6,20917,0,True
pair_star_isolated,constructed,pair_star_isolated_018,False,ring12,reuse,65537,0,20923,0,False
pair_star_isolated,constructed,pair_star_isolated_019,True,grid12,canonical,1729,644,20279,0,True
pair_star_isolated,constructed,pair_star_isolated_019,True,grid12,canonical,2718,614,20309,0,True
pair_star_isolated,constructed,pair_star_isolated_019,True,grid12,canonical,31415,498,20425,0,True
pair_star_isolated,constructed,pair_star_isolated_019,True,grid12,canonical,57721,644,20279,0,True
pair_star_isolated,constructed,pair_star_isolated_019,True,grid12,canonical,65537,474,20449,0,True
pair_star_isolated,constructed,pair_star_isolated_019,True,grid12,reuse,1729,608,20315,0,True
pair_star_isolated,constructed,pair_star_isolated_019,True,grid12,reuse,2718,108,20815,0,True
pair_star_isolated,constructed,pair_star_isolated_019,True,grid12,reuse,31415,48,20875,0,True
pair_star_isolated,constructed,pair_star_isolated_019,True,grid12,reuse,57721,48,20875,0,True
pair_star_isolated,constructed,pair_star_isolated_019,True,grid12,reuse,65537,24,20899,0,True
pair_star_isolated,constructed,pair_star_isolated_019,True,line12,canonical,1729,40,20883,0,True
pair_star_isolated,constructed,pair_star_isolated_019,True,line12,canonical,2718,20,20903,0,True
pair_star_isolated,constructed,pair_star_isolated_019,True,line12,canonical,31415,20,20903,0,True
pair_star_isolated,constructed,pair_star_isolated_019,True,line12,canonical,57721,106,20817,0,True
pair_star_isolated,constructed,pair_star_isolated_019,True,line12,canonical,65537,218,20705,0,True
pair_star_isolated,constructed,pair_star_isolated_019,True,line12,reuse,1729,0,20923,0,False
pair_star_isolated,constructed,pair_star_isolated_019,True,line12,reuse,2718,152,20771,0,True
pair_star_isolated,constructed,pair_star_isolated_019,True,line12,reuse,31415,0,20923,0,False
pair_star_isolated,constructed,pair_star_isolated_019,True,line12,reuse,57721,48,20875,0,True
pair_star_isolated,constructed,pair_star_isolated_019,True,line12,reuse,65537,0,20923,0,False
pair_star_isolated,constructed,pair_star_isolated_019,True,ring12,canonical,1729,24,20899,0,True
pair_star_isolated,constructed,pair_star_isolated_019,True,ring12,canonical,2718,24,20899,0,True
pair_star_isolated,constructed,pair_star_isolated_019,True,ring12,canonical,31415,18,20905,0,True
pair_star_isolated,constructed,pair_star_isolated_019,True,ring12,canonical,57721,18,20905,0,True
pair_star_isolated,constructed,pair_star_isolated_019,True,ring12,canonical,65537,24,20899,0,True
pair_star_isolated,constructed,pair_star_isolated_019,True,ring12,reuse,1729,0,20923,0,False
pair_star_isolated,constructed,pair_star_isolated_019,True,ring12,reuse,2718,0,20923,0,False
pair_star_isolated,constructed,pair_star_isolated_019,True,ring12,reuse,31415,0,20923,0,False
pair_star_isolated,constructed,pair_star_isolated_019,True,ring12,reuse,57721,0,20923,0,False
pair_star_isolated,constructed,pair_star_isolated_019,True,ring12,reuse,65537,0,20923,0,False
pair_star_isolated,constructed,pair_star_isolated_020,True,grid12,canonical,1729,2520,18403,0,True
pair_star_isolated,constructed,pair_star_isolated_020,True,grid12,canonical,2718,222,20701,0,True
pair_star_isolated,constructed,pair_star_isolated_020,True,grid12,canonical,31415,312,20611,0,True
pair_star_isolated,constructed,pair_star_isolated_020,True,grid12,canonical,57721,2550,18373,0,True
pair_star_isolated,constructed,pair_star_isolated_020,True,grid12,canonical,65537,2526,18397,0,True
pair_star_isolated,constructed,pair_star_isolated_020,True,grid12,reuse,1729,54,20869,0,True
pair_star_isolated,constructed,pair_star_isolated_020,True,grid12,reuse,2718,2767,18156,0,True
pair_star_isolated,constructed,pair_star_isolated_020,True,grid12,reuse,31415,0,20923,0,False
pair_star_isolated,constructed,pair_star_isolated_020,True,grid12,reuse,57721,18,20905,0,True
pair_star_isolated,constructed,pair_star_isolated_020,True,grid12,reuse,65537,66,20857,0,True
pair_star_isolated,constructed,pair_star_isolated_020,True,line12,canonical,1729,190,20733,0,True
pair_star_isolated,constructed,pair_star_isolated_020,True,line12,canonical,2718,175,20748,0,True
pair_star_isolated,constructed,pair_star_isolated_020,True,line12,canonical,31415,180,20743,0,True
pair_star_isolated,constructed,pair_star_isolated_020,True,line12,canonical,57721,190,20733,0,True
pair_star_isolated,constructed,pair_star_isolated_020,True,line12,canonical,65537,210,20713,0,True
pair_star_isolated,constructed,pair_star_isolated_020,True,line12,reuse,1729,45,20878,0,True
pair_star_isolated,constructed,pair_star_isolated_020,True,line12,reuse,2718,45,20878,0,True
pair_star_isolated,constructed,pair_star_isolated_020,True,line12,reuse,31415,0,20923,0,False
pair_star_isolated,constructed,pair_star_isolated_020,True,line12,reuse,57721,45,20878,0,True
pair_star_isolated,constructed,pair_star_isolated_020,True,line12,reuse,65537,0,20923,0,False
pair_star_isolated,constructed,pair_star_isolated_020,True,ring12,canonical,1729,30,20893,0,True
pair_star_isolated,constructed,pair_star_isolated_020,True,ring12,canonical,2718,12,20911,0,True
pair_star_isolated,constructed,pair_star_isolated_020,True,ring12,canonical,31415,24,20899,0,True
pair_star_isolated,constructed,pair_star_isolated_020,True,ring12,canonical,57721,30,20893,0,True
pair_star_isolated,constructed,pair_star_isolated_020,True,ring12,canonical,65537,18,20905,0,True
pair_star_isolated,constructed,pair_star_isolated_020,True,ring12,reuse,1729,0,20923,0,False
pair_star_isolated,constructed,pair_star_isolated_020,True,ring12,reuse,2718,0,20923,0,False
pair_star_isolated,constructed,pair_star_isolated_020,True,ring12,reuse,31415,0,20923,0,False
pair_star_isolated,constructed,pair_star_isolated_020,True,ring12,reuse,57721,0,20923,0,False
pair_star_isolated,constructed,pair_star_isolated_020,True,ring12,reuse,65537,0,20923,0,False
pair_star_isolated,constructed,pair_star_isolated_021,False,grid12,canonical,1729,690,20233,0,True
pair_star_isolated,constructed,pair_star_isolated_021,False,grid12,canonical,2718,374,20549,0,True
pair_star_isolated,constructed,pair_star_isolated_021,False,grid12,canonical,31415,2316,18607,0,True
pair_star_isolated,constructed,pair_star_isolated_021,False,grid12,canonical,57721,1581,19342,0,True
pair_star_isolated,constructed,pair_star_isolated_021,False,grid12,canonical,65537,48,20875,0,True
pair_star_isolated,constructed,pair_star_isolated_021,False,grid12,reuse,1729,2874,18049,0,True
pair_star_isolated,constructed,pair_star_isolated_021,False,grid12,reuse,2718,2934,17989,0,True
pair_star_isolated,constructed,pair_star_isolated_021,False,grid12,reuse,31415,54,20869,0,True
pair_star_isolated,constructed,pair_star_isolated_021,False,grid12,reuse,57721,2940,17983,0,True
pair_star_isolated,constructed,pair_star_isolated_021,False,grid12,reuse,65537,1788,19135,0,True
pair_star_isolated,constructed,pair_star_isolated_021,False,line12,canonical,1729,228,20695,0,True
pair_star_isolated,constructed,pair_star_isolated_021,False,line12,canonical,2718,230,20693,0,True
pair_star_isolated,constructed,pair_star_isolated_021,False,line12,canonical,31415,303,20620,0,True
pair_star_isolated,constructed,pair_star_isolated_021,False,line12,canonical,57721,264,20659,0,True
pair_star_isolated,constructed,pair_star_isolated_021,False,line12,canonical,65537,229,20694,0,True
pair_star_isolated,constructed,pair_star_isolated_021,False,line12,reuse,1729,36,20887,0,True
pair_star_isolated,constructed,pair_star_isolated_021,False,line12,reuse,2718,36,20887,0,True
pair_star_isolated,constructed,pair_star_isolated_021,False,line12,reuse,31415,0,20923,0,False
pair_star_isolated,constructed,pair_star_isolated_021,False,line12,reuse,57721,0,20923,0,False
pair_star_isolated,constructed,pair_star_isolated_021,False,line12,reuse,65537,0,20923,0,False
pair_star_isolated,constructed,pair_star_isolated_021,False,ring12,canonical,1729,88,20835,0,True
pair_star_isolated,constructed,pair_star_isolated_021,False,ring12,canonical,2718,90,20833,0,True
pair_star_isolated,constructed,pair_star_isolated_021,False,ring12,canonical,31415,88,20835,0,True
pair_star_isolated,constructed,pair_star_isolated_021,False,ring12,canonical,57721,90,20833,0,True
pair_star_isolated,constructed,pair_star_isolated_021,False,ring12,canonical,65537,52,20871,0,True
pair_star_isolated,constructed,pair_star_isolated_021,False,ring12,reuse,1729,24,20899,0,True
pair_star_isolated,constructed,pair_star_isolated_021,False,ring12,reuse,2718,24,20899,0,True
pair_star_isolated,constructed,pair_star_isolated_021,False,ring12,reuse,31415,18,20905,0,True
pair_star_isolated,constructed,pair_star_isolated_021,False,ring12,reuse,57721,18,20905,0,True
pair_star_isolated,constructed,pair_star_isolated_021,False,ring12,reuse,65537,18,20905,0,True
pair_star_isolated,constructed,pair_star_isolated_022,False,grid12,canonical,1729,568,20355,0,True
pair_star_isolated,constructed,pair_star_isolated_022,False,grid12,canonical,2718,294,20629,0,True
pair_star_isolated,constructed,pair_star_isolated_022,False,grid12,canonical,31415,1320,19603,0,True
pair_star_isolated,constructed,pair_star_isolated_022,False,grid12,canonical,57721,594,20329,0,True
pair_star_isolated,constructed,pair_star_isolated_022,False,grid12,canonical,65537,252,20671,0,True
pair_star_isolated,constructed,pair_star_isolated_022,False,grid12,reuse,1729,248,20675,0,True
pair_star_isolated,constructed,pair_star_isolated_022,False,grid12,reuse,2718,224,20699,0,True
pair_star_isolated,constructed,pair_star_isolated_022,False,grid12,reuse,31415,52,20871,0,True
pair_star_isolated,constructed,pair_star_isolated_022,False,grid12,reuse,57721,1668,19255,0,True
pair_star_isolated,constructed,pair_star_isolated_022,False,grid12,reuse,65537,48,20875,0,True
pair_star_isolated,constructed,pair_star_isolated_022,False,line12,canonical,1729,508,20415,0,True
pair_star_isolated,constructed,pair_star_isolated_022,False,line12,canonical,2718,409,20514,0,True
pair_star_isolated,constructed,pair_star_isolated_022,False,line12,canonical,31415,488,20435,0,True
pair_star_isolated,constructed,pair_star_isolated_022,False,line12,canonical,57721,452,20471,0,True
pair_star_isolated,constructed,pair_star_isolated_022,False,line12,canonical,65537,496,20427,0,True
pair_star_isolated,constructed,pair_star_isolated_022,False,line12,reuse,1729,510,20413,0,True
pair_star_isolated,constructed,pair_star_isolated_022,False,line12,reuse,2718,580,20343,0,True
pair_star_isolated,constructed,pair_star_isolated_022,False,line12,reuse,31415,521,20402,0,True
pair_star_isolated,constructed,pair_star_isolated_022,False,line12,reuse,57721,506,20417,0,True
pair_star_isolated,constructed,pair_star_isolated_022,False,line12,reuse,65537,558,20365,0,True
pair_star_isolated,constructed,pair_star_isolated_022,False,ring12,canonical,1729,136,20787,0,True
pair_star_isolated,constructed,pair_star_isolated_022,False,ring12,canonical,2718,93,20830,0,True
pair_star_isolated,constructed,pair_star_isolated_022,False,ring12,canonical,31415,241,20682,0,True
pair_star_isolated,constructed,pair_star_isolated_022,False,ring12,canonical,57721,73,20850,0,True
pair_star_isolated,constructed,pair_star_isolated_022,False,ring12,canonical,65537,93,20830,0,True
pair_star_isolated,constructed,pair_star_isolated_022,False,ring12,reuse,1729,84,20839,0,True
pair_star_isolated,constructed,pair_star_isolated_022,False,ring12,reuse,2718,240,20683,0,True
pair_star_isolated,constructed,pair_star_isolated_022,False,ring12,reuse,31415,90,20833,0,True
pair_star_isolated,constructed,pair_star_isolated_022,False,ring12,reuse,57721,84,20839,0,True
pair_star_isolated,constructed,pair_star_isolated_022,False,ring12,reuse,65537,90,20833,0,True
pair_star_isolated,constructed,pair_star_isolated_023,False,grid12,canonical,1729,931,19992,0,True
pair_star_isolated,constructed,pair_star_isolated_023,False,grid12,canonical,2718,1040,19883,0,True
pair_star_isolated,constructed,pair_star_isolated_023,False,grid12,canonical,31415,930,19993,0,True
pair_star_isolated,constructed,pair_star_isolated_023,False,grid12,canonical,57721,899,20024,0,True
pair_star_isolated,constructed,pair_star_isolated_023,False,grid12,canonical,65537,973,19950,0,True
pair_star_isolated,constructed,pair_star_isolated_023,False,grid12,reuse,1729,528,20395,0,True
pair_star_isolated,constructed,pair_star_isolated_023,False,grid12,reuse,2718,528,20395,0,True
pair_star_isolated,constructed,pair_star_isolated_023,False,grid12,reuse,31415,486,20437,0,True
pair_star_isolated,constructed,pair_star_isolated_023,False,grid12,reuse,57721,522,20401,0,True
pair_star_isolated,constructed,pair_star_isolated_023,False,grid12,reuse,65537,486,20437,0,True
pair_star_isolated,constructed,pair_star_isolated_023,False,line12,canonical,1729,534,20389,0,True
pair_star_isolated,constructed,pair_star_isolated_023,False,line12,canonical,2718,493,20430,0,True
pair_star_isolated,constructed,pair_star_isolated_023,False,line12,canonical,31415,489,20434,0,True
pair_star_isolated,constructed,pair_star_isolated_023,False,line12,canonical,57721,498,20425,0,True
pair_star_isolated,constructed,pair_star_isolated_023,False,line12,canonical,65537,908,20015,0,True
pair_star_isolated,constructed,pair_star_isolated_023,False,line12,reuse,1729,45,20878,0,True
pair_star_isolated,constructed,pair_star_isolated_023,False,line12,reuse,2718,0,20923,0,False
pair_star_isolated,constructed,pair_star_isolated_023,False,line12,reuse,31415,0,20923,0,False
pair_star_isolated,constructed,pair_star_isolated_023,False,line12,reuse,57721,0,20923,0,False
pair_star_isolated,constructed,pair_star_isolated_023,False,line12,reuse,65537,405,20518,0,True
pair_star_isolated,constructed,pair_star_isolated_023,False,ring12,canonical,1729,69,20854,0,True
pair_star_isolated,constructed,pair_star_isolated_023,False,ring12,canonical,2718,68,20855,0,True
pair_star_isolated,constructed,pair_star_isolated_023,False,ring12,canonical,31415,37,20886,0,True
pair_star_isolated,constructed,pair_star_isolated_023,False,ring12,canonical,57721,38,20885,0,True
pair_star_isolated,constructed,pair_star_isolated_023,False,ring12,canonical,65537,37,20886,0,True
pair_star_isolated,constructed,pair_star_isolated_023,False,ring12,reuse,1729,90,20833,0,True
pair_star_isolated,constructed,pair_star_isolated_023,False,ring12,reuse,2718,90,20833,0,True
pair_star_isolated,constructed,pair_star_isolated_023,False,ring12,reuse,31415,80,20843,0,True
pair_star_isolated,constructed,pair_star_isolated_023,False,ring12,reuse,57721,92,20831,0,True
pair_star_isolated,constructed,pair_star_isolated_023,False,ring12,reuse,65537,80,20843,0,True
pair_star_isolated,constructed,pair_star_isolated_024,False,grid12,canonical,1729,36,20887,0,True
pair_star_isolated,constructed,pair_star_isolated_024,False,grid12,canonical,2718,942,19981,0,True
pair_star_isolated,constructed,pair_star_isolated_024,False,grid12,canonical,31415,138,20785,0,True
pair_star_isolated,constructed,pair_star_isolated_024,False,grid12,canonical,57721,150,20773,0,True
pair_star_isolated,constructed,pair_star_isolated_024,False,grid12,canonical,65537,126,20797,0,True
pair_star_isolated,constructed,pair_star_isolated_024,False,grid12,reuse,1729,562,20361,0,True
pair_star_isolated,constructed,pair_star_isolated_024,False,grid12,reuse,2718,344,20579,0,True
pair_star_isolated,constructed,pair_star_isolated_024,False,grid12,reuse,31415,532,20391,0,True
pair_star_isolated,constructed,pair_star_isolated_024,False,grid12,reuse,57721,508,20415,0,True
pair_star_isolated,constructed,pair_star_isolated_024,False,grid12,reuse,65537,524,20399,0,True
pair_star_isolated,constructed,pair_star_isolated_024,False,line12,canonical,1729,636,20287,0,True
pair_star_isolated,constructed,pair_star_isolated_024,False,line12,canonical,2718,451,20472,0,True
pair_star_isolated,constructed,pair_star_isolated_024,False,line12,canonical,31415,482,20441,0,True
pair_star_isolated,constructed,pair_star_isolated_024,False,line12,canonical,57721,418,20505,0,True
pair_star_isolated,constructed,pair_star_isolated_024,False,line12,canonical,65537,416,20507,0,True
pair_star_isolated,constructed,pair_star_isolated_024,False,line12,reuse,1729,972,19951,0,True
pair_star_isolated,constructed,pair_star_isolated_024,False,line12,reuse,2718,766,20157,0,True
pair_star_isolated,constructed,pair_star_isolated_024,False,line12,reuse,31415,825,20098,0,True
pair_star_isolated,constructed,pair_star_isolated_024,False,line12,reuse,57721,825,20098,0,True
pair_star_isolated,constructed,pair_star_isolated_024,False,line12,reuse,65537,852,20071,0,True
pair_star_isolated,constructed,pair_star_isolated_024,False,ring12,canonical,1729,80,20843,0,True
pair_star_isolated,constructed,pair_star_isolated_024,False,ring12,canonical,2718,80,20843,0,True
pair_star_isolated,constructed,pair_star_isolated_024,False,ring12,canonical,31415,80,20843,0,True
pair_star_isolated,constructed,pair_star_isolated_024,False,ring12,canonical,57721,80,20843,0,True
pair_star_isolated,constructed,pair_star_isolated_024,False,ring12,canonical,65537,74,20849,0,True
pair_star_isolated,constructed,pair_star_isolated_024,False,ring12,reuse,1729,18,20905,0,True
pair_star_isolated,constructed,pair_star_isolated_024,False,ring12,reuse,2718,18,20905,0,True
pair_star_isolated,constructed,pair_star_isolated_024,False,ring12,reuse,31415,18,20905,0,True
pair_star_isolated,constructed,pair_star_isolated_024,False,ring12,reuse,57721,18,20905,0,True
pair_star_isolated,constructed,pair_star_isolated_024,False,ring12,reuse,65537,18,20905,0,True
pair_star_isolated,constructed,pair_star_isolated_025,True,grid12,canonical,1729,502,20421,0,True
pair_star_isolated,constructed,pair_star_isolated_025,True,grid12,canonical,2718,476,20447,0,True
pair_star_isolated,constructed,pair_star_isolated_025,True,grid12,canonical,31415,464,20459,0,True
pair_star_isolated,constructed,pair_star_isolated_025,True,grid12,canonical,57721,433,20490,0,True
pair_star_isolated,constructed,pair_star_isolated_025,True,grid12,canonical,65537,420,20503,0,True
pair_star_isolated,constructed,pair_star_isolated_025,True,grid12,reuse,1729,442,20481,0,True
pair_star_isolated,constructed,pair_star_isolated_025,True,grid12,reuse,2718,540,20383,0,True
pair_star_isolated,constructed,pair_star_isolated_025,True,grid12,reuse,31415,508,20415,0,True
pair_star_isolated,constructed,pair_star_isolated_025,True,grid12,reuse,57721,570,20353,0,True
pair_star_isolated,constructed,pair_star_isolated_025,True,grid12,reuse,65537,554,20369,0,True
pair_star_isolated,constructed,pair_star_isolated_025,True,line12,canonical,1729,755,20168,0,True
pair_star_isolated,constructed,pair_star_isolated_025,True,line12,canonical,2718,749,20174,0,True
pair_star_isolated,constructed,pair_star_isolated_025,True,line12,canonical,31415,718,20205,0,True
pair_star_isolated,constructed,pair_star_isolated_025,True,line12,canonical,57721,788,20135,0,True
pair_star_isolated,constructed,pair_star_isolated_025,True,line12,canonical,65537,769,20154,0,True
pair_star_isolated,constructed,pair_star_isolated_025,True,line12,reuse,1729,200,20723,0,True
pair_star_isolated,constructed,pair_star_isolated_025,True,line12,reuse,2718,180,20743,0,True
pair_star_isolated,constructed,pair_star_isolated_025,True,line12,reuse,31415,255,20668,0,True
pair_star_isolated,constructed,pair_star_isolated_025,True,line12,reuse,57721,230,20693,0,True
pair_star_isolated,constructed,pair_star_isolated_025,True,line12,reuse,65537,200,20723,0,True
pair_star_isolated,constructed,pair_star_isolated_025,True,ring12,canonical,1729,254,20669,0,True
pair_star_isolated,constructed,pair_star_isolated_025,True,ring12,canonical,2718,254,20669,0,True
pair_star_isolated,constructed,pair_star_isolated_025,True,ring12,canonical,31415,242,20681,0,True
pair_star_isolated,constructed,pair_star_isolated_025,True,ring12,canonical,57721,254,20669,0,True
pair_star_isolated,constructed,pair_star_isolated_025,True,ring12,canonical,65537,242,20681,0,True
pair_star_isolated,constructed,pair_star_isolated_025,True,ring12,reuse,1729,68,20855,0,True
pair_star_isolated,constructed,pair_star_isolated_025,True,ring12,reuse,2718,63,20860,0,True
pair_star_isolated,constructed,pair_star_isolated_025,True,ring12,reuse,31415,50,20873,0,True
pair_star_isolated,constructed,pair_star_isolated_025,True,ring12,reuse,57721,68,20855,0,True
pair_star_isolated,constructed,pair_star_isolated_025,True,ring12,reuse,65537,51,20872,0,True
pair_star_isolated,constructed,pair_star_isolated_026,False,grid12,canonical,1729,645,20278,0,True
pair_star_isolated,constructed,pair_star_isolated_026,False,grid12,canonical,2718,588,20335,0,True
pair_star_isolated,constructed,pair_star_isolated_026,False,grid12,canonical,31415,717,20206,0,True
pair_star_isolated,constructed,pair_star_isolated_026,False,grid12,canonical,57721,717,20206,0,True
pair_star_isolated,constructed,pair_star_isolated_026,False,grid12,canonical,65537,705,20218,0,True
pair_star_isolated,constructed,pair_star_isolated_026,False,grid12,reuse,1729,504,20419,0,True
pair_star_isolated,constructed,pair_star_isolated_026,False,grid12,reuse,2718,567,20356,0,True
pair_star_isolated,constructed,pair_star_isolated_026,False,grid12,reuse,31415,504,20419,0,True
pair_star_isolated,constructed,pair_star_isolated_026,False,grid12,reuse,57721,522,20401,0,True
pair_star_isolated,constructed,pair_star_isolated_026,False,grid12,reuse,65537,567,20356,0,True
pair_star_isolated,constructed,pair_star_isolated_026,False,line12,canonical,1729,577,20346,0,True
pair_star_isolated,constructed,pair_star_isolated_026,False,line12,canonical,2718,843,20080,0,True
pair_star_isolated,constructed,pair_star_isolated_026,False,line12,canonical,31415,592,20331,0,True
pair_star_isolated,constructed,pair_star_isolated_026,False,line12,canonical,57721,807,20116,0,True
pair_star_isolated,constructed,pair_star_isolated_026,False,line12,canonical,65537,591,20332,0,True
pair_star_isolated,constructed,pair_star_isolated_026,False,line12,reuse,1729,819,20104,0,True
pair_star_isolated,constructed,pair_star_isolated_026,False,line12,reuse,2718,864,20059,0,True
pair_star_isolated,constructed,pair_star_isolated_026,False,line12,reuse,31415,738,20185,0,True
pair_star_isolated,constructed,pair_star_isolated_026,False,line12,reuse,57721,792,20131,0,True
pair_star_isolated,constructed,pair_star_isolated_026,False,line12,reuse,65537,837,20086,0,True
pair_star_isolated,constructed,pair_star_isolated_026,False,ring12,canonical,1729,118,20805,0,True
pair_star_isolated,constructed,pair_star_isolated_026,False,ring12,canonical,2718,150,20773,0,True
pair_star_isolated,constructed,pair_star_isolated_026,False,ring12,canonical,31415,114,20809,0,True
pair_star_isolated,constructed,pair_star_isolated_026,False,ring12,canonical,57721,130,20793,0,True
pair_star_isolated,constructed,pair_star_isolated_026,False,ring12,canonical,65537,149,20774,0,True
pair_star_isolated,constructed,pair_star_isolated_026,False,ring12,reuse,1729,110,20813,0,True
pair_star_isolated,constructed,pair_star_isolated_026,False,ring12,reuse,2718,120,20803,0,True
pair_star_isolated,constructed,pair_star_isolated_026,False,ring12,reuse,31415,110,20813,0,True
pair_star_isolated,constructed,pair_star_isolated_026,False,ring12,reuse,57721,98,20825,0,True
pair_star_isolated,constructed,pair_star_isolated_026,False,ring12,reuse,65537,138,20785,0,True
pair_star_isolated,constructed,pair_star_isolated_027,True,grid12,canonical,1729,510,20413,0,True
pair_star_isolated,constructed,pair_star_isolated_027,True,grid12,canonical,2718,78,20845,0,True
pair_star_isolated,constructed,pair_star_isolated_027,True,grid12,canonical,31415,465,20458,0,True
pair_star_isolated,constructed,pair_star_isolated_027,True,grid12,canonical,57721,192,20731,0,True
pair_star_isolated,constructed,pair_star_isolated_027,True,grid12,canonical,65537,78,20845,0,True
pair_star_isolated,constructed,pair_star_isolated_027,True,grid12,reuse,1729,210,20713,0,True
pair_star_isolated,constructed,pair_star_isolated_027,True,grid12,reuse,2718,1770,19153,0,True
pair_star_isolated,constructed,pair_star_isolated_027,True,grid12,reuse,31415,1722,19201,0,True
pair_star_isolated,constructed,pair_star_isolated_027,True,grid12,reuse,57721,1746,19177,0,True
pair_star_isolated,constructed,pair_star_isolated_027,True,grid12,reuse,65537,138,20785,0,True
pair_star_isolated,constructed,pair_star_isolated_027,True,line12,canonical,1729,320,20603,0,True
pair_star_isolated,constructed,pair_star_isolated_027,True,line12,canonical,2718,438,20485,0,True
pair_star_isolated,constructed,pair_star_isolated_027,True,line12,canonical,31415,416,20507,0,True
pair_star_isolated,constructed,pair_star_isolated_027,True,line12,canonical,57721,408,20515,0,True
pair_star_isolated,constructed,pair_star_isolated_027,True,line12,canonical,65537,446,20477,0,True
pair_star_isolated,constructed,pair_star_isolated_027,True,line12,reuse,1729,144,20779,0,True
pair_star_isolated,constructed,pair_star_isolated_027,True,line12,reuse,2718,225,20698,0,True
pair_star_isolated,constructed,pair_star_isolated_027,True,line12,reuse,31415,150,20773,0,True
pair_star_isolated,constructed,pair_star_isolated_027,True,line12,reuse,57721,150,20773,0,True
pair_star_isolated,constructed,pair_star_isolated_027,True,line12,reuse,65537,75,20848,0,True
pair_star_isolated,constructed,pair_star_isolated_027,True,ring12,canonical,1729,102,20821,0,True
pair_star_isolated,constructed,pair_star_isolated_027,True,ring12,canonical,2718,182,20741,0,True
pair_star_isolated,constructed,pair_star_isolated_027,True,ring12,canonical,31415,113,20810,0,True
pair_star_isolated,constructed,pair_star_isolated_027,True,ring12,canonical,57721,176,20747,0,True
pair_star_isolated,constructed,pair_star_isolated_027,True,ring12,canonical,65537,182,20741,0,True
pair_star_isolated,constructed,pair_star_isolated_027,True,ring12,reuse,1729,144,20779,0,True
pair_star_isolated,constructed,pair_star_isolated_027,True,ring12,reuse,2718,210,20713,0,True
pair_star_isolated,constructed,pair_star_isolated_027,True,ring12,reuse,31415,188,20735,0,True
pair_star_isolated,constructed,pair_star_isolated_027,True,ring12,reuse,57721,188,20735,0,True
pair_star_isolated,constructed,pair_star_isolated_027,True,ring12,reuse,65537,151,20772,0,True
pair_star_isolated,constructed,pair_star_isolated_028,False,grid12,canonical,1729,150,20773,0,True
pair_star_isolated,constructed,pair_star_isolated_028,False,grid12,canonical,2718,633,20290,0,True
pair_star_isolated,constructed,pair_star_isolated_028,False,grid12,canonical,31415,198,20725,0,True
pair_star_isolated,constructed,pair_star_isolated_028,False,grid12,canonical,57721,120,20803,0,True
pair_star_isolated,constructed,pair_star_isolated_028,False,grid12,canonical,65537,682,20241,0,True
pair_star_isolated,constructed,pair_star_isolated_028,False,grid12,reuse,1729,36,20887,0,True
pair_star_isolated,constructed,pair_star_isolated_028,False,grid12,reuse,2718,66,20857,0,True
pair_star_isolated,constructed,pair_star_isolated_028,False,grid12,reuse,31415,54,20869,0,True
pair_star_isolated,constructed,pair_star_isolated_028,False,grid12,reuse,57721,48,20875,0,True
pair_star_isolated,constructed,pair_star_isolated_028,False,grid12,reuse,65537,48,20875,0,True
pair_star_isolated,constructed,pair_star_isolated_028,False,line12,canonical,1729,30,20893,0,True
pair_star_isolated,constructed,pair_star_isolated_028,False,line12,canonical,2718,30,20893,0,True
pair_star_isolated,constructed,pair_star_isolated_028,False,line12,canonical,31415,30,20893,0,True
pair_star_isolated,constructed,pair_star_isolated_028,False,line12,canonical,57721,72,20851,0,True
pair_star_isolated,constructed,pair_star_isolated_028,False,line12,canonical,65537,72,20851,0,True
pair_star_isolated,constructed,pair_star_isolated_028,False,line12,reuse,1729,60,20863,0,True
pair_star_isolated,constructed,pair_star_isolated_028,False,line12,reuse,2718,60,20863,0,True
pair_star_isolated,constructed,pair_star_isolated_028,False,line12,reuse,31415,60,20863,0,True
pair_star_isolated,constructed,pair_star_isolated_028,False,line12,reuse,57721,60,20863,0,True
pair_star_isolated,constructed,pair_star_isolated_028,False,line12,reuse,65537,60,20863,0,True
pair_star_isolated,constructed,pair_star_isolated_028,False,ring12,canonical,1729,57,20866,0,True
pair_star_isolated,constructed,pair_star_isolated_028,False,ring12,canonical,2718,57,20866,0,True
pair_star_isolated,constructed,pair_star_isolated_028,False,ring12,canonical,31415,65,20858,0,True
pair_star_isolated,constructed,pair_star_isolated_028,False,ring12,canonical,57721,57,20866,0,True
pair_star_isolated,constructed,pair_star_isolated_028,False,ring12,canonical,65537,65,20858,0,True
pair_star_isolated,constructed,pair_star_isolated_028,False,ring12,reuse,1729,106,20817,0,True
pair_star_isolated,constructed,pair_star_isolated_028,False,ring12,reuse,2718,127,20796,0,True
pair_star_isolated,constructed,pair_star_isolated_028,False,ring12,reuse,31415,112,20811,0,True
pair_star_isolated,constructed,pair_star_isolated_028,False,ring12,reuse,57721,103,20820,0,True
pair_star_isolated,constructed,pair_star_isolated_028,False,ring12,reuse,65537,109,20814,0,True
pair_star_isolated,constructed,pair_star_isolated_029,False,grid12,canonical,1729,713,20210,0,True
pair_star_isolated,constructed,pair_star_isolated_029,False,grid12,canonical,2718,649,20274,0,True
pair_star_isolated,constructed,pair_star_isolated_029,False,grid12,canonical,31415,1508,19415,0,True
pair_star_isolated,constructed,pair_star_isolated_029,False,grid12,canonical,57721,653,20270,0,True
pair_star_isolated,constructed,pair_star_isolated_029,False,grid12,canonical,65537,2251,18672,0,True
pair_star_isolated,constructed,pair_star_isolated_029,False,grid12,reuse,1729,1272,19651,0,True
pair_star_isolated,constructed,pair_star_isolated_029,False,grid12,reuse,2718,144,20779,0,True
pair_star_isolated,constructed,pair_star_isolated_029,False,grid12,reuse,31415,978,19945,0,True
pair_star_isolated,constructed,pair_star_isolated_029,False,grid12,reuse,57721,162,20761,0,True
pair_star_isolated,constructed,pair_star_isolated_029,False,grid12,reuse,65537,132,20791,0,True
pair_star_isolated,constructed,pair_star_isolated_029,False,line12,canonical,1729,659,20264,0,True
pair_star_isolated,constructed,pair_star_isolated_029,False,line12,canonical,2718,661,20262,0,True
pair_star_isolated,constructed,pair_star_isolated_029,False,line12,canonical,31415,629,20294,0,True
pair_star_isolated,constructed,pair_star_isolated_029,False,line12,canonical,57721,660,20263,0,True
pair_star_isolated,constructed,pair_star_isolated_029,False,line12,canonical,65537,701,20222,0,True
pair_star_isolated,constructed,pair_star_isolated_029,False,line12,reuse,1729,483,20440,0,True
pair_star_isolated,constructed,pair_star_isolated_029,False,line12,reuse,2718,483,20440,0,True
pair_star_isolated,constructed,pair_star_isolated_029,False,line12,reuse,31415,479,20444,0,True
pair_star_isolated,constructed,pair_star_isolated_029,False,line12,reuse,57721,480,20443,0,True
pair_star_isolated,constructed,pair_star_isolated_029,False,line12,reuse,65537,472,20451,0,True
pair_star_isolated,constructed,pair_star_isolated_029,False,ring12,canonical,1729,37,20886,0,True
pair_star_isolated,constructed,pair_star_isolated_029,False,ring12,canonical,2718,71,20852,0,True
pair_star_isolated,constructed,pair_star_isolated_029,False,ring12,canonical,31415,43,20880,0,True
pair_star_isolated,constructed,pair_star_isolated_029,False,ring12,canonical,57721,38,20885,0,True
pair_star_isolated,constructed,pair_star_isolated_029,False,ring12,canonical,65537,37,20886,0,True
pair_star_isolated,constructed,pair_star_isolated_029,False,ring12,reuse,1729,0,20923,0,False
pair_star_isolated,constructed,pair_star_isolated_029,False,ring12,reuse,2718,0,20923,0,False
pair_star_isolated,constructed,pair_star_isolated_029,False,ring12,reuse,31415,0,20923,0,False
pair_star_isolated,constructed,pair_star_isolated_029,False,ring12,reuse,57721,0,20923,0,False
pair_star_isolated,constructed,pair_star_isolated_029,False,ring12,reuse,65537,6,20917,0,True
