test_deterministic_design_is_genuinely_selective (test_e1_e2_corrections.E1CorrectionTests.test_deterministic_design_is_genuinely_selective) ... ok
test_matched_random_never_uses_zero_auxiliary (test_e1_e2_corrections.E1CorrectionTests.test_matched_random_never_uses_zero_auxiliary) ... ok
test_one_cubic_is_explicitly_not_constructible (test_e1_e2_corrections.E1CorrectionTests.test_one_cubic_is_explicitly_not_constructible) ... ok
test_supplement_trials_pass_required_boundary_gates (test_e1_e2_corrections.E1CorrectionTests.test_supplement_trials_pass_required_boundary_gates) ... ok
test_capacity_failures_are_separate (test_e1_e2_corrections.E2CorrectionTests.test_capacity_failures_are_separate) ... ok
test_common_feasible_intersection_uses_same_ids (test_e1_e2_corrections.E2CorrectionTests.test_common_feasible_intersection_uses_same_ids) ... ok
test_method_status_detects_current_resource_only_e3 (test_e1_e2_corrections.E2CorrectionTests.test_method_status_detects_current_resource_only_e3) ... ok
test_method_status_refuses_unreviewed_fibre_rule (test_e1_e2_corrections.E2CorrectionTests.test_method_status_refuses_unreviewed_fibre_rule) ... ok
test_action_order_is_native_then_lexicographic_pairs (test_e1_exactness.E1CoreTests.test_action_order_is_native_then_lexicographic_pairs) ... ok
test_data_freeze_gate_accepts_signed_formal_shape_and_rejects_tamper (test_e1_exactness.E1CoreTests.test_data_freeze_gate_accepts_signed_formal_shape_and_rejects_tamper) ... ERROR
test_formal_csv_schema_contains_every_required_guide_column (test_e1_exactness.E1CoreTests.test_formal_csv_schema_contains_every_required_guide_column) ... ok
test_full_reference_reduces_every_cubic_with_minimum_pair_cover (test_e1_exactness.E1CoreTests.test_full_reference_reduces_every_cubic_with_minimum_pair_cover) ... ok
test_matched_random_is_reproducible_and_matches_auxiliary_count (test_e1_exactness.E1CoreTests.test_matched_random_is_reproducible_and_matches_auxiliary_count) ... ok
test_mixed_sign_shared_pair_threshold_is_maximum_signed_mass (test_e1_exactness.E1CoreTests.test_mixed_sign_shared_pair_threshold_is_maximum_signed_mass) ... ok
test_oracle_resource_selector_is_complete_and_deterministic (test_e1_exactness.E1CoreTests.test_oracle_resource_selector_is_complete_and_deterministic) ... ok
test_pairwise_setting_protocol_aggregates_required_rows (test_e1_exactness.E1CoreTests.test_pairwise_setting_protocol_aggregates_required_rows) ... ok
test_sharp_threshold_has_failure_tie_and_strict_uniqueness (test_e1_exactness.E1CoreTests.test_sharp_threshold_has_failure_tie_and_strict_uniqueness) ... ok
test_fairness_gate_detects_complete_topology_and_seed_bundles (test_e2_resources.E2ResourceTests.test_fairness_gate_detects_complete_topology_and_seed_bundles) ... ok
test_formal_csv_schemas_contain_guide_columns (test_e2_resources.E2ResourceTests.test_formal_csv_schemas_contain_guide_columns) ... ok
test_full_actions_reduce_every_cubic_deterministically (test_e2_resources.E2ResourceTests.test_full_actions_reduce_every_cubic_deterministically) ... ok
test_logical_metrics_include_every_required_resource (test_e2_resources.E2ResourceTests.test_logical_metrics_include_every_required_resource) ... ok
test_matched_random_is_reproducible_and_aux_matched (test_e2_resources.E2ResourceTests.test_matched_random_is_reproducible_and_aux_matched) ... ok
test_pareto_beam_is_deterministic (test_e2_resources.E2ResourceTests.test_pareto_beam_is_deterministic) ... ok
test_required_resource_figure_is_a_renderable_pdf (test_e2_resources.E2ResourceTests.test_required_resource_figure_is_a_renderable_pdf) ... ERROR
test_sparse_compiler_uses_frozen_protocol (test_e2_resources.E2ResourceTests.test_sparse_compiler_uses_frozen_protocol) ... ok
test_summary_retains_expected_width_failures (test_e2_resources.E2ResourceTests.test_summary_retains_expected_width_failures) ... ok
test_auxiliary_inconsistency_is_diagnostic_only (test_e3_qaoa.E3QAOATests.test_auxiliary_inconsistency_is_diagnostic_only) ... ok
test_budget_below_one_layer_is_retained_as_zero_layer (test_e3_qaoa.E3QAOATests.test_budget_below_one_layer_is_retained_as_zero_layer) ... ok
test_budget_specs_obey_equal_layer_and_compiled_caps (test_e3_qaoa.E3QAOATests.test_budget_specs_obey_equal_layer_and_compiled_caps) ... ok
test_exact_statevector_preserves_norm_and_original_mean (test_e3_qaoa.E3QAOATests.test_exact_statevector_preserves_norm_and_original_mean) ... ok
test_fairness_audit_accepts_all_restarts_and_equal_budgets (test_e3_qaoa.E3QAOATests.test_fairness_audit_accepts_all_restarts_and_equal_budgets) ... ok
test_fairness_audit_detects_evaluation_mismatch (test_e3_qaoa.E3QAOATests.test_fairness_audit_detects_evaluation_mismatch) ... ok
test_four_representation_families_and_five_random_seeds (test_e3_qaoa.E3QAOATests.test_four_representation_families_and_five_random_seeds) ... ok
test_optimizer_consumes_exact_frozen_evaluation_budget (test_e3_qaoa.E3QAOATests.test_optimizer_consumes_exact_frozen_evaluation_budget) ... ok
test_raw_fields_include_every_guide_requirement (test_e3_qaoa.E3QAOATests.test_raw_fields_include_every_guide_requirement) ... ok
test_required_figures_are_single_page_pdfs (test_e3_qaoa.E3QAOATests.test_required_figures_are_single_page_pdfs) ... ERROR
test_stable_initialisation_is_independent_and_reproducible (test_e3_qaoa.E3QAOATests.test_stable_initialisation_is_independent_and_reproducible) ... ok
test_summary_reports_paired_difference_against_native (test_e3_qaoa.E3QAOATests.test_summary_reports_paired_difference_against_native) ... ok
test_active_auxiliary_gets_only_pair_and_independence_closures (test_e4_warmstart.E4WarmStartTests.test_active_auxiliary_gets_only_pair_and_independence_closures) ... ok
test_cold_path_is_exactly_the_e3_statevector_path (test_e4_warmstart.E4WarmStartTests.test_cold_path_is_exactly_the_e3_statevector_path) ... ok
test_marginal_diagnostics_report_every_single_and_pair (test_e4_warmstart.E4WarmStartTests.test_marginal_diagnostics_report_every_single_and_pair) ... ok
test_matched_mixer_preserves_its_product_ground_state (test_e4_warmstart.E4WarmStartTests.test_matched_mixer_preserves_its_product_ground_state) ... ok
test_optimizer_retains_exact_e3_evaluation_budget (test_e4_warmstart.E4WarmStartTests.test_optimizer_retains_exact_e3_evaluation_budget) ... ok
test_product_state_has_declared_bernoulli_marginals (test_e4_warmstart.E4WarmStartTests.test_product_state_has_declared_bernoulli_marginals) ... ok
test_required_raw_and_marginal_fields_are_present (test_e4_warmstart.E4WarmStartTests.test_required_raw_and_marginal_fields_are_present) ... ok
test_sa_rlt_is_a_lower_bound_on_binary_optimum (test_e4_warmstart.E4WarmStartTests.test_sa_rlt_is_a_lower_bound_on_binary_optimum) ... ok
test_sa_rlt_pair_moments_obey_boolean_envelopes (test_e4_warmstart.E4WarmStartTests.test_sa_rlt_pair_moments_obey_boolean_envelopes) ... ok
test_sa_rlt_returns_all_first_and_pair_moments (test_e4_warmstart.E4WarmStartTests.test_sa_rlt_returns_all_first_and_pair_moments) ... ok
test_summary_table_and_pdf_are_emitted (test_e4_warmstart.E4WarmStartTests.test_summary_table_and_pdf_are_emitted) ... ERROR
test_zero_auxiliary_design_deduplicates_auxiliary_variant (test_e4_warmstart.E4WarmStartTests.test_zero_auxiliary_design_deduplicates_auxiliary_variant) ... ok
test_analysis_config_freezes_only_declared_primary_axes (test_e5_regime.E5RegimeTests.test_analysis_config_freezes_only_declared_primary_axes) ... ok
test_compiler_pairs_every_transpiler_seed (test_e5_regime.E5RegimeTests.test_compiler_pairs_every_transpiler_seed) ... ok
test_expected_sparse_width_failure_is_retained_not_imputed (test_e5_regime.E5RegimeTests.test_expected_sparse_width_failure_is_retained_not_imputed) ... ok
test_help_requires_interval_above_positive_tolerance (test_e5_regime.E5RegimeTests.test_help_requires_interval_above_positive_tolerance) ... ok
test_hurt_requires_interval_below_negative_tolerance (test_e5_regime.E5RegimeTests.test_hurt_requires_interval_below_negative_tolerance) ... ok
test_latex_table_retains_help_little_and_hurt_counts (test_e5_regime.E5RegimeTests.test_latex_table_retains_help_little_and_hurt_counts) ... ok
test_output_schemas_include_provenance_and_status (test_e5_regime.E5RegimeTests.test_output_schemas_include_provenance_and_status) ... ok
test_paired_interval_retains_all_observations (test_e5_regime.E5RegimeTests.test_paired_interval_retains_all_observations) ... ok
test_predeclared_bins_have_deterministic_boundaries (test_e5_regime.E5RegimeTests.test_predeclared_bins_have_deterministic_boundaries) ... ok
test_qaoa_pairs_selected_with_matched_random_by_restart (test_e5_regime.E5RegimeTests.test_qaoa_pairs_selected_with_matched_random_by_restart) ... ok
test_summary_reports_family_and_family_balanced_views (test_e5_regime.E5RegimeTests.test_summary_reports_family_and_family_balanced_views) ... ok
test_uncertain_or_small_effect_is_little_effect (test_e5_regime.E5RegimeTests.test_uncertain_or_small_effect_is_little_effect) ... ok
test_vector_pdf_contains_all_six_panels (test_e5_regime.E5RegimeTests.test_vector_pdf_contains_all_six_panels) ... ERROR
test_compiled_qaoa_circuit_uses_frozen_sparse_basis (test_e6_noise.E6NoiseTests.test_compiled_qaoa_circuit_uses_frozen_sparse_basis) ... ok
test_fairness_audit_accepts_complete_paired_protocol (test_e6_noise.E6NoiseTests.test_fairness_audit_accepts_complete_paired_protocol) ... ok
test_fairness_audit_detects_cross_level_seed_change (test_e6_noise.E6NoiseTests.test_fairness_audit_detects_cross_level_seed_change) ... ok
test_full_circuit_depth_rule_enforces_actual_budget (test_e6_noise.E6NoiseTests.test_full_circuit_depth_rule_enforces_actual_budget) ... ok
test_latex_table_records_noise_and_auxiliary_diagnostic (test_e6_noise.E6NoiseTests.test_latex_table_records_noise_and_auxiliary_diagnostic) ... ok
test_metrics_discard_auxiliary_bits_for_primary_score (test_e6_noise.E6NoiseTests.test_metrics_discard_auxiliary_bits_for_primary_score) ... ok
test_noiseless_model_is_exactly_absent (test_e6_noise.E6NoiseTests.test_noiseless_model_is_exactly_absent) ... ok
test_nonzero_noise_model_contains_quantum_and_readout_errors (test_e6_noise.E6NoiseTests.test_nonzero_noise_model_contains_quantum_and_readout_errors) ... ok
test_paired_degradation_rejects_missing_level (test_e6_noise.E6NoiseTests.test_paired_degradation_rejects_missing_level) ... ok
test_paired_degradation_uses_same_run_baseline (test_e6_noise.E6NoiseTests.test_paired_degradation_uses_same_run_baseline) ... ok
test_pdf_has_four_declared_panels (test_e6_noise.E6NoiseTests.test_pdf_has_four_declared_panels) ... ERROR
test_protocol_matches_frozen_parent (test_e6_noise.E6NoiseTests.test_protocol_matches_frozen_parent) ... ok
test_protocol_rejects_scope_expansion (test_e6_noise.E6NoiseTests.test_protocol_rejects_scope_expansion) ... ok
test_reduced_pipeline_emits_all_hashed_artifacts (test_e6_noise.E6NoiseTests.test_reduced_pipeline_emits_all_hashed_artifacts) ... ERROR
test_representative_seed_is_smallest_median_attainer (test_e6_noise.E6NoiseTests.test_representative_seed_is_smallest_median_attainer) ... ok
test_run_schema_retains_all_traceability_fields (test_e6_noise.E6NoiseTests.test_run_schema_retains_all_traceability_fields) ... ok
test_summary_has_two_families_four_representations_three_levels (test_e6_noise.E6NoiseTests.test_summary_has_two_families_four_representations_three_levels) ... ok
test_budget_labels_and_latex_are_explicit (test_fibre_postprocess_v2.FibrePostprocessV2Tests.test_budget_labels_and_latex_are_explicit) ... ok
test_guardrail_provenance_comes_from_frozen_v2 (test_fibre_postprocess_v2.FibrePostprocessV2Tests.test_guardrail_provenance_comes_from_frozen_v2) ... ok
test_matched_random_ci_uses_instances_not_designs_or_restarts (test_fibre_postprocess_v2.FibrePostprocessV2Tests.test_matched_random_ci_uses_instances_not_designs_or_restarts) ... ok
test_postprocess_preserves_raw_and_cascades_summary_hashes (test_fibre_postprocess_v2.FibrePostprocessV2Tests.test_postprocess_preserves_raw_and_cascades_summary_hashes) ... ERROR
test_bundle_covers_all_frozen_tiers (test_fibre_rerun.FibreRerunBundleTests.test_bundle_covers_all_frozen_tiers) ... ok
test_compilation_design_injection_has_eight_designs (test_fibre_rerun.FibreRerunBundleTests.test_compilation_design_injection_has_eight_designs) ... ok
test_qaoa_design_injection_has_eight_feasible_designs (test_fibre_rerun.FibreRerunBundleTests.test_qaoa_design_injection_has_eight_feasible_designs) ... ok
test_selector_validation_conversion_preserves_all_rows (test_fibre_rerun.FibreRerunBundleTests.test_selector_validation_conversion_preserves_all_rows) ... ok
test_v2_test_bundle_uses_dynamic_active_auxiliary_count (test_fibre_rerun.FibreRerunBundleTests.test_v2_test_bundle_uses_dynamic_active_auxiliary_count) ... ok
test_deserialise_actions (test_fibre_rerun.FibreRerunPrimitiveTests.test_deserialise_actions) ... ok
test_deserialise_actions_rejects_invalid_pair (test_fibre_rerun.FibreRerunPrimitiveTests.test_deserialise_actions_rejects_invalid_pair) ... ok
test_polynomial_key_is_order_independent (test_fibre_rerun.FibreRerunPrimitiveTests.test_polynomial_key_is_order_independent) ... ok
test_sidecar_gate_accepts_exact_bytes (test_fibre_rerun.FibreRerunPrimitiveTests.test_sidecar_gate_accepts_exact_bytes) ... ERROR
test_sidecar_gate_rejects_changed_bytes (test_fibre_rerun.FibreRerunPrimitiveTests.test_sidecar_gate_rejects_changed_bytes) ... ERROR
test_closed_form_matches_direct_product_enumeration (test_fibre_selector.FibreFormulaTests.test_closed_form_matches_direct_product_enumeration) ... ok
test_native_design_has_zero_fibre_excess (test_fibre_selector.FibreFormulaTests.test_native_design_has_zero_fibre_excess) ... ok
test_parent_config_hash_is_invariant_to_git_crlf_checkout (test_fibre_selector.FibreFormulaTests.test_parent_config_hash_is_invariant_to_git_crlf_checkout) ... ERROR
test_bounded_matched_random_is_deterministic_and_exactly_matched (test_fibre_selector.FibreRelaxationAndSelectorTests.test_bounded_matched_random_is_deterministic_and_exactly_matched) ... ok
test_certified_and_beam_results_are_fibre_feasible (test_fibre_selector.FibreRelaxationAndSelectorTests.test_certified_and_beam_results_are_fibre_feasible) ... ok
test_deterministic_relaxation_repeats_exact_moment_hash (test_fibre_selector.FibreRelaxationAndSelectorTests.test_deterministic_relaxation_repeats_exact_moment_hash) ... ok
test_greedy_reports_nonnegative_certified_regret (test_fibre_selector.FibreRelaxationAndSelectorTests.test_greedy_reports_nonnegative_certified_regret) ... ok
test_pareto_crowding_uses_all_five_coordinates_deterministically (test_fibre_selector.FibreRelaxationAndSelectorTests.test_pareto_crowding_uses_all_five_coordinates_deterministically) ... ok
test_manifest_bundle_is_reproducible_across_fresh_outputs (test_formal_data.FormalDataPipelineTests.test_manifest_bundle_is_reproducible_across_fresh_outputs) ... ERROR
test_qaoa_manifest_has_one_consistent_split_and_qmax_per_instance (test_formal_data.FormalDataPipelineTests.test_qaoa_manifest_has_one_consistent_split_and_qmax_per_instance) ... ERROR
test_reduced_formal_pipeline_passes_all_freeze_gates (test_formal_data.FormalDataPipelineTests.test_reduced_formal_pipeline_passes_all_freeze_gates) ... ERROR
test_refuses_to_overwrite_formal_data (test_formal_data.FormalDataPipelineTests.test_refuses_to_overwrite_formal_data) ... ERROR
test_rejects_tampered_formal_config_hash (test_formal_data.FormalDataPipelineTests.test_rejects_tampered_formal_config_hash) ... ERROR
test_success_appends_audited_project_document_sections (test_formal_data.FormalDataPipelineTests.test_success_appends_audited_project_document_sections) ... ERROR
test_ablation_is_one_factor_at_a_time_and_deduplicated (test_four_part_addendum_v1.FourPartAddendumTests.test_ablation_is_one_factor_at_a_time_and_deduplicated) ... ok
test_branch_and_bound_matches_complete_enumeration (test_four_part_addendum_v1.FourPartAddendumTests.test_branch_and_bound_matches_complete_enumeration) ... ok
test_completed_phase_cannot_be_overwritten (test_four_part_addendum_v1.FourPartAddendumTests.test_completed_phase_cannot_be_overwritten) ... ERROR
test_final_builder_requires_and_packages_all_four_audits (test_four_part_addendum_v1.FourPartAddendumTests.test_final_builder_requires_and_packages_all_four_audits) ... ERROR
test_frozen_main_selector_is_unchanged (test_four_part_addendum_v1.FourPartAddendumTests.test_frozen_main_selector_is_unchanged) ... ok
test_incomplete_phase_requires_explicit_resume (test_four_part_addendum_v1.FourPartAddendumTests.test_incomplete_phase_requires_explicit_resume) ... ERROR
test_maximum_reuse_baseline_is_deterministic (test_four_part_addendum_v1.FourPartAddendumTests.test_maximum_reuse_baseline_is_deterministic) ... ok
test_output_provenance_is_stable_and_hashed (test_four_part_addendum_v1.FourPartAddendumTests.test_output_provenance_is_stable_and_hashed) ... ERROR
test_penalty_margin_changes_selector_resources (test_four_part_addendum_v1.FourPartAddendumTests.test_penalty_margin_changes_selector_resources) ... ok
test_strong_bias_protocol_excludes_p0_and_old_reruns (test_four_part_addendum_v1.FourPartAddendumTests.test_strong_bias_protocol_excludes_p0_and_old_reruns) ... ok
test_strong_bias_ranking_uses_relaxation_signals_only (test_four_part_addendum_v1.FourPartAddendumTests.test_strong_bias_ranking_uses_relaxation_signals_only) ... ok
test_topology_definitions_are_symmetric_and_connected (test_four_part_addendum_v1.FourPartAddendumTests.test_topology_definitions_are_symmetric_and_connected) ... ok
test_local_operator_matches_independent_rotations (test_mixer_null_control.MixerCoordinateTests.test_local_operator_matches_independent_rotations) ... ok
test_mixer_only_preserves_product_state_with_declared_phase (test_mixer_null_control.MixerCoordinateTests.test_mixer_only_preserves_product_state_with_declared_phase) ... ok
test_nonuniform_multilayer_matches_dense_little_endian_reference (test_mixer_null_control.MixerCoordinateTests.test_nonuniform_multilayer_matches_dense_little_endian_reference) ... ok
test_product_basis_order_is_little_endian (test_mixer_null_control.MixerCoordinateTests.test_product_basis_order_is_little_endian) ... ok
test_qiskit_rotations_match_full_nonuniform_complex_state (test_mixer_null_control.MixerCoordinateTests.test_qiskit_rotations_match_full_nonuniform_complex_state) ... ok
test_uniform_input_matches_cold_state_probabilities_and_metrics (test_mixer_null_control.MixerCoordinateTests.test_uniform_input_matches_cold_state_probabilities_and_metrics) ... ok
test_uniform_input_need_not_give_uniform_qaoa_output (test_mixer_null_control.MixerCoordinateTests.test_uniform_input_need_not_give_uniform_qaoa_output) ... ok
test_full_e4_stops_before_reading_inputs_on_null_failure (test_mixer_null_control.NullControlGateTests.test_full_e4_stops_before_reading_inputs_on_null_failure) ... ok
test_rejects_invalid_probability_width_and_parameter_layout (test_mixer_null_control.NullControlGateTests.test_rejects_invalid_probability_width_and_parameter_layout) ... ok
test_runtime_gate_passes_with_zero_differences (test_mixer_null_control.NullControlGateTests.test_runtime_gate_passes_with_zero_differences) ... ok
test_runtime_gate_rejects_legacy_beta_sign (test_mixer_null_control.NullControlGateTests.test_runtime_gate_rejects_legacy_beta_sign) ... ok
test_runtime_gate_rejects_relative_phase_corruption (test_mixer_null_control.NullControlGateTests.test_runtime_gate_rejects_relative_phase_corruption) ... ok
test_strong_bias_stops_before_creating_output_on_null_failure (test_mixer_null_control.NullControlGateTests.test_strong_bias_stops_before_creating_output_on_null_failure) ... ok
test_auxiliary_index_and_existing_clipping_semantics_preserved (test_mixer_null_control.PolicyAndOptimizerNullTests.test_auxiliary_index_and_existing_clipping_semantics_preserved) ... ok
test_half_original_moments_do_not_imply_half_auxiliary (test_mixer_null_control.PolicyAndOptimizerNullTests.test_half_original_moments_do_not_imply_half_auxiliary) ... ok
test_same_seed_60_evaluation_optimizer_traces_match_across_all_null_policies (test_mixer_null_control.PolicyAndOptimizerNullTests.test_same_seed_60_evaluation_optimizer_traces_match_across_all_null_policies) ... ok
test_cross_seed_intersection_is_set_intersection (test_multiseed_experiment.MultiSeedClassificationTests.test_cross_seed_intersection_is_set_intersection) ... ok
test_degenerate_selective_is_nonmixed (test_multiseed_experiment.MultiSeedClassificationTests.test_degenerate_selective_is_nonmixed) ... ok
test_mismatched_cache_is_rejected (test_multiseed_experiment.MultiSeedClassificationTests.test_mismatched_cache_is_rejected) ... ok
test_one_actual_circuit_is_reused_for_every_budget_cell (test_multiseed_experiment.MultiSeedClassificationTests.test_one_actual_circuit_is_reused_for_every_budget_cell) ... ok
test_strict_mixed_requires_all_nonmixed_candidates_to_be_infeasible (test_multiseed_experiment.MultiSeedClassificationTests.test_strict_mixed_requires_all_nonmixed_candidates_to_be_infeasible) ... ok
test_unknown_nonmixed_exclusion_blocks_true (test_multiseed_experiment.MultiSeedClassificationTests.test_unknown_nonmixed_exclusion_blocks_true) ... ok
test_audit_entry_rejects_missing_duplicate_and_unexpected (test_multiseed_repairs.RepairRegressionTests.test_audit_entry_rejects_missing_duplicate_and_unexpected) ... ok
test_cache_running_and_pending_rejected (test_multiseed_repairs.RepairRegressionTests.test_cache_running_and_pending_rejected) ... ok
test_capacity_requires_evidence (test_multiseed_repairs.RepairRegressionTests.test_capacity_requires_evidence) ... ok
test_changed_compiler_cannot_create_legacy_tasks (test_multiseed_repairs.RepairRegressionTests.test_changed_compiler_cannot_create_legacy_tasks) ... ok
test_config_tampering_rejected_before_files_read (test_multiseed_repairs.RepairRegressionTests.test_config_tampering_rejected_before_files_read) ... ok
test_coverage_missing_duplicate_extra_nonterminal (test_multiseed_repairs.RepairRegressionTests.test_coverage_missing_duplicate_extra_nonterminal) ... ok
test_formal_entry_rejects_poisoned_cache (test_multiseed_repairs.RepairRegressionTests.test_formal_entry_rejects_poisoned_cache) ... ok
test_invalid_resources_never_certify_true (test_multiseed_repairs.RepairRegressionTests.test_invalid_resources_never_certify_true) ... ok
test_live_task_timeout_is_killed (test_multiseed_repairs.RepairRegressionTests.test_live_task_timeout_is_killed) ... ERROR
test_p1_actual_entry_rejects_errors_missing_repeat_seed_and_invalid (test_multiseed_repairs.RepairRegressionTests.test_p1_actual_entry_rejects_errors_missing_repeat_seed_and_invalid) ... P1 full: 1/6 batches, 1/6 records; 0.0s
P1 full: 2/6 batches, 2/6 records; 0.0s
P1 full: 3/6 batches, 3/6 records; 0.0s
P1 full: 4/6 batches, 4/6 records; 0.0s
P1 full: 5/6 batches, 5/6 records; 0.0s
P1 full: 6/6 batches, 6/6 records; 0.0s
P1 full: 1/6 batches, 1/6 records; 0.0s
P1 full: 2/6 batches, 2/6 records; 0.0s
P1 full: 3/6 batches, 3/6 records; 0.0s
P1 full: 4/6 batches, 4/6 records; 0.0s
P1 full: 5/6 batches, 5/6 records; 0.0s
P1 full: 6/6 batches, 6/6 records; 0.0s
P1 full: 1/6 batches, 1/6 records; 0.0s
P1 full: 2/6 batches, 2/6 records; 0.0s
P1 full: 3/6 batches, 2/6 records; 0.0s
P1 full: 4/6 batches, 2/6 records; 0.0s
P1 full: 5/6 batches, 3/6 records; 0.0s
P1 full: 6/6 batches, 4/6 records; 0.0s
P1 full: 1/6 batches, 1/6 records; 0.0s
P1 full: 2/6 batches, 2/6 records; 0.0s
P1 full: 3/6 batches, 3/6 records; 0.0s
P1 full: 4/6 batches, 4/6 records; 0.0s
P1 full: 5/6 batches, 4/6 records; 0.0s
P1 full: 6/6 batches, 4/6 records; 0.0s
P1 full: 1/6 batches, 1/6 records; 0.0s
P1 full: 2/6 batches, 2/6 records; 0.0s
P1 full: 3/6 batches, 3/6 records; 0.0s
P1 full: 4/6 batches, 4/6 records; 0.0s
P1 full: 5/6 batches, 5/6 records; 0.0s
P1 full: 6/6 batches, 6/6 records; 0.0s
ok
test_retention_set_definitions (test_multiseed_repairs.RepairRegressionTests.test_retention_set_definitions) ... ok
test_seed_figure_uses_corresponding_seed_details (test_multiseed_repairs.RepairRegressionTests.test_seed_figure_uses_corresponding_seed_details) ... ok
test_selector_fixed_winner_coverage_and_missing (test_multiseed_repairs.RepairRegressionTests.test_selector_fixed_winner_coverage_and_missing) ... ok
test_wrong_id_rejected (test_multiseed_repairs.RepairRegressionTests.test_wrong_id_rejected) ... ok
test_yaml_contains_entire_config (test_multiseed_repairs.RepairRegressionTests.test_yaml_contains_entire_config) ... ok
test_complete_valid_full_library_passes (test_p1_full_coverage.FullP1Tests.test_complete_valid_full_library_passes) ... ok
test_copied_observation_not_independent_repeat (test_p1_full_coverage.FullP1Tests.test_copied_observation_not_independent_repeat) ... ok
test_forged_full_report_with_representative_rows_rejected (test_p1_full_coverage.FullP1Tests.test_forged_full_report_with_representative_rows_rejected) ... ok
test_missing_candidate_setting_second_repeat_and_duplicate_rejected (test_p1_full_coverage.FullP1Tests.test_missing_candidate_setting_second_repeat_and_duplicate_rejected) ... ok
test_repeated_resource_change_fails (test_p1_full_coverage.FullP1Tests.test_repeated_resource_change_fails) ... ok
test_representative_report_cannot_satisfy_formal_gate (test_p1_full_coverage.FullP1Tests.test_representative_report_cannot_satisfy_formal_gate) ... ok
test_boolean_cubic_to_collected_pauli_is_exact (test_reference_pilot.ReferenceCompilerTests.test_boolean_cubic_to_collected_pauli_is_exact) ... ok
test_declared_width_is_enforced (test_reference_pilot.ReferenceCompilerTests.test_declared_width_is_enforced) ... ok
test_earliest_layer_schedule_parallelises_disjoint_gates (test_reference_pilot.ReferenceCompilerTests.test_earliest_layer_schedule_parallelises_disjoint_gates) ... ok
test_exact_zero_is_removed_only_after_aggregation (test_reference_pilot.ReferenceCompilerTests.test_exact_zero_is_removed_only_after_aggregation) ... ok
test_reference_gate_formula_for_one_boolean_cubic (test_reference_pilot.ReferenceCompilerTests.test_reference_gate_formula_for_one_boolean_cubic) ... ok
test_full_quadratization_is_pointwise_exact_and_unique (test_reference_pilot.RepresentationTests.test_full_quadratization_is_pointwise_exact_and_unique) ... ok
test_large_pair_cover_uses_exact_milp_and_preserves_tie_break (test_reference_pilot.RepresentationTests.test_large_pair_cover_uses_exact_milp_and_preserves_tie_break) ... ok
test_lexicographic_minimum_pair_cover (test_reference_pilot.RepresentationTests.test_lexicographic_minimum_pair_cover) ... ok
test_end_to_end_reference_pilot (test_reference_pilot.StatevectorPilotTests.test_end_to_end_reference_pilot) ... ERROR
test_fixed_statevector_probe_is_numerically_reproducible (test_reference_pilot.StatevectorPilotTests.test_fixed_statevector_probe_is_numerically_reproducible) ... ok
test_nonempty_output_is_rejected (test_reference_pilot.StatevectorPilotTests.test_nonempty_output_is_rejected) ... ERROR
test_small_statevector_probe (test_reference_pilot.StatevectorPilotTests.test_small_statevector_probe) ... ok
test_all_eight_max3sat_sign_patterns (test_smoke_pipeline.ConversionTests.test_all_eight_max3sat_sign_patterns) ... ok
test_three_manual_spin_conversions (test_smoke_pipeline.ConversionTests.test_three_manual_spin_conversions) ... ok
test_blocked_draft_config_is_valid_and_auditable (test_smoke_pipeline.ExperimentConfigTests.test_blocked_draft_config_is_valid_and_auditable) ... ERROR
test_frozen_config_with_blockers_is_rejected (test_smoke_pipeline.ExperimentConfigTests.test_frozen_config_with_blockers_is_rejected) ... ERROR
test_duplicate_clause_is_rejected (test_smoke_pipeline.GeneratorAndValidationTests.test_duplicate_clause_is_rejected) ... ok
test_fixed_seed_max3sat_is_identical (test_smoke_pipeline.GeneratorAndValidationTests.test_fixed_seed_max3sat_is_identical) ... ok
test_fixed_seed_spin_is_identical (test_smoke_pipeline.GeneratorAndValidationTests.test_fixed_seed_spin_is_identical) ... ok
test_generated_instances_pass_schema_and_semantics (test_smoke_pipeline.GeneratorAndValidationTests.test_generated_instances_pass_schema_and_semantics) ... ok
test_changing_weight_changes_id (test_smoke_pipeline.IdentityTests.test_changing_weight_changes_id) ... ok
test_known_max3sat_example_id (test_smoke_pipeline.IdentityTests.test_known_max3sat_example_id) ... ok
test_known_spin_example_id (test_smoke_pipeline.IdentityTests.test_known_spin_example_id) ... ok
test_reordering_does_not_change_id (test_smoke_pipeline.IdentityTests.test_reordering_does_not_change_id) ... ok
test_nonempty_output_directory_is_rejected (test_smoke_pipeline.SmokeBatchTests.test_nonempty_output_directory_is_rejected) ... ERROR
test_smoke_batch_is_reproducible_and_complete (test_smoke_pipeline.SmokeBatchTests.test_smoke_batch_is_reproducible_and_complete) ... ERROR
test_fails_if_draft_blocker_list_changed (test_step1_freeze.Step1FreezeTests.test_fails_if_draft_blocker_list_changed) ... ERROR
test_fails_if_qmax_probe_did_not_pass (test_step1_freeze.Step1FreezeTests.test_fails_if_qmax_probe_did_not_pass) ... ERROR
test_pass_creates_zero_blocker_config_and_matching_hash (test_step1_freeze.Step1FreezeTests.test_pass_creates_zero_blocker_config_and_matching_hash) ... ERROR
test_refuses_to_overwrite_formal_config (test_step1_freeze.Step1FreezeTests.test_refuses_to_overwrite_formal_config) ... ERROR

======================================================================
ERROR: test_data_freeze_gate_accepts_signed_formal_shape_and_rejects_tamper (test_e1_exactness.E1CoreTests.test_data_freeze_gate_accepts_signed_formal_shape_and_rejects_tamper)
----------------------------------------------------------------------
Traceback (most recent call last):
  File "C:\Users\rocyz\Desktop\量子算法组合优化tsp\协作\PR1_CLOSEOUT_20260921T222713Z\assembled\tests\test_e1_exactness.py", line 173, in test_data_freeze_gate_accepts_signed_formal_shape_and_rejects_tamper
    config.write_bytes(b"status: frozen\n")
  File "C:\Users\rocyz\AppData\Local\Programs\Python\Python312\Lib\pathlib.py", line 1036, in write_bytes
    with self.open(mode='wb') as f:
         ^^^^^^^^^^^^^^^^^^^^
  File "C:\Users\rocyz\AppData\Local\Programs\Python\Python312\Lib\pathlib.py", line 1013, in open
    return io.open(self, mode, buffering, encoding, errors, newline)
           ^^^^^^^^^^^^^^^^^^^^^^^^^^^^^^^^^^^^^^^^^^^^^^^^^^^^^^^^^
PermissionError: [Errno 13] Permission denied: 'C:\\Users\\rocyz\\Desktop\\量子算法组合优化tsp\\协作\\PR1_CLOSEOUT_20260921T222713Z\\test_temporary\\tmpv04dg2a8\\experiment_config_v1.yaml'

During handling of the above exception, another exception occurred:

Traceback (most recent call last):
  File "<frozen os>", line 366, in walk
PermissionError: [WinError 5] 拒绝访问。: 'C:\\Users\\rocyz\\Desktop\\量子算法组合优化tsp\\协作\\PR1_CLOSEOUT_20260921T222713Z\\test_temporary\\tmpv04dg2a8'

During handling of the above exception, another exception occurred:

Traceback (most recent call last):
  File "C:\Users\rocyz\Desktop\量子算法组合优化tsp\协作\PR1_CLOSEOUT_20260921T222713Z\assembled\tests\test_e1_exactness.py", line 170, in test_data_freeze_gate_accepts_signed_formal_shape_and_rejects_tamper
    with tempfile.TemporaryDirectory() as directory:
         ^^^^^^^^^^^^^^^^^^^^^^^^^^^^^
  File "C:\Users\rocyz\AppData\Local\Programs\Python\Python312\Lib\tempfile.py", line 950, in __exit__
    self.cleanup()
  File "C:\Users\rocyz\AppData\Local\Programs\Python\Python312\Lib\tempfile.py", line 954, in cleanup
    self._rmtree(self.name, ignore_errors=self._ignore_cleanup_errors)
  File "C:\Users\rocyz\AppData\Local\Programs\Python\Python312\Lib\tempfile.py", line 934, in _rmtree
    _shutil.rmtree(name, onexc=onexc)
  File "C:\Users\rocyz\AppData\Local\Programs\Python\Python312\Lib\shutil.py", line 781, in rmtree
    return _rmtree_unsafe(path, onexc)
           ^^^^^^^^^^^^^^^^^^^^^^^^^^^
  File "C:\Users\rocyz\AppData\Local\Programs\Python\Python312\Lib\shutil.py", line 623, in _rmtree_unsafe
    for dirpath, dirnames, filenames in results:
                                        ^^^^^^^
  File "<frozen os>", line 369, in walk
  File "C:\Users\rocyz\AppData\Local\Programs\Python\Python312\Lib\shutil.py", line 621, in onerror
    onexc(os.scandir, err.filename, err)
  File "C:\Users\rocyz\AppData\Local\Programs\Python\Python312\Lib\tempfile.py", line 906, in onexc
    _resetperms(path)
  File "C:\Users\rocyz\AppData\Local\Programs\Python\Python312\Lib\tempfile.py", line 286, in _resetperms
    _dont_follow_symlinks(_os.chmod, path, 0o700)
  File "C:\Users\rocyz\AppData\Local\Programs\Python\Python312\Lib\tempfile.py", line 277, in _dont_follow_symlinks
    func(path, *args)
PermissionError: [WinError 5] 拒绝访问。: 'C:\\Users\\rocyz\\Desktop\\量子算法组合优化tsp\\协作\\PR1_CLOSEOUT_20260921T222713Z\\test_temporary\\tmpv04dg2a8'

======================================================================
ERROR: test_required_resource_figure_is_a_renderable_pdf (test_e2_resources.E2ResourceTests.test_required_resource_figure_is_a_renderable_pdf)
----------------------------------------------------------------------
Traceback (most recent call last):
  File "C:\Users\rocyz\Desktop\量子算法组合优化tsp\协作\PR1_CLOSEOUT_20260921T222713Z\assembled\tests\test_e2_resources.py", line 318, in test_required_resource_figure_is_a_renderable_pdf
    version = write_resource_figure_pdf(path, logical, summary)
              ^^^^^^^^^^^^^^^^^^^^^^^^^^^^^^^^^^^^^^^^^^^^^^^^^
  File "C:\Users\rocyz\Desktop\量子算法组合优化tsp\协作\PR1_CLOSEOUT_20260921T222713Z\assembled\urss_pipeline\e2_resources.py", line 1692, in write_resource_figure_pdf
    pdf.save()
  File "C:\Users\rocyz\Desktop\量子算法组合优化tsp\协作\.venv\Lib\site-packages\reportlab\pdfgen\canvas.py", line 1302, in save
    self._doc.SaveToFile(self._filename, self)
  File "C:\Users\rocyz\Desktop\量子算法组合优化tsp\协作\.venv\Lib\site-packages\reportlab\pdfbase\pdfdoc.py", line 208, in SaveToFile
    f = open(filename, "wb")
        ^^^^^^^^^^^^^^^^^^^^
PermissionError: [Errno 13] Permission denied: 'C:\\Users\\rocyz\\Desktop\\量子算法组合优化tsp\\协作\\PR1_CLOSEOUT_20260921T222713Z\\test_temporary\\tmprhpbiwao\\figure.pdf'

During handling of the above exception, another exception occurred:

Traceback (most recent call last):
  File "<frozen os>", line 366, in walk
PermissionError: [WinError 5] 拒绝访问。: 'C:\\Users\\rocyz\\Desktop\\量子算法组合优化tsp\\协作\\PR1_CLOSEOUT_20260921T222713Z\\test_temporary\\tmprhpbiwao'

During handling of the above exception, another exception occurred:

Traceback (most recent call last):
  File "C:\Users\rocyz\Desktop\量子算法组合优化tsp\协作\PR1_CLOSEOUT_20260921T222713Z\assembled\tests\test_e2_resources.py", line 316, in test_required_resource_figure_is_a_renderable_pdf
    with tempfile.TemporaryDirectory() as directory:
         ^^^^^^^^^^^^^^^^^^^^^^^^^^^^^
  File "C:\Users\rocyz\AppData\Local\Programs\Python\Python312\Lib\tempfile.py", line 950, in __exit__
    self.cleanup()
  File "C:\Users\rocyz\AppData\Local\Programs\Python\Python312\Lib\tempfile.py", line 954, in cleanup
    self._rmtree(self.name, ignore_errors=self._ignore_cleanup_errors)
  File "C:\Users\rocyz\AppData\Local\Programs\Python\Python312\Lib\tempfile.py", line 934, in _rmtree
    _shutil.rmtree(name, onexc=onexc)
  File "C:\Users\rocyz\AppData\Local\Programs\Python\Python312\Lib\shutil.py", line 781, in rmtree
    return _rmtree_unsafe(path, onexc)
           ^^^^^^^^^^^^^^^^^^^^^^^^^^^
  File "C:\Users\rocyz\AppData\Local\Programs\Python\Python312\Lib\shutil.py", line 623, in _rmtree_unsafe
    for dirpath, dirnames, filenames in results:
                                        ^^^^^^^
  File "<frozen os>", line 369, in walk
  File "C:\Users\rocyz\AppData\Local\Programs\Python\Python312\Lib\shutil.py", line 621, in onerror
    onexc(os.scandir, err.filename, err)
  File "C:\Users\rocyz\AppData\Local\Programs\Python\Python312\Lib\tempfile.py", line 906, in onexc
    _resetperms(path)
  File "C:\Users\rocyz\AppData\Local\Programs\Python\Python312\Lib\tempfile.py", line 286, in _resetperms
    _dont_follow_symlinks(_os.chmod, path, 0o700)
  File "C:\Users\rocyz\AppData\Local\Programs\Python\Python312\Lib\tempfile.py", line 277, in _dont_follow_symlinks
    func(path, *args)
PermissionError: [WinError 5] 拒绝访问。: 'C:\\Users\\rocyz\\Desktop\\量子算法组合优化tsp\\协作\\PR1_CLOSEOUT_20260921T222713Z\\test_temporary\\tmprhpbiwao'

======================================================================
ERROR: test_required_figures_are_single_page_pdfs (test_e3_qaoa.E3QAOATests.test_required_figures_are_single_page_pdfs)
----------------------------------------------------------------------
Traceback (most recent call last):
  File "C:\Users\rocyz\Desktop\量子算法组合优化tsp\协作\PR1_CLOSEOUT_20260921T222713Z\assembled\tests\test_e3_qaoa.py", line 384, in test_required_figures_are_single_page_pdfs
    write_qaoa_figure_pdf(first, rows, budget_mode="equal_layer")
  File "C:\Users\rocyz\Desktop\量子算法组合优化tsp\协作\PR1_CLOSEOUT_20260921T222713Z\assembled\urss_pipeline\e3_qaoa.py", line 1087, in write_qaoa_figure_pdf
    pdf.save()
  File "C:\Users\rocyz\Desktop\量子算法组合优化tsp\协作\.venv\Lib\site-packages\reportlab\pdfgen\canvas.py", line 1302, in save
    self._doc.SaveToFile(self._filename, self)
  File "C:\Users\rocyz\Desktop\量子算法组合优化tsp\协作\.venv\Lib\site-packages\reportlab\pdfbase\pdfdoc.py", line 208, in SaveToFile
    f = open(filename, "wb")
        ^^^^^^^^^^^^^^^^^^^^
PermissionError: [Errno 13] Permission denied: 'C:\\Users\\rocyz\\Desktop\\量子算法组合优化tsp\\协作\\PR1_CLOSEOUT_20260921T222713Z\\test_temporary\\tmp_59m3y3e\\equal_layer.pdf'

During handling of the above exception, another exception occurred:

Traceback (most recent call last):
  File "<frozen os>", line 366, in walk
PermissionError: [WinError 5] 拒绝访问。: 'C:\\Users\\rocyz\\Desktop\\量子算法组合优化tsp\\协作\\PR1_CLOSEOUT_20260921T222713Z\\test_temporary\\tmp_59m3y3e'

During handling of the above exception, another exception occurred:

Traceback (most recent call last):
  File "C:\Users\rocyz\Desktop\量子算法组合优化tsp\协作\PR1_CLOSEOUT_20260921T222713Z\assembled\tests\test_e3_qaoa.py", line 381, in test_required_figures_are_single_page_pdfs
    with tempfile.TemporaryDirectory() as directory:
         ^^^^^^^^^^^^^^^^^^^^^^^^^^^^^
  File "C:\Users\rocyz\AppData\Local\Programs\Python\Python312\Lib\tempfile.py", line 950, in __exit__
    self.cleanup()
  File "C:\Users\rocyz\AppData\Local\Programs\Python\Python312\Lib\tempfile.py", line 954, in cleanup
    self._rmtree(self.name, ignore_errors=self._ignore_cleanup_errors)
  File "C:\Users\rocyz\AppData\Local\Programs\Python\Python312\Lib\tempfile.py", line 934, in _rmtree
    _shutil.rmtree(name, onexc=onexc)
  File "C:\Users\rocyz\AppData\Local\Programs\Python\Python312\Lib\shutil.py", line 781, in rmtree
    return _rmtree_unsafe(path, onexc)
           ^^^^^^^^^^^^^^^^^^^^^^^^^^^
  File "C:\Users\rocyz\AppData\Local\Programs\Python\Python312\Lib\shutil.py", line 623, in _rmtree_unsafe
    for dirpath, dirnames, filenames in results:
                                        ^^^^^^^
  File "<frozen os>", line 369, in walk
  File "C:\Users\rocyz\AppData\Local\Programs\Python\Python312\Lib\shutil.py", line 621, in onerror
    onexc(os.scandir, err.filename, err)
  File "C:\Users\rocyz\AppData\Local\Programs\Python\Python312\Lib\tempfile.py", line 906, in onexc
    _resetperms(path)
  File "C:\Users\rocyz\AppData\Local\Programs\Python\Python312\Lib\tempfile.py", line 286, in _resetperms
    _dont_follow_symlinks(_os.chmod, path, 0o700)
  File "C:\Users\rocyz\AppData\Local\Programs\Python\Python312\Lib\tempfile.py", line 277, in _dont_follow_symlinks
    func(path, *args)
PermissionError: [WinError 5] 拒绝访问。: 'C:\\Users\\rocyz\\Desktop\\量子算法组合优化tsp\\协作\\PR1_CLOSEOUT_20260921T222713Z\\test_temporary\\tmp_59m3y3e'

======================================================================
ERROR: test_summary_table_and_pdf_are_emitted (test_e4_warmstart.E4WarmStartTests.test_summary_table_and_pdf_are_emitted)
----------------------------------------------------------------------
Traceback (most recent call last):
  File "C:\Users\rocyz\Desktop\量子算法组合优化tsp\协作\PR1_CLOSEOUT_20260921T222713Z\assembled\tests\test_e4_warmstart.py", line 321, in test_summary_table_and_pdf_are_emitted
    version = write_marginal_figure_pdf(path, marginal_rows)
              ^^^^^^^^^^^^^^^^^^^^^^^^^^^^^^^^^^^^^^^^^^^^^^
  File "C:\Users\rocyz\Desktop\量子算法组合优化tsp\协作\PR1_CLOSEOUT_20260921T222713Z\assembled\urss_pipeline\e4_warmstart.py", line 1418, in write_marginal_figure_pdf
    pdf.save()
  File "C:\Users\rocyz\Desktop\量子算法组合优化tsp\协作\.venv\Lib\site-packages\reportlab\pdfgen\canvas.py", line 1302, in save
    self._doc.SaveToFile(self._filename, self)
  File "C:\Users\rocyz\Desktop\量子算法组合优化tsp\协作\.venv\Lib\site-packages\reportlab\pdfbase\pdfdoc.py", line 208, in SaveToFile
    f = open(filename, "wb")
        ^^^^^^^^^^^^^^^^^^^^
PermissionError: [Errno 13] Permission denied: 'C:\\Users\\rocyz\\Desktop\\量子算法组合优化tsp\\协作\\PR1_CLOSEOUT_20260921T222713Z\\test_temporary\\tmpqijo_x5_\\marginals.pdf'

During handling of the above exception, another exception occurred:

Traceback (most recent call last):
  File "<frozen os>", line 366, in walk
PermissionError: [WinError 5] 拒绝访问。: 'C:\\Users\\rocyz\\Desktop\\量子算法组合优化tsp\\协作\\PR1_CLOSEOUT_20260921T222713Z\\test_temporary\\tmpqijo_x5_'

During handling of the above exception, another exception occurred:

Traceback (most recent call last):
  File "C:\Users\rocyz\Desktop\量子算法组合优化tsp\协作\PR1_CLOSEOUT_20260921T222713Z\assembled\tests\test_e4_warmstart.py", line 319, in test_summary_table_and_pdf_are_emitted
    with tempfile.TemporaryDirectory() as directory:
         ^^^^^^^^^^^^^^^^^^^^^^^^^^^^^
  File "C:\Users\rocyz\AppData\Local\Programs\Python\Python312\Lib\tempfile.py", line 950, in __exit__
    self.cleanup()
  File "C:\Users\rocyz\AppData\Local\Programs\Python\Python312\Lib\tempfile.py", line 954, in cleanup
    self._rmtree(self.name, ignore_errors=self._ignore_cleanup_errors)
  File "C:\Users\rocyz\AppData\Local\Programs\Python\Python312\Lib\tempfile.py", line 934, in _rmtree
    _shutil.rmtree(name, onexc=onexc)
  File "C:\Users\rocyz\AppData\Local\Programs\Python\Python312\Lib\shutil.py", line 781, in rmtree
    return _rmtree_unsafe(path, onexc)
           ^^^^^^^^^^^^^^^^^^^^^^^^^^^
  File "C:\Users\rocyz\AppData\Local\Programs\Python\Python312\Lib\shutil.py", line 623, in _rmtree_unsafe
    for dirpath, dirnames, filenames in results:
                                        ^^^^^^^
  File "<frozen os>", line 369, in walk
  File "C:\Users\rocyz\AppData\Local\Programs\Python\Python312\Lib\shutil.py", line 621, in onerror
    onexc(os.scandir, err.filename, err)
  File "C:\Users\rocyz\AppData\Local\Programs\Python\Python312\Lib\tempfile.py", line 906, in onexc
    _resetperms(path)
  File "C:\Users\rocyz\AppData\Local\Programs\Python\Python312\Lib\tempfile.py", line 286, in _resetperms
    _dont_follow_symlinks(_os.chmod, path, 0o700)
  File "C:\Users\rocyz\AppData\Local\Programs\Python\Python312\Lib\tempfile.py", line 277, in _dont_follow_symlinks
    func(path, *args)
PermissionError: [WinError 5] 拒绝访问。: 'C:\\Users\\rocyz\\Desktop\\量子算法组合优化tsp\\协作\\PR1_CLOSEOUT_20260921T222713Z\\test_temporary\\tmpqijo_x5_'

======================================================================
ERROR: test_vector_pdf_contains_all_six_panels (test_e5_regime.E5RegimeTests.test_vector_pdf_contains_all_six_panels)
----------------------------------------------------------------------
Traceback (most recent call last):
  File "C:\Users\rocyz\Desktop\量子算法组合优化tsp\协作\PR1_CLOSEOUT_20260921T222713Z\assembled\tests\test_e5_regime.py", line 262, in test_vector_pdf_contains_all_six_panels
    version = write_regime_figure_pdf(path, qaoa + compiled)
              ^^^^^^^^^^^^^^^^^^^^^^^^^^^^^^^^^^^^^^^^^^^^^^
  File "C:\Users\rocyz\Desktop\量子算法组合优化tsp\协作\PR1_CLOSEOUT_20260921T222713Z\assembled\urss_pipeline\e5_regime.py", line 767, in write_regime_figure_pdf
    pdf.save()
  File "C:\Users\rocyz\Desktop\量子算法组合优化tsp\协作\.venv\Lib\site-packages\reportlab\pdfgen\canvas.py", line 1302, in save
    self._doc.SaveToFile(self._filename, self)
  File "C:\Users\rocyz\Desktop\量子算法组合优化tsp\协作\.venv\Lib\site-packages\reportlab\pdfbase\pdfdoc.py", line 208, in SaveToFile
    f = open(filename, "wb")
        ^^^^^^^^^^^^^^^^^^^^
PermissionError: [Errno 13] Permission denied: 'C:\\Users\\rocyz\\Desktop\\量子算法组合优化tsp\\协作\\PR1_CLOSEOUT_20260921T222713Z\\test_temporary\\tmp_ug169ky\\e5_regime.pdf'

During handling of the above exception, another exception occurred:

Traceback (most recent call last):
  File "<frozen os>", line 366, in walk
PermissionError: [WinError 5] 拒绝访问。: 'C:\\Users\\rocyz\\Desktop\\量子算法组合优化tsp\\协作\\PR1_CLOSEOUT_20260921T222713Z\\test_temporary\\tmp_ug169ky'

During handling of the above exception, another exception occurred:

Traceback (most recent call last):
  File "C:\Users\rocyz\Desktop\量子算法组合优化tsp\协作\PR1_CLOSEOUT_20260921T222713Z\assembled\tests\test_e5_regime.py", line 260, in test_vector_pdf_contains_all_six_panels
    with tempfile.TemporaryDirectory() as directory:
         ^^^^^^^^^^^^^^^^^^^^^^^^^^^^^
  File "C:\Users\rocyz\AppData\Local\Programs\Python\Python312\Lib\tempfile.py", line 950, in __exit__
    self.cleanup()
  File "C:\Users\rocyz\AppData\Local\Programs\Python\Python312\Lib\tempfile.py", line 954, in cleanup
    self._rmtree(self.name, ignore_errors=self._ignore_cleanup_errors)
  File "C:\Users\rocyz\AppData\Local\Programs\Python\Python312\Lib\tempfile.py", line 934, in _rmtree
    _shutil.rmtree(name, onexc=onexc)
  File "C:\Users\rocyz\AppData\Local\Programs\Python\Python312\Lib\shutil.py", line 781, in rmtree
    return _rmtree_unsafe(path, onexc)
           ^^^^^^^^^^^^^^^^^^^^^^^^^^^
  File "C:\Users\rocyz\AppData\Local\Programs\Python\Python312\Lib\shutil.py", line 623, in _rmtree_unsafe
    for dirpath, dirnames, filenames in results:
                                        ^^^^^^^
  File "<frozen os>", line 369, in walk
  File "C:\Users\rocyz\AppData\Local\Programs\Python\Python312\Lib\shutil.py", line 621, in onerror
    onexc(os.scandir, err.filename, err)
  File "C:\Users\rocyz\AppData\Local\Programs\Python\Python312\Lib\tempfile.py", line 906, in onexc
    _resetperms(path)
  File "C:\Users\rocyz\AppData\Local\Programs\Python\Python312\Lib\tempfile.py", line 286, in _resetperms
    _dont_follow_symlinks(_os.chmod, path, 0o700)
  File "C:\Users\rocyz\AppData\Local\Programs\Python\Python312\Lib\tempfile.py", line 277, in _dont_follow_symlinks
    func(path, *args)
PermissionError: [WinError 5] 拒绝访问。: 'C:\\Users\\rocyz\\Desktop\\量子算法组合优化tsp\\协作\\PR1_CLOSEOUT_20260921T222713Z\\test_temporary\\tmp_ug169ky'

======================================================================
ERROR: test_pdf_has_four_declared_panels (test_e6_noise.E6NoiseTests.test_pdf_has_four_declared_panels)
----------------------------------------------------------------------
Traceback (most recent call last):
  File "C:\Users\rocyz\Desktop\量子算法组合优化tsp\协作\PR1_CLOSEOUT_20260921T222713Z\assembled\tests\test_e6_noise.py", line 241, in test_pdf_has_four_declared_panels
    version = write_noise_figure_pdf(path, summary_fixture())
              ^^^^^^^^^^^^^^^^^^^^^^^^^^^^^^^^^^^^^^^^^^^^^^^
  File "C:\Users\rocyz\Desktop\量子算法组合优化tsp\协作\PR1_CLOSEOUT_20260921T222713Z\assembled\urss_pipeline\e6_noise.py", line 803, in write_noise_figure_pdf
    pdf.save()
  File "C:\Users\rocyz\Desktop\量子算法组合优化tsp\协作\.venv\Lib\site-packages\reportlab\pdfgen\canvas.py", line 1302, in save
    self._doc.SaveToFile(self._filename, self)
  File "C:\Users\rocyz\Desktop\量子算法组合优化tsp\协作\.venv\Lib\site-packages\reportlab\pdfbase\pdfdoc.py", line 208, in SaveToFile
    f = open(filename, "wb")
        ^^^^^^^^^^^^^^^^^^^^
PermissionError: [Errno 13] Permission denied: 'C:\\Users\\rocyz\\Desktop\\量子算法组合优化tsp\\协作\\PR1_CLOSEOUT_20260921T222713Z\\test_temporary\\tmpwtss7das\\e6.pdf'

During handling of the above exception, another exception occurred:

Traceback (most recent call last):
  File "<frozen os>", line 366, in walk
PermissionError: [WinError 5] 拒绝访问。: 'C:\\Users\\rocyz\\Desktop\\量子算法组合优化tsp\\协作\\PR1_CLOSEOUT_20260921T222713Z\\test_temporary\\tmpwtss7das'

During handling of the above exception, another exception occurred:

Traceback (most recent call last):
  File "C:\Users\rocyz\Desktop\量子算法组合优化tsp\协作\PR1_CLOSEOUT_20260921T222713Z\assembled\tests\test_e6_noise.py", line 239, in test_pdf_has_four_declared_panels
    with tempfile.TemporaryDirectory() as directory:
         ^^^^^^^^^^^^^^^^^^^^^^^^^^^^^
  File "C:\Users\rocyz\AppData\Local\Programs\Python\Python312\Lib\tempfile.py", line 950, in __exit__
    self.cleanup()
  File "C:\Users\rocyz\AppData\Local\Programs\Python\Python312\Lib\tempfile.py", line 954, in cleanup
    self._rmtree(self.name, ignore_errors=self._ignore_cleanup_errors)
  File "C:\Users\rocyz\AppData\Local\Programs\Python\Python312\Lib\tempfile.py", line 934, in _rmtree
    _shutil.rmtree(name, onexc=onexc)
  File "C:\Users\rocyz\AppData\Local\Programs\Python\Python312\Lib\shutil.py", line 781, in rmtree
    return _rmtree_unsafe(path, onexc)
           ^^^^^^^^^^^^^^^^^^^^^^^^^^^
  File "C:\Users\rocyz\AppData\Local\Programs\Python\Python312\Lib\shutil.py", line 623, in _rmtree_unsafe
    for dirpath, dirnames, filenames in results:
                                        ^^^^^^^
  File "<frozen os>", line 369, in walk
  File "C:\Users\rocyz\AppData\Local\Programs\Python\Python312\Lib\shutil.py", line 621, in onerror
    onexc(os.scandir, err.filename, err)
  File "C:\Users\rocyz\AppData\Local\Programs\Python\Python312\Lib\tempfile.py", line 906, in onexc
    _resetperms(path)
  File "C:\Users\rocyz\AppData\Local\Programs\Python\Python312\Lib\tempfile.py", line 286, in _resetperms
    _dont_follow_symlinks(_os.chmod, path, 0o700)
  File "C:\Users\rocyz\AppData\Local\Programs\Python\Python312\Lib\tempfile.py", line 277, in _dont_follow_symlinks
    func(path, *args)
PermissionError: [WinError 5] 拒绝访问。: 'C:\\Users\\rocyz\\Desktop\\量子算法组合优化tsp\\协作\\PR1_CLOSEOUT_20260921T222713Z\\test_temporary\\tmpwtss7das'

======================================================================
ERROR: test_reduced_pipeline_emits_all_hashed_artifacts (test_e6_noise.E6NoiseTests.test_reduced_pipeline_emits_all_hashed_artifacts)
----------------------------------------------------------------------
Traceback (most recent call last):
  File "C:\Users\rocyz\Desktop\量子算法组合优化tsp\协作\PR1_CLOSEOUT_20260921T222713Z\assembled\tests\test_e6_noise.py", line 333, in test_reduced_pipeline_emits_all_hashed_artifacts
    (root / name).mkdir()
  File "C:\Users\rocyz\AppData\Local\Programs\Python\Python312\Lib\pathlib.py", line 1311, in mkdir
    os.mkdir(self, mode)
PermissionError: [WinError 5] 拒绝访问。: 'C:\\Users\\rocyz\\Desktop\\量子算法组合优化tsp\\协作\\PR1_CLOSEOUT_20260921T222713Z\\test_temporary\\tmp0px_qmpw\\results'

During handling of the above exception, another exception occurred:

Traceback (most recent call last):
  File "<frozen os>", line 366, in walk
PermissionError: [WinError 5] 拒绝访问。: 'C:\\Users\\rocyz\\Desktop\\量子算法组合优化tsp\\协作\\PR1_CLOSEOUT_20260921T222713Z\\test_temporary\\tmp0px_qmpw'

During handling of the above exception, another exception occurred:

Traceback (most recent call last):
  File "C:\Users\rocyz\Desktop\量子算法组合优化tsp\协作\PR1_CLOSEOUT_20260921T222713Z\assembled\tests\test_e6_noise.py", line 330, in test_reduced_pipeline_emits_all_hashed_artifacts
    with tempfile.TemporaryDirectory() as directory:
         ^^^^^^^^^^^^^^^^^^^^^^^^^^^^^
  File "C:\Users\rocyz\AppData\Local\Programs\Python\Python312\Lib\tempfile.py", line 950, in __exit__
    self.cleanup()
  File "C:\Users\rocyz\AppData\Local\Programs\Python\Python312\Lib\tempfile.py", line 954, in cleanup
    self._rmtree(self.name, ignore_errors=self._ignore_cleanup_errors)
  File "C:\Users\rocyz\AppData\Local\Programs\Python\Python312\Lib\tempfile.py", line 934, in _rmtree
    _shutil.rmtree(name, onexc=onexc)
  File "C:\Users\rocyz\AppData\Local\Programs\Python\Python312\Lib\shutil.py", line 781, in rmtree
    return _rmtree_unsafe(path, onexc)
           ^^^^^^^^^^^^^^^^^^^^^^^^^^^
  File "C:\Users\rocyz\AppData\Local\Programs\Python\Python312\Lib\shutil.py", line 623, in _rmtree_unsafe
    for dirpath, dirnames, filenames in results:
                                        ^^^^^^^
  File "<frozen os>", line 369, in walk
  File "C:\Users\rocyz\AppData\Local\Programs\Python\Python312\Lib\shutil.py", line 621, in onerror
    onexc(os.scandir, err.filename, err)
  File "C:\Users\rocyz\AppData\Local\Programs\Python\Python312\Lib\tempfile.py", line 906, in onexc
    _resetperms(path)
  File "C:\Users\rocyz\AppData\Local\Programs\Python\Python312\Lib\tempfile.py", line 286, in _resetperms
    _dont_follow_symlinks(_os.chmod, path, 0o700)
  File "C:\Users\rocyz\AppData\Local\Programs\Python\Python312\Lib\tempfile.py", line 277, in _dont_follow_symlinks
    func(path, *args)
PermissionError: [WinError 5] 拒绝访问。: 'C:\\Users\\rocyz\\Desktop\\量子算法组合优化tsp\\协作\\PR1_CLOSEOUT_20260921T222713Z\\test_temporary\\tmp0px_qmpw'

======================================================================
ERROR: test_postprocess_preserves_raw_and_cascades_summary_hashes (test_fibre_postprocess_v2.FibrePostprocessV2Tests.test_postprocess_preserves_raw_and_cascades_summary_hashes)
----------------------------------------------------------------------
Traceback (most recent call last):
  File "C:\Users\rocyz\AppData\Local\Programs\Python\Python312\Lib\pathlib.py", line 1311, in mkdir
    os.mkdir(self, mode)
FileNotFoundError: [WinError 3] 系统找不到指定的路径。: 'C:\\Users\\rocyz\\Desktop\\量子算法组合优化tsp\\协作\\PR1_CLOSEOUT_20260921T222713Z\\test_temporary\\tmpe4sdy5by\\fibre_e1_e6_v2\\results'

During handling of the above exception, another exception occurred:

Traceback (most recent call last):
  File "C:\Users\rocyz\Desktop\量子算法组合优化tsp\协作\PR1_CLOSEOUT_20260921T222713Z\assembled\tests\test_fibre_postprocess_v2.py", line 150, in test_postprocess_preserves_raw_and_cascades_summary_hashes
    (root / "results").mkdir(parents=True)
  File "C:\Users\rocyz\AppData\Local\Programs\Python\Python312\Lib\pathlib.py", line 1315, in mkdir
    self.parent.mkdir(parents=True, exist_ok=True)
  File "C:\Users\rocyz\AppData\Local\Programs\Python\Python312\Lib\pathlib.py", line 1311, in mkdir
    os.mkdir(self, mode)
PermissionError: [WinError 5] 拒绝访问。: 'C:\\Users\\rocyz\\Desktop\\量子算法组合优化tsp\\协作\\PR1_CLOSEOUT_20260921T222713Z\\test_temporary\\tmpe4sdy5by\\fibre_e1_e6_v2'

During handling of the above exception, another exception occurred:

Traceback (most recent call last):
  File "<frozen os>", line 366, in walk
PermissionError: [WinError 5] 拒绝访问。: 'C:\\Users\\rocyz\\Desktop\\量子算法组合优化tsp\\协作\\PR1_CLOSEOUT_20260921T222713Z\\test_temporary\\tmpe4sdy5by'

During handling of the above exception, another exception occurred:

Traceback (most recent call last):
  File "C:\Users\rocyz\Desktop\量子算法组合优化tsp\协作\PR1_CLOSEOUT_20260921T222713Z\assembled\tests\test_fibre_postprocess_v2.py", line 147, in test_postprocess_preserves_raw_and_cascades_summary_hashes
    with tempfile.TemporaryDirectory() as directory:
         ^^^^^^^^^^^^^^^^^^^^^^^^^^^^^
  File "C:\Users\rocyz\AppData\Local\Programs\Python\Python312\Lib\tempfile.py", line 950, in __exit__
    self.cleanup()
  File "C:\Users\rocyz\AppData\Local\Programs\Python\Python312\Lib\tempfile.py", line 954, in cleanup
    self._rmtree(self.name, ignore_errors=self._ignore_cleanup_errors)
  File "C:\Users\rocyz\AppData\Local\Programs\Python\Python312\Lib\tempfile.py", line 934, in _rmtree
    _shutil.rmtree(name, onexc=onexc)
  File "C:\Users\rocyz\AppData\Local\Programs\Python\Python312\Lib\shutil.py", line 781, in rmtree
    return _rmtree_unsafe(path, onexc)
           ^^^^^^^^^^^^^^^^^^^^^^^^^^^
  File "C:\Users\rocyz\AppData\Local\Programs\Python\Python312\Lib\shutil.py", line 623, in _rmtree_unsafe
    for dirpath, dirnames, filenames in results:
                                        ^^^^^^^
  File "<frozen os>", line 369, in walk
  File "C:\Users\rocyz\AppData\Local\Programs\Python\Python312\Lib\shutil.py", line 621, in onerror
    onexc(os.scandir, err.filename, err)
  File "C:\Users\rocyz\AppData\Local\Programs\Python\Python312\Lib\tempfile.py", line 906, in onexc
    _resetperms(path)
  File "C:\Users\rocyz\AppData\Local\Programs\Python\Python312\Lib\tempfile.py", line 286, in _resetperms
    _dont_follow_symlinks(_os.chmod, path, 0o700)
  File "C:\Users\rocyz\AppData\Local\Programs\Python\Python312\Lib\tempfile.py", line 277, in _dont_follow_symlinks
    func(path, *args)
PermissionError: [WinError 5] 拒绝访问。: 'C:\\Users\\rocyz\\Desktop\\量子算法组合优化tsp\\协作\\PR1_CLOSEOUT_20260921T222713Z\\test_temporary\\tmpe4sdy5by'

======================================================================
ERROR: test_sidecar_gate_accepts_exact_bytes (test_fibre_rerun.FibreRerunPrimitiveTests.test_sidecar_gate_accepts_exact_bytes)
----------------------------------------------------------------------
Traceback (most recent call last):
  File "C:\Users\rocyz\Desktop\量子算法组合优化tsp\协作\PR1_CLOSEOUT_20260921T222713Z\assembled\tests\test_fibre_rerun.py", line 43, in test_sidecar_gate_accepts_exact_bytes
    path.write_bytes(b"{}\n")
  File "C:\Users\rocyz\AppData\Local\Programs\Python\Python312\Lib\pathlib.py", line 1036, in write_bytes
    with self.open(mode='wb') as f:
         ^^^^^^^^^^^^^^^^^^^^
  File "C:\Users\rocyz\AppData\Local\Programs\Python\Python312\Lib\pathlib.py", line 1013, in open
    return io.open(self, mode, buffering, encoding, errors, newline)
           ^^^^^^^^^^^^^^^^^^^^^^^^^^^^^^^^^^^^^^^^^^^^^^^^^^^^^^^^^
PermissionError: [Errno 13] Permission denied: 'C:\\Users\\rocyz\\Desktop\\量子算法组合优化tsp\\协作\\PR1_CLOSEOUT_20260921T222713Z\\test_temporary\\tmp3ff2krxe\\artifact.json'

During handling of the above exception, another exception occurred:

Traceback (most recent call last):
  File "<frozen os>", line 366, in walk
PermissionError: [WinError 5] 拒绝访问。: 'C:\\Users\\rocyz\\Desktop\\量子算法组合优化tsp\\协作\\PR1_CLOSEOUT_20260921T222713Z\\test_temporary\\tmp3ff2krxe'

During handling of the above exception, another exception occurred:

Traceback (most recent call last):
  File "C:\Users\rocyz\Desktop\量子算法组合优化tsp\协作\PR1_CLOSEOUT_20260921T222713Z\assembled\tests\test_fibre_rerun.py", line 41, in test_sidecar_gate_accepts_exact_bytes
    with tempfile.TemporaryDirectory() as directory:
         ^^^^^^^^^^^^^^^^^^^^^^^^^^^^^
  File "C:\Users\rocyz\AppData\Local\Programs\Python\Python312\Lib\tempfile.py", line 950, in __exit__
    self.cleanup()
  File "C:\Users\rocyz\AppData\Local\Programs\Python\Python312\Lib\tempfile.py", line 954, in cleanup
    self._rmtree(self.name, ignore_errors=self._ignore_cleanup_errors)
  File "C:\Users\rocyz\AppData\Local\Programs\Python\Python312\Lib\tempfile.py", line 934, in _rmtree
    _shutil.rmtree(name, onexc=onexc)
  File "C:\Users\rocyz\AppData\Local\Programs\Python\Python312\Lib\shutil.py", line 781, in rmtree
    return _rmtree_unsafe(path, onexc)
           ^^^^^^^^^^^^^^^^^^^^^^^^^^^
  File "C:\Users\rocyz\AppData\Local\Programs\Python\Python312\Lib\shutil.py", line 623, in _rmtree_unsafe
    for dirpath, dirnames, filenames in results:
                                        ^^^^^^^
  File "<frozen os>", line 369, in walk
  File "C:\Users\rocyz\AppData\Local\Programs\Python\Python312\Lib\shutil.py", line 621, in onerror
    onexc(os.scandir, err.filename, err)
  File "C:\Users\rocyz\AppData\Local\Programs\Python\Python312\Lib\tempfile.py", line 906, in onexc
    _resetperms(path)
  File "C:\Users\rocyz\AppData\Local\Programs\Python\Python312\Lib\tempfile.py", line 286, in _resetperms
    _dont_follow_symlinks(_os.chmod, path, 0o700)
  File "C:\Users\rocyz\AppData\Local\Programs\Python\Python312\Lib\tempfile.py", line 277, in _dont_follow_symlinks
    func(path, *args)
PermissionError: [WinError 5] 拒绝访问。: 'C:\\Users\\rocyz\\Desktop\\量子算法组合优化tsp\\协作\\PR1_CLOSEOUT_20260921T222713Z\\test_temporary\\tmp3ff2krxe'

======================================================================
ERROR: test_sidecar_gate_rejects_changed_bytes (test_fibre_rerun.FibreRerunPrimitiveTests.test_sidecar_gate_rejects_changed_bytes)
----------------------------------------------------------------------
Traceback (most recent call last):
  File "C:\Users\rocyz\Desktop\量子算法组合优化tsp\协作\PR1_CLOSEOUT_20260921T222713Z\assembled\tests\test_fibre_rerun.py", line 52, in test_sidecar_gate_rejects_changed_bytes
    path.write_bytes(b"a\n")
  File "C:\Users\rocyz\AppData\Local\Programs\Python\Python312\Lib\pathlib.py", line 1036, in write_bytes
    with self.open(mode='wb') as f:
         ^^^^^^^^^^^^^^^^^^^^
  File "C:\Users\rocyz\AppData\Local\Programs\Python\Python312\Lib\pathlib.py", line 1013, in open
    return io.open(self, mode, buffering, encoding, errors, newline)
           ^^^^^^^^^^^^^^^^^^^^^^^^^^^^^^^^^^^^^^^^^^^^^^^^^^^^^^^^^
PermissionError: [Errno 13] Permission denied: 'C:\\Users\\rocyz\\Desktop\\量子算法组合优化tsp\\协作\\PR1_CLOSEOUT_20260921T222713Z\\test_temporary\\tmph083cc8i\\artifact.csv'

During handling of the above exception, another exception occurred:

Traceback (most recent call last):
  File "<frozen os>", line 366, in walk
PermissionError: [WinError 5] 拒绝访问。: 'C:\\Users\\rocyz\\Desktop\\量子算法组合优化tsp\\协作\\PR1_CLOSEOUT_20260921T222713Z\\test_temporary\\tmph083cc8i'

During handling of the above exception, another exception occurred:

Traceback (most recent call last):
  File "C:\Users\rocyz\Desktop\量子算法组合优化tsp\协作\PR1_CLOSEOUT_20260921T222713Z\assembled\tests\test_fibre_rerun.py", line 50, in test_sidecar_gate_rejects_changed_bytes
    with tempfile.TemporaryDirectory() as directory:
         ^^^^^^^^^^^^^^^^^^^^^^^^^^^^^
  File "C:\Users\rocyz\AppData\Local\Programs\Python\Python312\Lib\tempfile.py", line 950, in __exit__
    self.cleanup()
  File "C:\Users\rocyz\AppData\Local\Programs\Python\Python312\Lib\tempfile.py", line 954, in cleanup
    self._rmtree(self.name, ignore_errors=self._ignore_cleanup_errors)
  File "C:\Users\rocyz\AppData\Local\Programs\Python\Python312\Lib\tempfile.py", line 934, in _rmtree
    _shutil.rmtree(name, onexc=onexc)
  File "C:\Users\rocyz\AppData\Local\Programs\Python\Python312\Lib\shutil.py", line 781, in rmtree
    return _rmtree_unsafe(path, onexc)
           ^^^^^^^^^^^^^^^^^^^^^^^^^^^
  File "C:\Users\rocyz\AppData\Local\Programs\Python\Python312\Lib\shutil.py", line 623, in _rmtree_unsafe
    for dirpath, dirnames, filenames in results:
                                        ^^^^^^^
  File "<frozen os>", line 369, in walk
  File "C:\Users\rocyz\AppData\Local\Programs\Python\Python312\Lib\shutil.py", line 621, in onerror
    onexc(os.scandir, err.filename, err)
  File "C:\Users\rocyz\AppData\Local\Programs\Python\Python312\Lib\tempfile.py", line 906, in onexc
    _resetperms(path)
  File "C:\Users\rocyz\AppData\Local\Programs\Python\Python312\Lib\tempfile.py", line 286, in _resetperms
    _dont_follow_symlinks(_os.chmod, path, 0o700)
  File "C:\Users\rocyz\AppData\Local\Programs\Python\Python312\Lib\tempfile.py", line 277, in _dont_follow_symlinks
    func(path, *args)
PermissionError: [WinError 5] 拒绝访问。: 'C:\\Users\\rocyz\\Desktop\\量子算法组合优化tsp\\协作\\PR1_CLOSEOUT_20260921T222713Z\\test_temporary\\tmph083cc8i'

======================================================================
ERROR: test_parent_config_hash_is_invariant_to_git_crlf_checkout (test_fibre_selector.FibreFormulaTests.test_parent_config_hash_is_invariant_to_git_crlf_checkout)
----------------------------------------------------------------------
Traceback (most recent call last):
  File "C:\Users\rocyz\Desktop\量子算法组合优化tsp\协作\PR1_CLOSEOUT_20260921T222713Z\assembled\tests\test_fibre_selector.py", line 87, in test_parent_config_hash_is_invariant_to_git_crlf_checkout
    path.write_bytes(lf_bytes.replace(b"\n", b"\r\n"))
  File "C:\Users\rocyz\AppData\Local\Programs\Python\Python312\Lib\pathlib.py", line 1036, in write_bytes
    with self.open(mode='wb') as f:
         ^^^^^^^^^^^^^^^^^^^^
  File "C:\Users\rocyz\AppData\Local\Programs\Python\Python312\Lib\pathlib.py", line 1013, in open
    return io.open(self, mode, buffering, encoding, errors, newline)
           ^^^^^^^^^^^^^^^^^^^^^^^^^^^^^^^^^^^^^^^^^^^^^^^^^^^^^^^^^
PermissionError: [Errno 13] Permission denied: 'C:\\Users\\rocyz\\Desktop\\量子算法组合优化tsp\\协作\\PR1_CLOSEOUT_20260921T222713Z\\test_temporary\\tmpismu6byf\\experiment_config_v1.yaml'

During handling of the above exception, another exception occurred:

Traceback (most recent call last):
  File "<frozen os>", line 366, in walk
PermissionError: [WinError 5] 拒绝访问。: 'C:\\Users\\rocyz\\Desktop\\量子算法组合优化tsp\\协作\\PR1_CLOSEOUT_20260921T222713Z\\test_temporary\\tmpismu6byf'

During handling of the above exception, another exception occurred:

Traceback (most recent call last):
  File "C:\Users\rocyz\Desktop\量子算法组合优化tsp\协作\PR1_CLOSEOUT_20260921T222713Z\assembled\tests\test_fibre_selector.py", line 85, in test_parent_config_hash_is_invariant_to_git_crlf_checkout
    with TemporaryDirectory() as directory:
         ^^^^^^^^^^^^^^^^^^^^
  File "C:\Users\rocyz\AppData\Local\Programs\Python\Python312\Lib\tempfile.py", line 950, in __exit__
    self.cleanup()
  File "C:\Users\rocyz\AppData\Local\Programs\Python\Python312\Lib\tempfile.py", line 954, in cleanup
    self._rmtree(self.name, ignore_errors=self._ignore_cleanup_errors)
  File "C:\Users\rocyz\AppData\Local\Programs\Python\Python312\Lib\tempfile.py", line 934, in _rmtree
    _shutil.rmtree(name, onexc=onexc)
  File "C:\Users\rocyz\AppData\Local\Programs\Python\Python312\Lib\shutil.py", line 781, in rmtree
    return _rmtree_unsafe(path, onexc)
           ^^^^^^^^^^^^^^^^^^^^^^^^^^^
  File "C:\Users\rocyz\AppData\Local\Programs\Python\Python312\Lib\shutil.py", line 623, in _rmtree_unsafe
    for dirpath, dirnames, filenames in results:
                                        ^^^^^^^
  File "<frozen os>", line 369, in walk
  File "C:\Users\rocyz\AppData\Local\Programs\Python\Python312\Lib\shutil.py", line 621, in onerror
    onexc(os.scandir, err.filename, err)
  File "C:\Users\rocyz\AppData\Local\Programs\Python\Python312\Lib\tempfile.py", line 906, in onexc
    _resetperms(path)
  File "C:\Users\rocyz\AppData\Local\Programs\Python\Python312\Lib\tempfile.py", line 286, in _resetperms
    _dont_follow_symlinks(_os.chmod, path, 0o700)
  File "C:\Users\rocyz\AppData\Local\Programs\Python\Python312\Lib\tempfile.py", line 277, in _dont_follow_symlinks
    func(path, *args)
PermissionError: [WinError 5] 拒绝访问。: 'C:\\Users\\rocyz\\Desktop\\量子算法组合优化tsp\\协作\\PR1_CLOSEOUT_20260921T222713Z\\test_temporary\\tmpismu6byf'

======================================================================
ERROR: test_manifest_bundle_is_reproducible_across_fresh_outputs (test_formal_data.FormalDataPipelineTests.test_manifest_bundle_is_reproducible_across_fresh_outputs)
----------------------------------------------------------------------
Traceback (most recent call last):
  File "C:\Users\rocyz\Desktop\量子算法组合优化tsp\协作\PR1_CLOSEOUT_20260921T222713Z\assembled\tests\test_formal_data.py", line 149, in test_manifest_bundle_is_reproducible_across_fresh_outputs
    config, config_hash = _reduced_config(root)
                          ^^^^^^^^^^^^^^^^^^^^^
  File "C:\Users\rocyz\Desktop\量子算法组合优化tsp\协作\PR1_CLOSEOUT_20260921T222713Z\assembled\tests\test_formal_data.py", line 54, in _reduced_config
    path.write_bytes(content)
  File "C:\Users\rocyz\AppData\Local\Programs\Python\Python312\Lib\pathlib.py", line 1036, in write_bytes
    with self.open(mode='wb') as f:
         ^^^^^^^^^^^^^^^^^^^^
  File "C:\Users\rocyz\AppData\Local\Programs\Python\Python312\Lib\pathlib.py", line 1013, in open
    return io.open(self, mode, buffering, encoding, errors, newline)
           ^^^^^^^^^^^^^^^^^^^^^^^^^^^^^^^^^^^^^^^^^^^^^^^^^^^^^^^^^
PermissionError: [Errno 13] Permission denied: 'C:\\Users\\rocyz\\Desktop\\量子算法组合优化tsp\\协作\\PR1_CLOSEOUT_20260921T222713Z\\test_temporary\\tmpy5_kf6ta\\experiment_config_v1.yaml'

During handling of the above exception, another exception occurred:

Traceback (most recent call last):
  File "<frozen os>", line 366, in walk
PermissionError: [WinError 5] 拒绝访问。: 'C:\\Users\\rocyz\\Desktop\\量子算法组合优化tsp\\协作\\PR1_CLOSEOUT_20260921T222713Z\\test_temporary\\tmpy5_kf6ta'

During handling of the above exception, another exception occurred:

Traceback (most recent call last):
  File "C:\Users\rocyz\Desktop\量子算法组合优化tsp\协作\PR1_CLOSEOUT_20260921T222713Z\assembled\tests\test_formal_data.py", line 147, in test_manifest_bundle_is_reproducible_across_fresh_outputs
    with tempfile.TemporaryDirectory() as directory:
         ^^^^^^^^^^^^^^^^^^^^^^^^^^^^^
  File "C:\Users\rocyz\AppData\Local\Programs\Python\Python312\Lib\tempfile.py", line 950, in __exit__
    self.cleanup()
  File "C:\Users\rocyz\AppData\Local\Programs\Python\Python312\Lib\tempfile.py", line 954, in cleanup
    self._rmtree(self.name, ignore_errors=self._ignore_cleanup_errors)
  File "C:\Users\rocyz\AppData\Local\Programs\Python\Python312\Lib\tempfile.py", line 934, in _rmtree
    _shutil.rmtree(name, onexc=onexc)
  File "C:\Users\rocyz\AppData\Local\Programs\Python\Python312\Lib\shutil.py", line 781, in rmtree
    return _rmtree_unsafe(path, onexc)
           ^^^^^^^^^^^^^^^^^^^^^^^^^^^
  File "C:\Users\rocyz\AppData\Local\Programs\Python\Python312\Lib\shutil.py", line 623, in _rmtree_unsafe
    for dirpath, dirnames, filenames in results:
                                        ^^^^^^^
  File "<frozen os>", line 369, in walk
  File "C:\Users\rocyz\AppData\Local\Programs\Python\Python312\Lib\shutil.py", line 621, in onerror
    onexc(os.scandir, err.filename, err)
  File "C:\Users\rocyz\AppData\Local\Programs\Python\Python312\Lib\tempfile.py", line 906, in onexc
    _resetperms(path)
  File "C:\Users\rocyz\AppData\Local\Programs\Python\Python312\Lib\tempfile.py", line 286, in _resetperms
    _dont_follow_symlinks(_os.chmod, path, 0o700)
  File "C:\Users\rocyz\AppData\Local\Programs\Python\Python312\Lib\tempfile.py", line 277, in _dont_follow_symlinks
    func(path, *args)
PermissionError: [WinError 5] 拒绝访问。: 'C:\\Users\\rocyz\\Desktop\\量子算法组合优化tsp\\协作\\PR1_CLOSEOUT_20260921T222713Z\\test_temporary\\tmpy5_kf6ta'

======================================================================
ERROR: test_qaoa_manifest_has_one_consistent_split_and_qmax_per_instance (test_formal_data.FormalDataPipelineTests.test_qaoa_manifest_has_one_consistent_split_and_qmax_per_instance)
----------------------------------------------------------------------
Traceback (most recent call last):
  File "C:\Users\rocyz\Desktop\量子算法组合优化tsp\协作\PR1_CLOSEOUT_20260921T222713Z\assembled\tests\test_formal_data.py", line 136, in test_qaoa_manifest_has_one_consistent_split_and_qmax_per_instance
    self._run(root)
  File "C:\Users\rocyz\Desktop\量子算法组合优化tsp\协作\PR1_CLOSEOUT_20260921T222713Z\assembled\tests\test_formal_data.py", line 64, in _run
    config, config_hash = _reduced_config(root)
                          ^^^^^^^^^^^^^^^^^^^^^
  File "C:\Users\rocyz\Desktop\量子算法组合优化tsp\协作\PR1_CLOSEOUT_20260921T222713Z\assembled\tests\test_formal_data.py", line 54, in _reduced_config
    path.write_bytes(content)
  File "C:\Users\rocyz\AppData\Local\Programs\Python\Python312\Lib\pathlib.py", line 1036, in write_bytes
    with self.open(mode='wb') as f:
         ^^^^^^^^^^^^^^^^^^^^
  File "C:\Users\rocyz\AppData\Local\Programs\Python\Python312\Lib\pathlib.py", line 1013, in open
    return io.open(self, mode, buffering, encoding, errors, newline)
           ^^^^^^^^^^^^^^^^^^^^^^^^^^^^^^^^^^^^^^^^^^^^^^^^^^^^^^^^^
PermissionError: [Errno 13] Permission denied: 'C:\\Users\\rocyz\\Desktop\\量子算法组合优化tsp\\协作\\PR1_CLOSEOUT_20260921T222713Z\\test_temporary\\tmpdltggpc7\\experiment_config_v1.yaml'

During handling of the above exception, another exception occurred:

Traceback (most recent call last):
  File "<frozen os>", line 366, in walk
PermissionError: [WinError 5] 拒绝访问。: 'C:\\Users\\rocyz\\Desktop\\量子算法组合优化tsp\\协作\\PR1_CLOSEOUT_20260921T222713Z\\test_temporary\\tmpdltggpc7'

During handling of the above exception, another exception occurred:

Traceback (most recent call last):
  File "C:\Users\rocyz\Desktop\量子算法组合优化tsp\协作\PR1_CLOSEOUT_20260921T222713Z\assembled\tests\test_formal_data.py", line 134, in test_qaoa_manifest_has_one_consistent_split_and_qmax_per_instance
    with tempfile.TemporaryDirectory() as directory:
         ^^^^^^^^^^^^^^^^^^^^^^^^^^^^^
  File "C:\Users\rocyz\AppData\Local\Programs\Python\Python312\Lib\tempfile.py", line 950, in __exit__
    self.cleanup()
  File "C:\Users\rocyz\AppData\Local\Programs\Python\Python312\Lib\tempfile.py", line 954, in cleanup
    self._rmtree(self.name, ignore_errors=self._ignore_cleanup_errors)
  File "C:\Users\rocyz\AppData\Local\Programs\Python\Python312\Lib\tempfile.py", line 934, in _rmtree
    _shutil.rmtree(name, onexc=onexc)
  File "C:\Users\rocyz\AppData\Local\Programs\Python\Python312\Lib\shutil.py", line 781, in rmtree
    return _rmtree_unsafe(path, onexc)
           ^^^^^^^^^^^^^^^^^^^^^^^^^^^
  File "C:\Users\rocyz\AppData\Local\Programs\Python\Python312\Lib\shutil.py", line 623, in _rmtree_unsafe
    for dirpath, dirnames, filenames in results:
                                        ^^^^^^^
  File "<frozen os>", line 369, in walk
  File "C:\Users\rocyz\AppData\Local\Programs\Python\Python312\Lib\shutil.py", line 621, in onerror
    onexc(os.scandir, err.filename, err)
  File "C:\Users\rocyz\AppData\Local\Programs\Python\Python312\Lib\tempfile.py", line 906, in onexc
    _resetperms(path)
  File "C:\Users\rocyz\AppData\Local\Programs\Python\Python312\Lib\tempfile.py", line 286, in _resetperms
    _dont_follow_symlinks(_os.chmod, path, 0o700)
  File "C:\Users\rocyz\AppData\Local\Programs\Python\Python312\Lib\tempfile.py", line 277, in _dont_follow_symlinks
    func(path, *args)
PermissionError: [WinError 5] 拒绝访问。: 'C:\\Users\\rocyz\\Desktop\\量子算法组合优化tsp\\协作\\PR1_CLOSEOUT_20260921T222713Z\\test_temporary\\tmpdltggpc7'

======================================================================
ERROR: test_reduced_formal_pipeline_passes_all_freeze_gates (test_formal_data.FormalDataPipelineTests.test_reduced_formal_pipeline_passes_all_freeze_gates)
----------------------------------------------------------------------
Traceback (most recent call last):
  File "C:\Users\rocyz\Desktop\量子算法组合优化tsp\协作\PR1_CLOSEOUT_20260921T222713Z\assembled\tests\test_formal_data.py", line 78, in test_reduced_formal_pipeline_passes_all_freeze_gates
    audit = self._run(root)
            ^^^^^^^^^^^^^^^
  File "C:\Users\rocyz\Desktop\量子算法组合优化tsp\协作\PR1_CLOSEOUT_20260921T222713Z\assembled\tests\test_formal_data.py", line 64, in _run
    config, config_hash = _reduced_config(root)
                          ^^^^^^^^^^^^^^^^^^^^^
  File "C:\Users\rocyz\Desktop\量子算法组合优化tsp\协作\PR1_CLOSEOUT_20260921T222713Z\assembled\tests\test_formal_data.py", line 54, in _reduced_config
    path.write_bytes(content)
  File "C:\Users\rocyz\AppData\Local\Programs\Python\Python312\Lib\pathlib.py", line 1036, in write_bytes
    with self.open(mode='wb') as f:
         ^^^^^^^^^^^^^^^^^^^^
  File "C:\Users\rocyz\AppData\Local\Programs\Python\Python312\Lib\pathlib.py", line 1013, in open
    return io.open(self, mode, buffering, encoding, errors, newline)
           ^^^^^^^^^^^^^^^^^^^^^^^^^^^^^^^^^^^^^^^^^^^^^^^^^^^^^^^^^
PermissionError: [Errno 13] Permission denied: 'C:\\Users\\rocyz\\Desktop\\量子算法组合优化tsp\\协作\\PR1_CLOSEOUT_20260921T222713Z\\test_temporary\\tmprb1jzcot\\experiment_config_v1.yaml'

During handling of the above exception, another exception occurred:

Traceback (most recent call last):
  File "<frozen os>", line 366, in walk
PermissionError: [WinError 5] 拒绝访问。: 'C:\\Users\\rocyz\\Desktop\\量子算法组合优化tsp\\协作\\PR1_CLOSEOUT_20260921T222713Z\\test_temporary\\tmprb1jzcot'

During handling of the above exception, another exception occurred:

Traceback (most recent call last):
  File "C:\Users\rocyz\Desktop\量子算法组合优化tsp\协作\PR1_CLOSEOUT_20260921T222713Z\assembled\tests\test_formal_data.py", line 76, in test_reduced_formal_pipeline_passes_all_freeze_gates
    with tempfile.TemporaryDirectory() as directory:
         ^^^^^^^^^^^^^^^^^^^^^^^^^^^^^
  File "C:\Users\rocyz\AppData\Local\Programs\Python\Python312\Lib\tempfile.py", line 950, in __exit__
    self.cleanup()
  File "C:\Users\rocyz\AppData\Local\Programs\Python\Python312\Lib\tempfile.py", line 954, in cleanup
    self._rmtree(self.name, ignore_errors=self._ignore_cleanup_errors)
  File "C:\Users\rocyz\AppData\Local\Programs\Python\Python312\Lib\tempfile.py", line 934, in _rmtree
    _shutil.rmtree(name, onexc=onexc)
  File "C:\Users\rocyz\AppData\Local\Programs\Python\Python312\Lib\shutil.py", line 781, in rmtree
    return _rmtree_unsafe(path, onexc)
           ^^^^^^^^^^^^^^^^^^^^^^^^^^^
  File "C:\Users\rocyz\AppData\Local\Programs\Python\Python312\Lib\shutil.py", line 623, in _rmtree_unsafe
    for dirpath, dirnames, filenames in results:
                                        ^^^^^^^
  File "<frozen os>", line 369, in walk
  File "C:\Users\rocyz\AppData\Local\Programs\Python\Python312\Lib\shutil.py", line 621, in onerror
    onexc(os.scandir, err.filename, err)
  File "C:\Users\rocyz\AppData\Local\Programs\Python\Python312\Lib\tempfile.py", line 906, in onexc
    _resetperms(path)
  File "C:\Users\rocyz\AppData\Local\Programs\Python\Python312\Lib\tempfile.py", line 286, in _resetperms
    _dont_follow_symlinks(_os.chmod, path, 0o700)
  File "C:\Users\rocyz\AppData\Local\Programs\Python\Python312\Lib\tempfile.py", line 277, in _dont_follow_symlinks
    func(path, *args)
PermissionError: [WinError 5] 拒绝访问。: 'C:\\Users\\rocyz\\Desktop\\量子算法组合优化tsp\\协作\\PR1_CLOSEOUT_20260921T222713Z\\test_temporary\\tmprb1jzcot'

======================================================================
ERROR: test_refuses_to_overwrite_formal_data (test_formal_data.FormalDataPipelineTests.test_refuses_to_overwrite_formal_data)
----------------------------------------------------------------------
Traceback (most recent call last):
  File "C:\Users\rocyz\Desktop\量子算法组合优化tsp\协作\PR1_CLOSEOUT_20260921T222713Z\assembled\tests\test_formal_data.py", line 202, in test_refuses_to_overwrite_formal_data
    self._run(root)
  File "C:\Users\rocyz\Desktop\量子算法组合优化tsp\协作\PR1_CLOSEOUT_20260921T222713Z\assembled\tests\test_formal_data.py", line 64, in _run
    config, config_hash = _reduced_config(root)
                          ^^^^^^^^^^^^^^^^^^^^^
  File "C:\Users\rocyz\Desktop\量子算法组合优化tsp\协作\PR1_CLOSEOUT_20260921T222713Z\assembled\tests\test_formal_data.py", line 54, in _reduced_config
    path.write_bytes(content)
  File "C:\Users\rocyz\AppData\Local\Programs\Python\Python312\Lib\pathlib.py", line 1036, in write_bytes
    with self.open(mode='wb') as f:
         ^^^^^^^^^^^^^^^^^^^^
  File "C:\Users\rocyz\AppData\Local\Programs\Python\Python312\Lib\pathlib.py", line 1013, in open
    return io.open(self, mode, buffering, encoding, errors, newline)
           ^^^^^^^^^^^^^^^^^^^^^^^^^^^^^^^^^^^^^^^^^^^^^^^^^^^^^^^^^
PermissionError: [Errno 13] Permission denied: 'C:\\Users\\rocyz\\Desktop\\量子算法组合优化tsp\\协作\\PR1_CLOSEOUT_20260921T222713Z\\test_temporary\\tmp4fj25pe0\\experiment_config_v1.yaml'

During handling of the above exception, another exception occurred:

Traceback (most recent call last):
  File "<frozen os>", line 366, in walk
PermissionError: [WinError 5] 拒绝访问。: 'C:\\Users\\rocyz\\Desktop\\量子算法组合优化tsp\\协作\\PR1_CLOSEOUT_20260921T222713Z\\test_temporary\\tmp4fj25pe0'

During handling of the above exception, another exception occurred:

Traceback (most recent call last):
  File "C:\Users\rocyz\Desktop\量子算法组合优化tsp\协作\PR1_CLOSEOUT_20260921T222713Z\assembled\tests\test_formal_data.py", line 200, in test_refuses_to_overwrite_formal_data
    with tempfile.TemporaryDirectory() as directory:
         ^^^^^^^^^^^^^^^^^^^^^^^^^^^^^
  File "C:\Users\rocyz\AppData\Local\Programs\Python\Python312\Lib\tempfile.py", line 950, in __exit__
    self.cleanup()
  File "C:\Users\rocyz\AppData\Local\Programs\Python\Python312\Lib\tempfile.py", line 954, in cleanup
    self._rmtree(self.name, ignore_errors=self._ignore_cleanup_errors)
  File "C:\Users\rocyz\AppData\Local\Programs\Python\Python312\Lib\tempfile.py", line 934, in _rmtree
    _shutil.rmtree(name, onexc=onexc)
  File "C:\Users\rocyz\AppData\Local\Programs\Python\Python312\Lib\shutil.py", line 781, in rmtree
    return _rmtree_unsafe(path, onexc)
           ^^^^^^^^^^^^^^^^^^^^^^^^^^^
  File "C:\Users\rocyz\AppData\Local\Programs\Python\Python312\Lib\shutil.py", line 623, in _rmtree_unsafe
    for dirpath, dirnames, filenames in results:
                                        ^^^^^^^
  File "<frozen os>", line 369, in walk
  File "C:\Users\rocyz\AppData\Local\Programs\Python\Python312\Lib\shutil.py", line 621, in onerror
    onexc(os.scandir, err.filename, err)
  File "C:\Users\rocyz\AppData\Local\Programs\Python\Python312\Lib\tempfile.py", line 906, in onexc
    _resetperms(path)
  File "C:\Users\rocyz\AppData\Local\Programs\Python\Python312\Lib\tempfile.py", line 286, in _resetperms
    _dont_follow_symlinks(_os.chmod, path, 0o700)
  File "C:\Users\rocyz\AppData\Local\Programs\Python\Python312\Lib\tempfile.py", line 277, in _dont_follow_symlinks
    func(path, *args)
PermissionError: [WinError 5] 拒绝访问。: 'C:\\Users\\rocyz\\Desktop\\量子算法组合优化tsp\\协作\\PR1_CLOSEOUT_20260921T222713Z\\test_temporary\\tmp4fj25pe0'

======================================================================
ERROR: test_rejects_tampered_formal_config_hash (test_formal_data.FormalDataPipelineTests.test_rejects_tampered_formal_config_hash)
----------------------------------------------------------------------
Traceback (most recent call last):
  File "C:\Users\rocyz\Desktop\量子算法组合优化tsp\协作\PR1_CLOSEOUT_20260921T222713Z\assembled\tests\test_formal_data.py", line 186, in test_rejects_tampered_formal_config_hash
    config, config_hash = _reduced_config(root)
                          ^^^^^^^^^^^^^^^^^^^^^
  File "C:\Users\rocyz\Desktop\量子算法组合优化tsp\协作\PR1_CLOSEOUT_20260921T222713Z\assembled\tests\test_formal_data.py", line 54, in _reduced_config
    path.write_bytes(content)
  File "C:\Users\rocyz\AppData\Local\Programs\Python\Python312\Lib\pathlib.py", line 1036, in write_bytes
    with self.open(mode='wb') as f:
         ^^^^^^^^^^^^^^^^^^^^
  File "C:\Users\rocyz\AppData\Local\Programs\Python\Python312\Lib\pathlib.py", line 1013, in open
    return io.open(self, mode, buffering, encoding, errors, newline)
           ^^^^^^^^^^^^^^^^^^^^^^^^^^^^^^^^^^^^^^^^^^^^^^^^^^^^^^^^^
PermissionError: [Errno 13] Permission denied: 'C:\\Users\\rocyz\\Desktop\\量子算法组合优化tsp\\协作\\PR1_CLOSEOUT_20260921T222713Z\\test_temporary\\tmp4nhh9wkm\\experiment_config_v1.yaml'

During handling of the above exception, another exception occurred:

Traceback (most recent call last):
  File "<frozen os>", line 366, in walk
PermissionError: [WinError 5] 拒绝访问。: 'C:\\Users\\rocyz\\Desktop\\量子算法组合优化tsp\\协作\\PR1_CLOSEOUT_20260921T222713Z\\test_temporary\\tmp4nhh9wkm'

During handling of the above exception, another exception occurred:

Traceback (most recent call last):
  File "C:\Users\rocyz\Desktop\量子算法组合优化tsp\协作\PR1_CLOSEOUT_20260921T222713Z\assembled\tests\test_formal_data.py", line 184, in test_rejects_tampered_formal_config_hash
    with tempfile.TemporaryDirectory() as directory:
         ^^^^^^^^^^^^^^^^^^^^^^^^^^^^^
  File "C:\Users\rocyz\AppData\Local\Programs\Python\Python312\Lib\tempfile.py", line 950, in __exit__
    self.cleanup()
  File "C:\Users\rocyz\AppData\Local\Programs\Python\Python312\Lib\tempfile.py", line 954, in cleanup
    self._rmtree(self.name, ignore_errors=self._ignore_cleanup_errors)
  File "C:\Users\rocyz\AppData\Local\Programs\Python\Python312\Lib\tempfile.py", line 934, in _rmtree
    _shutil.rmtree(name, onexc=onexc)
  File "C:\Users\rocyz\AppData\Local\Programs\Python\Python312\Lib\shutil.py", line 781, in rmtree
    return _rmtree_unsafe(path, onexc)
           ^^^^^^^^^^^^^^^^^^^^^^^^^^^
  File "C:\Users\rocyz\AppData\Local\Programs\Python\Python312\Lib\shutil.py", line 623, in _rmtree_unsafe
    for dirpath, dirnames, filenames in results:
                                        ^^^^^^^
  File "<frozen os>", line 369, in walk
  File "C:\Users\rocyz\AppData\Local\Programs\Python\Python312\Lib\shutil.py", line 621, in onerror
    onexc(os.scandir, err.filename, err)
  File "C:\Users\rocyz\AppData\Local\Programs\Python\Python312\Lib\tempfile.py", line 906, in onexc
    _resetperms(path)
  File "C:\Users\rocyz\AppData\Local\Programs\Python\Python312\Lib\tempfile.py", line 286, in _resetperms
    _dont_follow_symlinks(_os.chmod, path, 0o700)
  File "C:\Users\rocyz\AppData\Local\Programs\Python\Python312\Lib\tempfile.py", line 277, in _dont_follow_symlinks
    func(path, *args)
PermissionError: [WinError 5] 拒绝访问。: 'C:\\Users\\rocyz\\Desktop\\量子算法组合优化tsp\\协作\\PR1_CLOSEOUT_20260921T222713Z\\test_temporary\\tmp4nhh9wkm'

======================================================================
ERROR: test_success_appends_audited_project_document_sections (test_formal_data.FormalDataPipelineTests.test_success_appends_audited_project_document_sections)
----------------------------------------------------------------------
Traceback (most recent call last):
  File "C:\Users\rocyz\Desktop\量子算法组合优化tsp\协作\PR1_CLOSEOUT_20260921T222713Z\assembled\tests\test_formal_data.py", line 209, in test_success_appends_audited_project_document_sections
    config, config_hash = _reduced_config(root)
                          ^^^^^^^^^^^^^^^^^^^^^
  File "C:\Users\rocyz\Desktop\量子算法组合优化tsp\协作\PR1_CLOSEOUT_20260921T222713Z\assembled\tests\test_formal_data.py", line 54, in _reduced_config
    path.write_bytes(content)
  File "C:\Users\rocyz\AppData\Local\Programs\Python\Python312\Lib\pathlib.py", line 1036, in write_bytes
    with self.open(mode='wb') as f:
         ^^^^^^^^^^^^^^^^^^^^
  File "C:\Users\rocyz\AppData\Local\Programs\Python\Python312\Lib\pathlib.py", line 1013, in open
    return io.open(self, mode, buffering, encoding, errors, newline)
           ^^^^^^^^^^^^^^^^^^^^^^^^^^^^^^^^^^^^^^^^^^^^^^^^^^^^^^^^^
PermissionError: [Errno 13] Permission denied: 'C:\\Users\\rocyz\\Desktop\\量子算法组合优化tsp\\协作\\PR1_CLOSEOUT_20260921T222713Z\\test_temporary\\tmp1vskafpe\\experiment_config_v1.yaml'

During handling of the above exception, another exception occurred:

Traceback (most recent call last):
  File "<frozen os>", line 366, in walk
PermissionError: [WinError 5] 拒绝访问。: 'C:\\Users\\rocyz\\Desktop\\量子算法组合优化tsp\\协作\\PR1_CLOSEOUT_20260921T222713Z\\test_temporary\\tmp1vskafpe'

During handling of the above exception, another exception occurred:

Traceback (most recent call last):
  File "C:\Users\rocyz\Desktop\量子算法组合优化tsp\协作\PR1_CLOSEOUT_20260921T222713Z\assembled\tests\test_formal_data.py", line 207, in test_success_appends_audited_project_document_sections
    with tempfile.TemporaryDirectory() as directory:
         ^^^^^^^^^^^^^^^^^^^^^^^^^^^^^
  File "C:\Users\rocyz\AppData\Local\Programs\Python\Python312\Lib\tempfile.py", line 950, in __exit__
    self.cleanup()
  File "C:\Users\rocyz\AppData\Local\Programs\Python\Python312\Lib\tempfile.py", line 954, in cleanup
    self._rmtree(self.name, ignore_errors=self._ignore_cleanup_errors)
  File "C:\Users\rocyz\AppData\Local\Programs\Python\Python312\Lib\tempfile.py", line 934, in _rmtree
    _shutil.rmtree(name, onexc=onexc)
  File "C:\Users\rocyz\AppData\Local\Programs\Python\Python312\Lib\shutil.py", line 781, in rmtree
    return _rmtree_unsafe(path, onexc)
           ^^^^^^^^^^^^^^^^^^^^^^^^^^^
  File "C:\Users\rocyz\AppData\Local\Programs\Python\Python312\Lib\shutil.py", line 623, in _rmtree_unsafe
    for dirpath, dirnames, filenames in results:
                                        ^^^^^^^
  File "<frozen os>", line 369, in walk
  File "C:\Users\rocyz\AppData\Local\Programs\Python\Python312\Lib\shutil.py", line 621, in onerror
    onexc(os.scandir, err.filename, err)
  File "C:\Users\rocyz\AppData\Local\Programs\Python\Python312\Lib\tempfile.py", line 906, in onexc
    _resetperms(path)
  File "C:\Users\rocyz\AppData\Local\Programs\Python\Python312\Lib\tempfile.py", line 286, in _resetperms
    _dont_follow_symlinks(_os.chmod, path, 0o700)
  File "C:\Users\rocyz\AppData\Local\Programs\Python\Python312\Lib\tempfile.py", line 277, in _dont_follow_symlinks
    func(path, *args)
PermissionError: [WinError 5] 拒绝访问。: 'C:\\Users\\rocyz\\Desktop\\量子算法组合优化tsp\\协作\\PR1_CLOSEOUT_20260921T222713Z\\test_temporary\\tmp1vskafpe'

======================================================================
ERROR: test_completed_phase_cannot_be_overwritten (test_four_part_addendum_v1.FourPartAddendumTests.test_completed_phase_cannot_be_overwritten)
----------------------------------------------------------------------
Traceback (most recent call last):
  File "C:\Users\rocyz\Desktop\量子算法组合优化tsp\协作\PR1_CLOSEOUT_20260921T222713Z\assembled\tests\test_four_part_addendum_v1.py", line 175, in test_completed_phase_cannot_be_overwritten
    phase = _phase_start(root, "certification", "abc", False)
            ^^^^^^^^^^^^^^^^^^^^^^^^^^^^^^^^^^^^^^^^^^^^^^^^^
  File "C:\Users\rocyz\Desktop\量子算法组合优化tsp\协作\PR1_CLOSEOUT_20260921T222713Z\assembled\urss_pipeline\four_part_addendum.py", line 215, in _phase_start
    directory.mkdir(parents=True, exist_ok=True)
  File "C:\Users\rocyz\AppData\Local\Programs\Python\Python312\Lib\pathlib.py", line 1311, in mkdir
    os.mkdir(self, mode)
PermissionError: [WinError 5] 拒绝访问。: 'C:\\Users\\rocyz\\Desktop\\量子算法组合优化tsp\\协作\\PR1_CLOSEOUT_20260921T222713Z\\test_temporary\\tmpz9m7zcvv\\certification'

During handling of the above exception, another exception occurred:

Traceback (most recent call last):
  File "<frozen os>", line 366, in walk
PermissionError: [WinError 5] 拒绝访问。: 'C:\\Users\\rocyz\\Desktop\\量子算法组合优化tsp\\协作\\PR1_CLOSEOUT_20260921T222713Z\\test_temporary\\tmpz9m7zcvv'

During handling of the above exception, another exception occurred:

Traceback (most recent call last):
  File "C:\Users\rocyz\Desktop\量子算法组合优化tsp\协作\PR1_CLOSEOUT_20260921T222713Z\assembled\tests\test_four_part_addendum_v1.py", line 173, in test_completed_phase_cannot_be_overwritten
    with tempfile.TemporaryDirectory() as directory:
         ^^^^^^^^^^^^^^^^^^^^^^^^^^^^^
  File "C:\Users\rocyz\AppData\Local\Programs\Python\Python312\Lib\tempfile.py", line 950, in __exit__
    self.cleanup()
  File "C:\Users\rocyz\AppData\Local\Programs\Python\Python312\Lib\tempfile.py", line 954, in cleanup
    self._rmtree(self.name, ignore_errors=self._ignore_cleanup_errors)
  File "C:\Users\rocyz\AppData\Local\Programs\Python\Python312\Lib\tempfile.py", line 934, in _rmtree
    _shutil.rmtree(name, onexc=onexc)
  File "C:\Users\rocyz\AppData\Local\Programs\Python\Python312\Lib\shutil.py", line 781, in rmtree
    return _rmtree_unsafe(path, onexc)
           ^^^^^^^^^^^^^^^^^^^^^^^^^^^
  File "C:\Users\rocyz\AppData\Local\Programs\Python\Python312\Lib\shutil.py", line 623, in _rmtree_unsafe
    for dirpath, dirnames, filenames in results:
                                        ^^^^^^^
  File "<frozen os>", line 369, in walk
  File "C:\Users\rocyz\AppData\Local\Programs\Python\Python312\Lib\shutil.py", line 621, in onerror
    onexc(os.scandir, err.filename, err)
  File "C:\Users\rocyz\AppData\Local\Programs\Python\Python312\Lib\tempfile.py", line 906, in onexc
    _resetperms(path)
  File "C:\Users\rocyz\AppData\Local\Programs\Python\Python312\Lib\tempfile.py", line 286, in _resetperms
    _dont_follow_symlinks(_os.chmod, path, 0o700)
  File "C:\Users\rocyz\AppData\Local\Programs\Python\Python312\Lib\tempfile.py", line 277, in _dont_follow_symlinks
    func(path, *args)
PermissionError: [WinError 5] 拒绝访问。: 'C:\\Users\\rocyz\\Desktop\\量子算法组合优化tsp\\协作\\PR1_CLOSEOUT_20260921T222713Z\\test_temporary\\tmpz9m7zcvv'

======================================================================
ERROR: test_final_builder_requires_and_packages_all_four_audits (test_four_part_addendum_v1.FourPartAddendumTests.test_final_builder_requires_and_packages_all_four_audits)
----------------------------------------------------------------------
Traceback (most recent call last):
  File "C:\Users\rocyz\AppData\Local\Programs\Python\Python312\Lib\pathlib.py", line 1311, in mkdir
    os.mkdir(self, mode)
FileNotFoundError: [WinError 3] 系统找不到指定的路径。: 'C:\\Users\\rocyz\\Desktop\\量子算法组合优化tsp\\协作\\PR1_CLOSEOUT_20260921T222713Z\\test_temporary\\tmpuz3pjg7v\\four_part_addendum_v1\\certification'

During handling of the above exception, another exception occurred:

Traceback (most recent call last):
  File "C:\Users\rocyz\Desktop\量子算法组合优化tsp\协作\PR1_CLOSEOUT_20260921T222713Z\assembled\tests\test_four_part_addendum_v1.py", line 232, in test_final_builder_requires_and_packages_all_four_audits
    phase = _phase_start(root, phase_name, "abc", False)
            ^^^^^^^^^^^^^^^^^^^^^^^^^^^^^^^^^^^^^^^^^^^^
  File "C:\Users\rocyz\Desktop\量子算法组合优化tsp\协作\PR1_CLOSEOUT_20260921T222713Z\assembled\urss_pipeline\four_part_addendum.py", line 215, in _phase_start
    directory.mkdir(parents=True, exist_ok=True)
  File "C:\Users\rocyz\AppData\Local\Programs\Python\Python312\Lib\pathlib.py", line 1315, in mkdir
    self.parent.mkdir(parents=True, exist_ok=True)
  File "C:\Users\rocyz\AppData\Local\Programs\Python\Python312\Lib\pathlib.py", line 1311, in mkdir
    os.mkdir(self, mode)
PermissionError: [WinError 5] 拒绝访问。: 'C:\\Users\\rocyz\\Desktop\\量子算法组合优化tsp\\协作\\PR1_CLOSEOUT_20260921T222713Z\\test_temporary\\tmpuz3pjg7v\\four_part_addendum_v1'

During handling of the above exception, another exception occurred:

Traceback (most recent call last):
  File "<frozen os>", line 366, in walk
PermissionError: [WinError 5] 拒绝访问。: 'C:\\Users\\rocyz\\Desktop\\量子算法组合优化tsp\\协作\\PR1_CLOSEOUT_20260921T222713Z\\test_temporary\\tmpuz3pjg7v'

During handling of the above exception, another exception occurred:

Traceback (most recent call last):
  File "C:\Users\rocyz\Desktop\量子算法组合优化tsp\协作\PR1_CLOSEOUT_20260921T222713Z\assembled\tests\test_four_part_addendum_v1.py", line 229, in test_final_builder_requires_and_packages_all_four_audits
    with tempfile.TemporaryDirectory() as directory:
         ^^^^^^^^^^^^^^^^^^^^^^^^^^^^^
  File "C:\Users\rocyz\AppData\Local\Programs\Python\Python312\Lib\tempfile.py", line 950, in __exit__
    self.cleanup()
  File "C:\Users\rocyz\AppData\Local\Programs\Python\Python312\Lib\tempfile.py", line 954, in cleanup
    self._rmtree(self.name, ignore_errors=self._ignore_cleanup_errors)
  File "C:\Users\rocyz\AppData\Local\Programs\Python\Python312\Lib\tempfile.py", line 934, in _rmtree
    _shutil.rmtree(name, onexc=onexc)
  File "C:\Users\rocyz\AppData\Local\Programs\Python\Python312\Lib\shutil.py", line 781, in rmtree
    return _rmtree_unsafe(path, onexc)
           ^^^^^^^^^^^^^^^^^^^^^^^^^^^
  File "C:\Users\rocyz\AppData\Local\Programs\Python\Python312\Lib\shutil.py", line 623, in _rmtree_unsafe
    for dirpath, dirnames, filenames in results:
                                        ^^^^^^^
  File "<frozen os>", line 369, in walk
  File "C:\Users\rocyz\AppData\Local\Programs\Python\Python312\Lib\shutil.py", line 621, in onerror
    onexc(os.scandir, err.filename, err)
  File "C:\Users\rocyz\AppData\Local\Programs\Python\Python312\Lib\tempfile.py", line 906, in onexc
    _resetperms(path)
  File "C:\Users\rocyz\AppData\Local\Programs\Python\Python312\Lib\tempfile.py", line 286, in _resetperms
    _dont_follow_symlinks(_os.chmod, path, 0o700)
  File "C:\Users\rocyz\AppData\Local\Programs\Python\Python312\Lib\tempfile.py", line 277, in _dont_follow_symlinks
    func(path, *args)
PermissionError: [WinError 5] 拒绝访问。: 'C:\\Users\\rocyz\\Desktop\\量子算法组合优化tsp\\协作\\PR1_CLOSEOUT_20260921T222713Z\\test_temporary\\tmpuz3pjg7v'

======================================================================
ERROR: test_incomplete_phase_requires_explicit_resume (test_four_part_addendum_v1.FourPartAddendumTests.test_incomplete_phase_requires_explicit_resume)
----------------------------------------------------------------------
Traceback (most recent call last):
  File "C:\Users\rocyz\Desktop\量子算法组合优化tsp\协作\PR1_CLOSEOUT_20260921T222713Z\assembled\tests\test_four_part_addendum_v1.py", line 190, in test_incomplete_phase_requires_explicit_resume
    _phase_start(root, "topologies", "abc", False)
  File "C:\Users\rocyz\Desktop\量子算法组合优化tsp\协作\PR1_CLOSEOUT_20260921T222713Z\assembled\urss_pipeline\four_part_addendum.py", line 215, in _phase_start
    directory.mkdir(parents=True, exist_ok=True)
  File "C:\Users\rocyz\AppData\Local\Programs\Python\Python312\Lib\pathlib.py", line 1311, in mkdir
    os.mkdir(self, mode)
PermissionError: [WinError 5] 拒绝访问。: 'C:\\Users\\rocyz\\Desktop\\量子算法组合优化tsp\\协作\\PR1_CLOSEOUT_20260921T222713Z\\test_temporary\\tmprwa0z54l\\topologies'

During handling of the above exception, another exception occurred:

Traceback (most recent call last):
  File "<frozen os>", line 366, in walk
PermissionError: [WinError 5] 拒绝访问。: 'C:\\Users\\rocyz\\Desktop\\量子算法组合优化tsp\\协作\\PR1_CLOSEOUT_20260921T222713Z\\test_temporary\\tmprwa0z54l'

During handling of the above exception, another exception occurred:

Traceback (most recent call last):
  File "C:\Users\rocyz\Desktop\量子算法组合优化tsp\协作\PR1_CLOSEOUT_20260921T222713Z\assembled\tests\test_four_part_addendum_v1.py", line 188, in test_incomplete_phase_requires_explicit_resume
    with tempfile.TemporaryDirectory() as directory:
         ^^^^^^^^^^^^^^^^^^^^^^^^^^^^^
  File "C:\Users\rocyz\AppData\Local\Programs\Python\Python312\Lib\tempfile.py", line 950, in __exit__
    self.cleanup()
  File "C:\Users\rocyz\AppData\Local\Programs\Python\Python312\Lib\tempfile.py", line 954, in cleanup
    self._rmtree(self.name, ignore_errors=self._ignore_cleanup_errors)
  File "C:\Users\rocyz\AppData\Local\Programs\Python\Python312\Lib\tempfile.py", line 934, in _rmtree
    _shutil.rmtree(name, onexc=onexc)
  File "C:\Users\rocyz\AppData\Local\Programs\Python\Python312\Lib\shutil.py", line 781, in rmtree
    return _rmtree_unsafe(path, onexc)
           ^^^^^^^^^^^^^^^^^^^^^^^^^^^
  File "C:\Users\rocyz\AppData\Local\Programs\Python\Python312\Lib\shutil.py", line 623, in _rmtree_unsafe
    for dirpath, dirnames, filenames in results:
                                        ^^^^^^^
  File "<frozen os>", line 369, in walk
  File "C:\Users\rocyz\AppData\Local\Programs\Python\Python312\Lib\shutil.py", line 621, in onerror
    onexc(os.scandir, err.filename, err)
  File "C:\Users\rocyz\AppData\Local\Programs\Python\Python312\Lib\tempfile.py", line 906, in onexc
    _resetperms(path)
  File "C:\Users\rocyz\AppData\Local\Programs\Python\Python312\Lib\tempfile.py", line 286, in _resetperms
    _dont_follow_symlinks(_os.chmod, path, 0o700)
  File "C:\Users\rocyz\AppData\Local\Programs\Python\Python312\Lib\tempfile.py", line 277, in _dont_follow_symlinks
    func(path, *args)
PermissionError: [WinError 5] 拒绝访问。: 'C:\\Users\\rocyz\\Desktop\\量子算法组合优化tsp\\协作\\PR1_CLOSEOUT_20260921T222713Z\\test_temporary\\tmprwa0z54l'

======================================================================
ERROR: test_output_provenance_is_stable_and_hashed (test_four_part_addendum_v1.FourPartAddendumTests.test_output_provenance_is_stable_and_hashed)
----------------------------------------------------------------------
Traceback (most recent call last):
  File "C:\Users\rocyz\AppData\Local\Programs\Python\Python312\Lib\pathlib.py", line 1311, in mkdir
    os.mkdir(self, mode)
FileNotFoundError: [WinError 3] 系统找不到指定的路径。: 'C:\\Users\\rocyz\\Desktop\\量子算法组合优化tsp\\协作\\PR1_CLOSEOUT_20260921T222713Z\\test_temporary\\tmpiky5oq3j\\result\\provenance'

During handling of the above exception, another exception occurred:

Traceback (most recent call last):
  File "C:\Users\rocyz\Desktop\量子算法组合优化tsp\协作\PR1_CLOSEOUT_20260921T222713Z\assembled\tests\test_four_part_addendum_v1.py", line 201, in test_output_provenance_is_stable_and_hashed
    prepare_output_provenance(
  File "C:\Users\rocyz\Desktop\量子算法组合优化tsp\协作\PR1_CLOSEOUT_20260921T222713Z\assembled\urss_pipeline\four_part_addendum.py", line 168, in prepare_output_provenance
    provenance.mkdir(parents=True, exist_ok=True)
  File "C:\Users\rocyz\AppData\Local\Programs\Python\Python312\Lib\pathlib.py", line 1315, in mkdir
    self.parent.mkdir(parents=True, exist_ok=True)
  File "C:\Users\rocyz\AppData\Local\Programs\Python\Python312\Lib\pathlib.py", line 1311, in mkdir
    os.mkdir(self, mode)
PermissionError: [WinError 5] 拒绝访问。: 'C:\\Users\\rocyz\\Desktop\\量子算法组合优化tsp\\协作\\PR1_CLOSEOUT_20260921T222713Z\\test_temporary\\tmpiky5oq3j\\result'

During handling of the above exception, another exception occurred:

Traceback (most recent call last):
  File "<frozen os>", line 366, in walk
PermissionError: [WinError 5] 拒绝访问。: 'C:\\Users\\rocyz\\Desktop\\量子算法组合优化tsp\\协作\\PR1_CLOSEOUT_20260921T222713Z\\test_temporary\\tmpiky5oq3j'

During handling of the above exception, another exception occurred:

Traceback (most recent call last):
  File "C:\Users\rocyz\Desktop\量子算法组合优化tsp\协作\PR1_CLOSEOUT_20260921T222713Z\assembled\tests\test_four_part_addendum_v1.py", line 197, in test_output_provenance_is_stable_and_hashed
    with tempfile.TemporaryDirectory() as directory:
         ^^^^^^^^^^^^^^^^^^^^^^^^^^^^^
  File "C:\Users\rocyz\AppData\Local\Programs\Python\Python312\Lib\tempfile.py", line 950, in __exit__
    self.cleanup()
  File "C:\Users\rocyz\AppData\Local\Programs\Python\Python312\Lib\tempfile.py", line 954, in cleanup
    self._rmtree(self.name, ignore_errors=self._ignore_cleanup_errors)
  File "C:\Users\rocyz\AppData\Local\Programs\Python\Python312\Lib\tempfile.py", line 934, in _rmtree
    _shutil.rmtree(name, onexc=onexc)
  File "C:\Users\rocyz\AppData\Local\Programs\Python\Python312\Lib\shutil.py", line 781, in rmtree
    return _rmtree_unsafe(path, onexc)
           ^^^^^^^^^^^^^^^^^^^^^^^^^^^
  File "C:\Users\rocyz\AppData\Local\Programs\Python\Python312\Lib\shutil.py", line 623, in _rmtree_unsafe
    for dirpath, dirnames, filenames in results:
                                        ^^^^^^^
  File "<frozen os>", line 369, in walk
  File "C:\Users\rocyz\AppData\Local\Programs\Python\Python312\Lib\shutil.py", line 621, in onerror
    onexc(os.scandir, err.filename, err)
  File "C:\Users\rocyz\AppData\Local\Programs\Python\Python312\Lib\tempfile.py", line 906, in onexc
    _resetperms(path)
  File "C:\Users\rocyz\AppData\Local\Programs\Python\Python312\Lib\tempfile.py", line 286, in _resetperms
    _dont_follow_symlinks(_os.chmod, path, 0o700)
  File "C:\Users\rocyz\AppData\Local\Programs\Python\Python312\Lib\tempfile.py", line 277, in _dont_follow_symlinks
    func(path, *args)
PermissionError: [WinError 5] 拒绝访问。: 'C:\\Users\\rocyz\\Desktop\\量子算法组合优化tsp\\协作\\PR1_CLOSEOUT_20260921T222713Z\\test_temporary\\tmpiky5oq3j'

======================================================================
ERROR: test_live_task_timeout_is_killed (test_multiseed_repairs.RepairRegressionTests.test_live_task_timeout_is_killed)
----------------------------------------------------------------------
Traceback (most recent call last):
  File "C:\Users\rocyz\Desktop\量子算法组合优化tsp\协作\PR1_CLOSEOUT_20260921T222713Z\assembled\tests\test_multiseed_repairs.py", line 128, in test_live_task_timeout_is_killed
    rows=list(execute_batches(Path('.'),[('batch',[task()],1729,8,'test')],1,0.3,target=hung_worker))
         ^^^^^^^^^^^^^^^^^^^^^^^^^^^^^^^^^^^^^^^^^^^^^^^^^^^^^^^^^^^^^^^^^^^^^^^^^^^^^^^^^^^^^^^^^^^^
  File "C:\Users\rocyz\Desktop\量子算法组合优化tsp\协作\PR1_CLOSEOUT_20260921T222713Z\assembled\scripts\multiseed_scheduler.py", line 42, in execute_batches
    receive, send = ctx.Pipe(duplex=False)
                    ^^^^^^^^^^^^^^^^^^^^^^
  File "C:\Users\rocyz\AppData\Local\Programs\Python\Python312\Lib\multiprocessing\context.py", line 63, in Pipe
    return Pipe(duplex)
           ^^^^^^^^^^^^
  File "C:\Users\rocyz\AppData\Local\Programs\Python\Python312\Lib\multiprocessing\connection.py", line 575, in Pipe
    h2 = _winapi.CreateFile(
         ^^^^^^^^^^^^^^^^^^^
PermissionError: [WinError 5] 拒绝访问。

======================================================================
ERROR: test_end_to_end_reference_pilot (test_reference_pilot.StatevectorPilotTests.test_end_to_end_reference_pilot)
----------------------------------------------------------------------
Traceback (most recent call last):
  File "C:\Users\rocyz\Desktop\量子算法组合优化tsp\协作\PR1_CLOSEOUT_20260921T222713Z\assembled\tests\test_reference_pilot.py", line 161, in test_end_to_end_reference_pilot
    audit = run_reference_pilot(
            ^^^^^^^^^^^^^^^^^^^^
  File "C:\Users\rocyz\Desktop\量子算法组合优化tsp\协作\PR1_CLOSEOUT_20260921T222713Z\assembled\urss_pipeline\reference_pilot.py", line 156, in run_reference_pilot
    _require_empty_output(output_directory)
  File "C:\Users\rocyz\Desktop\量子算法组合优化tsp\协作\PR1_CLOSEOUT_20260921T222713Z\assembled\urss_pipeline\reference_pilot.py", line 26, in _require_empty_output
    if output_directory.exists() and any(output_directory.iterdir()):
                                     ^^^^^^^^^^^^^^^^^^^^^^^^^^^^^^^
  File "C:\Users\rocyz\AppData\Local\Programs\Python\Python312\Lib\pathlib.py", line 1056, in iterdir
    for name in os.listdir(self):
                ^^^^^^^^^^^^^^^^
PermissionError: [WinError 5] 拒绝访问。: 'C:\\Users\\rocyz\\Desktop\\量子算法组合优化tsp\\协作\\PR1_CLOSEOUT_20260921T222713Z\\test_temporary\\tmp6612o7wp'

During handling of the above exception, another exception occurred:

Traceback (most recent call last):
  File "<frozen os>", line 366, in walk
PermissionError: [WinError 5] 拒绝访问。: 'C:\\Users\\rocyz\\Desktop\\量子算法组合优化tsp\\协作\\PR1_CLOSEOUT_20260921T222713Z\\test_temporary\\tmp6612o7wp'

During handling of the above exception, another exception occurred:

Traceback (most recent call last):
  File "C:\Users\rocyz\Desktop\量子算法组合优化tsp\协作\PR1_CLOSEOUT_20260921T222713Z\assembled\tests\test_reference_pilot.py", line 160, in test_end_to_end_reference_pilot
    with tempfile.TemporaryDirectory() as output:
         ^^^^^^^^^^^^^^^^^^^^^^^^^^^^^
  File "C:\Users\rocyz\AppData\Local\Programs\Python\Python312\Lib\tempfile.py", line 950, in __exit__
    self.cleanup()
  File "C:\Users\rocyz\AppData\Local\Programs\Python\Python312\Lib\tempfile.py", line 954, in cleanup
    self._rmtree(self.name, ignore_errors=self._ignore_cleanup_errors)
  File "C:\Users\rocyz\AppData\Local\Programs\Python\Python312\Lib\tempfile.py", line 934, in _rmtree
    _shutil.rmtree(name, onexc=onexc)
  File "C:\Users\rocyz\AppData\Local\Programs\Python\Python312\Lib\shutil.py", line 781, in rmtree
    return _rmtree_unsafe(path, onexc)
           ^^^^^^^^^^^^^^^^^^^^^^^^^^^
  File "C:\Users\rocyz\AppData\Local\Programs\Python\Python312\Lib\shutil.py", line 623, in _rmtree_unsafe
    for dirpath, dirnames, filenames in results:
                                        ^^^^^^^
  File "<frozen os>", line 369, in walk
  File "C:\Users\rocyz\AppData\Local\Programs\Python\Python312\Lib\shutil.py", line 621, in onerror
    onexc(os.scandir, err.filename, err)
  File "C:\Users\rocyz\AppData\Local\Programs\Python\Python312\Lib\tempfile.py", line 906, in onexc
    _resetperms(path)
  File "C:\Users\rocyz\AppData\Local\Programs\Python\Python312\Lib\tempfile.py", line 286, in _resetperms
    _dont_follow_symlinks(_os.chmod, path, 0o700)
  File "C:\Users\rocyz\AppData\Local\Programs\Python\Python312\Lib\tempfile.py", line 277, in _dont_follow_symlinks
    func(path, *args)
PermissionError: [WinError 5] 拒绝访问。: 'C:\\Users\\rocyz\\Desktop\\量子算法组合优化tsp\\协作\\PR1_CLOSEOUT_20260921T222713Z\\test_temporary\\tmp6612o7wp'

======================================================================
ERROR: test_nonempty_output_is_rejected (test_reference_pilot.StatevectorPilotTests.test_nonempty_output_is_rejected)
----------------------------------------------------------------------
Traceback (most recent call last):
  File "C:\Users\rocyz\Desktop\量子算法组合优化tsp\协作\PR1_CLOSEOUT_20260921T222713Z\assembled\tests\test_reference_pilot.py", line 190, in test_nonempty_output_is_rejected
    marker.write_text("keep", encoding="utf-8")
  File "C:\Users\rocyz\AppData\Local\Programs\Python\Python312\Lib\pathlib.py", line 1047, in write_text
    with self.open(mode='w', encoding=encoding, errors=errors, newline=newline) as f:
         ^^^^^^^^^^^^^^^^^^^^^^^^^^^^^^^^^^^^^^^^^^^^^^^^^^^^^^^^^^^^^^^^^^^^^^
  File "C:\Users\rocyz\AppData\Local\Programs\Python\Python312\Lib\pathlib.py", line 1013, in open
    return io.open(self, mode, buffering, encoding, errors, newline)
           ^^^^^^^^^^^^^^^^^^^^^^^^^^^^^^^^^^^^^^^^^^^^^^^^^^^^^^^^^
PermissionError: [Errno 13] Permission denied: 'C:\\Users\\rocyz\\Desktop\\量子算法组合优化tsp\\协作\\PR1_CLOSEOUT_20260921T222713Z\\test_temporary\\tmp45svtx2e\\preserve.txt'

During handling of the above exception, another exception occurred:

Traceback (most recent call last):
  File "<frozen os>", line 366, in walk
PermissionError: [WinError 5] 拒绝访问。: 'C:\\Users\\rocyz\\Desktop\\量子算法组合优化tsp\\协作\\PR1_CLOSEOUT_20260921T222713Z\\test_temporary\\tmp45svtx2e'

During handling of the above exception, another exception occurred:

Traceback (most recent call last):
  File "C:\Users\rocyz\Desktop\量子算法组合优化tsp\协作\PR1_CLOSEOUT_20260921T222713Z\assembled\tests\test_reference_pilot.py", line 188, in test_nonempty_output_is_rejected
    with tempfile.TemporaryDirectory() as output:
         ^^^^^^^^^^^^^^^^^^^^^^^^^^^^^
  File "C:\Users\rocyz\AppData\Local\Programs\Python\Python312\Lib\tempfile.py", line 950, in __exit__
    self.cleanup()
  File "C:\Users\rocyz\AppData\Local\Programs\Python\Python312\Lib\tempfile.py", line 954, in cleanup
    self._rmtree(self.name, ignore_errors=self._ignore_cleanup_errors)
  File "C:\Users\rocyz\AppData\Local\Programs\Python\Python312\Lib\tempfile.py", line 934, in _rmtree
    _shutil.rmtree(name, onexc=onexc)
  File "C:\Users\rocyz\AppData\Local\Programs\Python\Python312\Lib\shutil.py", line 781, in rmtree
    return _rmtree_unsafe(path, onexc)
           ^^^^^^^^^^^^^^^^^^^^^^^^^^^
  File "C:\Users\rocyz\AppData\Local\Programs\Python\Python312\Lib\shutil.py", line 623, in _rmtree_unsafe
    for dirpath, dirnames, filenames in results:
                                        ^^^^^^^
  File "<frozen os>", line 369, in walk
  File "C:\Users\rocyz\AppData\Local\Programs\Python\Python312\Lib\shutil.py", line 621, in onerror
    onexc(os.scandir, err.filename, err)
  File "C:\Users\rocyz\AppData\Local\Programs\Python\Python312\Lib\tempfile.py", line 906, in onexc
    _resetperms(path)
  File "C:\Users\rocyz\AppData\Local\Programs\Python\Python312\Lib\tempfile.py", line 286, in _resetperms
    _dont_follow_symlinks(_os.chmod, path, 0o700)
  File "C:\Users\rocyz\AppData\Local\Programs\Python\Python312\Lib\tempfile.py", line 277, in _dont_follow_symlinks
    func(path, *args)
PermissionError: [WinError 5] 拒绝访问。: 'C:\\Users\\rocyz\\Desktop\\量子算法组合优化tsp\\协作\\PR1_CLOSEOUT_20260921T222713Z\\test_temporary\\tmp45svtx2e'

======================================================================
ERROR: test_blocked_draft_config_is_valid_and_auditable (test_smoke_pipeline.ExperimentConfigTests.test_blocked_draft_config_is_valid_and_auditable)
----------------------------------------------------------------------
Traceback (most recent call last):
  File "C:\Users\rocyz\Desktop\量子算法组合优化tsp\协作\PR1_CLOSEOUT_20260921T222713Z\assembled\tests\test_smoke_pipeline.py", line 303, in test_blocked_draft_config_is_valid_and_auditable
    path.write_text(json.dumps(config), encoding="utf-8")
  File "C:\Users\rocyz\AppData\Local\Programs\Python\Python312\Lib\pathlib.py", line 1047, in write_text
    with self.open(mode='w', encoding=encoding, errors=errors, newline=newline) as f:
         ^^^^^^^^^^^^^^^^^^^^^^^^^^^^^^^^^^^^^^^^^^^^^^^^^^^^^^^^^^^^^^^^^^^^^^
  File "C:\Users\rocyz\AppData\Local\Programs\Python\Python312\Lib\pathlib.py", line 1013, in open
    return io.open(self, mode, buffering, encoding, errors, newline)
           ^^^^^^^^^^^^^^^^^^^^^^^^^^^^^^^^^^^^^^^^^^^^^^^^^^^^^^^^^
PermissionError: [Errno 13] Permission denied: 'C:\\Users\\rocyz\\Desktop\\量子算法组合优化tsp\\协作\\PR1_CLOSEOUT_20260921T222713Z\\test_temporary\\tmplem8ahh3\\config.yaml'

During handling of the above exception, another exception occurred:

Traceback (most recent call last):
  File "<frozen os>", line 366, in walk
PermissionError: [WinError 5] 拒绝访问。: 'C:\\Users\\rocyz\\Desktop\\量子算法组合优化tsp\\协作\\PR1_CLOSEOUT_20260921T222713Z\\test_temporary\\tmplem8ahh3'

During handling of the above exception, another exception occurred:

Traceback (most recent call last):
  File "C:\Users\rocyz\Desktop\量子算法组合优化tsp\协作\PR1_CLOSEOUT_20260921T222713Z\assembled\tests\test_smoke_pipeline.py", line 301, in test_blocked_draft_config_is_valid_and_auditable
    with tempfile.TemporaryDirectory() as directory:
         ^^^^^^^^^^^^^^^^^^^^^^^^^^^^^
  File "C:\Users\rocyz\AppData\Local\Programs\Python\Python312\Lib\tempfile.py", line 950, in __exit__
    self.cleanup()
  File "C:\Users\rocyz\AppData\Local\Programs\Python\Python312\Lib\tempfile.py", line 954, in cleanup
    self._rmtree(self.name, ignore_errors=self._ignore_cleanup_errors)
  File "C:\Users\rocyz\AppData\Local\Programs\Python\Python312\Lib\tempfile.py", line 934, in _rmtree
    _shutil.rmtree(name, onexc=onexc)
  File "C:\Users\rocyz\AppData\Local\Programs\Python\Python312\Lib\shutil.py", line 781, in rmtree
    return _rmtree_unsafe(path, onexc)
           ^^^^^^^^^^^^^^^^^^^^^^^^^^^
  File "C:\Users\rocyz\AppData\Local\Programs\Python\Python312\Lib\shutil.py", line 623, in _rmtree_unsafe
    for dirpath, dirnames, filenames in results:
                                        ^^^^^^^
  File "<frozen os>", line 369, in walk
  File "C:\Users\rocyz\AppData\Local\Programs\Python\Python312\Lib\shutil.py", line 621, in onerror
    onexc(os.scandir, err.filename, err)
  File "C:\Users\rocyz\AppData\Local\Programs\Python\Python312\Lib\tempfile.py", line 906, in onexc
    _resetperms(path)
  File "C:\Users\rocyz\AppData\Local\Programs\Python\Python312\Lib\tempfile.py", line 286, in _resetperms
    _dont_follow_symlinks(_os.chmod, path, 0o700)
  File "C:\Users\rocyz\AppData\Local\Programs\Python\Python312\Lib\tempfile.py", line 277, in _dont_follow_symlinks
    func(path, *args)
PermissionError: [WinError 5] 拒绝访问。: 'C:\\Users\\rocyz\\Desktop\\量子算法组合优化tsp\\协作\\PR1_CLOSEOUT_20260921T222713Z\\test_temporary\\tmplem8ahh3'

======================================================================
ERROR: test_frozen_config_with_blockers_is_rejected (test_smoke_pipeline.ExperimentConfigTests.test_frozen_config_with_blockers_is_rejected)
----------------------------------------------------------------------
Traceback (most recent call last):
  File "C:\Users\rocyz\Desktop\量子算法组合优化tsp\协作\PR1_CLOSEOUT_20260921T222713Z\assembled\tests\test_smoke_pipeline.py", line 321, in test_frozen_config_with_blockers_is_rejected
    path.write_text(json.dumps(config), encoding="utf-8")
  File "C:\Users\rocyz\AppData\Local\Programs\Python\Python312\Lib\pathlib.py", line 1047, in write_text
    with self.open(mode='w', encoding=encoding, errors=errors, newline=newline) as f:
         ^^^^^^^^^^^^^^^^^^^^^^^^^^^^^^^^^^^^^^^^^^^^^^^^^^^^^^^^^^^^^^^^^^^^^^
  File "C:\Users\rocyz\AppData\Local\Programs\Python\Python312\Lib\pathlib.py", line 1013, in open
    return io.open(self, mode, buffering, encoding, errors, newline)
           ^^^^^^^^^^^^^^^^^^^^^^^^^^^^^^^^^^^^^^^^^^^^^^^^^^^^^^^^^
PermissionError: [Errno 13] Permission denied: 'C:\\Users\\rocyz\\Desktop\\量子算法组合优化tsp\\协作\\PR1_CLOSEOUT_20260921T222713Z\\test_temporary\\tmpkc4rqn3h\\config.yaml'

During handling of the above exception, another exception occurred:

Traceback (most recent call last):
  File "<frozen os>", line 366, in walk
PermissionError: [WinError 5] 拒绝访问。: 'C:\\Users\\rocyz\\Desktop\\量子算法组合优化tsp\\协作\\PR1_CLOSEOUT_20260921T222713Z\\test_temporary\\tmpkc4rqn3h'

During handling of the above exception, another exception occurred:

Traceback (most recent call last):
  File "C:\Users\rocyz\Desktop\量子算法组合优化tsp\协作\PR1_CLOSEOUT_20260921T222713Z\assembled\tests\test_smoke_pipeline.py", line 319, in test_frozen_config_with_blockers_is_rejected
    with tempfile.TemporaryDirectory() as directory:
         ^^^^^^^^^^^^^^^^^^^^^^^^^^^^^
  File "C:\Users\rocyz\AppData\Local\Programs\Python\Python312\Lib\tempfile.py", line 950, in __exit__
    self.cleanup()
  File "C:\Users\rocyz\AppData\Local\Programs\Python\Python312\Lib\tempfile.py", line 954, in cleanup
    self._rmtree(self.name, ignore_errors=self._ignore_cleanup_errors)
  File "C:\Users\rocyz\AppData\Local\Programs\Python\Python312\Lib\tempfile.py", line 934, in _rmtree
    _shutil.rmtree(name, onexc=onexc)
  File "C:\Users\rocyz\AppData\Local\Programs\Python\Python312\Lib\shutil.py", line 781, in rmtree
    return _rmtree_unsafe(path, onexc)
           ^^^^^^^^^^^^^^^^^^^^^^^^^^^
  File "C:\Users\rocyz\AppData\Local\Programs\Python\Python312\Lib\shutil.py", line 623, in _rmtree_unsafe
    for dirpath, dirnames, filenames in results:
                                        ^^^^^^^
  File "<frozen os>", line 369, in walk
  File "C:\Users\rocyz\AppData\Local\Programs\Python\Python312\Lib\shutil.py", line 621, in onerror
    onexc(os.scandir, err.filename, err)
  File "C:\Users\rocyz\AppData\Local\Programs\Python\Python312\Lib\tempfile.py", line 906, in onexc
    _resetperms(path)
  File "C:\Users\rocyz\AppData\Local\Programs\Python\Python312\Lib\tempfile.py", line 286, in _resetperms
    _dont_follow_symlinks(_os.chmod, path, 0o700)
  File "C:\Users\rocyz\AppData\Local\Programs\Python\Python312\Lib\tempfile.py", line 277, in _dont_follow_symlinks
    func(path, *args)
PermissionError: [WinError 5] 拒绝访问。: 'C:\\Users\\rocyz\\Desktop\\量子算法组合优化tsp\\协作\\PR1_CLOSEOUT_20260921T222713Z\\test_temporary\\tmpkc4rqn3h'

======================================================================
ERROR: test_nonempty_output_directory_is_rejected (test_smoke_pipeline.SmokeBatchTests.test_nonempty_output_directory_is_rejected)
----------------------------------------------------------------------
Traceback (most recent call last):
  File "C:\Users\rocyz\Desktop\量子算法组合优化tsp\协作\PR1_CLOSEOUT_20260921T222713Z\assembled\tests\test_smoke_pipeline.py", line 280, in test_nonempty_output_directory_is_rejected
    marker.write_text("preserve me", encoding="utf-8")
  File "C:\Users\rocyz\AppData\Local\Programs\Python\Python312\Lib\pathlib.py", line 1047, in write_text
    with self.open(mode='w', encoding=encoding, errors=errors, newline=newline) as f:
         ^^^^^^^^^^^^^^^^^^^^^^^^^^^^^^^^^^^^^^^^^^^^^^^^^^^^^^^^^^^^^^^^^^^^^^
  File "C:\Users\rocyz\AppData\Local\Programs\Python\Python312\Lib\pathlib.py", line 1013, in open
    return io.open(self, mode, buffering, encoding, errors, newline)
           ^^^^^^^^^^^^^^^^^^^^^^^^^^^^^^^^^^^^^^^^^^^^^^^^^^^^^^^^^
PermissionError: [Errno 13] Permission denied: 'C:\\Users\\rocyz\\Desktop\\量子算法组合优化tsp\\协作\\PR1_CLOSEOUT_20260921T222713Z\\test_temporary\\tmpvw5dm4jq\\existing_evidence.txt'

During handling of the above exception, another exception occurred:

Traceback (most recent call last):
  File "<frozen os>", line 366, in walk
PermissionError: [WinError 5] 拒绝访问。: 'C:\\Users\\rocyz\\Desktop\\量子算法组合优化tsp\\协作\\PR1_CLOSEOUT_20260921T222713Z\\test_temporary\\tmpvw5dm4jq'

During handling of the above exception, another exception occurred:

Traceback (most recent call last):
  File "C:\Users\rocyz\Desktop\量子算法组合优化tsp\协作\PR1_CLOSEOUT_20260921T222713Z\assembled\tests\test_smoke_pipeline.py", line 278, in test_nonempty_output_directory_is_rejected
    with tempfile.TemporaryDirectory() as output:
         ^^^^^^^^^^^^^^^^^^^^^^^^^^^^^
  File "C:\Users\rocyz\AppData\Local\Programs\Python\Python312\Lib\tempfile.py", line 950, in __exit__
    self.cleanup()
  File "C:\Users\rocyz\AppData\Local\Programs\Python\Python312\Lib\tempfile.py", line 954, in cleanup
    self._rmtree(self.name, ignore_errors=self._ignore_cleanup_errors)
  File "C:\Users\rocyz\AppData\Local\Programs\Python\Python312\Lib\tempfile.py", line 934, in _rmtree
    _shutil.rmtree(name, onexc=onexc)
  File "C:\Users\rocyz\AppData\Local\Programs\Python\Python312\Lib\shutil.py", line 781, in rmtree
    return _rmtree_unsafe(path, onexc)
           ^^^^^^^^^^^^^^^^^^^^^^^^^^^
  File "C:\Users\rocyz\AppData\Local\Programs\Python\Python312\Lib\shutil.py", line 623, in _rmtree_unsafe
    for dirpath, dirnames, filenames in results:
                                        ^^^^^^^
  File "<frozen os>", line 369, in walk
  File "C:\Users\rocyz\AppData\Local\Programs\Python\Python312\Lib\shutil.py", line 621, in onerror
    onexc(os.scandir, err.filename, err)
  File "C:\Users\rocyz\AppData\Local\Programs\Python\Python312\Lib\tempfile.py", line 906, in onexc
    _resetperms(path)
  File "C:\Users\rocyz\AppData\Local\Programs\Python\Python312\Lib\tempfile.py", line 286, in _resetperms
    _dont_follow_symlinks(_os.chmod, path, 0o700)
  File "C:\Users\rocyz\AppData\Local\Programs\Python\Python312\Lib\tempfile.py", line 277, in _dont_follow_symlinks
    func(path, *args)
PermissionError: [WinError 5] 拒绝访问。: 'C:\\Users\\rocyz\\Desktop\\量子算法组合优化tsp\\协作\\PR1_CLOSEOUT_20260921T222713Z\\test_temporary\\tmpvw5dm4jq'

======================================================================
ERROR: test_smoke_batch_is_reproducible_and_complete (test_smoke_pipeline.SmokeBatchTests.test_smoke_batch_is_reproducible_and_complete)
----------------------------------------------------------------------
Traceback (most recent call last):
  File "C:\Users\rocyz\Desktop\量子算法组合优化tsp\协作\PR1_CLOSEOUT_20260921T222713Z\assembled\tests\test_smoke_pipeline.py", line 244, in test_smoke_batch_is_reproducible_and_complete
    first_audit = run_smoke_batch(
                  ^^^^^^^^^^^^^^^^
  File "C:\Users\rocyz\Desktop\量子算法组合优化tsp\协作\PR1_CLOSEOUT_20260921T222713Z\assembled\urss_pipeline\smoke.py", line 65, in run_smoke_batch
    _require_empty_output(output_directory)
  File "C:\Users\rocyz\Desktop\量子算法组合优化tsp\协作\PR1_CLOSEOUT_20260921T222713Z\assembled\urss_pipeline\smoke.py", line 48, in _require_empty_output
    if output_directory.exists() and any(output_directory.iterdir()):
                                     ^^^^^^^^^^^^^^^^^^^^^^^^^^^^^^^
  File "C:\Users\rocyz\AppData\Local\Programs\Python\Python312\Lib\pathlib.py", line 1056, in iterdir
    for name in os.listdir(self):
                ^^^^^^^^^^^^^^^^
PermissionError: [WinError 5] 拒绝访问。: 'C:\\Users\\rocyz\\Desktop\\量子算法组合优化tsp\\协作\\PR1_CLOSEOUT_20260921T222713Z\\test_temporary\\tmpifime9ue'

During handling of the above exception, another exception occurred:

Traceback (most recent call last):
  File "<frozen os>", line 366, in walk
PermissionError: [WinError 5] 拒绝访问。: 'C:\\Users\\rocyz\\Desktop\\量子算法组合优化tsp\\协作\\PR1_CLOSEOUT_20260921T222713Z\\test_temporary\\tmp2_j7zugv'

During handling of the above exception, another exception occurred:

Traceback (most recent call last):
  File "C:\Users\rocyz\Desktop\量子算法组合优化tsp\协作\PR1_CLOSEOUT_20260921T222713Z\assembled\tests\test_smoke_pipeline.py", line 243, in test_smoke_batch_is_reproducible_and_complete
    with tempfile.TemporaryDirectory() as first, tempfile.TemporaryDirectory() as second:
                                                 ^^^^^^^^^^^^^^^^^^^^^^^^^^^^^
  File "C:\Users\rocyz\AppData\Local\Programs\Python\Python312\Lib\tempfile.py", line 950, in __exit__
    self.cleanup()
  File "C:\Users\rocyz\AppData\Local\Programs\Python\Python312\Lib\tempfile.py", line 954, in cleanup
    self._rmtree(self.name, ignore_errors=self._ignore_cleanup_errors)
  File "C:\Users\rocyz\AppData\Local\Programs\Python\Python312\Lib\tempfile.py", line 934, in _rmtree
    _shutil.rmtree(name, onexc=onexc)
  File "C:\Users\rocyz\AppData\Local\Programs\Python\Python312\Lib\shutil.py", line 781, in rmtree
    return _rmtree_unsafe(path, onexc)
           ^^^^^^^^^^^^^^^^^^^^^^^^^^^
  File "C:\Users\rocyz\AppData\Local\Programs\Python\Python312\Lib\shutil.py", line 623, in _rmtree_unsafe
    for dirpath, dirnames, filenames in results:
                                        ^^^^^^^
  File "<frozen os>", line 369, in walk
  File "C:\Users\rocyz\AppData\Local\Programs\Python\Python312\Lib\shutil.py", line 621, in onerror
    onexc(os.scandir, err.filename, err)
  File "C:\Users\rocyz\AppData\Local\Programs\Python\Python312\Lib\tempfile.py", line 906, in onexc
    _resetperms(path)
  File "C:\Users\rocyz\AppData\Local\Programs\Python\Python312\Lib\tempfile.py", line 286, in _resetperms
    _dont_follow_symlinks(_os.chmod, path, 0o700)
  File "C:\Users\rocyz\AppData\Local\Programs\Python\Python312\Lib\tempfile.py", line 277, in _dont_follow_symlinks
    func(path, *args)
PermissionError: [WinError 5] 拒绝访问。: 'C:\\Users\\rocyz\\Desktop\\量子算法组合优化tsp\\协作\\PR1_CLOSEOUT_20260921T222713Z\\test_temporary\\tmp2_j7zugv'

During handling of the above exception, another exception occurred:

Traceback (most recent call last):
  File "<frozen os>", line 366, in walk
PermissionError: [WinError 5] 拒绝访问。: 'C:\\Users\\rocyz\\Desktop\\量子算法组合优化tsp\\协作\\PR1_CLOSEOUT_20260921T222713Z\\test_temporary\\tmpifime9ue'

During handling of the above exception, another exception occurred:

Traceback (most recent call last):
  File "C:\Users\rocyz\Desktop\量子算法组合优化tsp\协作\PR1_CLOSEOUT_20260921T222713Z\assembled\tests\test_smoke_pipeline.py", line 243, in test_smoke_batch_is_reproducible_and_complete
    with tempfile.TemporaryDirectory() as first, tempfile.TemporaryDirectory() as second:
         ^^^^^^^^^^^^^^^^^^^^^^^^^^^^^
  File "C:\Users\rocyz\AppData\Local\Programs\Python\Python312\Lib\tempfile.py", line 950, in __exit__
    self.cleanup()
  File "C:\Users\rocyz\AppData\Local\Programs\Python\Python312\Lib\tempfile.py", line 954, in cleanup
    self._rmtree(self.name, ignore_errors=self._ignore_cleanup_errors)
  File "C:\Users\rocyz\AppData\Local\Programs\Python\Python312\Lib\tempfile.py", line 934, in _rmtree
    _shutil.rmtree(name, onexc=onexc)
  File "C:\Users\rocyz\AppData\Local\Programs\Python\Python312\Lib\shutil.py", line 781, in rmtree
    return _rmtree_unsafe(path, onexc)
           ^^^^^^^^^^^^^^^^^^^^^^^^^^^
  File "C:\Users\rocyz\AppData\Local\Programs\Python\Python312\Lib\shutil.py", line 623, in _rmtree_unsafe
    for dirpath, dirnames, filenames in results:
                                        ^^^^^^^
  File "<frozen os>", line 369, in walk
  File "C:\Users\rocyz\AppData\Local\Programs\Python\Python312\Lib\shutil.py", line 621, in onerror
    onexc(os.scandir, err.filename, err)
  File "C:\Users\rocyz\AppData\Local\Programs\Python\Python312\Lib\tempfile.py", line 906, in onexc
    _resetperms(path)
  File "C:\Users\rocyz\AppData\Local\Programs\Python\Python312\Lib\tempfile.py", line 286, in _resetperms
    _dont_follow_symlinks(_os.chmod, path, 0o700)
  File "C:\Users\rocyz\AppData\Local\Programs\Python\Python312\Lib\tempfile.py", line 277, in _dont_follow_symlinks
    func(path, *args)
PermissionError: [WinError 5] 拒绝访问。: 'C:\\Users\\rocyz\\Desktop\\量子算法组合优化tsp\\协作\\PR1_CLOSEOUT_20260921T222713Z\\test_temporary\\tmpifime9ue'

======================================================================
ERROR: test_fails_if_draft_blocker_list_changed (test_step1_freeze.Step1FreezeTests.test_fails_if_draft_blocker_list_changed)
----------------------------------------------------------------------
Traceback (most recent call last):
  File "C:\Users\rocyz\Desktop\量子算法组合优化tsp\协作\PR1_CLOSEOUT_20260921T222713Z\assembled\tests\test_step1_freeze.py", line 242, in test_fails_if_draft_blocker_list_changed
    self._run(root, draft, _create_evidence(root))
                           ^^^^^^^^^^^^^^^^^^^^^^
  File "C:\Users\rocyz\Desktop\量子算法组合优化tsp\协作\PR1_CLOSEOUT_20260921T222713Z\assembled\tests\test_step1_freeze.py", line 105, in _create_evidence
    evidence.mkdir(parents=True)
  File "C:\Users\rocyz\AppData\Local\Programs\Python\Python312\Lib\pathlib.py", line 1311, in mkdir
    os.mkdir(self, mode)
PermissionError: [WinError 5] 拒绝访问。: 'C:\\Users\\rocyz\\Desktop\\量子算法组合优化tsp\\协作\\PR1_CLOSEOUT_20260921T222713Z\\test_temporary\\tmpzti0_hsm\\pilot'

During handling of the above exception, another exception occurred:

Traceback (most recent call last):
  File "<frozen os>", line 366, in walk
PermissionError: [WinError 5] 拒绝访问。: 'C:\\Users\\rocyz\\Desktop\\量子算法组合优化tsp\\协作\\PR1_CLOSEOUT_20260921T222713Z\\test_temporary\\tmpzti0_hsm'

During handling of the above exception, another exception occurred:

Traceback (most recent call last):
  File "C:\Users\rocyz\Desktop\量子算法组合优化tsp\协作\PR1_CLOSEOUT_20260921T222713Z\assembled\tests\test_step1_freeze.py", line 237, in test_fails_if_draft_blocker_list_changed
    with tempfile.TemporaryDirectory() as directory:
         ^^^^^^^^^^^^^^^^^^^^^^^^^^^^^
  File "C:\Users\rocyz\AppData\Local\Programs\Python\Python312\Lib\tempfile.py", line 950, in __exit__
    self.cleanup()
  File "C:\Users\rocyz\AppData\Local\Programs\Python\Python312\Lib\tempfile.py", line 954, in cleanup
    self._rmtree(self.name, ignore_errors=self._ignore_cleanup_errors)
  File "C:\Users\rocyz\AppData\Local\Programs\Python\Python312\Lib\tempfile.py", line 934, in _rmtree
    _shutil.rmtree(name, onexc=onexc)
  File "C:\Users\rocyz\AppData\Local\Programs\Python\Python312\Lib\shutil.py", line 781, in rmtree
    return _rmtree_unsafe(path, onexc)
           ^^^^^^^^^^^^^^^^^^^^^^^^^^^
  File "C:\Users\rocyz\AppData\Local\Programs\Python\Python312\Lib\shutil.py", line 623, in _rmtree_unsafe
    for dirpath, dirnames, filenames in results:
                                        ^^^^^^^
  File "<frozen os>", line 369, in walk
  File "C:\Users\rocyz\AppData\Local\Programs\Python\Python312\Lib\shutil.py", line 621, in onerror
    onexc(os.scandir, err.filename, err)
  File "C:\Users\rocyz\AppData\Local\Programs\Python\Python312\Lib\tempfile.py", line 906, in onexc
    _resetperms(path)
  File "C:\Users\rocyz\AppData\Local\Programs\Python\Python312\Lib\tempfile.py", line 286, in _resetperms
    _dont_follow_symlinks(_os.chmod, path, 0o700)
  File "C:\Users\rocyz\AppData\Local\Programs\Python\Python312\Lib\tempfile.py", line 277, in _dont_follow_symlinks
    func(path, *args)
PermissionError: [WinError 5] 拒绝访问。: 'C:\\Users\\rocyz\\Desktop\\量子算法组合优化tsp\\协作\\PR1_CLOSEOUT_20260921T222713Z\\test_temporary\\tmpzti0_hsm'

======================================================================
ERROR: test_fails_if_qmax_probe_did_not_pass (test_step1_freeze.Step1FreezeTests.test_fails_if_qmax_probe_did_not_pass)
----------------------------------------------------------------------
Traceback (most recent call last):
  File "C:\Users\rocyz\Desktop\量子算法组合优化tsp\协作\PR1_CLOSEOUT_20260921T222713Z\assembled\tests\test_step1_freeze.py", line 233, in test_fails_if_qmax_probe_did_not_pass
    _create_evidence(root, qmax_status="fail"),
    ^^^^^^^^^^^^^^^^^^^^^^^^^^^^^^^^^^^^^^^^^^
  File "C:\Users\rocyz\Desktop\量子算法组合优化tsp\协作\PR1_CLOSEOUT_20260921T222713Z\assembled\tests\test_step1_freeze.py", line 105, in _create_evidence
    evidence.mkdir(parents=True)
  File "C:\Users\rocyz\AppData\Local\Programs\Python\Python312\Lib\pathlib.py", line 1311, in mkdir
    os.mkdir(self, mode)
PermissionError: [WinError 5] 拒绝访问。: 'C:\\Users\\rocyz\\Desktop\\量子算法组合优化tsp\\协作\\PR1_CLOSEOUT_20260921T222713Z\\test_temporary\\tmpim5lrqnk\\pilot'

During handling of the above exception, another exception occurred:

Traceback (most recent call last):
  File "<frozen os>", line 366, in walk
PermissionError: [WinError 5] 拒绝访问。: 'C:\\Users\\rocyz\\Desktop\\量子算法组合优化tsp\\协作\\PR1_CLOSEOUT_20260921T222713Z\\test_temporary\\tmpim5lrqnk'

During handling of the above exception, another exception occurred:

Traceback (most recent call last):
  File "C:\Users\rocyz\Desktop\量子算法组合优化tsp\协作\PR1_CLOSEOUT_20260921T222713Z\assembled\tests\test_step1_freeze.py", line 227, in test_fails_if_qmax_probe_did_not_pass
    with tempfile.TemporaryDirectory() as directory:
         ^^^^^^^^^^^^^^^^^^^^^^^^^^^^^
  File "C:\Users\rocyz\AppData\Local\Programs\Python\Python312\Lib\tempfile.py", line 950, in __exit__
    self.cleanup()
  File "C:\Users\rocyz\AppData\Local\Programs\Python\Python312\Lib\tempfile.py", line 954, in cleanup
    self._rmtree(self.name, ignore_errors=self._ignore_cleanup_errors)
  File "C:\Users\rocyz\AppData\Local\Programs\Python\Python312\Lib\tempfile.py", line 934, in _rmtree
    _shutil.rmtree(name, onexc=onexc)
  File "C:\Users\rocyz\AppData\Local\Programs\Python\Python312\Lib\shutil.py", line 781, in rmtree
    return _rmtree_unsafe(path, onexc)
           ^^^^^^^^^^^^^^^^^^^^^^^^^^^
  File "C:\Users\rocyz\AppData\Local\Programs\Python\Python312\Lib\shutil.py", line 623, in _rmtree_unsafe
    for dirpath, dirnames, filenames in results:
                                        ^^^^^^^
  File "<frozen os>", line 369, in walk
  File "C:\Users\rocyz\AppData\Local\Programs\Python\Python312\Lib\shutil.py", line 621, in onerror
    onexc(os.scandir, err.filename, err)
  File "C:\Users\rocyz\AppData\Local\Programs\Python\Python312\Lib\tempfile.py", line 906, in onexc
    _resetperms(path)
  File "C:\Users\rocyz\AppData\Local\Programs\Python\Python312\Lib\tempfile.py", line 286, in _resetperms
    _dont_follow_symlinks(_os.chmod, path, 0o700)
  File "C:\Users\rocyz\AppData\Local\Programs\Python\Python312\Lib\tempfile.py", line 277, in _dont_follow_symlinks
    func(path, *args)
PermissionError: [WinError 5] 拒绝访问。: 'C:\\Users\\rocyz\\Desktop\\量子算法组合优化tsp\\协作\\PR1_CLOSEOUT_20260921T222713Z\\test_temporary\\tmpim5lrqnk'

======================================================================
ERROR: test_pass_creates_zero_blocker_config_and_matching_hash (test_step1_freeze.Step1FreezeTests.test_pass_creates_zero_blocker_config_and_matching_hash)
----------------------------------------------------------------------
Traceback (most recent call last):
  File "C:\Users\rocyz\Desktop\量子算法组合优化tsp\协作\PR1_CLOSEOUT_20260921T222713Z\assembled\tests\test_step1_freeze.py", line 192, in test_pass_creates_zero_blocker_config_and_matching_hash
    audit = self._run(root, _draft_config(), _create_evidence(root))
                                             ^^^^^^^^^^^^^^^^^^^^^^
  File "C:\Users\rocyz\Desktop\量子算法组合优化tsp\协作\PR1_CLOSEOUT_20260921T222713Z\assembled\tests\test_step1_freeze.py", line 105, in _create_evidence
    evidence.mkdir(parents=True)
  File "C:\Users\rocyz\AppData\Local\Programs\Python\Python312\Lib\pathlib.py", line 1311, in mkdir
    os.mkdir(self, mode)
PermissionError: [WinError 5] 拒绝访问。: 'C:\\Users\\rocyz\\Desktop\\量子算法组合优化tsp\\协作\\PR1_CLOSEOUT_20260921T222713Z\\test_temporary\\tmprwjt7psj\\pilot'

During handling of the above exception, another exception occurred:

Traceback (most recent call last):
  File "<frozen os>", line 366, in walk
PermissionError: [WinError 5] 拒绝访问。: 'C:\\Users\\rocyz\\Desktop\\量子算法组合优化tsp\\协作\\PR1_CLOSEOUT_20260921T222713Z\\test_temporary\\tmprwjt7psj'

During handling of the above exception, another exception occurred:

Traceback (most recent call last):
  File "C:\Users\rocyz\Desktop\量子算法组合优化tsp\协作\PR1_CLOSEOUT_20260921T222713Z\assembled\tests\test_step1_freeze.py", line 190, in test_pass_creates_zero_blocker_config_and_matching_hash
    with tempfile.TemporaryDirectory() as directory:
         ^^^^^^^^^^^^^^^^^^^^^^^^^^^^^
  File "C:\Users\rocyz\AppData\Local\Programs\Python\Python312\Lib\tempfile.py", line 950, in __exit__
    self.cleanup()
  File "C:\Users\rocyz\AppData\Local\Programs\Python\Python312\Lib\tempfile.py", line 954, in cleanup
    self._rmtree(self.name, ignore_errors=self._ignore_cleanup_errors)
  File "C:\Users\rocyz\AppData\Local\Programs\Python\Python312\Lib\tempfile.py", line 934, in _rmtree
    _shutil.rmtree(name, onexc=onexc)
  File "C:\Users\rocyz\AppData\Local\Programs\Python\Python312\Lib\shutil.py", line 781, in rmtree
    return _rmtree_unsafe(path, onexc)
           ^^^^^^^^^^^^^^^^^^^^^^^^^^^
  File "C:\Users\rocyz\AppData\Local\Programs\Python\Python312\Lib\shutil.py", line 623, in _rmtree_unsafe
    for dirpath, dirnames, filenames in results:
                                        ^^^^^^^
  File "<frozen os>", line 369, in walk
  File "C:\Users\rocyz\AppData\Local\Programs\Python\Python312\Lib\shutil.py", line 621, in onerror
    onexc(os.scandir, err.filename, err)
  File "C:\Users\rocyz\AppData\Local\Programs\Python\Python312\Lib\tempfile.py", line 906, in onexc
    _resetperms(path)
  File "C:\Users\rocyz\AppData\Local\Programs\Python\Python312\Lib\tempfile.py", line 286, in _resetperms
    _dont_follow_symlinks(_os.chmod, path, 0o700)
  File "C:\Users\rocyz\AppData\Local\Programs\Python\Python312\Lib\tempfile.py", line 277, in _dont_follow_symlinks
    func(path, *args)
PermissionError: [WinError 5] 拒绝访问。: 'C:\\Users\\rocyz\\Desktop\\量子算法组合优化tsp\\协作\\PR1_CLOSEOUT_20260921T222713Z\\test_temporary\\tmprwjt7psj'

======================================================================
ERROR: test_refuses_to_overwrite_formal_config (test_step1_freeze.Step1FreezeTests.test_refuses_to_overwrite_formal_config)
----------------------------------------------------------------------
Traceback (most recent call last):
  File "C:\Users\rocyz\Desktop\量子算法组合优化tsp\协作\PR1_CLOSEOUT_20260921T222713Z\assembled\tests\test_step1_freeze.py", line 248, in test_refuses_to_overwrite_formal_config
    target.parent.mkdir(parents=True)
  File "C:\Users\rocyz\AppData\Local\Programs\Python\Python312\Lib\pathlib.py", line 1311, in mkdir
    os.mkdir(self, mode)
PermissionError: [WinError 5] 拒绝访问。: 'C:\\Users\\rocyz\\Desktop\\量子算法组合优化tsp\\协作\\PR1_CLOSEOUT_20260921T222713Z\\test_temporary\\tmpg6e52037\\configs'

During handling of the above exception, another exception occurred:

Traceback (most recent call last):
  File "<frozen os>", line 366, in walk
PermissionError: [WinError 5] 拒绝访问。: 'C:\\Users\\rocyz\\Desktop\\量子算法组合优化tsp\\协作\\PR1_CLOSEOUT_20260921T222713Z\\test_temporary\\tmpg6e52037'

During handling of the above exception, another exception occurred:

Traceback (most recent call last):
  File "C:\Users\rocyz\Desktop\量子算法组合优化tsp\协作\PR1_CLOSEOUT_20260921T222713Z\assembled\tests\test_step1_freeze.py", line 245, in test_refuses_to_overwrite_formal_config
    with tempfile.TemporaryDirectory() as directory:
         ^^^^^^^^^^^^^^^^^^^^^^^^^^^^^
  File "C:\Users\rocyz\AppData\Local\Programs\Python\Python312\Lib\tempfile.py", line 950, in __exit__
    self.cleanup()
  File "C:\Users\rocyz\AppData\Local\Programs\Python\Python312\Lib\tempfile.py", line 954, in cleanup
    self._rmtree(self.name, ignore_errors=self._ignore_cleanup_errors)
  File "C:\Users\rocyz\AppData\Local\Programs\Python\Python312\Lib\tempfile.py", line 934, in _rmtree
    _shutil.rmtree(name, onexc=onexc)
  File "C:\Users\rocyz\AppData\Local\Programs\Python\Python312\Lib\shutil.py", line 781, in rmtree
    return _rmtree_unsafe(path, onexc)
           ^^^^^^^^^^^^^^^^^^^^^^^^^^^
  File "C:\Users\rocyz\AppData\Local\Programs\Python\Python312\Lib\shutil.py", line 623, in _rmtree_unsafe
    for dirpath, dirnames, filenames in results:
                                        ^^^^^^^
  File "<frozen os>", line 369, in walk
  File "C:\Users\rocyz\AppData\Local\Programs\Python\Python312\Lib\shutil.py", line 621, in onerror
    onexc(os.scandir, err.filename, err)
  File "C:\Users\rocyz\AppData\Local\Programs\Python\Python312\Lib\tempfile.py", line 906, in onexc
    _resetperms(path)
  File "C:\Users\rocyz\AppData\Local\Programs\Python\Python312\Lib\tempfile.py", line 286, in _resetperms
    _dont_follow_symlinks(_os.chmod, path, 0o700)
  File "C:\Users\rocyz\AppData\Local\Programs\Python\Python312\Lib\tempfile.py", line 277, in _dont_follow_symlinks
    func(path, *args)
PermissionError: [WinError 5] 拒绝访问。: 'C:\\Users\\rocyz\\Desktop\\量子算法组合优化tsp\\协作\\PR1_CLOSEOUT_20260921T222713Z\\test_temporary\\tmpg6e52037'

----------------------------------------------------------------------
Ran 193 tests in 29.700s

FAILED (errors=32)
