study,family,instance_id,representation,budget_key,policy,random_rep_seed,p,restart_count,original_objective_mean,encoded_energy_mean,optimum_hit_rate,auxiliary_inconsistency_rate,statevector_norm
targeted,cubic_spin_glass,inst_501f35a009a21e9de0aa7d7e1152c81055124638309d34e6deea1da6e535c2cd,selective,equal_layer_p1,cold,,1,3,-1.897393662551364,10.85582540301582,0.005159995406214754,0.7839083914728842,1.0000000000000007
targeted,cubic_spin_glass,inst_501f35a009a21e9de0aa7d7e1152c81055124638309d34e6deea1da6e535c2cd,selective,equal_layer_p1,original_only,,1,3,-1.0421517970197784,11.454459758875695,0.003907992920860237,0.7787765045174303,1.0000000000000009
targeted,cubic_spin_glass,inst_501f35a009a21e9de0aa7d7e1152c81055124638309d34e6deea1da6e535c2cd,selective,equal_layer_p1,pair,,1,3,-1.7042174742472962,8.730958975440421,0.006470862890915222,0.7300786286244234,0.9999999999999992
targeted,cubic_spin_glass,inst_501f35a009a21e9de0aa7d7e1152c81055124638309d34e6deea1da6e535c2cd,selective,equal_layer_p1,independence,,1,3,-1.4485402863929064,10.526370906924003,0.005520113199534197,0.7262649374220951,1.0000000000000007
targeted,cubic_spin_glass,inst_501f35a009a21e9de0aa7d7e1152c81055124638309d34e6deea1da6e535c2cd,selective,equal_layer_p2,cold,,2,3,-3.2504871130981603,10.539175845513466,0.010516340304414099,0.7474534163252554,0.9999999999999994
targeted,cubic_spin_glass,inst_501f35a009a21e9de0aa7d7e1152c81055124638309d34e6deea1da6e535c2cd,selective,equal_layer_p2,original_only,,2,3,-2.1883376138081805,10.767359948971794,0.005350338265005596,0.7487920805505747,1.0000000000000016
targeted,cubic_spin_glass,inst_501f35a009a21e9de0aa7d7e1152c81055124638309d34e6deea1da6e535c2cd,selective,equal_layer_p2,pair,,2,3,-2.618943506015814,9.307530099947945,0.006620377669589988,0.7197041891319588,1.000000000000001
targeted,cubic_spin_glass,inst_501f35a009a21e9de0aa7d7e1152c81055124638309d34e6deea1da6e535c2cd,selective,equal_layer_p2,independence,,2,3,-1.6473531350748922,10.590542731448261,0.005101667514680853,0.7222335712671111,1.0000000000000004
targeted,cubic_spin_glass,inst_e0163519284b54b5ea0e26c30d2408f3a25eb7580d9ac53d9b4943d02c2b0176,selective,equal_layer_p1,cold,,1,3,-0.3794963849196926,55.388883323712186,0.030421050374840972,0.9685416585389851,0.9999999999999999
targeted,cubic_spin_glass,inst_e0163519284b54b5ea0e26c30d2408f3a25eb7580d9ac53d9b4943d02c2b0176,selective,equal_layer_p1,original_only,,1,3,-0.45319951394697694,47.10698217206425,0.04113750592583973,0.9800786187722772,1.0000000000000004
targeted,cubic_spin_glass,inst_e0163519284b54b5ea0e26c30d2408f3a25eb7580d9ac53d9b4943d02c2b0176,selective,equal_layer_p1,pair,,1,3,-0.4428621364768231,39.66001544428902,0.03305671350475301,0.9562794854678573,0.9999999999999996
targeted,cubic_spin_glass,inst_e0163519284b54b5ea0e26c30d2408f3a25eb7580d9ac53d9b4943d02c2b0176,selective,equal_layer_p1,independence,,1,3,-0.4808934387792103,49.21054588226591,0.041718154576292514,0.9769069619388446,0.9999999999999994
targeted,cubic_spin_glass,inst_e0163519284b54b5ea0e26c30d2408f3a25eb7580d9ac53d9b4943d02c2b0176,selective,equal_layer_p2,cold,,2,3,-0.5777490457780278,46.96632909051842,0.03986028559639424,0.9568893790896055,1.0000000000000002
targeted,cubic_spin_glass,inst_e0163519284b54b5ea0e26c30d2408f3a25eb7580d9ac53d9b4943d02c2b0176,selective,equal_layer_p2,original_only,,2,3,-0.3810071671121779,51.05154925692289,0.025548683433083794,0.9678188681224519,0.9999999999999997
targeted,cubic_spin_glass,inst_e0163519284b54b5ea0e26c30d2408f3a25eb7580d9ac53d9b4943d02c2b0176,selective,equal_layer_p2,pair,,2,3,-0.4823739779345206,44.76968780772652,0.029682259242696993,0.9583521380434705,1.0
targeted,cubic_spin_glass,inst_e0163519284b54b5ea0e26c30d2408f3a25eb7580d9ac53d9b4943d02c2b0176,selective,equal_layer_p2,independence,,2,3,-0.4025286347647556,43.479480950647066,0.039150883747282844,0.950820720154459,1.0000000000000002
targeted,cubic_spin_glass,inst_d796bb2832a607ab9991e780ba6ba381959a114de52b1fc6e98f6f0c5ae5ed90,selective,equal_layer_p1,cold,,1,3,-2.056491488132067,51.46358290252653,0.008364430034694458,0.9536221619435691,0.9999999999999994
targeted,cubic_spin_glass,inst_d796bb2832a607ab9991e780ba6ba381959a114de52b1fc6e98f6f0c5ae5ed90,selective,equal_layer_p1,original_only,,1,3,-2.2578217016379005,43.99997492921546,0.002489876318492587,0.9374435904051287,1.0000000000000007
targeted,cubic_spin_glass,inst_d796bb2832a607ab9991e780ba6ba381959a114de52b1fc6e98f6f0c5ae5ed90,selective,equal_layer_p1,pair,,1,3,-2.6839188577504696,35.16521442436974,0.0034573708096696416,0.8930691740143345,1.0000000000000007
targeted,cubic_spin_glass,inst_d796bb2832a607ab9991e780ba6ba381959a114de52b1fc6e98f6f0c5ae5ed90,selective,equal_layer_p1,independence,,1,3,-1.9429407225401594,31.725718666218963,0.002865959684900291,0.8684714693507337,1.0
targeted,cubic_spin_glass,inst_d796bb2832a607ab9991e780ba6ba381959a114de52b1fc6e98f6f0c5ae5ed90,selective,equal_layer_p2,cold,,2,3,-0.859982041760165,41.39789732461467,0.006165109850534684,0.9473385717612239,0.9999999999999999
targeted,cubic_spin_glass,inst_d796bb2832a607ab9991e780ba6ba381959a114de52b1fc6e98f6f0c5ae5ed90,selective,equal_layer_p2,original_only,,2,3,-1.0601693383580513,48.57470820959842,0.004869921531572397,0.96270977373046,1.0000000000000009
targeted,cubic_spin_glass,inst_d796bb2832a607ab9991e780ba6ba381959a114de52b1fc6e98f6f0c5ae5ed90,selective,equal_layer_p2,pair,,2,3,-0.5679002307826391,57.90851576711878,0.0084356026101048,0.9683748891816076,1.0
targeted,cubic_spin_glass,inst_d796bb2832a607ab9991e780ba6ba381959a114de52b1fc6e98f6f0c5ae5ed90,selective,equal_layer_p2,independence,,2,3,-1.1596528630236214,49.40706986186907,0.0078599871372535,0.9622654566106147,1.000000000000001
targeted,cubic_spin_glass,inst_8024dbda0f7de5189254ad4ee6feb8e22263710e6c27cea27e3a1f561e3dbd08,selective,equal_layer_p1,cold,,1,3,-0.3346233503142065,44.303871113909786,0.03492145488597551,0.9189873162638292,1.0000000000000009
targeted,cubic_spin_glass,inst_8024dbda0f7de5189254ad4ee6feb8e22263710e6c27cea27e3a1f561e3dbd08,selective,equal_layer_p1,original_only,,1,3,-0.27280887572313717,48.81751221355048,0.022468448457963957,0.9498547472120209,1.0000000000000004
targeted,cubic_spin_glass,inst_8024dbda0f7de5189254ad4ee6feb8e22263710e6c27cea27e3a1f561e3dbd08,selective,equal_layer_p1,pair,,1,3,-0.6785332387109447,50.16515927489801,0.026152202905669834,0.9495468659650358,0.999999999999999
targeted,cubic_spin_glass,inst_8024dbda0f7de5189254ad4ee6feb8e22263710e6c27cea27e3a1f561e3dbd08,selective,equal_layer_p1,independence,,1,3,-0.62404974303944,58.793223114177316,0.027198350019789635,0.9672603010120566,0.9999999999999994
targeted,cubic_spin_glass,inst_8024dbda0f7de5189254ad4ee6feb8e22263710e6c27cea27e3a1f561e3dbd08,selective,equal_layer_p2,cold,,2,3,-0.34761888876812086,43.33545075046688,0.0375315532126388,0.8916603377082756,1.0000000000000004
targeted,cubic_spin_glass,inst_8024dbda0f7de5189254ad4ee6feb8e22263710e6c27cea27e3a1f561e3dbd08,selective,equal_layer_p2,original_only,,2,3,-0.8651708892194455,40.55065713990427,0.02673036292282886,0.908347084387029,1.0000000000000002
targeted,cubic_spin_glass,inst_8024dbda0f7de5189254ad4ee6feb8e22263710e6c27cea27e3a1f561e3dbd08,selective,equal_layer_p2,pair,,2,3,-0.42508638293974305,52.39623301734823,0.026509415328134295,0.9433675474487275,0.9999999999999979
targeted,cubic_spin_glass,inst_8024dbda0f7de5189254ad4ee6feb8e22263710e6c27cea27e3a1f561e3dbd08,selective,equal_layer_p2,independence,,2,3,-0.8140272863685382,46.09515699802514,0.026384969075344687,0.9254227123342883,0.9999999999999988
targeted,cubic_spin_glass,inst_6b00aee9203529edaca1fc5300e52279f8da9b67def8ab94e986d728ce8d9340,selective,equal_layer_p1,cold,,1,3,-0.5948592546093214,52.2719800284741,0.04049749883886227,0.9196547558157059,1.0
targeted,cubic_spin_glass,inst_6b00aee9203529edaca1fc5300e52279f8da9b67def8ab94e986d728ce8d9340,selective,equal_layer_p1,original_only,,1,3,-0.540187237305199,50.324433503582185,0.052611382972920784,0.940447172322696,1.0000000000000007
targeted,cubic_spin_glass,inst_6b00aee9203529edaca1fc5300e52279f8da9b67def8ab94e986d728ce8d9340,selective,equal_layer_p1,pair,,1,3,-0.5500923561812656,52.99421773589476,0.04138535652523246,0.9567576329038419,0.9999999999999994
targeted,cubic_spin_glass,inst_6b00aee9203529edaca1fc5300e52279f8da9b67def8ab94e986d728ce8d9340,selective,equal_layer_p1,independence,,1,3,-1.05509776332262,40.895630703582704,0.09697463480288576,0.8733475076727503,1.0000000000000007
targeted,cubic_spin_glass,inst_6b00aee9203529edaca1fc5300e52279f8da9b67def8ab94e986d728ce8d9340,selective,equal_layer_p2,cold,,2,3,-0.6985618143761397,61.13496942035878,0.09005745435147029,0.9662728450289705,1.0000000000000002
targeted,cubic_spin_glass,inst_6b00aee9203529edaca1fc5300e52279f8da9b67def8ab94e986d728ce8d9340,selective,equal_layer_p2,original_only,,2,3,-0.7664392224084091,40.75149449406206,0.096895537506117,0.8952946420591115,1.0
targeted,cubic_spin_glass,inst_6b00aee9203529edaca1fc5300e52279f8da9b67def8ab94e986d728ce8d9340,selective,equal_layer_p2,pair,,2,3,-0.7933727056994747,66.65182526859802,0.07685637367481314,0.9739954950396132,0.9999999999999997
targeted,cubic_spin_glass,inst_6b00aee9203529edaca1fc5300e52279f8da9b67def8ab94e986d728ce8d9340,selective,equal_layer_p2,independence,,2,3,-0.5903061005350422,44.784412938274095,0.06015818232926722,0.8742189374027972,1.0000000000000002
targeted,cubic_spin_glass,inst_3141412d947d22c843612dbff6441869a4d5ca25f958eaa4f28e48162ee11b82,selective,equal_layer_p1,cold,,1,3,-0.4971163878676088,48.562060831771674,0.02797698019599425,0.9518385046113788,0.9999999999999996
targeted,cubic_spin_glass,inst_3141412d947d22c843612dbff6441869a4d5ca25f958eaa4f28e48162ee11b82,selective,equal_layer_p1,original_only,,1,3,-0.6066419945779642,40.994101205948915,0.0701974074374774,0.9618310927590749,1.0000000000000002
targeted,cubic_spin_glass,inst_3141412d947d22c843612dbff6441869a4d5ca25f958eaa4f28e48162ee11b82,selective,equal_layer_p1,pair,,1,3,-0.6946358020796124,47.00350418676353,0.052724185043907544,0.9664005664355283,0.9999999999999997
targeted,cubic_spin_glass,inst_3141412d947d22c843612dbff6441869a4d5ca25f958eaa4f28e48162ee11b82,selective,equal_layer_p1,independence,,1,3,-0.6660476349413594,42.98694464309637,0.0731983483255363,0.9710830128341695,1.0000000000000002
targeted,cubic_spin_glass,inst_3141412d947d22c843612dbff6441869a4d5ca25f958eaa4f28e48162ee11b82,selective,equal_layer_p2,cold,,2,3,-0.9271222588914497,49.52618156262247,0.06768731384297862,0.9595051333051859,0.9999999999999997
targeted,cubic_spin_glass,inst_3141412d947d22c843612dbff6441869a4d5ca25f958eaa4f28e48162ee11b82,selective,equal_layer_p2,original_only,,2,3,-0.49911456333971177,41.06569227314096,0.04851076779691304,0.9100026649660395,1.0000000000000002
targeted,cubic_spin_glass,inst_3141412d947d22c843612dbff6441869a4d5ca25f958eaa4f28e48162ee11b82,selective,equal_layer_p2,pair,,2,3,-0.8877592144457775,44.12739346579553,0.09749153785532948,0.9502777814396479,0.9999999999999999
targeted,cubic_spin_glass,inst_3141412d947d22c843612dbff6441869a4d5ca25f958eaa4f28e48162ee11b82,selective,equal_layer_p2,independence,,2,3,-0.8493571282663931,42.239749429715744,0.09008739880407056,0.9445900560396053,1.0000000000000007
targeted,cubic_spin_glass,inst_616468a632899d8b508be320cd7145d18205825cf6b865b159f24a2b19562761,selective,equal_layer_p1,cold,,1,3,-1.7695929934184564,33.75900705231596,0.04053496493452943,0.9101672573451688,1.0
targeted,cubic_spin_glass,inst_616468a632899d8b508be320cd7145d18205825cf6b865b159f24a2b19562761,selective,equal_layer_p1,original_only,,1,3,-1.3339159158125955,26.468873466317422,0.01864274725452416,0.9087722189636606,1.000000000000001
targeted,cubic_spin_glass,inst_616468a632899d8b508be320cd7145d18205825cf6b865b159f24a2b19562761,selective,equal_layer_p1,pair,,1,3,-0.9239925282832485,28.659760077171402,0.017104178191868102,0.841216015826645,0.9999999999999997
targeted,cubic_spin_glass,inst_616468a632899d8b508be320cd7145d18205825cf6b865b159f24a2b19562761,selective,equal_layer_p1,independence,,1,3,-0.7932421662655499,32.87395827432723,0.004589201803253755,0.8836475389933699,1.0000000000000007
targeted,cubic_spin_glass,inst_616468a632899d8b508be320cd7145d18205825cf6b865b159f24a2b19562761,selective,equal_layer_p2,cold,,2,3,-1.110581032324249,32.543767792798995,0.02165085928371041,0.8904497264289425,1.0000000000000002
targeted,cubic_spin_glass,inst_616468a632899d8b508be320cd7145d18205825cf6b865b159f24a2b19562761,selective,equal_layer_p2,original_only,,2,3,-0.6024123343463662,28.236435876173,0.02008133316492963,0.8808733488444994,0.9999999999999997
targeted,cubic_spin_glass,inst_616468a632899d8b508be320cd7145d18205825cf6b865b159f24a2b19562761,selective,equal_layer_p2,pair,,2,3,-0.8217417351834633,38.705437505533645,0.0228902851023773,0.9156208783118857,1.0
targeted,cubic_spin_glass,inst_616468a632899d8b508be320cd7145d18205825cf6b865b159f24a2b19562761,selective,equal_layer_p2,independence,,2,3,-0.5642464895211541,32.70190944372843,0.021245591543112157,0.872516938433403,0.9999999999999994
targeted,cubic_spin_glass,inst_fb350fa93d05cfd38db8aaef33b2ff0edf017843a78a0e77f092cdb6f0698dd6,selective,equal_layer_p1,cold,,1,3,-1.689092295579204,43.19416450427439,0.013211520456212272,0.9312228484398761,1.0
targeted,cubic_spin_glass,inst_fb350fa93d05cfd38db8aaef33b2ff0edf017843a78a0e77f092cdb6f0698dd6,selective,equal_layer_p1,original_only,,1,3,-1.6898627086112263,43.19786052692555,0.013230408873363936,0.9312733170553266,1.0000000000000002
targeted,cubic_spin_glass,inst_fb350fa93d05cfd38db8aaef33b2ff0edf017843a78a0e77f092cdb6f0698dd6,selective,equal_layer_p1,pair,,1,3,-1.6897713601621807,43.22761017254654,0.0132116470433677,0.9313041990358931,1.0000000000000016
targeted,cubic_spin_glass,inst_fb350fa93d05cfd38db8aaef33b2ff0edf017843a78a0e77f092cdb6f0698dd6,selective,equal_layer_p1,independence,,1,3,-1.8670345693540444,27.000059559730705,0.011586516484388423,0.8278817183210201,1.0000000000000009
targeted,cubic_spin_glass,inst_fb350fa93d05cfd38db8aaef33b2ff0edf017843a78a0e77f092cdb6f0698dd6,selective,equal_layer_p2,cold,,2,3,-1.4025222143576135,43.5267607545847,0.01338711209714886,0.9392155992787607,1.0000000000000007
targeted,cubic_spin_glass,inst_fb350fa93d05cfd38db8aaef33b2ff0edf017843a78a0e77f092cdb6f0698dd6,selective,equal_layer_p2,original_only,,2,3,-1.4025222144375722,43.52676075585426,0.01338711204622419,0.9392155991768618,1.0
targeted,cubic_spin_glass,inst_fb350fa93d05cfd38db8aaef33b2ff0edf017843a78a0e77f092cdb6f0698dd6,selective,equal_layer_p2,pair,,2,3,-1.391682332245024,43.528396530609804,0.013297655893354571,0.9388264051879581,1.0000000000000007
targeted,cubic_spin_glass,inst_fb350fa93d05cfd38db8aaef33b2ff0edf017843a78a0e77f092cdb6f0698dd6,selective,equal_layer_p2,independence,,2,3,-1.5481315396411424,38.8188380939651,0.01362120788622539,0.9131603758642018,1.0000000000000002
targeted,cubic_spin_glass,inst_cff8c30e2d12596a19257084e321bb4e69e780eb53a95b806d8f137418ab50d2,selective,equal_layer_p1,cold,,1,3,-1.1788515873357996,29.66415407494685,0.03499910109943216,0.8473640036457368,0.9999999999999997
targeted,cubic_spin_glass,inst_cff8c30e2d12596a19257084e321bb4e69e780eb53a95b806d8f137418ab50d2,selective,equal_layer_p1,original_only,,1,3,-1.1785915085526606,29.630332045978594,0.034829798229737544,0.847965481706623,1.0000000000000009
targeted,cubic_spin_glass,inst_cff8c30e2d12596a19257084e321bb4e69e780eb53a95b806d8f137418ab50d2,selective,equal_layer_p1,pair,,1,3,-1.1774676061490463,29.668042158308776,0.0343294409293291,0.8483636466495689,0.9999999999999997
targeted,cubic_spin_glass,inst_cff8c30e2d12596a19257084e321bb4e69e780eb53a95b806d8f137418ab50d2,selective,equal_layer_p1,independence,,1,3,-1.6306370056897947,24.497501578010965,0.03482914595812912,0.765983412383371,1.0000000000000002
targeted,cubic_spin_glass,inst_cff8c30e2d12596a19257084e321bb4e69e780eb53a95b806d8f137418ab50d2,selective,equal_layer_p2,cold,,2,3,-1.6024540962014058,27.153596793641224,0.02750325243172273,0.8355314074227239,1.0000000000000002
targeted,cubic_spin_glass,inst_cff8c30e2d12596a19257084e321bb4e69e780eb53a95b806d8f137418ab50d2,selective,equal_layer_p2,original_only,,2,3,-1.5825924634618687,27.448142638236476,0.027497115083474428,0.8387508625572405,1.0000000000000007
targeted,cubic_spin_glass,inst_cff8c30e2d12596a19257084e321bb4e69e780eb53a95b806d8f137418ab50d2,selective,equal_layer_p2,pair,,2,3,-1.595161157346235,29.015693530384116,0.026864757600220005,0.8675128168357032,1.0000000000000002
targeted,cubic_spin_glass,inst_cff8c30e2d12596a19257084e321bb4e69e780eb53a95b806d8f137418ab50d2,selective,equal_layer_p2,independence,,2,3,-1.7104930018368776,26.66303295723471,0.03330071477694577,0.8502378919987456,1.0000000000000007
targeted,cubic_spin_glass,inst_d4a54dd8f66e823e4d6115b31c2e296559fd6c96909c930e313836d3ceddc069,selective,equal_layer_p1,cold,,1,3,-0.5251957969039204,41.718698683948126,0.12002639988020679,0.9223967313151782,0.9999999999999997
targeted,cubic_spin_glass,inst_d4a54dd8f66e823e4d6115b31c2e296559fd6c96909c930e313836d3ceddc069,selective,equal_layer_p1,original_only,,1,3,-0.4293893895750395,37.67314298282003,0.12271062495513803,0.8886073821641144,1.0
targeted,cubic_spin_glass,inst_d4a54dd8f66e823e4d6115b31c2e296559fd6c96909c930e313836d3ceddc069,selective,equal_layer_p1,pair,,1,3,-0.3492145126170853,45.42379033409231,0.11047481578044166,0.9517866096347133,0.9999999999999996
targeted,cubic_spin_glass,inst_d4a54dd8f66e823e4d6115b31c2e296559fd6c96909c930e313836d3ceddc069,selective,equal_layer_p1,independence,,1,3,-0.5854786272334469,27.065252171481944,0.13449774572468579,0.8046687841924101,0.9999999999999996
targeted,cubic_spin_glass,inst_d4a54dd8f66e823e4d6115b31c2e296559fd6c96909c930e313836d3ceddc069,selective,equal_layer_p2,cold,,2,3,-0.9772919737649556,34.84407965199413,0.13620499759544746,0.8396016073800289,0.999999999999999
targeted,cubic_spin_glass,inst_d4a54dd8f66e823e4d6115b31c2e296559fd6c96909c930e313836d3ceddc069,selective,equal_layer_p2,original_only,,2,3,-1.0557588324904452,37.1841838713756,0.1464226230604437,0.8690811302146852,0.9999999999999997
targeted,cubic_spin_glass,inst_d4a54dd8f66e823e4d6115b31c2e296559fd6c96909c930e313836d3ceddc069,selective,equal_layer_p2,pair,,2,3,-1.0172013046799948,37.49647433130349,0.14375405483310166,0.8799179492008973,0.9999999999999992
targeted,cubic_spin_glass,inst_d4a54dd8f66e823e4d6115b31c2e296559fd6c96909c930e313836d3ceddc069,selective,equal_layer_p2,independence,,2,3,-1.3006241754905308,39.54992347458869,0.17248740000870147,0.8037338019393121,0.9999999999999997
targeted,max3sat,inst_8acf65dfb511f5444497a545c9348ab5adac61686a32dab8c251d6e5405111a9,selective,equal_layer_p1,cold,,1,3,10.998573387414774,28.210888706701905,0.03498215242379165,0.7411052802948596,1.0
targeted,max3sat,inst_8acf65dfb511f5444497a545c9348ab5adac61686a32dab8c251d6e5405111a9,selective,equal_layer_p1,original_only,,1,3,2.623194092090366,17.649796360129457,0.7651712238216053,0.6420038972046654,0.9999999999999996
targeted,max3sat,inst_8acf65dfb511f5444497a545c9348ab5adac61686a32dab8c251d6e5405111a9,selective,equal_layer_p1,pair,,1,3,2.5130286835579745,4.73246983148216,0.7644708602976303,0.1122350962497829,0.9999999999999994
targeted,max3sat,inst_8acf65dfb511f5444497a545c9348ab5adac61686a32dab8c251d6e5405111a9,selective,equal_layer_p1,independence,,1,3,2.402536083028776,3.3957713984345315,0.7762095401356999,0.05606784743740049,0.9999999999999991
targeted,max3sat,inst_8acf65dfb511f5444497a545c9348ab5adac61686a32dab8c251d6e5405111a9,selective,equal_layer_p2,cold,,2,3,10.599706033133502,30.030418315811136,0.02384469811946259,0.7734481514596502,1.0000000000000002
targeted,max3sat,inst_8acf65dfb511f5444497a545c9348ab5adac61686a32dab8c251d6e5405111a9,selective,equal_layer_p2,original_only,,2,3,3.8310301128078437,21.77711627552526,0.6221566613836392,0.7731681318950837,0.999999999999999
targeted,max3sat,inst_8acf65dfb511f5444497a545c9348ab5adac61686a32dab8c251d6e5405111a9,selective,equal_layer_p2,pair,,2,3,2.0716385509269646,6.253755428142437,0.8479256418107154,0.2149797439950428,0.9999999999999991
targeted,max3sat,inst_8acf65dfb511f5444497a545c9348ab5adac61686a32dab8c251d6e5405111a9,selective,equal_layer_p2,independence,,2,3,2.2077717777086128,4.51434615219145,0.8233514104661389,0.13860637242737814,0.999999999999999
targeted,max3sat,inst_b6c93c61521e3b818e2440385fb9ff0ec367d5f95a6b4f7863bfc19009993b55,selective,equal_layer_p1,cold,,1,3,13.64229156514648,25.361221096359515,0.025381366068320893,0.7491525495593013,0.9999999999999999
targeted,max3sat,inst_b6c93c61521e3b818e2440385fb9ff0ec367d5f95a6b4f7863bfc19009993b55,selective,equal_layer_p1,original_only,,1,3,3.195636965942042,15.449992451545237,0.8137960854944598,0.7867754805231302,0.9999999999999994
targeted,max3sat,inst_b6c93c61521e3b818e2440385fb9ff0ec367d5f95a6b4f7863bfc19009993b55,selective,equal_layer_p1,pair,,1,3,3.104050938614808,5.720507910920947,0.8117146049395699,0.2423550915147972,0.9999999999999991
targeted,max3sat,inst_b6c93c61521e3b818e2440385fb9ff0ec367d5f95a6b4f7863bfc19009993b55,selective,equal_layer_p1,independence,,1,3,3.0847742972350467,6.843680158128304,0.8104671599554178,0.30460330096328586,0.9999999999999988
targeted,max3sat,inst_b6c93c61521e3b818e2440385fb9ff0ec367d5f95a6b4f7863bfc19009993b55,selective,equal_layer_p2,cold,,2,3,13.582533972957854,25.66517248706943,0.03507004865040792,0.7637104786551699,1.0
targeted,max3sat,inst_b6c93c61521e3b818e2440385fb9ff0ec367d5f95a6b4f7863bfc19009993b55,selective,equal_layer_p2,original_only,,2,3,3.1700541974431573,11.406165589316482,0.8080825844409875,0.6578614547908315,0.9999999999999997
targeted,max3sat,inst_b6c93c61521e3b818e2440385fb9ff0ec367d5f95a6b4f7863bfc19009993b55,selective,equal_layer_p2,pair,,2,3,3.140761273343091,5.429279987205088,0.7969962623060388,0.2293291971631879,0.9999999999999992
targeted,max3sat,inst_b6c93c61521e3b818e2440385fb9ff0ec367d5f95a6b4f7863bfc19009993b55,selective,equal_layer_p2,independence,,2,3,3.198450709532981,5.9548263592715545,0.8037946483705546,0.2550415329900217,0.9999999999999994
targeted,max3sat,inst_593a21f72b8e100b60bf79b641ae4f3f62bf27b70eb08a33f1c94324792511b4,selective,equal_layer_p1,cold,,1,3,7.883688314347919,25.549099937782273,0.021559763099086877,0.7244248608206164,0.9999999999999996
targeted,max3sat,inst_593a21f72b8e100b60bf79b641ae4f3f62bf27b70eb08a33f1c94324792511b4,selective,equal_layer_p1,original_only,,1,3,1.5945530017699137,18.59840114814,0.736806395584935,0.7795375791120819,0.9999999999999992
targeted,max3sat,inst_593a21f72b8e100b60bf79b641ae4f3f62bf27b70eb08a33f1c94324792511b4,selective,equal_layer_p1,pair,,1,3,1.5066825554086598,4.065580292607326,0.7525244887376817,0.16697720229958332,0.9999999999999986
targeted,max3sat,inst_593a21f72b8e100b60bf79b641ae4f3f62bf27b70eb08a33f1c94324792511b4,selective,equal_layer_p1,independence,,1,3,1.4015750859676455,4.159967303726287,0.7566842089103548,0.1766773727525596,0.9999999999999996
targeted,max3sat,inst_593a21f72b8e100b60bf79b641ae4f3f62bf27b70eb08a33f1c94324792511b4,selective,equal_layer_p2,cold,,2,3,8.208861699165043,26.445666456356292,0.02945524306058137,0.7627921028639637,1.0
targeted,max3sat,inst_593a21f72b8e100b60bf79b641ae4f3f62bf27b70eb08a33f1c94324792511b4,selective,equal_layer_p2,original_only,,2,3,1.7127070666788775,19.314476170904783,0.7177722006071027,0.8048502930456151,0.9999999999999996
targeted,max3sat,inst_593a21f72b8e100b60bf79b641ae4f3f62bf27b70eb08a33f1c94324792511b4,selective,equal_layer_p2,pair,,2,3,1.3493334603345117,4.227787116699601,0.7510617725298637,0.19958897763735828,0.9999999999999982
targeted,max3sat,inst_593a21f72b8e100b60bf79b641ae4f3f62bf27b70eb08a33f1c94324792511b4,selective,equal_layer_p2,independence,,2,3,1.3577640315034232,4.215964353141799,0.750370543650896,0.2005358898845121,0.9999999999999991
targeted,max3sat,inst_d10e11744e2d6bad1918eb58837094d1da1d91a0775397638caa4de5e9a910fa,selective,equal_layer_p1,cold,,1,3,13.752316049685305,46.811470975341216,0.015484374163982705,0.9763675613911099,0.9999999999999997
targeted,max3sat,inst_d10e11744e2d6bad1918eb58837094d1da1d91a0775397638caa4de5e9a910fa,selective,equal_layer_p1,original_only,,1,3,3.9343784836897258,35.53996924300098,0.7352875003994659,0.9708918135697385,0.9999999999999992
targeted,max3sat,inst_d10e11744e2d6bad1918eb58837094d1da1d91a0775397638caa4de5e9a910fa,selective,equal_layer_p1,pair,,1,3,3.780375613656449,7.920534329639662,0.7502712287045616,0.34693796770144053,0.999999999999999
targeted,max3sat,inst_d10e11744e2d6bad1918eb58837094d1da1d91a0775397638caa4de5e9a910fa,selective,equal_layer_p1,independence,,1,3,3.8657247241919612,7.234106039535502,0.7445825767216045,0.3209918818548025,0.9999999999999982
targeted,max3sat,inst_d10e11744e2d6bad1918eb58837094d1da1d91a0775397638caa4de5e9a910fa,selective,equal_layer_p2,cold,,2,3,13.125272909233395,39.104104457103325,0.019212716177766962,0.8944067340671734,0.9999999999999994
targeted,max3sat,inst_d10e11744e2d6bad1918eb58837094d1da1d91a0775397638caa4de5e9a910fa,selective,equal_layer_p2,original_only,,2,3,3.842788969820806,33.03514253989962,0.7414154949756009,0.9619096828920188,0.9999999999999994
targeted,max3sat,inst_d10e11744e2d6bad1918eb58837094d1da1d91a0775397638caa4de5e9a910fa,selective,equal_layer_p2,pair,,2,3,3.461495985239612,7.447055072055432,0.7792187496757718,0.32565552424739197,0.9999999999999986
targeted,max3sat,inst_d10e11744e2d6bad1918eb58837094d1da1d91a0775397638caa4de5e9a910fa,selective,equal_layer_p2,independence,,2,3,2.7626303930049354,4.020709346827016,0.8784823630297285,0.14719717854738257,0.9999999999999982
targeted,max3sat,inst_09b04378fd1f954d1a3a41fa4c4a0672a522b3d80106e8f28c29c11dd168a7ea,selective,equal_layer_p1,cold,,1,3,13.4928242673866,33.500344514594566,0.019237859387484093,0.7078035156108354,0.9999999999999997
targeted,max3sat,inst_09b04378fd1f954d1a3a41fa4c4a0672a522b3d80106e8f28c29c11dd168a7ea,selective,equal_layer_p1,original_only,,1,3,3.829682935373444,17.296823489203792,0.7570619661713276,0.7138606515178522,1.0
targeted,max3sat,inst_09b04378fd1f954d1a3a41fa4c4a0672a522b3d80106e8f28c29c11dd168a7ea,selective,equal_layer_p1,pair,,1,3,3.456364134299946,6.801372578217002,0.7854554706882558,0.17153705220405066,0.999999999999999
targeted,max3sat,inst_09b04378fd1f954d1a3a41fa4c4a0672a522b3d80106e8f28c29c11dd168a7ea,selective,equal_layer_p1,independence,,1,3,3.4465451500135686,6.697129272158173,0.7845324969701434,0.16610225449621324,0.999999999999999
targeted,max3sat,inst_09b04378fd1f954d1a3a41fa4c4a0672a522b3d80106e8f28c29c11dd168a7ea,selective,equal_layer_p2,cold,,2,3,13.899087208140122,33.31040800385026,0.014123867310796498,0.7359387330779503,1.0000000000000007
targeted,max3sat,inst_09b04378fd1f954d1a3a41fa4c4a0672a522b3d80106e8f28c29c11dd168a7ea,selective,equal_layer_p2,original_only,,2,3,4.3210612521759755,20.511172492573923,0.7181524560125335,0.7994012998183649,0.9999999999999997
targeted,max3sat,inst_09b04378fd1f954d1a3a41fa4c4a0672a522b3d80106e8f28c29c11dd168a7ea,selective,equal_layer_p2,pair,,2,3,3.626921637447944,7.115401843531792,0.7700482885173487,0.20901084458555438,0.9999999999999988
targeted,max3sat,inst_09b04378fd1f954d1a3a41fa4c4a0672a522b3d80106e8f28c29c11dd168a7ea,selective,equal_layer_p2,independence,,2,3,3.5012180958203487,7.11762802503565,0.808265461418324,0.21507133173772283,0.9999999999999988
targeted,max3sat,inst_2c11f98dfea563452f07aed719cbda462d133ce8bd4d570a956d688a0f9e573f,selective,equal_layer_p1,cold,,1,3,11.857105561655935,21.04117043185617,0.028826859328813143,0.6986420873072076,1.0
targeted,max3sat,inst_2c11f98dfea563452f07aed719cbda462d133ce8bd4d570a956d688a0f9e573f,selective,equal_layer_p1,original_only,,1,3,3.8458935075980087,15.282283277350098,0.739474201411317,0.7874422269093383,0.9999999999999996
targeted,max3sat,inst_2c11f98dfea563452f07aed719cbda462d133ce8bd4d570a956d688a0f9e573f,selective,equal_layer_p1,pair,,1,3,3.6525689398504055,4.995441018569788,0.7514168905938444,0.20109524835755557,0.9999999999999991
targeted,max3sat,inst_2c11f98dfea563452f07aed719cbda462d133ce8bd4d570a956d688a0f9e573f,selective,equal_layer_p1,independence,,1,3,3.4849218166688485,4.827832241739531,0.7667308224485366,0.17684891614984766,0.9999999999999994
targeted,max3sat,inst_2c11f98dfea563452f07aed719cbda462d133ce8bd4d570a956d688a0f9e573f,selective,equal_layer_p2,cold,,2,3,11.69983865128615,20.881363751978025,0.02625001004094089,0.7116081210939272,0.9999999999999997
targeted,max3sat,inst_2c11f98dfea563452f07aed719cbda462d133ce8bd4d570a956d688a0f9e573f,selective,equal_layer_p2,original_only,,2,3,3.473854538009887,13.058180986611783,0.7928297692527425,0.7097368851325802,0.9999999999999994
targeted,max3sat,inst_2c11f98dfea563452f07aed719cbda462d133ce8bd4d570a956d688a0f9e573f,selective,equal_layer_p2,pair,,2,3,3.2593757275460162,5.560132782456486,0.8001222129476305,0.23784201377768932,0.9999999999999991
targeted,max3sat,inst_2c11f98dfea563452f07aed719cbda462d133ce8bd4d570a956d688a0f9e573f,selective,equal_layer_p2,independence,,2,3,5.214403371426788,10.695226112858911,0.5806148677506129,0.48289299916584155,0.9999999999999988
targeted,max3sat,inst_dade5f06117c7ef9d512bc165eb923de7713f3a87f46a09141233877357c7036,selective,equal_layer_p1,cold,,1,3,12.924429001587676,22.732884231184915,0.025932703736068558,0.6900265028830009,1.0000000000000007
targeted,max3sat,inst_dade5f06117c7ef9d512bc165eb923de7713f3a87f46a09141233877357c7036,selective,equal_layer_p1,original_only,,1,3,5.223101605260336,15.890240487076033,0.7415831995399316,0.7836011925714548,0.9999999999999997
targeted,max3sat,inst_dade5f06117c7ef9d512bc165eb923de7713f3a87f46a09141233877357c7036,selective,equal_layer_p1,pair,,1,3,5.049839582686624,6.316552582704798,0.7429272621345366,0.14671272487895096,0.9999999999999987
targeted,max3sat,inst_dade5f06117c7ef9d512bc165eb923de7713f3a87f46a09141233877357c7036,selective,equal_layer_p1,independence,,1,3,4.9876406907287025,6.523559977050497,0.7773985969154552,0.14758485176014277,0.9999999999999991
targeted,max3sat,inst_dade5f06117c7ef9d512bc165eb923de7713f3a87f46a09141233877357c7036,selective,equal_layer_p2,cold,,2,3,11.471918942219117,22.882647313659152,0.09532215386060766,0.7394627010266687,0.9999999999999994
targeted,max3sat,inst_dade5f06117c7ef9d512bc165eb923de7713f3a87f46a09141233877357c7036,selective,equal_layer_p2,original_only,,2,3,5.042286333919582,12.447078474405563,0.8024556839582231,0.6491274351260702,1.0000000000000004
targeted,max3sat,inst_dade5f06117c7ef9d512bc165eb923de7713f3a87f46a09141233877357c7036,selective,equal_layer_p2,pair,,2,3,5.093832183067041,7.0230212878445455,0.7662341104048598,0.1603775471912271,0.9999999999999986
targeted,max3sat,inst_dade5f06117c7ef9d512bc165eb923de7713f3a87f46a09141233877357c7036,selective,equal_layer_p2,independence,,2,3,5.076742033572874,6.9885972426211636,0.7763371923928456,0.1686835016388779,0.9999999999999996
targeted,max3sat,inst_cf6a13fc33a58e4dfa7db61fc696bde98308e75bdb73e77b23b9245747dbd509,selective,equal_layer_p1,cold,,1,3,3.322653908542083,7.351425633515962,0.13148855505367318,0.39875736263058875,0.9999999999999994
targeted,max3sat,inst_cf6a13fc33a58e4dfa7db61fc696bde98308e75bdb73e77b23b9245747dbd509,selective,equal_layer_p1,original_only,,1,3,1.8592267600358252,5.8483384477018445,0.4235492984627854,0.5001488381175707,1.0000000000000004
targeted,max3sat,inst_cf6a13fc33a58e4dfa7db61fc696bde98308e75bdb73e77b23b9245747dbd509,selective,equal_layer_p1,pair,,1,3,1.8582593245801498,5.879158613755849,0.4215807621053387,0.5015210499241638,1.0000000000000002
targeted,max3sat,inst_cf6a13fc33a58e4dfa7db61fc696bde98308e75bdb73e77b23b9245747dbd509,selective,equal_layer_p1,independence,,1,3,1.8454011789621791,5.8281233278652245,0.42414523648018143,0.4955608299274929,1.0000000000000002
targeted,max3sat,inst_cf6a13fc33a58e4dfa7db61fc696bde98308e75bdb73e77b23b9245747dbd509,selective,equal_layer_p2,cold,,2,3,3.328267403543269,7.594016852857429,0.09311708494384441,0.4183116521872489,0.9999999999999994
targeted,max3sat,inst_cf6a13fc33a58e4dfa7db61fc696bde98308e75bdb73e77b23b9245747dbd509,selective,equal_layer_p2,original_only,,2,3,1.699919422656808,5.783754114560558,0.4365540801081667,0.5109087160075142,1.0000000000000002
targeted,max3sat,inst_cf6a13fc33a58e4dfa7db61fc696bde98308e75bdb73e77b23b9245747dbd509,selective,equal_layer_p2,pair,,2,3,1.5370662303166565,4.998896563025039,0.47945267622834903,0.4161187521503246,1.000000000000001
targeted,max3sat,inst_cf6a13fc33a58e4dfa7db61fc696bde98308e75bdb73e77b23b9245747dbd509,selective,equal_layer_p2,independence,,2,3,1.655476394250161,5.473275601820819,0.46751645578825407,0.4547596092450307,1.0
targeted,max3sat,inst_f29cc504b69059d374701f2608fa0aec64603ad2b938f87b398cbeadaf67b101,selective,equal_layer_p1,cold,,1,3,11.759143636056663,26.882978616000898,0.026406525353469,0.7245595251919635,1.0000000000000007
targeted,max3sat,inst_f29cc504b69059d374701f2608fa0aec64603ad2b938f87b398cbeadaf67b101,selective,equal_layer_p1,original_only,,1,3,8.89892749203596,22.56503074044258,0.1431469532785747,0.7384731792212146,1.0000000000000002
targeted,max3sat,inst_f29cc504b69059d374701f2608fa0aec64603ad2b938f87b398cbeadaf67b101,selective,equal_layer_p1,pair,,1,3,8.722908690413222,19.619917232034698,0.14220851956758873,0.6121525806832557,1.0
targeted,max3sat,inst_f29cc504b69059d374701f2608fa0aec64603ad2b938f87b398cbeadaf67b101,selective,equal_layer_p1,independence,,1,3,8.242965055974409,17.360977627404154,0.19029682925715474,0.5037747318747435,1.0000000000000007
targeted,max3sat,inst_f29cc504b69059d374701f2608fa0aec64603ad2b938f87b398cbeadaf67b101,selective,equal_layer_p2,cold,,2,3,10.783611276818858,24.162446247221187,0.043366472529116816,0.6952527996181942,0.9999999999999991
targeted,max3sat,inst_f29cc504b69059d374701f2608fa0aec64603ad2b938f87b398cbeadaf67b101,selective,equal_layer_p2,original_only,,2,3,8.619375200109596,21.47762522613918,0.1326725532809375,0.7324782856083166,1.0
targeted,max3sat,inst_f29cc504b69059d374701f2608fa0aec64603ad2b938f87b398cbeadaf67b101,selective,equal_layer_p2,pair,,2,3,7.949300238408417,21.49091122499892,0.13914701009111927,0.6394458174431824,1.0000000000000007
targeted,max3sat,inst_f29cc504b69059d374701f2608fa0aec64603ad2b938f87b398cbeadaf67b101,selective,equal_layer_p2,independence,,2,3,7.596466108437093,16.29427540752248,0.22726118952874708,0.4236845767552717,1.0000000000000004
targeted,max3sat,inst_5d5efb4e91f9e1aae427cfd18083652fa65a57c8700b72a4a842aef966cb5fe8,selective,equal_layer_p1,cold,,1,3,10.239959454964177,24.40814354108411,0.041042947788509664,0.926294710940489,1.0000000000000002
targeted,max3sat,inst_5d5efb4e91f9e1aae427cfd18083652fa65a57c8700b72a4a842aef966cb5fe8,selective,equal_layer_p1,original_only,,1,3,8.278416105546727,20.1079984197202,0.08923991682969708,0.855432739201737,1.0000000000000002
targeted,max3sat,inst_5d5efb4e91f9e1aae427cfd18083652fa65a57c8700b72a4a842aef966cb5fe8,selective,equal_layer_p1,pair,,1,3,9.0313289735683,17.979222784239596,0.07837739293630051,0.7933427231650466,1.0000000000000002
targeted,max3sat,inst_5d5efb4e91f9e1aae427cfd18083652fa65a57c8700b72a4a842aef966cb5fe8,selective,equal_layer_p1,independence,,1,3,9.09561989101942,19.471475946146267,0.07582513766774983,0.8402198106808038,0.9999999999999994
targeted,max3sat,inst_5d5efb4e91f9e1aae427cfd18083652fa65a57c8700b72a4a842aef966cb5fe8,selective,equal_layer_p2,cold,,2,3,10.398158938619543,23.777239600125,0.03371542051100112,0.9250055635897557,0.9999999999999994
targeted,max3sat,inst_5d5efb4e91f9e1aae427cfd18083652fa65a57c8700b72a4a842aef966cb5fe8,selective,equal_layer_p2,original_only,,2,3,8.172103661814084,20.299530469726523,0.08912926168610985,0.8651525303243718,1.000000000000002
targeted,max3sat,inst_5d5efb4e91f9e1aae427cfd18083652fa65a57c8700b72a4a842aef966cb5fe8,selective,equal_layer_p2,pair,,2,3,7.636562275032588,16.28399358360055,0.1316320389140982,0.711333691171594,0.9999999999999994
targeted,max3sat,inst_5d5efb4e91f9e1aae427cfd18083652fa65a57c8700b72a4a842aef966cb5fe8,selective,equal_layer_p2,independence,,2,3,8.206345658576497,18.04229302562893,0.09820398713799329,0.7620244865069837,1.0000000000000007
original_e4,cubic_spin_glass,inst_04204c7d862dcfca8e427f256f533fe1306d04cc8891110f908ad2c268e28c47,all_native,equal_layer_p1,cold,,1,3,-1.1877778805883095,-1.1877778805883095,0.04261587885150626,0.0,1.0
original_e4,cubic_spin_glass,inst_04204c7d862dcfca8e427f256f533fe1306d04cc8891110f908ad2c268e28c47,all_native,equal_layer_p1,original_only,,1,3,-1.4369153113336848,-1.4369153113336848,0.036341735498165946,0.0,0.9999999999999996
original_e4,cubic_spin_glass,inst_04204c7d862dcfca8e427f256f533fe1306d04cc8891110f908ad2c268e28c47,all_native,equal_layer_p2,cold,,2,3,-1.9186957015004582,-1.9186957015004582,0.07364801749378357,0.0,1.0
original_e4,cubic_spin_glass,inst_04204c7d862dcfca8e427f256f533fe1306d04cc8891110f908ad2c268e28c47,all_native,equal_layer_p2,original_only,,2,3,-1.5765360554216317,-1.5765360554216317,0.05319113447033184,0.0,0.9999999999999997
original_e4,cubic_spin_glass,inst_04204c7d862dcfca8e427f256f533fe1306d04cc8891110f908ad2c268e28c47,all_native,equal_2q_budget_128,cold,,4,3,-2.4803557974008705,-2.4803557974008705,0.0841784168874581,0.0,0.999999999999999
original_e4,cubic_spin_glass,inst_04204c7d862dcfca8e427f256f533fe1306d04cc8891110f908ad2c268e28c47,all_native,equal_2q_budget_128,original_only,,4,3,-2.482130494079104,-2.482130494079104,0.07144649396593879,0.0,1.0000000000000007
original_e4,cubic_spin_glass,inst_04204c7d862dcfca8e427f256f533fe1306d04cc8891110f908ad2c268e28c47,all_native,equal_2q_budget_256,cold,,9,3,-2.296676195775212,-2.296676195775212,0.10568883559317706,0.0,0.9999999999999994
original_e4,cubic_spin_glass,inst_04204c7d862dcfca8e427f256f533fe1306d04cc8891110f908ad2c268e28c47,all_native,equal_2q_budget_256,original_only,,9,3,-1.4726066273936815,-1.4726066273936815,0.07591984092228257,0.0,1.0000000000000016
original_e4,cubic_spin_glass,inst_04204c7d862dcfca8e427f256f533fe1306d04cc8891110f908ad2c268e28c47,fully_quadratized,equal_layer_p1,cold,,1,3,-0.4411345340978929,24.310435913776473,0.013647906068311755,0.8808993697709289,0.9999999999999997
original_e4,cubic_spin_glass,inst_04204c7d862dcfca8e427f256f533fe1306d04cc8891110f908ad2c268e28c47,fully_quadratized,equal_layer_p1,original_only,,1,3,-0.608242299470798,23.26201833721909,0.01828795011429031,0.8636115570898468,1.0000000000000007
original_e4,cubic_spin_glass,inst_04204c7d862dcfca8e427f256f533fe1306d04cc8891110f908ad2c268e28c47,fully_quadratized,equal_layer_p1,pair,,1,3,-0.42888053119552266,20.596402542768978,0.01872011303132623,0.844308266244879,0.9999999999999997
original_e4,cubic_spin_glass,inst_04204c7d862dcfca8e427f256f533fe1306d04cc8891110f908ad2c268e28c47,fully_quadratized,equal_layer_p1,independence,,1,3,-0.4551356520519196,19.798236187296652,0.014698591532374112,0.8340763537689027,0.9999999999999999
original_e4,cubic_spin_glass,inst_04204c7d862dcfca8e427f256f533fe1306d04cc8891110f908ad2c268e28c47,fully_quadratized,equal_layer_p2,cold,,2,3,-0.38713524128334464,25.870421220489575,0.017310829128239415,0.9021410108319533,0.9999999999999996
original_e4,cubic_spin_glass,inst_04204c7d862dcfca8e427f256f533fe1306d04cc8891110f908ad2c268e28c47,fully_quadratized,equal_layer_p2,original_only,,2,3,-0.4870611319069911,23.052428774549778,0.01967223143839661,0.8765628545217576,1.0000000000000002
original_e4,cubic_spin_glass,inst_04204c7d862dcfca8e427f256f533fe1306d04cc8891110f908ad2c268e28c47,fully_quadratized,equal_layer_p2,pair,,2,3,-0.5067988769977915,28.959475028112262,0.014390561336969492,0.9166218411496194,1.0000000000000002
original_e4,cubic_spin_glass,inst_04204c7d862dcfca8e427f256f533fe1306d04cc8891110f908ad2c268e28c47,fully_quadratized,equal_layer_p2,independence,,2,3,-0.3144676294580446,22.832089038441936,0.019633262396764956,0.858961721791081,0.9999999999999991
original_e4,cubic_spin_glass,inst_04204c7d862dcfca8e427f256f533fe1306d04cc8891110f908ad2c268e28c47,fully_quadratized,equal_2q_budget_128,cold,,1,3,-0.6687427691640684,26.11984025012948,0.025407114012936754,0.8655179952973217,0.9999999999999997
original_e4,cubic_spin_glass,inst_04204c7d862dcfca8e427f256f533fe1306d04cc8891110f908ad2c268e28c47,fully_quadratized,equal_2q_budget_128,original_only,,1,3,-0.5520870640301666,23.935534981570427,0.01908653419723695,0.8642745809250645,1.0000000000000002
original_e4,cubic_spin_glass,inst_04204c7d862dcfca8e427f256f533fe1306d04cc8891110f908ad2c268e28c47,fully_quadratized,equal_2q_budget_128,pair,,1,3,-0.5832624317947014,21.836141569822146,0.02054296714034483,0.826606637714315,0.9999999999999988
original_e4,cubic_spin_glass,inst_04204c7d862dcfca8e427f256f533fe1306d04cc8891110f908ad2c268e28c47,fully_quadratized,equal_2q_budget_128,independence,,1,3,-0.7573627128202168,24.539281864362408,0.018462855052160557,0.8695809790086009,1.0
original_e4,cubic_spin_glass,inst_04204c7d862dcfca8e427f256f533fe1306d04cc8891110f908ad2c268e28c47,fully_quadratized,equal_2q_budget_256,cold,,3,3,-0.5651965481414489,24.610270806274528,0.03312514277372871,0.8828704905797794,0.9999999999999987
original_e4,cubic_spin_glass,inst_04204c7d862dcfca8e427f256f533fe1306d04cc8891110f908ad2c268e28c47,fully_quadratized,equal_2q_budget_256,original_only,,3,3,-0.7378897806109004,24.395904081568492,0.02255126602261086,0.8458920402699647,1.0000000000000018
original_e4,cubic_spin_glass,inst_04204c7d862dcfca8e427f256f533fe1306d04cc8891110f908ad2c268e28c47,fully_quadratized,equal_2q_budget_256,pair,,3,3,-0.7522176400138813,25.051865771854278,0.04721170178865383,0.8493027036641231,0.9999999999999997
original_e4,cubic_spin_glass,inst_04204c7d862dcfca8e427f256f533fe1306d04cc8891110f908ad2c268e28c47,fully_quadratized,equal_2q_budget_256,independence,,3,3,-0.7076865774375656,25.869166655284364,0.027144460111766158,0.8961057175680338,1.000000000000002
original_e4,cubic_spin_glass,inst_04204c7d862dcfca8e427f256f533fe1306d04cc8891110f908ad2c268e28c47,selective,equal_layer_p1,cold,,1,3,-1.19163561217109,-1.19163561217109,0.04481210301449564,0.0,1.0
original_e4,cubic_spin_glass,inst_04204c7d862dcfca8e427f256f533fe1306d04cc8891110f908ad2c268e28c47,selective,equal_layer_p1,original_only,,1,3,-1.3629558010081795,-1.3629558010081795,0.043317593802720426,0.0,0.9999999999999996
original_e4,cubic_spin_glass,inst_04204c7d862dcfca8e427f256f533fe1306d04cc8891110f908ad2c268e28c47,selective,equal_layer_p2,cold,,2,3,-2.326790324301295,-2.326790324301295,0.0806934534469283,0.0,1.0
original_e4,cubic_spin_glass,inst_04204c7d862dcfca8e427f256f533fe1306d04cc8891110f908ad2c268e28c47,selective,equal_layer_p2,original_only,,2,3,-2.592171069071817,-2.592171069071817,0.05855601645158428,0.0,1.0
original_e4,cubic_spin_glass,inst_04204c7d862dcfca8e427f256f533fe1306d04cc8891110f908ad2c268e28c47,selective,equal_2q_budget_128,cold,,4,3,-2.544234836349911,-2.544234836349911,0.07743144241535409,0.0,0.9999999999999992
original_e4,cubic_spin_glass,inst_04204c7d862dcfca8e427f256f533fe1306d04cc8891110f908ad2c268e28c47,selective,equal_2q_budget_128,original_only,,4,3,-1.6594089435472128,-1.6594089435472128,0.056802237008398176,0.0,1.0
original_e4,cubic_spin_glass,inst_04204c7d862dcfca8e427f256f533fe1306d04cc8891110f908ad2c268e28c47,selective,equal_2q_budget_256,cold,,9,3,-1.6296270698406221,-1.6296270698406221,0.0811244935043665,0.0,0.9999999999999996
original_e4,cubic_spin_glass,inst_04204c7d862dcfca8e427f256f533fe1306d04cc8891110f908ad2c268e28c47,selective,equal_2q_budget_256,original_only,,9,3,-1.4982218593624743,-1.4982218593624743,0.029182816323083196,0.0,1.000000000000002
original_e4,cubic_spin_glass,inst_04204c7d862dcfca8e427f256f533fe1306d04cc8891110f908ad2c268e28c47,matched_random_selective,equal_layer_p1,cold,2026082711,1,3,-1.6785747974856096,-1.6785747974856096,0.05512101430084026,0.0,1.0000000000000002
original_e4,cubic_spin_glass,inst_04204c7d862dcfca8e427f256f533fe1306d04cc8891110f908ad2c268e28c47,matched_random_selective,equal_layer_p1,original_only,2026082711,1,3,-1.939784192064451,-1.939784192064451,0.048411565417210596,0.0,1.0
original_e4,cubic_spin_glass,inst_04204c7d862dcfca8e427f256f533fe1306d04cc8891110f908ad2c268e28c47,matched_random_selective,equal_layer_p2,cold,2026082711,2,3,-2.238375500747343,-2.238375500747343,0.0712105196667303,0.0,1.0000000000000007
original_e4,cubic_spin_glass,inst_04204c7d862dcfca8e427f256f533fe1306d04cc8891110f908ad2c268e28c47,matched_random_selective,equal_layer_p2,original_only,2026082711,2,3,-2.120530823959341,-2.120530823959341,0.05519383922070945,0.0,1.0000000000000002
original_e4,cubic_spin_glass,inst_04204c7d862dcfca8e427f256f533fe1306d04cc8891110f908ad2c268e28c47,matched_random_selective,equal_2q_budget_128,cold,2026082711,4,3,-2.609343226459025,-2.609343226459025,0.0945984908491853,0.0,0.9999999999999996
original_e4,cubic_spin_glass,inst_04204c7d862dcfca8e427f256f533fe1306d04cc8891110f908ad2c268e28c47,matched_random_selective,equal_2q_budget_128,original_only,2026082711,4,3,-2.232399195785596,-2.232399195785596,0.04093904595428157,0.0,1.0000000000000004
original_e4,cubic_spin_glass,inst_04204c7d862dcfca8e427f256f533fe1306d04cc8891110f908ad2c268e28c47,matched_random_selective,equal_2q_budget_256,cold,2026082711,9,3,-2.2587800362469106,-2.2587800362469106,0.09529273095394912,0.0,0.9999999999999996
original_e4,cubic_spin_glass,inst_04204c7d862dcfca8e427f256f533fe1306d04cc8891110f908ad2c268e28c47,matched_random_selective,equal_2q_budget_256,original_only,2026082711,9,3,-1.8047543160083193,-1.8047543160083193,0.021306968771268257,0.0,1.0000000000000029
original_e4,cubic_spin_glass,inst_04204c7d862dcfca8e427f256f533fe1306d04cc8891110f908ad2c268e28c47,matched_random_selective,equal_layer_p1,cold,2026082712,1,3,-1.7047498477724226,-1.7047498477724226,0.05692723064507008,0.0,1.0000000000000002
original_e4,cubic_spin_glass,inst_04204c7d862dcfca8e427f256f533fe1306d04cc8891110f908ad2c268e28c47,matched_random_selective,equal_layer_p1,original_only,2026082712,1,3,-1.6574081697512577,-1.6574081697512577,0.03464095736112402,0.0,1.0
original_e4,cubic_spin_glass,inst_04204c7d862dcfca8e427f256f533fe1306d04cc8891110f908ad2c268e28c47,matched_random_selective,equal_layer_p2,cold,2026082712,2,3,-2.768508104824106,-2.768508104824106,0.08563641915166614,0.0,1.0
original_e4,cubic_spin_glass,inst_04204c7d862dcfca8e427f256f533fe1306d04cc8891110f908ad2c268e28c47,matched_random_selective,equal_layer_p2,original_only,2026082712,2,3,-2.7325605284482157,-2.7325605284482157,0.06286313126770195,0.0,1.0000000000000002
original_e4,cubic_spin_glass,inst_04204c7d862dcfca8e427f256f533fe1306d04cc8891110f908ad2c268e28c47,matched_random_selective,equal_2q_budget_128,cold,2026082712,4,3,-3.0150363014746557,-3.0150363014746557,0.10247910232697416,0.0,1.0000000000000007
original_e4,cubic_spin_glass,inst_04204c7d862dcfca8e427f256f533fe1306d04cc8891110f908ad2c268e28c47,matched_random_selective,equal_2q_budget_128,original_only,2026082712,4,3,-1.9558980312297995,-1.9558980312297995,0.08690433141352648,0.0,1.0000000000000007
original_e4,cubic_spin_glass,inst_04204c7d862dcfca8e427f256f533fe1306d04cc8891110f908ad2c268e28c47,matched_random_selective,equal_2q_budget_256,cold,2026082712,9,3,-1.8895470356085051,-1.8895470356085051,0.07435039179750262,0.0,0.9999999999999997
original_e4,cubic_spin_glass,inst_04204c7d862dcfca8e427f256f533fe1306d04cc8891110f908ad2c268e28c47,matched_random_selective,equal_2q_budget_256,original_only,2026082712,9,3,-1.823801652179167,-1.823801652179167,0.08317370681750426,0.0,1.0000000000000009
original_e4,cubic_spin_glass,inst_04204c7d862dcfca8e427f256f533fe1306d04cc8891110f908ad2c268e28c47,matched_random_selective,equal_layer_p1,cold,2026082713,1,3,-1.7008930746235638,-1.7008930746235638,0.05473040440795767,0.0,0.9999999999999996
original_e4,cubic_spin_glass,inst_04204c7d862dcfca8e427f256f533fe1306d04cc8891110f908ad2c268e28c47,matched_random_selective,equal_layer_p1,original_only,2026082713,1,3,-2.380769836507724,-2.380769836507724,0.04502956346222273,0.0,0.9999999999999997
original_e4,cubic_spin_glass,inst_04204c7d862dcfca8e427f256f533fe1306d04cc8891110f908ad2c268e28c47,matched_random_selective,equal_layer_p2,cold,2026082713,2,3,-2.253633946070165,-2.253633946070165,0.07473508836328985,0.0,1.0
original_e4,cubic_spin_glass,inst_04204c7d862dcfca8e427f256f533fe1306d04cc8891110f908ad2c268e28c47,matched_random_selective,equal_layer_p2,original_only,2026082713,2,3,-1.9192709232573169,-1.9192709232573169,0.05716487095165346,0.0,1.0000000000000002
original_e4,cubic_spin_glass,inst_04204c7d862dcfca8e427f256f533fe1306d04cc8891110f908ad2c268e28c47,matched_random_selective,equal_2q_budget_128,cold,2026082713,4,3,-2.5927228082003855,-2.5927228082003855,0.08690754590148712,0.0,1.0000000000000007
original_e4,cubic_spin_glass,inst_04204c7d862dcfca8e427f256f533fe1306d04cc8891110f908ad2c268e28c47,matched_random_selective,equal_2q_budget_128,original_only,2026082713,4,3,-2.4505304130930265,-2.4505304130930265,0.09586586394936436,0.0,1.0000000000000007
original_e4,cubic_spin_glass,inst_04204c7d862dcfca8e427f256f533fe1306d04cc8891110f908ad2c268e28c47,matched_random_selective,equal_2q_budget_256,cold,2026082713,9,3,-2.567096510128493,-2.567096510128493,0.09907456967686674,0.0,1.0000000000000002
original_e4,cubic_spin_glass,inst_04204c7d862dcfca8e427f256f533fe1306d04cc8891110f908ad2c268e28c47,matched_random_selective,equal_2q_budget_256,original_only,2026082713,9,3,-1.6147023212577452,-1.6147023212577452,0.0740332704399462,0.0,1.0000000000000007
original_e4,cubic_spin_glass,inst_04204c7d862dcfca8e427f256f533fe1306d04cc8891110f908ad2c268e28c47,matched_random_selective,equal_layer_p1,cold,2026082714,1,3,-2.187833695964503,-2.187833695964503,0.06506573610034626,0.0,0.9999999999999999
original_e4,cubic_spin_glass,inst_04204c7d862dcfca8e427f256f533fe1306d04cc8891110f908ad2c268e28c47,matched_random_selective,equal_layer_p1,original_only,2026082714,1,3,-1.7421532763108687,-1.7421532763108687,0.04591021900144134,0.0,1.0
original_e4,cubic_spin_glass,inst_04204c7d862dcfca8e427f256f533fe1306d04cc8891110f908ad2c268e28c47,matched_random_selective,equal_layer_p2,cold,2026082714,2,3,-2.4476230967911774,-2.4476230967911774,0.07333223792460225,0.0,1.0000000000000007
original_e4,cubic_spin_glass,inst_04204c7d862dcfca8e427f256f533fe1306d04cc8891110f908ad2c268e28c47,matched_random_selective,equal_layer_p2,original_only,2026082714,2,3,-2.543220328070411,-2.543220328070411,0.04662951892818163,0.0,0.9999999999999997
original_e4,cubic_spin_glass,inst_04204c7d862dcfca8e427f256f533fe1306d04cc8891110f908ad2c268e28c47,matched_random_selective,equal_2q_budget_128,cold,2026082714,4,3,-2.31497897490202,-2.31497897490202,0.0856726649044879,0.0,0.9999999999999999
original_e4,cubic_spin_glass,inst_04204c7d862dcfca8e427f256f533fe1306d04cc8891110f908ad2c268e28c47,matched_random_selective,equal_2q_budget_128,original_only,2026082714,4,3,-1.8216427463432703,-1.8216427463432703,0.038773706747713674,0.0,0.9999999999999994
original_e4,cubic_spin_glass,inst_04204c7d862dcfca8e427f256f533fe1306d04cc8891110f908ad2c268e28c47,matched_random_selective,equal_2q_budget_256,cold,2026082714,9,3,-1.8530131383715656,-1.8530131383715656,0.051491540374614765,0.0,0.9999999999999997
original_e4,cubic_spin_glass,inst_04204c7d862dcfca8e427f256f533fe1306d04cc8891110f908ad2c268e28c47,matched_random_selective,equal_2q_budget_256,original_only,2026082714,9,3,-1.5081337905670964,-1.5081337905670964,0.06783983059356057,0.0,1.000000000000002
original_e4,cubic_spin_glass,inst_04204c7d862dcfca8e427f256f533fe1306d04cc8891110f908ad2c268e28c47,matched_random_selective,equal_layer_p1,cold,2026082715,1,3,-2.1916980667563144,-2.1916980667563144,0.06726028531273102,0.0,0.9999999999999997
original_e4,cubic_spin_glass,inst_04204c7d862dcfca8e427f256f533fe1306d04cc8891110f908ad2c268e28c47,matched_random_selective,equal_layer_p1,original_only,2026082715,1,3,-1.9397832110978814,-1.9397832110978814,0.048406594578800664,0.0,0.9999999999999997
original_e4,cubic_spin_glass,inst_04204c7d862dcfca8e427f256f533fe1306d04cc8891110f908ad2c268e28c47,matched_random_selective,equal_layer_p2,cold,2026082715,2,3,-1.6050868962002827,-1.6050868962002827,0.060488669741923684,0.0,1.0000000000000002
original_e4,cubic_spin_glass,inst_04204c7d862dcfca8e427f256f533fe1306d04cc8891110f908ad2c268e28c47,matched_random_selective,equal_layer_p2,original_only,2026082715,2,3,-1.3616237795246446,-1.3616237795246446,0.0331955818161126,0.0,0.9999999999999997
original_e4,cubic_spin_glass,inst_04204c7d862dcfca8e427f256f533fe1306d04cc8891110f908ad2c268e28c47,matched_random_selective,equal_2q_budget_128,cold,2026082715,4,3,-2.613622173399451,-2.613622173399451,0.10742897770095809,0.0,1.0000000000000002
original_e4,cubic_spin_glass,inst_04204c7d862dcfca8e427f256f533fe1306d04cc8891110f908ad2c268e28c47,matched_random_selective,equal_2q_budget_128,original_only,2026082715,4,3,-2.7137961658085046,-2.7137961658085046,0.06554830923811944,0.0,1.0000000000000004
original_e4,cubic_spin_glass,inst_04204c7d862dcfca8e427f256f533fe1306d04cc8891110f908ad2c268e28c47,matched_random_selective,equal_2q_budget_256,cold,2026082715,9,3,-2.2590442818186802,-2.2590442818186802,0.1372254205908787,0.0,1.0000000000000004
original_e4,cubic_spin_glass,inst_04204c7d862dcfca8e427f256f533fe1306d04cc8891110f908ad2c268e28c47,matched_random_selective,equal_2q_budget_256,original_only,2026082715,9,3,-2.1774231533800434,-2.1774231533800434,0.14610454518463087,0.0,1.000000000000001
original_e4,cubic_spin_glass,inst_26a052729d9fe21627fd092781c37a97ef6dd9c8af4c37f19bcf581ae13425de,all_native,equal_layer_p1,cold,,1,3,-2.4682666092311876,-2.4682666092311876,0.05502398267507638,0.0,1.0
original_e4,cubic_spin_glass,inst_26a052729d9fe21627fd092781c37a97ef6dd9c8af4c37f19bcf581ae13425de,all_native,equal_layer_p1,original_only,,1,3,-1.7423130643010658,-1.7423130643010658,0.09178476334881487,0.0,1.0000000000000009
original_e4,cubic_spin_glass,inst_26a052729d9fe21627fd092781c37a97ef6dd9c8af4c37f19bcf581ae13425de,all_native,equal_layer_p2,cold,,2,3,-1.4437284344116763,-1.4437284344116763,0.049288507290250694,0.0,1.0000000000000002
original_e4,cubic_spin_glass,inst_26a052729d9fe21627fd092781c37a97ef6dd9c8af4c37f19bcf581ae13425de,all_native,equal_layer_p2,original_only,,2,3,-2.6772728135505504,-2.6772728135505504,0.16480915750001823,0.0,1.0000000000000007
original_e4,cubic_spin_glass,inst_26a052729d9fe21627fd092781c37a97ef6dd9c8af4c37f19bcf581ae13425de,all_native,equal_2q_budget_128,cold,,1,3,-0.8192542829492809,-0.8192542829492809,0.028391659231842437,0.0,0.9999999999999997
original_e4,cubic_spin_glass,inst_26a052729d9fe21627fd092781c37a97ef6dd9c8af4c37f19bcf581ae13425de,all_native,equal_2q_budget_128,original_only,,1,3,-1.849799878261048,-1.849799878261048,0.06820750873471791,0.0,1.0000000000000004
original_e4,cubic_spin_glass,inst_26a052729d9fe21627fd092781c37a97ef6dd9c8af4c37f19bcf581ae13425de,all_native,equal_2q_budget_256,cold,,3,3,-3.0303305159104355,-3.0303305159104355,0.08088257837165848,0.0,1.0
original_e4,cubic_spin_glass,inst_26a052729d9fe21627fd092781c37a97ef6dd9c8af4c37f19bcf581ae13425de,all_native,equal_2q_budget_256,original_only,,3,3,-3.299437769344811,-3.299437769344811,0.17252445200074482,0.0,0.9999999999999999
original_e4,cubic_spin_glass,inst_26a052729d9fe21627fd092781c37a97ef6dd9c8af4c37f19bcf581ae13425de,fully_quadratized,equal_layer_p1,cold,,1,3,-0.27267139487581044,47.60209540247366,0.017430583638180105,0.9469943155498165,1.0
original_e4,cubic_spin_glass,inst_26a052729d9fe21627fd092781c37a97ef6dd9c8af4c37f19bcf581ae13425de,fully_quadratized,equal_layer_p1,original_only,,1,3,-0.32067236361060325,42.04563386840977,0.036699306455818516,0.9480771112628167,1.0000000000000009
original_e4,cubic_spin_glass,inst_26a052729d9fe21627fd092781c37a97ef6dd9c8af4c37f19bcf581ae13425de,fully_quadratized,equal_layer_p1,pair,,1,3,-0.32067236361060325,42.04563386840977,0.036699306455818516,0.9480771112628167,1.0000000000000009
original_e4,cubic_spin_glass,inst_26a052729d9fe21627fd092781c37a97ef6dd9c8af4c37f19bcf581ae13425de,fully_quadratized,equal_layer_p1,independence,,1,3,-0.7655048121817903,48.4662085575155,0.04130955152531705,0.9495605610223588,0.9999999999999994
original_e4,cubic_spin_glass,inst_26a052729d9fe21627fd092781c37a97ef6dd9c8af4c37f19bcf581ae13425de,fully_quadratized,equal_layer_p2,cold,,2,3,-0.3995834090230592,48.804024236843844,0.023259484181560305,0.9603868371335292,0.9999999999999997
original_e4,cubic_spin_glass,inst_26a052729d9fe21627fd092781c37a97ef6dd9c8af4c37f19bcf581ae13425de,fully_quadratized,equal_layer_p2,original_only,,2,3,-0.26835146204947463,46.7932191662159,0.020602572964916622,0.9707266362504828,1.000000000000001
original_e4,cubic_spin_glass,inst_26a052729d9fe21627fd092781c37a97ef6dd9c8af4c37f19bcf581ae13425de,fully_quadratized,equal_layer_p2,pair,,2,3,-0.26835146204947463,46.7932191662159,0.020602572964916622,0.9707266362504828,1.000000000000001
original_e4,cubic_spin_glass,inst_26a052729d9fe21627fd092781c37a97ef6dd9c8af4c37f19bcf581ae13425de,fully_quadratized,equal_layer_p2,independence,,2,3,-0.36528084935730937,53.340985963243604,0.04109048609551102,0.977461805368864,0.9999999999999988
original_e4,cubic_spin_glass,inst_26a052729d9fe21627fd092781c37a97ef6dd9c8af4c37f19bcf581ae13425de,fully_quadratized,equal_2q_budget_128,cold,,1,3,-0.21524789687377013,52.08919653106097,0.01824739973442017,0.9644541213773263,0.9999999999999999
original_e4,cubic_spin_glass,inst_26a052729d9fe21627fd092781c37a97ef6dd9c8af4c37f19bcf581ae13425de,fully_quadratized,equal_2q_budget_128,original_only,,1,3,-0.4052109156534786,58.63061331932736,0.03795709520661739,0.9738921313338449,1.0000000000000007
original_e4,cubic_spin_glass,inst_26a052729d9fe21627fd092781c37a97ef6dd9c8af4c37f19bcf581ae13425de,fully_quadratized,equal_2q_budget_128,pair,,1,3,-0.4052109156534786,58.63061331932736,0.03795709520661739,0.9738921313338449,1.0000000000000007
original_e4,cubic_spin_glass,inst_26a052729d9fe21627fd092781c37a97ef6dd9c8af4c37f19bcf581ae13425de,fully_quadratized,equal_2q_budget_128,independence,,1,3,-0.4568195063790496,52.496447720711735,0.031661452035708575,0.9718613646315978,0.9999999999999996
original_e4,cubic_spin_glass,inst_26a052729d9fe21627fd092781c37a97ef6dd9c8af4c37f19bcf581ae13425de,fully_quadratized,equal_2q_budget_256,cold,,2,3,-0.30644007726303885,48.56652570748408,0.01913904158736979,0.964722378797174,0.9999999999999992
original_e4,cubic_spin_glass,inst_26a052729d9fe21627fd092781c37a97ef6dd9c8af4c37f19bcf581ae13425de,fully_quadratized,equal_2q_budget_256,original_only,,2,3,-0.25513145157717393,47.190852366389755,0.03486877042470688,0.9741644534089322,0.9999999999999999
original_e4,cubic_spin_glass,inst_26a052729d9fe21627fd092781c37a97ef6dd9c8af4c37f19bcf581ae13425de,fully_quadratized,equal_2q_budget_256,pair,,2,3,-0.25513145157717393,47.190852366389755,0.03486877042470688,0.9741644534089322,0.9999999999999999
original_e4,cubic_spin_glass,inst_26a052729d9fe21627fd092781c37a97ef6dd9c8af4c37f19bcf581ae13425de,fully_quadratized,equal_2q_budget_256,independence,,2,3,-0.4442190529110312,43.99581227085096,0.029148424335716117,0.962627073045431,1.000000000000001
original_e4,cubic_spin_glass,inst_26a052729d9fe21627fd092781c37a97ef6dd9c8af4c37f19bcf581ae13425de,selective,equal_layer_p1,cold,,1,3,-1.6683497749331497,-1.6683497749331497,0.04270670424039715,0.0,1.0000000000000002
original_e4,cubic_spin_glass,inst_26a052729d9fe21627fd092781c37a97ef6dd9c8af4c37f19bcf581ae13425de,selective,equal_layer_p1,original_only,,1,3,-1.7373959904665401,-1.7373959904665401,0.07816490683302146,0.0,1.0000000000000002
original_e4,cubic_spin_glass,inst_26a052729d9fe21627fd092781c37a97ef6dd9c8af4c37f19bcf581ae13425de,selective,equal_layer_p2,cold,,2,3,-2.320828743089816,-2.320828743089816,0.06733917913815853,0.0,0.9999999999999997
original_e4,cubic_spin_glass,inst_26a052729d9fe21627fd092781c37a97ef6dd9c8af4c37f19bcf581ae13425de,selective,equal_layer_p2,original_only,,2,3,-2.28102457848518,-2.28102457848518,0.09419602762492542,0.0,1.0000000000000002
original_e4,cubic_spin_glass,inst_26a052729d9fe21627fd092781c37a97ef6dd9c8af4c37f19bcf581ae13425de,selective,equal_2q_budget_128,cold,,1,3,-1.207128458588252,-1.207128458588252,0.02535226502958088,0.0,1.0000000000000002
original_e4,cubic_spin_glass,inst_26a052729d9fe21627fd092781c37a97ef6dd9c8af4c37f19bcf581ae13425de,selective,equal_2q_budget_128,original_only,,1,3,-1.9263330061347215,-1.9263330061347215,0.09210597387617935,0.0,1.0000000000000002
original_e4,cubic_spin_glass,inst_26a052729d9fe21627fd092781c37a97ef6dd9c8af4c37f19bcf581ae13425de,selective,equal_2q_budget_256,cold,,3,3,-2.8083229263855167,-2.8083229263855167,0.10353503288905774,0.0,0.9999999999999997
original_e4,cubic_spin_glass,inst_26a052729d9fe21627fd092781c37a97ef6dd9c8af4c37f19bcf581ae13425de,selective,equal_2q_budget_256,original_only,,3,3,-2.073294263733517,-2.073294263733517,0.09413170999577558,0.0,1.0000000000000002
original_e4,cubic_spin_glass,inst_26a052729d9fe21627fd092781c37a97ef6dd9c8af4c37f19bcf581ae13425de,matched_random_selective,equal_layer_p1,cold,2026082711,1,3,-1.5788470557332628,-1.5788470557332628,0.03717477291019874,0.0,0.9999999999999997
original_e4,cubic_spin_glass,inst_26a052729d9fe21627fd092781c37a97ef6dd9c8af4c37f19bcf581ae13425de,matched_random_selective,equal_layer_p1,original_only,2026082711,1,3,-2.117804056953687,-2.117804056953687,0.08479593396305847,0.0,1.0000000000000009
original_e4,cubic_spin_glass,inst_26a052729d9fe21627fd092781c37a97ef6dd9c8af4c37f19bcf581ae13425de,matched_random_selective,equal_layer_p2,cold,2026082711,2,3,-2.768979119817251,-2.768979119817251,0.07216408773119382,0.0,1.0
original_e4,cubic_spin_glass,inst_26a052729d9fe21627fd092781c37a97ef6dd9c8af4c37f19bcf581ae13425de,matched_random_selective,equal_layer_p2,original_only,2026082711,2,3,-2.169846733922943,-2.169846733922943,0.06799908755056772,0.0,1.0000000000000009
original_e4,cubic_spin_glass,inst_26a052729d9fe21627fd092781c37a97ef6dd9c8af4c37f19bcf581ae13425de,matched_random_selective,equal_2q_budget_128,cold,2026082711,1,3,-2.938012392125223,-2.938012392125223,0.0687896337873453,0.0,1.0
original_e4,cubic_spin_glass,inst_26a052729d9fe21627fd092781c37a97ef6dd9c8af4c37f19bcf581ae13425de,matched_random_selective,equal_2q_budget_128,original_only,2026082711,1,3,-1.2088545137024864,-1.2088545137024864,0.03741080811585887,0.0,1.0000000000000004
original_e4,cubic_spin_glass,inst_26a052729d9fe21627fd092781c37a97ef6dd9c8af4c37f19bcf581ae13425de,matched_random_selective,equal_2q_budget_256,cold,2026082711,3,3,-2.7040770659417075,-2.7040770659417075,0.08927155461380341,0.0,1.0000000000000007
original_e4,cubic_spin_glass,inst_26a052729d9fe21627fd092781c37a97ef6dd9c8af4c37f19bcf581ae13425de,matched_random_selective,equal_2q_budget_256,original_only,2026082711,3,3,-3.1527476391571683,-3.1527476391571683,0.1295187633894133,0.0,1.0000000000000007
original_e4,cubic_spin_glass,inst_26a052729d9fe21627fd092781c37a97ef6dd9c8af4c37f19bcf581ae13425de,matched_random_selective,equal_layer_p1,cold,2026082712,1,3,-2.9380191391918475,-2.9380191391918475,0.06878534467567328,0.0,1.0000000000000002
original_e4,cubic_spin_glass,inst_26a052729d9fe21627fd092781c37a97ef6dd9c8af4c37f19bcf581ae13425de,matched_random_selective,equal_layer_p1,original_only,2026082712,1,3,-2.5931991892006994,-2.5931991892006994,0.10735641439098109,0.0,1.0000000000000007
original_e4,cubic_spin_glass,inst_26a052729d9fe21627fd092781c37a97ef6dd9c8af4c37f19bcf581ae13425de,matched_random_selective,equal_layer_p2,cold,2026082712,2,3,-2.195813526554847,-2.195813526554847,0.06860085421619275,0.0,1.0000000000000007
original_e4,cubic_spin_glass,inst_26a052729d9fe21627fd092781c37a97ef6dd9c8af4c37f19bcf581ae13425de,matched_random_selective,equal_layer_p2,original_only,2026082712,2,3,-2.664145388244466,-2.664145388244466,0.1182147791096856,0.0,1.0000000000000009
original_e4,cubic_spin_glass,inst_26a052729d9fe21627fd092781c37a97ef6dd9c8af4c37f19bcf581ae13425de,matched_random_selective,equal_2q_budget_128,cold,2026082712,1,3,-0.8854523311167711,-0.8854523311167711,0.023105478294331863,0.0,0.9999999999999999
original_e4,cubic_spin_glass,inst_26a052729d9fe21627fd092781c37a97ef6dd9c8af4c37f19bcf581ae13425de,matched_random_selective,equal_2q_budget_128,original_only,2026082712,1,3,-1.3569293572720997,-1.3569293572720997,0.07145422430440608,0.0,1.0000000000000002
original_e4,cubic_spin_glass,inst_26a052729d9fe21627fd092781c37a97ef6dd9c8af4c37f19bcf581ae13425de,matched_random_selective,equal_2q_budget_256,cold,2026082712,3,3,-3.312473289464362,-3.312473289464362,0.1091430586878022,0.0,0.9999999999999999
original_e4,cubic_spin_glass,inst_26a052729d9fe21627fd092781c37a97ef6dd9c8af4c37f19bcf581ae13425de,matched_random_selective,equal_2q_budget_256,original_only,2026082712,3,3,-3.204298731026286,-3.204298731026286,0.14963434085546978,0.0,1.000000000000001
original_e4,cubic_spin_glass,inst_26a052729d9fe21627fd092781c37a97ef6dd9c8af4c37f19bcf581ae13425de,matched_random_selective,equal_layer_p1,cold,2026082713,1,3,-1.6768656897182537,-1.6768656897182537,0.039071794357186086,0.0,1.0
original_e4,cubic_spin_glass,inst_26a052729d9fe21627fd092781c37a97ef6dd9c8af4c37f19bcf581ae13425de,matched_random_selective,equal_layer_p1,original_only,2026082713,1,3,-1.7406432509833187,-1.7406432509833187,0.08915028723808673,0.0,1.0000000000000007
original_e4,cubic_spin_glass,inst_26a052729d9fe21627fd092781c37a97ef6dd9c8af4c37f19bcf581ae13425de,matched_random_selective,equal_layer_p2,cold,2026082713,2,3,-2.625191067656582,-2.625191067656582,0.058332376076850385,0.0,1.0000000000000002
original_e4,cubic_spin_glass,inst_26a052729d9fe21627fd092781c37a97ef6dd9c8af4c37f19bcf581ae13425de,matched_random_selective,equal_layer_p2,original_only,2026082713,2,3,-2.1590414675963068,-2.1590414675963068,0.0715237229542391,0.0,1.0000000000000002
original_e4,cubic_spin_glass,inst_26a052729d9fe21627fd092781c37a97ef6dd9c8af4c37f19bcf581ae13425de,matched_random_selective,equal_2q_budget_128,cold,2026082713,1,3,-1.6189835214296497,-1.6189835214296497,0.04107762900533927,0.0,1.0000000000000002
original_e4,cubic_spin_glass,inst_26a052729d9fe21627fd092781c37a97ef6dd9c8af4c37f19bcf581ae13425de,matched_random_selective,equal_2q_budget_128,original_only,2026082713,1,3,-2.3067597552377923,-2.3067597552377923,0.09884395448316331,0.0,1.0000000000000007
original_e4,cubic_spin_glass,inst_26a052729d9fe21627fd092781c37a97ef6dd9c8af4c37f19bcf581ae13425de,matched_random_selective,equal_2q_budget_256,cold,2026082713,3,3,-3.452355768004795,-3.452355768004795,0.09362923942318617,0.0,1.0
original_e4,cubic_spin_glass,inst_26a052729d9fe21627fd092781c37a97ef6dd9c8af4c37f19bcf581ae13425de,matched_random_selective,equal_2q_budget_256,original_only,2026082713,3,3,-3.8724069129315737,-3.8724069129315737,0.16723605582252166,0.0,1.0000000000000009
original_e4,cubic_spin_glass,inst_26a052729d9fe21627fd092781c37a97ef6dd9c8af4c37f19bcf581ae13425de,matched_random_selective,equal_layer_p1,cold,2026082714,1,3,-2.9380118888731066,-2.9380118888731066,0.06875838903155126,0.0,1.0
original_e4,cubic_spin_glass,inst_26a052729d9fe21627fd092781c37a97ef6dd9c8af4c37f19bcf581ae13425de,matched_random_selective,equal_layer_p1,original_only,2026082714,1,3,-1.6680962091557043,-1.6680962091557043,0.05071893278975274,0.0,1.0000000000000007
original_e4,cubic_spin_glass,inst_26a052729d9fe21627fd092781c37a97ef6dd9c8af4c37f19bcf581ae13425de,matched_random_selective,equal_layer_p2,cold,2026082714,2,3,-2.118179905088436,-2.118179905088436,0.054516212872249455,0.0,1.0000000000000002
original_e4,cubic_spin_glass,inst_26a052729d9fe21627fd092781c37a97ef6dd9c8af4c37f19bcf581ae13425de,matched_random_selective,equal_layer_p2,original_only,2026082714,2,3,-3.270447268510466,-3.270447268510466,0.13874289916158286,0.0,1.000000000000001
original_e4,cubic_spin_glass,inst_26a052729d9fe21627fd092781c37a97ef6dd9c8af4c37f19bcf581ae13425de,matched_random_selective,equal_2q_budget_128,cold,2026082714,1,3,-2.468275332827689,-2.468275332827689,0.05501761239192076,0.0,1.0000000000000007
original_e4,cubic_spin_glass,inst_26a052729d9fe21627fd092781c37a97ef6dd9c8af4c37f19bcf581ae13425de,matched_random_selective,equal_2q_budget_128,original_only,2026082714,1,3,-1.639874885453457,-1.639874885453457,0.08360858718824421,0.0,1.000000000000001
original_e4,cubic_spin_glass,inst_26a052729d9fe21627fd092781c37a97ef6dd9c8af4c37f19bcf581ae13425de,matched_random_selective,equal_2q_budget_256,cold,2026082714,3,3,-3.0956361738423706,-3.0956361738423706,0.05828149426999929,0.0,1.0
original_e4,cubic_spin_glass,inst_26a052729d9fe21627fd092781c37a97ef6dd9c8af4c37f19bcf581ae13425de,matched_random_selective,equal_2q_budget_256,original_only,2026082714,3,3,-2.2999344247039404,-2.2999344247039404,0.1254683400165875,0.0,1.000000000000001
original_e4,cubic_spin_glass,inst_26a052729d9fe21627fd092781c37a97ef6dd9c8af4c37f19bcf581ae13425de,matched_random_selective,equal_layer_p1,cold,2026082715,1,3,-1.5736844672151504,-1.5736844672151504,0.04755963372153318,0.0,1.0000000000000002
original_e4,cubic_spin_glass,inst_26a052729d9fe21627fd092781c37a97ef6dd9c8af4c37f19bcf581ae13425de,matched_random_selective,equal_layer_p1,original_only,2026082715,1,3,-2.404274551663403,-2.404274551663403,0.09341393749625464,0.0,1.0000000000000004
original_e4,cubic_spin_glass,inst_26a052729d9fe21627fd092781c37a97ef6dd9c8af4c37f19bcf581ae13425de,matched_random_selective,equal_layer_p2,cold,2026082715,2,3,-2.2228071380285486,-2.2228071380285486,0.05871796564856347,0.0,0.9999999999999999
original_e4,cubic_spin_glass,inst_26a052729d9fe21627fd092781c37a97ef6dd9c8af4c37f19bcf581ae13425de,matched_random_selective,equal_layer_p2,original_only,2026082715,2,3,-2.2277250076619244,-2.2277250076619244,0.09641660897552336,0.0,1.0000000000000007
original_e4,cubic_spin_glass,inst_26a052729d9fe21627fd092781c37a97ef6dd9c8af4c37f19bcf581ae13425de,matched_random_selective,equal_2q_budget_128,cold,2026082715,1,3,-2.4682761001548235,-2.4682761001548235,0.0550551591873393,0.0,1.0
original_e4,cubic_spin_glass,inst_26a052729d9fe21627fd092781c37a97ef6dd9c8af4c37f19bcf581ae13425de,matched_random_selective,equal_2q_budget_128,original_only,2026082715,1,3,-2.5932200405801398,-2.5932200405801398,0.10738785942509349,0.0,1.0000000000000002
original_e4,cubic_spin_glass,inst_26a052729d9fe21627fd092781c37a97ef6dd9c8af4c37f19bcf581ae13425de,matched_random_selective,equal_2q_budget_256,cold,2026082715,3,3,-3.873198415743444,-3.873198415743444,0.10133756732656636,0.0,0.9999999999999994
original_e4,cubic_spin_glass,inst_26a052729d9fe21627fd092781c37a97ef6dd9c8af4c37f19bcf581ae13425de,matched_random_selective,equal_2q_budget_256,original_only,2026082715,3,3,-2.4284805747171343,-2.4284805747171343,0.1451926240429266,0.0,1.0000000000000007
original_e4,max3sat,inst_6386a5a1674291c3376f16cf10c8a127d668fed887d3581704ddfab01214aa0f,all_native,equal_layer_p1,cold,,1,3,3.4313411847785695,3.4313411847785695,0.2592809604102145,0.0,1.0
original_e4,max3sat,inst_6386a5a1674291c3376f16cf10c8a127d668fed887d3581704ddfab01214aa0f,all_native,equal_layer_p1,original_only,,1,3,3.3076886837285167,3.3076886837285167,0.2505099883463812,0.0,0.9999999999999997
original_e4,max3sat,inst_6386a5a1674291c3376f16cf10c8a127d668fed887d3581704ddfab01214aa0f,all_native,equal_layer_p2,cold,,2,3,6.141122100146919,6.141122100146919,0.15638796479089748,0.0,1.0000000000000002
original_e4,max3sat,inst_6386a5a1674291c3376f16cf10c8a127d668fed887d3581704ddfab01214aa0f,all_native,equal_layer_p2,original_only,,2,3,5.0576888448157336,5.0576888448157336,0.16154564732705998,0.0,1.0000000000000002
original_e4,max3sat,inst_6386a5a1674291c3376f16cf10c8a127d668fed887d3581704ddfab01214aa0f,all_native,equal_2q_budget_128,cold,,0,3,8.625,8.625,0.078125,0.0,1.0
original_e4,max3sat,inst_6386a5a1674291c3376f16cf10c8a127d668fed887d3581704ddfab01214aa0f,all_native,equal_2q_budget_128,original_only,,0,3,7.725000000000004,7.725000000000004,0.07882812500000003,0.0,1.0
original_e4,max3sat,inst_6386a5a1674291c3376f16cf10c8a127d668fed887d3581704ddfab01214aa0f,all_native,equal_2q_budget_256,cold,,1,3,3.431384537594536,3.431384537594536,0.25941614994939227,0.0,0.9999999999999994
original_e4,max3sat,inst_6386a5a1674291c3376f16cf10c8a127d668fed887d3581704ddfab01214aa0f,all_native,equal_2q_budget_256,original_only,,1,3,5.511271635495948,5.511271635495948,0.1543935119375527,0.0,1.0000000000000002
original_e4,max3sat,inst_6386a5a1674291c3376f16cf10c8a127d668fed887d3581704ddfab01214aa0f,fully_quadratized,equal_layer_p1,cold,,1,3,7.158393076762205,27.25978947744545,0.09833917494681844,0.7335532991354355,0.9999999999999991
original_e4,max3sat,inst_6386a5a1674291c3376f16cf10c8a127d668fed887d3581704ddfab01214aa0f,fully_quadratized,equal_layer_p1,original_only,,1,3,6.200618278990665,26.650849942791613,0.10858312654995468,0.7356171989543302,0.9999999999999996
original_e4,max3sat,inst_6386a5a1674291c3376f16cf10c8a127d668fed887d3581704ddfab01214aa0f,fully_quadratized,equal_layer_p1,pair,,1,3,5.593156417953438,17.32413786638503,0.14790653104600615,0.5799426498003685,1.0000000000000002
original_e4,max3sat,inst_6386a5a1674291c3376f16cf10c8a127d668fed887d3581704ddfab01214aa0f,fully_quadratized,equal_layer_p1,independence,,1,3,6.249121201209458,24.198476965904536,0.10570097354024859,0.667824539610333,1.0000000000000002
original_e4,max3sat,inst_6386a5a1674291c3376f16cf10c8a127d668fed887d3581704ddfab01214aa0f,fully_quadratized,equal_layer_p2,cold,,2,3,7.641631795036843,29.15684610730173,0.1244033334409379,0.764160235548692,0.9999999999999996
original_e4,max3sat,inst_6386a5a1674291c3376f16cf10c8a127d668fed887d3581704ddfab01214aa0f,fully_quadratized,equal_layer_p2,original_only,,2,3,7.3599459305619055,29.105338130928317,0.10303010375199469,0.754411755824152,1.0000000000000018
original_e4,max3sat,inst_6386a5a1674291c3376f16cf10c8a127d668fed887d3581704ddfab01214aa0f,fully_quadratized,equal_layer_p2,pair,,2,3,6.890834489986102,24.605530597452596,0.10891269783163159,0.7027947419235737,1.0000000000000002
original_e4,max3sat,inst_6386a5a1674291c3376f16cf10c8a127d668fed887d3581704ddfab01214aa0f,fully_quadratized,equal_layer_p2,independence,,2,3,7.141579753737788,28.638188245804486,0.11555086055761969,0.7597049001918372,0.9999999999999997
original_e4,max3sat,inst_6386a5a1674291c3376f16cf10c8a127d668fed887d3581704ddfab01214aa0f,fully_quadratized,equal_2q_budget_128,cold,,1,3,6.915859406058977,25.32359032366848,0.13046201248916456,0.7238010662267724,0.9999999999999999
original_e4,max3sat,inst_6386a5a1674291c3376f16cf10c8a127d668fed887d3581704ddfab01214aa0f,fully_quadratized,equal_2q_budget_128,original_only,,1,3,6.6927190673681425,27.44767056070451,0.11653047544425327,0.7367487699713351,1.0000000000000007
original_e4,max3sat,inst_6386a5a1674291c3376f16cf10c8a127d668fed887d3581704ddfab01214aa0f,fully_quadratized,equal_2q_budget_128,pair,,1,3,6.115157754759369,19.26198018906991,0.12173610408355817,0.6027677569502227,0.9999999999999996
original_e4,max3sat,inst_6386a5a1674291c3376f16cf10c8a127d668fed887d3581704ddfab01214aa0f,fully_quadratized,equal_2q_budget_128,independence,,1,3,5.563035126739282,19.592372239709672,0.136480238983723,0.6335216761371414,1.0
original_e4,max3sat,inst_6386a5a1674291c3376f16cf10c8a127d668fed887d3581704ddfab01214aa0f,fully_quadratized,equal_2q_budget_256,cold,,2,3,6.612600645860927,24.316845999822732,0.11434682447983661,0.7254159896828045,0.9999999999999997
original_e4,max3sat,inst_6386a5a1674291c3376f16cf10c8a127d668fed887d3581704ddfab01214aa0f,fully_quadratized,equal_2q_budget_256,original_only,,2,3,6.678636045459563,28.88015049893566,0.12119100193840415,0.742808735578739,1.0000000000000007
original_e4,max3sat,inst_6386a5a1674291c3376f16cf10c8a127d668fed887d3581704ddfab01214aa0f,fully_quadratized,equal_2q_budget_256,pair,,2,3,6.023439790682821,21.22054622546659,0.14272507654114822,0.6499292440991616,1.0
original_e4,max3sat,inst_6386a5a1674291c3376f16cf10c8a127d668fed887d3581704ddfab01214aa0f,fully_quadratized,equal_2q_budget_256,independence,,2,3,6.579153614295706,28.568679031380753,0.12834170059460343,0.7499502489087456,0.9999999999999994
original_e4,max3sat,inst_6386a5a1674291c3376f16cf10c8a127d668fed887d3581704ddfab01214aa0f,selective,equal_layer_p1,cold,,1,3,7.706416624127715,25.29553044740634,0.13369296173135678,0.759129668453606,1.0000000000000007
original_e4,max3sat,inst_6386a5a1674291c3376f16cf10c8a127d668fed887d3581704ddfab01214aa0f,selective,equal_layer_p1,original_only,,1,3,7.259470759629104,23.598037998613137,0.12967410927816758,0.724643034665298,1.0000000000000009
original_e4,max3sat,inst_6386a5a1674291c3376f16cf10c8a127d668fed887d3581704ddfab01214aa0f,selective,equal_layer_p1,pair,,1,3,6.757505819664092,19.70017244842875,0.12166697630683981,0.6544280472199131,1.0000000000000002
original_e4,max3sat,inst_6386a5a1674291c3376f16cf10c8a127d668fed887d3581704ddfab01214aa0f,selective,equal_layer_p1,independence,,1,3,6.979302635828461,25.720794359886444,0.12878905549460204,0.7491429502267545,1.0
original_e4,max3sat,inst_6386a5a1674291c3376f16cf10c8a127d668fed887d3581704ddfab01214aa0f,selective,equal_layer_p2,cold,,2,3,7.227022992987057,24.62527138311646,0.11675907053059813,0.76953029653788,0.9999999999999994
original_e4,max3sat,inst_6386a5a1674291c3376f16cf10c8a127d668fed887d3581704ddfab01214aa0f,selective,equal_layer_p2,original_only,,2,3,6.71023262926384,25.063493188528174,0.10636963696445534,0.7731694818333469,1.0000000000000007
original_e4,max3sat,inst_6386a5a1674291c3376f16cf10c8a127d668fed887d3581704ddfab01214aa0f,selective,equal_layer_p2,pair,,2,3,6.430738777724614,18.4364747470034,0.12832885279258743,0.6264019805943839,0.9999999999999997
original_e4,max3sat,inst_6386a5a1674291c3376f16cf10c8a127d668fed887d3581704ddfab01214aa0f,selective,equal_layer_p2,independence,,2,3,6.494611909209536,22.660643087959613,0.1299073710805434,0.7443278250756292,1.0000000000000002
original_e4,max3sat,inst_6386a5a1674291c3376f16cf10c8a127d668fed887d3581704ddfab01214aa0f,selective,equal_2q_budget_128,cold,,1,3,7.608541194658933,25.484260345640333,0.10890448933345688,0.7667109634572741,1.0000000000000002
original_e4,max3sat,inst_6386a5a1674291c3376f16cf10c8a127d668fed887d3581704ddfab01214aa0f,selective,equal_2q_budget_128,original_only,,1,3,6.811116614906947,24.388189029418147,0.1123930268287409,0.7707514536065099,1.0000000000000002
original_e4,max3sat,inst_6386a5a1674291c3376f16cf10c8a127d668fed887d3581704ddfab01214aa0f,selective,equal_2q_budget_128,pair,,1,3,6.63193287962105,18.26735475091388,0.10857364487209865,0.6057159542684928,1.0000000000000002
original_e4,max3sat,inst_6386a5a1674291c3376f16cf10c8a127d668fed887d3581704ddfab01214aa0f,selective,equal_2q_budget_128,independence,,1,3,6.838693172997645,19.57033951417937,0.10940913888439606,0.6387770917098136,0.9999999999999994
original_e4,max3sat,inst_6386a5a1674291c3376f16cf10c8a127d668fed887d3581704ddfab01214aa0f,selective,equal_2q_budget_256,cold,,2,3,7.656126183534976,24.144530562686978,0.11874839137355046,0.746300363527229,1.0000000000000007
original_e4,max3sat,inst_6386a5a1674291c3376f16cf10c8a127d668fed887d3581704ddfab01214aa0f,selective,equal_2q_budget_256,original_only,,2,3,7.104332125440416,23.58296446608432,0.09844522181769515,0.7533428063020562,1.0000000000000016
original_e4,max3sat,inst_6386a5a1674291c3376f16cf10c8a127d668fed887d3581704ddfab01214aa0f,selective,equal_2q_budget_256,pair,,2,3,6.570924060954318,17.87021313606056,0.12670113387444135,0.6294861146805708,1.0000000000000002
original_e4,max3sat,inst_6386a5a1674291c3376f16cf10c8a127d668fed887d3581704ddfab01214aa0f,selective,equal_2q_budget_256,independence,,2,3,6.393377572608021,15.91997454822561,0.1082826698123898,0.5069529968438434,0.9999999999999991
original_e4,max3sat,inst_6386a5a1674291c3376f16cf10c8a127d668fed887d3581704ddfab01214aa0f,matched_random_selective,equal_layer_p1,cold,2026082711,1,3,7.681878226720851,14.004870296696007,0.12795804333256167,0.767803077797057,1.0000000000000002
original_e4,max3sat,inst_6386a5a1674291c3376f16cf10c8a127d668fed887d3581704ddfab01214aa0f,matched_random_selective,equal_layer_p1,original_only,2026082711,1,3,6.950114340405537,16.62160983663271,0.11322453177356077,0.8083121856668,1.0000000000000002
original_e4,max3sat,inst_6386a5a1674291c3376f16cf10c8a127d668fed887d3581704ddfab01214aa0f,matched_random_selective,equal_layer_p1,pair,2026082711,1,3,6.46391655662782,9.523635063497599,0.1466202389110227,0.4420771670299357,1.0000000000000002
original_e4,max3sat,inst_6386a5a1674291c3376f16cf10c8a127d668fed887d3581704ddfab01214aa0f,matched_random_selective,equal_layer_p1,independence,2026082711,1,3,6.505918205891086,9.451111468700953,0.13224395644506118,0.5450208317822335,1.0000000000000002
original_e4,max3sat,inst_6386a5a1674291c3376f16cf10c8a127d668fed887d3581704ddfab01214aa0f,matched_random_selective,equal_layer_p2,cold,2026082711,2,3,6.485562967256999,11.93554456489781,0.15900433189252164,0.6548217492271627,0.9999999999999988
original_e4,max3sat,inst_6386a5a1674291c3376f16cf10c8a127d668fed887d3581704ddfab01214aa0f,matched_random_selective,equal_layer_p2,original_only,2026082711,2,3,6.529213037441313,15.694592638458436,0.1515271704734828,0.8355690839557196,0.9999999999999991
original_e4,max3sat,inst_6386a5a1674291c3376f16cf10c8a127d668fed887d3581704ddfab01214aa0f,matched_random_selective,equal_layer_p2,pair,2026082711,2,3,6.337928463512738,10.794783778529583,0.17659723849458886,0.5541389414643776,1.0000000000000002
original_e4,max3sat,inst_6386a5a1674291c3376f16cf10c8a127d668fed887d3581704ddfab01214aa0f,matched_random_selective,equal_layer_p2,independence,2026082711,2,3,6.571789373447531,10.693668620782708,0.16729046945860138,0.6344216293059985,1.0
original_e4,max3sat,inst_6386a5a1674291c3376f16cf10c8a127d668fed887d3581704ddfab01214aa0f,matched_random_selective,equal_2q_budget_128,cold,2026082711,0,3,8.625,15.75,0.078125,0.75,1.0
original_e4,max3sat,inst_6386a5a1674291c3376f16cf10c8a127d668fed887d3581704ddfab01214aa0f,matched_random_selective,equal_2q_budget_128,original_only,2026082711,0,3,7.725000000000005,16.76250000000001,0.07882812500000001,0.7500000000000014,1.0
original_e4,max3sat,inst_6386a5a1674291c3376f16cf10c8a127d668fed887d3581704ddfab01214aa0f,matched_random_selective,equal_2q_budget_128,pair,2026082711,0,3,7.725000000000002,9.607500000000002,0.07882812500000001,0.32756250000000037,1.0000000000000004
original_e4,max3sat,inst_6386a5a1674291c3376f16cf10c8a127d668fed887d3581704ddfab01214aa0f,matched_random_selective,equal_2q_budget_128,independence,2026082711,0,3,7.725000000000002,9.660000000000005,0.07882812500000003,0.40546874999999954,1.0000000000000002
original_e4,max3sat,inst_6386a5a1674291c3376f16cf10c8a127d668fed887d3581704ddfab01214aa0f,matched_random_selective,equal_2q_budget_256,cold,2026082711,1,3,6.442547935209961,13.92264857722329,0.14942116834548225,0.721812626977278,0.9999999999999996
original_e4,max3sat,inst_6386a5a1674291c3376f16cf10c8a127d668fed887d3581704ddfab01214aa0f,matched_random_selective,equal_2q_budget_256,original_only,2026082711,1,3,5.625937936601267,13.941573990966743,0.15907767913178214,0.7301231305049422,1.0000000000000002
original_e4,max3sat,inst_6386a5a1674291c3376f16cf10c8a127d668fed887d3581704ddfab01214aa0f,matched_random_selective,equal_2q_budget_256,pair,2026082711,1,3,5.453551351519131,7.93618897761181,0.18297841592827258,0.3568997479180956,1.0000000000000002
original_e4,max3sat,inst_6386a5a1674291c3376f16cf10c8a127d668fed887d3581704ddfab01214aa0f,matched_random_selective,equal_2q_budget_256,independence,2026082711,1,3,5.557157629436401,7.6853232728817344,0.18627778646527812,0.4299778413945581,1.0000000000000002
original_e4,max3sat,inst_6386a5a1674291c3376f16cf10c8a127d668fed887d3581704ddfab01214aa0f,matched_random_selective,equal_layer_p1,cold,2026082712,1,3,7.294508305608699,19.288821148824596,0.12788788603167178,0.7396395720275878,1.0
original_e4,max3sat,inst_6386a5a1674291c3376f16cf10c8a127d668fed887d3581704ddfab01214aa0f,matched_random_selective,equal_layer_p1,original_only,2026082712,1,3,6.73564165724332,19.1764706076786,0.13498225520012053,0.7749047818266955,1.0000000000000007
original_e4,max3sat,inst_6386a5a1674291c3376f16cf10c8a127d668fed887d3581704ddfab01214aa0f,matched_random_selective,equal_layer_p1,pair,2026082712,1,3,6.164630707007753,12.726229872189066,0.11280245303574642,0.5245200860342369,1.0000000000000007
original_e4,max3sat,inst_6386a5a1674291c3376f16cf10c8a127d668fed887d3581704ddfab01214aa0f,matched_random_selective,equal_layer_p1,independence,2026082712,1,3,5.815954435172979,15.222463058848213,0.14100545741975304,0.5886004729132078,1.0
original_e4,max3sat,inst_6386a5a1674291c3376f16cf10c8a127d668fed887d3581704ddfab01214aa0f,matched_random_selective,equal_layer_p2,cold,2026082712,2,3,7.216594959912122,22.363034310766206,0.13811688733294736,0.8293244001366661,1.000000000000001
original_e4,max3sat,inst_6386a5a1674291c3376f16cf10c8a127d668fed887d3581704ddfab01214aa0f,matched_random_selective,equal_layer_p2,original_only,2026082712,2,3,6.685352057601983,19.461466768694617,0.1495775713383248,0.7643844663429977,1.0000000000000004
original_e4,max3sat,inst_6386a5a1674291c3376f16cf10c8a127d668fed887d3581704ddfab01214aa0f,matched_random_selective,equal_layer_p2,pair,2026082712,2,3,5.915211937881076,13.937572960414306,0.08225044086980907,0.5711936245482842,1.000000000000001
original_e4,max3sat,inst_6386a5a1674291c3376f16cf10c8a127d668fed887d3581704ddfab01214aa0f,matched_random_selective,equal_layer_p2,independence,2026082712,2,3,6.711118019873143,19.84736335716899,0.1250724200523212,0.7653870489104811,1.0000000000000004
original_e4,max3sat,inst_6386a5a1674291c3376f16cf10c8a127d668fed887d3581704ddfab01214aa0f,matched_random_selective,equal_2q_budget_128,cold,2026082712,1,3,7.975818478239432,20.767760867450534,0.07544531074600784,0.7580085081576732,1.0000000000000002
original_e4,max3sat,inst_6386a5a1674291c3376f16cf10c8a127d668fed887d3581704ddfab01214aa0f,matched_random_selective,equal_2q_budget_128,original_only,2026082712,1,3,6.491884944640707,18.820299882555307,0.11492453215820254,0.7732476753008365,1.000000000000001
original_e4,max3sat,inst_6386a5a1674291c3376f16cf10c8a127d668fed887d3581704ddfab01214aa0f,matched_random_selective,equal_2q_budget_128,pair,2026082712,1,3,6.6164151593099305,13.331188499498941,0.0862294151493987,0.518743387163678,1.0
original_e4,max3sat,inst_6386a5a1674291c3376f16cf10c8a127d668fed887d3581704ddfab01214aa0f,matched_random_selective,equal_2q_budget_128,independence,2026082712,1,3,6.490489857431569,15.959484988223489,0.11109102716421117,0.6705501055178219,1.0000000000000002
original_e4,max3sat,inst_6386a5a1674291c3376f16cf10c8a127d668fed887d3581704ddfab01214aa0f,matched_random_selective,equal_2q_budget_256,cold,2026082712,2,3,7.392927190147373,19.07574186708349,0.08130346719821667,0.7514903725287582,0.9999999999999994
original_e4,max3sat,inst_6386a5a1674291c3376f16cf10c8a127d668fed887d3581704ddfab01214aa0f,matched_random_selective,equal_2q_budget_256,original_only,2026082712,2,3,6.43523227339564,19.490181974518098,0.1139731019192808,0.8167240358582101,1.0000000000000002
original_e4,max3sat,inst_6386a5a1674291c3376f16cf10c8a127d668fed887d3581704ddfab01214aa0f,matched_random_selective,equal_2q_budget_256,pair,2026082712,2,3,6.404844823181441,13.973048439723678,0.07234653169190738,0.5186047253336674,1.0000000000000009
original_e4,max3sat,inst_6386a5a1674291c3376f16cf10c8a127d668fed887d3581704ddfab01214aa0f,matched_random_selective,equal_2q_budget_256,independence,2026082712,2,3,5.488264545463753,15.148393334959607,0.15892302979705555,0.6169910868281749,1.0000000000000002
original_e4,max3sat,inst_6386a5a1674291c3376f16cf10c8a127d668fed887d3581704ddfab01214aa0f,matched_random_selective,equal_layer_p1,cold,2026082713,1,3,7.883556297607577,15.429656386959223,0.10712714571936587,0.7524611245782249,1.0000000000000002
original_e4,max3sat,inst_6386a5a1674291c3376f16cf10c8a127d668fed887d3581704ddfab01214aa0f,matched_random_selective,equal_layer_p1,original_only,2026082713,1,3,6.853391001643793,14.73335003302954,0.13584138484132327,0.7545820097818399,1.0000000000000007
original_e4,max3sat,inst_6386a5a1674291c3376f16cf10c8a127d668fed887d3581704ddfab01214aa0f,matched_random_selective,equal_layer_p1,pair,2026082713,1,3,6.94330884725947,12.439075918337926,0.12827625232378873,0.6403322671352899,1.0000000000000009
original_e4,max3sat,inst_6386a5a1674291c3376f16cf10c8a127d668fed887d3581704ddfab01214aa0f,matched_random_selective,equal_layer_p1,independence,2026082713,1,3,6.477126043222383,9.931890077582443,0.12198977156132466,0.5336659226683428,0.9999999999999997
original_e4,max3sat,inst_6386a5a1674291c3376f16cf10c8a127d668fed887d3581704ddfab01214aa0f,matched_random_selective,equal_layer_p2,cold,2026082713,2,3,5.947303492563499,9.965715015796514,0.14153932647700637,0.6551729559145014,1.000000000000001
original_e4,max3sat,inst_6386a5a1674291c3376f16cf10c8a127d668fed887d3581704ddfab01214aa0f,matched_random_selective,equal_layer_p2,original_only,2026082713,2,3,4.410948783893736,6.564700789480898,0.21224878030276365,0.4981317223535083,1.0000000000000002
original_e4,max3sat,inst_6386a5a1674291c3376f16cf10c8a127d668fed887d3581704ddfab01214aa0f,matched_random_selective,equal_layer_p2,pair,2026082713,2,3,5.335208964646114,8.75158745634647,0.20898973361150067,0.509104209495154,1.0000000000000007
original_e4,max3sat,inst_6386a5a1674291c3376f16cf10c8a127d668fed887d3581704ddfab01214aa0f,matched_random_selective,equal_layer_p2,independence,2026082713,2,3,5.0984192796877,7.821744281873446,0.16353512008026413,0.4552856757919738,1.0000000000000007
original_e4,max3sat,inst_6386a5a1674291c3376f16cf10c8a127d668fed887d3581704ddfab01214aa0f,matched_random_selective,equal_2q_budget_128,cold,2026082713,0,3,8.625,14.625,0.078125,0.75,1.0
original_e4,max3sat,inst_6386a5a1674291c3376f16cf10c8a127d668fed887d3581704ddfab01214aa0f,matched_random_selective,equal_2q_budget_128,original_only,2026082713,0,3,7.725000000000005,14.287500000000003,0.07882812500000001,0.7500000000000014,1.0
original_e4,max3sat,inst_6386a5a1674291c3376f16cf10c8a127d668fed887d3581704ddfab01214aa0f,matched_random_selective,equal_2q_budget_128,pair,2026082713,0,3,7.725000000000002,11.542500000000002,0.07882812500000005,0.53625,1.0000000000000007
original_e4,max3sat,inst_6386a5a1674291c3376f16cf10c8a127d668fed887d3581704ddfab01214aa0f,matched_random_selective,equal_2q_budget_128,independence,2026082713,0,3,7.725000000000002,10.015000000000008,0.07882812500000003,0.4024999999999996,1.0000000000000002
original_e4,max3sat,inst_6386a5a1674291c3376f16cf10c8a127d668fed887d3581704ddfab01214aa0f,matched_random_selective,equal_2q_budget_256,cold,2026082713,1,3,6.562322609188406,10.970747509820336,0.13145845371326464,0.6336378374040313,0.9999999999999994
original_e4,max3sat,inst_6386a5a1674291c3376f16cf10c8a127d668fed887d3581704ddfab01214aa0f,matched_random_selective,equal_2q_budget_256,original_only,2026082713,1,3,5.022880150558794,9.491716362668475,0.19785082910149998,0.6089768181349524,0.9999999999999997
original_e4,max3sat,inst_6386a5a1674291c3376f16cf10c8a127d668fed887d3581704ddfab01214aa0f,matched_random_selective,equal_2q_budget_256,pair,2026082713,1,3,5.717218042977393,8.807026958562178,0.13221527468438185,0.47048333952806803,1.0000000000000009
original_e4,max3sat,inst_6386a5a1674291c3376f16cf10c8a127d668fed887d3581704ddfab01214aa0f,matched_random_selective,equal_2q_budget_256,independence,2026082713,1,3,5.640799419801678,7.754991034336165,0.12895880505400423,0.3760099419542775,0.9999999999999999
original_e4,max3sat,inst_6386a5a1674291c3376f16cf10c8a127d668fed887d3581704ddfab01214aa0f,matched_random_selective,equal_layer_p1,cold,2026082714,1,3,6.905392863352305,14.028507075571307,0.12059480519904402,0.6167657195325251,0.9999999999999997
original_e4,max3sat,inst_6386a5a1674291c3376f16cf10c8a127d668fed887d3581704ddfab01214aa0f,matched_random_selective,equal_layer_p1,original_only,2026082714,1,3,5.930477840016348,14.79212911925776,0.14893401951623247,0.6550364137412942,0.9999999999999997
original_e4,max3sat,inst_6386a5a1674291c3376f16cf10c8a127d668fed887d3581704ddfab01214aa0f,matched_random_selective,equal_layer_p1,pair,2026082714,1,3,5.417386356442688,8.385291030372201,0.1820219579049243,0.5452360808038436,1.000000000000001
original_e4,max3sat,inst_6386a5a1674291c3376f16cf10c8a127d668fed887d3581704ddfab01214aa0f,matched_random_selective,equal_layer_p1,independence,2026082714,1,3,5.653744850787301,11.22411303010792,0.16255514490546968,0.5511921969207775,1.0000000000000002
original_e4,max3sat,inst_6386a5a1674291c3376f16cf10c8a127d668fed887d3581704ddfab01214aa0f,matched_random_selective,equal_layer_p2,cold,2026082714,2,3,5.410783433800894,10.61651674628249,0.170350005006356,0.4820358214648787,0.9999999999999996
original_e4,max3sat,inst_6386a5a1674291c3376f16cf10c8a127d668fed887d3581704ddfab01214aa0f,matched_random_selective,equal_layer_p2,original_only,2026082714,2,3,5.364532803202955,13.624679515084145,0.17261405661099716,0.6381684192092101,1.0000000000000007
original_e4,max3sat,inst_6386a5a1674291c3376f16cf10c8a127d668fed887d3581704ddfab01214aa0f,matched_random_selective,equal_layer_p2,pair,2026082714,2,3,4.928869876456999,9.563682665883574,0.2127350599874823,0.549784570368707,1.0000000000000009
original_e4,max3sat,inst_6386a5a1674291c3376f16cf10c8a127d668fed887d3581704ddfab01214aa0f,matched_random_selective,equal_layer_p2,independence,2026082714,2,3,5.125284949939332,13.551084703156468,0.21586212526606693,0.6072966545201965,1.0000000000000002
original_e4,max3sat,inst_6386a5a1674291c3376f16cf10c8a127d668fed887d3581704ddfab01214aa0f,matched_random_selective,equal_2q_budget_128,cold,2026082714,0,3,8.625,18.875,0.078125,0.75,1.0
original_e4,max3sat,inst_6386a5a1674291c3376f16cf10c8a127d668fed887d3581704ddfab01214aa0f,matched_random_selective,equal_2q_budget_128,original_only,2026082714,0,3,7.725000000000005,17.975000000000005,0.07882812500000001,0.7500000000000014,1.0
original_e4,max3sat,inst_6386a5a1674291c3376f16cf10c8a127d668fed887d3581704ddfab01214aa0f,matched_random_selective,equal_2q_budget_128,pair,2026082714,0,3,7.725000000000002,12.800000000000004,0.07882812500000005,0.6374999999999996,1.0000000000000007
original_e4,max3sat,inst_6386a5a1674291c3376f16cf10c8a127d668fed887d3581704ddfab01214aa0f,matched_random_selective,equal_2q_budget_128,independence,2026082714,0,3,7.724999999999995,13.725000000000001,0.07882812500000003,0.6093749999999992,1.0
original_e4,max3sat,inst_6386a5a1674291c3376f16cf10c8a127d668fed887d3581704ddfab01214aa0f,matched_random_selective,equal_2q_budget_256,cold,2026082714,1,3,6.894614413560653,15.105033261056157,0.10707578290871207,0.6672095765952979,0.9999999999999996
original_e4,max3sat,inst_6386a5a1674291c3376f16cf10c8a127d668fed887d3581704ddfab01214aa0f,matched_random_selective,equal_2q_budget_256,original_only,2026082714,1,3,5.943930864801408,13.661610381708803,0.11099919147065453,0.6474762172855317,1.0000000000000007
original_e4,max3sat,inst_6386a5a1674291c3376f16cf10c8a127d668fed887d3581704ddfab01214aa0f,matched_random_selective,equal_2q_budget_256,pair,2026082714,1,3,6.719349388566783,13.660934923080589,0.09849080708238685,0.710130322040003,1.0000000000000007
original_e4,max3sat,inst_6386a5a1674291c3376f16cf10c8a127d668fed887d3581704ddfab01214aa0f,matched_random_selective,equal_2q_budget_256,independence,2026082714,1,3,6.612745986814727,15.090285418287522,0.0883206771515087,0.6550961050773838,1.0
original_e4,max3sat,inst_6386a5a1674291c3376f16cf10c8a127d668fed887d3581704ddfab01214aa0f,matched_random_selective,equal_layer_p1,cold,2026082715,1,3,6.3714527090791195,10.974195791346423,0.11380261760198569,0.5495423613748721,0.9999999999999992
original_e4,max3sat,inst_6386a5a1674291c3376f16cf10c8a127d668fed887d3581704ddfab01214aa0f,matched_random_selective,equal_layer_p1,original_only,2026082715,1,3,5.70439414180412,14.29435740972651,0.1466592899997939,0.6982242956733935,1.0000000000000002
original_e4,max3sat,inst_6386a5a1674291c3376f16cf10c8a127d668fed887d3581704ddfab01214aa0f,matched_random_selective,equal_layer_p1,pair,2026082715,1,3,5.6656436222138025,9.994703636934668,0.16693490114019296,0.4534003605938612,1.0000000000000007
original_e4,max3sat,inst_6386a5a1674291c3376f16cf10c8a127d668fed887d3581704ddfab01214aa0f,matched_random_selective,equal_layer_p1,independence,2026082715,1,3,5.525969462133589,9.048690911747792,0.17201701800212588,0.4139689854001029,1.0000000000000002
original_e4,max3sat,inst_6386a5a1674291c3376f16cf10c8a127d668fed887d3581704ddfab01214aa0f,matched_random_selective,equal_layer_p2,cold,2026082715,2,3,5.394858596652695,8.68486274459346,0.1573337844251597,0.5160758952329547,1.0000000000000002
original_e4,max3sat,inst_6386a5a1674291c3376f16cf10c8a127d668fed887d3581704ddfab01214aa0f,matched_random_selective,equal_layer_p2,original_only,2026082715,2,3,6.160508089013038,15.869388957847846,0.1325264615747343,0.7068294364306037,1.0000000000000007
original_e4,max3sat,inst_6386a5a1674291c3376f16cf10c8a127d668fed887d3581704ddfab01214aa0f,matched_random_selective,equal_layer_p2,pair,2026082715,2,3,6.366781471420505,11.37273616885424,0.15332004570924118,0.6010106580185559,1.0
original_e4,max3sat,inst_6386a5a1674291c3376f16cf10c8a127d668fed887d3581704ddfab01214aa0f,matched_random_selective,equal_layer_p2,independence,2026082715,2,3,5.991801137931037,11.172628211718207,0.1735254239072528,0.5496190650131563,0.9999999999999996
original_e4,max3sat,inst_6386a5a1674291c3376f16cf10c8a127d668fed887d3581704ddfab01214aa0f,matched_random_selective,equal_2q_budget_128,cold,2026082715,0,3,8.625,17.125,0.078125,0.75,1.0
original_e4,max3sat,inst_6386a5a1674291c3376f16cf10c8a127d668fed887d3581704ddfab01214aa0f,matched_random_selective,equal_2q_budget_128,original_only,2026082715,0,3,7.725000000000005,18.137500000000006,0.07882812500000001,0.7500000000000014,1.0
original_e4,max3sat,inst_6386a5a1674291c3376f16cf10c8a127d668fed887d3581704ddfab01214aa0f,matched_random_selective,equal_2q_budget_128,pair,2026082715,0,3,7.725000000000002,11.882500000000006,0.07882812500000005,0.53625,1.0000000000000007
original_e4,max3sat,inst_6386a5a1674291c3376f16cf10c8a127d668fed887d3581704ddfab01214aa0f,matched_random_selective,equal_2q_budget_128,independence,2026082715,0,3,7.725000000000002,10.160000000000004,0.07882812500000003,0.4024999999999996,1.0000000000000002
original_e4,max3sat,inst_6386a5a1674291c3376f16cf10c8a127d668fed887d3581704ddfab01214aa0f,matched_random_selective,equal_2q_budget_256,cold,2026082715,1,3,7.508154689758084,16.553984332417084,0.07940593131230786,0.7695478847867893,1.0
original_e4,max3sat,inst_6386a5a1674291c3376f16cf10c8a127d668fed887d3581704ddfab01214aa0f,matched_random_selective,equal_2q_budget_256,original_only,2026082715,1,3,6.898113455981307,18.14696976099958,0.10714548841670733,0.7978520794942012,1.0000000000000002
original_e4,max3sat,inst_6386a5a1674291c3376f16cf10c8a127d668fed887d3581704ddfab01214aa0f,matched_random_selective,equal_2q_budget_256,pair,2026082715,1,3,6.746455851272176,12.255771319742246,0.12042826272458795,0.5530002287258731,0.9999999999999999
original_e4,max3sat,inst_6386a5a1674291c3376f16cf10c8a127d668fed887d3581704ddfab01214aa0f,matched_random_selective,equal_2q_budget_256,independence,2026082715,1,3,6.57430539810505,11.299814238311233,0.14487437503702585,0.4921113900779244,1.0000000000000009
original_e4,cubic_spin_glass,inst_68182ec61906beaeaf985399446793651206286ca861e2884f2f8538db8f65f6,all_native,equal_layer_p1,cold,,1,3,-2.292689725913634,-2.292689725913634,0.3998437211352795,0.0,1.0000000000000002
original_e4,cubic_spin_glass,inst_68182ec61906beaeaf985399446793651206286ca861e2884f2f8538db8f65f6,all_native,equal_layer_p1,original_only,,1,3,-1.3723889542803747,-1.3723889542803747,0.2541868923873059,0.0,1.0000000000000007
original_e4,cubic_spin_glass,inst_68182ec61906beaeaf985399446793651206286ca861e2884f2f8538db8f65f6,all_native,equal_layer_p2,cold,,2,3,-1.9619190081904092,-1.9619190081904092,0.32561841533205876,0.0,1.0000000000000007
original_e4,cubic_spin_glass,inst_68182ec61906beaeaf985399446793651206286ca861e2884f2f8538db8f65f6,all_native,equal_layer_p2,original_only,,2,3,-1.539301807906708,-1.539301807906708,0.30999295713802594,0.0,1.0000000000000009
original_e4,cubic_spin_glass,inst_68182ec61906beaeaf985399446793651206286ca861e2884f2f8538db8f65f6,all_native,equal_2q_budget_128,cold,,4,3,-2.3106648467491095,-2.3106648467491095,0.3842770836350435,0.0,1.0
original_e4,cubic_spin_glass,inst_68182ec61906beaeaf985399446793651206286ca861e2884f2f8538db8f65f6,all_native,equal_2q_budget_128,original_only,,4,3,-2.012273609527306,-2.012273609527306,0.35206366990545823,0.0,1.0000000000000007
original_e4,cubic_spin_glass,inst_68182ec61906beaeaf985399446793651206286ca861e2884f2f8538db8f65f6,all_native,equal_2q_budget_256,cold,,8,3,-2.07443564186947,-2.07443564186947,0.4877679582693039,0.0,0.9999999999999996
original_e4,cubic_spin_glass,inst_68182ec61906beaeaf985399446793651206286ca861e2884f2f8538db8f65f6,all_native,equal_2q_budget_256,original_only,,8,3,-1.4896721569259321,-1.4896721569259321,0.30564673148007,0.0,0.9999999999999997
original_e4,cubic_spin_glass,inst_68182ec61906beaeaf985399446793651206286ca861e2884f2f8538db8f65f6,fully_quadratized,equal_layer_p1,cold,,1,3,-0.28773380738498905,35.07491847039996,0.153080111763399,0.905253982530947,1.0
original_e4,cubic_spin_glass,inst_68182ec61906beaeaf985399446793651206286ca861e2884f2f8538db8f65f6,fully_quadratized,equal_layer_p1,original_only,,1,3,-0.2789883035718301,36.398978546188836,0.14666743686983638,0.9113503580237624,1.0000000000000016
original_e4,cubic_spin_glass,inst_68182ec61906beaeaf985399446793651206286ca861e2884f2f8538db8f65f6,fully_quadratized,equal_layer_p1,pair,,1,3,-0.5348196651525675,36.21721139161138,0.16453347108306213,0.8757911384850695,1.0000000000000007
original_e4,cubic_spin_glass,inst_68182ec61906beaeaf985399446793651206286ca861e2884f2f8538db8f65f6,fully_quadratized,equal_layer_p1,independence,,1,3,-0.6098425637684457,32.63511803974633,0.16118710242521295,0.8681416552749682,1.0000000000000002
original_e4,cubic_spin_glass,inst_68182ec61906beaeaf985399446793651206286ca861e2884f2f8538db8f65f6,fully_quadratized,equal_layer_p2,cold,,2,3,-0.5070096454653985,40.47218061200116,0.1486319092917544,0.9246843641879341,1.0000000000000002
original_e4,cubic_spin_glass,inst_68182ec61906beaeaf985399446793651206286ca861e2884f2f8538db8f65f6,fully_quadratized,equal_layer_p2,original_only,,2,3,-0.43714526672426307,31.793335020098613,0.15583886844824832,0.8849342397975583,1.0000000000000009
original_e4,cubic_spin_glass,inst_68182ec61906beaeaf985399446793651206286ca861e2884f2f8538db8f65f6,fully_quadratized,equal_layer_p2,pair,,2,3,-0.5176123474033,36.173603081445506,0.19934377894578462,0.8838138102128896,1.0000000000000007
original_e4,cubic_spin_glass,inst_68182ec61906beaeaf985399446793651206286ca861e2884f2f8538db8f65f6,fully_quadratized,equal_layer_p2,independence,,2,3,-0.45638197750597564,33.09175036879294,0.14992069818168208,0.8947459741388654,1.0
original_e4,cubic_spin_glass,inst_68182ec61906beaeaf985399446793651206286ca861e2884f2f8538db8f65f6,fully_quadratized,equal_2q_budget_128,cold,,1,3,-0.5113703743369955,34.713955668870845,0.1544014472354139,0.9007875903131759,0.9999999999999999
original_e4,cubic_spin_glass,inst_68182ec61906beaeaf985399446793651206286ca861e2884f2f8538db8f65f6,fully_quadratized,equal_2q_budget_128,original_only,,1,3,-0.4558043749788725,32.579472938742065,0.16091226164305725,0.8469184103150292,1.000000000000001
original_e4,cubic_spin_glass,inst_68182ec61906beaeaf985399446793651206286ca861e2884f2f8538db8f65f6,fully_quadratized,equal_2q_budget_128,pair,,1,3,-0.6197781582964227,37.029590238826486,0.1642846220062719,0.8834426624866314,1.0000000000000004
original_e4,cubic_spin_glass,inst_68182ec61906beaeaf985399446793651206286ca861e2884f2f8538db8f65f6,fully_quadratized,equal_2q_budget_128,independence,,1,3,-0.38690454357799425,32.1178383911489,0.16246589575772866,0.8723530278594863,1.0
original_e4,cubic_spin_glass,inst_68182ec61906beaeaf985399446793651206286ca861e2884f2f8538db8f65f6,fully_quadratized,equal_2q_budget_256,cold,,3,3,-0.38098538971315543,33.77500539997671,0.14936975265546085,0.885697392704721,0.9999999999999999
original_e4,cubic_spin_glass,inst_68182ec61906beaeaf985399446793651206286ca861e2884f2f8538db8f65f6,fully_quadratized,equal_2q_budget_256,original_only,,3,3,-0.472468104973579,39.12168549777172,0.15714399693589506,0.922956680956598,1.0000000000000016
original_e4,cubic_spin_glass,inst_68182ec61906beaeaf985399446793651206286ca861e2884f2f8538db8f65f6,fully_quadratized,equal_2q_budget_256,pair,,3,3,-0.34901151808564396,31.980320920228195,0.143463484433389,0.8921944528799651,1.0
original_e4,cubic_spin_glass,inst_68182ec61906beaeaf985399446793651206286ca861e2884f2f8538db8f65f6,fully_quadratized,equal_2q_budget_256,independence,,3,3,-0.45140507039384087,29.53223550559993,0.16247579729871875,0.8179012323948368,1.0000000000000009
original_e4,cubic_spin_glass,inst_68182ec61906beaeaf985399446793651206286ca861e2884f2f8538db8f65f6,selective,equal_layer_p1,cold,,1,3,-1.4151708266262488,-1.4151708266262488,0.2629897166505852,0.0,1.0
original_e4,cubic_spin_glass,inst_68182ec61906beaeaf985399446793651206286ca861e2884f2f8538db8f65f6,selective,equal_layer_p1,original_only,,1,3,-1.2199012152474458,-1.2199012152474458,0.23839389731467697,0.0,1.0000000000000009
original_e4,cubic_spin_glass,inst_68182ec61906beaeaf985399446793651206286ca861e2884f2f8538db8f65f6,selective,equal_layer_p2,cold,,2,3,-2.3212545384234526,-2.3212545384234526,0.3943425237503558,0.0,1.0000000000000002
original_e4,cubic_spin_glass,inst_68182ec61906beaeaf985399446793651206286ca861e2884f2f8538db8f65f6,selective,equal_layer_p2,original_only,,2,3,-2.25532866878201,-2.25532866878201,0.378272585594471,0.0,1.0000000000000007
original_e4,cubic_spin_glass,inst_68182ec61906beaeaf985399446793651206286ca861e2884f2f8538db8f65f6,selective,equal_2q_budget_128,cold,,4,3,-2.6726867335918065,-2.6726867335918065,0.4920809044211034,0.0,1.0
original_e4,cubic_spin_glass,inst_68182ec61906beaeaf985399446793651206286ca861e2884f2f8538db8f65f6,selective,equal_2q_budget_128,original_only,,4,3,-1.7249914902560455,-1.7249914902560455,0.324886496781669,0.0,1.0000000000000007
original_e4,cubic_spin_glass,inst_68182ec61906beaeaf985399446793651206286ca861e2884f2f8538db8f65f6,selective,equal_2q_budget_256,cold,,8,3,-1.9112607405155284,-1.9112607405155284,0.3429223262778834,0.0,1.0000000000000002
original_e4,cubic_spin_glass,inst_68182ec61906beaeaf985399446793651206286ca861e2884f2f8538db8f65f6,selective,equal_2q_budget_256,original_only,,8,3,-1.5243696201903332,-1.5243696201903332,0.36665943574769155,0.0,1.0
original_e4,cubic_spin_glass,inst_68182ec61906beaeaf985399446793651206286ca861e2884f2f8538db8f65f6,matched_random_selective,equal_layer_p1,cold,2026082711,1,3,-1.4482176176192294,-1.4482176176192294,0.2823612077787447,0.0,1.0000000000000002
original_e4,cubic_spin_glass,inst_68182ec61906beaeaf985399446793651206286ca861e2884f2f8538db8f65f6,matched_random_selective,equal_layer_p1,original_only,2026082711,1,3,-1.2199010285447527,-1.2199010285447527,0.2383656196487057,0.0,1.0000000000000009
original_e4,cubic_spin_glass,inst_68182ec61906beaeaf985399446793651206286ca861e2884f2f8538db8f65f6,matched_random_selective,equal_layer_p2,cold,2026082711,2,3,-2.490779423135552,-2.490779423135552,0.4293786735041181,0.0,1.0000000000000002
original_e4,cubic_spin_glass,inst_68182ec61906beaeaf985399446793651206286ca861e2884f2f8538db8f65f6,matched_random_selective,equal_layer_p2,original_only,2026082711,2,3,-2.1403516099730204,-2.1403516099730204,0.3809028248755692,0.0,1.0000000000000004
original_e4,cubic_spin_glass,inst_68182ec61906beaeaf985399446793651206286ca861e2884f2f8538db8f65f6,matched_random_selective,equal_2q_budget_128,cold,2026082711,4,3,-2.2732443344366917,-2.2732443344366917,0.43983077798178877,0.0,1.0000000000000002
original_e4,cubic_spin_glass,inst_68182ec61906beaeaf985399446793651206286ca861e2884f2f8538db8f65f6,matched_random_selective,equal_2q_budget_128,original_only,2026082711,4,3,-1.852644335085441,-1.852644335085441,0.35925993046326793,0.0,1.0000000000000004
original_e4,cubic_spin_glass,inst_68182ec61906beaeaf985399446793651206286ca861e2884f2f8538db8f65f6,matched_random_selective,equal_2q_budget_256,cold,2026082711,8,3,-2.213903895584719,-2.213903895584719,0.44058194996585104,0.0,1.0000000000000004
original_e4,cubic_spin_glass,inst_68182ec61906beaeaf985399446793651206286ca861e2884f2f8538db8f65f6,matched_random_selective,equal_2q_budget_256,original_only,2026082711,8,3,-1.7829815346556053,-1.7829815346556053,0.3701138138123034,0.0,1.0000000000000009
original_e4,cubic_spin_glass,inst_68182ec61906beaeaf985399446793651206286ca861e2884f2f8538db8f65f6,matched_random_selective,equal_layer_p1,cold,2026082712,1,3,-1.8539293846293718,-1.8539293846293718,0.33139738294529025,0.0,0.9999999999999997
original_e4,cubic_spin_glass,inst_68182ec61906beaeaf985399446793651206286ca861e2884f2f8538db8f65f6,matched_random_selective,equal_layer_p1,original_only,2026082712,1,3,-1.7817067523919292,-1.7817067523919292,0.3187267349382678,0.0,1.0000000000000007
original_e4,cubic_spin_glass,inst_68182ec61906beaeaf985399446793651206286ca861e2884f2f8538db8f65f6,matched_random_selective,equal_layer_p2,cold,2026082712,2,3,-2.3377862108190928,-2.3377862108190928,0.38371589059994715,0.0,1.0000000000000002
original_e4,cubic_spin_glass,inst_68182ec61906beaeaf985399446793651206286ca861e2884f2f8538db8f65f6,matched_random_selective,equal_layer_p2,original_only,2026082712,2,3,-2.1960042211052437,-2.1960042211052437,0.3576671497008324,0.0,1.000000000000001
original_e4,cubic_spin_glass,inst_68182ec61906beaeaf985399446793651206286ca861e2884f2f8538db8f65f6,matched_random_selective,equal_2q_budget_128,cold,2026082712,4,3,-2.794813589586294,-2.794813589586294,0.5384046067814395,0.0,1.0
original_e4,cubic_spin_glass,inst_68182ec61906beaeaf985399446793651206286ca861e2884f2f8538db8f65f6,matched_random_selective,equal_2q_budget_128,original_only,2026082712,4,3,-2.1630213192179797,-2.1630213192179797,0.4170181089101342,0.0,1.0000000000000007
original_e4,cubic_spin_glass,inst_68182ec61906beaeaf985399446793651206286ca861e2884f2f8538db8f65f6,matched_random_selective,equal_2q_budget_256,cold,2026082712,8,3,-2.2185014823506517,-2.2185014823506517,0.4110555010007256,0.0,0.9999999999999991
original_e4,cubic_spin_glass,inst_68182ec61906beaeaf985399446793651206286ca861e2884f2f8538db8f65f6,matched_random_selective,equal_2q_budget_256,original_only,2026082712,8,3,-1.6945506267739943,-1.6945506267739943,0.32085971167815036,0.0,1.0000000000000009
original_e4,cubic_spin_glass,inst_68182ec61906beaeaf985399446793651206286ca861e2884f2f8538db8f65f6,matched_random_selective,equal_layer_p1,cold,2026082713,1,3,-1.8869679718586057,-1.8869679718586057,0.3510394121760982,0.0,1.0
original_e4,cubic_spin_glass,inst_68182ec61906beaeaf985399446793651206286ca861e2884f2f8538db8f65f6,matched_random_selective,equal_layer_p1,original_only,2026082713,1,3,-1.6134931402767638,-1.6134931402767638,0.31704385706871674,0.0,1.0000000000000007
original_e4,cubic_spin_glass,inst_68182ec61906beaeaf985399446793651206286ca861e2884f2f8538db8f65f6,matched_random_selective,equal_layer_p2,cold,2026082713,2,3,-2.50230550674881,-2.50230550674881,0.4661743837662557,0.0,1.0000000000000009
original_e4,cubic_spin_glass,inst_68182ec61906beaeaf985399446793651206286ca861e2884f2f8538db8f65f6,matched_random_selective,equal_layer_p2,original_only,2026082713,2,3,-2.1123515711543264,-2.1123515711543264,0.3921907373342153,0.0,1.0000000000000007
original_e4,cubic_spin_glass,inst_68182ec61906beaeaf985399446793651206286ca861e2884f2f8538db8f65f6,matched_random_selective,equal_2q_budget_128,cold,2026082713,4,3,-2.3818747769946893,-2.3818747769946893,0.4577531828895585,0.0,1.000000000000001
original_e4,cubic_spin_glass,inst_68182ec61906beaeaf985399446793651206286ca861e2884f2f8538db8f65f6,matched_random_selective,equal_2q_budget_128,original_only,2026082713,4,3,-2.2604843761708318,-2.2604843761708318,0.4162981866177437,0.0,1.0000000000000007
original_e4,cubic_spin_glass,inst_68182ec61906beaeaf985399446793651206286ca861e2884f2f8538db8f65f6,matched_random_selective,equal_2q_budget_256,cold,2026082713,8,3,-1.9128636955770981,-1.9128636955770981,0.3565378691699048,0.0,1.0000000000000002
original_e4,cubic_spin_glass,inst_68182ec61906beaeaf985399446793651206286ca861e2884f2f8538db8f65f6,matched_random_selective,equal_2q_budget_256,original_only,2026082713,8,3,-1.4480936659800674,-1.4480936659800674,0.2588113670954453,0.0,0.9999999999999992
original_e4,cubic_spin_glass,inst_68182ec61906beaeaf985399446793651206286ca861e2884f2f8538db8f65f6,matched_random_selective,equal_layer_p1,cold,2026082714,1,3,-2.2596437068207837,-2.2596437068207837,0.38047077600786966,0.0,1.0000000000000004
original_e4,cubic_spin_glass,inst_68182ec61906beaeaf985399446793651206286ca861e2884f2f8538db8f65f6,matched_random_selective,equal_layer_p1,original_only,2026082714,1,3,-1.6689457102855716,-1.6689457102855716,0.30750583781461177,0.0,1.0000000000000007
original_e4,cubic_spin_glass,inst_68182ec61906beaeaf985399446793651206286ca861e2884f2f8538db8f65f6,matched_random_selective,equal_layer_p2,cold,2026082714,2,3,-1.7662778731233368,-1.7662778731233368,0.3030021575205199,0.0,1.0000000000000002
original_e4,cubic_spin_glass,inst_68182ec61906beaeaf985399446793651206286ca861e2884f2f8538db8f65f6,matched_random_selective,equal_layer_p2,original_only,2026082714,2,3,-1.7042167299454132,-1.7042167299454132,0.29856999514550897,0.0,1.0000000000000007
original_e4,cubic_spin_glass,inst_68182ec61906beaeaf985399446793651206286ca861e2884f2f8538db8f65f6,matched_random_selective,equal_2q_budget_128,cold,2026082714,4,3,-2.3757752606108995,-2.3757752606108995,0.4048862928043744,0.0,0.9999999999999994
original_e4,cubic_spin_glass,inst_68182ec61906beaeaf985399446793651206286ca861e2884f2f8538db8f65f6,matched_random_selective,equal_2q_budget_128,original_only,2026082714,4,3,-2.350929500530306,-2.350929500530306,0.4113593494714263,0.0,1.0000000000000002
original_e4,cubic_spin_glass,inst_68182ec61906beaeaf985399446793651206286ca861e2884f2f8538db8f65f6,matched_random_selective,equal_2q_budget_256,cold,2026082714,8,3,-2.040494130632231,-2.040494130632231,0.47746585986623885,0.0,1.000000000000001
original_e4,cubic_spin_glass,inst_68182ec61906beaeaf985399446793651206286ca861e2884f2f8538db8f65f6,matched_random_selective,equal_2q_budget_256,original_only,2026082714,8,3,-1.8245803586307645,-1.8245803586307645,0.3508449740453394,0.0,1.0000000000000018
original_e4,cubic_spin_glass,inst_68182ec61906beaeaf985399446793651206286ca861e2884f2f8538db8f65f6,matched_random_selective,equal_layer_p1,cold,2026082715,1,3,-1.4482195777112266,-1.4482195777112266,0.28248970866647977,0.0,1.0000000000000002
original_e4,cubic_spin_glass,inst_68182ec61906beaeaf985399446793651206286ca861e2884f2f8538db8f65f6,matched_random_selective,equal_layer_p1,original_only,2026082715,1,3,-1.7817102038456476,-1.7817102038456476,0.31880019886521743,0.0,1.0000000000000007
original_e4,cubic_spin_glass,inst_68182ec61906beaeaf985399446793651206286ca861e2884f2f8538db8f65f6,matched_random_selective,equal_layer_p2,cold,2026082715,2,3,-2.344542740549515,-2.344542740549515,0.3942133784323178,0.0,0.9999999999999997
original_e4,cubic_spin_glass,inst_68182ec61906beaeaf985399446793651206286ca861e2884f2f8538db8f65f6,matched_random_selective,equal_layer_p2,original_only,2026082715,2,3,-2.0991590610539688,-2.0991590610539688,0.36584506795120797,0.0,1.0000000000000009
original_e4,cubic_spin_glass,inst_68182ec61906beaeaf985399446793651206286ca861e2884f2f8538db8f65f6,matched_random_selective,equal_2q_budget_128,cold,2026082715,4,3,-2.3172097758499617,-2.3172097758499617,0.42992798041290187,0.0,1.0
original_e4,cubic_spin_glass,inst_68182ec61906beaeaf985399446793651206286ca861e2884f2f8538db8f65f6,matched_random_selective,equal_2q_budget_128,original_only,2026082715,4,3,-2.212844318503148,-2.212844318503148,0.40540746193778476,0.0,1.0000000000000002
original_e4,cubic_spin_glass,inst_68182ec61906beaeaf985399446793651206286ca861e2884f2f8538db8f65f6,matched_random_selective,equal_2q_budget_256,cold,2026082715,8,3,-2.0848453508323046,-2.0848453508323046,0.3666103719757978,0.0,1.0000000000000018
original_e4,cubic_spin_glass,inst_68182ec61906beaeaf985399446793651206286ca861e2884f2f8538db8f65f6,matched_random_selective,equal_2q_budget_256,original_only,2026082715,8,3,-1.7300368101546775,-1.7300368101546775,0.3696641184240497,0.0,1.000000000000002
original_e4,max3sat,inst_6d175f46adaeddca794682ee19d5e6aeba5357c0cdcd37b731fcaa351e5b2594,all_native,equal_layer_p1,cold,,1,3,16.50679541466725,16.50679541466725,0.00025287108002730656,0.0,1.0000000000000002
original_e4,max3sat,inst_6d175f46adaeddca794682ee19d5e6aeba5357c0cdcd37b731fcaa351e5b2594,all_native,equal_layer_p1,original_only,,1,3,16.50679541466725,16.50679541466725,0.00025287108002730656,0.0,1.0000000000000002
original_e4,max3sat,inst_6d175f46adaeddca794682ee19d5e6aeba5357c0cdcd37b731fcaa351e5b2594,all_native,equal_layer_p2,cold,,2,3,16.779034561199172,16.779034561199172,0.010188940450557809,0.0,1.0000000000000007
original_e4,max3sat,inst_6d175f46adaeddca794682ee19d5e6aeba5357c0cdcd37b731fcaa351e5b2594,all_native,equal_layer_p2,original_only,,2,3,16.779034561199172,16.779034561199172,0.010188940450557809,0.0,1.0000000000000007
original_e4,max3sat,inst_6d175f46adaeddca794682ee19d5e6aeba5357c0cdcd37b731fcaa351e5b2594,all_native,equal_2q_budget_128,cold,,0,3,18.375,18.375,0.00390625,0.0,1.0
original_e4,max3sat,inst_6d175f46adaeddca794682ee19d5e6aeba5357c0cdcd37b731fcaa351e5b2594,all_native,equal_2q_budget_128,original_only,,0,3,18.375,18.375,0.00390625,0.0,1.0
original_e4,max3sat,inst_6d175f46adaeddca794682ee19d5e6aeba5357c0cdcd37b731fcaa351e5b2594,all_native,equal_2q_budget_256,cold,,1,3,15.26851162417345,15.26851162417345,0.0156990002966633,0.0,0.9999999999999999
original_e4,max3sat,inst_6d175f46adaeddca794682ee19d5e6aeba5357c0cdcd37b731fcaa351e5b2594,all_native,equal_2q_budget_256,original_only,,1,3,15.26851162417345,15.26851162417345,0.0156990002966633,0.0,0.9999999999999999
original_e4,max3sat,inst_6d175f46adaeddca794682ee19d5e6aeba5357c0cdcd37b731fcaa351e5b2594,fully_quadratized,equal_layer_p1,cold,,1,3,17.232580216179084,42.76289092766399,0.006716811953260474,0.7267876016388076,0.9999999999999997
original_e4,max3sat,inst_6d175f46adaeddca794682ee19d5e6aeba5357c0cdcd37b731fcaa351e5b2594,fully_quadratized,equal_layer_p1,original_only,,1,3,17.232580216179084,42.76289092766399,0.006716811953260474,0.7267876016388076,0.9999999999999997
original_e4,max3sat,inst_6d175f46adaeddca794682ee19d5e6aeba5357c0cdcd37b731fcaa351e5b2594,fully_quadratized,equal_layer_p1,pair,,1,3,16.590992946062222,30.228515381839888,0.016674951136418485,0.5118728982620816,1.0
original_e4,max3sat,inst_6d175f46adaeddca794682ee19d5e6aeba5357c0cdcd37b731fcaa351e5b2594,fully_quadratized,equal_layer_p1,independence,,1,3,17.017785643480806,38.91498019851133,0.008972066566806568,0.6093056606283095,1.0
original_e4,max3sat,inst_6d175f46adaeddca794682ee19d5e6aeba5357c0cdcd37b731fcaa351e5b2594,fully_quadratized,equal_layer_p2,cold,,2,3,17.18616077230872,42.88574459734867,0.004134061947916656,0.7235834420904603,0.9999999999999997
original_e4,max3sat,inst_6d175f46adaeddca794682ee19d5e6aeba5357c0cdcd37b731fcaa351e5b2594,fully_quadratized,equal_layer_p2,original_only,,2,3,17.18616077230872,42.88574459734867,0.004134061947916656,0.7235834420904603,0.9999999999999997
original_e4,max3sat,inst_6d175f46adaeddca794682ee19d5e6aeba5357c0cdcd37b731fcaa351e5b2594,fully_quadratized,equal_layer_p2,pair,,2,3,17.055738177401334,34.360635025814595,0.0041782394135824975,0.5847379065323616,1.0000000000000002
original_e4,max3sat,inst_6d175f46adaeddca794682ee19d5e6aeba5357c0cdcd37b731fcaa351e5b2594,fully_quadratized,equal_layer_p2,independence,,2,3,17.465362004311455,42.683273431946226,0.007976742332648322,0.7250541875211504,1.0000000000000009
original_e4,max3sat,inst_6d175f46adaeddca794682ee19d5e6aeba5357c0cdcd37b731fcaa351e5b2594,fully_quadratized,equal_2q_budget_128,cold,,1,3,17.235027127558027,43.61712409438883,0.0036349298026988612,0.7418853826058638,1.0
original_e4,max3sat,inst_6d175f46adaeddca794682ee19d5e6aeba5357c0cdcd37b731fcaa351e5b2594,fully_quadratized,equal_2q_budget_128,original_only,,1,3,17.235027127558027,43.61712409438883,0.0036349298026988612,0.7418853826058638,1.0
original_e4,max3sat,inst_6d175f46adaeddca794682ee19d5e6aeba5357c0cdcd37b731fcaa351e5b2594,fully_quadratized,equal_2q_budget_128,pair,,1,3,17.135781597716562,32.41465934836989,0.0008663839016448898,0.5108601785361441,1.0000000000000002
original_e4,max3sat,inst_6d175f46adaeddca794682ee19d5e6aeba5357c0cdcd37b731fcaa351e5b2594,fully_quadratized,equal_2q_budget_128,independence,,1,3,17.297826936537643,39.312334308049294,0.010659804559554148,0.687802474250978,1.0000000000000007
original_e4,max3sat,inst_6d175f46adaeddca794682ee19d5e6aeba5357c0cdcd37b731fcaa351e5b2594,fully_quadratized,equal_2q_budget_256,cold,,2,3,16.407909618356452,41.738960156240054,0.007603494466153425,0.7108662356711024,0.9999999999999997
original_e4,max3sat,inst_6d175f46adaeddca794682ee19d5e6aeba5357c0cdcd37b731fcaa351e5b2594,fully_quadratized,equal_2q_budget_256,original_only,,2,3,16.407909618356452,41.738960156240054,0.007603494466153425,0.7108662356711024,0.9999999999999997
original_e4,max3sat,inst_6d175f46adaeddca794682ee19d5e6aeba5357c0cdcd37b731fcaa351e5b2594,fully_quadratized,equal_2q_budget_256,pair,,2,3,16.474796128103073,34.5357516053208,0.013146732780441992,0.5828165210896147,1.0000000000000002
original_e4,max3sat,inst_6d175f46adaeddca794682ee19d5e6aeba5357c0cdcd37b731fcaa351e5b2594,fully_quadratized,equal_2q_budget_256,independence,,2,3,16.397429224670752,40.95130972566951,0.008532042484476627,0.692801763279563,1.0000000000000009
original_e4,max3sat,inst_6d175f46adaeddca794682ee19d5e6aeba5357c0cdcd37b731fcaa351e5b2594,selective,equal_layer_p1,cold,,1,3,17.926717505344886,44.541185794959716,0.005845067813069909,0.7580876762176098,1.0000000000000007
original_e4,max3sat,inst_6d175f46adaeddca794682ee19d5e6aeba5357c0cdcd37b731fcaa351e5b2594,selective,equal_layer_p1,original_only,,1,3,17.926717505344886,44.541185794959716,0.005845067813069909,0.7580876762176098,1.0000000000000007
original_e4,max3sat,inst_6d175f46adaeddca794682ee19d5e6aeba5357c0cdcd37b731fcaa351e5b2594,selective,equal_layer_p1,pair,,1,3,16.85832496637121,31.44928527249206,0.013774986622207703,0.538160674196141,1.0000000000000002
original_e4,max3sat,inst_6d175f46adaeddca794682ee19d5e6aeba5357c0cdcd37b731fcaa351e5b2594,selective,equal_layer_p1,independence,,1,3,18.16461498702839,42.714624633547054,0.0018965249289921427,0.7124723844284312,1.0000000000000009
original_e4,max3sat,inst_6d175f46adaeddca794682ee19d5e6aeba5357c0cdcd37b731fcaa351e5b2594,selective,equal_layer_p2,cold,,2,3,17.724992923456853,43.93923716717095,0.004988315920063163,0.7542104981717132,1.0000000000000002
original_e4,max3sat,inst_6d175f46adaeddca794682ee19d5e6aeba5357c0cdcd37b731fcaa351e5b2594,selective,equal_layer_p2,original_only,,2,3,17.724992923456853,43.93923716717095,0.004988315920063163,0.7542104981717132,1.0000000000000002
original_e4,max3sat,inst_6d175f46adaeddca794682ee19d5e6aeba5357c0cdcd37b731fcaa351e5b2594,selective,equal_layer_p2,pair,,2,3,17.18880534878051,33.77739828870787,0.005772977968643755,0.5439870001451109,0.9999999999999999
original_e4,max3sat,inst_6d175f46adaeddca794682ee19d5e6aeba5357c0cdcd37b731fcaa351e5b2594,selective,equal_layer_p2,independence,,2,3,17.542312632056028,42.9660646556124,0.00417499809980464,0.73341190952695,1.0000000000000009
original_e4,max3sat,inst_6d175f46adaeddca794682ee19d5e6aeba5357c0cdcd37b731fcaa351e5b2594,selective,equal_2q_budget_128,cold,,1,3,16.730804003775365,42.8417369699573,0.004113720412247957,0.7279073250828038,0.9999999999999996
original_e4,max3sat,inst_6d175f46adaeddca794682ee19d5e6aeba5357c0cdcd37b731fcaa351e5b2594,selective,equal_2q_budget_128,original_only,,1,3,16.730804003775365,42.8417369699573,0.004113720412247957,0.7279073250828038,0.9999999999999996
original_e4,max3sat,inst_6d175f46adaeddca794682ee19d5e6aeba5357c0cdcd37b731fcaa351e5b2594,selective,equal_2q_budget_128,pair,,1,3,16.644818213360598,30.514986502973088,0.015240167696099245,0.5181959188572733,1.0000000000000002
original_e4,max3sat,inst_6d175f46adaeddca794682ee19d5e6aeba5357c0cdcd37b731fcaa351e5b2594,selective,equal_2q_budget_128,independence,,1,3,17.06149660395952,38.66792906894971,0.012388271778210495,0.6904109787741016,0.9999999999999997
original_e4,max3sat,inst_6d175f46adaeddca794682ee19d5e6aeba5357c0cdcd37b731fcaa351e5b2594,selective,equal_2q_budget_256,cold,,2,3,16.365045634814432,41.688274283628445,0.007669890910079419,0.7109078788926034,0.9999999999999994
original_e4,max3sat,inst_6d175f46adaeddca794682ee19d5e6aeba5357c0cdcd37b731fcaa351e5b2594,selective,equal_2q_budget_256,original_only,,2,3,16.365045634814432,41.688274283628445,0.007669890910079419,0.7109078788926034,0.9999999999999994
original_e4,max3sat,inst_6d175f46adaeddca794682ee19d5e6aeba5357c0cdcd37b731fcaa351e5b2594,selective,equal_2q_budget_256,pair,,2,3,16.586608045296284,33.18291433794712,0.007613426954597469,0.562244614078434,1.0000000000000007
original_e4,max3sat,inst_6d175f46adaeddca794682ee19d5e6aeba5357c0cdcd37b731fcaa351e5b2594,selective,equal_2q_budget_256,independence,,2,3,17.306880825777302,47.271543625519264,0.004903052859037808,0.7996124707428959,1.0000000000000007
original_e4,max3sat,inst_6d175f46adaeddca794682ee19d5e6aeba5357c0cdcd37b731fcaa351e5b2594,matched_random_selective,equal_layer_p1,cold,2026082711,1,3,17.517176297706012,31.99000214503182,0.004066305949016814,0.735729244396837,1.0000000000000002
original_e4,max3sat,inst_6d175f46adaeddca794682ee19d5e6aeba5357c0cdcd37b731fcaa351e5b2594,matched_random_selective,equal_layer_p1,original_only,2026082711,1,3,17.517176297706012,31.99000214503182,0.004066305949016814,0.735729244396837,1.0000000000000002
original_e4,max3sat,inst_6d175f46adaeddca794682ee19d5e6aeba5357c0cdcd37b731fcaa351e5b2594,matched_random_selective,equal_layer_p1,pair,2026082711,1,3,17.74838946062944,29.814349468393896,0.001139162564488958,0.6475980133087919,1.0000000000000004
original_e4,max3sat,inst_6d175f46adaeddca794682ee19d5e6aeba5357c0cdcd37b731fcaa351e5b2594,matched_random_selective,equal_layer_p1,independence,2026082711,1,3,17.389510395625184,30.18449440107729,0.0020414925354448016,0.6795028114449337,1.0000000000000004
original_e4,max3sat,inst_6d175f46adaeddca794682ee19d5e6aeba5357c0cdcd37b731fcaa351e5b2594,matched_random_selective,equal_layer_p2,cold,2026082711,2,3,15.204947441464478,26.642525550430133,0.0110700858605439,0.6092031348341328,1.0000000000000007
original_e4,max3sat,inst_6d175f46adaeddca794682ee19d5e6aeba5357c0cdcd37b731fcaa351e5b2594,matched_random_selective,equal_layer_p2,original_only,2026082711,2,3,15.204947441464478,26.642525550430133,0.0110700858605439,0.6092031348341328,1.0000000000000007
original_e4,max3sat,inst_6d175f46adaeddca794682ee19d5e6aeba5357c0cdcd37b731fcaa351e5b2594,matched_random_selective,equal_layer_p2,pair,2026082711,2,3,16.314566484481137,28.15079237565236,0.00991665513546774,0.6392132876571373,0.9999999999999994
original_e4,max3sat,inst_6d175f46adaeddca794682ee19d5e6aeba5357c0cdcd37b731fcaa351e5b2594,matched_random_selective,equal_layer_p2,independence,2026082711,2,3,16.354645830666456,29.134754072202753,0.011345049995354408,0.6671363191829617,1.0000000000000007
original_e4,max3sat,inst_6d175f46adaeddca794682ee19d5e6aeba5357c0cdcd37b731fcaa351e5b2594,matched_random_selective,equal_2q_budget_128,cold,2026082711,0,3,18.375,32.0,0.00390625,0.75,1.0
original_e4,max3sat,inst_6d175f46adaeddca794682ee19d5e6aeba5357c0cdcd37b731fcaa351e5b2594,matched_random_selective,equal_2q_budget_128,original_only,2026082711,0,3,18.375,32.0,0.00390625,0.75,1.0
original_e4,max3sat,inst_6d175f46adaeddca794682ee19d5e6aeba5357c0cdcd37b731fcaa351e5b2594,matched_random_selective,equal_2q_budget_128,pair,2026082711,0,3,18.375,29.075000000000006,0.003906250000000001,0.6375000000000004,0.9999999999999997
original_e4,max3sat,inst_6d175f46adaeddca794682ee19d5e6aeba5357c0cdcd37b731fcaa351e5b2594,matched_random_selective,equal_2q_budget_128,independence,2026082711,0,3,18.375000000000007,27.87500000000001,0.003906250000000002,0.6093750000000001,1.0000000000000002
original_e4,max3sat,inst_6d175f46adaeddca794682ee19d5e6aeba5357c0cdcd37b731fcaa351e5b2594,matched_random_selective,equal_2q_budget_256,cold,2026082711,1,3,17.520468352570507,31.5094283927606,0.004453396209223383,0.7226575988343416,1.0000000000000002
original_e4,max3sat,inst_6d175f46adaeddca794682ee19d5e6aeba5357c0cdcd37b731fcaa351e5b2594,matched_random_selective,equal_2q_budget_256,original_only,2026082711,1,3,17.520468352570507,31.5094283927606,0.004453396209223383,0.7226575988343416,1.0000000000000002
original_e4,max3sat,inst_6d175f46adaeddca794682ee19d5e6aeba5357c0cdcd37b731fcaa351e5b2594,matched_random_selective,equal_2q_budget_256,pair,2026082711,1,3,17.633674081984523,30.08414079395257,0.003003754254194487,0.6730146852760538,1.0000000000000002
original_e4,max3sat,inst_6d175f46adaeddca794682ee19d5e6aeba5357c0cdcd37b731fcaa351e5b2594,matched_random_selective,equal_2q_budget_256,independence,2026082711,1,3,17.39751841211269,30.69043659056069,0.0030295907724168475,0.700440850870058,1.000000000000001
original_e4,max3sat,inst_6d175f46adaeddca794682ee19d5e6aeba5357c0cdcd37b731fcaa351e5b2594,matched_random_selective,equal_layer_p1,cold,2026082712,1,3,15.145670041677585,26.449782204786857,0.008643495985233582,0.609937781828129,1.0000000000000002
original_e4,max3sat,inst_6d175f46adaeddca794682ee19d5e6aeba5357c0cdcd37b731fcaa351e5b2594,matched_random_selective,equal_layer_p1,original_only,2026082712,1,3,15.145670041677585,26.449782204786857,0.008643495985233582,0.609937781828129,1.0000000000000002
original_e4,max3sat,inst_6d175f46adaeddca794682ee19d5e6aeba5357c0cdcd37b731fcaa351e5b2594,matched_random_selective,equal_layer_p1,pair,2026082712,1,3,16.0388766863863,23.351831284552883,0.016000365746364105,0.519958096725284,0.9999999999999997
original_e4,max3sat,inst_6d175f46adaeddca794682ee19d5e6aeba5357c0cdcd37b731fcaa351e5b2594,matched_random_selective,equal_layer_p1,independence,2026082712,1,3,15.828859220753893,27.028358847302524,0.007486515120963839,0.6096988440560538,1.0000000000000002
original_e4,max3sat,inst_6d175f46adaeddca794682ee19d5e6aeba5357c0cdcd37b731fcaa351e5b2594,matched_random_selective,equal_layer_p2,cold,2026082712,2,3,16.4686079488942,27.207423175449836,0.007727066600707668,0.6376536512608434,0.9999999999999999
original_e4,max3sat,inst_6d175f46adaeddca794682ee19d5e6aeba5357c0cdcd37b731fcaa351e5b2594,matched_random_selective,equal_layer_p2,original_only,2026082712,2,3,16.4686079488942,27.207423175449836,0.007727066600707668,0.6376536512608434,0.9999999999999999
original_e4,max3sat,inst_6d175f46adaeddca794682ee19d5e6aeba5357c0cdcd37b731fcaa351e5b2594,matched_random_selective,equal_layer_p2,pair,2026082712,2,3,15.98151519781326,23.23090534879457,0.014593831325620225,0.517203351648119,1.0000000000000002
original_e4,max3sat,inst_6d175f46adaeddca794682ee19d5e6aeba5357c0cdcd37b731fcaa351e5b2594,matched_random_selective,equal_layer_p2,independence,2026082712,2,3,15.884461660276648,23.949756201378992,0.016800034000084226,0.5824445016266387,0.9999999999999999
original_e4,max3sat,inst_6d175f46adaeddca794682ee19d5e6aeba5357c0cdcd37b731fcaa351e5b2594,matched_random_selective,equal_2q_budget_128,cold,2026082712,0,3,18.375,30.25,0.00390625,0.75,1.0
original_e4,max3sat,inst_6d175f46adaeddca794682ee19d5e6aeba5357c0cdcd37b731fcaa351e5b2594,matched_random_selective,equal_2q_budget_128,original_only,2026082712,0,3,18.375,30.25,0.00390625,0.75,1.0
original_e4,max3sat,inst_6d175f46adaeddca794682ee19d5e6aeba5357c0cdcd37b731fcaa351e5b2594,matched_random_selective,equal_2q_budget_128,pair,2026082712,0,3,18.375,25.975000000000005,0.003906250000000001,0.6375000000000004,0.9999999999999997
original_e4,max3sat,inst_6d175f46adaeddca794682ee19d5e6aeba5357c0cdcd37b731fcaa351e5b2594,matched_random_selective,equal_2q_budget_128,independence,2026082712,0,3,18.375000000000007,25.37500000000001,0.003906250000000002,0.5937500000000001,1.0000000000000002
original_e4,max3sat,inst_6d175f46adaeddca794682ee19d5e6aeba5357c0cdcd37b731fcaa351e5b2594,matched_random_selective,equal_2q_budget_256,cold,2026082712,1,3,17.50296917461817,30.244919242707102,0.004463400342418951,0.7424241687248809,0.9999999999999997
original_e4,max3sat,inst_6d175f46adaeddca794682ee19d5e6aeba5357c0cdcd37b731fcaa351e5b2594,matched_random_selective,equal_2q_budget_256,original_only,2026082712,1,3,17.50296917461817,30.244919242707102,0.004463400342418951,0.7424241687248809,0.9999999999999997
original_e4,max3sat,inst_6d175f46adaeddca794682ee19d5e6aeba5357c0cdcd37b731fcaa351e5b2594,matched_random_selective,equal_2q_budget_256,pair,2026082712,1,3,17.42449886978134,23.752345136632133,0.006650032263492999,0.5368724530048578,1.0000000000000002
original_e4,max3sat,inst_6d175f46adaeddca794682ee19d5e6aeba5357c0cdcd37b731fcaa351e5b2594,matched_random_selective,equal_2q_budget_256,independence,2026082712,1,3,17.37433219469995,26.3550028632379,0.003113510366233948,0.6378831563297448,1.0000000000000009
original_e4,max3sat,inst_6d175f46adaeddca794682ee19d5e6aeba5357c0cdcd37b731fcaa351e5b2594,matched_random_selective,equal_layer_p1,cold,2026082713,1,3,17.220049971642375,28.853889607080077,0.005096257214155773,0.7633647041888542,0.9999999999999997
original_e4,max3sat,inst_6d175f46adaeddca794682ee19d5e6aeba5357c0cdcd37b731fcaa351e5b2594,matched_random_selective,equal_layer_p1,original_only,2026082713,1,3,17.220049971642375,28.853889607080077,0.005096257214155773,0.7633647041888542,0.9999999999999997
original_e4,max3sat,inst_6d175f46adaeddca794682ee19d5e6aeba5357c0cdcd37b731fcaa351e5b2594,matched_random_selective,equal_layer_p1,pair,2026082713,1,3,17.29825412014628,26.119856057450303,0.005363612686926349,0.6779451637844903,1.0
original_e4,max3sat,inst_6d175f46adaeddca794682ee19d5e6aeba5357c0cdcd37b731fcaa351e5b2594,matched_random_selective,equal_layer_p1,independence,2026082713,1,3,17.46395882157449,27.53521171580648,0.005364163815132998,0.6744870867627929,1.0000000000000002
original_e4,max3sat,inst_6d175f46adaeddca794682ee19d5e6aeba5357c0cdcd37b731fcaa351e5b2594,matched_random_selective,equal_layer_p2,cold,2026082713,2,3,16.587029474458827,27.936229931380478,0.007181408428559556,0.7868041767070664,0.9999999999999997
original_e4,max3sat,inst_6d175f46adaeddca794682ee19d5e6aeba5357c0cdcd37b731fcaa351e5b2594,matched_random_selective,equal_layer_p2,original_only,2026082713,2,3,16.587029474458827,27.936229931380478,0.007181408428559556,0.7868041767070664,0.9999999999999997
original_e4,max3sat,inst_6d175f46adaeddca794682ee19d5e6aeba5357c0cdcd37b731fcaa351e5b2594,matched_random_selective,equal_layer_p2,pair,2026082713,2,3,16.646118600001454,25.695321846589206,0.010477295398690538,0.6916531088012338,1.0
original_e4,max3sat,inst_6d175f46adaeddca794682ee19d5e6aeba5357c0cdcd37b731fcaa351e5b2594,matched_random_selective,equal_layer_p2,independence,2026082713,2,3,16.390839259404242,26.374919676601248,0.006432420829481895,0.7171178584776929,1.0000000000000007
original_e4,max3sat,inst_6d175f46adaeddca794682ee19d5e6aeba5357c0cdcd37b731fcaa351e5b2594,matched_random_selective,equal_2q_budget_128,cold,2026082713,0,3,18.375,29.75,0.00390625,0.75,1.0
original_e4,max3sat,inst_6d175f46adaeddca794682ee19d5e6aeba5357c0cdcd37b731fcaa351e5b2594,matched_random_selective,equal_2q_budget_128,original_only,2026082713,0,3,18.375,29.75,0.00390625,0.75,1.0
original_e4,max3sat,inst_6d175f46adaeddca794682ee19d5e6aeba5357c0cdcd37b731fcaa351e5b2594,matched_random_selective,equal_2q_budget_128,pair,2026082713,0,3,18.375,26.37500000000001,0.003906250000000001,0.6375000000000004,0.9999999999999997
original_e4,max3sat,inst_6d175f46adaeddca794682ee19d5e6aeba5357c0cdcd37b731fcaa351e5b2594,matched_random_selective,equal_2q_budget_128,independence,2026082713,0,3,18.375000000000007,26.87500000000001,0.003906250000000002,0.5937500000000001,1.0000000000000002
original_e4,max3sat,inst_6d175f46adaeddca794682ee19d5e6aeba5357c0cdcd37b731fcaa351e5b2594,matched_random_selective,equal_2q_budget_256,cold,2026082713,1,3,17.093088239146258,28.489912652911674,0.00829349820095087,0.7680471045296849,1.0000000000000007
original_e4,max3sat,inst_6d175f46adaeddca794682ee19d5e6aeba5357c0cdcd37b731fcaa351e5b2594,matched_random_selective,equal_2q_budget_256,original_only,2026082713,1,3,17.093088239146258,28.489912652911674,0.00829349820095087,0.7680471045296849,1.0000000000000007
original_e4,max3sat,inst_6d175f46adaeddca794682ee19d5e6aeba5357c0cdcd37b731fcaa351e5b2594,matched_random_selective,equal_2q_budget_256,pair,2026082713,1,3,16.56752003698318,26.634997876341945,0.006994048546293169,0.7453316516685012,0.9999999999999997
original_e4,max3sat,inst_6d175f46adaeddca794682ee19d5e6aeba5357c0cdcd37b731fcaa351e5b2594,matched_random_selective,equal_2q_budget_256,independence,2026082713,1,3,16.98352095855577,30.416749378797466,0.007272231350800645,0.7825761524462701,1.0000000000000002
original_e4,max3sat,inst_6d175f46adaeddca794682ee19d5e6aeba5357c0cdcd37b731fcaa351e5b2594,matched_random_selective,equal_layer_p1,cold,2026082714,1,3,17.86998640520685,22.041271424829386,0.004429660743290504,0.7167581698465205,0.9999999999999997
original_e4,max3sat,inst_6d175f46adaeddca794682ee19d5e6aeba5357c0cdcd37b731fcaa351e5b2594,matched_random_selective,equal_layer_p1,original_only,2026082714,1,3,17.86998640520685,22.041271424829386,0.004429660743290504,0.7167581698465205,0.9999999999999997
original_e4,max3sat,inst_6d175f46adaeddca794682ee19d5e6aeba5357c0cdcd37b731fcaa351e5b2594,matched_random_selective,equal_layer_p1,pair,2026082714,1,3,17.617911848224235,21.203794772586672,0.005451304370478836,0.6313945978971963,1.0000000000000002
original_e4,max3sat,inst_6d175f46adaeddca794682ee19d5e6aeba5357c0cdcd37b731fcaa351e5b2594,matched_random_selective,equal_layer_p1,independence,2026082714,1,3,17.80037848713688,21.59844551719016,0.006611277455961157,0.6785855965754141,0.9999999999999997
original_e4,max3sat,inst_6d175f46adaeddca794682ee19d5e6aeba5357c0cdcd37b731fcaa351e5b2594,matched_random_selective,equal_layer_p2,cold,2026082714,2,3,15.854719166235403,19.53132634682363,0.004244205138851362,0.6262137610240209,1.0000000000000007
original_e4,max3sat,inst_6d175f46adaeddca794682ee19d5e6aeba5357c0cdcd37b731fcaa351e5b2594,matched_random_selective,equal_layer_p2,original_only,2026082714,2,3,15.854719166235403,19.53132634682363,0.004244205138851362,0.6262137610240209,1.0000000000000007
original_e4,max3sat,inst_6d175f46adaeddca794682ee19d5e6aeba5357c0cdcd37b731fcaa351e5b2594,matched_random_selective,equal_layer_p2,pair,2026082714,2,3,16.93677951300234,20.305610317543906,0.006885659211710647,0.5812734583001401,0.9999999999999999
original_e4,max3sat,inst_6d175f46adaeddca794682ee19d5e6aeba5357c0cdcd37b731fcaa351e5b2594,matched_random_selective,equal_layer_p2,independence,2026082714,2,3,15.758315700011172,20.24939431790217,0.009212730178161993,0.688767961577368,1.0000000000000007
original_e4,max3sat,inst_6d175f46adaeddca794682ee19d5e6aeba5357c0cdcd37b731fcaa351e5b2594,matched_random_selective,equal_2q_budget_128,cold,2026082714,0,3,18.375,23.0,0.00390625,0.75,1.0
original_e4,max3sat,inst_6d175f46adaeddca794682ee19d5e6aeba5357c0cdcd37b731fcaa351e5b2594,matched_random_selective,equal_2q_budget_128,original_only,2026082714,0,3,18.375,23.0,0.00390625,0.75,1.0
original_e4,max3sat,inst_6d175f46adaeddca794682ee19d5e6aeba5357c0cdcd37b731fcaa351e5b2594,matched_random_selective,equal_2q_budget_128,pair,2026082714,0,3,18.375,22.10000000000001,0.003906250000000001,0.6375000000000003,0.9999999999999997
original_e4,max3sat,inst_6d175f46adaeddca794682ee19d5e6aeba5357c0cdcd37b731fcaa351e5b2594,matched_random_selective,equal_2q_budget_128,independence,2026082714,0,3,18.375000000000007,21.87500000000001,0.003906250000000002,0.5937500000000001,1.0000000000000002
original_e4,max3sat,inst_6d175f46adaeddca794682ee19d5e6aeba5357c0cdcd37b731fcaa351e5b2594,matched_random_selective,equal_2q_budget_256,cold,2026082714,1,3,17.870132590314345,22.032763008842213,0.004414305743090048,0.716129742395042,0.9999999999999999
original_e4,max3sat,inst_6d175f46adaeddca794682ee19d5e6aeba5357c0cdcd37b731fcaa351e5b2594,matched_random_selective,equal_2q_budget_256,original_only,2026082714,1,3,17.870132590314345,22.032763008842213,0.004414305743090048,0.716129742395042,0.9999999999999999
original_e4,max3sat,inst_6d175f46adaeddca794682ee19d5e6aeba5357c0cdcd37b731fcaa351e5b2594,matched_random_selective,equal_2q_budget_256,pair,2026082714,1,3,17.158331130480672,20.41027720849999,0.005747211457498992,0.571300726126542,0.9999999999999997
original_e4,max3sat,inst_6d175f46adaeddca794682ee19d5e6aeba5357c0cdcd37b731fcaa351e5b2594,matched_random_selective,equal_2q_budget_256,independence,2026082714,1,3,17.828672082252837,22.717214376389126,0.005719593023199591,0.7668307074611285,1.0000000000000002
original_e4,max3sat,inst_6d175f46adaeddca794682ee19d5e6aeba5357c0cdcd37b731fcaa351e5b2594,matched_random_selective,equal_layer_p1,cold,2026082715,1,3,17.153109244868478,26.0882883564208,0.007334954575171321,0.755562567469915,1.0000000000000002
original_e4,max3sat,inst_6d175f46adaeddca794682ee19d5e6aeba5357c0cdcd37b731fcaa351e5b2594,matched_random_selective,equal_layer_p1,original_only,2026082715,1,3,17.153109244868478,26.0882883564208,0.007334954575171321,0.755562567469915,1.0000000000000002
original_e4,max3sat,inst_6d175f46adaeddca794682ee19d5e6aeba5357c0cdcd37b731fcaa351e5b2594,matched_random_selective,equal_layer_p1,pair,2026082715,1,3,17.29941266637132,21.73464533023399,0.014427383496507388,0.5072117982001897,0.9999999999999999
original_e4,max3sat,inst_6d175f46adaeddca794682ee19d5e6aeba5357c0cdcd37b731fcaa351e5b2594,matched_random_selective,equal_layer_p1,independence,2026082715,1,3,15.889379689509353,21.907030571611045,0.011750690213775452,0.5681812511052008,1.0000000000000002
original_e4,max3sat,inst_6d175f46adaeddca794682ee19d5e6aeba5357c0cdcd37b731fcaa351e5b2594,matched_random_selective,equal_layer_p2,cold,2026082715,2,3,17.107776766790643,26.252327377669246,0.006048483991055756,0.7575185750631827,1.0000000000000007
original_e4,max3sat,inst_6d175f46adaeddca794682ee19d5e6aeba5357c0cdcd37b731fcaa351e5b2594,matched_random_selective,equal_layer_p2,original_only,2026082715,2,3,17.107776766790643,26.252327377669246,0.006048483991055756,0.7575185750631827,1.0000000000000007
original_e4,max3sat,inst_6d175f46adaeddca794682ee19d5e6aeba5357c0cdcd37b731fcaa351e5b2594,matched_random_selective,equal_layer_p2,pair,2026082715,2,3,16.31326346748104,21.404144969776098,0.0025369055711353837,0.5483656619306391,1.0000000000000002
original_e4,max3sat,inst_6d175f46adaeddca794682ee19d5e6aeba5357c0cdcd37b731fcaa351e5b2594,matched_random_selective,equal_layer_p2,independence,2026082715,2,3,14.721065899335954,20.356592949650828,0.01570134328826526,0.4881699782232695,1.0000000000000007
original_e4,max3sat,inst_6d175f46adaeddca794682ee19d5e6aeba5357c0cdcd37b731fcaa351e5b2594,matched_random_selective,equal_2q_budget_128,cold,2026082715,0,3,18.375,27.875,0.00390625,0.75,1.0
original_e4,max3sat,inst_6d175f46adaeddca794682ee19d5e6aeba5357c0cdcd37b731fcaa351e5b2594,matched_random_selective,equal_2q_budget_128,original_only,2026082715,0,3,18.375,27.875,0.00390625,0.75,1.0
original_e4,max3sat,inst_6d175f46adaeddca794682ee19d5e6aeba5357c0cdcd37b731fcaa351e5b2594,matched_random_selective,equal_2q_budget_128,pair,2026082715,0,3,18.375,21.575000000000003,0.00390625,0.4237500000000003,1.0
original_e4,max3sat,inst_6d175f46adaeddca794682ee19d5e6aeba5357c0cdcd37b731fcaa351e5b2594,matched_random_selective,equal_2q_budget_128,independence,2026082715,0,3,18.375000000000007,24.37500000000001,0.003906250000000002,0.5937500000000001,1.0000000000000002
original_e4,max3sat,inst_6d175f46adaeddca794682ee19d5e6aeba5357c0cdcd37b731fcaa351e5b2594,matched_random_selective,equal_2q_budget_256,cold,2026082715,1,3,16.429999669315322,24.576703982504572,0.008637700428655725,0.6824479691097425,1.0
original_e4,max3sat,inst_6d175f46adaeddca794682ee19d5e6aeba5357c0cdcd37b731fcaa351e5b2594,matched_random_selective,equal_2q_budget_256,original_only,2026082715,1,3,16.429999669315322,24.576703982504572,0.008637700428655725,0.6824479691097425,1.0
original_e4,max3sat,inst_6d175f46adaeddca794682ee19d5e6aeba5357c0cdcd37b731fcaa351e5b2594,matched_random_selective,equal_2q_budget_256,pair,2026082715,1,3,13.905317592556278,16.269112941472358,0.017670135746004362,0.30012767211883484,1.0000000000000009
original_e4,max3sat,inst_6d175f46adaeddca794682ee19d5e6aeba5357c0cdcd37b731fcaa351e5b2594,matched_random_selective,equal_2q_budget_256,independence,2026082715,1,3,14.4501116318854,19.177678772371582,0.015142748188055255,0.46832448683238076,1.0
original_e4,max3sat,inst_6e1b06d7ea43e3f3ea56b4d65c888b171b0b8e082d901f1993a38fcee8467025,all_native,equal_layer_p1,cold,,1,3,8.690785634114281,8.690785634114281,0.15277048593720302,0.0,1.0
original_e4,max3sat,inst_6e1b06d7ea43e3f3ea56b4d65c888b171b0b8e082d901f1993a38fcee8467025,all_native,equal_layer_p1,original_only,,1,3,5.9122446918972855,5.9122446918972855,0.32521156409384816,0.0,0.9999999999999996
original_e4,max3sat,inst_6e1b06d7ea43e3f3ea56b4d65c888b171b0b8e082d901f1993a38fcee8467025,all_native,equal_layer_p2,cold,,2,3,8.15329232732601,8.15329232732601,0.20263598500756663,0.0,1.0000000000000002
original_e4,max3sat,inst_6e1b06d7ea43e3f3ea56b4d65c888b171b0b8e082d901f1993a38fcee8467025,all_native,equal_layer_p2,original_only,,2,3,7.278951346802587,7.278951346802587,0.20510559959868255,0.0,0.9999999999999996
original_e4,max3sat,inst_6e1b06d7ea43e3f3ea56b4d65c888b171b0b8e082d901f1993a38fcee8467025,all_native,equal_2q_budget_128,cold,,0,3,13.25,13.25,0.03125,0.0,1.0
original_e4,max3sat,inst_6e1b06d7ea43e3f3ea56b4d65c888b171b0b8e082d901f1993a38fcee8467025,all_native,equal_2q_budget_128,original_only,,0,3,9.518518518518517,9.518518518518517,0.1316872427983538,0.0,0.9999999999999996
original_e4,max3sat,inst_6e1b06d7ea43e3f3ea56b4d65c888b171b0b8e082d901f1993a38fcee8467025,all_native,equal_2q_budget_256,cold,,1,3,11.588093123477535,11.588093123477535,0.07182186826838217,0.0,0.9999999999999996
original_e4,max3sat,inst_6e1b06d7ea43e3f3ea56b4d65c888b171b0b8e082d901f1993a38fcee8467025,all_native,equal_2q_budget_256,original_only,,1,3,5.747978128738256,5.747978128738256,0.3269022774679151,0.0,0.9999999999999997
original_e4,max3sat,inst_6e1b06d7ea43e3f3ea56b4d65c888b171b0b8e082d901f1993a38fcee8467025,fully_quadratized,equal_layer_p1,cold,,1,3,13.042056379892978,49.90465731697635,0.03440435291109802,0.9828035550614483,1.0
original_e4,max3sat,inst_6e1b06d7ea43e3f3ea56b4d65c888b171b0b8e082d901f1993a38fcee8467025,fully_quadratized,equal_layer_p1,original_only,,1,3,9.487680762805732,44.013448809392436,0.1317140083102599,0.9851837703013359,1.000000000000001
original_e4,max3sat,inst_6e1b06d7ea43e3f3ea56b4d65c888b171b0b8e082d901f1993a38fcee8467025,fully_quadratized,equal_layer_p1,pair,,1,3,9.46784933178492,37.65972543641547,0.1342995007231985,0.9558354146898888,0.9999999999999992
original_e4,max3sat,inst_6e1b06d7ea43e3f3ea56b4d65c888b171b0b8e082d901f1993a38fcee8467025,fully_quadratized,equal_layer_p1,independence,,1,3,9.48172710424702,33.19704627573842,0.1309570979926825,0.9123613298482711,0.9999999999999999
original_e4,max3sat,inst_6e1b06d7ea43e3f3ea56b4d65c888b171b0b8e082d901f1993a38fcee8467025,fully_quadratized,equal_layer_p2,cold,,2,3,12.964698374157612,47.55770214668598,0.03860032759799493,0.9834987897530768,0.9999999999999999
original_e4,max3sat,inst_6e1b06d7ea43e3f3ea56b4d65c888b171b0b8e082d901f1993a38fcee8467025,fully_quadratized,equal_layer_p2,original_only,,2,3,10.341367622906981,44.545180218501116,0.1063946129860014,0.9833652578683916,1.0000000000000007
original_e4,max3sat,inst_6e1b06d7ea43e3f3ea56b4d65c888b171b0b8e082d901f1993a38fcee8467025,fully_quadratized,equal_layer_p2,pair,,2,3,10.019589058493787,39.49922488218093,0.11241167340177244,0.9609345456421613,0.9999999999999991
original_e4,max3sat,inst_6e1b06d7ea43e3f3ea56b4d65c888b171b0b8e082d901f1993a38fcee8467025,fully_quadratized,equal_layer_p2,independence,,2,3,10.284416980933699,41.59577824269751,0.11324504953036062,0.9621665718855548,1.0
original_e4,max3sat,inst_6e1b06d7ea43e3f3ea56b4d65c888b171b0b8e082d901f1993a38fcee8467025,fully_quadratized,equal_2q_budget_128,cold,,0,3,13.25,48.75,0.03125,0.984375,1.0
original_e4,max3sat,inst_6e1b06d7ea43e3f3ea56b4d65c888b171b0b8e082d901f1993a38fcee8467025,fully_quadratized,equal_2q_budget_128,original_only,,0,3,9.518518518518531,43.83333333333335,0.13168724279835384,0.9843750000000012,1.0000000000000004
original_e4,max3sat,inst_6e1b06d7ea43e3f3ea56b4d65c888b171b0b8e082d901f1993a38fcee8467025,fully_quadratized,equal_2q_budget_128,pair,,0,3,9.518518518518512,37.999999999999986,0.1316872427983539,0.9556677034703759,0.9999999999999991
original_e4,max3sat,inst_6e1b06d7ea43e3f3ea56b4d65c888b171b0b8e082d901f1993a38fcee8467025,fully_quadratized,equal_2q_budget_128,independence,,0,3,9.518518518518515,33.074074074074055,0.13168724279835378,0.9123253520027435,0.9999999999999992
original_e4,max3sat,inst_6e1b06d7ea43e3f3ea56b4d65c888b171b0b8e082d901f1993a38fcee8467025,fully_quadratized,equal_2q_budget_256,cold,,1,3,12.655405374140743,46.23270829888556,0.039146059935331705,0.9661570241857191,0.9999999999999997
original_e4,max3sat,inst_6e1b06d7ea43e3f3ea56b4d65c888b171b0b8e082d901f1993a38fcee8467025,fully_quadratized,equal_2q_budget_256,original_only,,1,3,9.137675328427063,39.94480124080082,0.1501519663143257,0.9670965332610338,1.0000000000000002
original_e4,max3sat,inst_6e1b06d7ea43e3f3ea56b4d65c888b171b0b8e082d901f1993a38fcee8467025,fully_quadratized,equal_2q_budget_256,pair,,1,3,9.491342956366703,38.06269412779536,0.13319882038778916,0.9544596233854817,0.9999999999999991
original_e4,max3sat,inst_6e1b06d7ea43e3f3ea56b4d65c888b171b0b8e082d901f1993a38fcee8467025,fully_quadratized,equal_2q_budget_256,independence,,1,3,9.426349310710592,33.02468523106786,0.13728839098183707,0.9140706847887253,0.9999999999999994
original_e4,max3sat,inst_6e1b06d7ea43e3f3ea56b4d65c888b171b0b8e082d901f1993a38fcee8467025,selective,equal_layer_p1,cold,,1,3,13.000441980510146,48.384000574935364,0.03402893604238622,0.9843380999323879,1.0000000000000002
original_e4,max3sat,inst_6e1b06d7ea43e3f3ea56b4d65c888b171b0b8e082d901f1993a38fcee8467025,selective,equal_layer_p1,original_only,,1,3,9.516119107541954,44.17693860559273,0.13146982081401157,0.9840231329751562,1.0000000000000013
original_e4,max3sat,inst_6e1b06d7ea43e3f3ea56b4d65c888b171b0b8e082d901f1993a38fcee8467025,selective,equal_layer_p1,pair,,1,3,9.514269781657887,37.82946500186846,0.1315742116167807,0.9519843604549209,0.9999999999999996
original_e4,max3sat,inst_6e1b06d7ea43e3f3ea56b4d65c888b171b0b8e082d901f1993a38fcee8467025,selective,equal_layer_p1,independence,,1,3,9.402908912954096,31.922049838935845,0.1361839471674428,0.8975751121415388,0.9999999999999994
original_e4,max3sat,inst_6e1b06d7ea43e3f3ea56b4d65c888b171b0b8e082d901f1993a38fcee8467025,selective,equal_layer_p2,cold,,2,3,12.905102954011307,49.11771015240697,0.03454722782508504,0.9865935823345974,1.0000000000000007
original_e4,max3sat,inst_6e1b06d7ea43e3f3ea56b4d65c888b171b0b8e082d901f1993a38fcee8467025,selective,equal_layer_p2,original_only,,2,3,9.485586420492222,45.256153200813436,0.13421264663455992,0.9864433287878498,1.0000000000000009
original_e4,max3sat,inst_6e1b06d7ea43e3f3ea56b4d65c888b171b0b8e082d901f1993a38fcee8467025,selective,equal_layer_p2,pair,,2,3,8.97411451224793,33.530199857810004,0.13849783106543503,0.9017396172898549,0.9999999999999997
original_e4,max3sat,inst_6e1b06d7ea43e3f3ea56b4d65c888b171b0b8e082d901f1993a38fcee8467025,selective,equal_layer_p2,independence,,2,3,9.208953686147169,33.98750860376535,0.14301427518076118,0.893464121788087,0.9999999999999991
original_e4,max3sat,inst_6e1b06d7ea43e3f3ea56b4d65c888b171b0b8e082d901f1993a38fcee8467025,selective,equal_2q_budget_128,cold,,0,3,13.25,47.75,0.03125,0.984375,1.0
original_e4,max3sat,inst_6e1b06d7ea43e3f3ea56b4d65c888b171b0b8e082d901f1993a38fcee8467025,selective,equal_2q_budget_128,original_only,,0,3,9.518518518518531,44.203703703703724,0.13168724279835384,0.9843750000000012,1.0000000000000004
original_e4,max3sat,inst_6e1b06d7ea43e3f3ea56b4d65c888b171b0b8e082d901f1993a38fcee8467025,selective,equal_2q_budget_128,pair,,0,3,9.518518518518512,37.81481481481479,0.1316872427983539,0.9523860597883869,0.9999999999999992
original_e4,max3sat,inst_6e1b06d7ea43e3f3ea56b4d65c888b171b0b8e082d901f1993a38fcee8467025,selective,equal_2q_budget_128,independence,,0,3,9.518518518518515,31.44444444444444,0.13168724279835387,0.8855829511897602,0.9999999999999996
original_e4,max3sat,inst_6e1b06d7ea43e3f3ea56b4d65c888b171b0b8e082d901f1993a38fcee8467025,selective,equal_2q_budget_256,cold,,1,3,13.020988215235443,48.742735429445396,0.03322130628512831,0.9881386854726557,0.9999999999999997
original_e4,max3sat,inst_6e1b06d7ea43e3f3ea56b4d65c888b171b0b8e082d901f1993a38fcee8467025,selective,equal_2q_budget_256,original_only,,1,3,9.500949349633402,44.60127357469588,0.1324565573149956,0.9851415494906708,1.0000000000000004
original_e4,max3sat,inst_6e1b06d7ea43e3f3ea56b4d65c888b171b0b8e082d901f1993a38fcee8467025,selective,equal_2q_budget_256,pair,,1,3,9.480051111139323,38.29230175841599,0.13442779324131093,0.9550867146438593,0.999999999999999
original_e4,max3sat,inst_6e1b06d7ea43e3f3ea56b4d65c888b171b0b8e082d901f1993a38fcee8467025,selective,equal_2q_budget_256,independence,,1,3,9.322422761651206,30.173922541518806,0.13771940471164365,0.871612985450065,0.9999999999999992
original_e4,max3sat,inst_6e1b06d7ea43e3f3ea56b4d65c888b171b0b8e082d901f1993a38fcee8467025,matched_random_selective,equal_layer_p1,cold,2026082711,1,3,12.935112678703959,42.837943244439856,0.033649536267267056,0.9884062484038404,0.9999999999999999
original_e4,max3sat,inst_6e1b06d7ea43e3f3ea56b4d65c888b171b0b8e082d901f1993a38fcee8467025,matched_random_selective,equal_layer_p1,original_only,2026082711,1,3,9.49768976679618,36.26777703331362,0.13499324563019896,0.9854466025447954,1.0000000000000002
original_e4,max3sat,inst_6e1b06d7ea43e3f3ea56b4d65c888b171b0b8e082d901f1993a38fcee8467025,matched_random_selective,equal_layer_p1,pair,2026082711,1,3,9.509366383263874,32.68554676009934,0.1327197738491653,0.9566490366887392,0.999999999999999
original_e4,max3sat,inst_6e1b06d7ea43e3f3ea56b4d65c888b171b0b8e082d901f1993a38fcee8467025,matched_random_selective,equal_layer_p1,independence,2026082711,1,3,9.511565888148267,30.280045902132333,0.13238652168190876,0.9258457070450029,0.9999999999999994
original_e4,max3sat,inst_6e1b06d7ea43e3f3ea56b4d65c888b171b0b8e082d901f1993a38fcee8467025,matched_random_selective,equal_layer_p2,cold,2026082711,2,3,12.300518774752087,38.138791593918825,0.05259484753750097,0.9726896818194156,1.0000000000000004
original_e4,max3sat,inst_6e1b06d7ea43e3f3ea56b4d65c888b171b0b8e082d901f1993a38fcee8467025,matched_random_selective,equal_layer_p2,original_only,2026082711,2,3,9.812481254771932,36.90750227418278,0.12380362800154998,0.9827905600125076,1.0
original_e4,max3sat,inst_6e1b06d7ea43e3f3ea56b4d65c888b171b0b8e082d901f1993a38fcee8467025,matched_random_selective,equal_layer_p2,pair,2026082711,2,3,9.95668534938123,34.200845105533716,0.11438988271487131,0.9634940184975029,0.9999999999999991
original_e4,max3sat,inst_6e1b06d7ea43e3f3ea56b4d65c888b171b0b8e082d901f1993a38fcee8467025,matched_random_selective,equal_layer_p2,independence,2026082711,2,3,9.829513921508022,32.85807106521099,0.12287200043524127,0.9443754630825052,0.9999999999999983
original_e4,max3sat,inst_6e1b06d7ea43e3f3ea56b4d65c888b171b0b8e082d901f1993a38fcee8467025,matched_random_selective,equal_2q_budget_128,cold,2026082711,0,3,13.25,41.875,0.03125,0.984375,1.0
original_e4,max3sat,inst_6e1b06d7ea43e3f3ea56b4d65c888b171b0b8e082d901f1993a38fcee8467025,matched_random_selective,equal_2q_budget_128,original_only,2026082711,0,3,9.518518518518531,36.259259259259274,0.13168724279835384,0.9843750000000012,1.0000000000000004
original_e4,max3sat,inst_6e1b06d7ea43e3f3ea56b4d65c888b171b0b8e082d901f1993a38fcee8467025,matched_random_selective,equal_2q_budget_128,pair,2026082711,0,3,9.518518518518514,32.70370370370368,0.13168724279835392,0.9562547865144019,0.9999999999999994
original_e4,max3sat,inst_6e1b06d7ea43e3f3ea56b4d65c888b171b0b8e082d901f1993a38fcee8467025,matched_random_selective,equal_2q_budget_128,independence,2026082711,0,3,9.518518518518519,30.25925925925924,0.13168724279835387,0.9246275872621702,0.9999999999999992
original_e4,max3sat,inst_6e1b06d7ea43e3f3ea56b4d65c888b171b0b8e082d901f1993a38fcee8467025,matched_random_selective,equal_2q_budget_256,cold,2026082711,1,3,12.38002583059464,41.125941837244916,0.04473757825116517,0.974355235000041,0.9999999999999996
original_e4,max3sat,inst_6e1b06d7ea43e3f3ea56b4d65c888b171b0b8e082d901f1993a38fcee8467025,matched_random_selective,equal_2q_budget_256,original_only,2026082711,1,3,8.789655016872043,33.83227746919831,0.16684468003840044,0.973224393585926,1.0
original_e4,max3sat,inst_6e1b06d7ea43e3f3ea56b4d65c888b171b0b8e082d901f1993a38fcee8467025,matched_random_selective,equal_2q_budget_256,pair,2026082711,1,3,8.564519260540138,29.652572243117714,0.17702160833920288,0.9254398251929166,0.9999999999999991
original_e4,max3sat,inst_6e1b06d7ea43e3f3ea56b4d65c888b171b0b8e082d901f1993a38fcee8467025,matched_random_selective,equal_2q_budget_256,independence,2026082711,1,3,8.272771862401614,26.97553971739016,0.1895356127720321,0.8787555848295477,0.9999999999999999
original_e4,max3sat,inst_6e1b06d7ea43e3f3ea56b4d65c888b171b0b8e082d901f1993a38fcee8467025,matched_random_selective,equal_layer_p1,cold,2026082712,1,3,12.020794398798982,31.40972150839342,0.049705007174037676,0.9563321354179181,0.9999999999999996
original_e4,max3sat,inst_6e1b06d7ea43e3f3ea56b4d65c888b171b0b8e082d901f1993a38fcee8467025,matched_random_selective,equal_layer_p1,original_only,2026082712,1,3,9.475422916306945,32.58954514828972,0.1354288514932925,0.9868869825398474,1.0
original_e4,max3sat,inst_6e1b06d7ea43e3f3ea56b4d65c888b171b0b8e082d901f1993a38fcee8467025,matched_random_selective,equal_layer_p1,pair,2026082712,1,3,9.436075949158395,28.17237464082835,0.13730907838974007,0.9622395375587613,0.9999999999999991
original_e4,max3sat,inst_6e1b06d7ea43e3f3ea56b4d65c888b171b0b8e082d901f1993a38fcee8467025,matched_random_selective,equal_layer_p1,independence,2026082712,1,3,9.411030115574258,23.257895516953372,0.13796600574764914,0.9176985466443185,0.9999999999999991
original_e4,max3sat,inst_6e1b06d7ea43e3f3ea56b4d65c888b171b0b8e082d901f1993a38fcee8467025,matched_random_selective,equal_layer_p2,cold,2026082712,2,3,12.637286220908614,34.7623979192324,0.04390573063036159,0.983572794150911,0.9999999999999994
original_e4,max3sat,inst_6e1b06d7ea43e3f3ea56b4d65c888b171b0b8e082d901f1993a38fcee8467025,matched_random_selective,equal_layer_p2,original_only,2026082712,2,3,9.48632767819008,32.09097834431183,0.12992930937359662,0.9853281063449454,1.0000000000000009
original_e4,max3sat,inst_6e1b06d7ea43e3f3ea56b4d65c888b171b0b8e082d901f1993a38fcee8467025,matched_random_selective,equal_layer_p2,pair,2026082712,2,3,8.60022079331779,23.223411858331314,0.15510773999941369,0.9004877628928742,0.9999999999999977
original_e4,max3sat,inst_6e1b06d7ea43e3f3ea56b4d65c888b171b0b8e082d901f1993a38fcee8467025,matched_random_selective,equal_layer_p2,independence,2026082712,2,3,9.266605983533259,22.999964730421755,0.14587972850464184,0.9041597085828313,0.9999999999999996
original_e4,max3sat,inst_6e1b06d7ea43e3f3ea56b4d65c888b171b0b8e082d901f1993a38fcee8467025,matched_random_selective,equal_2q_budget_128,cold,2026082712,0,3,13.25,36.0,0.03125,0.984375,1.0
original_e4,max3sat,inst_6e1b06d7ea43e3f3ea56b4d65c888b171b0b8e082d901f1993a38fcee8467025,matched_random_selective,equal_2q_budget_128,original_only,2026082712,0,3,9.518518518518531,32.3888888888889,0.13168724279835384,0.9843750000000012,1.0000000000000004
original_e4,max3sat,inst_6e1b06d7ea43e3f3ea56b4d65c888b171b0b8e082d901f1993a38fcee8467025,matched_random_selective,equal_2q_budget_128,pair,2026082712,0,3,9.518518518518512,27.88888888888887,0.13168724279835387,0.9563451069827135,0.9999999999999992
original_e4,max3sat,inst_6e1b06d7ea43e3f3ea56b4d65c888b171b0b8e082d901f1993a38fcee8467025,matched_random_selective,equal_2q_budget_128,independence,2026082712,0,3,9.518518518518515,22.851851851851848,0.13168724279835387,0.9025679434316128,0.9999999999999994
original_e4,max3sat,inst_6e1b06d7ea43e3f3ea56b4d65c888b171b0b8e082d901f1993a38fcee8467025,matched_random_selective,equal_2q_budget_256,cold,2026082712,1,3,12.036027362813906,36.88987598613137,0.05101938602078981,0.9858128743322592,1.0000000000000002
original_e4,max3sat,inst_6e1b06d7ea43e3f3ea56b4d65c888b171b0b8e082d901f1993a38fcee8467025,matched_random_selective,equal_2q_budget_256,original_only,2026082712,1,3,9.33508177476586,33.49997202700416,0.1408531235117532,0.9868909393678145,1.0000000000000007
original_e4,max3sat,inst_6e1b06d7ea43e3f3ea56b4d65c888b171b0b8e082d901f1993a38fcee8467025,matched_random_selective,equal_2q_budget_256,pair,2026082712,1,3,9.359664383818242,28.302534486850675,0.14178942318247373,0.9599961873962473,0.9999999999999988
original_e4,max3sat,inst_6e1b06d7ea43e3f3ea56b4d65c888b171b0b8e082d901f1993a38fcee8467025,matched_random_selective,equal_2q_budget_256,independence,2026082712,1,3,7.959371047167708,19.104744777514796,0.20093894115062705,0.8389449226216462,1.0000000000000002
original_e4,max3sat,inst_6e1b06d7ea43e3f3ea56b4d65c888b171b0b8e082d901f1993a38fcee8467025,matched_random_selective,equal_layer_p1,cold,2026082713,1,3,12.177405757488485,27.70160427093137,0.05698091829704588,0.9428764982961103,0.9999999999999994
original_e4,max3sat,inst_6e1b06d7ea43e3f3ea56b4d65c888b171b0b8e082d901f1993a38fcee8467025,matched_random_selective,equal_layer_p1,original_only,2026082713,1,3,8.63646268357625,23.67780226143773,0.1886674256895169,0.953873503239965,1.0000000000000007
original_e4,max3sat,inst_6e1b06d7ea43e3f3ea56b4d65c888b171b0b8e082d901f1993a38fcee8467025,matched_random_selective,equal_layer_p1,pair,2026082713,1,3,7.030636683060269,16.05038716564924,0.27927902104379526,0.8092007794525635,0.9999999999999982
original_e4,max3sat,inst_6e1b06d7ea43e3f3ea56b4d65c888b171b0b8e082d901f1993a38fcee8467025,matched_random_selective,equal_layer_p1,independence,2026082713,1,3,8.043016443168371,17.278333528340482,0.2140100787285495,0.7716321595299752,0.9999999999999996
original_e4,max3sat,inst_6e1b06d7ea43e3f3ea56b4d65c888b171b0b8e082d901f1993a38fcee8467025,matched_random_selective,equal_layer_p2,cold,2026082713,2,3,12.86648816972955,32.607660479927624,0.03525796511568207,0.9860436999447373,1.0000000000000002
original_e4,max3sat,inst_6e1b06d7ea43e3f3ea56b4d65c888b171b0b8e082d901f1993a38fcee8467025,matched_random_selective,equal_layer_p2,original_only,2026082713,2,3,9.896955799976068,27.748085559620836,0.11969273898013853,0.970341390682728,1.0000000000000007
original_e4,max3sat,inst_6e1b06d7ea43e3f3ea56b4d65c888b171b0b8e082d901f1993a38fcee8467025,matched_random_selective,equal_layer_p2,pair,2026082713,2,3,10.192260749095125,25.4212799869906,0.11095371852886422,0.9580344298272516,0.9999999999999996
original_e4,max3sat,inst_6e1b06d7ea43e3f3ea56b4d65c888b171b0b8e082d901f1993a38fcee8467025,matched_random_selective,equal_layer_p2,independence,2026082713,2,3,9.690163687196181,23.30219498989582,0.12060005548870933,0.9057993319314375,0.9999999999999996
original_e4,max3sat,inst_6e1b06d7ea43e3f3ea56b4d65c888b171b0b8e082d901f1993a38fcee8467025,matched_random_selective,equal_2q_budget_128,cold,2026082713,0,3,13.25,32.75,0.03125,0.984375,1.0
original_e4,max3sat,inst_6e1b06d7ea43e3f3ea56b4d65c888b171b0b8e082d901f1993a38fcee8467025,matched_random_selective,equal_2q_budget_128,original_only,2026082713,0,3,9.518518518518531,28.296296296296315,0.13168724279835384,0.9843750000000012,1.0000000000000004
original_e4,max3sat,inst_6e1b06d7ea43e3f3ea56b4d65c888b171b0b8e082d901f1993a38fcee8467025,matched_random_selective,equal_2q_budget_128,pair,2026082713,0,3,9.518518518518515,23.962962962962948,0.13168724279835387,0.9457173985447117,0.9999999999999994
original_e4,max3sat,inst_6e1b06d7ea43e3f3ea56b4d65c888b171b0b8e082d901f1993a38fcee8467025,matched_random_selective,equal_2q_budget_128,independence,2026082713,0,3,9.518518518518512,20.62962962962962,0.13168724279835387,0.8637710020545665,0.9999999999999994
original_e4,max3sat,inst_6e1b06d7ea43e3f3ea56b4d65c888b171b0b8e082d901f1993a38fcee8467025,matched_random_selective,equal_2q_budget_256,cold,2026082713,1,3,13.017900448252542,33.880104769909806,0.03406285563179518,0.9887741874027514,0.9999999999999994
original_e4,max3sat,inst_6e1b06d7ea43e3f3ea56b4d65c888b171b0b8e082d901f1993a38fcee8467025,matched_random_selective,equal_2q_budget_256,original_only,2026082713,1,3,8.634366353913643,23.761590784823436,0.18773609834716476,0.9530121600318119,1.000000000000001
original_e4,max3sat,inst_6e1b06d7ea43e3f3ea56b4d65c888b171b0b8e082d901f1993a38fcee8467025,matched_random_selective,equal_2q_budget_256,pair,2026082713,1,3,9.495503559013153,23.972474285123884,0.13252135513237373,0.9464663630442848,0.9999999999999996
original_e4,max3sat,inst_6e1b06d7ea43e3f3ea56b4d65c888b171b0b8e082d901f1993a38fcee8467025,matched_random_selective,equal_2q_budget_256,independence,2026082713,1,3,9.432819900507312,20.539786441443013,0.1365850958357297,0.8611942877945897,0.9999999999999997
original_e4,max3sat,inst_6e1b06d7ea43e3f3ea56b4d65c888b171b0b8e082d901f1993a38fcee8467025,matched_random_selective,equal_layer_p1,cold,2026082714,1,3,12.04547367225902,32.44915816056855,0.05073708272250205,0.9612595792929387,1.0
original_e4,max3sat,inst_6e1b06d7ea43e3f3ea56b4d65c888b171b0b8e082d901f1993a38fcee8467025,matched_random_selective,equal_layer_p1,original_only,2026082714,1,3,8.53290674477182,23.976150086094208,0.17575646174955697,0.9328117742642136,1.0000000000000002
original_e4,max3sat,inst_6e1b06d7ea43e3f3ea56b4d65c888b171b0b8e082d901f1993a38fcee8467025,matched_random_selective,equal_layer_p1,pair,2026082714,1,3,8.554180551847894,24.916059001414467,0.1741001377041657,0.8993611085392734,0.9999999999999986
original_e4,max3sat,inst_6e1b06d7ea43e3f3ea56b4d65c888b171b0b8e082d901f1993a38fcee8467025,matched_random_selective,equal_layer_p1,independence,2026082714,1,3,9.251891317109353,25.18852674330672,0.13995187213094254,0.9105899425603644,0.9999999999999991
original_e4,max3sat,inst_6e1b06d7ea43e3f3ea56b4d65c888b171b0b8e082d901f1993a38fcee8467025,matched_random_selective,equal_layer_p2,cold,2026082714,2,3,12.62750286289034,34.72362199122403,0.03968919690116259,0.9841410185612887,1.0000000000000004
original_e4,max3sat,inst_6e1b06d7ea43e3f3ea56b4d65c888b171b0b8e082d901f1993a38fcee8467025,matched_random_selective,equal_layer_p2,original_only,2026082714,2,3,10.118332939344045,33.66256052610431,0.10272264063762228,0.9830677322519703,1.0000000000000007
original_e4,max3sat,inst_6e1b06d7ea43e3f3ea56b4d65c888b171b0b8e082d901f1993a38fcee8467025,matched_random_selective,equal_layer_p2,pair,2026082714,2,3,9.537931083922189,29.149393828443248,0.1193273218614449,0.9542755572663025,0.9999999999999996
original_e4,max3sat,inst_6e1b06d7ea43e3f3ea56b4d65c888b171b0b8e082d901f1993a38fcee8467025,matched_random_selective,equal_layer_p2,independence,2026082714,2,3,10.18986673045167,31.636461138689608,0.10445208352907022,0.9616710482785612,0.9999999999999988
original_e4,max3sat,inst_6e1b06d7ea43e3f3ea56b4d65c888b171b0b8e082d901f1993a38fcee8467025,matched_random_selective,equal_2q_budget_128,cold,2026082714,0,3,13.25,35.875,0.03125,0.984375,1.0
original_e4,max3sat,inst_6e1b06d7ea43e3f3ea56b4d65c888b171b0b8e082d901f1993a38fcee8467025,matched_random_selective,equal_2q_budget_128,original_only,2026082714,0,3,9.518518518518531,33.09259259259262,0.13168724279835384,0.9843750000000012,1.0000000000000004
original_e4,max3sat,inst_6e1b06d7ea43e3f3ea56b4d65c888b171b0b8e082d901f1993a38fcee8467025,matched_random_selective,equal_2q_budget_128,pair,2026082714,0,3,9.518518518518512,28.925925925925906,0.13168724279835387,0.9525817541363951,0.999999999999999
original_e4,max3sat,inst_6e1b06d7ea43e3f3ea56b4d65c888b171b0b8e082d901f1993a38fcee8467025,matched_random_selective,equal_2q_budget_128,independence,2026082714,0,3,9.518518518518514,24.62962962962963,0.13168724279835387,0.8883076134881445,0.9999999999999994
original_e4,max3sat,inst_6e1b06d7ea43e3f3ea56b4d65c888b171b0b8e082d901f1993a38fcee8467025,matched_random_selective,equal_2q_budget_256,cold,2026082714,1,3,12.862273320585645,34.934192839121316,0.03315976990876866,0.9818435666542603,0.9999999999999994
original_e4,max3sat,inst_6e1b06d7ea43e3f3ea56b4d65c888b171b0b8e082d901f1993a38fcee8467025,matched_random_selective,equal_2q_budget_256,original_only,2026082714,1,3,9.394443301251897,33.27874363850022,0.13604716331611924,0.9855087783687742,1.0000000000000009
original_e4,max3sat,inst_6e1b06d7ea43e3f3ea56b4d65c888b171b0b8e082d901f1993a38fcee8467025,matched_random_selective,equal_2q_budget_256,pair,2026082714,1,3,9.341414490360778,29.457706770716005,0.13942150295486497,0.9617781071327546,0.9999999999999988
original_e4,max3sat,inst_6e1b06d7ea43e3f3ea56b4d65c888b171b0b8e082d901f1993a38fcee8467025,matched_random_selective,equal_2q_budget_256,independence,2026082714,1,3,9.258171459787476,25.16555224974178,0.14024234392155363,0.9094782652485504,0.9999999999999999
original_e4,max3sat,inst_6e1b06d7ea43e3f3ea56b4d65c888b171b0b8e082d901f1993a38fcee8467025,matched_random_selective,equal_layer_p1,cold,2026082715,1,3,13.080723173001514,32.998342177498124,0.029903195001054452,0.984282370710166,1.0
original_e4,max3sat,inst_6e1b06d7ea43e3f3ea56b4d65c888b171b0b8e082d901f1993a38fcee8467025,matched_random_selective,equal_layer_p1,original_only,2026082715,1,3,9.509692984507003,29.82487931456926,0.13473871528111325,0.9847956097275815,1.0000000000000007
original_e4,max3sat,inst_6e1b06d7ea43e3f3ea56b4d65c888b171b0b8e082d901f1993a38fcee8467025,matched_random_selective,equal_layer_p1,pair,2026082715,1,3,9.45384929197373,24.88584244694,0.1410992426591975,0.9503550639782185,0.9999999999999988
original_e4,max3sat,inst_6e1b06d7ea43e3f3ea56b4d65c888b171b0b8e082d901f1993a38fcee8467025,matched_random_selective,equal_layer_p1,independence,2026082715,1,3,9.432494958553113,21.004417682187164,0.1415291364904758,0.878708409747528,0.9999999999999988
original_e4,max3sat,inst_6e1b06d7ea43e3f3ea56b4d65c888b171b0b8e082d901f1993a38fcee8467025,matched_random_selective,equal_layer_p2,cold,2026082715,2,3,11.826890777067632,27.66950113878129,0.053709425861531414,0.9418364593561203,0.9999999999999994
original_e4,max3sat,inst_6e1b06d7ea43e3f3ea56b4d65c888b171b0b8e082d901f1993a38fcee8467025,matched_random_selective,equal_layer_p2,original_only,2026082715,2,3,8.492770115186465,19.178464652919804,0.20613239381408668,0.9036789142164044,1.0000000000000007
original_e4,max3sat,inst_6e1b06d7ea43e3f3ea56b4d65c888b171b0b8e082d901f1993a38fcee8467025,matched_random_selective,equal_layer_p2,pair,2026082715,2,3,8.697028396222526,20.766841068054102,0.17664204660883567,0.8666417329431723,0.9999999999999986
original_e4,max3sat,inst_6e1b06d7ea43e3f3ea56b4d65c888b171b0b8e082d901f1993a38fcee8467025,matched_random_selective,equal_layer_p2,independence,2026082715,2,3,6.7531367561241575,15.023585375065347,0.2671370094546201,0.6911711289380679,1.0
original_e4,max3sat,inst_6e1b06d7ea43e3f3ea56b4d65c888b171b0b8e082d901f1993a38fcee8467025,matched_random_selective,equal_2q_budget_128,cold,2026082715,0,3,13.25,33.875,0.03125,0.984375,1.0
original_e4,max3sat,inst_6e1b06d7ea43e3f3ea56b4d65c888b171b0b8e082d901f1993a38fcee8467025,matched_random_selective,equal_2q_budget_128,original_only,2026082715,0,3,9.518518518518531,29.77777777777779,0.13168724279835384,0.9843750000000012,1.0000000000000004
original_e4,max3sat,inst_6e1b06d7ea43e3f3ea56b4d65c888b171b0b8e082d901f1993a38fcee8467025,matched_random_selective,equal_2q_budget_128,pair,2026082715,0,3,9.518518518518512,24.77777777777776,0.1316872427983539,0.9474635942654034,0.9999999999999991
original_e4,max3sat,inst_6e1b06d7ea43e3f3ea56b4d65c888b171b0b8e082d901f1993a38fcee8467025,matched_random_selective,equal_2q_budget_128,independence,2026082715,0,3,9.518518518518512,20.925925925925917,0.13168724279835387,0.8729051601604892,0.9999999999999994
original_e4,max3sat,inst_6e1b06d7ea43e3f3ea56b4d65c888b171b0b8e082d901f1993a38fcee8467025,matched_random_selective,equal_2q_budget_256,cold,2026082715,1,3,12.89432702307535,33.38630249181992,0.036443094756067836,0.9830661442339874,1.0000000000000007
original_e4,max3sat,inst_6e1b06d7ea43e3f3ea56b4d65c888b171b0b8e082d901f1993a38fcee8467025,matched_random_selective,equal_2q_budget_256,original_only,2026082715,1,3,9.484611569460851,30.41191696495056,0.13622378690567713,0.9874929254375265,1.0000000000000009
original_e4,max3sat,inst_6e1b06d7ea43e3f3ea56b4d65c888b171b0b8e082d901f1993a38fcee8467025,matched_random_selective,equal_2q_budget_256,pair,2026082715,1,3,9.472432253166843,24.797756117594755,0.13230868416459887,0.951814067233657,0.9999999999999991
original_e4,max3sat,inst_6e1b06d7ea43e3f3ea56b4d65c888b171b0b8e082d901f1993a38fcee8467025,matched_random_selective,equal_2q_budget_256,independence,2026082715,1,3,7.9507425940752166,16.80661141994073,0.21510816172432054,0.7557653129625393,0.9999999999999994
original_e4,max3sat,inst_76b4fceaa4971ac39515576d3b4ae8be7e9cc630ca02f37f35038b1a211ddd14,all_native,equal_layer_p1,cold,,1,3,3.821861050657892,3.821861050657892,0.3064834654049031,0.0,1.0000000000000002
original_e4,max3sat,inst_76b4fceaa4971ac39515576d3b4ae8be7e9cc630ca02f37f35038b1a211ddd14,all_native,equal_layer_p1,original_only,,1,3,3.821861050657892,3.821861050657892,0.3064834654049031,0.0,1.0000000000000002
original_e4,max3sat,inst_76b4fceaa4971ac39515576d3b4ae8be7e9cc630ca02f37f35038b1a211ddd14,all_native,equal_layer_p2,cold,,2,3,4.248667560960411,4.248667560960411,0.2813311285107288,0.0,1.0000000000000002
original_e4,max3sat,inst_76b4fceaa4971ac39515576d3b4ae8be7e9cc630ca02f37f35038b1a211ddd14,all_native,equal_layer_p2,original_only,,2,3,4.248667560960411,4.248667560960411,0.2813311285107288,0.0,1.0000000000000002
original_e4,max3sat,inst_76b4fceaa4971ac39515576d3b4ae8be7e9cc630ca02f37f35038b1a211ddd14,all_native,equal_2q_budget_128,cold,,1,3,3.956688484457924,3.956688484457924,0.21315915559625273,0.0,1.0
original_e4,max3sat,inst_76b4fceaa4971ac39515576d3b4ae8be7e9cc630ca02f37f35038b1a211ddd14,all_native,equal_2q_budget_128,original_only,,1,3,3.956688484457924,3.956688484457924,0.21315915559625273,0.0,1.0
original_e4,max3sat,inst_76b4fceaa4971ac39515576d3b4ae8be7e9cc630ca02f37f35038b1a211ddd14,all_native,equal_2q_budget_256,cold,,3,3,3.2995769082920656,3.2995769082920656,0.36312359442247594,0.0,0.9999999999999997
original_e4,max3sat,inst_76b4fceaa4971ac39515576d3b4ae8be7e9cc630ca02f37f35038b1a211ddd14,all_native,equal_2q_budget_256,original_only,,3,3,3.2995769082920656,3.2995769082920656,0.36312359442247594,0.0,0.9999999999999997
original_e4,max3sat,inst_76b4fceaa4971ac39515576d3b4ae8be7e9cc630ca02f37f35038b1a211ddd14,fully_quadratized,equal_layer_p1,cold,,1,3,5.0966832323959075,22.51742908452407,0.10043510156552456,0.7522311983107849,1.0
original_e4,max3sat,inst_76b4fceaa4971ac39515576d3b4ae8be7e9cc630ca02f37f35038b1a211ddd14,fully_quadratized,equal_layer_p1,original_only,,1,3,5.0966832323959075,22.51742908452407,0.10043510156552456,0.7522311983107849,1.0
original_e4,max3sat,inst_76b4fceaa4971ac39515576d3b4ae8be7e9cc630ca02f37f35038b1a211ddd14,fully_quadratized,equal_layer_p1,pair,,1,3,4.932783590789693,20.21606321431807,0.1463803373638788,0.7527707850634741,1.0000000000000007
original_e4,max3sat,inst_76b4fceaa4971ac39515576d3b4ae8be7e9cc630ca02f37f35038b1a211ddd14,fully_quadratized,equal_layer_p1,independence,,1,3,5.219784067945745,19.49473359377011,0.14266004616444675,0.7111514252389157,1.0000000000000002
original_e4,max3sat,inst_76b4fceaa4971ac39515576d3b4ae8be7e9cc630ca02f37f35038b1a211ddd14,fully_quadratized,equal_layer_p2,cold,,2,3,5.302395288016895,24.450107915158615,0.10020216898261997,0.7867093157177919,1.0
original_e4,max3sat,inst_76b4fceaa4971ac39515576d3b4ae8be7e9cc630ca02f37f35038b1a211ddd14,fully_quadratized,equal_layer_p2,original_only,,2,3,5.302395288016895,24.450107915158615,0.10020216898261997,0.7867093157177919,1.0
original_e4,max3sat,inst_76b4fceaa4971ac39515576d3b4ae8be7e9cc630ca02f37f35038b1a211ddd14,fully_quadratized,equal_layer_p2,pair,,2,3,4.879115285015145,17.89573467203093,0.16875127587227837,0.6772633856135951,1.0000000000000002
original_e4,max3sat,inst_76b4fceaa4971ac39515576d3b4ae8be7e9cc630ca02f37f35038b1a211ddd14,fully_quadratized,equal_layer_p2,independence,,2,3,5.239308471109921,21.29940474413644,0.13645690572476546,0.741165585865729,1.0000000000000002
original_e4,max3sat,inst_76b4fceaa4971ac39515576d3b4ae8be7e9cc630ca02f37f35038b1a211ddd14,fully_quadratized,equal_2q_budget_128,cold,,2,3,5.293745630727543,22.151569407526306,0.10513741605681688,0.7910410915163538,1.0000000000000007
original_e4,max3sat,inst_76b4fceaa4971ac39515576d3b4ae8be7e9cc630ca02f37f35038b1a211ddd14,fully_quadratized,equal_2q_budget_128,original_only,,2,3,5.293745630727543,22.151569407526306,0.10513741605681688,0.7910410915163538,1.0000000000000007
original_e4,max3sat,inst_76b4fceaa4971ac39515576d3b4ae8be7e9cc630ca02f37f35038b1a211ddd14,fully_quadratized,equal_2q_budget_128,pair,,2,3,4.438167434813419,20.305465847465168,0.22824595562722302,0.7399075203713769,1.0000000000000009
original_e4,max3sat,inst_76b4fceaa4971ac39515576d3b4ae8be7e9cc630ca02f37f35038b1a211ddd14,fully_quadratized,equal_2q_budget_128,independence,,2,3,5.268114192721519,22.26897922221528,0.13435055866217774,0.7605740769265914,1.0000000000000002
original_e4,max3sat,inst_76b4fceaa4971ac39515576d3b4ae8be7e9cc630ca02f37f35038b1a211ddd14,fully_quadratized,equal_2q_budget_256,cold,,4,3,5.128067525115479,20.235673859260164,0.15887204874921046,0.7456328499825963,1.0000000000000016
original_e4,max3sat,inst_76b4fceaa4971ac39515576d3b4ae8be7e9cc630ca02f37f35038b1a211ddd14,fully_quadratized,equal_2q_budget_256,original_only,,4,3,5.128067525115479,20.235673859260164,0.15887204874921046,0.7456328499825963,1.0000000000000016
original_e4,max3sat,inst_76b4fceaa4971ac39515576d3b4ae8be7e9cc630ca02f37f35038b1a211ddd14,fully_quadratized,equal_2q_budget_256,pair,,4,3,4.570789952830187,17.413131507317363,0.2020370110419738,0.7037426034170727,0.9999999999999991
original_e4,max3sat,inst_76b4fceaa4971ac39515576d3b4ae8be7e9cc630ca02f37f35038b1a211ddd14,fully_quadratized,equal_2q_budget_256,independence,,4,3,4.9161488164055855,21.43687708844392,0.17713814314467133,0.7525120255115153,1.000000000000001
original_e4,max3sat,inst_76b4fceaa4971ac39515576d3b4ae8be7e9cc630ca02f37f35038b1a211ddd14,selective,equal_layer_p1,cold,,1,3,5.360428570953677,12.602978909710131,0.13947232126534623,0.7533899110603449,1.0000000000000002
original_e4,max3sat,inst_76b4fceaa4971ac39515576d3b4ae8be7e9cc630ca02f37f35038b1a211ddd14,selective,equal_layer_p1,original_only,,1,3,5.360428570953677,12.602978909710131,0.13947232126534623,0.7533899110603449,1.0000000000000002
original_e4,max3sat,inst_76b4fceaa4971ac39515576d3b4ae8be7e9cc630ca02f37f35038b1a211ddd14,selective,equal_layer_p1,pair,,1,3,5.150763534225977,10.824859271097353,0.16659488759935923,0.7069307449317925,1.0000000000000002
original_e4,max3sat,inst_76b4fceaa4971ac39515576d3b4ae8be7e9cc630ca02f37f35038b1a211ddd14,selective,equal_layer_p1,independence,,1,3,5.149303590994156,11.881880875397732,0.16181021011265032,0.7267954408938841,0.9999999999999997
original_e4,max3sat,inst_76b4fceaa4971ac39515576d3b4ae8be7e9cc630ca02f37f35038b1a211ddd14,selective,equal_layer_p2,cold,,2,3,5.027551783998984,12.760535455457799,0.14520466024876116,0.765758116852245,0.9999999999999994
original_e4,max3sat,inst_76b4fceaa4971ac39515576d3b4ae8be7e9cc630ca02f37f35038b1a211ddd14,selective,equal_layer_p2,original_only,,2,3,5.027551783998984,12.760535455457799,0.14520466024876116,0.765758116852245,0.9999999999999994
original_e4,max3sat,inst_76b4fceaa4971ac39515576d3b4ae8be7e9cc630ca02f37f35038b1a211ddd14,selective,equal_layer_p2,pair,,2,3,4.3671296883923905,9.118665299922784,0.2134443189304728,0.6153618809144,1.0
original_e4,max3sat,inst_76b4fceaa4971ac39515576d3b4ae8be7e9cc630ca02f37f35038b1a211ddd14,selective,equal_layer_p2,independence,,2,3,4.830023872610391,11.726992667197857,0.18326507891677732,0.7313868752213835,1.0000000000000007
original_e4,max3sat,inst_76b4fceaa4971ac39515576d3b4ae8be7e9cc630ca02f37f35038b1a211ddd14,selective,equal_2q_budget_128,cold,,1,3,5.065282454336212,12.40878506555005,0.13999447990286032,0.7643295534668694,0.9999999999999992
original_e4,max3sat,inst_76b4fceaa4971ac39515576d3b4ae8be7e9cc630ca02f37f35038b1a211ddd14,selective,equal_2q_budget_128,original_only,,1,3,5.065282454336212,12.40878506555005,0.13999447990286032,0.7643295534668694,0.9999999999999992
original_e4,max3sat,inst_76b4fceaa4971ac39515576d3b4ae8be7e9cc630ca02f37f35038b1a211ddd14,selective,equal_2q_budget_128,pair,,1,3,5.121606644284998,10.906472562159054,0.15140060751862977,0.7128559529112107,1.0000000000000002
original_e4,max3sat,inst_76b4fceaa4971ac39515576d3b4ae8be7e9cc630ca02f37f35038b1a211ddd14,selective,equal_2q_budget_128,independence,,1,3,4.873717289447385,10.999375811174376,0.16833108898009064,0.6533176333941354,1.0000000000000002
original_e4,max3sat,inst_76b4fceaa4971ac39515576d3b4ae8be7e9cc630ca02f37f35038b1a211ddd14,selective,equal_2q_budget_256,cold,,3,3,4.742938977568605,11.041397397943093,0.14514141863230093,0.7457684284065186,1.0
original_e4,max3sat,inst_76b4fceaa4971ac39515576d3b4ae8be7e9cc630ca02f37f35038b1a211ddd14,selective,equal_2q_budget_256,original_only,,3,3,4.742938977568605,11.041397397943093,0.14514141863230093,0.7457684284065186,1.0
original_e4,max3sat,inst_76b4fceaa4971ac39515576d3b4ae8be7e9cc630ca02f37f35038b1a211ddd14,selective,equal_2q_budget_256,pair,,3,3,4.891083486496502,10.928653518390364,0.18957098056761942,0.6996748374719681,1.0000000000000007
original_e4,max3sat,inst_76b4fceaa4971ac39515576d3b4ae8be7e9cc630ca02f37f35038b1a211ddd14,selective,equal_2q_budget_256,independence,,3,3,4.982137928329277,11.56761058957216,0.16868007959945353,0.7423455596672782,1.000000000000001
original_e4,max3sat,inst_76b4fceaa4971ac39515576d3b4ae8be7e9cc630ca02f37f35038b1a211ddd14,matched_random_selective,equal_layer_p1,cold,2026082711,1,3,4.636389115916483,9.926330453169543,0.18544870905430252,0.7127402990590811,0.9999999999999996
original_e4,max3sat,inst_76b4fceaa4971ac39515576d3b4ae8be7e9cc630ca02f37f35038b1a211ddd14,matched_random_selective,equal_layer_p1,original_only,2026082711,1,3,4.636389115916483,9.926330453169543,0.18544870905430252,0.7127402990590811,0.9999999999999996
original_e4,max3sat,inst_76b4fceaa4971ac39515576d3b4ae8be7e9cc630ca02f37f35038b1a211ddd14,matched_random_selective,equal_layer_p1,pair,2026082711,1,3,4.708031529274153,10.022313478812938,0.21307768312029116,0.7301175786227069,1.0
original_e4,max3sat,inst_76b4fceaa4971ac39515576d3b4ae8be7e9cc630ca02f37f35038b1a211ddd14,matched_random_selective,equal_layer_p1,independence,2026082711,1,3,4.8747958725411875,10.451326501934725,0.17677290887917296,0.7616216944814878,1.0000000000000009
original_e4,max3sat,inst_76b4fceaa4971ac39515576d3b4ae8be7e9cc630ca02f37f35038b1a211ddd14,matched_random_selective,equal_layer_p2,cold,2026082711,2,3,3.8606287826788854,7.701257817247513,0.24323099345211288,0.5534301563272361,0.9999999999999997
original_e4,max3sat,inst_76b4fceaa4971ac39515576d3b4ae8be7e9cc630ca02f37f35038b1a211ddd14,matched_random_selective,equal_layer_p2,original_only,2026082711,2,3,3.8606287826788854,7.701257817247513,0.24323099345211288,0.5534301563272361,0.9999999999999997
original_e4,max3sat,inst_76b4fceaa4971ac39515576d3b4ae8be7e9cc630ca02f37f35038b1a211ddd14,matched_random_selective,equal_layer_p2,pair,2026082711,2,3,4.229338352610682,8.266645629247359,0.25833970662270994,0.6047782150441453,1.0000000000000007
original_e4,max3sat,inst_76b4fceaa4971ac39515576d3b4ae8be7e9cc630ca02f37f35038b1a211ddd14,matched_random_selective,equal_layer_p2,independence,2026082711,2,3,3.588510512926856,7.441064923082261,0.31147736872612564,0.5136468425624522,1.0000000000000002
original_e4,max3sat,inst_76b4fceaa4971ac39515576d3b4ae8be7e9cc630ca02f37f35038b1a211ddd14,matched_random_selective,equal_2q_budget_128,cold,2026082711,1,3,4.804243654027517,10.150365967970368,0.15960137108376252,0.6905999730032115,0.9999999999999997
original_e4,max3sat,inst_76b4fceaa4971ac39515576d3b4ae8be7e9cc630ca02f37f35038b1a211ddd14,matched_random_selective,equal_2q_budget_128,original_only,2026082711,1,3,4.804243654027517,10.150365967970368,0.15960137108376252,0.6905999730032115,0.9999999999999997
original_e4,max3sat,inst_76b4fceaa4971ac39515576d3b4ae8be7e9cc630ca02f37f35038b1a211ddd14,matched_random_selective,equal_2q_budget_128,pair,2026082711,1,3,4.554002689948902,7.731299904358195,0.1880076123885027,0.5553465767881741,1.0000000000000007
original_e4,max3sat,inst_76b4fceaa4971ac39515576d3b4ae8be7e9cc630ca02f37f35038b1a211ddd14,matched_random_selective,equal_2q_budget_128,independence,2026082711,1,3,4.546376777936259,9.01945482047936,0.19407406726219034,0.618195714256928,1.0000000000000007
original_e4,max3sat,inst_76b4fceaa4971ac39515576d3b4ae8be7e9cc630ca02f37f35038b1a211ddd14,matched_random_selective,equal_2q_budget_256,cold,2026082711,2,3,4.347573348096938,10.659572400600458,0.22386976988015142,0.8174929084263707,1.0000000000000002
original_e4,max3sat,inst_76b4fceaa4971ac39515576d3b4ae8be7e9cc630ca02f37f35038b1a211ddd14,matched_random_selective,equal_2q_budget_256,original_only,2026082711,2,3,4.347573348096938,10.659572400600458,0.22386976988015142,0.8174929084263707,1.0000000000000002
original_e4,max3sat,inst_76b4fceaa4971ac39515576d3b4ae8be7e9cc630ca02f37f35038b1a211ddd14,matched_random_selective,equal_2q_budget_256,pair,2026082711,2,3,4.294050731742051,10.685690876309359,0.25229750525896905,0.7857989424079906,1.0000000000000007
original_e4,max3sat,inst_76b4fceaa4971ac39515576d3b4ae8be7e9cc630ca02f37f35038b1a211ddd14,matched_random_selective,equal_2q_budget_256,independence,2026082711,2,3,4.375193093315262,9.831798359520695,0.23224843834569864,0.7616232113103388,1.0
original_e4,max3sat,inst_76b4fceaa4971ac39515576d3b4ae8be7e9cc630ca02f37f35038b1a211ddd14,matched_random_selective,equal_layer_p1,cold,2026082712,1,3,4.7866438775569975,9.480859446933986,0.15475480508881498,0.5607090967075271,1.0
original_e4,max3sat,inst_76b4fceaa4971ac39515576d3b4ae8be7e9cc630ca02f37f35038b1a211ddd14,matched_random_selective,equal_layer_p1,original_only,2026082712,1,3,4.7866438775569975,9.480859446933986,0.15475480508881498,0.5607090967075271,1.0
original_e4,max3sat,inst_76b4fceaa4971ac39515576d3b4ae8be7e9cc630ca02f37f35038b1a211ddd14,matched_random_selective,equal_layer_p1,pair,2026082712,1,3,4.600149813912579,9.106617445449023,0.18989456501278115,0.5873914012411481,1.0
original_e4,max3sat,inst_76b4fceaa4971ac39515576d3b4ae8be7e9cc630ca02f37f35038b1a211ddd14,matched_random_selective,equal_layer_p1,independence,2026082712,1,3,4.394806878733768,9.872813219858047,0.22695148432163395,0.6021333454122589,1.0000000000000002
original_e4,max3sat,inst_76b4fceaa4971ac39515576d3b4ae8be7e9cc630ca02f37f35038b1a211ddd14,matched_random_selective,equal_layer_p2,cold,2026082712,2,3,5.295201038670393,13.733277900498885,0.17111376863066438,0.7636257859706234,1.0000000000000002
original_e4,max3sat,inst_76b4fceaa4971ac39515576d3b4ae8be7e9cc630ca02f37f35038b1a211ddd14,matched_random_selective,equal_layer_p2,original_only,2026082712,2,3,5.295201038670393,13.733277900498885,0.17111376863066438,0.7636257859706234,1.0000000000000002
original_e4,max3sat,inst_76b4fceaa4971ac39515576d3b4ae8be7e9cc630ca02f37f35038b1a211ddd14,matched_random_selective,equal_layer_p2,pair,2026082712,2,3,4.885099434813002,12.72208977508936,0.20790486165023028,0.7196371043096419,1.0000000000000002
original_e4,max3sat,inst_76b4fceaa4971ac39515576d3b4ae8be7e9cc630ca02f37f35038b1a211ddd14,matched_random_selective,equal_layer_p2,independence,2026082712,2,3,3.8116196367212134,8.057669313824517,0.2730714581321257,0.5439050227690881,0.9999999999999997
original_e4,max3sat,inst_76b4fceaa4971ac39515576d3b4ae8be7e9cc630ca02f37f35038b1a211ddd14,matched_random_selective,equal_2q_budget_128,cold,2026082712,1,3,5.641864101372484,15.85530766192027,0.1548507503863176,0.85833893438735,0.9999999999999997
original_e4,max3sat,inst_76b4fceaa4971ac39515576d3b4ae8be7e9cc630ca02f37f35038b1a211ddd14,matched_random_selective,equal_2q_budget_128,original_only,2026082712,1,3,5.641864101372484,15.85530766192027,0.1548507503863176,0.85833893438735,0.9999999999999997
original_e4,max3sat,inst_76b4fceaa4971ac39515576d3b4ae8be7e9cc630ca02f37f35038b1a211ddd14,matched_random_selective,equal_2q_budget_128,pair,2026082712,1,3,5.326359968896897,13.621281745444994,0.147052811436888,0.804543740768746,1.0000000000000007
original_e4,max3sat,inst_76b4fceaa4971ac39515576d3b4ae8be7e9cc630ca02f37f35038b1a211ddd14,matched_random_selective,equal_2q_budget_128,independence,2026082712,1,3,5.446480622093811,12.973000500214772,0.152644996986902,0.7530717802628947,1.0
original_e4,max3sat,inst_76b4fceaa4971ac39515576d3b4ae8be7e9cc630ca02f37f35038b1a211ddd14,matched_random_selective,equal_2q_budget_256,cold,2026082712,3,3,4.3646655992220635,8.913245117227591,0.20133303064350763,0.5513270372854533,0.9999999999999997
original_e4,max3sat,inst_76b4fceaa4971ac39515576d3b4ae8be7e9cc630ca02f37f35038b1a211ddd14,matched_random_selective,equal_2q_budget_256,original_only,2026082712,3,3,4.3646655992220635,8.913245117227591,0.20133303064350763,0.5513270372854533,0.9999999999999997
original_e4,max3sat,inst_76b4fceaa4971ac39515576d3b4ae8be7e9cc630ca02f37f35038b1a211ddd14,matched_random_selective,equal_2q_budget_256,pair,2026082712,3,3,4.35696476168465,9.4109824860188,0.24035884661075715,0.5936896188933681,1.0000000000000007
original_e4,max3sat,inst_76b4fceaa4971ac39515576d3b4ae8be7e9cc630ca02f37f35038b1a211ddd14,matched_random_selective,equal_2q_budget_256,independence,2026082712,3,3,4.77948669618204,11.946061399519643,0.20811225121212026,0.6514252502429765,1.0000000000000016
original_e4,max3sat,inst_76b4fceaa4971ac39515576d3b4ae8be7e9cc630ca02f37f35038b1a211ddd14,matched_random_selective,equal_layer_p1,cold,2026082713,1,3,4.773005174582991,9.49975575304322,0.1642419313750466,0.6847771976641174,1.0000000000000002
original_e4,max3sat,inst_76b4fceaa4971ac39515576d3b4ae8be7e9cc630ca02f37f35038b1a211ddd14,matched_random_selective,equal_layer_p1,original_only,2026082713,1,3,4.773005174582991,9.49975575304322,0.1642419313750466,0.6847771976641174,1.0000000000000002
original_e4,max3sat,inst_76b4fceaa4971ac39515576d3b4ae8be7e9cc630ca02f37f35038b1a211ddd14,matched_random_selective,equal_layer_p1,pair,2026082713,1,3,4.5267457950908065,9.781930137193669,0.1788676737756246,0.613878517021944,1.0000000000000002
original_e4,max3sat,inst_76b4fceaa4971ac39515576d3b4ae8be7e9cc630ca02f37f35038b1a211ddd14,matched_random_selective,equal_layer_p1,independence,2026082713,1,3,4.672197254733147,8.855175411085801,0.175398652474953,0.6592542254197257,1.0000000000000002
original_e4,max3sat,inst_76b4fceaa4971ac39515576d3b4ae8be7e9cc630ca02f37f35038b1a211ddd14,matched_random_selective,equal_layer_p2,cold,2026082713,2,3,4.497576135309649,9.156542151162249,0.22003743876569307,0.6243413951885558,1.0000000000000002
original_e4,max3sat,inst_76b4fceaa4971ac39515576d3b4ae8be7e9cc630ca02f37f35038b1a211ddd14,matched_random_selective,equal_layer_p2,original_only,2026082713,2,3,4.497576135309649,9.156542151162249,0.22003743876569307,0.6243413951885558,1.0000000000000002
original_e4,max3sat,inst_76b4fceaa4971ac39515576d3b4ae8be7e9cc630ca02f37f35038b1a211ddd14,matched_random_selective,equal_layer_p2,pair,2026082713,2,3,3.961814192231728,8.251176038624173,0.2537344704818299,0.5621783715393756,1.0000000000000002
original_e4,max3sat,inst_76b4fceaa4971ac39515576d3b4ae8be7e9cc630ca02f37f35038b1a211ddd14,matched_random_selective,equal_layer_p2,independence,2026082713,2,3,4.915195997722327,10.964910049482341,0.1899953451090776,0.7691703225337765,1.0
original_e4,max3sat,inst_76b4fceaa4971ac39515576d3b4ae8be7e9cc630ca02f37f35038b1a211ddd14,matched_random_selective,equal_2q_budget_128,cold,2026082713,1,3,5.184447473788006,11.552145708199964,0.1495993755742577,0.7611129209617816,1.0000000000000002
original_e4,max3sat,inst_76b4fceaa4971ac39515576d3b4ae8be7e9cc630ca02f37f35038b1a211ddd14,matched_random_selective,equal_2q_budget_128,original_only,2026082713,1,3,5.184447473788006,11.552145708199964,0.1495993755742577,0.7611129209617816,1.0000000000000002
original_e4,max3sat,inst_76b4fceaa4971ac39515576d3b4ae8be7e9cc630ca02f37f35038b1a211ddd14,matched_random_selective,equal_2q_budget_128,pair,2026082713,1,3,4.827189841128189,11.044543181446727,0.1238215613205843,0.68119658546892,1.0000000000000007
original_e4,max3sat,inst_76b4fceaa4971ac39515576d3b4ae8be7e9cc630ca02f37f35038b1a211ddd14,matched_random_selective,equal_2q_budget_128,independence,2026082713,1,3,4.916889541372156,9.602110860251928,0.12983211590335128,0.6900462673933522,0.9999999999999997
original_e4,max3sat,inst_76b4fceaa4971ac39515576d3b4ae8be7e9cc630ca02f37f35038b1a211ddd14,matched_random_selective,equal_2q_budget_256,cold,2026082713,3,3,4.843957722672432,10.353218451227605,0.1640687758000197,0.6913467690279954,1.0000000000000007
original_e4,max3sat,inst_76b4fceaa4971ac39515576d3b4ae8be7e9cc630ca02f37f35038b1a211ddd14,matched_random_selective,equal_2q_budget_256,original_only,2026082713,3,3,4.843957722672432,10.353218451227605,0.1640687758000197,0.6913467690279954,1.0000000000000007
original_e4,max3sat,inst_76b4fceaa4971ac39515576d3b4ae8be7e9cc630ca02f37f35038b1a211ddd14,matched_random_selective,equal_2q_budget_256,pair,2026082713,3,3,4.354746122639519,9.698638824655431,0.20995842620242097,0.6383630321946124,1.000000000000001
original_e4,max3sat,inst_76b4fceaa4971ac39515576d3b4ae8be7e9cc630ca02f37f35038b1a211ddd14,matched_random_selective,equal_2q_budget_256,independence,2026082713,3,3,4.277614187460934,8.444397749255552,0.21916770876629724,0.5901134198070198,1.0000000000000007
original_e4,max3sat,inst_76b4fceaa4971ac39515576d3b4ae8be7e9cc630ca02f37f35038b1a211ddd14,matched_random_selective,equal_layer_p1,cold,2026082714,1,3,5.030725891174396,10.009144626212,0.16180711140339224,0.7002519491100746,0.9999999999999997
original_e4,max3sat,inst_76b4fceaa4971ac39515576d3b4ae8be7e9cc630ca02f37f35038b1a211ddd14,matched_random_selective,equal_layer_p1,original_only,2026082714,1,3,5.030725891174396,10.009144626212,0.16180711140339224,0.7002519491100746,0.9999999999999997
original_e4,max3sat,inst_76b4fceaa4971ac39515576d3b4ae8be7e9cc630ca02f37f35038b1a211ddd14,matched_random_selective,equal_layer_p1,pair,2026082714,1,3,4.999322049723807,9.652880902017023,0.16001706239703428,0.593291200675622,1.0000000000000004
original_e4,max3sat,inst_76b4fceaa4971ac39515576d3b4ae8be7e9cc630ca02f37f35038b1a211ddd14,matched_random_selective,equal_layer_p1,independence,2026082714,1,3,4.861352307621503,8.47955035564218,0.16960400259740016,0.5720593660533787,1.0
original_e4,max3sat,inst_76b4fceaa4971ac39515576d3b4ae8be7e9cc630ca02f37f35038b1a211ddd14,matched_random_selective,equal_layer_p2,cold,2026082714,2,3,4.770398743047615,10.604504670516402,0.1378978930163256,0.6994480998547344,1.0000000000000002
original_e4,max3sat,inst_76b4fceaa4971ac39515576d3b4ae8be7e9cc630ca02f37f35038b1a211ddd14,matched_random_selective,equal_layer_p2,original_only,2026082714,2,3,4.770398743047615,10.604504670516402,0.1378978930163256,0.6994480998547344,1.0000000000000002
original_e4,max3sat,inst_76b4fceaa4971ac39515576d3b4ae8be7e9cc630ca02f37f35038b1a211ddd14,matched_random_selective,equal_layer_p2,pair,2026082714,2,3,4.761765462034881,10.253652315985041,0.15069134184380584,0.6418144323733145,1.0
original_e4,max3sat,inst_76b4fceaa4971ac39515576d3b4ae8be7e9cc630ca02f37f35038b1a211ddd14,matched_random_selective,equal_layer_p2,independence,2026082714,2,3,4.073611413502321,9.905181072816326,0.23134904205267906,0.6045141785634596,0.9999999999999997
original_e4,max3sat,inst_76b4fceaa4971ac39515576d3b4ae8be7e9cc630ca02f37f35038b1a211ddd14,matched_random_selective,equal_2q_budget_128,cold,2026082714,1,3,4.4682966772134,9.04380499208338,0.20518747444705174,0.6226326860258148,1.0
original_e4,max3sat,inst_76b4fceaa4971ac39515576d3b4ae8be7e9cc630ca02f37f35038b1a211ddd14,matched_random_selective,equal_2q_budget_128,original_only,2026082714,1,3,4.4682966772134,9.04380499208338,0.20518747444705174,0.6226326860258148,1.0
original_e4,max3sat,inst_76b4fceaa4971ac39515576d3b4ae8be7e9cc630ca02f37f35038b1a211ddd14,matched_random_selective,equal_2q_budget_128,pair,2026082714,1,3,4.336192227938843,9.455695301384985,0.20805479169463403,0.5476614775982962,1.0000000000000009
original_e4,max3sat,inst_76b4fceaa4971ac39515576d3b4ae8be7e9cc630ca02f37f35038b1a211ddd14,matched_random_selective,equal_2q_budget_128,independence,2026082714,1,3,4.129009655161116,8.400146348524611,0.23195483174740397,0.5395578941069493,1.0000000000000002
original_e4,max3sat,inst_76b4fceaa4971ac39515576d3b4ae8be7e9cc630ca02f37f35038b1a211ddd14,matched_random_selective,equal_2q_budget_256,cold,2026082714,2,3,5.010784585867854,9.697564969117684,0.15999179299427432,0.6310365155324462,1.0000000000000002
original_e4,max3sat,inst_76b4fceaa4971ac39515576d3b4ae8be7e9cc630ca02f37f35038b1a211ddd14,matched_random_selective,equal_2q_budget_256,original_only,2026082714,2,3,5.010784585867854,9.697564969117684,0.15999179299427432,0.6310365155324462,1.0000000000000002
original_e4,max3sat,inst_76b4fceaa4971ac39515576d3b4ae8be7e9cc630ca02f37f35038b1a211ddd14,matched_random_selective,equal_2q_budget_256,pair,2026082714,2,3,5.252312799319282,9.987045481351034,0.13884979955640764,0.5903453741976737,1.0000000000000004
original_e4,max3sat,inst_76b4fceaa4971ac39515576d3b4ae8be7e9cc630ca02f37f35038b1a211ddd14,matched_random_selective,equal_2q_budget_256,independence,2026082714,2,3,5.167301305903346,10.218095259628436,0.14600804134993017,0.6484483682293428,1.0000000000000007
original_e4,max3sat,inst_76b4fceaa4971ac39515576d3b4ae8be7e9cc630ca02f37f35038b1a211ddd14,matched_random_selective,equal_layer_p1,cold,2026082715,1,3,4.445780114293219,8.835324198763738,0.18655547681715853,0.6972795530004379,1.0000000000000009
original_e4,max3sat,inst_76b4fceaa4971ac39515576d3b4ae8be7e9cc630ca02f37f35038b1a211ddd14,matched_random_selective,equal_layer_p1,original_only,2026082715,1,3,4.445780114293219,8.835324198763738,0.18655547681715853,0.6972795530004379,1.0000000000000009
original_e4,max3sat,inst_76b4fceaa4971ac39515576d3b4ae8be7e9cc630ca02f37f35038b1a211ddd14,matched_random_selective,equal_layer_p1,pair,2026082715,1,3,4.3623899874652805,8.469313929637163,0.19533094522137506,0.654600336744832,1.0000000000000007
original_e4,max3sat,inst_76b4fceaa4971ac39515576d3b4ae8be7e9cc630ca02f37f35038b1a211ddd14,matched_random_selective,equal_layer_p1,independence,2026082715,1,3,4.351429515543507,7.673491870757484,0.2078126470028944,0.622019664051949,1.0000000000000002
original_e4,max3sat,inst_76b4fceaa4971ac39515576d3b4ae8be7e9cc630ca02f37f35038b1a211ddd14,matched_random_selective,equal_layer_p2,cold,2026082715,2,3,4.200536286085142,8.553015813216996,0.26193197754947745,0.7639151159245633,1.0000000000000007
original_e4,max3sat,inst_76b4fceaa4971ac39515576d3b4ae8be7e9cc630ca02f37f35038b1a211ddd14,matched_random_selective,equal_layer_p2,original_only,2026082715,2,3,4.200536286085142,8.553015813216996,0.26193197754947745,0.7639151159245633,1.0000000000000007
original_e4,max3sat,inst_76b4fceaa4971ac39515576d3b4ae8be7e9cc630ca02f37f35038b1a211ddd14,matched_random_selective,equal_layer_p2,pair,2026082715,2,3,4.335769813545525,7.787642730823684,0.2635497657384198,0.6161286083712495,0.9999999999999999
original_e4,max3sat,inst_76b4fceaa4971ac39515576d3b4ae8be7e9cc630ca02f37f35038b1a211ddd14,matched_random_selective,equal_layer_p2,independence,2026082715,2,3,4.241411766384068,8.627463668511112,0.24823165095229496,0.7914286189905181,0.9999999999999997
original_e4,max3sat,inst_76b4fceaa4971ac39515576d3b4ae8be7e9cc630ca02f37f35038b1a211ddd14,matched_random_selective,equal_2q_budget_128,cold,2026082715,1,3,4.912184987176883,10.00556712174681,0.19662530262215974,0.8281975364760967,1.0000000000000007
original_e4,max3sat,inst_76b4fceaa4971ac39515576d3b4ae8be7e9cc630ca02f37f35038b1a211ddd14,matched_random_selective,equal_2q_budget_128,original_only,2026082715,1,3,4.912184987176883,10.00556712174681,0.19662530262215974,0.8281975364760967,1.0000000000000007
original_e4,max3sat,inst_76b4fceaa4971ac39515576d3b4ae8be7e9cc630ca02f37f35038b1a211ddd14,matched_random_selective,equal_2q_budget_128,pair,2026082715,1,3,5.094557476459254,9.594604994757782,0.15427308319789235,0.7327507044455794,1.0
original_e4,max3sat,inst_76b4fceaa4971ac39515576d3b4ae8be7e9cc630ca02f37f35038b1a211ddd14,matched_random_selective,equal_2q_budget_128,independence,2026082715,1,3,5.074768087529821,9.272925657259506,0.17073511341575212,0.7136210951947962,1.0
original_e4,max3sat,inst_76b4fceaa4971ac39515576d3b4ae8be7e9cc630ca02f37f35038b1a211ddd14,matched_random_selective,equal_2q_budget_256,cold,2026082715,3,3,5.14778894494419,9.736801698529051,0.13898679197112782,0.756931121250323,1.0000000000000002
original_e4,max3sat,inst_76b4fceaa4971ac39515576d3b4ae8be7e9cc630ca02f37f35038b1a211ddd14,matched_random_selective,equal_2q_budget_256,original_only,2026082715,3,3,5.14778894494419,9.736801698529051,0.13898679197112782,0.756931121250323,1.0000000000000002
original_e4,max3sat,inst_76b4fceaa4971ac39515576d3b4ae8be7e9cc630ca02f37f35038b1a211ddd14,matched_random_selective,equal_2q_budget_256,pair,2026082715,3,3,5.082733962005828,10.351410301531168,0.1445230715280801,0.7885758365312746,1.0000000000000004
original_e4,max3sat,inst_76b4fceaa4971ac39515576d3b4ae8be7e9cc630ca02f37f35038b1a211ddd14,matched_random_selective,equal_2q_budget_256,independence,2026082715,3,3,5.007279481749947,10.035627560725791,0.16986459372992826,0.7766403065645754,1.0000000000000002
original_e4,max3sat,inst_acbf81eed080cb0966307b9d199008aead5fdef8c6ff8f37b637df67070c0e62,all_native,equal_layer_p1,cold,,1,3,6.28507550819896,6.28507550819896,0.12042844450458741,0.0,1.0000000000000002
original_e4,max3sat,inst_acbf81eed080cb0966307b9d199008aead5fdef8c6ff8f37b637df67070c0e62,all_native,equal_layer_p1,original_only,,1,3,6.28507550819896,6.28507550819896,0.12042844450458741,0.0,1.0000000000000002
original_e4,max3sat,inst_acbf81eed080cb0966307b9d199008aead5fdef8c6ff8f37b637df67070c0e62,all_native,equal_layer_p2,cold,,2,3,6.247317793025914,6.247317793025914,0.09458866259598858,0.0,1.0
original_e4,max3sat,inst_acbf81eed080cb0966307b9d199008aead5fdef8c6ff8f37b637df67070c0e62,all_native,equal_layer_p2,original_only,,2,3,6.247317793025914,6.247317793025914,0.09458866259598858,0.0,1.0
original_e4,max3sat,inst_acbf81eed080cb0966307b9d199008aead5fdef8c6ff8f37b637df67070c0e62,all_native,equal_2q_budget_128,cold,,1,3,6.389698998395139,6.389698998395139,0.11859508751439017,0.0,0.9999999999999999
original_e4,max3sat,inst_acbf81eed080cb0966307b9d199008aead5fdef8c6ff8f37b637df67070c0e62,all_native,equal_2q_budget_128,original_only,,1,3,6.389698998395139,6.389698998395139,0.11859508751439017,0.0,0.9999999999999999
original_e4,max3sat,inst_acbf81eed080cb0966307b9d199008aead5fdef8c6ff8f37b637df67070c0e62,all_native,equal_2q_budget_256,cold,,2,3,6.054159215450642,6.054159215450642,0.09070218242439217,0.0,1.0
original_e4,max3sat,inst_acbf81eed080cb0966307b9d199008aead5fdef8c6ff8f37b637df67070c0e62,all_native,equal_2q_budget_256,original_only,,2,3,6.054159215450642,6.054159215450642,0.09070218242439217,0.0,1.0
original_e4,max3sat,inst_acbf81eed080cb0966307b9d199008aead5fdef8c6ff8f37b637df67070c0e62,fully_quadratized,equal_layer_p1,cold,,1,3,8.356769657782442,45.55560504768786,0.05140590819600007,0.9690344394615259,0.9999999999999999
original_e4,max3sat,inst_acbf81eed080cb0966307b9d199008aead5fdef8c6ff8f37b637df67070c0e62,fully_quadratized,equal_layer_p1,original_only,,1,3,8.356769657782442,45.55560504768786,0.05140590819600007,0.9690344394615259,0.9999999999999999
original_e4,max3sat,inst_acbf81eed080cb0966307b9d199008aead5fdef8c6ff8f37b637df67070c0e62,fully_quadratized,equal_layer_p1,pair,,1,3,8.356769657782442,45.55560504768786,0.05140590819600007,0.9690344394615259,0.9999999999999999
original_e4,max3sat,inst_acbf81eed080cb0966307b9d199008aead5fdef8c6ff8f37b637df67070c0e62,fully_quadratized,equal_layer_p1,independence,,1,3,8.236709653393945,47.930556429051485,0.051400405731854525,0.9762930763427914,1.0000000000000002
original_e4,max3sat,inst_acbf81eed080cb0966307b9d199008aead5fdef8c6ff8f37b637df67070c0e62,fully_quadratized,equal_layer_p2,cold,,2,3,8.145997010572383,45.664327164894836,0.057281103293466466,0.9692648861101252,0.999999999999999
original_e4,max3sat,inst_acbf81eed080cb0966307b9d199008aead5fdef8c6ff8f37b637df67070c0e62,fully_quadratized,equal_layer_p2,original_only,,2,3,8.145997010572383,45.664327164894836,0.057281103293466466,0.9692648861101252,0.999999999999999
original_e4,max3sat,inst_acbf81eed080cb0966307b9d199008aead5fdef8c6ff8f37b637df67070c0e62,fully_quadratized,equal_layer_p2,pair,,2,3,8.145997010572383,45.664327164894836,0.057281103293466466,0.9692648861101252,0.999999999999999
original_e4,max3sat,inst_acbf81eed080cb0966307b9d199008aead5fdef8c6ff8f37b637df67070c0e62,fully_quadratized,equal_layer_p2,independence,,2,3,7.9934139762191165,44.28674779759583,0.055542048982903526,0.9675475569652262,0.9999999999999994
original_e4,max3sat,inst_acbf81eed080cb0966307b9d199008aead5fdef8c6ff8f37b637df67070c0e62,fully_quadratized,equal_2q_budget_128,cold,,1,3,8.0613137875904,46.569358935170506,0.057298297508980585,0.9766623150981516,1.0
original_e4,max3sat,inst_acbf81eed080cb0966307b9d199008aead5fdef8c6ff8f37b637df67070c0e62,fully_quadratized,equal_2q_budget_128,original_only,,1,3,8.0613137875904,46.569358935170506,0.057298297508980585,0.9766623150981516,1.0
original_e4,max3sat,inst_acbf81eed080cb0966307b9d199008aead5fdef8c6ff8f37b637df67070c0e62,fully_quadratized,equal_2q_budget_128,pair,,1,3,8.0613137875904,46.569358935170506,0.057298297508980585,0.9766623150981516,1.0
original_e4,max3sat,inst_acbf81eed080cb0966307b9d199008aead5fdef8c6ff8f37b637df67070c0e62,fully_quadratized,equal_2q_budget_128,independence,,1,3,8.051575695516581,44.10457869437229,0.05102281749691106,0.9606658911807879,0.999999999999999
original_e4,max3sat,inst_acbf81eed080cb0966307b9d199008aead5fdef8c6ff8f37b637df67070c0e62,fully_quadratized,equal_2q_budget_256,cold,,2,3,7.706134357013436,45.09312653488397,0.07505471138950442,0.9787683498916652,0.9999999999999996
original_e4,max3sat,inst_acbf81eed080cb0966307b9d199008aead5fdef8c6ff8f37b637df67070c0e62,fully_quadratized,equal_2q_budget_256,original_only,,2,3,7.706134357013436,45.09312653488397,0.07505471138950442,0.9787683498916652,0.9999999999999996
original_e4,max3sat,inst_acbf81eed080cb0966307b9d199008aead5fdef8c6ff8f37b637df67070c0e62,fully_quadratized,equal_2q_budget_256,pair,,2,3,7.706134357013436,45.09312653488397,0.07505471138950442,0.9787683498916652,0.9999999999999996
original_e4,max3sat,inst_acbf81eed080cb0966307b9d199008aead5fdef8c6ff8f37b637df67070c0e62,fully_quadratized,equal_2q_budget_256,independence,,2,3,7.734315232210899,39.49319896088562,0.06678853908514097,0.9440865709376677,0.9999999999999986
original_e4,max3sat,inst_acbf81eed080cb0966307b9d199008aead5fdef8c6ff8f37b637df67070c0e62,selective,equal_layer_p1,cold,,1,3,7.964079214756258,16.60918613342596,0.06337938089001953,0.7462805168391675,0.9999999999999997
original_e4,max3sat,inst_acbf81eed080cb0966307b9d199008aead5fdef8c6ff8f37b637df67070c0e62,selective,equal_layer_p1,original_only,,1,3,7.964079214756258,16.60918613342596,0.06337938089001953,0.7462805168391675,0.9999999999999997
original_e4,max3sat,inst_acbf81eed080cb0966307b9d199008aead5fdef8c6ff8f37b637df67070c0e62,selective,equal_layer_p1,pair,,1,3,7.964079214756258,16.60918613342596,0.06337938089001953,0.7462805168391675,0.9999999999999997
original_e4,max3sat,inst_acbf81eed080cb0966307b9d199008aead5fdef8c6ff8f37b637df67070c0e62,selective,equal_layer_p1,independence,,1,3,7.983286327792439,14.59605757894491,0.07583746308875555,0.6718622205217994,1.0000000000000002
original_e4,max3sat,inst_acbf81eed080cb0966307b9d199008aead5fdef8c6ff8f37b637df67070c0e62,selective,equal_layer_p2,cold,,2,3,7.733702801869225,16.65388213179067,0.0650745237039286,0.7699525099347544,1.0000000000000002
original_e4,max3sat,inst_acbf81eed080cb0966307b9d199008aead5fdef8c6ff8f37b637df67070c0e62,selective,equal_layer_p2,original_only,,2,3,7.733702801869225,16.65388213179067,0.0650745237039286,0.7699525099347544,1.0000000000000002
original_e4,max3sat,inst_acbf81eed080cb0966307b9d199008aead5fdef8c6ff8f37b637df67070c0e62,selective,equal_layer_p2,pair,,2,3,7.733702801869225,16.65388213179067,0.0650745237039286,0.7699525099347544,1.0000000000000002
original_e4,max3sat,inst_acbf81eed080cb0966307b9d199008aead5fdef8c6ff8f37b637df67070c0e62,selective,equal_layer_p2,independence,,2,3,7.342164480434637,15.658607281243926,0.06769399130385807,0.7724863284629878,1.0000000000000002
original_e4,max3sat,inst_acbf81eed080cb0966307b9d199008aead5fdef8c6ff8f37b637df67070c0e62,selective,equal_2q_budget_128,cold,,1,3,7.980495625149202,17.189874926440503,0.06294787809675996,0.7842735654109906,1.0
original_e4,max3sat,inst_acbf81eed080cb0966307b9d199008aead5fdef8c6ff8f37b637df67070c0e62,selective,equal_2q_budget_128,original_only,,1,3,7.980495625149202,17.189874926440503,0.06294787809675996,0.7842735654109906,1.0
original_e4,max3sat,inst_acbf81eed080cb0966307b9d199008aead5fdef8c6ff8f37b637df67070c0e62,selective,equal_2q_budget_128,pair,,1,3,7.980495625149202,17.189874926440503,0.06294787809675996,0.7842735654109906,1.0
original_e4,max3sat,inst_acbf81eed080cb0966307b9d199008aead5fdef8c6ff8f37b637df67070c0e62,selective,equal_2q_budget_128,independence,,1,3,6.8481416412695895,13.08551881966247,0.06566138224931646,0.5798319212153573,1.0000000000000007
original_e4,max3sat,inst_acbf81eed080cb0966307b9d199008aead5fdef8c6ff8f37b637df67070c0e62,selective,equal_2q_budget_256,cold,,2,3,6.014076461176942,11.51805797963375,0.11912349716263164,0.5536579351891777,0.9999999999999996
original_e4,max3sat,inst_acbf81eed080cb0966307b9d199008aead5fdef8c6ff8f37b637df67070c0e62,selective,equal_2q_budget_256,original_only,,2,3,6.014076461176942,11.51805797963375,0.11912349716263164,0.5536579351891777,0.9999999999999996
original_e4,max3sat,inst_acbf81eed080cb0966307b9d199008aead5fdef8c6ff8f37b637df67070c0e62,selective,equal_2q_budget_256,pair,,2,3,6.014076461176942,11.51805797963375,0.11912349716263164,0.5536579351891777,0.9999999999999996
original_e4,max3sat,inst_acbf81eed080cb0966307b9d199008aead5fdef8c6ff8f37b637df67070c0e62,selective,equal_2q_budget_256,independence,,2,3,7.4792162961004065,15.988766420849212,0.07134345108355107,0.7483166040615047,1.0000000000000002
original_e4,max3sat,inst_acbf81eed080cb0966307b9d199008aead5fdef8c6ff8f37b637df67070c0e62,matched_random_selective,equal_layer_p1,cold,2026082711,1,3,7.803455294377474,17.72797532678054,0.04996350994742648,0.7769181460491348,1.0000000000000007
original_e4,max3sat,inst_acbf81eed080cb0966307b9d199008aead5fdef8c6ff8f37b637df67070c0e62,matched_random_selective,equal_layer_p1,original_only,2026082711,1,3,7.803455294377474,17.72797532678054,0.04996350994742648,0.7769181460491348,1.0000000000000007
original_e4,max3sat,inst_acbf81eed080cb0966307b9d199008aead5fdef8c6ff8f37b637df67070c0e62,matched_random_selective,equal_layer_p1,pair,2026082711,1,3,7.803455294377474,17.72797532678054,0.04996350994742648,0.7769181460491348,1.0000000000000007
original_e4,max3sat,inst_acbf81eed080cb0966307b9d199008aead5fdef8c6ff8f37b637df67070c0e62,matched_random_selective,equal_layer_p1,independence,2026082711,1,3,7.55355801980864,14.243790799191167,0.08034361174353008,0.6511665757611534,1.0000000000000007
original_e4,max3sat,inst_acbf81eed080cb0966307b9d199008aead5fdef8c6ff8f37b637df67070c0e62,matched_random_selective,equal_layer_p2,cold,2026082711,2,3,6.533419699234631,14.940896853096996,0.10949394097101128,0.7194372138001789,1.0000000000000007
original_e4,max3sat,inst_acbf81eed080cb0966307b9d199008aead5fdef8c6ff8f37b637df67070c0e62,matched_random_selective,equal_layer_p2,original_only,2026082711,2,3,6.533419699234631,14.940896853096996,0.10949394097101128,0.7194372138001789,1.0000000000000007
original_e4,max3sat,inst_acbf81eed080cb0966307b9d199008aead5fdef8c6ff8f37b637df67070c0e62,matched_random_selective,equal_layer_p2,pair,2026082711,2,3,6.533419699234631,14.940896853096996,0.10949394097101128,0.7194372138001789,1.0000000000000007
original_e4,max3sat,inst_acbf81eed080cb0966307b9d199008aead5fdef8c6ff8f37b637df67070c0e62,matched_random_selective,equal_layer_p2,independence,2026082711,2,3,6.242515508427665,14.731329761593486,0.11738811525271908,0.6740509877193924,1.0000000000000002
original_e4,max3sat,inst_acbf81eed080cb0966307b9d199008aead5fdef8c6ff8f37b637df67070c0e62,matched_random_selective,equal_2q_budget_128,cold,2026082711,1,3,6.498879047312964,13.971528384802122,0.08592858118250517,0.6818999943506183,1.0
original_e4,max3sat,inst_acbf81eed080cb0966307b9d199008aead5fdef8c6ff8f37b637df67070c0e62,matched_random_selective,equal_2q_budget_128,original_only,2026082711,1,3,6.498879047312964,13.971528384802122,0.08592858118250517,0.6818999943506183,1.0
original_e4,max3sat,inst_acbf81eed080cb0966307b9d199008aead5fdef8c6ff8f37b637df67070c0e62,matched_random_selective,equal_2q_budget_128,pair,2026082711,1,3,6.498879047312964,13.971528384802122,0.08592858118250517,0.6818999943506183,1.0
original_e4,max3sat,inst_acbf81eed080cb0966307b9d199008aead5fdef8c6ff8f37b637df67070c0e62,matched_random_selective,equal_2q_budget_128,independence,2026082711,1,3,6.184200712317019,12.45644215686969,0.10718850939832336,0.5911712160395134,1.0000000000000002
original_e4,max3sat,inst_acbf81eed080cb0966307b9d199008aead5fdef8c6ff8f37b637df67070c0e62,matched_random_selective,equal_2q_budget_256,cold,2026082711,2,3,7.45211757145123,15.909581210695393,0.0671256023465059,0.7305197962637976,1.0000000000000002
original_e4,max3sat,inst_acbf81eed080cb0966307b9d199008aead5fdef8c6ff8f37b637df67070c0e62,matched_random_selective,equal_2q_budget_256,original_only,2026082711,2,3,7.45211757145123,15.909581210695393,0.0671256023465059,0.7305197962637976,1.0000000000000002
original_e4,max3sat,inst_acbf81eed080cb0966307b9d199008aead5fdef8c6ff8f37b637df67070c0e62,matched_random_selective,equal_2q_budget_256,pair,2026082711,2,3,7.45211757145123,15.909581210695393,0.0671256023465059,0.7305197962637976,1.0000000000000002
original_e4,max3sat,inst_acbf81eed080cb0966307b9d199008aead5fdef8c6ff8f37b637df67070c0e62,matched_random_selective,equal_2q_budget_256,independence,2026082711,2,3,7.358085267656374,16.660351231020385,0.07219234175831,0.7620874137342827,1.0000000000000009
original_e4,max3sat,inst_acbf81eed080cb0966307b9d199008aead5fdef8c6ff8f37b637df67070c0e62,matched_random_selective,equal_layer_p1,cold,2026082712,1,3,7.740167440632682,13.143326278928003,0.0694579719441975,0.734880590970486,0.9999999999999999
original_e4,max3sat,inst_acbf81eed080cb0966307b9d199008aead5fdef8c6ff8f37b637df67070c0e62,matched_random_selective,equal_layer_p1,original_only,2026082712,1,3,7.740167440632682,13.143326278928003,0.0694579719441975,0.734880590970486,0.9999999999999999
original_e4,max3sat,inst_acbf81eed080cb0966307b9d199008aead5fdef8c6ff8f37b637df67070c0e62,matched_random_selective,equal_layer_p1,pair,2026082712,1,3,7.740167440632682,13.143326278928003,0.0694579719441975,0.734880590970486,0.9999999999999999
original_e4,max3sat,inst_acbf81eed080cb0966307b9d199008aead5fdef8c6ff8f37b637df67070c0e62,matched_random_selective,equal_layer_p1,independence,2026082712,1,3,7.169029024572382,12.400167248638448,0.11814604260341133,0.7140292090163984,1.0
original_e4,max3sat,inst_acbf81eed080cb0966307b9d199008aead5fdef8c6ff8f37b637df67070c0e62,matched_random_selective,equal_layer_p2,cold,2026082712,2,3,7.720343223252496,12.887941906575934,0.06166422078024041,0.7403008399864873,1.0
original_e4,max3sat,inst_acbf81eed080cb0966307b9d199008aead5fdef8c6ff8f37b637df67070c0e62,matched_random_selective,equal_layer_p2,original_only,2026082712,2,3,7.720343223252496,12.887941906575934,0.06166422078024041,0.7403008399864873,1.0
original_e4,max3sat,inst_acbf81eed080cb0966307b9d199008aead5fdef8c6ff8f37b637df67070c0e62,matched_random_selective,equal_layer_p2,pair,2026082712,2,3,7.720343223252496,12.887941906575934,0.06166422078024041,0.7403008399864873,1.0
original_e4,max3sat,inst_acbf81eed080cb0966307b9d199008aead5fdef8c6ff8f37b637df67070c0e62,matched_random_selective,equal_layer_p2,independence,2026082712,2,3,7.510600267140256,12.8527569255589,0.06749953063735652,0.7512722480487749,0.9999999999999994
original_e4,max3sat,inst_acbf81eed080cb0966307b9d199008aead5fdef8c6ff8f37b637df67070c0e62,matched_random_selective,equal_2q_budget_128,cold,2026082712,1,3,7.749990324279637,13.579857265288565,0.06232577627368899,0.7584928897264094,0.9999999999999997
original_e4,max3sat,inst_acbf81eed080cb0966307b9d199008aead5fdef8c6ff8f37b637df67070c0e62,matched_random_selective,equal_2q_budget_128,original_only,2026082712,1,3,7.749990324279637,13.579857265288565,0.06232577627368899,0.7584928897264094,0.9999999999999997
original_e4,max3sat,inst_acbf81eed080cb0966307b9d199008aead5fdef8c6ff8f37b637df67070c0e62,matched_random_selective,equal_2q_budget_128,pair,2026082712,1,3,7.749990324279637,13.579857265288565,0.06232577627368899,0.7584928897264094,0.9999999999999997
original_e4,max3sat,inst_acbf81eed080cb0966307b9d199008aead5fdef8c6ff8f37b637df67070c0e62,matched_random_selective,equal_2q_budget_128,independence,2026082712,1,3,7.587087045587782,12.163085850399371,0.0854199287968579,0.6770838842460919,1.0000000000000007
original_e4,max3sat,inst_acbf81eed080cb0966307b9d199008aead5fdef8c6ff8f37b637df67070c0e62,matched_random_selective,equal_2q_budget_256,cold,2026082712,2,3,5.494532779738063,8.868995910234041,0.12788161334929693,0.5705333483319517,0.9999999999999997
original_e4,max3sat,inst_acbf81eed080cb0966307b9d199008aead5fdef8c6ff8f37b637df67070c0e62,matched_random_selective,equal_2q_budget_256,original_only,2026082712,2,3,5.494532779738063,8.868995910234041,0.12788161334929693,0.5705333483319517,0.9999999999999997
original_e4,max3sat,inst_acbf81eed080cb0966307b9d199008aead5fdef8c6ff8f37b637df67070c0e62,matched_random_selective,equal_2q_budget_256,pair,2026082712,2,3,5.494532779738063,8.868995910234041,0.12788161334929693,0.5705333483319517,0.9999999999999997
original_e4,max3sat,inst_acbf81eed080cb0966307b9d199008aead5fdef8c6ff8f37b637df67070c0e62,matched_random_selective,equal_2q_budget_256,independence,2026082712,2,3,5.626844473482564,8.272270728813808,0.0953409829153699,0.4675388222899765,1.0000000000000009
original_e4,max3sat,inst_acbf81eed080cb0966307b9d199008aead5fdef8c6ff8f37b637df67070c0e62,matched_random_selective,equal_layer_p1,cold,2026082713,1,3,8.067158170662829,17.346312863039802,0.050514290420883824,0.7533229062975485,1.0000000000000002
original_e4,max3sat,inst_acbf81eed080cb0966307b9d199008aead5fdef8c6ff8f37b637df67070c0e62,matched_random_selective,equal_layer_p1,original_only,2026082713,1,3,8.067158170662829,17.346312863039802,0.050514290420883824,0.7533229062975485,1.0000000000000002
original_e4,max3sat,inst_acbf81eed080cb0966307b9d199008aead5fdef8c6ff8f37b637df67070c0e62,matched_random_selective,equal_layer_p1,pair,2026082713,1,3,8.067158170662829,17.346312863039802,0.050514290420883824,0.7533229062975485,1.0000000000000002
original_e4,max3sat,inst_acbf81eed080cb0966307b9d199008aead5fdef8c6ff8f37b637df67070c0e62,matched_random_selective,equal_layer_p1,independence,2026082713,1,3,8.232661772560544,16.004260223438234,0.04837685056894888,0.6710314683703352,1.0000000000000007
original_e4,max3sat,inst_acbf81eed080cb0966307b9d199008aead5fdef8c6ff8f37b637df67070c0e62,matched_random_selective,equal_layer_p2,cold,2026082713,2,3,7.691054801287616,16.805953300837707,0.06960916846031462,0.763643466681421,1.0000000000000002
original_e4,max3sat,inst_acbf81eed080cb0966307b9d199008aead5fdef8c6ff8f37b637df67070c0e62,matched_random_selective,equal_layer_p2,original_only,2026082713,2,3,7.691054801287616,16.805953300837707,0.06960916846031462,0.763643466681421,1.0000000000000002
original_e4,max3sat,inst_acbf81eed080cb0966307b9d199008aead5fdef8c6ff8f37b637df67070c0e62,matched_random_selective,equal_layer_p2,pair,2026082713,2,3,7.691054801287616,16.805953300837707,0.06960916846031462,0.763643466681421,1.0000000000000002
original_e4,max3sat,inst_acbf81eed080cb0966307b9d199008aead5fdef8c6ff8f37b637df67070c0e62,matched_random_selective,equal_layer_p2,independence,2026082713,2,3,6.460876729446173,14.97019326755464,0.08475437683576438,0.6376140397534101,1.0000000000000002
original_e4,max3sat,inst_acbf81eed080cb0966307b9d199008aead5fdef8c6ff8f37b637df67070c0e62,matched_random_selective,equal_2q_budget_128,cold,2026082713,1,3,6.944154537769922,15.245174346329373,0.08649624009830865,0.6806442690086488,1.0
original_e4,max3sat,inst_acbf81eed080cb0966307b9d199008aead5fdef8c6ff8f37b637df67070c0e62,matched_random_selective,equal_2q_budget_128,original_only,2026082713,1,3,6.944154537769922,15.245174346329373,0.08649624009830865,0.6806442690086488,1.0
original_e4,max3sat,inst_acbf81eed080cb0966307b9d199008aead5fdef8c6ff8f37b637df67070c0e62,matched_random_selective,equal_2q_budget_128,pair,2026082713,1,3,6.944154537769922,15.245174346329373,0.08649624009830865,0.6806442690086488,1.0
original_e4,max3sat,inst_acbf81eed080cb0966307b9d199008aead5fdef8c6ff8f37b637df67070c0e62,matched_random_selective,equal_2q_budget_128,independence,2026082713,1,3,6.847915765902666,14.07294555911016,0.05788420113086034,0.6147218240122164,1.0000000000000002
original_e4,max3sat,inst_acbf81eed080cb0966307b9d199008aead5fdef8c6ff8f37b637df67070c0e62,matched_random_selective,equal_2q_budget_256,cold,2026082713,2,3,5.811669993502055,12.737071325279361,0.1451552717146492,0.586706164392423,1.0000000000000009
original_e4,max3sat,inst_acbf81eed080cb0966307b9d199008aead5fdef8c6ff8f37b637df67070c0e62,matched_random_selective,equal_2q_budget_256,original_only,2026082713,2,3,5.811669993502055,12.737071325279361,0.1451552717146492,0.586706164392423,1.0000000000000009
original_e4,max3sat,inst_acbf81eed080cb0966307b9d199008aead5fdef8c6ff8f37b637df67070c0e62,matched_random_selective,equal_2q_budget_256,pair,2026082713,2,3,5.811669993502055,12.737071325279361,0.1451552717146492,0.586706164392423,1.0000000000000009
original_e4,max3sat,inst_acbf81eed080cb0966307b9d199008aead5fdef8c6ff8f37b637df67070c0e62,matched_random_selective,equal_2q_budget_256,independence,2026082713,2,3,5.782703675125791,11.123758816353329,0.1000838950083119,0.4708673386628716,1.0000000000000002
original_e4,max3sat,inst_acbf81eed080cb0966307b9d199008aead5fdef8c6ff8f37b637df67070c0e62,matched_random_selective,equal_layer_p1,cold,2026082714,1,3,7.76128365347643,18.023687377190697,0.06488891207148355,0.7550557493541311,1.0
original_e4,max3sat,inst_acbf81eed080cb0966307b9d199008aead5fdef8c6ff8f37b637df67070c0e62,matched_random_selective,equal_layer_p1,original_only,2026082714,1,3,7.76128365347643,18.023687377190697,0.06488891207148355,0.7550557493541311,1.0
original_e4,max3sat,inst_acbf81eed080cb0966307b9d199008aead5fdef8c6ff8f37b637df67070c0e62,matched_random_selective,equal_layer_p1,pair,2026082714,1,3,7.76128365347643,18.023687377190697,0.06488891207148355,0.7550557493541311,1.0
original_e4,max3sat,inst_acbf81eed080cb0966307b9d199008aead5fdef8c6ff8f37b637df67070c0e62,matched_random_selective,equal_layer_p1,independence,2026082714,1,3,7.699295461685737,16.912409023063706,0.05766499859538493,0.7308504656525802,1.0
original_e4,max3sat,inst_acbf81eed080cb0966307b9d199008aead5fdef8c6ff8f37b637df67070c0e62,matched_random_selective,equal_layer_p2,cold,2026082714,2,3,6.7615167544105885,17.55555182562411,0.08985974934328984,0.7252842527645393,1.0000000000000004
original_e4,max3sat,inst_acbf81eed080cb0966307b9d199008aead5fdef8c6ff8f37b637df67070c0e62,matched_random_selective,equal_layer_p2,original_only,2026082714,2,3,6.7615167544105885,17.55555182562411,0.08985974934328984,0.7252842527645393,1.0000000000000004
original_e4,max3sat,inst_acbf81eed080cb0966307b9d199008aead5fdef8c6ff8f37b637df67070c0e62,matched_random_selective,equal_layer_p2,pair,2026082714,2,3,6.7615167544105885,17.55555182562411,0.08985974934328984,0.7252842527645393,1.0000000000000004
original_e4,max3sat,inst_acbf81eed080cb0966307b9d199008aead5fdef8c6ff8f37b637df67070c0e62,matched_random_selective,equal_layer_p2,independence,2026082714,2,3,6.7622862723259125,16.152312955568686,0.10496755726235553,0.7329796285413511,0.9999999999999994
original_e4,max3sat,inst_acbf81eed080cb0966307b9d199008aead5fdef8c6ff8f37b637df67070c0e62,matched_random_selective,equal_2q_budget_128,cold,2026082714,1,3,7.846940551705393,18.461769311126364,0.07217594159172776,0.7199716816191537,1.0
original_e4,max3sat,inst_acbf81eed080cb0966307b9d199008aead5fdef8c6ff8f37b637df67070c0e62,matched_random_selective,equal_2q_budget_128,original_only,2026082714,1,3,7.846940551705393,18.461769311126364,0.07217594159172776,0.7199716816191537,1.0
original_e4,max3sat,inst_acbf81eed080cb0966307b9d199008aead5fdef8c6ff8f37b637df67070c0e62,matched_random_selective,equal_2q_budget_128,pair,2026082714,1,3,7.846940551705393,18.461769311126364,0.07217594159172776,0.7199716816191537,1.0
original_e4,max3sat,inst_acbf81eed080cb0966307b9d199008aead5fdef8c6ff8f37b637df67070c0e62,matched_random_selective,equal_2q_budget_128,independence,2026082714,1,3,7.71396112675015,17.445803997419972,0.05624546640575597,0.6792195889991498,1.0000000000000007
original_e4,max3sat,inst_acbf81eed080cb0966307b9d199008aead5fdef8c6ff8f37b637df67070c0e62,matched_random_selective,equal_2q_budget_256,cold,2026082714,2,3,7.927447805917676,19.724513725207657,0.05783516223155613,0.7699506524166185,1.0
original_e4,max3sat,inst_acbf81eed080cb0966307b9d199008aead5fdef8c6ff8f37b637df67070c0e62,matched_random_selective,equal_2q_budget_256,original_only,2026082714,2,3,7.927447805917676,19.724513725207657,0.05783516223155613,0.7699506524166185,1.0
original_e4,max3sat,inst_acbf81eed080cb0966307b9d199008aead5fdef8c6ff8f37b637df67070c0e62,matched_random_selective,equal_2q_budget_256,pair,2026082714,2,3,7.927447805917676,19.724513725207657,0.05783516223155613,0.7699506524166185,1.0
original_e4,max3sat,inst_acbf81eed080cb0966307b9d199008aead5fdef8c6ff8f37b637df67070c0e62,matched_random_selective,equal_2q_budget_256,independence,2026082714,2,3,7.799961324227115,18.630683709986666,0.06561222944343337,0.7223995425369006,1.0000000000000007
original_e4,max3sat,inst_acbf81eed080cb0966307b9d199008aead5fdef8c6ff8f37b637df67070c0e62,matched_random_selective,equal_layer_p1,cold,2026082715,1,3,6.968750012299984,12.851021954313254,0.10440734067860091,0.676186983595284,0.9999999999999994
original_e4,max3sat,inst_acbf81eed080cb0966307b9d199008aead5fdef8c6ff8f37b637df67070c0e62,matched_random_selective,equal_layer_p1,original_only,2026082715,1,3,6.968750012299984,12.851021954313254,0.10440734067860091,0.676186983595284,0.9999999999999994
original_e4,max3sat,inst_acbf81eed080cb0966307b9d199008aead5fdef8c6ff8f37b637df67070c0e62,matched_random_selective,equal_layer_p1,pair,2026082715,1,3,6.968750012299984,12.851021954313254,0.10440734067860091,0.676186983595284,0.9999999999999994
original_e4,max3sat,inst_acbf81eed080cb0966307b9d199008aead5fdef8c6ff8f37b637df67070c0e62,matched_random_selective,equal_layer_p1,independence,2026082715,1,3,6.860949362276898,11.673828415609217,0.08732713842489431,0.5524487171978394,1.0000000000000007
original_e4,max3sat,inst_acbf81eed080cb0966307b9d199008aead5fdef8c6ff8f37b637df67070c0e62,matched_random_selective,equal_layer_p2,cold,2026082715,2,3,6.529876695007245,12.325369853420568,0.10503333527669295,0.668801525905741,1.0000000000000002
original_e4,max3sat,inst_acbf81eed080cb0966307b9d199008aead5fdef8c6ff8f37b637df67070c0e62,matched_random_selective,equal_layer_p2,original_only,2026082715,2,3,6.529876695007245,12.325369853420568,0.10503333527669295,0.668801525905741,1.0000000000000002
original_e4,max3sat,inst_acbf81eed080cb0966307b9d199008aead5fdef8c6ff8f37b637df67070c0e62,matched_random_selective,equal_layer_p2,pair,2026082715,2,3,6.529876695007245,12.325369853420568,0.10503333527669295,0.668801525905741,1.0000000000000002
original_e4,max3sat,inst_acbf81eed080cb0966307b9d199008aead5fdef8c6ff8f37b637df67070c0e62,matched_random_selective,equal_layer_p2,independence,2026082715,2,3,6.755871721638769,11.836055349633,0.06564220804417457,0.5900848344820706,1.0000000000000004
original_e4,max3sat,inst_acbf81eed080cb0966307b9d199008aead5fdef8c6ff8f37b637df67070c0e62,matched_random_selective,equal_2q_budget_128,cold,2026082715,1,3,7.871154095768361,14.633659868090325,0.03974482577334882,0.7610957911144659,1.0
original_e4,max3sat,inst_acbf81eed080cb0966307b9d199008aead5fdef8c6ff8f37b637df67070c0e62,matched_random_selective,equal_2q_budget_128,original_only,2026082715,1,3,7.871154095768361,14.633659868090325,0.03974482577334882,0.7610957911144659,1.0
original_e4,max3sat,inst_acbf81eed080cb0966307b9d199008aead5fdef8c6ff8f37b637df67070c0e62,matched_random_selective,equal_2q_budget_128,pair,2026082715,1,3,7.871154095768361,14.633659868090325,0.03974482577334882,0.7610957911144659,1.0
original_e4,max3sat,inst_acbf81eed080cb0966307b9d199008aead5fdef8c6ff8f37b637df67070c0e62,matched_random_selective,equal_2q_budget_128,independence,2026082715,1,3,6.910127042139478,11.951380325138638,0.0645837983150979,0.6309774707112756,1.0000000000000002
original_e4,max3sat,inst_acbf81eed080cb0966307b9d199008aead5fdef8c6ff8f37b637df67070c0e62,matched_random_selective,equal_2q_budget_256,cold,2026082715,2,3,6.530954477452369,13.451221096255289,0.08930439851068916,0.7362104923884214,0.9999999999999999
original_e4,max3sat,inst_acbf81eed080cb0966307b9d199008aead5fdef8c6ff8f37b637df67070c0e62,matched_random_selective,equal_2q_budget_256,original_only,2026082715,2,3,6.530954477452369,13.451221096255289,0.08930439851068916,0.7362104923884214,0.9999999999999999
original_e4,max3sat,inst_acbf81eed080cb0966307b9d199008aead5fdef8c6ff8f37b637df67070c0e62,matched_random_selective,equal_2q_budget_256,pair,2026082715,2,3,6.530954477452369,13.451221096255289,0.08930439851068916,0.7362104923884214,0.9999999999999999
original_e4,max3sat,inst_acbf81eed080cb0966307b9d199008aead5fdef8c6ff8f37b637df67070c0e62,matched_random_selective,equal_2q_budget_256,independence,2026082715,2,3,7.464057299410823,14.202923907599493,0.054197470628681965,0.7558797811939845,1.0000000000000004
original_e4,cubic_spin_glass,inst_afdec9931581f1401d0b64eac7696464cbd188be6cf8c292ebc7f1d853f0ce57,all_native,equal_layer_p1,cold,,1,3,-3.8110321293770304,-3.8110321293770304,0.05273904569663463,0.0,1.0000000000000002
original_e4,cubic_spin_glass,inst_afdec9931581f1401d0b64eac7696464cbd188be6cf8c292ebc7f1d853f0ce57,all_native,equal_layer_p1,original_only,,1,3,-3.199211178547806,-3.199211178547806,0.061939854828064946,0.0,1.0000000000000009
original_e4,cubic_spin_glass,inst_afdec9931581f1401d0b64eac7696464cbd188be6cf8c292ebc7f1d853f0ce57,all_native,equal_layer_p2,cold,,2,3,-2.6911449822190394,-2.6911449822190394,0.05259214165040272,0.0,1.0000000000000002
original_e4,cubic_spin_glass,inst_afdec9931581f1401d0b64eac7696464cbd188be6cf8c292ebc7f1d853f0ce57,all_native,equal_layer_p2,original_only,,2,3,-2.686469740372322,-2.686469740372322,0.05902368257335861,0.0,1.0
original_e4,cubic_spin_glass,inst_afdec9931581f1401d0b64eac7696464cbd188be6cf8c292ebc7f1d853f0ce57,all_native,equal_2q_budget_128,cold,,1,3,-2.602965533170352,-2.602965533170352,0.0421503972322094,0.0,0.9999999999999997
original_e4,cubic_spin_glass,inst_afdec9931581f1401d0b64eac7696464cbd188be6cf8c292ebc7f1d853f0ce57,all_native,equal_2q_budget_128,original_only,,1,3,-1.66088250524735,-1.66088250524735,0.049276302992183364,0.0,1.000000000000001
original_e4,cubic_spin_glass,inst_afdec9931581f1401d0b64eac7696464cbd188be6cf8c292ebc7f1d853f0ce57,all_native,equal_2q_budget_256,cold,,2,3,-4.610754696516224,-4.610754696516224,0.08732225029404905,0.0,0.9999999999999996
original_e4,cubic_spin_glass,inst_afdec9931581f1401d0b64eac7696464cbd188be6cf8c292ebc7f1d853f0ce57,all_native,equal_2q_budget_256,original_only,,2,3,-4.325481740275091,-4.325481740275091,0.09414946036959677,0.0,1.0000000000000002
original_e4,cubic_spin_glass,inst_afdec9931581f1401d0b64eac7696464cbd188be6cf8c292ebc7f1d853f0ce57,fully_quadratized,equal_layer_p1,cold,,1,3,-0.6925524436051026,73.95146047972486,0.017060785383116176,0.8632591616318153,0.9999999999999997
original_e4,cubic_spin_glass,inst_afdec9931581f1401d0b64eac7696464cbd188be6cf8c292ebc7f1d853f0ce57,fully_quadratized,equal_layer_p1,original_only,,1,3,-0.5442967562182196,61.38110165911527,0.02313423497606586,0.8765911214328668,1.0000000000000002
original_e4,cubic_spin_glass,inst_afdec9931581f1401d0b64eac7696464cbd188be6cf8c292ebc7f1d853f0ce57,fully_quadratized,equal_layer_p1,pair,,1,3,-0.5442967562182196,61.38110165911527,0.02313423497606586,0.8765911214328668,1.0000000000000002
original_e4,cubic_spin_glass,inst_afdec9931581f1401d0b64eac7696464cbd188be6cf8c292ebc7f1d853f0ce57,fully_quadratized,equal_layer_p1,independence,,1,3,-1.524837704601157,55.564391991909496,0.0297946337105687,0.7975777763695856,1.0
original_e4,cubic_spin_glass,inst_afdec9931581f1401d0b64eac7696464cbd188be6cf8c292ebc7f1d853f0ce57,fully_quadratized,equal_layer_p2,cold,,2,3,-0.433330765905561,71.28095986035223,0.018293151907642236,0.9039489636728032,0.999999999999999
original_e4,cubic_spin_glass,inst_afdec9931581f1401d0b64eac7696464cbd188be6cf8c292ebc7f1d853f0ce57,fully_quadratized,equal_layer_p2,original_only,,2,3,-0.6309203087942766,70.84664142458179,0.027244433977116983,0.9100886560263738,1.0000000000000016
original_e4,cubic_spin_glass,inst_afdec9931581f1401d0b64eac7696464cbd188be6cf8c292ebc7f1d853f0ce57,fully_quadratized,equal_layer_p2,pair,,2,3,-0.6309203087942766,70.84664142458179,0.027244433977116983,0.9100886560263738,1.0000000000000016
original_e4,cubic_spin_glass,inst_afdec9931581f1401d0b64eac7696464cbd188be6cf8c292ebc7f1d853f0ce57,fully_quadratized,equal_layer_p2,independence,,2,3,-1.2485303530684508,57.80789728452131,0.03067122306911456,0.8501446204562287,1.0000000000000002
original_e4,cubic_spin_glass,inst_afdec9931581f1401d0b64eac7696464cbd188be6cf8c292ebc7f1d853f0ce57,fully_quadratized,equal_2q_budget_128,cold,,0,3,1.0408340855860843e-17,60.24999999999998,0.011718749999999998,0.8749999999999999,0.9999999999999999
original_e4,cubic_spin_glass,inst_afdec9931581f1401d0b64eac7696464cbd188be6cf8c292ebc7f1d853f0ce57,fully_quadratized,equal_2q_budget_128,original_only,,0,3,2.6454533008646308e-17,58.450000000000024,0.015234375000000007,0.8750000000000006,1.0000000000000004
original_e4,cubic_spin_glass,inst_afdec9931581f1401d0b64eac7696464cbd188be6cf8c292ebc7f1d853f0ce57,fully_quadratized,equal_2q_budget_128,pair,,0,3,2.6454533008646308e-17,58.450000000000024,0.015234375000000007,0.8750000000000006,1.0000000000000004
original_e4,cubic_spin_glass,inst_afdec9931581f1401d0b64eac7696464cbd188be6cf8c292ebc7f1d853f0ce57,fully_quadratized,equal_2q_budget_128,independence,,0,3,-5.854691731421724e-17,41.50000000000001,0.015234375000000003,0.74609375,1.0000000000000004
original_e4,cubic_spin_glass,inst_afdec9931581f1401d0b64eac7696464cbd188be6cf8c292ebc7f1d853f0ce57,fully_quadratized,equal_2q_budget_256,cold,,1,3,-0.2983403738327801,62.06945956516554,0.017038632518734987,0.8724449143214646,0.9999999999999994
original_e4,cubic_spin_glass,inst_afdec9931581f1401d0b64eac7696464cbd188be6cf8c292ebc7f1d853f0ce57,fully_quadratized,equal_2q_budget_256,original_only,,1,3,-0.3873704227222145,60.72468840008573,0.02412843431134734,0.8754675683993446,1.000000000000001
original_e4,cubic_spin_glass,inst_afdec9931581f1401d0b64eac7696464cbd188be6cf8c292ebc7f1d853f0ce57,fully_quadratized,equal_2q_budget_256,pair,,1,3,-0.3873704227222145,60.72468840008573,0.02412843431134734,0.8754675683993446,1.000000000000001
original_e4,cubic_spin_glass,inst_afdec9931581f1401d0b64eac7696464cbd188be6cf8c292ebc7f1d853f0ce57,fully_quadratized,equal_2q_budget_256,independence,,1,3,-0.48183888460772745,62.524938136356496,0.02009552321453792,0.8682280699248781,1.0
original_e4,cubic_spin_glass,inst_afdec9931581f1401d0b64eac7696464cbd188be6cf8c292ebc7f1d853f0ce57,selective,equal_layer_p1,cold,,1,3,-1.1206012121547666,32.45127823554975,0.018610890200395042,0.895099144444767,1.0000000000000002
original_e4,cubic_spin_glass,inst_afdec9931581f1401d0b64eac7696464cbd188be6cf8c292ebc7f1d853f0ce57,selective,equal_layer_p1,original_only,,1,3,-0.48142969406313374,28.819762899803788,0.019537108026200085,0.8724688743745306,1.0000000000000007
original_e4,cubic_spin_glass,inst_afdec9931581f1401d0b64eac7696464cbd188be6cf8c292ebc7f1d853f0ce57,selective,equal_layer_p1,pair,,1,3,-0.48142969406313374,28.819762899803788,0.019537108026200085,0.8724688743745306,1.0000000000000007
original_e4,cubic_spin_glass,inst_afdec9931581f1401d0b64eac7696464cbd188be6cf8c292ebc7f1d853f0ce57,selective,equal_layer_p1,independence,,1,3,-1.072001918818233,28.536628895957936,0.027178186536903324,0.808072577752541,1.0000000000000009
original_e4,cubic_spin_glass,inst_afdec9931581f1401d0b64eac7696464cbd188be6cf8c292ebc7f1d853f0ce57,selective,equal_layer_p2,cold,,2,3,-0.7059093794561372,27.08946615579119,0.01715945284915892,0.8491536459898162,0.9999999999999994
original_e4,cubic_spin_glass,inst_afdec9931581f1401d0b64eac7696464cbd188be6cf8c292ebc7f1d853f0ce57,selective,equal_layer_p2,original_only,,2,3,-0.7847821087219975,32.31270536677487,0.023201971783409322,0.900041822672347,1.0000000000000024
original_e4,cubic_spin_glass,inst_afdec9931581f1401d0b64eac7696464cbd188be6cf8c292ebc7f1d853f0ce57,selective,equal_layer_p2,pair,,2,3,-0.7847821087219975,32.31270536677487,0.023201971783409322,0.900041822672347,1.0000000000000024
original_e4,cubic_spin_glass,inst_afdec9931581f1401d0b64eac7696464cbd188be6cf8c292ebc7f1d853f0ce57,selective,equal_layer_p2,independence,,2,3,-0.9746441412436516,36.53329606165476,0.020863132738388704,0.9264691913330965,1.000000000000001
original_e4,cubic_spin_glass,inst_afdec9931581f1401d0b64eac7696464cbd188be6cf8c292ebc7f1d853f0ce57,selective,equal_2q_budget_128,cold,,0,3,1.0408340855860843e-17,30.24999999999999,0.011718749999999998,0.8749999999999999,0.9999999999999999
original_e4,cubic_spin_glass,inst_afdec9931581f1401d0b64eac7696464cbd188be6cf8c292ebc7f1d853f0ce57,selective,equal_2q_budget_128,original_only,,0,3,2.6454533008646308e-17,29.350000000000012,0.015234375000000007,0.8750000000000006,1.0000000000000004
original_e4,cubic_spin_glass,inst_afdec9931581f1401d0b64eac7696464cbd188be6cf8c292ebc7f1d853f0ce57,selective,equal_2q_budget_128,pair,,0,3,2.6454533008646308e-17,29.350000000000012,0.015234375000000007,0.8750000000000006,1.0000000000000004
original_e4,cubic_spin_glass,inst_afdec9931581f1401d0b64eac7696464cbd188be6cf8c292ebc7f1d853f0ce57,selective,equal_2q_budget_128,independence,,0,3,-5.854691731421724e-17,21.5,0.015234375000000003,0.74609375,1.0000000000000004
original_e4,cubic_spin_glass,inst_afdec9931581f1401d0b64eac7696464cbd188be6cf8c292ebc7f1d853f0ce57,selective,equal_2q_budget_256,cold,,1,3,-0.5447620699491068,35.26344862773318,0.013477740454257953,0.9025563405478554,0.9999999999999991
original_e4,cubic_spin_glass,inst_afdec9931581f1401d0b64eac7696464cbd188be6cf8c292ebc7f1d853f0ce57,selective,equal_2q_budget_256,original_only,,1,3,-0.6946295780859962,39.2972472471931,0.026349338039163377,0.9410943249749989,1.0000000000000009
original_e4,cubic_spin_glass,inst_afdec9931581f1401d0b64eac7696464cbd188be6cf8c292ebc7f1d853f0ce57,selective,equal_2q_budget_256,pair,,1,3,-0.6946295780859962,39.2972472471931,0.026349338039163377,0.9410943249749989,1.0000000000000009
original_e4,cubic_spin_glass,inst_afdec9931581f1401d0b64eac7696464cbd188be6cf8c292ebc7f1d853f0ce57,selective,equal_2q_budget_256,independence,,1,3,-1.0014815776737542,27.305960238846055,0.029117071506755732,0.7957514350560483,0.9999999999999999
original_e4,cubic_spin_glass,inst_afdec9931581f1401d0b64eac7696464cbd188be6cf8c292ebc7f1d853f0ce57,matched_random_selective,equal_layer_p1,cold,2026082711,1,3,-1.0456882831101824,23.13142370280492,0.030323282192779532,0.908594310606618,1.0
original_e4,cubic_spin_glass,inst_afdec9931581f1401d0b64eac7696464cbd188be6cf8c292ebc7f1d853f0ce57,matched_random_selective,equal_layer_p1,original_only,2026082711,1,3,-1.1205932899173343,23.619179749452414,0.03857636240202198,0.9086360990789251,1.000000000000001
original_e4,cubic_spin_glass,inst_afdec9931581f1401d0b64eac7696464cbd188be6cf8c292ebc7f1d853f0ce57,matched_random_selective,equal_layer_p1,pair,2026082711,1,3,-0.826255691453672,20.430896102537464,0.033482789403367734,0.8477324891733815,1.0000000000000007
original_e4,cubic_spin_glass,inst_afdec9931581f1401d0b64eac7696464cbd188be6cf8c292ebc7f1d853f0ce57,matched_random_selective,equal_layer_p1,independence,2026082711,1,3,-1.287703822725513,21.96138316846813,0.0407332416164291,0.8974448787611081,1.0000000000000007
original_e4,cubic_spin_glass,inst_afdec9931581f1401d0b64eac7696464cbd188be6cf8c292ebc7f1d853f0ce57,matched_random_selective,equal_layer_p2,cold,2026082711,2,3,-0.7517289032975804,17.893694185965035,0.014620177989764541,0.8350341654995638,0.9999999999999997
original_e4,cubic_spin_glass,inst_afdec9931581f1401d0b64eac7696464cbd188be6cf8c292ebc7f1d853f0ce57,matched_random_selective,equal_layer_p2,original_only,2026082711,2,3,-0.6793695343652165,18.937014008679224,0.02030826102488241,0.858346470038503,1.0000000000000007
original_e4,cubic_spin_glass,inst_afdec9931581f1401d0b64eac7696464cbd188be6cf8c292ebc7f1d853f0ce57,matched_random_selective,equal_layer_p2,pair,2026082711,2,3,-0.7436677812766864,16.539756854286434,0.02078058103339524,0.7946638416215338,1.0
original_e4,cubic_spin_glass,inst_afdec9931581f1401d0b64eac7696464cbd188be6cf8c292ebc7f1d853f0ce57,matched_random_selective,equal_layer_p2,independence,2026082711,2,3,-1.011122872540917,21.980252828414482,0.03594361365657611,0.9161778855341994,0.9999999999999996
original_e4,cubic_spin_glass,inst_afdec9931581f1401d0b64eac7696464cbd188be6cf8c292ebc7f1d853f0ce57,matched_random_selective,equal_2q_budget_128,cold,2026082711,0,3,1.0408340855860843e-17,20.249999999999996,0.011718749999999998,0.8749999999999999,0.9999999999999999
original_e4,cubic_spin_glass,inst_afdec9931581f1401d0b64eac7696464cbd188be6cf8c292ebc7f1d853f0ce57,matched_random_selective,equal_2q_budget_128,original_only,2026082711,0,3,2.6454533008646308e-17,20.250000000000014,0.015234375000000007,0.8750000000000006,1.0000000000000004
original_e4,cubic_spin_glass,inst_afdec9931581f1401d0b64eac7696464cbd188be6cf8c292ebc7f1d853f0ce57,matched_random_selective,equal_2q_budget_128,pair,2026082711,0,3,-1.8691645453650096e-16,18.000000000000007,0.015234375000000003,0.81875,1.0000000000000004
original_e4,cubic_spin_glass,inst_afdec9931581f1401d0b64eac7696464cbd188be6cf8c292ebc7f1d853f0ce57,matched_random_selective,equal_2q_budget_128,independence,2026082711,0,3,-5.854691731421724e-17,13.500000000000005,0.015234375000000003,0.73828125,1.0000000000000004
original_e4,cubic_spin_glass,inst_afdec9931581f1401d0b64eac7696464cbd188be6cf8c292ebc7f1d853f0ce57,matched_random_selective,equal_2q_budget_256,cold,2026082711,1,3,-1.1807278417904652,16.303097359121633,0.02062433009618171,0.7931096160536178,1.0000000000000002
original_e4,cubic_spin_glass,inst_afdec9931581f1401d0b64eac7696464cbd188be6cf8c292ebc7f1d853f0ce57,matched_random_selective,equal_2q_budget_256,original_only,2026082711,1,3,-1.0943465937588717,20.487440223806235,0.03350559929233871,0.8461514588693905,1.0000000000000004
original_e4,cubic_spin_glass,inst_afdec9931581f1401d0b64eac7696464cbd188be6cf8c292ebc7f1d853f0ce57,matched_random_selective,equal_2q_budget_256,pair,2026082711,1,3,-0.9741304930161506,17.28471943877858,0.031039134561433552,0.8345691612291244,1.0000000000000007
original_e4,cubic_spin_glass,inst_afdec9931581f1401d0b64eac7696464cbd188be6cf8c292ebc7f1d853f0ce57,matched_random_selective,equal_2q_budget_256,independence,2026082711,1,3,-1.3416022136504386,16.936609694911194,0.02717739454735253,0.8472719383770713,0.9999999999999999
original_e4,cubic_spin_glass,inst_afdec9931581f1401d0b64eac7696464cbd188be6cf8c292ebc7f1d853f0ce57,matched_random_selective,equal_layer_p1,cold,2026082712,1,3,-1.2842859717837174,17.687257176481552,0.01918628569758853,0.9087668513836832,1.0
original_e4,cubic_spin_glass,inst_afdec9931581f1401d0b64eac7696464cbd188be6cf8c292ebc7f1d853f0ce57,matched_random_selective,equal_layer_p1,original_only,2026082712,1,3,-1.118152663995757,17.835013641566153,0.032008785199240275,0.9038673003169397,1.0000000000000007
original_e4,cubic_spin_glass,inst_afdec9931581f1401d0b64eac7696464cbd188be6cf8c292ebc7f1d853f0ce57,matched_random_selective,equal_layer_p1,pair,2026082712,1,3,-1.4671536829901564,14.963298997490993,0.046558731700922285,0.8415317978253589,0.9999999999999999
original_e4,cubic_spin_glass,inst_afdec9931581f1401d0b64eac7696464cbd188be6cf8c292ebc7f1d853f0ce57,matched_random_selective,equal_layer_p1,independence,2026082712,1,3,-1.4732401309942527,13.023081619092949,0.04196805535785253,0.7983995732740944,1.0000000000000009
original_e4,cubic_spin_glass,inst_afdec9931581f1401d0b64eac7696464cbd188be6cf8c292ebc7f1d853f0ce57,matched_random_selective,equal_layer_p2,cold,2026082712,2,3,-1.0804864362627733,14.85814326797184,0.018441687315244187,0.821290411428269,0.9999999999999986
original_e4,cubic_spin_glass,inst_afdec9931581f1401d0b64eac7696464cbd188be6cf8c292ebc7f1d853f0ce57,matched_random_selective,equal_layer_p2,original_only,2026082712,2,3,-0.5381034912750136,16.03075187993044,0.014319423249833764,0.8742099508862543,1.000000000000001
original_e4,cubic_spin_glass,inst_afdec9931581f1401d0b64eac7696464cbd188be6cf8c292ebc7f1d853f0ce57,matched_random_selective,equal_layer_p2,pair,2026082712,2,3,-1.0134692267317587,13.53305146096632,0.012935574907055672,0.8018021222596095,1.0000000000000004
original_e4,cubic_spin_glass,inst_afdec9931581f1401d0b64eac7696464cbd188be6cf8c292ebc7f1d853f0ce57,matched_random_selective,equal_layer_p2,independence,2026082712,2,3,-1.1068056499560917,16.950814383740425,0.029352475223293078,0.8514021631593444,1.0000000000000002
original_e4,cubic_spin_glass,inst_afdec9931581f1401d0b64eac7696464cbd188be6cf8c292ebc7f1d853f0ce57,matched_random_selective,equal_2q_budget_128,cold,2026082712,0,3,1.0408340855860843e-17,17.249999999999996,0.011718749999999998,0.8749999999999999,0.9999999999999999
original_e4,cubic_spin_glass,inst_afdec9931581f1401d0b64eac7696464cbd188be6cf8c292ebc7f1d853f0ce57,matched_random_selective,equal_2q_budget_128,original_only,2026082712,0,3,2.6454533008646308e-17,17.250000000000007,0.015234375000000007,0.8750000000000006,1.0000000000000004
original_e4,cubic_spin_glass,inst_afdec9931581f1401d0b64eac7696464cbd188be6cf8c292ebc7f1d853f0ce57,matched_random_selective,equal_2q_budget_128,pair,2026082712,0,3,-1.717376241217039e-16,15.000000000000007,0.015234375000000003,0.81875,1.0000000000000004
original_e4,cubic_spin_glass,inst_afdec9931581f1401d0b64eac7696464cbd188be6cf8c292ebc7f1d853f0ce57,matched_random_selective,equal_2q_budget_128,independence,2026082712,0,3,-5.854691731421724e-17,13.500000000000005,0.015234375000000003,0.74609375,1.0000000000000004
original_e4,cubic_spin_glass,inst_afdec9931581f1401d0b64eac7696464cbd188be6cf8c292ebc7f1d853f0ce57,matched_random_selective,equal_2q_budget_256,cold,2026082712,1,3,-0.7945060203056341,23.667834089736136,0.022061777445543006,0.9175018111757973,0.9999999999999991
original_e4,cubic_spin_glass,inst_afdec9931581f1401d0b64eac7696464cbd188be6cf8c292ebc7f1d853f0ce57,matched_random_selective,equal_2q_budget_256,original_only,2026082712,1,3,-0.9085212061562924,23.420832144747575,0.024795071674792335,0.9187601023854738,1.0000000000000004
original_e4,cubic_spin_glass,inst_afdec9931581f1401d0b64eac7696464cbd188be6cf8c292ebc7f1d853f0ce57,matched_random_selective,equal_2q_budget_256,pair,2026082712,1,3,-1.3521921443592413,18.77424169013817,0.02607969867961404,0.8602267622294937,1.0000000000000004
original_e4,cubic_spin_glass,inst_afdec9931581f1401d0b64eac7696464cbd188be6cf8c292ebc7f1d853f0ce57,matched_random_selective,equal_2q_budget_256,independence,2026082712,1,3,-1.236512404511168,22.751976459845718,0.041172191151119,0.871639278896318,1.0
original_e4,cubic_spin_glass,inst_afdec9931581f1401d0b64eac7696464cbd188be6cf8c292ebc7f1d853f0ce57,matched_random_selective,equal_layer_p1,cold,2026082713,1,3,-1.358200360436829,19.644635521746885,0.029546267041682322,0.8173863686634003,0.9999999999999996
original_e4,cubic_spin_glass,inst_afdec9931581f1401d0b64eac7696464cbd188be6cf8c292ebc7f1d853f0ce57,matched_random_selective,equal_layer_p1,original_only,2026082713,1,3,-0.672987733886314,21.459874572524857,0.023334166642317116,0.8366346640818606,1.0000000000000007
original_e4,cubic_spin_glass,inst_afdec9931581f1401d0b64eac7696464cbd188be6cf8c292ebc7f1d853f0ce57,matched_random_selective,equal_layer_p1,pair,2026082713,1,3,-0.672987733886314,21.459874572524857,0.023334166642317116,0.8366346640818606,1.0000000000000007
original_e4,cubic_spin_glass,inst_afdec9931581f1401d0b64eac7696464cbd188be6cf8c292ebc7f1d853f0ce57,matched_random_selective,equal_layer_p1,independence,2026082713,1,3,-0.5966779923556103,14.575010696452972,0.027755405881357765,0.7041983489185517,1.0000000000000004
original_e4,cubic_spin_glass,inst_afdec9931581f1401d0b64eac7696464cbd188be6cf8c292ebc7f1d853f0ce57,matched_random_selective,equal_layer_p2,cold,2026082713,2,3,-1.6778724869234012,21.57163305025081,0.04833204659753326,0.8576059768585225,0.9999999999999999
original_e4,cubic_spin_glass,inst_afdec9931581f1401d0b64eac7696464cbd188be6cf8c292ebc7f1d853f0ce57,matched_random_selective,equal_layer_p2,original_only,2026082713,2,3,-1.5794450760559366,21.541807822152766,0.04476770073678991,0.8339254593170242,0.9999999999999999
original_e4,cubic_spin_glass,inst_afdec9931581f1401d0b64eac7696464cbd188be6cf8c292ebc7f1d853f0ce57,matched_random_selective,equal_layer_p2,pair,2026082713,2,3,-1.5794450760559366,21.541807822152766,0.04476770073678991,0.8339254593170242,0.9999999999999999
original_e4,cubic_spin_glass,inst_afdec9931581f1401d0b64eac7696464cbd188be6cf8c292ebc7f1d853f0ce57,matched_random_selective,equal_layer_p2,independence,2026082713,2,3,-1.506202266159095,13.77572761035542,0.03826291937007215,0.7236465125930728,1.0000000000000007
original_e4,cubic_spin_glass,inst_afdec9931581f1401d0b64eac7696464cbd188be6cf8c292ebc7f1d853f0ce57,matched_random_selective,equal_2q_budget_128,cold,2026082713,0,3,1.0408340855860843e-17,23.249999999999996,0.011718749999999998,0.8749999999999999,0.9999999999999999
original_e4,cubic_spin_glass,inst_afdec9931581f1401d0b64eac7696464cbd188be6cf8c292ebc7f1d853f0ce57,matched_random_selective,equal_2q_budget_128,original_only,2026082713,0,3,2.6454533008646308e-17,23.25000000000001,0.015234375000000007,0.8750000000000006,1.0000000000000004
original_e4,cubic_spin_glass,inst_afdec9931581f1401d0b64eac7696464cbd188be6cf8c292ebc7f1d853f0ce57,matched_random_selective,equal_2q_budget_128,pair,2026082713,0,3,2.6454533008646308e-17,23.25000000000001,0.015234375000000007,0.8750000000000006,1.0000000000000004
original_e4,cubic_spin_glass,inst_afdec9931581f1401d0b64eac7696464cbd188be6cf8c292ebc7f1d853f0ce57,matched_random_selective,equal_2q_budget_128,independence,2026082713,0,3,-5.854691731421724e-17,13.500000000000005,0.015234375000000003,0.7265625,1.0000000000000004
original_e4,cubic_spin_glass,inst_afdec9931581f1401d0b64eac7696464cbd188be6cf8c292ebc7f1d853f0ce57,matched_random_selective,equal_2q_budget_256,cold,2026082713,1,3,-1.5245584572763697,18.09471968392759,0.029204627995241112,0.8315361789877941,1.0000000000000002
original_e4,cubic_spin_glass,inst_afdec9931581f1401d0b64eac7696464cbd188be6cf8c292ebc7f1d853f0ce57,matched_random_selective,equal_2q_budget_256,original_only,2026082713,1,3,-1.3632146800347773,17.15174816420494,0.036604880042526454,0.73781249576528,1.0000000000000007
original_e4,cubic_spin_glass,inst_afdec9931581f1401d0b64eac7696464cbd188be6cf8c292ebc7f1d853f0ce57,matched_random_selective,equal_2q_budget_256,pair,2026082713,1,3,-1.3632146800347773,17.15174816420494,0.036604880042526454,0.73781249576528,1.0000000000000007
original_e4,cubic_spin_glass,inst_afdec9931581f1401d0b64eac7696464cbd188be6cf8c292ebc7f1d853f0ce57,matched_random_selective,equal_2q_budget_256,independence,2026082713,1,3,-1.0566672082561293,21.52603220108014,0.037289726415983125,0.8314389039464993,0.9999999999999999
original_e4,cubic_spin_glass,inst_afdec9931581f1401d0b64eac7696464cbd188be6cf8c292ebc7f1d853f0ce57,matched_random_selective,equal_layer_p1,cold,2026082714,1,3,-1.4668800175918966,30.2226225810531,0.025654005177353056,0.8806056050251638,0.9999999999999994
original_e4,cubic_spin_glass,inst_afdec9931581f1401d0b64eac7696464cbd188be6cf8c292ebc7f1d853f0ce57,matched_random_selective,equal_layer_p1,original_only,2026082714,1,3,-1.4149990476286571,24.685872809384488,0.029900794505756875,0.834651160031707,1.0000000000000007
original_e4,cubic_spin_glass,inst_afdec9931581f1401d0b64eac7696464cbd188be6cf8c292ebc7f1d853f0ce57,matched_random_selective,equal_layer_p1,pair,2026082714,1,3,-1.4149990476286571,24.685872809384488,0.029900794505756875,0.834651160031707,1.0000000000000007
original_e4,cubic_spin_glass,inst_afdec9931581f1401d0b64eac7696464cbd188be6cf8c292ebc7f1d853f0ce57,matched_random_selective,equal_layer_p1,independence,2026082714,1,3,-1.430174128119538,22.46257776429212,0.029893908469286492,0.8052949574112729,1.0000000000000009
original_e4,cubic_spin_glass,inst_afdec9931581f1401d0b64eac7696464cbd188be6cf8c292ebc7f1d853f0ce57,matched_random_selective,equal_layer_p2,cold,2026082714,2,3,-1.8626962752634988,22.493027555836893,0.02749736208051012,0.8198163213626657,1.0000000000000004
original_e4,cubic_spin_glass,inst_afdec9931581f1401d0b64eac7696464cbd188be6cf8c292ebc7f1d853f0ce57,matched_random_selective,equal_layer_p2,original_only,2026082714,2,3,-1.6188411991773977,21.793586720177377,0.02995670516060886,0.8250697813111024,1.000000000000001
original_e4,cubic_spin_glass,inst_afdec9931581f1401d0b64eac7696464cbd188be6cf8c292ebc7f1d853f0ce57,matched_random_selective,equal_layer_p2,pair,2026082714,2,3,-1.6188411991773977,21.793586720177377,0.02995670516060886,0.8250697813111024,1.000000000000001
original_e4,cubic_spin_glass,inst_afdec9931581f1401d0b64eac7696464cbd188be6cf8c292ebc7f1d853f0ce57,matched_random_selective,equal_layer_p2,independence,2026082714,2,3,-1.6717302406330352,24.526447239604767,0.026939142824738388,0.8723669284306544,0.9999999999999997
original_e4,cubic_spin_glass,inst_afdec9931581f1401d0b64eac7696464cbd188be6cf8c292ebc7f1d853f0ce57,matched_random_selective,equal_2q_budget_128,cold,2026082714,0,3,1.0408340855860843e-17,26.249999999999996,0.011718749999999998,0.8749999999999999,0.9999999999999999
original_e4,cubic_spin_glass,inst_afdec9931581f1401d0b64eac7696464cbd188be6cf8c292ebc7f1d853f0ce57,matched_random_selective,equal_2q_budget_128,original_only,2026082714,0,3,2.6454533008646308e-17,24.000000000000014,0.015234375000000007,0.8750000000000006,1.0000000000000004
original_e4,cubic_spin_glass,inst_afdec9931581f1401d0b64eac7696464cbd188be6cf8c292ebc7f1d853f0ce57,matched_random_selective,equal_2q_budget_128,pair,2026082714,0,3,2.6454533008646308e-17,24.000000000000014,0.015234375000000007,0.8750000000000006,1.0000000000000004
original_e4,cubic_spin_glass,inst_afdec9931581f1401d0b64eac7696464cbd188be6cf8c292ebc7f1d853f0ce57,matched_random_selective,equal_2q_budget_128,independence,2026082714,0,3,1.1232334506949826e-16,17.90500000000001,0.015234375000000008,0.8414648437500006,1.0000000000000004
original_e4,cubic_spin_glass,inst_afdec9931581f1401d0b64eac7696464cbd188be6cf8c292ebc7f1d853f0ce57,matched_random_selective,equal_2q_budget_256,cold,2026082714,1,3,-1.1874086765782643,24.960173375429992,0.01814175974041865,0.8766347874166568,0.9999999999999991
original_e4,cubic_spin_glass,inst_afdec9931581f1401d0b64eac7696464cbd188be6cf8c292ebc7f1d853f0ce57,matched_random_selective,equal_2q_budget_256,original_only,2026082714,1,3,-0.7000910349591493,25.45724183853028,0.02680406156310332,0.8915976709030683,1.0
original_e4,cubic_spin_glass,inst_afdec9931581f1401d0b64eac7696464cbd188be6cf8c292ebc7f1d853f0ce57,matched_random_selective,equal_2q_budget_256,pair,2026082714,1,3,-0.7000910349591493,25.45724183853028,0.02680406156310332,0.8915976709030683,1.0
original_e4,cubic_spin_glass,inst_afdec9931581f1401d0b64eac7696464cbd188be6cf8c292ebc7f1d853f0ce57,matched_random_selective,equal_2q_budget_256,independence,2026082714,1,3,-1.835372263006674,22.845770817530735,0.03737359208237038,0.7912264656441711,1.0000000000000002
original_e4,cubic_spin_glass,inst_afdec9931581f1401d0b64eac7696464cbd188be6cf8c292ebc7f1d853f0ce57,matched_random_selective,equal_layer_p1,cold,2026082715,1,3,-0.5649463600255955,22.673290067532605,0.015442166329772739,0.8964022180965684,0.9999999999999996
original_e4,cubic_spin_glass,inst_afdec9931581f1401d0b64eac7696464cbd188be6cf8c292ebc7f1d853f0ce57,matched_random_selective,equal_layer_p1,original_only,2026082715,1,3,-0.7546009869500011,21.33796650535561,0.02802306916869461,0.8928711645957357,1.000000000000001
original_e4,cubic_spin_glass,inst_afdec9931581f1401d0b64eac7696464cbd188be6cf8c292ebc7f1d853f0ce57,matched_random_selective,equal_layer_p1,pair,2026082715,1,3,-0.7546009869500011,21.33796650535561,0.02802306916869461,0.8928711645957357,1.000000000000001
original_e4,cubic_spin_glass,inst_afdec9931581f1401d0b64eac7696464cbd188be6cf8c292ebc7f1d853f0ce57,matched_random_selective,equal_layer_p1,independence,2026082715,1,3,-1.1016610386873078,18.38586038705812,0.026123152098670402,0.7963114135736472,1.0000000000000009
original_e4,cubic_spin_glass,inst_afdec9931581f1401d0b64eac7696464cbd188be6cf8c292ebc7f1d853f0ce57,matched_random_selective,equal_layer_p2,cold,2026082715,2,3,-1.259583312284548,19.35421967821068,0.016452884290021067,0.8831510024343338,0.9999999999999992
original_e4,cubic_spin_glass,inst_afdec9931581f1401d0b64eac7696464cbd188be6cf8c292ebc7f1d853f0ce57,matched_random_selective,equal_layer_p2,original_only,2026082715,2,3,-1.7606527297338854,14.951623224555926,0.03149773698401966,0.8656585560765162,1.0000000000000002
original_e4,cubic_spin_glass,inst_afdec9931581f1401d0b64eac7696464cbd188be6cf8c292ebc7f1d853f0ce57,matched_random_selective,equal_layer_p2,pair,2026082715,2,3,-1.7606527297338854,14.951623224555926,0.03149773698401966,0.8656585560765162,1.0000000000000002
original_e4,cubic_spin_glass,inst_afdec9931581f1401d0b64eac7696464cbd188be6cf8c292ebc7f1d853f0ce57,matched_random_selective,equal_layer_p2,independence,2026082715,2,3,-1.1993152738729371,17.719629910149006,0.023983625478865272,0.8777152856855857,1.000000000000001
original_e4,cubic_spin_glass,inst_afdec9931581f1401d0b64eac7696464cbd188be6cf8c292ebc7f1d853f0ce57,matched_random_selective,equal_2q_budget_128,cold,2026082715,0,3,1.0408340855860843e-17,19.249999999999996,0.011718749999999998,0.8749999999999999,0.9999999999999999
original_e4,cubic_spin_glass,inst_afdec9931581f1401d0b64eac7696464cbd188be6cf8c292ebc7f1d853f0ce57,matched_random_selective,equal_2q_budget_128,original_only,2026082715,0,3,2.6454533008646308e-17,18.12500000000001,0.015234375000000007,0.8750000000000006,1.0000000000000004
original_e4,cubic_spin_glass,inst_afdec9931581f1401d0b64eac7696464cbd188be6cf8c292ebc7f1d853f0ce57,matched_random_selective,equal_2q_budget_128,pair,2026082715,0,3,2.6454533008646308e-17,18.12500000000001,0.015234375000000007,0.8750000000000006,1.0000000000000004
original_e4,cubic_spin_glass,inst_afdec9931581f1401d0b64eac7696464cbd188be6cf8c292ebc7f1d853f0ce57,matched_random_selective,equal_2q_budget_128,independence,2026082715,0,3,-9.6710833785707e-17,13.702500000000006,0.015234375000000007,0.7963671875,1.0000000000000004
original_e4,cubic_spin_glass,inst_afdec9931581f1401d0b64eac7696464cbd188be6cf8c292ebc7f1d853f0ce57,matched_random_selective,equal_2q_budget_256,cold,2026082715,1,3,-1.549027255912968,14.863475045867112,0.02441722978311518,0.7980980187084644,1.0000000000000007
original_e4,cubic_spin_glass,inst_afdec9931581f1401d0b64eac7696464cbd188be6cf8c292ebc7f1d853f0ce57,matched_random_selective,equal_2q_budget_256,original_only,2026082715,1,3,-0.3558457831533904,19.36072904693413,0.01831687136324832,0.8830934531141711,1.000000000000001
original_e4,cubic_spin_glass,inst_afdec9931581f1401d0b64eac7696464cbd188be6cf8c292ebc7f1d853f0ce57,matched_random_selective,equal_2q_budget_256,pair,2026082715,1,3,-0.3558457831533904,19.36072904693413,0.01831687136324832,0.8830934531141711,1.000000000000001
original_e4,cubic_spin_glass,inst_afdec9931581f1401d0b64eac7696464cbd188be6cf8c292ebc7f1d853f0ce57,matched_random_selective,equal_2q_budget_256,independence,2026082715,1,3,-0.7636022957293722,18.175703552754396,0.02328095156269254,0.8624881947463688,1.0000000000000007
original_e4,cubic_spin_glass,inst_b1f9b7e0ac3bdb4a518d06f4c72df0221c8ecb3cd602913bd3240c52f03270bb,all_native,equal_layer_p1,cold,,1,3,-2.5907220452457476,-2.5907220452457476,0.035679842056093876,0.0,1.0000000000000002
original_e4,cubic_spin_glass,inst_b1f9b7e0ac3bdb4a518d06f4c72df0221c8ecb3cd602913bd3240c52f03270bb,all_native,equal_layer_p1,original_only,,1,3,-2.2720525256236797,-2.2720525256236797,0.07310983268009615,0.0,0.9999999999999999
original_e4,cubic_spin_glass,inst_b1f9b7e0ac3bdb4a518d06f4c72df0221c8ecb3cd602913bd3240c52f03270bb,all_native,equal_layer_p2,cold,,2,3,-4.843580672820226,-4.843580672820226,0.09198321210727976,0.0,0.9999999999999994
original_e4,cubic_spin_glass,inst_b1f9b7e0ac3bdb4a518d06f4c72df0221c8ecb3cd602913bd3240c52f03270bb,all_native,equal_layer_p2,original_only,,2,3,-5.188987057590186,-5.188987057590186,0.2999925629350174,0.0,1.0000000000000002
original_e4,cubic_spin_glass,inst_b1f9b7e0ac3bdb4a518d06f4c72df0221c8ecb3cd602913bd3240c52f03270bb,all_native,equal_2q_budget_128,cold,,1,3,-3.3423863610241535,-3.3423863610241535,0.04801797402616734,0.0,1.0000000000000002
original_e4,cubic_spin_glass,inst_b1f9b7e0ac3bdb4a518d06f4c72df0221c8ecb3cd602913bd3240c52f03270bb,all_native,equal_2q_budget_128,original_only,,1,3,-2.986644719361822,-2.986644719361822,0.12270446217509755,0.0,1.0
original_e4,cubic_spin_glass,inst_b1f9b7e0ac3bdb4a518d06f4c72df0221c8ecb3cd602913bd3240c52f03270bb,all_native,equal_2q_budget_256,cold,,2,3,-3.5689697570000694,-3.5689697570000694,0.06532208154423975,0.0,1.0000000000000002
original_e4,cubic_spin_glass,inst_b1f9b7e0ac3bdb4a518d06f4c72df0221c8ecb3cd602913bd3240c52f03270bb,all_native,equal_2q_budget_256,original_only,,2,3,-4.631039312060518,-4.631039312060518,0.23466626611658803,0.0,1.0000000000000002
original_e4,cubic_spin_glass,inst_b1f9b7e0ac3bdb4a518d06f4c72df0221c8ecb3cd602913bd3240c52f03270bb,fully_quadratized,equal_layer_p1,cold,,1,3,-0.4545905850040228,100.93762490190993,0.022157105299071847,0.9897854696818401,1.0000000000000002
original_e4,cubic_spin_glass,inst_b1f9b7e0ac3bdb4a518d06f4c72df0221c8ecb3cd602913bd3240c52f03270bb,fully_quadratized,equal_layer_p1,original_only,,1,3,-0.7035358177442977,86.76261930697446,0.11385903036174778,0.9853784272946943,1.000000000000001
original_e4,cubic_spin_glass,inst_b1f9b7e0ac3bdb4a518d06f4c72df0221c8ecb3cd602913bd3240c52f03270bb,fully_quadratized,equal_layer_p1,pair,,1,3,-0.7760367170351344,82.19668822285853,0.07334718967218763,0.9870085503988273,0.9999999999999997
original_e4,cubic_spin_glass,inst_b1f9b7e0ac3bdb4a518d06f4c72df0221c8ecb3cd602913bd3240c52f03270bb,fully_quadratized,equal_layer_p1,independence,,1,3,-0.6286331652270292,77.00619708224218,0.08571936267819229,0.9846034970030061,1.0000000000000002
original_e4,cubic_spin_glass,inst_b1f9b7e0ac3bdb4a518d06f4c72df0221c8ecb3cd602913bd3240c52f03270bb,fully_quadratized,equal_layer_p2,cold,,2,3,-0.23611213210560433,87.86293983716047,0.017261871144737595,0.9796795310828296,0.9999999999999994
original_e4,cubic_spin_glass,inst_b1f9b7e0ac3bdb4a518d06f4c72df0221c8ecb3cd602913bd3240c52f03270bb,fully_quadratized,equal_layer_p2,original_only,,2,3,-1.3479136478533178,97.40027010942305,0.05768274831328799,0.9853790416663495,1.0000000000000024
original_e4,cubic_spin_glass,inst_b1f9b7e0ac3bdb4a518d06f4c72df0221c8ecb3cd602913bd3240c52f03270bb,fully_quadratized,equal_layer_p2,pair,,2,3,-0.3275796911942765,88.34791673181614,0.015276337651211424,0.9837916398979797,0.9999999999999991
original_e4,cubic_spin_glass,inst_b1f9b7e0ac3bdb4a518d06f4c72df0221c8ecb3cd602913bd3240c52f03270bb,fully_quadratized,equal_layer_p2,independence,,2,3,-0.6205114615710433,95.3476129488305,0.04654893590633132,0.9875444864949676,1.0000000000000002
original_e4,cubic_spin_glass,inst_b1f9b7e0ac3bdb4a518d06f4c72df0221c8ecb3cd602913bd3240c52f03270bb,fully_quadratized,equal_2q_budget_128,cold,,0,3,0.0,88.5,0.015625,0.984375,1.0
original_e4,cubic_spin_glass,inst_b1f9b7e0ac3bdb4a518d06f4c72df0221c8ecb3cd602913bd3240c52f03270bb,fully_quadratized,equal_2q_budget_128,original_only,,0,3,-0.44444444444444536,77.88888888888897,0.08779149519890274,0.9843750000000018,1.0000000000000009
original_e4,cubic_spin_glass,inst_b1f9b7e0ac3bdb4a518d06f4c72df0221c8ecb3cd602913bd3240c52f03270bb,fully_quadratized,equal_2q_budget_128,pair,,0,3,-0.4444444444444449,81.11111111111109,0.08779149519890271,0.9763962509478947,0.9999999999999997
original_e4,cubic_spin_glass,inst_b1f9b7e0ac3bdb4a518d06f4c72df0221c8ecb3cd602913bd3240c52f03270bb,fully_quadratized,equal_2q_budget_128,independence,,0,3,-0.44444444444444614,78.962962962963,0.08779149519890268,0.9827253096053988,1.0000000000000004
original_e4,cubic_spin_glass,inst_b1f9b7e0ac3bdb4a518d06f4c72df0221c8ecb3cd602913bd3240c52f03270bb,fully_quadratized,equal_2q_budget_256,cold,,1,3,-0.11174867037812934,89.66834899800426,0.014466223853736424,0.9838510030968912,1.0000000000000002
original_e4,cubic_spin_glass,inst_b1f9b7e0ac3bdb4a518d06f4c72df0221c8ecb3cd602913bd3240c52f03270bb,fully_quadratized,equal_2q_budget_256,original_only,,1,3,-1.7945277677264542,95.18614002995976,0.18540494273033425,0.985698914477461,1.0000000000000018
original_e4,cubic_spin_glass,inst_b1f9b7e0ac3bdb4a518d06f4c72df0221c8ecb3cd602913bd3240c52f03270bb,fully_quadratized,equal_2q_budget_256,pair,,1,3,-0.4506145980283433,81.52165710785705,0.0878074259750833,0.9775727660673236,0.9999999999999994
original_e4,cubic_spin_glass,inst_b1f9b7e0ac3bdb4a518d06f4c72df0221c8ecb3cd602913bd3240c52f03270bb,fully_quadratized,equal_2q_budget_256,independence,,1,3,-1.884119400448255,123.78081291918448,0.15328950157176763,0.990017323264137,1.0000000000000007
original_e4,cubic_spin_glass,inst_b1f9b7e0ac3bdb4a518d06f4c72df0221c8ecb3cd602913bd3240c52f03270bb,selective,equal_layer_p1,cold,,1,3,-1.0931022131634627,30.572170320263663,0.03677496126932151,0.9030517312058416,1.0000000000000002
original_e4,cubic_spin_glass,inst_b1f9b7e0ac3bdb4a518d06f4c72df0221c8ecb3cd602913bd3240c52f03270bb,selective,equal_layer_p1,original_only,,1,3,-1.8079426160089422,31.515935901534192,0.1387727118708689,0.9515349545302567,1.0000000000000002
original_e4,cubic_spin_glass,inst_b1f9b7e0ac3bdb4a518d06f4c72df0221c8ecb3cd602913bd3240c52f03270bb,selective,equal_layer_p1,pair,,1,3,-1.7396202562775638,30.953778862830642,0.12248920131008852,0.9341758775946872,0.9999999999999997
original_e4,cubic_spin_glass,inst_b1f9b7e0ac3bdb4a518d06f4c72df0221c8ecb3cd602913bd3240c52f03270bb,selective,equal_layer_p1,independence,,1,3,-1.7743696283456087,31.532458145079563,0.13350689416259273,0.9492342337934937,0.9999999999999997
original_e4,cubic_spin_glass,inst_b1f9b7e0ac3bdb4a518d06f4c72df0221c8ecb3cd602913bd3240c52f03270bb,selective,equal_layer_p2,cold,,2,3,-1.7222999861534483,28.73034239549221,0.06636424460261718,0.9108750076993767,1.0000000000000002
original_e4,cubic_spin_glass,inst_b1f9b7e0ac3bdb4a518d06f4c72df0221c8ecb3cd602913bd3240c52f03270bb,selective,equal_layer_p2,original_only,,2,3,-0.986821269434086,30.054839058907856,0.038279013800289814,0.8978887788308582,0.9999999999999997
original_e4,cubic_spin_glass,inst_b1f9b7e0ac3bdb4a518d06f4c72df0221c8ecb3cd602913bd3240c52f03270bb,selective,equal_layer_p2,pair,,2,3,-1.826439363246557,32.39767370520408,0.08209138123721103,0.8885397367696112,1.0
original_e4,cubic_spin_glass,inst_b1f9b7e0ac3bdb4a518d06f4c72df0221c8ecb3cd602913bd3240c52f03270bb,selective,equal_layer_p2,independence,,2,3,-1.5580767859010163,28.003838119595283,0.08554213641171732,0.8758136855899874,1.0
original_e4,cubic_spin_glass,inst_b1f9b7e0ac3bdb4a518d06f4c72df0221c8ecb3cd602913bd3240c52f03270bb,selective,equal_2q_budget_128,cold,,0,3,0.0,31.24999999999999,0.015624999999999998,0.8749999999999999,0.9999999999999999
original_e4,cubic_spin_glass,inst_b1f9b7e0ac3bdb4a518d06f4c72df0221c8ecb3cd602913bd3240c52f03270bb,selective,equal_2q_budget_128,original_only,,0,3,-0.44444444444444525,25.537037037037052,0.08779149519890274,0.8750000000000004,1.0000000000000004
original_e4,cubic_spin_glass,inst_b1f9b7e0ac3bdb4a518d06f4c72df0221c8ecb3cd602913bd3240c52f03270bb,selective,equal_2q_budget_128,pair,,0,3,-0.44444444444444525,24.037037037037027,0.08779149519890267,0.8500228623685414,0.9999999999999999
original_e4,cubic_spin_glass,inst_b1f9b7e0ac3bdb4a518d06f4c72df0221c8ecb3cd602913bd3240c52f03270bb,selective,equal_2q_budget_128,independence,,0,3,-0.44444444444444536,25.037037037037038,0.08779149519890268,0.8691087063286425,1.0
original_e4,cubic_spin_glass,inst_b1f9b7e0ac3bdb4a518d06f4c72df0221c8ecb3cd602913bd3240c52f03270bb,selective,equal_2q_budget_256,cold,,1,3,-1.2154671195060047,32.14217968986127,0.029908283541616936,0.8852930363228643,0.9999999999999997
original_e4,cubic_spin_glass,inst_b1f9b7e0ac3bdb4a518d06f4c72df0221c8ecb3cd602913bd3240c52f03270bb,selective,equal_2q_budget_256,original_only,,1,3,-0.9257955863915633,31.05699194261702,0.1012223152030227,0.865526283604332,1.000000000000001
original_e4,cubic_spin_glass,inst_b1f9b7e0ac3bdb4a518d06f4c72df0221c8ecb3cd602913bd3240c52f03270bb,selective,equal_2q_budget_256,pair,,1,3,-0.9907353056511666,35.868600140004155,0.05867731714409297,0.8672061107863609,0.9999999999999991
original_e4,cubic_spin_glass,inst_b1f9b7e0ac3bdb4a518d06f4c72df0221c8ecb3cd602913bd3240c52f03270bb,selective,equal_2q_budget_256,independence,,1,3,-0.9082974862895892,35.96851251270816,0.06739814758070063,0.8740201233148696,1.0000000000000002
original_e4,cubic_spin_glass,inst_b1f9b7e0ac3bdb4a518d06f4c72df0221c8ecb3cd602913bd3240c52f03270bb,matched_random_selective,equal_layer_p1,cold,2026082711,1,3,-0.889941564188388,32.03638009276027,0.021131911838837905,0.9167974468460764,0.9999999999999996
original_e4,cubic_spin_glass,inst_b1f9b7e0ac3bdb4a518d06f4c72df0221c8ecb3cd602913bd3240c52f03270bb,matched_random_selective,equal_layer_p1,original_only,2026082711,1,3,-1.3289125310172212,18.194583311579464,0.10567969521503408,0.7802226567543619,1.0000000000000002
original_e4,cubic_spin_glass,inst_b1f9b7e0ac3bdb4a518d06f4c72df0221c8ecb3cd602913bd3240c52f03270bb,matched_random_selective,equal_layer_p1,pair,2026082711,1,3,-1.048969473792744,25.03885906546438,0.06516778424085494,0.8817294381676417,1.0000000000000002
original_e4,cubic_spin_glass,inst_b1f9b7e0ac3bdb4a518d06f4c72df0221c8ecb3cd602913bd3240c52f03270bb,matched_random_selective,equal_layer_p1,independence,2026082711,1,3,-1.338442484913254,21.39310621328757,0.09618837315379336,0.9122428126177672,1.0000000000000002
original_e4,cubic_spin_glass,inst_b1f9b7e0ac3bdb4a518d06f4c72df0221c8ecb3cd602913bd3240c52f03270bb,matched_random_selective,equal_layer_p2,cold,2026082711,2,3,-1.0362954793783388,29.607136471281844,0.05710324384875937,0.9008241213602134,0.999999999999999
original_e4,cubic_spin_glass,inst_b1f9b7e0ac3bdb4a518d06f4c72df0221c8ecb3cd602913bd3240c52f03270bb,matched_random_selective,equal_layer_p2,original_only,2026082711,2,3,-0.5866677172053384,29.628786063659636,0.029636823847741366,0.8861361733751641,1.0000000000000002
original_e4,cubic_spin_glass,inst_b1f9b7e0ac3bdb4a518d06f4c72df0221c8ecb3cd602913bd3240c52f03270bb,matched_random_selective,equal_layer_p2,pair,2026082711,2,3,-0.7526666939133388,28.40391313431213,0.04773169973988441,0.8922665801704667,0.9999999999999999
original_e4,cubic_spin_glass,inst_b1f9b7e0ac3bdb4a518d06f4c72df0221c8ecb3cd602913bd3240c52f03270bb,matched_random_selective,equal_layer_p2,independence,2026082711,2,3,-0.7610980923437971,28.37333182352881,0.04255880102290521,0.8715527583031691,1.0000000000000004
original_e4,cubic_spin_glass,inst_b1f9b7e0ac3bdb4a518d06f4c72df0221c8ecb3cd602913bd3240c52f03270bb,matched_random_selective,equal_2q_budget_128,cold,2026082711,0,3,0.0,30.24999999999999,0.015624999999999998,0.8749999999999999,0.9999999999999999
original_e4,cubic_spin_glass,inst_b1f9b7e0ac3bdb4a518d06f4c72df0221c8ecb3cd602913bd3240c52f03270bb,matched_random_selective,equal_2q_budget_128,original_only,2026082711,0,3,-0.44444444444444525,25.24074074074075,0.08779149519890274,0.8750000000000004,1.0000000000000004
original_e4,cubic_spin_glass,inst_b1f9b7e0ac3bdb4a518d06f4c72df0221c8ecb3cd602913bd3240c52f03270bb,matched_random_selective,equal_2q_budget_128,pair,2026082711,0,3,-0.4444444444444453,24.62962962962963,0.08779149519890266,0.8549001676573692,1.0
original_e4,cubic_spin_glass,inst_b1f9b7e0ac3bdb4a518d06f4c72df0221c8ecb3cd602913bd3240c52f03270bb,matched_random_selective,equal_2q_budget_128,independence,2026082711,0,3,-0.4444444444444453,25.03703703703705,0.08779149519890268,0.8696957893726682,1.0000000000000004
original_e4,cubic_spin_glass,inst_b1f9b7e0ac3bdb4a518d06f4c72df0221c8ecb3cd602913bd3240c52f03270bb,matched_random_selective,equal_2q_budget_256,cold,2026082711,1,3,-0.9011946663894452,30.291825599176182,0.022265009959203396,0.8706750760114254,0.9999999999999988
original_e4,cubic_spin_glass,inst_b1f9b7e0ac3bdb4a518d06f4c72df0221c8ecb3cd602913bd3240c52f03270bb,matched_random_selective,equal_2q_budget_256,original_only,2026082711,1,3,-1.1917224501183654,18.439272216264126,0.07898517015820612,0.6791190479287487,1.0000000000000002
original_e4,cubic_spin_glass,inst_b1f9b7e0ac3bdb4a518d06f4c72df0221c8ecb3cd602913bd3240c52f03270bb,matched_random_selective,equal_2q_budget_256,pair,2026082711,1,3,-0.9864589978888857,25.060971602486944,0.05683593673733912,0.8668738950123562,1.0000000000000002
original_e4,cubic_spin_glass,inst_b1f9b7e0ac3bdb4a518d06f4c72df0221c8ecb3cd602913bd3240c52f03270bb,matched_random_selective,equal_2q_budget_256,independence,2026082711,1,3,-0.8494907415046594,22.9648430287963,0.06293927608448165,0.7517734262153962,0.9999999999999996
original_e4,cubic_spin_glass,inst_b1f9b7e0ac3bdb4a518d06f4c72df0221c8ecb3cd602913bd3240c52f03270bb,matched_random_selective,equal_layer_p1,cold,2026082712,1,3,-0.4773309277301285,42.45369342556639,0.04330381052151946,0.9017514845218425,0.9999999999999999
original_e4,cubic_spin_glass,inst_b1f9b7e0ac3bdb4a518d06f4c72df0221c8ecb3cd602913bd3240c52f03270bb,matched_random_selective,equal_layer_p1,original_only,2026082712,1,3,-1.6562609270383477,44.07102554343819,0.15246421136186422,0.9014257448484644,1.0000000000000007
original_e4,cubic_spin_glass,inst_b1f9b7e0ac3bdb4a518d06f4c72df0221c8ecb3cd602913bd3240c52f03270bb,matched_random_selective,equal_layer_p1,pair,2026082712,1,3,-1.0644834633178724,35.40318032239688,0.09149774763878309,0.8923560781983858,1.0
original_e4,cubic_spin_glass,inst_b1f9b7e0ac3bdb4a518d06f4c72df0221c8ecb3cd602913bd3240c52f03270bb,matched_random_selective,equal_layer_p1,independence,2026082712,1,3,-1.3870475749828888,37.399981286861156,0.13736785535317272,0.8793162774933201,1.0000000000000009
original_e4,cubic_spin_glass,inst_b1f9b7e0ac3bdb4a518d06f4c72df0221c8ecb3cd602913bd3240c52f03270bb,matched_random_selective,equal_layer_p2,cold,2026082712,2,3,-1.0272041322924341,40.095690793015756,0.06705616407760356,0.9018080896308218,1.0000000000000002
original_e4,cubic_spin_glass,inst_b1f9b7e0ac3bdb4a518d06f4c72df0221c8ecb3cd602913bd3240c52f03270bb,matched_random_selective,equal_layer_p2,original_only,2026082712,2,3,-1.1270416424637806,36.240152768126876,0.0847606959928211,0.8928279272899178,1.0000000000000002
original_e4,cubic_spin_glass,inst_b1f9b7e0ac3bdb4a518d06f4c72df0221c8ecb3cd602913bd3240c52f03270bb,matched_random_selective,equal_layer_p2,pair,2026082712,2,3,-0.8576061338961978,33.90945788230548,0.03653019061395609,0.8680005990191417,0.9999999999999997
original_e4,cubic_spin_glass,inst_b1f9b7e0ac3bdb4a518d06f4c72df0221c8ecb3cd602913bd3240c52f03270bb,matched_random_selective,equal_layer_p2,independence,2026082712,2,3,-1.320029082455606,32.02621430159926,0.0638719051515297,0.8356242350724173,1.0000000000000007
original_e4,cubic_spin_glass,inst_b1f9b7e0ac3bdb4a518d06f4c72df0221c8ecb3cd602913bd3240c52f03270bb,matched_random_selective,equal_2q_budget_128,cold,2026082712,0,3,0.0,34.24999999999999,0.015624999999999998,0.8749999999999999,0.9999999999999999
original_e4,cubic_spin_glass,inst_b1f9b7e0ac3bdb4a518d06f4c72df0221c8ecb3cd602913bd3240c52f03270bb,matched_random_selective,equal_2q_budget_128,original_only,2026082712,0,3,-0.44444444444444525,29.537037037037056,0.08779149519890274,0.8750000000000004,1.0000000000000004
original_e4,cubic_spin_glass,inst_b1f9b7e0ac3bdb4a518d06f4c72df0221c8ecb3cd602913bd3240c52f03270bb,matched_random_selective,equal_2q_budget_128,pair,2026082712,0,3,-0.44444444444444536,30.259259259259263,0.08779149519890268,0.860590357161002,1.0
original_e4,cubic_spin_glass,inst_b1f9b7e0ac3bdb4a518d06f4c72df0221c8ecb3cd602913bd3240c52f03270bb,matched_random_selective,equal_2q_budget_128,independence,2026082712,0,3,-0.44444444444444536,29.777777777777786,0.08779149519890271,0.8703129792394644,1.0000000000000004
original_e4,cubic_spin_glass,inst_b1f9b7e0ac3bdb4a518d06f4c72df0221c8ecb3cd602913bd3240c52f03270bb,matched_random_selective,equal_2q_budget_256,cold,2026082712,1,3,-0.5109665098113623,40.25847746743033,0.03837867322437919,0.8997324334401506,0.9999999999999994
original_e4,cubic_spin_glass,inst_b1f9b7e0ac3bdb4a518d06f4c72df0221c8ecb3cd602913bd3240c52f03270bb,matched_random_selective,equal_2q_budget_256,original_only,2026082712,1,3,-0.8001603316738591,28.171178050725633,0.0625441894402226,0.8731474283511561,1.0000000000000007
original_e4,cubic_spin_glass,inst_b1f9b7e0ac3bdb4a518d06f4c72df0221c8ecb3cd602913bd3240c52f03270bb,matched_random_selective,equal_2q_budget_256,pair,2026082712,1,3,-0.890363759623888,41.30477917497068,0.06846853437565888,0.925537782346132,1.0
original_e4,cubic_spin_glass,inst_b1f9b7e0ac3bdb4a518d06f4c72df0221c8ecb3cd602913bd3240c52f03270bb,matched_random_selective,equal_2q_budget_256,independence,2026082712,1,3,-1.1458539326339283,32.96722824020181,0.07786302452027068,0.8821992989428108,1.0000000000000002
original_e4,cubic_spin_glass,inst_b1f9b7e0ac3bdb4a518d06f4c72df0221c8ecb3cd602913bd3240c52f03270bb,matched_random_selective,equal_layer_p1,cold,2026082713,1,3,-0.9748175147897088,31.92780478141565,0.05730290494640564,0.9059163895041363,0.9999999999999997
original_e4,cubic_spin_glass,inst_b1f9b7e0ac3bdb4a518d06f4c72df0221c8ecb3cd602913bd3240c52f03270bb,matched_random_selective,equal_layer_p1,original_only,2026082713,1,3,-1.6358067453916363,21.012311662912488,0.12937367151381884,0.9013203438019394,1.0000000000000004
original_e4,cubic_spin_glass,inst_b1f9b7e0ac3bdb4a518d06f4c72df0221c8ecb3cd602913bd3240c52f03270bb,matched_random_selective,equal_layer_p1,pair,2026082713,1,3,-1.6863736359518497,19.55822991556289,0.1072021738584627,0.875596649186222,0.9999999999999999
original_e4,cubic_spin_glass,inst_b1f9b7e0ac3bdb4a518d06f4c72df0221c8ecb3cd602913bd3240c52f03270bb,matched_random_selective,equal_layer_p1,independence,2026082713,1,3,-1.9833057486873475,18.016082359029028,0.14222922695135032,0.8938202462948847,1.0000000000000002
original_e4,cubic_spin_glass,inst_b1f9b7e0ac3bdb4a518d06f4c72df0221c8ecb3cd602913bd3240c52f03270bb,matched_random_selective,equal_layer_p2,cold,2026082713,2,3,-0.9910327193647662,28.729114278637514,0.022702455318666576,0.8849950812000701,1.0000000000000002
original_e4,cubic_spin_glass,inst_b1f9b7e0ac3bdb4a518d06f4c72df0221c8ecb3cd602913bd3240c52f03270bb,matched_random_selective,equal_layer_p2,original_only,2026082713,2,3,-1.3653750421982693,21.50540261464541,0.05816599393534694,0.8014941394413525,1.0000000000000009
original_e4,cubic_spin_glass,inst_b1f9b7e0ac3bdb4a518d06f4c72df0221c8ecb3cd602913bd3240c52f03270bb,matched_random_selective,equal_layer_p2,pair,2026082713,2,3,-1.2520340919769908,28.75245045576629,0.05432894053473062,0.9023451639880355,0.9999999999999996
original_e4,cubic_spin_glass,inst_b1f9b7e0ac3bdb4a518d06f4c72df0221c8ecb3cd602913bd3240c52f03270bb,matched_random_selective,equal_layer_p2,independence,2026082713,2,3,-0.9941979162101376,24.786473694135427,0.07219929396808787,0.8911376937601098,1.0000000000000007
original_e4,cubic_spin_glass,inst_b1f9b7e0ac3bdb4a518d06f4c72df0221c8ecb3cd602913bd3240c52f03270bb,matched_random_selective,equal_2q_budget_128,cold,2026082713,0,3,0.0,26.24999999999999,0.015624999999999998,0.8749999999999999,0.9999999999999999
original_e4,cubic_spin_glass,inst_b1f9b7e0ac3bdb4a518d06f4c72df0221c8ecb3cd602913bd3240c52f03270bb,matched_random_selective,equal_2q_budget_128,original_only,2026082713,0,3,-0.44444444444444525,20.944444444444457,0.08779149519890274,0.8750000000000004,1.0000000000000004
original_e4,cubic_spin_glass,inst_b1f9b7e0ac3bdb4a518d06f4c72df0221c8ecb3cd602913bd3240c52f03270bb,matched_random_selective,equal_2q_budget_128,pair,2026082713,0,3,-0.44444444444444536,18.999999999999996,0.08779149519890268,0.8549001676573692,1.0
original_e4,cubic_spin_glass,inst_b1f9b7e0ac3bdb4a518d06f4c72df0221c8ecb3cd602913bd3240c52f03270bb,matched_random_selective,equal_2q_budget_128,independence,2026082713,0,3,-0.44444444444444536,20.296296296296298,0.08779149519890268,0.8696957893726681,1.0
original_e4,cubic_spin_glass,inst_b1f9b7e0ac3bdb4a518d06f4c72df0221c8ecb3cd602913bd3240c52f03270bb,matched_random_selective,equal_2q_budget_256,cold,2026082713,1,3,-1.1794876637497886,18.30817043750972,0.050363514919928354,0.7458865868475616,0.9999999999999997
original_e4,cubic_spin_glass,inst_b1f9b7e0ac3bdb4a518d06f4c72df0221c8ecb3cd602913bd3240c52f03270bb,matched_random_selective,equal_2q_budget_256,original_only,2026082713,1,3,-1.3580745583663623,16.190184668618087,0.10174485546556034,0.7671689453379607,1.0000000000000002
original_e4,cubic_spin_glass,inst_b1f9b7e0ac3bdb4a518d06f4c72df0221c8ecb3cd602913bd3240c52f03270bb,matched_random_selective,equal_2q_budget_256,pair,2026082713,1,3,-1.4404554781808414,16.300911437807148,0.09368337445713781,0.770305466542259,0.9999999999999997
original_e4,cubic_spin_glass,inst_b1f9b7e0ac3bdb4a518d06f4c72df0221c8ecb3cd602913bd3240c52f03270bb,matched_random_selective,equal_2q_budget_256,independence,2026082713,1,3,-1.5318597002894865,14.668740894211021,0.12460880429094938,0.8134753506690157,0.9999999999999999
original_e4,cubic_spin_glass,inst_b1f9b7e0ac3bdb4a518d06f4c72df0221c8ecb3cd602913bd3240c52f03270bb,matched_random_selective,equal_layer_p1,cold,2026082714,1,3,-0.6241092724929854,29.83181077409813,0.06728214765184651,0.8150334128937534,1.0000000000000002
original_e4,cubic_spin_glass,inst_b1f9b7e0ac3bdb4a518d06f4c72df0221c8ecb3cd602913bd3240c52f03270bb,matched_random_selective,equal_layer_p1,original_only,2026082714,1,3,-0.9342766814811868,24.840979233079395,0.07780314111183112,0.8123048419760212,1.000000000000001
original_e4,cubic_spin_glass,inst_b1f9b7e0ac3bdb4a518d06f4c72df0221c8ecb3cd602913bd3240c52f03270bb,matched_random_selective,equal_layer_p1,pair,2026082714,1,3,-0.7595113687505405,26.286149406037,0.02923404439319502,0.8070358337619793,1.0000000000000002
original_e4,cubic_spin_glass,inst_b1f9b7e0ac3bdb4a518d06f4c72df0221c8ecb3cd602913bd3240c52f03270bb,matched_random_selective,equal_layer_p1,independence,2026082714,1,3,-0.7769637591308912,44.92630713690759,0.03443017146785907,0.9341171872931525,1.0
original_e4,cubic_spin_glass,inst_b1f9b7e0ac3bdb4a518d06f4c72df0221c8ecb3cd602913bd3240c52f03270bb,matched_random_selective,equal_layer_p2,cold,2026082714,2,3,-0.9562780088116586,36.33439638424511,0.06043772107084564,0.8385623538542414,1.0
original_e4,cubic_spin_glass,inst_b1f9b7e0ac3bdb4a518d06f4c72df0221c8ecb3cd602913bd3240c52f03270bb,matched_random_selective,equal_layer_p2,original_only,2026082714,2,3,-1.2837401131044046,17.524674909083615,0.09268849226087879,0.6614157474561508,1.0000000000000004
original_e4,cubic_spin_glass,inst_b1f9b7e0ac3bdb4a518d06f4c72df0221c8ecb3cd602913bd3240c52f03270bb,matched_random_selective,equal_layer_p2,pair,2026082714,2,3,-1.172058629791447,24.63315810000647,0.06188229267999897,0.7420511813814287,1.0000000000000002
original_e4,cubic_spin_glass,inst_b1f9b7e0ac3bdb4a518d06f4c72df0221c8ecb3cd602913bd3240c52f03270bb,matched_random_selective,equal_layer_p2,independence,2026082714,2,3,-1.214522618521763,19.28079109357807,0.08265190256972947,0.7035087756327308,1.0000000000000002
original_e4,cubic_spin_glass,inst_b1f9b7e0ac3bdb4a518d06f4c72df0221c8ecb3cd602913bd3240c52f03270bb,matched_random_selective,equal_2q_budget_128,cold,2026082714,0,3,0.0,35.24999999999999,0.015624999999999998,0.8749999999999999,0.9999999999999999
original_e4,cubic_spin_glass,inst_b1f9b7e0ac3bdb4a518d06f4c72df0221c8ecb3cd602913bd3240c52f03270bb,matched_random_selective,equal_2q_budget_128,original_only,2026082714,0,3,-0.44444444444444525,29.833333333333353,0.08779149519890274,0.8750000000000004,1.0000000000000004
original_e4,cubic_spin_glass,inst_b1f9b7e0ac3bdb4a518d06f4c72df0221c8ecb3cd602913bd3240c52f03270bb,matched_random_selective,equal_2q_budget_128,pair,2026082714,0,3,-0.44444444444444553,29.66666666666667,0.08779149519890268,0.8549001676573695,1.0000000000000002
original_e4,cubic_spin_glass,inst_b1f9b7e0ac3bdb4a518d06f4c72df0221c8ecb3cd602913bd3240c52f03270bb,matched_random_selective,equal_2q_budget_128,independence,2026082714,0,3,-0.4444444444444455,29.777777777777786,0.08779149519890268,0.8696957893726682,1.0000000000000002
original_e4,cubic_spin_glass,inst_b1f9b7e0ac3bdb4a518d06f4c72df0221c8ecb3cd602913bd3240c52f03270bb,matched_random_selective,equal_2q_budget_256,cold,2026082714,1,3,-0.9400348813195433,39.62304959479937,0.010465840450138644,0.899283768161239,1.0000000000000002
original_e4,cubic_spin_glass,inst_b1f9b7e0ac3bdb4a518d06f4c72df0221c8ecb3cd602913bd3240c52f03270bb,matched_random_selective,equal_2q_budget_256,original_only,2026082714,1,3,-0.936538993741241,28.146659083287982,0.06887217799592169,0.8624316940880291,1.0000000000000007
original_e4,cubic_spin_glass,inst_b1f9b7e0ac3bdb4a518d06f4c72df0221c8ecb3cd602913bd3240c52f03270bb,matched_random_selective,equal_2q_budget_256,pair,2026082714,1,3,-0.913194738146465,23.34542186761416,0.07727914355924892,0.8039281546714151,1.0000000000000007
original_e4,cubic_spin_glass,inst_b1f9b7e0ac3bdb4a518d06f4c72df0221c8ecb3cd602913bd3240c52f03270bb,matched_random_selective,equal_2q_budget_256,independence,2026082714,1,3,-0.9329464881556833,21.833795440652185,0.0855211296315398,0.8073221323268851,1.0000000000000002
original_e4,cubic_spin_glass,inst_b1f9b7e0ac3bdb4a518d06f4c72df0221c8ecb3cd602913bd3240c52f03270bb,matched_random_selective,equal_layer_p1,cold,2026082715,1,3,-0.4469038350122432,41.91580635586241,0.02547147581556329,0.8665216897222533,0.9999999999999996
original_e4,cubic_spin_glass,inst_b1f9b7e0ac3bdb4a518d06f4c72df0221c8ecb3cd602913bd3240c52f03270bb,matched_random_selective,equal_layer_p1,original_only,2026082715,1,3,-0.8226060431771621,33.03456720157404,0.09189851538442383,0.8168983016914204,1.000000000000001
original_e4,cubic_spin_glass,inst_b1f9b7e0ac3bdb4a518d06f4c72df0221c8ecb3cd602913bd3240c52f03270bb,matched_random_selective,equal_layer_p1,pair,2026082715,1,3,-1.2317332911481467,47.65671913973648,0.09667047797971605,0.9052750708666052,1.0000000000000002
original_e4,cubic_spin_glass,inst_b1f9b7e0ac3bdb4a518d06f4c72df0221c8ecb3cd602913bd3240c52f03270bb,matched_random_selective,equal_layer_p1,independence,2026082715,1,3,-1.0100120241417458,39.38048216105104,0.0802823081616836,0.9225091271474611,1.0
original_e4,cubic_spin_glass,inst_b1f9b7e0ac3bdb4a518d06f4c72df0221c8ecb3cd602913bd3240c52f03270bb,matched_random_selective,equal_layer_p2,cold,2026082715,2,3,-0.9528289012878385,40.46026002766789,0.026924187820401943,0.8668664539693666,0.9999999999999997
original_e4,cubic_spin_glass,inst_b1f9b7e0ac3bdb4a518d06f4c72df0221c8ecb3cd602913bd3240c52f03270bb,matched_random_selective,equal_layer_p2,original_only,2026082715,2,3,-0.5806077598602496,39.87205458906241,0.022899662423758172,0.8547783237744517,1.0000000000000002
original_e4,cubic_spin_glass,inst_b1f9b7e0ac3bdb4a518d06f4c72df0221c8ecb3cd602913bd3240c52f03270bb,matched_random_selective,equal_layer_p2,pair,2026082715,2,3,-0.472769101032173,40.75988890016256,0.0252071370750548,0.8717986460934251,0.9999999999999997
original_e4,cubic_spin_glass,inst_b1f9b7e0ac3bdb4a518d06f4c72df0221c8ecb3cd602913bd3240c52f03270bb,matched_random_selective,equal_layer_p2,independence,2026082715,2,3,-0.7258554063030602,41.37754180594076,0.02907072407896333,0.8599347437334699,1.0000000000000007
original_e4,cubic_spin_glass,inst_b1f9b7e0ac3bdb4a518d06f4c72df0221c8ecb3cd602913bd3240c52f03270bb,matched_random_selective,equal_2q_budget_128,cold,2026082715,0,3,0.0,42.24999999999999,0.015624999999999998,0.8749999999999999,0.9999999999999999
original_e4,cubic_spin_glass,inst_b1f9b7e0ac3bdb4a518d06f4c72df0221c8ecb3cd602913bd3240c52f03270bb,matched_random_selective,equal_2q_budget_128,original_only,2026082715,0,3,-0.44444444444444525,38.129629629629655,0.08779149519890274,0.8750000000000004,1.0000000000000004
original_e4,cubic_spin_glass,inst_b1f9b7e0ac3bdb4a518d06f4c72df0221c8ecb3cd602913bd3240c52f03270bb,matched_random_selective,equal_2q_budget_128,pair,2026082715,0,3,-0.44444444444444553,41.518518518518526,0.08779149519890268,0.8500228623685414,1.0
original_e4,cubic_spin_glass,inst_b1f9b7e0ac3bdb4a518d06f4c72df0221c8ecb3cd602913bd3240c52f03270bb,matched_random_selective,equal_2q_budget_128,independence,2026082715,0,3,-0.4444444444444453,39.25925925925927,0.08779149519890271,0.8691087063286428,1.0000000000000004
original_e4,cubic_spin_glass,inst_b1f9b7e0ac3bdb4a518d06f4c72df0221c8ecb3cd602913bd3240c52f03270bb,matched_random_selective,equal_2q_budget_256,cold,2026082715,1,3,-0.9539099170805567,43.09436355085065,0.043586888620725385,0.8495743335540752,1.0
original_e4,cubic_spin_glass,inst_b1f9b7e0ac3bdb4a518d06f4c72df0221c8ecb3cd602913bd3240c52f03270bb,matched_random_selective,equal_2q_budget_256,original_only,2026082715,1,3,-1.6844142808093379,55.5658634173918,0.1553260154889737,0.9106777226547883,1.0000000000000007
original_e4,cubic_spin_glass,inst_b1f9b7e0ac3bdb4a518d06f4c72df0221c8ecb3cd602913bd3240c52f03270bb,matched_random_selective,equal_2q_budget_256,pair,2026082715,1,3,-0.7755030062373726,43.647990763057855,0.05993231195259798,0.8737385617883469,0.9999999999999997
original_e4,cubic_spin_glass,inst_b1f9b7e0ac3bdb4a518d06f4c72df0221c8ecb3cd602913bd3240c52f03270bb,matched_random_selective,equal_2q_budget_256,independence,2026082715,1,3,-1.2709615783589854,46.36138858598478,0.09067441757924762,0.9047125831763546,1.0000000000000004
original_e4,max3sat,inst_b743f95ddc47da1f2a603f93425eed7e366f1373e13f44ce77e30625e2bb6c2c,all_native,equal_layer_p1,cold,,1,3,4.9290181397873445,4.9290181397873445,0.11819874468096692,0.0,1.0000000000000002
original_e4,max3sat,inst_b743f95ddc47da1f2a603f93425eed7e366f1373e13f44ce77e30625e2bb6c2c,all_native,equal_layer_p1,original_only,,1,3,4.9290181397873445,4.9290181397873445,0.11819874468096692,0.0,1.0000000000000002
original_e4,max3sat,inst_b743f95ddc47da1f2a603f93425eed7e366f1373e13f44ce77e30625e2bb6c2c,all_native,equal_layer_p2,cold,,2,3,3.2540698093058738,3.2540698093058738,0.25683617276617193,0.0,1.0000000000000002
original_e4,max3sat,inst_b743f95ddc47da1f2a603f93425eed7e366f1373e13f44ce77e30625e2bb6c2c,all_native,equal_layer_p2,original_only,,2,3,3.2540698093058738,3.2540698093058738,0.25683617276617193,0.0,1.0000000000000002
original_e4,max3sat,inst_b743f95ddc47da1f2a603f93425eed7e366f1373e13f44ce77e30625e2bb6c2c,all_native,equal_2q_budget_128,cold,,1,3,4.160668402837828,4.160668402837828,0.18670691138435924,0.0,0.9999999999999997
original_e4,max3sat,inst_b743f95ddc47da1f2a603f93425eed7e366f1373e13f44ce77e30625e2bb6c2c,all_native,equal_2q_budget_128,original_only,,1,3,4.160668402837828,4.160668402837828,0.18670691138435924,0.0,0.9999999999999997
original_e4,max3sat,inst_b743f95ddc47da1f2a603f93425eed7e366f1373e13f44ce77e30625e2bb6c2c,all_native,equal_2q_budget_256,cold,,3,3,4.9477793532391345,4.9477793532391345,0.10902142287245935,0.0,1.0000000000000002
original_e4,max3sat,inst_b743f95ddc47da1f2a603f93425eed7e366f1373e13f44ce77e30625e2bb6c2c,all_native,equal_2q_budget_256,original_only,,3,3,4.9477793532391345,4.9477793532391345,0.10902142287245935,0.0,1.0000000000000002
original_e4,max3sat,inst_b743f95ddc47da1f2a603f93425eed7e366f1373e13f44ce77e30625e2bb6c2c,fully_quadratized,equal_layer_p1,cold,,1,3,5.084088417811362,23.22731746738027,0.12081470989728953,0.7854960075474214,0.9999999999999997
original_e4,max3sat,inst_b743f95ddc47da1f2a603f93425eed7e366f1373e13f44ce77e30625e2bb6c2c,fully_quadratized,equal_layer_p1,original_only,,1,3,5.084088417811362,23.22731746738027,0.12081470989728953,0.7854960075474214,0.9999999999999997
original_e4,max3sat,inst_b743f95ddc47da1f2a603f93425eed7e366f1373e13f44ce77e30625e2bb6c2c,fully_quadratized,equal_layer_p1,pair,,1,3,5.084088417811362,23.22731746738027,0.12081470989728953,0.7854960075474214,0.9999999999999997
original_e4,max3sat,inst_b743f95ddc47da1f2a603f93425eed7e366f1373e13f44ce77e30625e2bb6c2c,fully_quadratized,equal_layer_p1,independence,,1,3,5.219014452632689,17.482286908089264,0.12043711855765711,0.6518325076594643,1.0
original_e4,max3sat,inst_b743f95ddc47da1f2a603f93425eed7e366f1373e13f44ce77e30625e2bb6c2c,fully_quadratized,equal_layer_p2,cold,,2,3,5.377777465220333,22.032243443045235,0.10368300477071901,0.7560573194139848,1.0000000000000002
original_e4,max3sat,inst_b743f95ddc47da1f2a603f93425eed7e366f1373e13f44ce77e30625e2bb6c2c,fully_quadratized,equal_layer_p2,original_only,,2,3,5.377777465220333,22.032243443045235,0.10368300477071901,0.7560573194139848,1.0000000000000002
original_e4,max3sat,inst_b743f95ddc47da1f2a603f93425eed7e366f1373e13f44ce77e30625e2bb6c2c,fully_quadratized,equal_layer_p2,pair,,2,3,5.377777465220333,22.032243443045235,0.10368300477071901,0.7560573194139848,1.0000000000000002
original_e4,max3sat,inst_b743f95ddc47da1f2a603f93425eed7e366f1373e13f44ce77e30625e2bb6c2c,fully_quadratized,equal_layer_p2,independence,,2,3,5.152093181720775,20.272755898394287,0.1168953520333083,0.7083394324665785,1.0000000000000002
original_e4,max3sat,inst_b743f95ddc47da1f2a603f93425eed7e366f1373e13f44ce77e30625e2bb6c2c,fully_quadratized,equal_2q_budget_128,cold,,1,3,5.703088328974995,21.843543787665563,0.05898131088672507,0.7743077654048734,1.0000000000000002
original_e4,max3sat,inst_b743f95ddc47da1f2a603f93425eed7e366f1373e13f44ce77e30625e2bb6c2c,fully_quadratized,equal_2q_budget_128,original_only,,1,3,5.703088328974995,21.843543787665563,0.05898131088672507,0.7743077654048734,1.0000000000000002
original_e4,max3sat,inst_b743f95ddc47da1f2a603f93425eed7e366f1373e13f44ce77e30625e2bb6c2c,fully_quadratized,equal_2q_budget_128,pair,,1,3,5.703088328974995,21.843543787665563,0.05898131088672507,0.7743077654048734,1.0000000000000002
original_e4,max3sat,inst_b743f95ddc47da1f2a603f93425eed7e366f1373e13f44ce77e30625e2bb6c2c,fully_quadratized,equal_2q_budget_128,independence,,1,3,5.813068898895639,20.940857151385618,0.09005590754861016,0.7251574626114691,0.9999999999999999
original_e4,max3sat,inst_b743f95ddc47da1f2a603f93425eed7e366f1373e13f44ce77e30625e2bb6c2c,fully_quadratized,equal_2q_budget_256,cold,,3,3,5.523754929614022,23.15924365208015,0.09321133956948903,0.7580043010464124,1.0000000000000004
original_e4,max3sat,inst_b743f95ddc47da1f2a603f93425eed7e366f1373e13f44ce77e30625e2bb6c2c,fully_quadratized,equal_2q_budget_256,original_only,,3,3,5.523754929614022,23.15924365208015,0.09321133956948903,0.7580043010464124,1.0000000000000004
original_e4,max3sat,inst_b743f95ddc47da1f2a603f93425eed7e366f1373e13f44ce77e30625e2bb6c2c,fully_quadratized,equal_2q_budget_256,pair,,3,3,5.523754929614022,23.15924365208015,0.09321133956948903,0.7580043010464124,1.0000000000000004
original_e4,max3sat,inst_b743f95ddc47da1f2a603f93425eed7e366f1373e13f44ce77e30625e2bb6c2c,fully_quadratized,equal_2q_budget_256,independence,,3,3,5.28820229639439,19.045828488601117,0.10624555267490239,0.7085065854729652,0.9999999999999997
original_e4,max3sat,inst_b743f95ddc47da1f2a603f93425eed7e366f1373e13f44ce77e30625e2bb6c2c,selective,equal_layer_p1,cold,,1,3,4.45738591996644,8.183365125488741,0.18021855835386622,0.44869286363814725,1.0000000000000002
original_e4,max3sat,inst_b743f95ddc47da1f2a603f93425eed7e366f1373e13f44ce77e30625e2bb6c2c,selective,equal_layer_p1,original_only,,1,3,4.45738591996644,8.183365125488741,0.18021855835386622,0.44869286363814725,1.0000000000000002
original_e4,max3sat,inst_b743f95ddc47da1f2a603f93425eed7e366f1373e13f44ce77e30625e2bb6c2c,selective,equal_layer_p1,pair,,1,3,4.45738591996644,8.183365125488741,0.18021855835386622,0.44869286363814725,1.0000000000000002
original_e4,max3sat,inst_b743f95ddc47da1f2a603f93425eed7e366f1373e13f44ce77e30625e2bb6c2c,selective,equal_layer_p1,independence,,1,3,5.256373679255621,10.022393789427332,0.1181606500885234,0.52788254825455,1.0000000000000002
original_e4,max3sat,inst_b743f95ddc47da1f2a603f93425eed7e366f1373e13f44ce77e30625e2bb6c2c,selective,equal_layer_p2,cold,,2,3,5.2179724564945795,9.294117327542693,0.08338715261140099,0.5009477612548682,0.9999999999999999
original_e4,max3sat,inst_b743f95ddc47da1f2a603f93425eed7e366f1373e13f44ce77e30625e2bb6c2c,selective,equal_layer_p2,original_only,,2,3,5.2179724564945795,9.294117327542693,0.08338715261140099,0.5009477612548682,0.9999999999999999
original_e4,max3sat,inst_b743f95ddc47da1f2a603f93425eed7e366f1373e13f44ce77e30625e2bb6c2c,selective,equal_layer_p2,pair,,2,3,5.2179724564945795,9.294117327542693,0.08338715261140099,0.5009477612548682,0.9999999999999999
original_e4,max3sat,inst_b743f95ddc47da1f2a603f93425eed7e366f1373e13f44ce77e30625e2bb6c2c,selective,equal_layer_p2,independence,,2,3,5.41599876276668,9.240799268971307,0.08257081523538527,0.46030800353104023,1.000000000000001
original_e4,max3sat,inst_b743f95ddc47da1f2a603f93425eed7e366f1373e13f44ce77e30625e2bb6c2c,selective,equal_2q_budget_128,cold,,1,3,4.300633460339641,8.00493161387598,0.18555235732152275,0.3788865375496626,0.9999999999999999
original_e4,max3sat,inst_b743f95ddc47da1f2a603f93425eed7e366f1373e13f44ce77e30625e2bb6c2c,selective,equal_2q_budget_128,original_only,,1,3,4.300633460339641,8.00493161387598,0.18555235732152275,0.3788865375496626,0.9999999999999999
original_e4,max3sat,inst_b743f95ddc47da1f2a603f93425eed7e366f1373e13f44ce77e30625e2bb6c2c,selective,equal_2q_budget_128,pair,,1,3,4.300633460339641,8.00493161387598,0.18555235732152275,0.3788865375496626,0.9999999999999999
original_e4,max3sat,inst_b743f95ddc47da1f2a603f93425eed7e366f1373e13f44ce77e30625e2bb6c2c,selective,equal_2q_budget_128,independence,,1,3,4.137697968318052,6.8493472266664766,0.1837305008154715,0.28241052097431096,0.9999999999999999
original_e4,max3sat,inst_b743f95ddc47da1f2a603f93425eed7e366f1373e13f44ce77e30625e2bb6c2c,selective,equal_2q_budget_256,cold,,3,3,4.559235087761845,8.759263929034319,0.17290469068723,0.47896274978981984,1.0
original_e4,max3sat,inst_b743f95ddc47da1f2a603f93425eed7e366f1373e13f44ce77e30625e2bb6c2c,selective,equal_2q_budget_256,original_only,,3,3,4.559235087761845,8.759263929034319,0.17290469068723,0.47896274978981984,1.0
original_e4,max3sat,inst_b743f95ddc47da1f2a603f93425eed7e366f1373e13f44ce77e30625e2bb6c2c,selective,equal_2q_budget_256,pair,,3,3,4.559235087761845,8.759263929034319,0.17290469068723,0.47896274978981984,1.0
original_e4,max3sat,inst_b743f95ddc47da1f2a603f93425eed7e366f1373e13f44ce77e30625e2bb6c2c,selective,equal_2q_budget_256,independence,,3,3,3.830322435013867,6.812334875975321,0.2343336963275434,0.3404839953529515,1.0000000000000002
original_e4,max3sat,inst_b743f95ddc47da1f2a603f93425eed7e366f1373e13f44ce77e30625e2bb6c2c,matched_random_selective,equal_layer_p1,cold,2026082711,1,3,5.136137876921655,12.693435993750363,0.12520049669104422,0.49742556521944375,0.9999999999999994
original_e4,max3sat,inst_b743f95ddc47da1f2a603f93425eed7e366f1373e13f44ce77e30625e2bb6c2c,matched_random_selective,equal_layer_p1,original_only,2026082711,1,3,5.136137876921655,12.693435993750363,0.12520049669104422,0.49742556521944375,0.9999999999999994
original_e4,max3sat,inst_b743f95ddc47da1f2a603f93425eed7e366f1373e13f44ce77e30625e2bb6c2c,matched_random_selective,equal_layer_p1,pair,2026082711,1,3,5.136137876921655,12.693435993750363,0.12520049669104422,0.49742556521944375,0.9999999999999994
original_e4,max3sat,inst_b743f95ddc47da1f2a603f93425eed7e366f1373e13f44ce77e30625e2bb6c2c,matched_random_selective,equal_layer_p1,independence,2026082711,1,3,5.346017012978963,13.885431369021754,0.08580892129237037,0.5575852352411218,1.0000000000000004
original_e4,max3sat,inst_b743f95ddc47da1f2a603f93425eed7e366f1373e13f44ce77e30625e2bb6c2c,matched_random_selective,equal_layer_p2,cold,2026082711,2,3,4.350862283251524,11.512333337538996,0.20391557048268252,0.4724099770490728,0.9999999999999996
original_e4,max3sat,inst_b743f95ddc47da1f2a603f93425eed7e366f1373e13f44ce77e30625e2bb6c2c,matched_random_selective,equal_layer_p2,original_only,2026082711,2,3,4.350862283251524,11.512333337538996,0.20391557048268252,0.4724099770490728,0.9999999999999996
original_e4,max3sat,inst_b743f95ddc47da1f2a603f93425eed7e366f1373e13f44ce77e30625e2bb6c2c,matched_random_selective,equal_layer_p2,pair,2026082711,2,3,4.350862283251524,11.512333337538996,0.20391557048268252,0.4724099770490728,0.9999999999999996
original_e4,max3sat,inst_b743f95ddc47da1f2a603f93425eed7e366f1373e13f44ce77e30625e2bb6c2c,matched_random_selective,equal_layer_p2,independence,2026082711,2,3,3.9635151450417268,12.727698410463226,0.15782924665456408,0.4882260095336779,1.0000000000000009
original_e4,max3sat,inst_b743f95ddc47da1f2a603f93425eed7e366f1373e13f44ce77e30625e2bb6c2c,matched_random_selective,equal_2q_budget_128,cold,2026082711,1,3,4.41974545663179,14.001375579963309,0.155132500549834,0.5375159381728627,0.9999999999999994
original_e4,max3sat,inst_b743f95ddc47da1f2a603f93425eed7e366f1373e13f44ce77e30625e2bb6c2c,matched_random_selective,equal_2q_budget_128,original_only,2026082711,1,3,4.41974545663179,14.001375579963309,0.155132500549834,0.5375159381728627,0.9999999999999994
original_e4,max3sat,inst_b743f95ddc47da1f2a603f93425eed7e366f1373e13f44ce77e30625e2bb6c2c,matched_random_selective,equal_2q_budget_128,pair,2026082711,1,3,4.41974545663179,14.001375579963309,0.155132500549834,0.5375159381728627,0.9999999999999994
original_e4,max3sat,inst_b743f95ddc47da1f2a603f93425eed7e366f1373e13f44ce77e30625e2bb6c2c,matched_random_selective,equal_2q_budget_128,independence,2026082711,1,3,4.385481132361485,12.354005584003417,0.1640110163182885,0.4469843129351247,1.0000000000000004
original_e4,max3sat,inst_b743f95ddc47da1f2a603f93425eed7e366f1373e13f44ce77e30625e2bb6c2c,matched_random_selective,equal_2q_budget_256,cold,2026082711,3,3,4.043029464786749,12.431611545929407,0.21612320683222838,0.5183526276888436,1.0000000000000004
original_e4,max3sat,inst_b743f95ddc47da1f2a603f93425eed7e366f1373e13f44ce77e30625e2bb6c2c,matched_random_selective,equal_2q_budget_256,original_only,2026082711,3,3,4.043029464786749,12.431611545929407,0.21612320683222838,0.5183526276888436,1.0000000000000004
original_e4,max3sat,inst_b743f95ddc47da1f2a603f93425eed7e366f1373e13f44ce77e30625e2bb6c2c,matched_random_selective,equal_2q_budget_256,pair,2026082711,3,3,4.043029464786749,12.431611545929407,0.21612320683222838,0.5183526276888436,1.0000000000000004
original_e4,max3sat,inst_b743f95ddc47da1f2a603f93425eed7e366f1373e13f44ce77e30625e2bb6c2c,matched_random_selective,equal_2q_budget_256,independence,2026082711,3,3,4.602376271281034,11.490802831952116,0.14812708342059275,0.43189844246750403,1.0000000000000007
original_e4,max3sat,inst_b743f95ddc47da1f2a603f93425eed7e366f1373e13f44ce77e30625e2bb6c2c,matched_random_selective,equal_layer_p1,cold,2026082712,1,3,5.174790023358857,6.957395222434431,0.11088035836994516,0.5313487850671023,1.0000000000000002
original_e4,max3sat,inst_b743f95ddc47da1f2a603f93425eed7e366f1373e13f44ce77e30625e2bb6c2c,matched_random_selective,equal_layer_p1,original_only,2026082712,1,3,5.174790023358857,6.957395222434431,0.11088035836994516,0.5313487850671023,1.0000000000000002
original_e4,max3sat,inst_b743f95ddc47da1f2a603f93425eed7e366f1373e13f44ce77e30625e2bb6c2c,matched_random_selective,equal_layer_p1,pair,2026082712,1,3,4.966211496445248,5.581466684727627,0.09720341482821215,0.3043713372922063,1.0000000000000007
original_e4,max3sat,inst_b743f95ddc47da1f2a603f93425eed7e366f1373e13f44ce77e30625e2bb6c2c,matched_random_selective,equal_layer_p1,independence,2026082712,1,3,5.0048259101222605,6.35425209584275,0.10921165611952251,0.45096379338511333,1.0000000000000004
original_e4,max3sat,inst_b743f95ddc47da1f2a603f93425eed7e366f1373e13f44ce77e30625e2bb6c2c,matched_random_selective,equal_layer_p2,cold,2026082712,2,3,4.359042935035551,5.723168703203512,0.17912407993944113,0.41797140979299024,0.9999999999999997
original_e4,max3sat,inst_b743f95ddc47da1f2a603f93425eed7e366f1373e13f44ce77e30625e2bb6c2c,matched_random_selective,equal_layer_p2,original_only,2026082712,2,3,4.359042935035551,5.723168703203512,0.17912407993944113,0.41797140979299024,0.9999999999999997
original_e4,max3sat,inst_b743f95ddc47da1f2a603f93425eed7e366f1373e13f44ce77e30625e2bb6c2c,matched_random_selective,equal_layer_p2,pair,2026082712,2,3,3.9345482216628938,4.726957177766284,0.18092597537707755,0.3142412439042983,1.0000000000000007
original_e4,max3sat,inst_b743f95ddc47da1f2a603f93425eed7e366f1373e13f44ce77e30625e2bb6c2c,matched_random_selective,equal_layer_p2,independence,2026082712,2,3,4.240617039519878,5.470402701716629,0.17128231011944295,0.386866872609958,1.000000000000001
original_e4,max3sat,inst_b743f95ddc47da1f2a603f93425eed7e366f1373e13f44ce77e30625e2bb6c2c,matched_random_selective,equal_2q_budget_128,cold,2026082712,1,3,5.432606534474739,7.499532520384926,0.06356318149858746,0.6720616991657904,0.9999999999999994
original_e4,max3sat,inst_b743f95ddc47da1f2a603f93425eed7e366f1373e13f44ce77e30625e2bb6c2c,matched_random_selective,equal_2q_budget_128,original_only,2026082712,1,3,5.432606534474739,7.499532520384926,0.06356318149858746,0.6720616991657904,0.9999999999999994
original_e4,max3sat,inst_b743f95ddc47da1f2a603f93425eed7e366f1373e13f44ce77e30625e2bb6c2c,matched_random_selective,equal_2q_budget_128,pair,2026082712,1,3,4.417936740171863,5.031685370234924,0.14612669635729958,0.26888964808971566,1.0
original_e4,max3sat,inst_b743f95ddc47da1f2a603f93425eed7e366f1373e13f44ce77e30625e2bb6c2c,matched_random_selective,equal_2q_budget_128,independence,2026082712,1,3,4.503122575996907,5.841375107810232,0.14602540913892728,0.4340068109877513,0.9999999999999997
original_e4,max3sat,inst_b743f95ddc47da1f2a603f93425eed7e366f1373e13f44ce77e30625e2bb6c2c,matched_random_selective,equal_2q_budget_256,cold,2026082712,3,3,4.39051463517203,5.5153242009002215,0.17473838055184462,0.37983144388910933,1.0
original_e4,max3sat,inst_b743f95ddc47da1f2a603f93425eed7e366f1373e13f44ce77e30625e2bb6c2c,matched_random_selective,equal_2q_budget_256,original_only,2026082712,3,3,4.39051463517203,5.5153242009002215,0.17473838055184462,0.37983144388910933,1.0
original_e4,max3sat,inst_b743f95ddc47da1f2a603f93425eed7e366f1373e13f44ce77e30625e2bb6c2c,matched_random_selective,equal_2q_budget_256,pair,2026082712,3,3,4.234104233623303,5.325408662286594,0.17817785095396368,0.3619904373141019,1.0000000000000002
original_e4,max3sat,inst_b743f95ddc47da1f2a603f93425eed7e366f1373e13f44ce77e30625e2bb6c2c,matched_random_selective,equal_2q_budget_256,independence,2026082712,3,3,4.289922540265514,5.84761059164234,0.16929285575961742,0.48551604045093977,1.0
original_e4,max3sat,inst_b743f95ddc47da1f2a603f93425eed7e366f1373e13f44ce77e30625e2bb6c2c,matched_random_selective,equal_layer_p1,cold,2026082713,1,3,5.312551462876333,6.7284058520967704,0.10355328903102312,0.5194954036238946,0.9999999999999999
original_e4,max3sat,inst_b743f95ddc47da1f2a603f93425eed7e366f1373e13f44ce77e30625e2bb6c2c,matched_random_selective,equal_layer_p1,original_only,2026082713,1,3,5.312551462876333,6.7284058520967704,0.10355328903102312,0.5194954036238946,0.9999999999999999
original_e4,max3sat,inst_b743f95ddc47da1f2a603f93425eed7e366f1373e13f44ce77e30625e2bb6c2c,matched_random_selective,equal_layer_p1,pair,2026082713,1,3,5.224527193102815,6.0473399951745135,0.1089756886705975,0.33884007239730835,1.0
original_e4,max3sat,inst_b743f95ddc47da1f2a603f93425eed7e366f1373e13f44ce77e30625e2bb6c2c,matched_random_selective,equal_layer_p1,independence,2026082713,1,3,5.245604842205895,6.6671843074193236,0.11455233703772054,0.5454329343423638,0.9999999999999999
original_e4,max3sat,inst_b743f95ddc47da1f2a603f93425eed7e366f1373e13f44ce77e30625e2bb6c2c,matched_random_selective,equal_layer_p2,cold,2026082713,2,3,4.838195581958565,6.111616727173398,0.10100835951203584,0.5171760286248422,0.9999999999999997
original_e4,max3sat,inst_b743f95ddc47da1f2a603f93425eed7e366f1373e13f44ce77e30625e2bb6c2c,matched_random_selective,equal_layer_p2,original_only,2026082713,2,3,4.838195581958565,6.111616727173398,0.10100835951203584,0.5171760286248422,0.9999999999999997
original_e4,max3sat,inst_b743f95ddc47da1f2a603f93425eed7e366f1373e13f44ce77e30625e2bb6c2c,matched_random_selective,equal_layer_p2,pair,2026082713,2,3,4.809042421442616,5.777395075514694,0.12155962209948683,0.3721516721082467,0.9999999999999997
original_e4,max3sat,inst_b743f95ddc47da1f2a603f93425eed7e366f1373e13f44ce77e30625e2bb6c2c,matched_random_selective,equal_layer_p2,independence,2026082713,2,3,4.715482096529893,5.968753907764028,0.11169546689195546,0.4827200716371139,1.000000000000001
original_e4,max3sat,inst_b743f95ddc47da1f2a603f93425eed7e366f1373e13f44ce77e30625e2bb6c2c,matched_random_selective,equal_2q_budget_128,cold,2026082713,1,3,4.324668455807273,5.230498030482273,0.18110821612351335,0.3829314000513049,1.0000000000000002
original_e4,max3sat,inst_b743f95ddc47da1f2a603f93425eed7e366f1373e13f44ce77e30625e2bb6c2c,matched_random_selective,equal_2q_budget_128,original_only,2026082713,1,3,4.324668455807273,5.230498030482273,0.18110821612351335,0.3829314000513049,1.0000000000000002
original_e4,max3sat,inst_b743f95ddc47da1f2a603f93425eed7e366f1373e13f44ce77e30625e2bb6c2c,matched_random_selective,equal_2q_budget_128,pair,2026082713,1,3,4.5689865892496755,5.172550063740309,0.1559597997216772,0.21923205353707745,1.0000000000000007
original_e4,max3sat,inst_b743f95ddc47da1f2a603f93425eed7e366f1373e13f44ce77e30625e2bb6c2c,matched_random_selective,equal_2q_budget_128,independence,2026082713,1,3,4.586913651144843,5.661321541311846,0.14796184040345126,0.3778933096910082,1.0000000000000007
original_e4,max3sat,inst_b743f95ddc47da1f2a603f93425eed7e366f1373e13f44ce77e30625e2bb6c2c,matched_random_selective,equal_2q_budget_256,cold,2026082713,3,3,4.0874694411548065,5.294572253882432,0.1872371009963989,0.47587298722604915,1.0
original_e4,max3sat,inst_b743f95ddc47da1f2a603f93425eed7e366f1373e13f44ce77e30625e2bb6c2c,matched_random_selective,equal_2q_budget_256,original_only,2026082713,3,3,4.0874694411548065,5.294572253882432,0.1872371009963989,0.47587298722604915,1.0
original_e4,max3sat,inst_b743f95ddc47da1f2a603f93425eed7e366f1373e13f44ce77e30625e2bb6c2c,matched_random_selective,equal_2q_budget_256,pair,2026082713,3,3,4.826950363083291,5.6122362253189495,0.08297689617476495,0.3123045509176479,1.0000000000000004
original_e4,max3sat,inst_b743f95ddc47da1f2a603f93425eed7e366f1373e13f44ce77e30625e2bb6c2c,matched_random_selective,equal_2q_budget_256,independence,2026082713,3,3,3.9822058719458293,5.40364076896421,0.20147227321338682,0.5294992962214083,0.9999999999999999
original_e4,max3sat,inst_b743f95ddc47da1f2a603f93425eed7e366f1373e13f44ce77e30625e2bb6c2c,matched_random_selective,equal_layer_p1,cold,2026082714,1,3,5.559276391525008,11.308779094375518,0.10049148008882876,0.40615925309704926,0.9999999999999994
original_e4,max3sat,inst_b743f95ddc47da1f2a603f93425eed7e366f1373e13f44ce77e30625e2bb6c2c,matched_random_selective,equal_layer_p1,original_only,2026082714,1,3,5.559276391525008,11.308779094375518,0.10049148008882876,0.40615925309704926,0.9999999999999994
original_e4,max3sat,inst_b743f95ddc47da1f2a603f93425eed7e366f1373e13f44ce77e30625e2bb6c2c,matched_random_selective,equal_layer_p1,pair,2026082714,1,3,5.559276391525008,11.308779094375518,0.10049148008882876,0.40615925309704926,0.9999999999999994
original_e4,max3sat,inst_b743f95ddc47da1f2a603f93425eed7e366f1373e13f44ce77e30625e2bb6c2c,matched_random_selective,equal_layer_p1,independence,2026082714,1,3,5.3825339414791715,13.41006370935061,0.08866696491010918,0.4980229934287544,1.0000000000000002
original_e4,max3sat,inst_b743f95ddc47da1f2a603f93425eed7e366f1373e13f44ce77e30625e2bb6c2c,matched_random_selective,equal_layer_p2,cold,2026082714,2,3,5.087336827792989,11.16888964700081,0.08998364892683404,0.39735735760230134,0.9999999999999994
original_e4,max3sat,inst_b743f95ddc47da1f2a603f93425eed7e366f1373e13f44ce77e30625e2bb6c2c,matched_random_selective,equal_layer_p2,original_only,2026082714,2,3,5.087336827792989,11.16888964700081,0.08998364892683404,0.39735735760230134,0.9999999999999994
original_e4,max3sat,inst_b743f95ddc47da1f2a603f93425eed7e366f1373e13f44ce77e30625e2bb6c2c,matched_random_selective,equal_layer_p2,pair,2026082714,2,3,5.087336827792989,11.16888964700081,0.08998364892683404,0.39735735760230134,0.9999999999999994
original_e4,max3sat,inst_b743f95ddc47da1f2a603f93425eed7e366f1373e13f44ce77e30625e2bb6c2c,matched_random_selective,equal_layer_p2,independence,2026082714,2,3,5.306882591057693,11.850594251353675,0.09631013446253989,0.46337032601467004,1.0
original_e4,max3sat,inst_b743f95ddc47da1f2a603f93425eed7e366f1373e13f44ce77e30625e2bb6c2c,matched_random_selective,equal_2q_budget_128,cold,2026082714,1,3,5.015134037355356,13.462147226587215,0.11372776541638203,0.49929257632265206,0.9999999999999994
original_e4,max3sat,inst_b743f95ddc47da1f2a603f93425eed7e366f1373e13f44ce77e30625e2bb6c2c,matched_random_selective,equal_2q_budget_128,original_only,2026082714,1,3,5.015134037355356,13.462147226587215,0.11372776541638203,0.49929257632265206,0.9999999999999994
original_e4,max3sat,inst_b743f95ddc47da1f2a603f93425eed7e366f1373e13f44ce77e30625e2bb6c2c,matched_random_selective,equal_2q_budget_128,pair,2026082714,1,3,5.015134037355356,13.462147226587215,0.11372776541638203,0.49929257632265206,0.9999999999999994
original_e4,max3sat,inst_b743f95ddc47da1f2a603f93425eed7e366f1373e13f44ce77e30625e2bb6c2c,matched_random_selective,equal_2q_budget_128,independence,2026082714,1,3,4.892137837356116,11.955107022657186,0.12505769091370825,0.428642772690665,1.0
original_e4,max3sat,inst_b743f95ddc47da1f2a603f93425eed7e366f1373e13f44ce77e30625e2bb6c2c,matched_random_selective,equal_2q_budget_256,cold,2026082714,3,3,5.443460741877177,13.161459724457062,0.07702228853991995,0.5033498362869354,1.0000000000000007
original_e4,max3sat,inst_b743f95ddc47da1f2a603f93425eed7e366f1373e13f44ce77e30625e2bb6c2c,matched_random_selective,equal_2q_budget_256,original_only,2026082714,3,3,5.443460741877177,13.161459724457062,0.07702228853991995,0.5033498362869354,1.0000000000000007
original_e4,max3sat,inst_b743f95ddc47da1f2a603f93425eed7e366f1373e13f44ce77e30625e2bb6c2c,matched_random_selective,equal_2q_budget_256,pair,2026082714,3,3,5.443460741877177,13.161459724457062,0.07702228853991995,0.5033498362869354,1.0000000000000007
original_e4,max3sat,inst_b743f95ddc47da1f2a603f93425eed7e366f1373e13f44ce77e30625e2bb6c2c,matched_random_selective,equal_2q_budget_256,independence,2026082714,3,3,5.340770109119792,12.879420972569791,0.08244544446493393,0.4924144462516522,1.0000000000000007
original_e4,max3sat,inst_b743f95ddc47da1f2a603f93425eed7e366f1373e13f44ce77e30625e2bb6c2c,matched_random_selective,equal_layer_p1,cold,2026082715,1,3,4.9459515683203525,8.758626997705006,0.11359898991015764,0.5007013786161355,0.9999999999999996
original_e4,max3sat,inst_b743f95ddc47da1f2a603f93425eed7e366f1373e13f44ce77e30625e2bb6c2c,matched_random_selective,equal_layer_p1,original_only,2026082715,1,3,4.9459515683203525,8.758626997705006,0.11359898991015764,0.5007013786161355,0.9999999999999996
original_e4,max3sat,inst_b743f95ddc47da1f2a603f93425eed7e366f1373e13f44ce77e30625e2bb6c2c,matched_random_selective,equal_layer_p1,pair,2026082715,1,3,4.9459515683203525,8.758626997705006,0.11359898991015764,0.5007013786161355,0.9999999999999996
original_e4,max3sat,inst_b743f95ddc47da1f2a603f93425eed7e366f1373e13f44ce77e30625e2bb6c2c,matched_random_selective,equal_layer_p1,independence,2026082715,1,3,4.639883442827956,7.785947624459056,0.1422185085473979,0.381722138271603,1.0000000000000009
original_e4,max3sat,inst_b743f95ddc47da1f2a603f93425eed7e366f1373e13f44ce77e30625e2bb6c2c,matched_random_selective,equal_layer_p2,cold,2026082715,2,3,4.229492692618237,8.142769283126407,0.1769495473691918,0.3896979540530068,0.9999999999999997
original_e4,max3sat,inst_b743f95ddc47da1f2a603f93425eed7e366f1373e13f44ce77e30625e2bb6c2c,matched_random_selective,equal_layer_p2,original_only,2026082715,2,3,4.229492692618237,8.142769283126407,0.1769495473691918,0.3896979540530068,0.9999999999999997
original_e4,max3sat,inst_b743f95ddc47da1f2a603f93425eed7e366f1373e13f44ce77e30625e2bb6c2c,matched_random_selective,equal_layer_p2,pair,2026082715,2,3,4.229492692618237,8.142769283126407,0.1769495473691918,0.3896979540530068,0.9999999999999997
original_e4,max3sat,inst_b743f95ddc47da1f2a603f93425eed7e366f1373e13f44ce77e30625e2bb6c2c,matched_random_selective,equal_layer_p2,independence,2026082715,2,3,5.0288699210412995,10.285600262891721,0.10476300326269028,0.5381603252427388,1.0000000000000007
original_e4,max3sat,inst_b743f95ddc47da1f2a603f93425eed7e366f1373e13f44ce77e30625e2bb6c2c,matched_random_selective,equal_2q_budget_128,cold,2026082715,1,3,5.560359291480519,9.854277999685555,0.052078423088595505,0.44382381110731844,0.9999999999999996
original_e4,max3sat,inst_b743f95ddc47da1f2a603f93425eed7e366f1373e13f44ce77e30625e2bb6c2c,matched_random_selective,equal_2q_budget_128,original_only,2026082715,1,3,5.560359291480519,9.854277999685555,0.052078423088595505,0.44382381110731844,0.9999999999999996
original_e4,max3sat,inst_b743f95ddc47da1f2a603f93425eed7e366f1373e13f44ce77e30625e2bb6c2c,matched_random_selective,equal_2q_budget_128,pair,2026082715,1,3,5.560359291480519,9.854277999685555,0.052078423088595505,0.44382381110731844,0.9999999999999996
original_e4,max3sat,inst_b743f95ddc47da1f2a603f93425eed7e366f1373e13f44ce77e30625e2bb6c2c,matched_random_selective,equal_2q_budget_128,independence,2026082715,1,3,5.574504647316516,9.167482608493858,0.06732519047432066,0.41524736395155326,1.0000000000000002
original_e4,max3sat,inst_b743f95ddc47da1f2a603f93425eed7e366f1373e13f44ce77e30625e2bb6c2c,matched_random_selective,equal_2q_budget_256,cold,2026082715,2,3,5.203001833043229,9.66710786599126,0.09332051997924211,0.4914643354910268,0.9999999999999991
original_e4,max3sat,inst_b743f95ddc47da1f2a603f93425eed7e366f1373e13f44ce77e30625e2bb6c2c,matched_random_selective,equal_2q_budget_256,original_only,2026082715,2,3,5.203001833043229,9.66710786599126,0.09332051997924211,0.4914643354910268,0.9999999999999991
original_e4,max3sat,inst_b743f95ddc47da1f2a603f93425eed7e366f1373e13f44ce77e30625e2bb6c2c,matched_random_selective,equal_2q_budget_256,pair,2026082715,2,3,5.203001833043229,9.66710786599126,0.09332051997924211,0.4914643354910268,0.9999999999999991
original_e4,max3sat,inst_b743f95ddc47da1f2a603f93425eed7e366f1373e13f44ce77e30625e2bb6c2c,matched_random_selective,equal_2q_budget_256,independence,2026082715,2,3,5.140794847321265,9.582192387953476,0.09267812675110519,0.46903617299369466,1.0
original_e4,max3sat,inst_e1fa5b3aa2be02b5f5b3e078e3459f57bd0d07fe0a7733dd746858e865cbb7da,all_native,equal_layer_p1,cold,,1,3,13.227322932756842,13.227322932756842,0.0178987873214547,0.0,1.0
original_e4,max3sat,inst_e1fa5b3aa2be02b5f5b3e078e3459f57bd0d07fe0a7733dd746858e865cbb7da,all_native,equal_layer_p1,original_only,,1,3,13.227322932756842,13.227322932756842,0.0178987873214547,0.0,1.0
original_e4,max3sat,inst_e1fa5b3aa2be02b5f5b3e078e3459f57bd0d07fe0a7733dd746858e865cbb7da,all_native,equal_layer_p2,cold,,2,3,10.481997219498172,10.481997219498172,0.020159891011703672,0.0,1.0
original_e4,max3sat,inst_e1fa5b3aa2be02b5f5b3e078e3459f57bd0d07fe0a7733dd746858e865cbb7da,all_native,equal_layer_p2,original_only,,2,3,10.481997219498172,10.481997219498172,0.020159891011703672,0.0,1.0
original_e4,max3sat,inst_e1fa5b3aa2be02b5f5b3e078e3459f57bd0d07fe0a7733dd746858e865cbb7da,all_native,equal_2q_budget_128,cold,,0,3,14.25,14.25,0.015625,0.0,1.0
original_e4,max3sat,inst_e1fa5b3aa2be02b5f5b3e078e3459f57bd0d07fe0a7733dd746858e865cbb7da,all_native,equal_2q_budget_128,original_only,,0,3,14.25,14.25,0.015625,0.0,1.0
original_e4,max3sat,inst_e1fa5b3aa2be02b5f5b3e078e3459f57bd0d07fe0a7733dd746858e865cbb7da,all_native,equal_2q_budget_256,cold,,1,3,10.837530356042983,10.837530356042983,0.0366470250737542,0.0,1.0
original_e4,max3sat,inst_e1fa5b3aa2be02b5f5b3e078e3459f57bd0d07fe0a7733dd746858e865cbb7da,all_native,equal_2q_budget_256,original_only,,1,3,10.837530356042983,10.837530356042983,0.0366470250737542,0.0,1.0
original_e4,max3sat,inst_e1fa5b3aa2be02b5f5b3e078e3459f57bd0d07fe0a7733dd746858e865cbb7da,fully_quadratized,equal_layer_p1,cold,,1,3,13.1511458273552,46.97921593726684,0.023226458906700703,0.9482715369426806,1.0
original_e4,max3sat,inst_e1fa5b3aa2be02b5f5b3e078e3459f57bd0d07fe0a7733dd746858e865cbb7da,fully_quadratized,equal_layer_p1,original_only,,1,3,13.1511458273552,46.97921593726684,0.023226458906700703,0.9482715369426806,1.0
original_e4,max3sat,inst_e1fa5b3aa2be02b5f5b3e078e3459f57bd0d07fe0a7733dd746858e865cbb7da,fully_quadratized,equal_layer_p1,pair,,1,3,12.856292250479278,56.43714768731004,0.020957756983457806,0.9781520922207833,0.9999999999999999
original_e4,max3sat,inst_e1fa5b3aa2be02b5f5b3e078e3459f57bd0d07fe0a7733dd746858e865cbb7da,fully_quadratized,equal_layer_p1,independence,,1,3,13.70303133840788,59.14315738630964,0.015330799939773041,0.9783198620466186,1.0000000000000002
original_e4,max3sat,inst_e1fa5b3aa2be02b5f5b3e078e3459f57bd0d07fe0a7733dd746858e865cbb7da,fully_quadratized,equal_layer_p2,cold,,2,3,13.743377185372447,59.91445776345149,0.016459093727573388,0.9852497104450704,1.0000000000000009
original_e4,max3sat,inst_e1fa5b3aa2be02b5f5b3e078e3459f57bd0d07fe0a7733dd746858e865cbb7da,fully_quadratized,equal_layer_p2,original_only,,2,3,13.743377185372447,59.91445776345149,0.016459093727573388,0.9852497104450704,1.0000000000000009
original_e4,max3sat,inst_e1fa5b3aa2be02b5f5b3e078e3459f57bd0d07fe0a7733dd746858e865cbb7da,fully_quadratized,equal_layer_p2,pair,,2,3,13.049097339114828,54.29870925369363,0.026750100564139925,0.9738269762894841,0.9999999999999994
original_e4,max3sat,inst_e1fa5b3aa2be02b5f5b3e078e3459f57bd0d07fe0a7733dd746858e865cbb7da,fully_quadratized,equal_layer_p2,independence,,2,3,12.199513982321074,46.16918154782211,0.024871242300442117,0.889042631067449,0.9999999999999994
original_e4,max3sat,inst_e1fa5b3aa2be02b5f5b3e078e3459f57bd0d07fe0a7733dd746858e865cbb7da,fully_quadratized,equal_2q_budget_128,cold,,0,3,14.25,59.0,0.015625,0.984375,1.0
original_e4,max3sat,inst_e1fa5b3aa2be02b5f5b3e078e3459f57bd0d07fe0a7733dd746858e865cbb7da,fully_quadratized,equal_2q_budget_128,original_only,,0,3,14.25,59.0,0.015625,0.984375,1.0
original_e4,max3sat,inst_e1fa5b3aa2be02b5f5b3e078e3459f57bd0d07fe0a7733dd746858e865cbb7da,fully_quadratized,equal_2q_budget_128,pair,,0,3,14.25,51.800000000000004,0.015624999999999993,0.9671484374999992,1.0
original_e4,max3sat,inst_e1fa5b3aa2be02b5f5b3e078e3459f57bd0d07fe0a7733dd746858e865cbb7da,fully_quadratized,equal_2q_budget_128,independence,,0,3,14.25,43.25,0.015625,0.926788330078125,1.0
original_e4,max3sat,inst_e1fa5b3aa2be02b5f5b3e078e3459f57bd0d07fe0a7733dd746858e865cbb7da,fully_quadratized,equal_2q_budget_256,cold,,1,3,13.95774859797955,56.46940115591042,0.014299826898732554,0.9801812195842166,1.0000000000000007
original_e4,max3sat,inst_e1fa5b3aa2be02b5f5b3e078e3459f57bd0d07fe0a7733dd746858e865cbb7da,fully_quadratized,equal_2q_budget_256,original_only,,1,3,13.95774859797955,56.46940115591042,0.014299826898732554,0.9801812195842166,1.0000000000000007
original_e4,max3sat,inst_e1fa5b3aa2be02b5f5b3e078e3459f57bd0d07fe0a7733dd746858e865cbb7da,fully_quadratized,equal_2q_budget_256,pair,,1,3,12.300277029062423,43.44811974231251,0.02279347474201741,0.9203439114292519,1.0000000000000002
original_e4,max3sat,inst_e1fa5b3aa2be02b5f5b3e078e3459f57bd0d07fe0a7733dd746858e865cbb7da,fully_quadratized,equal_2q_budget_256,independence,,1,3,13.320315560349014,59.94733162626259,0.018132440225646983,0.9802167679475121,0.9999999999999996
original_e4,max3sat,inst_e1fa5b3aa2be02b5f5b3e078e3459f57bd0d07fe0a7733dd746858e865cbb7da,selective,equal_layer_p1,cold,,1,3,13.827393081494948,35.92136018636748,0.01948812953395544,0.9300933990668198,0.9999999999999996
original_e4,max3sat,inst_e1fa5b3aa2be02b5f5b3e078e3459f57bd0d07fe0a7733dd746858e865cbb7da,selective,equal_layer_p1,original_only,,1,3,13.827393081494948,35.92136018636748,0.01948812953395544,0.9300933990668198,0.9999999999999996
original_e4,max3sat,inst_e1fa5b3aa2be02b5f5b3e078e3459f57bd0d07fe0a7733dd746858e865cbb7da,selective,equal_layer_p1,pair,,1,3,13.438545468038825,31.14680557316841,0.02299982637164448,0.8847846230443466,1.0
original_e4,max3sat,inst_e1fa5b3aa2be02b5f5b3e078e3459f57bd0d07fe0a7733dd746858e865cbb7da,selective,equal_layer_p1,independence,,1,3,13.441257872741048,40.18905920215781,0.03251020195027348,0.9652034964627713,1.0000000000000002
original_e4,max3sat,inst_e1fa5b3aa2be02b5f5b3e078e3459f57bd0d07fe0a7733dd746858e865cbb7da,selective,equal_layer_p2,cold,,2,3,13.26464696825373,35.11154172930252,0.020050301356136307,0.9223448661915103,1.000000000000001
original_e4,max3sat,inst_e1fa5b3aa2be02b5f5b3e078e3459f57bd0d07fe0a7733dd746858e865cbb7da,selective,equal_layer_p2,original_only,,2,3,13.26464696825373,35.11154172930252,0.020050301356136307,0.9223448661915103,1.000000000000001
original_e4,max3sat,inst_e1fa5b3aa2be02b5f5b3e078e3459f57bd0d07fe0a7733dd746858e865cbb7da,selective,equal_layer_p2,pair,,2,3,13.07651853092244,31.075695907855813,0.025379872037377404,0.86284151639417,1.0
original_e4,max3sat,inst_e1fa5b3aa2be02b5f5b3e078e3459f57bd0d07fe0a7733dd746858e865cbb7da,selective,equal_layer_p2,independence,,2,3,12.496033445110996,32.511640757075824,0.021018192000470035,0.900283224467481,0.9999999999999992
original_e4,max3sat,inst_e1fa5b3aa2be02b5f5b3e078e3459f57bd0d07fe0a7733dd746858e865cbb7da,selective,equal_2q_budget_128,cold,,0,3,14.25,37.625,0.015625,0.9375,1.0
original_e4,max3sat,inst_e1fa5b3aa2be02b5f5b3e078e3459f57bd0d07fe0a7733dd746858e865cbb7da,selective,equal_2q_budget_128,original_only,,0,3,14.25,37.625,0.015625,0.9375,1.0
original_e4,max3sat,inst_e1fa5b3aa2be02b5f5b3e078e3459f57bd0d07fe0a7733dd746858e865cbb7da,selective,equal_2q_budget_128,pair,,0,3,14.249999999999995,31.100000000000005,0.015624999999999995,0.8685937500000009,1.0
original_e4,max3sat,inst_e1fa5b3aa2be02b5f5b3e078e3459f57bd0d07fe0a7733dd746858e865cbb7da,selective,equal_2q_budget_128,independence,,0,3,14.25,28.75,0.015625,0.8310546875,1.0
original_e4,max3sat,inst_e1fa5b3aa2be02b5f5b3e078e3459f57bd0d07fe0a7733dd746858e865cbb7da,selective,equal_2q_budget_256,cold,,1,3,13.70120645423639,37.35644394472427,0.021074571361994903,0.9409375932279666,1.0
original_e4,max3sat,inst_e1fa5b3aa2be02b5f5b3e078e3459f57bd0d07fe0a7733dd746858e865cbb7da,selective,equal_2q_budget_256,original_only,,1,3,13.70120645423639,37.35644394472427,0.021074571361994903,0.9409375932279666,1.0
original_e4,max3sat,inst_e1fa5b3aa2be02b5f5b3e078e3459f57bd0d07fe0a7733dd746858e865cbb7da,selective,equal_2q_budget_256,pair,,1,3,13.60477247959075,31.690565454883796,0.02260894976349973,0.8730784224712651,1.0000000000000009
original_e4,max3sat,inst_e1fa5b3aa2be02b5f5b3e078e3459f57bd0d07fe0a7733dd746858e865cbb7da,selective,equal_2q_budget_256,independence,,1,3,13.548169513380756,35.44652298935783,0.018522193797277667,0.9124470176059649,1.0000000000000002
original_e4,max3sat,inst_e1fa5b3aa2be02b5f5b3e078e3459f57bd0d07fe0a7733dd746858e865cbb7da,matched_random_selective,equal_layer_p1,cold,2026082711,1,3,13.62477539345212,31.475828728527443,0.01725190178800301,0.9499357784610903,1.0000000000000007
original_e4,max3sat,inst_e1fa5b3aa2be02b5f5b3e078e3459f57bd0d07fe0a7733dd746858e865cbb7da,matched_random_selective,equal_layer_p1,original_only,2026082711,1,3,13.62477539345212,31.475828728527443,0.01725190178800301,0.9499357784610903,1.0000000000000007
original_e4,max3sat,inst_e1fa5b3aa2be02b5f5b3e078e3459f57bd0d07fe0a7733dd746858e865cbb7da,matched_random_selective,equal_layer_p1,pair,2026082711,1,3,13.704106473663195,29.66603546211878,0.01593917247163971,0.9038732105484669,1.0000000000000007
original_e4,max3sat,inst_e1fa5b3aa2be02b5f5b3e078e3459f57bd0d07fe0a7733dd746858e865cbb7da,matched_random_selective,equal_layer_p1,independence,2026082711,1,3,13.544687002058298,27.617653689742195,0.020933168528375453,0.8812961832496381,0.9999999999999999
original_e4,max3sat,inst_e1fa5b3aa2be02b5f5b3e078e3459f57bd0d07fe0a7733dd746858e865cbb7da,matched_random_selective,equal_layer_p2,cold,2026082711,2,3,12.13382902659552,26.536830779415407,0.018123954772206605,0.8810017783702446,1.0000000000000002
original_e4,max3sat,inst_e1fa5b3aa2be02b5f5b3e078e3459f57bd0d07fe0a7733dd746858e865cbb7da,matched_random_selective,equal_layer_p2,original_only,2026082711,2,3,12.13382902659552,26.536830779415407,0.018123954772206605,0.8810017783702446,1.0000000000000002
original_e4,max3sat,inst_e1fa5b3aa2be02b5f5b3e078e3459f57bd0d07fe0a7733dd746858e865cbb7da,matched_random_selective,equal_layer_p2,pair,2026082711,2,3,13.10294665643942,29.104624739177112,0.017167089552790435,0.9226828905166422,1.0
original_e4,max3sat,inst_e1fa5b3aa2be02b5f5b3e078e3459f57bd0d07fe0a7733dd746858e865cbb7da,matched_random_selective,equal_layer_p2,independence,2026082711,2,3,13.045159531183522,30.975003074965016,0.022659102864449485,0.9426011740444459,0.9999999999999999
original_e4,max3sat,inst_e1fa5b3aa2be02b5f5b3e078e3459f57bd0d07fe0a7733dd746858e865cbb7da,matched_random_selective,equal_2q_budget_128,cold,2026082711,0,3,14.25,31.125,0.015625,0.9375,1.0
original_e4,max3sat,inst_e1fa5b3aa2be02b5f5b3e078e3459f57bd0d07fe0a7733dd746858e865cbb7da,matched_random_selective,equal_2q_budget_128,original_only,2026082711,0,3,14.25,31.125,0.015625,0.9375,1.0
original_e4,max3sat,inst_e1fa5b3aa2be02b5f5b3e078e3459f57bd0d07fe0a7733dd746858e865cbb7da,matched_random_selective,equal_2q_budget_128,pair,2026082711,0,3,14.250000000000009,29.775000000000016,0.015625000000000007,0.909375000000001,1.0000000000000002
original_e4,max3sat,inst_e1fa5b3aa2be02b5f5b3e078e3459f57bd0d07fe0a7733dd746858e865cbb7da,matched_random_selective,equal_2q_budget_128,independence,2026082711,0,3,14.25,25.75,0.015625,0.8232421875,1.0
original_e4,max3sat,inst_e1fa5b3aa2be02b5f5b3e078e3459f57bd0d07fe0a7733dd746858e865cbb7da,matched_random_selective,equal_2q_budget_256,cold,2026082711,1,3,13.946318415686243,31.226705575889522,0.01814079781129707,0.9415288850380931,0.9999999999999997
original_e4,max3sat,inst_e1fa5b3aa2be02b5f5b3e078e3459f57bd0d07fe0a7733dd746858e865cbb7da,matched_random_selective,equal_2q_budget_256,original_only,2026082711,1,3,13.946318415686243,31.226705575889522,0.01814079781129707,0.9415288850380931,0.9999999999999997
original_e4,max3sat,inst_e1fa5b3aa2be02b5f5b3e078e3459f57bd0d07fe0a7733dd746858e865cbb7da,matched_random_selective,equal_2q_budget_256,pair,2026082711,1,3,13.754438305630629,29.720924129925393,0.018514475768386,0.9119479132087157,1.0000000000000002
original_e4,max3sat,inst_e1fa5b3aa2be02b5f5b3e078e3459f57bd0d07fe0a7733dd746858e865cbb7da,matched_random_selective,equal_2q_budget_256,independence,2026082711,1,3,13.588528091687209,28.789832985110905,0.019332392091700772,0.9075087822302471,1.0000000000000002
original_e4,max3sat,inst_e1fa5b3aa2be02b5f5b3e078e3459f57bd0d07fe0a7733dd746858e865cbb7da,matched_random_selective,equal_layer_p1,cold,2026082712,1,3,11.717790654390905,27.105460406581127,0.023110287931778644,0.8913718787100455,0.9999999999999996
original_e4,max3sat,inst_e1fa5b3aa2be02b5f5b3e078e3459f57bd0d07fe0a7733dd746858e865cbb7da,matched_random_selective,equal_layer_p1,original_only,2026082712,1,3,11.717790654390905,27.105460406581127,0.023110287931778644,0.8913718787100455,0.9999999999999996
original_e4,max3sat,inst_e1fa5b3aa2be02b5f5b3e078e3459f57bd0d07fe0a7733dd746858e865cbb7da,matched_random_selective,equal_layer_p1,pair,2026082712,1,3,11.717790654390905,27.105460406581127,0.023110287931778644,0.8913718787100455,0.9999999999999996
original_e4,max3sat,inst_e1fa5b3aa2be02b5f5b3e078e3459f57bd0d07fe0a7733dd746858e865cbb7da,matched_random_selective,equal_layer_p1,independence,2026082712,1,3,11.859524315549791,26.419479653720476,0.026334374971722963,0.8150492268002107,1.0000000000000002
original_e4,max3sat,inst_e1fa5b3aa2be02b5f5b3e078e3459f57bd0d07fe0a7733dd746858e865cbb7da,matched_random_selective,equal_layer_p2,cold,2026082712,2,3,12.700432264107578,30.70700296443404,0.01469725365836433,0.9160374136381977,1.0000000000000007
original_e4,max3sat,inst_e1fa5b3aa2be02b5f5b3e078e3459f57bd0d07fe0a7733dd746858e865cbb7da,matched_random_selective,equal_layer_p2,original_only,2026082712,2,3,12.700432264107578,30.70700296443404,0.01469725365836433,0.9160374136381977,1.0000000000000007
original_e4,max3sat,inst_e1fa5b3aa2be02b5f5b3e078e3459f57bd0d07fe0a7733dd746858e865cbb7da,matched_random_selective,equal_layer_p2,pair,2026082712,2,3,12.700432264107578,30.70700296443404,0.01469725365836433,0.9160374136381977,1.0000000000000007
original_e4,max3sat,inst_e1fa5b3aa2be02b5f5b3e078e3459f57bd0d07fe0a7733dd746858e865cbb7da,matched_random_selective,equal_layer_p2,independence,2026082712,2,3,12.897956683225013,30.819005510566694,0.019994694282070066,0.9232132374026673,1.0000000000000002
original_e4,max3sat,inst_e1fa5b3aa2be02b5f5b3e078e3459f57bd0d07fe0a7733dd746858e865cbb7da,matched_random_selective,equal_2q_budget_128,cold,2026082712,0,3,14.25,34.625,0.015625,0.9375,1.0
original_e4,max3sat,inst_e1fa5b3aa2be02b5f5b3e078e3459f57bd0d07fe0a7733dd746858e865cbb7da,matched_random_selective,equal_2q_budget_128,original_only,2026082712,0,3,14.25,34.625,0.015625,0.9375,1.0
original_e4,max3sat,inst_e1fa5b3aa2be02b5f5b3e078e3459f57bd0d07fe0a7733dd746858e865cbb7da,matched_random_selective,equal_2q_budget_128,pair,2026082712,0,3,14.25,34.625,0.015625,0.9375,1.0
original_e4,max3sat,inst_e1fa5b3aa2be02b5f5b3e078e3459f57bd0d07fe0a7733dd746858e865cbb7da,matched_random_selective,equal_2q_budget_128,independence,2026082712,0,3,14.25,27.25,0.015625,0.8251953125,1.0
original_e4,max3sat,inst_e1fa5b3aa2be02b5f5b3e078e3459f57bd0d07fe0a7733dd746858e865cbb7da,matched_random_selective,equal_2q_budget_256,cold,2026082712,1,3,13.291126191576211,33.4399270027456,0.018744076584213457,0.9348227006828757,0.9999999999999994
original_e4,max3sat,inst_e1fa5b3aa2be02b5f5b3e078e3459f57bd0d07fe0a7733dd746858e865cbb7da,matched_random_selective,equal_2q_budget_256,original_only,2026082712,1,3,13.291126191576211,33.4399270027456,0.018744076584213457,0.9348227006828757,0.9999999999999994
original_e4,max3sat,inst_e1fa5b3aa2be02b5f5b3e078e3459f57bd0d07fe0a7733dd746858e865cbb7da,matched_random_selective,equal_2q_budget_256,pair,2026082712,1,3,13.291126191576211,33.4399270027456,0.018744076584213457,0.9348227006828757,0.9999999999999994
original_e4,max3sat,inst_e1fa5b3aa2be02b5f5b3e078e3459f57bd0d07fe0a7733dd746858e865cbb7da,matched_random_selective,equal_2q_budget_256,independence,2026082712,1,3,12.661831658998258,28.42683900330754,0.019359145435389604,0.9246613448066139,0.9999999999999999
original_e4,max3sat,inst_e1fa5b3aa2be02b5f5b3e078e3459f57bd0d07fe0a7733dd746858e865cbb7da,matched_random_selective,equal_layer_p1,cold,2026082713,1,3,12.168787609878663,28.77529779970214,0.020238559570887292,0.8919773849805334,1.0
original_e4,max3sat,inst_e1fa5b3aa2be02b5f5b3e078e3459f57bd0d07fe0a7733dd746858e865cbb7da,matched_random_selective,equal_layer_p1,original_only,2026082713,1,3,12.168787609878663,28.77529779970214,0.020238559570887292,0.8919773849805334,1.0
original_e4,max3sat,inst_e1fa5b3aa2be02b5f5b3e078e3459f57bd0d07fe0a7733dd746858e865cbb7da,matched_random_selective,equal_layer_p1,pair,2026082713,1,3,12.168787609878663,28.77529779970214,0.020238559570887292,0.8919773849805334,1.0
original_e4,max3sat,inst_e1fa5b3aa2be02b5f5b3e078e3459f57bd0d07fe0a7733dd746858e865cbb7da,matched_random_selective,equal_layer_p1,independence,2026082713,1,3,13.634427340592074,33.940748356694655,0.01493402563745865,0.930889778190552,1.0000000000000002
original_e4,max3sat,inst_e1fa5b3aa2be02b5f5b3e078e3459f57bd0d07fe0a7733dd746858e865cbb7da,matched_random_selective,equal_layer_p2,cold,2026082713,2,3,13.668776228421676,36.45751853679034,0.018280085659060932,0.945140856187198,0.9999999999999996
original_e4,max3sat,inst_e1fa5b3aa2be02b5f5b3e078e3459f57bd0d07fe0a7733dd746858e865cbb7da,matched_random_selective,equal_layer_p2,original_only,2026082713,2,3,13.668776228421676,36.45751853679034,0.018280085659060932,0.945140856187198,0.9999999999999996
original_e4,max3sat,inst_e1fa5b3aa2be02b5f5b3e078e3459f57bd0d07fe0a7733dd746858e865cbb7da,matched_random_selective,equal_layer_p2,pair,2026082713,2,3,13.668776228421676,36.45751853679034,0.018280085659060932,0.945140856187198,0.9999999999999996
original_e4,max3sat,inst_e1fa5b3aa2be02b5f5b3e078e3459f57bd0d07fe0a7733dd746858e865cbb7da,matched_random_selective,equal_layer_p2,independence,2026082713,2,3,13.295209826584932,35.945127583777925,0.016033479843707437,0.9412165420108005,0.9999999999999983
original_e4,max3sat,inst_e1fa5b3aa2be02b5f5b3e078e3459f57bd0d07fe0a7733dd746858e865cbb7da,matched_random_selective,equal_2q_budget_128,cold,2026082713,0,3,14.25,35.0,0.015625,0.9375,1.0
original_e4,max3sat,inst_e1fa5b3aa2be02b5f5b3e078e3459f57bd0d07fe0a7733dd746858e865cbb7da,matched_random_selective,equal_2q_budget_128,original_only,2026082713,0,3,14.25,35.0,0.015625,0.9375,1.0
original_e4,max3sat,inst_e1fa5b3aa2be02b5f5b3e078e3459f57bd0d07fe0a7733dd746858e865cbb7da,matched_random_selective,equal_2q_budget_128,pair,2026082713,0,3,14.25,35.0,0.015625,0.9375,1.0
original_e4,max3sat,inst_e1fa5b3aa2be02b5f5b3e078e3459f57bd0d07fe0a7733dd746858e865cbb7da,matched_random_selective,equal_2q_budget_128,independence,2026082713,0,3,14.25,27.25,0.015625,0.826171875,1.0
original_e4,max3sat,inst_e1fa5b3aa2be02b5f5b3e078e3459f57bd0d07fe0a7733dd746858e865cbb7da,matched_random_selective,equal_2q_budget_256,cold,2026082713,1,3,14.006931324528884,35.81185914005717,0.00895641815523465,0.942159233194991,1.0000000000000002
original_e4,max3sat,inst_e1fa5b3aa2be02b5f5b3e078e3459f57bd0d07fe0a7733dd746858e865cbb7da,matched_random_selective,equal_2q_budget_256,original_only,2026082713,1,3,14.006931324528884,35.81185914005717,0.00895641815523465,0.942159233194991,1.0000000000000002
original_e4,max3sat,inst_e1fa5b3aa2be02b5f5b3e078e3459f57bd0d07fe0a7733dd746858e865cbb7da,matched_random_selective,equal_2q_budget_256,pair,2026082713,1,3,14.006931324528884,35.81185914005717,0.00895641815523465,0.942159233194991,1.0000000000000002
original_e4,max3sat,inst_e1fa5b3aa2be02b5f5b3e078e3459f57bd0d07fe0a7733dd746858e865cbb7da,matched_random_selective,equal_2q_budget_256,independence,2026082713,1,3,13.211901956298048,29.656275710301518,0.01031138239794912,0.8922055044172629,1.0000000000000002
original_e4,max3sat,inst_e1fa5b3aa2be02b5f5b3e078e3459f57bd0d07fe0a7733dd746858e865cbb7da,matched_random_selective,equal_layer_p1,cold,2026082714,1,3,10.314281176003488,27.798672779580908,0.03244469461463719,0.8148883780444468,1.0
original_e4,max3sat,inst_e1fa5b3aa2be02b5f5b3e078e3459f57bd0d07fe0a7733dd746858e865cbb7da,matched_random_selective,equal_layer_p1,original_only,2026082714,1,3,10.314281176003488,27.798672779580908,0.03244469461463719,0.8148883780444468,1.0
original_e4,max3sat,inst_e1fa5b3aa2be02b5f5b3e078e3459f57bd0d07fe0a7733dd746858e865cbb7da,matched_random_selective,equal_layer_p1,pair,2026082714,1,3,10.314281176003488,27.798672779580908,0.03244469461463719,0.8148883780444468,1.0
original_e4,max3sat,inst_e1fa5b3aa2be02b5f5b3e078e3459f57bd0d07fe0a7733dd746858e865cbb7da,matched_random_selective,equal_layer_p1,independence,2026082714,1,3,10.261922636239115,25.888524407125185,0.03280041797373926,0.7586335311575345,0.9999999999999999
original_e4,max3sat,inst_e1fa5b3aa2be02b5f5b3e078e3459f57bd0d07fe0a7733dd746858e865cbb7da,matched_random_selective,equal_layer_p2,cold,2026082714,2,3,13.468123753689447,40.817914868916375,0.013220504620560456,0.9363880119975571,0.9999999999999999
original_e4,max3sat,inst_e1fa5b3aa2be02b5f5b3e078e3459f57bd0d07fe0a7733dd746858e865cbb7da,matched_random_selective,equal_layer_p2,original_only,2026082714,2,3,13.468123753689447,40.817914868916375,0.013220504620560456,0.9363880119975571,0.9999999999999999
original_e4,max3sat,inst_e1fa5b3aa2be02b5f5b3e078e3459f57bd0d07fe0a7733dd746858e865cbb7da,matched_random_selective,equal_layer_p2,pair,2026082714,2,3,13.468123753689447,40.817914868916375,0.013220504620560456,0.9363880119975571,0.9999999999999999
original_e4,max3sat,inst_e1fa5b3aa2be02b5f5b3e078e3459f57bd0d07fe0a7733dd746858e865cbb7da,matched_random_selective,equal_layer_p2,independence,2026082714,2,3,11.752584180557983,35.18226864967179,0.024557311716410235,0.8850427149200389,1.0
original_e4,max3sat,inst_e1fa5b3aa2be02b5f5b3e078e3459f57bd0d07fe0a7733dd746858e865cbb7da,matched_random_selective,equal_2q_budget_128,cold,2026082714,0,3,14.25,41.75,0.015625,0.9375,1.0
original_e4,max3sat,inst_e1fa5b3aa2be02b5f5b3e078e3459f57bd0d07fe0a7733dd746858e865cbb7da,matched_random_selective,equal_2q_budget_128,original_only,2026082714,0,3,14.25,41.75,0.015625,0.9375,1.0
original_e4,max3sat,inst_e1fa5b3aa2be02b5f5b3e078e3459f57bd0d07fe0a7733dd746858e865cbb7da,matched_random_selective,equal_2q_budget_128,pair,2026082714,0,3,14.25,41.75,0.015625,0.9375,1.0
original_e4,max3sat,inst_e1fa5b3aa2be02b5f5b3e078e3459f57bd0d07fe0a7733dd746858e865cbb7da,matched_random_selective,equal_2q_budget_128,independence,2026082714,0,3,14.25,31.75,0.015625,0.8232421875,1.0
original_e4,max3sat,inst_e1fa5b3aa2be02b5f5b3e078e3459f57bd0d07fe0a7733dd746858e865cbb7da,matched_random_selective,equal_2q_budget_256,cold,2026082714,1,3,11.765875905707707,31.519923558232605,0.02355522385344416,0.876931452978022,1.0000000000000004
original_e4,max3sat,inst_e1fa5b3aa2be02b5f5b3e078e3459f57bd0d07fe0a7733dd746858e865cbb7da,matched_random_selective,equal_2q_budget_256,original_only,2026082714,1,3,11.765875905707707,31.519923558232605,0.02355522385344416,0.876931452978022,1.0000000000000004
original_e4,max3sat,inst_e1fa5b3aa2be02b5f5b3e078e3459f57bd0d07fe0a7733dd746858e865cbb7da,matched_random_selective,equal_2q_budget_256,pair,2026082714,1,3,11.765875905707707,31.519923558232605,0.02355522385344416,0.876931452978022,1.0000000000000004
original_e4,max3sat,inst_e1fa5b3aa2be02b5f5b3e078e3459f57bd0d07fe0a7733dd746858e865cbb7da,matched_random_selective,equal_2q_budget_256,independence,2026082714,1,3,11.843819047612344,32.75233547897159,0.027122614936184855,0.8559114612735902,1.0
original_e4,max3sat,inst_e1fa5b3aa2be02b5f5b3e078e3459f57bd0d07fe0a7733dd746858e865cbb7da,matched_random_selective,equal_layer_p1,cold,2026082715,1,3,13.827238352288527,37.8682261041367,0.016427428852691457,0.9248137590770994,0.9999999999999999
original_e4,max3sat,inst_e1fa5b3aa2be02b5f5b3e078e3459f57bd0d07fe0a7733dd746858e865cbb7da,matched_random_selective,equal_layer_p1,original_only,2026082715,1,3,13.827238352288527,37.8682261041367,0.016427428852691457,0.9248137590770994,0.9999999999999999
original_e4,max3sat,inst_e1fa5b3aa2be02b5f5b3e078e3459f57bd0d07fe0a7733dd746858e865cbb7da,matched_random_selective,equal_layer_p1,pair,2026082715,1,3,13.214877797273394,32.441174809255685,0.01975732392396533,0.9126466923965223,0.9999999999999999
original_e4,max3sat,inst_e1fa5b3aa2be02b5f5b3e078e3459f57bd0d07fe0a7733dd746858e865cbb7da,matched_random_selective,equal_layer_p1,independence,2026082715,1,3,11.52121059655119,28.393757726116238,0.027947797965672146,0.799883311312264,1.0
original_e4,max3sat,inst_e1fa5b3aa2be02b5f5b3e078e3459f57bd0d07fe0a7733dd746858e865cbb7da,matched_random_selective,equal_layer_p2,cold,2026082715,2,3,13.520557402967649,37.2459095434542,0.019974095328550216,0.9292410496784663,0.999999999999999
original_e4,max3sat,inst_e1fa5b3aa2be02b5f5b3e078e3459f57bd0d07fe0a7733dd746858e865cbb7da,matched_random_selective,equal_layer_p2,original_only,2026082715,2,3,13.520557402967649,37.2459095434542,0.019974095328550216,0.9292410496784663,0.999999999999999
original_e4,max3sat,inst_e1fa5b3aa2be02b5f5b3e078e3459f57bd0d07fe0a7733dd746858e865cbb7da,matched_random_selective,equal_layer_p2,pair,2026082715,2,3,11.943215008607723,29.15657647623236,0.027636303294114442,0.8234342993070326,1.0000000000000002
original_e4,max3sat,inst_e1fa5b3aa2be02b5f5b3e078e3459f57bd0d07fe0a7733dd746858e865cbb7da,matched_random_selective,equal_layer_p2,independence,2026082715,2,3,13.398352059630646,35.984793946177916,0.024999923410306837,0.9153172636238512,1.0
original_e4,max3sat,inst_e1fa5b3aa2be02b5f5b3e078e3459f57bd0d07fe0a7733dd746858e865cbb7da,matched_random_selective,equal_2q_budget_128,cold,2026082715,0,3,14.25,38.625,0.015625,0.9375,1.0
original_e4,max3sat,inst_e1fa5b3aa2be02b5f5b3e078e3459f57bd0d07fe0a7733dd746858e865cbb7da,matched_random_selective,equal_2q_budget_128,original_only,2026082715,0,3,14.25,38.625,0.015625,0.9375,1.0
original_e4,max3sat,inst_e1fa5b3aa2be02b5f5b3e078e3459f57bd0d07fe0a7733dd746858e865cbb7da,matched_random_selective,equal_2q_budget_128,pair,2026082715,0,3,14.250000000000002,33.675000000000004,0.015625,0.9093750000000004,0.9999999999999997
original_e4,max3sat,inst_e1fa5b3aa2be02b5f5b3e078e3459f57bd0d07fe0a7733dd746858e865cbb7da,matched_random_selective,equal_2q_budget_128,independence,2026082715,0,3,14.25,29.25,0.015625,0.8251953125,1.0
original_e4,max3sat,inst_e1fa5b3aa2be02b5f5b3e078e3459f57bd0d07fe0a7733dd746858e865cbb7da,matched_random_selective,equal_2q_budget_256,cold,2026082715,1,3,12.431425401542496,31.84006916637965,0.01964517310195989,0.8401752483168785,0.9999999999999994
original_e4,max3sat,inst_e1fa5b3aa2be02b5f5b3e078e3459f57bd0d07fe0a7733dd746858e865cbb7da,matched_random_selective,equal_2q_budget_256,original_only,2026082715,1,3,12.431425401542496,31.84006916637965,0.01964517310195989,0.8401752483168785,0.9999999999999994
original_e4,max3sat,inst_e1fa5b3aa2be02b5f5b3e078e3459f57bd0d07fe0a7733dd746858e865cbb7da,matched_random_selective,equal_2q_budget_256,pair,2026082715,1,3,11.846422580203331,27.41213245390951,0.026338609122706542,0.8145385069037617,1.0000000000000009
original_e4,max3sat,inst_e1fa5b3aa2be02b5f5b3e078e3459f57bd0d07fe0a7733dd746858e865cbb7da,matched_random_selective,equal_2q_budget_256,independence,2026082715,1,3,10.267062159069795,22.81966796281958,0.03815582281990881,0.657797299132805,1.0000000000000002
original_e4,cubic_spin_glass,inst_f464a6017aeb643faf87ab97342075e0e3183e3dbc6b4c602ebe7274fdf6ba78,all_native,equal_layer_p1,cold,,1,3,-1.4860877536327417,-1.4860877536327417,0.29280373804088305,0.0,1.0
original_e4,cubic_spin_glass,inst_f464a6017aeb643faf87ab97342075e0e3183e3dbc6b4c602ebe7274fdf6ba78,all_native,equal_layer_p1,original_only,,1,3,-1.4860877536327417,-1.4860877536327417,0.29280373804088305,0.0,1.0
original_e4,cubic_spin_glass,inst_f464a6017aeb643faf87ab97342075e0e3183e3dbc6b4c602ebe7274fdf6ba78,all_native,equal_layer_p2,cold,,2,3,-2.618148568127763,-2.618148568127763,0.4940783894782867,0.0,0.9999999999999997
original_e4,cubic_spin_glass,inst_f464a6017aeb643faf87ab97342075e0e3183e3dbc6b4c602ebe7274fdf6ba78,all_native,equal_layer_p2,original_only,,2,3,-2.618148568127763,-2.618148568127763,0.4940783894782867,0.0,0.9999999999999997
original_e4,cubic_spin_glass,inst_f464a6017aeb643faf87ab97342075e0e3183e3dbc6b4c602ebe7274fdf6ba78,all_native,equal_2q_budget_128,cold,,4,3,-2.834831390305617,-2.834831390305617,0.5629374983747151,0.0,0.9999999999999997
original_e4,cubic_spin_glass,inst_f464a6017aeb643faf87ab97342075e0e3183e3dbc6b4c602ebe7274fdf6ba78,all_native,equal_2q_budget_128,original_only,,4,3,-2.834831390305617,-2.834831390305617,0.5629374983747151,0.0,0.9999999999999997
original_e4,cubic_spin_glass,inst_f464a6017aeb643faf87ab97342075e0e3183e3dbc6b4c602ebe7274fdf6ba78,all_native,equal_2q_budget_256,cold,,9,3,-2.238431433009855,-2.238431433009855,0.4102417507514198,0.0,1.0000000000000007
original_e4,cubic_spin_glass,inst_f464a6017aeb643faf87ab97342075e0e3183e3dbc6b4c602ebe7274fdf6ba78,all_native,equal_2q_budget_256,original_only,,9,3,-2.238431433009855,-2.238431433009855,0.4102417507514198,0.0,1.0000000000000007
original_e4,cubic_spin_glass,inst_f464a6017aeb643faf87ab97342075e0e3183e3dbc6b4c602ebe7274fdf6ba78,fully_quadratized,equal_layer_p1,cold,,1,3,-0.33542531557227345,41.00876297714671,0.1617118950033419,0.8829422442927868,0.9999999999999996
original_e4,cubic_spin_glass,inst_f464a6017aeb643faf87ab97342075e0e3183e3dbc6b4c602ebe7274fdf6ba78,fully_quadratized,equal_layer_p1,original_only,,1,3,-0.33542531557227345,41.00876297714671,0.1617118950033419,0.8829422442927868,0.9999999999999996
original_e4,cubic_spin_glass,inst_f464a6017aeb643faf87ab97342075e0e3183e3dbc6b4c602ebe7274fdf6ba78,fully_quadratized,equal_layer_p1,pair,,1,3,-0.33542531557227345,41.00876297714671,0.1617118950033419,0.8829422442927868,0.9999999999999996
original_e4,cubic_spin_glass,inst_f464a6017aeb643faf87ab97342075e0e3183e3dbc6b4c602ebe7274fdf6ba78,fully_quadratized,equal_layer_p1,independence,,1,3,-0.3418871613167871,32.2240287571781,0.15724253417907189,0.8213795200605913,0.9999999999999994
original_e4,cubic_spin_glass,inst_f464a6017aeb643faf87ab97342075e0e3183e3dbc6b4c602ebe7274fdf6ba78,fully_quadratized,equal_layer_p2,cold,,2,3,-0.4123691653297912,37.783714035391405,0.18926521092437398,0.8929628417944562,0.9999999999999997
original_e4,cubic_spin_glass,inst_f464a6017aeb643faf87ab97342075e0e3183e3dbc6b4c602ebe7274fdf6ba78,fully_quadratized,equal_layer_p2,original_only,,2,3,-0.4123691653297912,37.783714035391405,0.18926521092437398,0.8929628417944562,0.9999999999999997
original_e4,cubic_spin_glass,inst_f464a6017aeb643faf87ab97342075e0e3183e3dbc6b4c602ebe7274fdf6ba78,fully_quadratized,equal_layer_p2,pair,,2,3,-0.4123691653297912,37.783714035391405,0.18926521092437398,0.8929628417944562,0.9999999999999997
original_e4,cubic_spin_glass,inst_f464a6017aeb643faf87ab97342075e0e3183e3dbc6b4c602ebe7274fdf6ba78,fully_quadratized,equal_layer_p2,independence,,2,3,-0.7036724340129679,54.8601927506975,0.21894982425375198,0.9006887486478217,0.9999999999999992
original_e4,cubic_spin_glass,inst_f464a6017aeb643faf87ab97342075e0e3183e3dbc6b4c602ebe7274fdf6ba78,fully_quadratized,equal_2q_budget_128,cold,,2,3,-0.4659846096174792,40.19236616753085,0.1979825977745505,0.866957999045689,0.9999999999999991
original_e4,cubic_spin_glass,inst_f464a6017aeb643faf87ab97342075e0e3183e3dbc6b4c602ebe7274fdf6ba78,fully_quadratized,equal_2q_budget_128,original_only,,2,3,-0.4659846096174792,40.19236616753085,0.1979825977745505,0.866957999045689,0.9999999999999991
original_e4,cubic_spin_glass,inst_f464a6017aeb643faf87ab97342075e0e3183e3dbc6b4c602ebe7274fdf6ba78,fully_quadratized,equal_2q_budget_128,pair,,2,3,-0.4659846096174792,40.19236616753085,0.1979825977745505,0.866957999045689,0.9999999999999991
original_e4,cubic_spin_glass,inst_f464a6017aeb643faf87ab97342075e0e3183e3dbc6b4c602ebe7274fdf6ba78,fully_quadratized,equal_2q_budget_128,independence,,2,3,-0.5663308507383049,40.497718828162114,0.18225259440814567,0.8820615371529704,0.9999999999999997
original_e4,cubic_spin_glass,inst_f464a6017aeb643faf87ab97342075e0e3183e3dbc6b4c602ebe7274fdf6ba78,fully_quadratized,equal_2q_budget_256,cold,,4,3,-0.39409997544875836,41.64595924610601,0.1530133562450544,0.8765586673988913,0.9999999999999997
original_e4,cubic_spin_glass,inst_f464a6017aeb643faf87ab97342075e0e3183e3dbc6b4c602ebe7274fdf6ba78,fully_quadratized,equal_2q_budget_256,original_only,,4,3,-0.39409997544875836,41.64595924610601,0.1530133562450544,0.8765586673988913,0.9999999999999997
original_e4,cubic_spin_glass,inst_f464a6017aeb643faf87ab97342075e0e3183e3dbc6b4c602ebe7274fdf6ba78,fully_quadratized,equal_2q_budget_256,pair,,4,3,-0.39409997544875836,41.64595924610601,0.1530133562450544,0.8765586673988913,0.9999999999999997
original_e4,cubic_spin_glass,inst_f464a6017aeb643faf87ab97342075e0e3183e3dbc6b4c602ebe7274fdf6ba78,fully_quadratized,equal_2q_budget_256,independence,,4,3,-0.3518497593879209,39.50578412374741,0.1671943160220466,0.8598469370365787,0.9999999999999999
original_e4,cubic_spin_glass,inst_f464a6017aeb643faf87ab97342075e0e3183e3dbc6b4c602ebe7274fdf6ba78,selective,equal_layer_p1,cold,,1,3,-1.8851096144021948,-1.8851096144021948,0.3434165774479552,0.0,1.0000000000000002
original_e4,cubic_spin_glass,inst_f464a6017aeb643faf87ab97342075e0e3183e3dbc6b4c602ebe7274fdf6ba78,selective,equal_layer_p1,original_only,,1,3,-1.8851096144021948,-1.8851096144021948,0.3434165774479552,0.0,1.0000000000000002
original_e4,cubic_spin_glass,inst_f464a6017aeb643faf87ab97342075e0e3183e3dbc6b4c602ebe7274fdf6ba78,selective,equal_layer_p2,cold,,2,3,-1.6739895624779921,-1.6739895624779921,0.32832533242234524,0.0,1.0000000000000002
original_e4,cubic_spin_glass,inst_f464a6017aeb643faf87ab97342075e0e3183e3dbc6b4c602ebe7274fdf6ba78,selective,equal_layer_p2,original_only,,2,3,-1.6739895624779921,-1.6739895624779921,0.32832533242234524,0.0,1.0000000000000002
original_e4,cubic_spin_glass,inst_f464a6017aeb643faf87ab97342075e0e3183e3dbc6b4c602ebe7274fdf6ba78,selective,equal_2q_budget_128,cold,,4,3,-2.285581621281817,-2.285581621281817,0.43944181054535764,0.0,0.9999999999999999
original_e4,cubic_spin_glass,inst_f464a6017aeb643faf87ab97342075e0e3183e3dbc6b4c602ebe7274fdf6ba78,selective,equal_2q_budget_128,original_only,,4,3,-2.285581621281817,-2.285581621281817,0.43944181054535764,0.0,0.9999999999999999
original_e4,cubic_spin_glass,inst_f464a6017aeb643faf87ab97342075e0e3183e3dbc6b4c602ebe7274fdf6ba78,selective,equal_2q_budget_256,cold,,9,3,-1.6251505714857908,-1.6251505714857908,0.3659644788556658,0.0,1.0000000000000013
original_e4,cubic_spin_glass,inst_f464a6017aeb643faf87ab97342075e0e3183e3dbc6b4c602ebe7274fdf6ba78,selective,equal_2q_budget_256,original_only,,9,3,-1.6251505714857908,-1.6251505714857908,0.3659644788556658,0.0,1.0000000000000013
original_e4,cubic_spin_glass,inst_f464a6017aeb643faf87ab97342075e0e3183e3dbc6b4c602ebe7274fdf6ba78,matched_random_selective,equal_layer_p1,cold,2026082711,1,3,-2.2841482825110795,-2.2841482825110795,0.3941178313370956,0.0,1.0000000000000002
original_e4,cubic_spin_glass,inst_f464a6017aeb643faf87ab97342075e0e3183e3dbc6b4c602ebe7274fdf6ba78,matched_random_selective,equal_layer_p1,original_only,2026082711,1,3,-2.2841482825110795,-2.2841482825110795,0.3941178313370956,0.0,1.0000000000000002
original_e4,cubic_spin_glass,inst_f464a6017aeb643faf87ab97342075e0e3183e3dbc6b4c602ebe7274fdf6ba78,matched_random_selective,equal_layer_p2,cold,2026082711,2,3,-2.597059726583481,-2.597059726583481,0.48538268189613953,0.0,1.0
original_e4,cubic_spin_glass,inst_f464a6017aeb643faf87ab97342075e0e3183e3dbc6b4c602ebe7274fdf6ba78,matched_random_selective,equal_layer_p2,original_only,2026082711,2,3,-2.597059726583481,-2.597059726583481,0.48538268189613953,0.0,1.0
original_e4,cubic_spin_glass,inst_f464a6017aeb643faf87ab97342075e0e3183e3dbc6b4c602ebe7274fdf6ba78,matched_random_selective,equal_2q_budget_128,cold,2026082711,4,3,-2.245567328222329,-2.245567328222329,0.4504275808216754,0.0,1.0000000000000004
original_e4,cubic_spin_glass,inst_f464a6017aeb643faf87ab97342075e0e3183e3dbc6b4c602ebe7274fdf6ba78,matched_random_selective,equal_2q_budget_128,original_only,2026082711,4,3,-2.245567328222329,-2.245567328222329,0.4504275808216754,0.0,1.0000000000000004
original_e4,cubic_spin_glass,inst_f464a6017aeb643faf87ab97342075e0e3183e3dbc6b4c602ebe7274fdf6ba78,matched_random_selective,equal_2q_budget_256,cold,2026082711,9,3,-2.541910766504215,-2.541910766504215,0.5564919776771241,0.0,1.0000000000000002
original_e4,cubic_spin_glass,inst_f464a6017aeb643faf87ab97342075e0e3183e3dbc6b4c602ebe7274fdf6ba78,matched_random_selective,equal_2q_budget_256,original_only,2026082711,9,3,-2.541910766504215,-2.541910766504215,0.5564919776771241,0.0,1.0000000000000002
original_e4,cubic_spin_glass,inst_f464a6017aeb643faf87ab97342075e0e3183e3dbc6b4c602ebe7274fdf6ba78,matched_random_selective,equal_layer_p1,cold,2026082712,1,3,-1.8851154375160142,-1.8851154375160142,0.3433900380782091,0.0,1.0
original_e4,cubic_spin_glass,inst_f464a6017aeb643faf87ab97342075e0e3183e3dbc6b4c602ebe7274fdf6ba78,matched_random_selective,equal_layer_p1,original_only,2026082712,1,3,-1.8851154375160142,-1.8851154375160142,0.3433900380782091,0.0,1.0
original_e4,cubic_spin_glass,inst_f464a6017aeb643faf87ab97342075e0e3183e3dbc6b4c602ebe7274fdf6ba78,matched_random_selective,equal_layer_p2,cold,2026082712,2,3,-2.56730865898824,-2.56730865898824,0.4609348192170539,0.0,0.9999999999999999
original_e4,cubic_spin_glass,inst_f464a6017aeb643faf87ab97342075e0e3183e3dbc6b4c602ebe7274fdf6ba78,matched_random_selective,equal_layer_p2,original_only,2026082712,2,3,-2.56730865898824,-2.56730865898824,0.4609348192170539,0.0,0.9999999999999999
original_e4,cubic_spin_glass,inst_f464a6017aeb643faf87ab97342075e0e3183e3dbc6b4c602ebe7274fdf6ba78,matched_random_selective,equal_2q_budget_128,cold,2026082712,4,3,-2.4903206622576723,-2.4903206622576723,0.48829366350886355,0.0,0.9999999999999997
original_e4,cubic_spin_glass,inst_f464a6017aeb643faf87ab97342075e0e3183e3dbc6b4c602ebe7274fdf6ba78,matched_random_selective,equal_2q_budget_128,original_only,2026082712,4,3,-2.4903206622576723,-2.4903206622576723,0.48829366350886355,0.0,0.9999999999999997
original_e4,cubic_spin_glass,inst_f464a6017aeb643faf87ab97342075e0e3183e3dbc6b4c602ebe7274fdf6ba78,matched_random_selective,equal_2q_budget_256,cold,2026082712,9,3,-2.733623795561819,-2.733623795561819,0.5715523182524154,0.0,1.0000000000000007
original_e4,cubic_spin_glass,inst_f464a6017aeb643faf87ab97342075e0e3183e3dbc6b4c602ebe7274fdf6ba78,matched_random_selective,equal_2q_budget_256,original_only,2026082712,9,3,-2.733623795561819,-2.733623795561819,0.5715523182524154,0.0,1.0000000000000007
original_e4,cubic_spin_glass,inst_f464a6017aeb643faf87ab97342075e0e3183e3dbc6b4c602ebe7274fdf6ba78,matched_random_selective,equal_layer_p1,cold,2026082713,1,3,-2.28414500772146,-2.28414500772146,0.3940638254697287,0.0,0.9999999999999997
original_e4,cubic_spin_glass,inst_f464a6017aeb643faf87ab97342075e0e3183e3dbc6b4c602ebe7274fdf6ba78,matched_random_selective,equal_layer_p1,original_only,2026082713,1,3,-2.28414500772146,-2.28414500772146,0.3940638254697287,0.0,0.9999999999999997
original_e4,cubic_spin_glass,inst_f464a6017aeb643faf87ab97342075e0e3183e3dbc6b4c602ebe7274fdf6ba78,matched_random_selective,equal_layer_p2,cold,2026082713,2,3,-2.3152341549735422,-2.3152341549735422,0.40469595973223876,0.0,1.0
original_e4,cubic_spin_glass,inst_f464a6017aeb643faf87ab97342075e0e3183e3dbc6b4c602ebe7274fdf6ba78,matched_random_selective,equal_layer_p2,original_only,2026082713,2,3,-2.3152341549735422,-2.3152341549735422,0.40469595973223876,0.0,1.0
original_e4,cubic_spin_glass,inst_f464a6017aeb643faf87ab97342075e0e3183e3dbc6b4c602ebe7274fdf6ba78,matched_random_selective,equal_2q_budget_128,cold,2026082713,4,3,-2.515146584026532,-2.515146584026532,0.4846355766630903,0.0,1.0000000000000009
original_e4,cubic_spin_glass,inst_f464a6017aeb643faf87ab97342075e0e3183e3dbc6b4c602ebe7274fdf6ba78,matched_random_selective,equal_2q_budget_128,original_only,2026082713,4,3,-2.515146584026532,-2.515146584026532,0.4846355766630903,0.0,1.0000000000000009
original_e4,cubic_spin_glass,inst_f464a6017aeb643faf87ab97342075e0e3183e3dbc6b4c602ebe7274fdf6ba78,matched_random_selective,equal_2q_budget_256,cold,2026082713,9,3,-2.0441559035222614,-2.0441559035222614,0.4426663420354055,0.0,1.0000000000000002
original_e4,cubic_spin_glass,inst_f464a6017aeb643faf87ab97342075e0e3183e3dbc6b4c602ebe7274fdf6ba78,matched_random_selective,equal_2q_budget_256,original_only,2026082713,9,3,-2.0441559035222614,-2.0441559035222614,0.4426663420354055,0.0,1.0000000000000002
original_e4,cubic_spin_glass,inst_f464a6017aeb643faf87ab97342075e0e3183e3dbc6b4c602ebe7274fdf6ba78,matched_random_selective,equal_layer_p1,cold,2026082714,1,3,-2.2201791112054834,-2.2201791112054834,0.3658025465181387,0.0,0.9999999999999997
original_e4,cubic_spin_glass,inst_f464a6017aeb643faf87ab97342075e0e3183e3dbc6b4c602ebe7274fdf6ba78,matched_random_selective,equal_layer_p1,original_only,2026082714,1,3,-2.2201791112054834,-2.2201791112054834,0.3658025465181387,0.0,0.9999999999999997
original_e4,cubic_spin_glass,inst_f464a6017aeb643faf87ab97342075e0e3183e3dbc6b4c602ebe7274fdf6ba78,matched_random_selective,equal_layer_p2,cold,2026082714,2,3,-2.1736240055633047,-2.1736240055633047,0.4255813965000829,0.0,1.0000000000000002
original_e4,cubic_spin_glass,inst_f464a6017aeb643faf87ab97342075e0e3183e3dbc6b4c602ebe7274fdf6ba78,matched_random_selective,equal_layer_p2,original_only,2026082714,2,3,-2.1736240055633047,-2.1736240055633047,0.4255813965000829,0.0,1.0000000000000002
original_e4,cubic_spin_glass,inst_f464a6017aeb643faf87ab97342075e0e3183e3dbc6b4c602ebe7274fdf6ba78,matched_random_selective,equal_2q_budget_128,cold,2026082714,4,3,-3.048310715015434,-3.048310715015434,0.6339798217421241,0.0,1.0000000000000002
original_e4,cubic_spin_glass,inst_f464a6017aeb643faf87ab97342075e0e3183e3dbc6b4c602ebe7274fdf6ba78,matched_random_selective,equal_2q_budget_128,original_only,2026082714,4,3,-3.048310715015434,-3.048310715015434,0.6339798217421241,0.0,1.0000000000000002
original_e4,cubic_spin_glass,inst_f464a6017aeb643faf87ab97342075e0e3183e3dbc6b4c602ebe7274fdf6ba78,matched_random_selective,equal_2q_budget_256,cold,2026082714,9,3,-2.1360663199093763,-2.1360663199093763,0.456745382047475,0.0,1.0
original_e4,cubic_spin_glass,inst_f464a6017aeb643faf87ab97342075e0e3183e3dbc6b4c602ebe7274fdf6ba78,matched_random_selective,equal_2q_budget_256,original_only,2026082714,9,3,-2.1360663199093763,-2.1360663199093763,0.456745382047475,0.0,1.0
original_e4,cubic_spin_glass,inst_f464a6017aeb643faf87ab97342075e0e3183e3dbc6b4c602ebe7274fdf6ba78,matched_random_selective,equal_layer_p1,cold,2026082715,1,3,-1.8531355330074184,-1.8531355330074184,0.3293004030498598,0.0,0.9999999999999997
original_e4,cubic_spin_glass,inst_f464a6017aeb643faf87ab97342075e0e3183e3dbc6b4c602ebe7274fdf6ba78,matched_random_selective,equal_layer_p1,original_only,2026082715,1,3,-1.8531355330074184,-1.8531355330074184,0.3293004030498598,0.0,0.9999999999999997
original_e4,cubic_spin_glass,inst_f464a6017aeb643faf87ab97342075e0e3183e3dbc6b4c602ebe7274fdf6ba78,matched_random_selective,equal_layer_p2,cold,2026082715,2,3,-2.339760103273916,-2.339760103273916,0.4178562277346966,0.0,1.0000000000000002
original_e4,cubic_spin_glass,inst_f464a6017aeb643faf87ab97342075e0e3183e3dbc6b4c602ebe7274fdf6ba78,matched_random_selective,equal_layer_p2,original_only,2026082715,2,3,-2.339760103273916,-2.339760103273916,0.4178562277346966,0.0,1.0000000000000002
original_e4,cubic_spin_glass,inst_f464a6017aeb643faf87ab97342075e0e3183e3dbc6b4c602ebe7274fdf6ba78,matched_random_selective,equal_2q_budget_128,cold,2026082715,4,3,-1.7808858098666616,-1.7808858098666616,0.35769084081594227,0.0,1.0
original_e4,cubic_spin_glass,inst_f464a6017aeb643faf87ab97342075e0e3183e3dbc6b4c602ebe7274fdf6ba78,matched_random_selective,equal_2q_budget_128,original_only,2026082715,4,3,-1.7808858098666616,-1.7808858098666616,0.35769084081594227,0.0,1.0
original_e4,cubic_spin_glass,inst_f464a6017aeb643faf87ab97342075e0e3183e3dbc6b4c602ebe7274fdf6ba78,matched_random_selective,equal_2q_budget_256,cold,2026082715,9,3,-2.06963297135607,-2.06963297135607,0.45349520295444806,0.0,1.0000000000000002
original_e4,cubic_spin_glass,inst_f464a6017aeb643faf87ab97342075e0e3183e3dbc6b4c602ebe7274fdf6ba78,matched_random_selective,equal_2q_budget_256,original_only,2026082715,9,3,-2.06963297135607,-2.06963297135607,0.45349520295444806,0.0,1.0000000000000002
original_e4,cubic_spin_glass,inst_fb5096b47436e44ba8bef4d03307537a82350020c40b1ec2439a544f1ab23349,all_native,equal_layer_p1,cold,,1,3,-2.5957813347201637,-2.5957813347201637,0.01692572343043864,0.0,0.9999999999999999
original_e4,cubic_spin_glass,inst_fb5096b47436e44ba8bef4d03307537a82350020c40b1ec2439a544f1ab23349,all_native,equal_layer_p1,original_only,,1,3,-1.6956430391608805,-1.6956430391608805,0.0011567034543477565,0.0,0.9999999999999997
original_e4,cubic_spin_glass,inst_fb5096b47436e44ba8bef4d03307537a82350020c40b1ec2439a544f1ab23349,all_native,equal_layer_p2,cold,,2,3,-2.852331951276027,-2.852331951276027,0.038932846276945085,0.0,1.0000000000000004
original_e4,cubic_spin_glass,inst_fb5096b47436e44ba8bef4d03307537a82350020c40b1ec2439a544f1ab23349,all_native,equal_layer_p2,original_only,,2,3,-2.2778225796616245,-2.2778225796616245,0.001002696205023367,0.0,0.9999999999999997
original_e4,cubic_spin_glass,inst_fb5096b47436e44ba8bef4d03307537a82350020c40b1ec2439a544f1ab23349,all_native,equal_2q_budget_128,cold,,3,3,-3.4767501965065732,-3.4767501965065732,0.05984880639418725,0.0,1.0000000000000004
original_e4,cubic_spin_glass,inst_fb5096b47436e44ba8bef4d03307537a82350020c40b1ec2439a544f1ab23349,all_native,equal_2q_budget_128,original_only,,3,3,-1.6465163743152607,-1.6465163743152607,0.010779807973205198,0.0,1.0000000000000009
original_e4,cubic_spin_glass,inst_fb5096b47436e44ba8bef4d03307537a82350020c40b1ec2439a544f1ab23349,all_native,equal_2q_budget_256,cold,,6,3,-2.787688333491229,-2.787688333491229,0.03675836940829281,0.0,1.0000000000000007
original_e4,cubic_spin_glass,inst_fb5096b47436e44ba8bef4d03307537a82350020c40b1ec2439a544f1ab23349,all_native,equal_2q_budget_256,original_only,,6,3,-1.7067724999010672,-1.7067724999010672,0.005090041027284828,0.0,1.0000000000000009
original_e4,cubic_spin_glass,inst_fb5096b47436e44ba8bef4d03307537a82350020c40b1ec2439a544f1ab23349,fully_quadratized,equal_layer_p1,cold,,1,3,-1.1158206370494828,33.88680435156272,0.0143173996697927,0.7416104655348441,1.0000000000000002
original_e4,cubic_spin_glass,inst_fb5096b47436e44ba8bef4d03307537a82350020c40b1ec2439a544f1ab23349,fully_quadratized,equal_layer_p1,original_only,,1,3,-0.7802118298919885,40.754728831991535,0.0009001006805108904,0.8224955699453308,0.9999999999999997
original_e4,cubic_spin_glass,inst_fb5096b47436e44ba8bef4d03307537a82350020c40b1ec2439a544f1ab23349,fully_quadratized,equal_layer_p1,pair,,1,3,-0.7802118298919885,40.754728831991535,0.0009001006805108904,0.8224955699453308,0.9999999999999997
original_e4,cubic_spin_glass,inst_fb5096b47436e44ba8bef4d03307537a82350020c40b1ec2439a544f1ab23349,fully_quadratized,equal_layer_p1,independence,,1,3,-0.5866822756175396,33.54479968793433,0.0012958280005086929,0.7070832764326668,0.9999999999999997
original_e4,cubic_spin_glass,inst_fb5096b47436e44ba8bef4d03307537a82350020c40b1ec2439a544f1ab23349,fully_quadratized,equal_layer_p2,cold,,2,3,-1.657818673880567,36.37517193880672,0.026296811274805706,0.8105919107676983,1.0
original_e4,cubic_spin_glass,inst_fb5096b47436e44ba8bef4d03307537a82350020c40b1ec2439a544f1ab23349,fully_quadratized,equal_layer_p2,original_only,,2,3,-1.2169050789934728,36.69717339937526,0.0004724350107791501,0.7500319603234139,0.9999999999999999
original_e4,cubic_spin_glass,inst_fb5096b47436e44ba8bef4d03307537a82350020c40b1ec2439a544f1ab23349,fully_quadratized,equal_layer_p2,pair,,2,3,-1.2169050789934728,36.69717339937526,0.0004724350107791501,0.7500319603234139,0.9999999999999999
original_e4,cubic_spin_glass,inst_fb5096b47436e44ba8bef4d03307537a82350020c40b1ec2439a544f1ab23349,fully_quadratized,equal_layer_p2,independence,,2,3,-0.9895777521992004,36.879411165426966,0.0033176679609096343,0.7523400261977966,1.0000000000000007
original_e4,cubic_spin_glass,inst_fb5096b47436e44ba8bef4d03307537a82350020c40b1ec2439a544f1ab23349,fully_quadratized,equal_2q_budget_128,cold,,1,3,-1.2100807243587728,37.34310393741077,0.01346464723510364,0.7953131363492186,0.9999999999999997
original_e4,cubic_spin_glass,inst_fb5096b47436e44ba8bef4d03307537a82350020c40b1ec2439a544f1ab23349,fully_quadratized,equal_2q_budget_128,original_only,,1,3,-0.6167163110288688,32.89650227575637,0.00010952928293519234,0.7934671418996988,1.0000000000000002
original_e4,cubic_spin_glass,inst_fb5096b47436e44ba8bef4d03307537a82350020c40b1ec2439a544f1ab23349,fully_quadratized,equal_2q_budget_128,pair,,1,3,-0.6167163110288688,32.89650227575637,0.00010952928293519234,0.7934671418996988,1.0000000000000002
original_e4,cubic_spin_glass,inst_fb5096b47436e44ba8bef4d03307537a82350020c40b1ec2439a544f1ab23349,fully_quadratized,equal_2q_budget_128,independence,,1,3,-0.6149308089748325,26.56428137998223,0.0003532738204778743,0.646149150795119,1.0
original_e4,cubic_spin_glass,inst_fb5096b47436e44ba8bef4d03307537a82350020c40b1ec2439a544f1ab23349,fully_quadratized,equal_2q_budget_256,cold,,2,3,-1.7046979567336262,29.54915753027989,0.012318428742772163,0.764790509440553,1.0000000000000007
original_e4,cubic_spin_glass,inst_fb5096b47436e44ba8bef4d03307537a82350020c40b1ec2439a544f1ab23349,fully_quadratized,equal_2q_budget_256,original_only,,2,3,-0.77643575409504,33.89555532878787,0.0008478779949164416,0.7599655076566302,0.9999999999999994
original_e4,cubic_spin_glass,inst_fb5096b47436e44ba8bef4d03307537a82350020c40b1ec2439a544f1ab23349,fully_quadratized,equal_2q_budget_256,pair,,2,3,-0.77643575409504,33.89555532878787,0.0008478779949164416,0.7599655076566302,0.9999999999999994
original_e4,cubic_spin_glass,inst_fb5096b47436e44ba8bef4d03307537a82350020c40b1ec2439a544f1ab23349,fully_quadratized,equal_2q_budget_256,independence,,2,3,-1.0084856192012577,34.57303915720253,0.000675147769289698,0.7562706609455948,1.0000000000000004
original_e4,cubic_spin_glass,inst_fb5096b47436e44ba8bef4d03307537a82350020c40b1ec2439a544f1ab23349,selective,equal_layer_p1,cold,,1,3,-2.7161645124270977,-2.7161645124270977,0.024650644305058825,0.0,0.9999999999999996
original_e4,cubic_spin_glass,inst_fb5096b47436e44ba8bef4d03307537a82350020c40b1ec2439a544f1ab23349,selective,equal_layer_p1,original_only,,1,3,-0.8996275846995244,-0.8996275846995244,0.0002970543944970838,0.0,1.0000000000000007
original_e4,cubic_spin_glass,inst_fb5096b47436e44ba8bef4d03307537a82350020c40b1ec2439a544f1ab23349,selective,equal_layer_p2,cold,,2,3,-2.6944904659686273,-2.6944904659686273,0.030752909544669842,0.0,1.0000000000000002
original_e4,cubic_spin_glass,inst_fb5096b47436e44ba8bef4d03307537a82350020c40b1ec2439a544f1ab23349,selective,equal_layer_p2,original_only,,2,3,-2.18579385492566,-2.18579385492566,0.0029686656342428077,0.0,1.0000000000000009
original_e4,cubic_spin_glass,inst_fb5096b47436e44ba8bef4d03307537a82350020c40b1ec2439a544f1ab23349,selective,equal_2q_budget_128,cold,,3,3,-3.5342901008828327,-3.5342901008828327,0.046693383613047396,0.0,0.9999999999999997
original_e4,cubic_spin_glass,inst_fb5096b47436e44ba8bef4d03307537a82350020c40b1ec2439a544f1ab23349,selective,equal_2q_budget_128,original_only,,3,3,-2.403837507713611,-2.403837507713611,0.02064834080500868,0.0,1.0
original_e4,cubic_spin_glass,inst_fb5096b47436e44ba8bef4d03307537a82350020c40b1ec2439a544f1ab23349,selective,equal_2q_budget_256,cold,,6,3,-2.6329670070826667,-2.6329670070826667,0.04031200574911565,0.0,1.0000000000000002
original_e4,cubic_spin_glass,inst_fb5096b47436e44ba8bef4d03307537a82350020c40b1ec2439a544f1ab23349,selective,equal_2q_budget_256,original_only,,6,3,-2.2177363658273133,-2.2177363658273133,0.043644889823572654,0.0,1.000000000000001
original_e4,cubic_spin_glass,inst_fb5096b47436e44ba8bef4d03307537a82350020c40b1ec2439a544f1ab23349,matched_random_selective,equal_layer_p1,cold,2026082711,1,3,-2.1830955988733045,-2.1830955988733045,0.013074402525631463,0.0,0.9999999999999997
original_e4,cubic_spin_glass,inst_fb5096b47436e44ba8bef4d03307537a82350020c40b1ec2439a544f1ab23349,matched_random_selective,equal_layer_p1,original_only,2026082711,1,3,-1.780776832706039,-1.780776832706039,0.0010307328764938702,0.0,1.0000000000000004
original_e4,cubic_spin_glass,inst_fb5096b47436e44ba8bef4d03307537a82350020c40b1ec2439a544f1ab23349,matched_random_selective,equal_layer_p2,cold,2026082711,2,3,-3.096700025493288,-3.096700025493288,0.03621013754987879,0.0,1.0000000000000002
original_e4,cubic_spin_glass,inst_fb5096b47436e44ba8bef4d03307537a82350020c40b1ec2439a544f1ab23349,matched_random_selective,equal_layer_p2,original_only,2026082711,2,3,-1.6040027448372853,-1.6040027448372853,0.00036115089479715843,0.0,1.0000000000000007
original_e4,cubic_spin_glass,inst_fb5096b47436e44ba8bef4d03307537a82350020c40b1ec2439a544f1ab23349,matched_random_selective,equal_2q_budget_128,cold,2026082711,3,3,-3.1098874053267305,-3.1098874053267305,0.0370356545266533,0.0,1.0
original_e4,cubic_spin_glass,inst_fb5096b47436e44ba8bef4d03307537a82350020c40b1ec2439a544f1ab23349,matched_random_selective,equal_2q_budget_128,original_only,2026082711,3,3,-1.3956913608029768,-1.3956913608029768,0.005246623109304807,0.0,1.0000000000000002
original_e4,cubic_spin_glass,inst_fb5096b47436e44ba8bef4d03307537a82350020c40b1ec2439a544f1ab23349,matched_random_selective,equal_2q_budget_256,cold,2026082711,6,3,-3.4458166069584752,-3.4458166069584752,0.05488391081506197,0.0,0.9999999999999997
original_e4,cubic_spin_glass,inst_fb5096b47436e44ba8bef4d03307537a82350020c40b1ec2439a544f1ab23349,matched_random_selective,equal_2q_budget_256,original_only,2026082711,6,3,-2.3915717964325185,-2.3915717964325185,0.02728212547700168,0.0,1.0000000000000002
original_e4,cubic_spin_glass,inst_fb5096b47436e44ba8bef4d03307537a82350020c40b1ec2439a544f1ab23349,matched_random_selective,equal_layer_p1,cold,2026082712,1,3,-2.4238476244297744,-2.4238476244297744,0.028488881855285045,0.0,0.9999999999999997
original_e4,cubic_spin_glass,inst_fb5096b47436e44ba8bef4d03307537a82350020c40b1ec2439a544f1ab23349,matched_random_selective,equal_layer_p1,original_only,2026082712,1,3,-1.818601740939533,-1.818601740939533,0.00032256383443466643,0.0,1.0000000000000007
original_e4,cubic_spin_glass,inst_fb5096b47436e44ba8bef4d03307537a82350020c40b1ec2439a544f1ab23349,matched_random_selective,equal_layer_p2,cold,2026082712,2,3,-2.5707703559547705,-2.5707703559547705,0.028059596873644562,0.0,1.0000000000000002
original_e4,cubic_spin_glass,inst_fb5096b47436e44ba8bef4d03307537a82350020c40b1ec2439a544f1ab23349,matched_random_selective,equal_layer_p2,original_only,2026082712,2,3,-1.8956197327081616,-1.8956197327081616,0.008304933263342166,0.0,0.9999999999999999
original_e4,cubic_spin_glass,inst_fb5096b47436e44ba8bef4d03307537a82350020c40b1ec2439a544f1ab23349,matched_random_selective,equal_2q_budget_128,cold,2026082712,3,3,-3.4012409881109313,-3.4012409881109313,0.03403365563072363,0.0,1.0000000000000004
original_e4,cubic_spin_glass,inst_fb5096b47436e44ba8bef4d03307537a82350020c40b1ec2439a544f1ab23349,matched_random_selective,equal_2q_budget_128,original_only,2026082712,3,3,-2.737466638865721,-2.737466638865721,0.02859905497738217,0.0,1.0000000000000009
original_e4,cubic_spin_glass,inst_fb5096b47436e44ba8bef4d03307537a82350020c40b1ec2439a544f1ab23349,matched_random_selective,equal_2q_budget_256,cold,2026082712,6,3,-3.329033963299979,-3.329033963299979,0.0383543767480688,0.0,0.9999999999999997
original_e4,cubic_spin_glass,inst_fb5096b47436e44ba8bef4d03307537a82350020c40b1ec2439a544f1ab23349,matched_random_selective,equal_2q_budget_256,original_only,2026082712,6,3,-1.9402726168222746,-1.9402726168222746,0.030553678738065724,0.0,1.0000000000000007
original_e4,cubic_spin_glass,inst_fb5096b47436e44ba8bef4d03307537a82350020c40b1ec2439a544f1ab23349,matched_random_selective,equal_layer_p1,cold,2026082713,1,3,-2.7161634362773612,-2.7161634362773612,0.024633061923301527,0.0,0.9999999999999996
original_e4,cubic_spin_glass,inst_fb5096b47436e44ba8bef4d03307537a82350020c40b1ec2439a544f1ab23349,matched_random_selective,equal_layer_p1,original_only,2026082713,1,3,-1.7652324337750522,-1.7652324337750522,0.0003435751889201418,0.0,1.0000000000000007
original_e4,cubic_spin_glass,inst_fb5096b47436e44ba8bef4d03307537a82350020c40b1ec2439a544f1ab23349,matched_random_selective,equal_layer_p2,cold,2026082713,2,3,-2.835020765379514,-2.835020765379514,0.024822225831334654,0.0,1.0
original_e4,cubic_spin_glass,inst_fb5096b47436e44ba8bef4d03307537a82350020c40b1ec2439a544f1ab23349,matched_random_selective,equal_layer_p2,original_only,2026082713,2,3,-1.591302523850714,-1.591302523850714,0.0032183009523261783,0.0,0.9999999999999997
original_e4,cubic_spin_glass,inst_fb5096b47436e44ba8bef4d03307537a82350020c40b1ec2439a544f1ab23349,matched_random_selective,equal_2q_budget_128,cold,2026082713,3,3,-3.119713729751565,-3.119713729751565,0.03913738388756934,0.0,1.0000000000000007
original_e4,cubic_spin_glass,inst_fb5096b47436e44ba8bef4d03307537a82350020c40b1ec2439a544f1ab23349,matched_random_selective,equal_2q_budget_128,original_only,2026082713,3,3,-2.605333965367259,-2.605333965367259,0.00030988641715623517,0.0,1.0000000000000007
original_e4,cubic_spin_glass,inst_fb5096b47436e44ba8bef4d03307537a82350020c40b1ec2439a544f1ab23349,matched_random_selective,equal_2q_budget_256,cold,2026082713,6,3,-2.9462459573558717,-2.9462459573558717,0.03210217757483071,0.0,1.0
original_e4,cubic_spin_glass,inst_fb5096b47436e44ba8bef4d03307537a82350020c40b1ec2439a544f1ab23349,matched_random_selective,equal_2q_budget_256,original_only,2026082713,6,3,-2.1631357533353874,-2.1631357533353874,0.01894802424465636,0.0,1.000000000000001
original_e4,cubic_spin_glass,inst_fb5096b47436e44ba8bef4d03307537a82350020c40b1ec2439a544f1ab23349,matched_random_selective,equal_layer_p1,cold,2026082714,1,3,-2.716158704887121,-2.716158704887121,0.024615019287315815,0.0,1.0000000000000002
original_e4,cubic_spin_glass,inst_fb5096b47436e44ba8bef4d03307537a82350020c40b1ec2439a544f1ab23349,matched_random_selective,equal_layer_p1,original_only,2026082714,1,3,-1.9175345589623642,-1.9175345589623642,0.00046491531004181816,0.0,1.0000000000000002
original_e4,cubic_spin_glass,inst_fb5096b47436e44ba8bef4d03307537a82350020c40b1ec2439a544f1ab23349,matched_random_selective,equal_layer_p2,cold,2026082714,2,3,-1.7061727706053162,-1.7061727706053162,0.011158386968098004,0.0,1.0000000000000007
original_e4,cubic_spin_glass,inst_fb5096b47436e44ba8bef4d03307537a82350020c40b1ec2439a544f1ab23349,matched_random_selective,equal_layer_p2,original_only,2026082714,2,3,-2.206033655934739,-2.206033655934739,0.0006444450625139843,0.0,0.9999999999999997
original_e4,cubic_spin_glass,inst_fb5096b47436e44ba8bef4d03307537a82350020c40b1ec2439a544f1ab23349,matched_random_selective,equal_2q_budget_128,cold,2026082714,3,3,-3.1317834176463912,-3.1317834176463912,0.03519572405177938,0.0,1.0000000000000002
original_e4,cubic_spin_glass,inst_fb5096b47436e44ba8bef4d03307537a82350020c40b1ec2439a544f1ab23349,matched_random_selective,equal_2q_budget_128,original_only,2026082714,3,3,-2.343871373902331,-2.343871373902331,0.00928568377382057,0.0,1.0000000000000002
original_e4,cubic_spin_glass,inst_fb5096b47436e44ba8bef4d03307537a82350020c40b1ec2439a544f1ab23349,matched_random_selective,equal_2q_budget_256,cold,2026082714,6,3,-2.984372629840055,-2.984372629840055,0.04740807408293184,0.0,1.0000000000000007
original_e4,cubic_spin_glass,inst_fb5096b47436e44ba8bef4d03307537a82350020c40b1ec2439a544f1ab23349,matched_random_selective,equal_2q_budget_256,original_only,2026082714,6,3,-1.869279234971852,-1.869279234971852,0.0017888109136363723,0.0,1.0000000000000002
original_e4,cubic_spin_glass,inst_fb5096b47436e44ba8bef4d03307537a82350020c40b1ec2439a544f1ab23349,matched_random_selective,equal_layer_p1,cold,2026082715,1,3,-2.1830924434790564,-2.1830924434790564,0.013094216107770666,0.0,1.0000000000000007
original_e4,cubic_spin_glass,inst_fb5096b47436e44ba8bef4d03307537a82350020c40b1ec2439a544f1ab23349,matched_random_selective,equal_layer_p1,original_only,2026082715,1,3,-1.6663049215800996,-1.6663049215800996,0.00020109366220132552,0.0,1.0000000000000002
original_e4,cubic_spin_glass,inst_fb5096b47436e44ba8bef4d03307537a82350020c40b1ec2439a544f1ab23349,matched_random_selective,equal_layer_p2,cold,2026082715,2,3,-3.192269202219403,-3.192269202219403,0.03405506188551568,0.0,1.0
original_e4,cubic_spin_glass,inst_fb5096b47436e44ba8bef4d03307537a82350020c40b1ec2439a544f1ab23349,matched_random_selective,equal_layer_p2,original_only,2026082715,2,3,-1.8550057103424953,-1.8550057103424953,0.002802676705512787,0.0,1.0000000000000004
original_e4,cubic_spin_glass,inst_fb5096b47436e44ba8bef4d03307537a82350020c40b1ec2439a544f1ab23349,matched_random_selective,equal_2q_budget_128,cold,2026082715,3,3,-3.0375555803965657,-3.0375555803965657,0.03774640255428988,0.0,1.0
original_e4,cubic_spin_glass,inst_fb5096b47436e44ba8bef4d03307537a82350020c40b1ec2439a544f1ab23349,matched_random_selective,equal_2q_budget_128,original_only,2026082715,3,3,-1.7614896356035086,-1.7614896356035086,0.002313265566812462,0.0,1.0
original_e4,cubic_spin_glass,inst_fb5096b47436e44ba8bef4d03307537a82350020c40b1ec2439a544f1ab23349,matched_random_selective,equal_2q_budget_256,cold,2026082715,6,3,-2.3077952098237513,-2.3077952098237513,0.04810721303082168,0.0,0.9999999999999994
original_e4,cubic_spin_glass,inst_fb5096b47436e44ba8bef4d03307537a82350020c40b1ec2439a544f1ab23349,matched_random_selective,equal_2q_budget_256,original_only,2026082715,6,3,-2.143471576475718,-2.143471576475718,0.01613428105366675,0.0,1.0000000000000007
