scope,study,family,representation,budget_key,depth_stratum,contrast,metric,n_instances,mean,sd,ci95_low,ci95_high,df,ci_status,zero_depth_instance_count,ci_unit,ci_method,multiplicity
all_designs_diagnostic,original_e4,cubic_spin_glass,all_native,equal_2q_budget_128,all_scheduled,original_only_minus_cold,original_objective_mean,7,0.3443365510652828,0.6852853988521248,-0.28944673644754004,0.9781198385781057,6,estimated,0,raw_instance,two_sided_Student_t_95_df_n_minus_1,unadjusted_exploratory
all_designs_diagnostic,original_e4,cubic_spin_glass,all_native,equal_2q_budget_128,all_scheduled,original_only_minus_cold,encoded_energy_mean,7,0.3443365510652828,0.6852853988521248,-0.28944673644754004,0.9781198385781057,6,estimated,0,raw_instance,two_sided_Student_t_95_df_n_minus_1,unadjusted_exploratory
all_designs_diagnostic,original_e4,cubic_spin_glass,all_native,equal_2q_budget_128,all_scheduled,original_only_minus_cold,optimum_hit_rate,7,-0.010930353671447552,0.0809067437323978,-0.08575661162261325,0.06389590427971814,6,estimated,0,raw_instance,two_sided_Student_t_95_df_n_minus_1,unadjusted_exploratory
all_designs_diagnostic,original_e4,cubic_spin_glass,all_native,equal_2q_budget_128,all_scheduled,original_only_minus_cold,auxiliary_inconsistency_rate,7,0.0,0.0,0.0,0.0,6,estimated,0,raw_instance,two_sided_Student_t_95_df_n_minus_1,unadjusted_exploratory
all_designs_diagnostic,original_e4,cubic_spin_glass,all_native,equal_2q_budget_128,all_scheduled,original_only_minus_cold,statevector_norm,7,2.379049338482478e-16,6.826700243615637e-16,-3.934595356867202e-16,8.692694033832159e-16,6,estimated,0,raw_instance,two_sided_Student_t_95_df_n_minus_1,unadjusted_exploratory
all_designs_diagnostic,original_e4,cubic_spin_glass,all_native,equal_2q_budget_128,positive_depth_only,original_only_minus_cold,original_objective_mean,7,0.3443365510652828,0.6852853988521248,-0.28944673644754004,0.9781198385781057,6,estimated,0,raw_instance,two_sided_Student_t_95_df_n_minus_1,unadjusted_exploratory
all_designs_diagnostic,original_e4,cubic_spin_glass,all_native,equal_2q_budget_128,positive_depth_only,original_only_minus_cold,encoded_energy_mean,7,0.3443365510652828,0.6852853988521248,-0.28944673644754004,0.9781198385781057,6,estimated,0,raw_instance,two_sided_Student_t_95_df_n_minus_1,unadjusted_exploratory
all_designs_diagnostic,original_e4,cubic_spin_glass,all_native,equal_2q_budget_128,positive_depth_only,original_only_minus_cold,optimum_hit_rate,7,-0.010930353671447552,0.0809067437323978,-0.08575661162261325,0.06389590427971814,6,estimated,0,raw_instance,two_sided_Student_t_95_df_n_minus_1,unadjusted_exploratory
all_designs_diagnostic,original_e4,cubic_spin_glass,all_native,equal_2q_budget_128,positive_depth_only,original_only_minus_cold,auxiliary_inconsistency_rate,7,0.0,0.0,0.0,0.0,6,estimated,0,raw_instance,two_sided_Student_t_95_df_n_minus_1,unadjusted_exploratory
all_designs_diagnostic,original_e4,cubic_spin_glass,all_native,equal_2q_budget_128,positive_depth_only,original_only_minus_cold,statevector_norm,7,2.379049338482478e-16,6.826700243615637e-16,-3.934595356867202e-16,8.692694033832159e-16,6,estimated,0,raw_instance,two_sided_Student_t_95_df_n_minus_1,unadjusted_exploratory
all_designs_diagnostic,original_e4,cubic_spin_glass,all_native,equal_2q_budget_256,all_scheduled,original_only_minus_cold,original_objective_mean,7,-0.030111010806979692,1.1966278622554005,-1.1368072015327975,1.076585179918838,6,estimated,0,raw_instance,two_sided_Student_t_95_df_n_minus_1,unadjusted_exploratory
all_designs_diagnostic,original_e4,cubic_spin_glass,all_native,equal_2q_budget_256,all_scheduled,original_only_minus_cold,encoded_energy_mean,7,-0.030111010806979692,1.1966278622554005,-1.1368072015327975,1.076585179918838,6,estimated,0,raw_instance,two_sided_Student_t_95_df_n_minus_1,unadjusted_exploratory
all_designs_diagnostic,original_e4,cubic_spin_glass,all_native,equal_2q_budget_256,all_scheduled,original_only_minus_cold,optimum_hit_rate,7,0.05493422681895281,0.08578924654192205,-0.024407593096752292,0.13427604673465793,6,estimated,0,raw_instance,two_sided_Student_t_95_df_n_minus_1,unadjusted_exploratory
all_designs_diagnostic,original_e4,cubic_spin_glass,all_native,equal_2q_budget_256,all_scheduled,original_only_minus_cold,auxiliary_inconsistency_rate,7,0.0,0.0,0.0,0.0,6,estimated,0,raw_instance,two_sided_Student_t_95_df_n_minus_1,unadjusted_exploratory
all_designs_diagnostic,original_e4,cubic_spin_glass,all_native,equal_2q_budget_256,all_scheduled,original_only_minus_cold,statevector_norm,7,6.819941436983105e-16,5.023828556633483e-16,2.1736749561018507e-16,1.1466207917864358e-15,6,estimated,0,raw_instance,two_sided_Student_t_95_df_n_minus_1,unadjusted_exploratory
all_designs_diagnostic,original_e4,cubic_spin_glass,all_native,equal_2q_budget_256,positive_depth_only,original_only_minus_cold,original_objective_mean,7,-0.030111010806979692,1.1966278622554005,-1.1368072015327975,1.076585179918838,6,estimated,0,raw_instance,two_sided_Student_t_95_df_n_minus_1,unadjusted_exploratory
all_designs_diagnostic,original_e4,cubic_spin_glass,all_native,equal_2q_budget_256,positive_depth_only,original_only_minus_cold,encoded_energy_mean,7,-0.030111010806979692,1.1966278622554005,-1.1368072015327975,1.076585179918838,6,estimated,0,raw_instance,two_sided_Student_t_95_df_n_minus_1,unadjusted_exploratory
all_designs_diagnostic,original_e4,cubic_spin_glass,all_native,equal_2q_budget_256,positive_depth_only,original_only_minus_cold,optimum_hit_rate,7,0.05493422681895281,0.08578924654192205,-0.024407593096752292,0.13427604673465793,6,estimated,0,raw_instance,two_sided_Student_t_95_df_n_minus_1,unadjusted_exploratory
all_designs_diagnostic,original_e4,cubic_spin_glass,all_native,equal_2q_budget_256,positive_depth_only,original_only_minus_cold,auxiliary_inconsistency_rate,7,0.0,0.0,0.0,0.0,6,estimated,0,raw_instance,two_sided_Student_t_95_df_n_minus_1,unadjusted_exploratory
all_designs_diagnostic,original_e4,cubic_spin_glass,all_native,equal_2q_budget_256,positive_depth_only,original_only_minus_cold,statevector_norm,7,6.819941436983105e-16,5.023828556633483e-16,2.1736749561018507e-16,1.1466207917864358e-15,6,estimated,0,raw_instance,two_sided_Student_t_95_df_n_minus_1,unadjusted_exploratory
all_designs_diagnostic,original_e4,cubic_spin_glass,all_native,equal_layer_p1,all_scheduled,original_only_minus_cold,original_objective_mean,7,0.45514313208224355,1.3061841105045746,-0.752875689038499,1.663161953202986,6,estimated,0,raw_instance,two_sided_Student_t_95_df_n_minus_1,unadjusted_exploratory
all_designs_diagnostic,original_e4,cubic_spin_glass,all_native,equal_layer_p1,all_scheduled,original_only_minus_cold,encoded_energy_mean,7,0.45514313208224355,1.3061841105045746,-0.752875689038499,1.663161953202986,6,estimated,0,raw_instance,two_sided_Student_t_95_df_n_minus_1,unadjusted_exploratory
all_designs_diagnostic,original_e4,cubic_spin_glass,all_native,equal_layer_p1,all_scheduled,original_only_minus_cold,optimum_hit_rate,7,0.0008501591206554351,0.05653891016776161,-0.051439611562534744,0.05313992980384561,6,estimated,0,raw_instance,two_sided_Student_t_95_df_n_minus_1,unadjusted_exploratory
all_designs_diagnostic,original_e4,cubic_spin_glass,all_native,equal_layer_p1,all_scheduled,original_only_minus_cold,auxiliary_inconsistency_rate,7,0.0,0.0,0.0,0.0,6,estimated,0,raw_instance,two_sided_Student_t_95_df_n_minus_1,unadjusted_exploratory
all_designs_diagnostic,original_e4,cubic_spin_glass,all_native,equal_layer_p1,all_scheduled,original_only_minus_cold,statevector_norm,7,3.806478941571965e-16,5.041323079304965e-16,-8.559672742208638e-17,8.468925157364793e-16,6,estimated,0,raw_instance,two_sided_Student_t_95_df_n_minus_1,unadjusted_exploratory
all_designs_diagnostic,original_e4,cubic_spin_glass,all_native,equal_layer_p1,positive_depth_only,original_only_minus_cold,original_objective_mean,7,0.45514313208224355,1.3061841105045746,-0.752875689038499,1.663161953202986,6,estimated,0,raw_instance,two_sided_Student_t_95_df_n_minus_1,unadjusted_exploratory
all_designs_diagnostic,original_e4,cubic_spin_glass,all_native,equal_layer_p1,positive_depth_only,original_only_minus_cold,encoded_energy_mean,7,0.45514313208224355,1.3061841105045746,-0.752875689038499,1.663161953202986,6,estimated,0,raw_instance,two_sided_Student_t_95_df_n_minus_1,unadjusted_exploratory
all_designs_diagnostic,original_e4,cubic_spin_glass,all_native,equal_layer_p1,positive_depth_only,original_only_minus_cold,optimum_hit_rate,7,0.0008501591206554351,0.05653891016776161,-0.051439611562534744,0.05313992980384561,6,estimated,0,raw_instance,two_sided_Student_t_95_df_n_minus_1,unadjusted_exploratory
all_designs_diagnostic,original_e4,cubic_spin_glass,all_native,equal_layer_p1,positive_depth_only,original_only_minus_cold,auxiliary_inconsistency_rate,7,0.0,0.0,0.0,0.0,6,estimated,0,raw_instance,two_sided_Student_t_95_df_n_minus_1,unadjusted_exploratory
all_designs_diagnostic,original_e4,cubic_spin_glass,all_native,equal_layer_p1,positive_depth_only,original_only_minus_cold,statevector_norm,7,3.806478941571965e-16,5.041323079304965e-16,-8.559672742208638e-17,8.468925157364793e-16,6,estimated,0,raw_instance,two_sided_Student_t_95_df_n_minus_1,unadjusted_exploratory
all_designs_diagnostic,original_e4,cubic_spin_glass,all_native,equal_layer_p2,all_scheduled,original_only_minus_cold,original_objective_mean,7,-0.31413731704036135,0.8850246455815536,-1.1326485976631453,0.5043739635824227,6,estimated,0,raw_instance,two_sided_Student_t_95_df_n_minus_1,unadjusted_exploratory
all_designs_diagnostic,original_e4,cubic_spin_glass,all_native,equal_layer_p2,all_scheduled,original_only_minus_cold,encoded_energy_mean,7,-0.31413731704036135,0.8850246455815536,-1.1326485976631453,0.5043739635824227,6,estimated,0,raw_instance,two_sided_Student_t_95_df_n_minus_1,unadjusted_exploratory
all_designs_diagnostic,original_e4,cubic_spin_glass,all_native,equal_layer_p2,all_scheduled,original_only_minus_cold,optimum_hit_rate,7,0.03243193284602553,0.08496914776256272,-0.046151422200388266,0.11101528789243933,6,estimated,0,raw_instance,two_sided_Student_t_95_df_n_minus_1,unadjusted_exploratory
all_designs_diagnostic,original_e4,cubic_spin_glass,all_native,equal_layer_p2,all_scheduled,original_only_minus_cold,auxiliary_inconsistency_rate,7,0.0,0.0,0.0,0.0,6,estimated,0,raw_instance,two_sided_Student_t_95_df_n_minus_1,unadjusted_exploratory
all_designs_diagnostic,original_e4,cubic_spin_glass,all_native,equal_layer_p2,all_scheduled,original_only_minus_cold,statevector_norm,7,5.392511833893617e-16,5.064555105954389e-16,7.08579577029258e-17,1.0076444090757977e-15,6,estimated,0,raw_instance,two_sided_Student_t_95_df_n_minus_1,unadjusted_exploratory
all_designs_diagnostic,original_e4,cubic_spin_glass,all_native,equal_layer_p2,positive_depth_only,original_only_minus_cold,original_objective_mean,7,-0.31413731704036135,0.8850246455815536,-1.1326485976631453,0.5043739635824227,6,estimated,0,raw_instance,two_sided_Student_t_95_df_n_minus_1,unadjusted_exploratory
all_designs_diagnostic,original_e4,cubic_spin_glass,all_native,equal_layer_p2,positive_depth_only,original_only_minus_cold,encoded_energy_mean,7,-0.31413731704036135,0.8850246455815536,-1.1326485976631453,0.5043739635824227,6,estimated,0,raw_instance,two_sided_Student_t_95_df_n_minus_1,unadjusted_exploratory
all_designs_diagnostic,original_e4,cubic_spin_glass,all_native,equal_layer_p2,positive_depth_only,original_only_minus_cold,optimum_hit_rate,7,0.03243193284602553,0.08496914776256272,-0.046151422200388266,0.11101528789243933,6,estimated,0,raw_instance,two_sided_Student_t_95_df_n_minus_1,unadjusted_exploratory
all_designs_diagnostic,original_e4,cubic_spin_glass,all_native,equal_layer_p2,positive_depth_only,original_only_minus_cold,auxiliary_inconsistency_rate,7,0.0,0.0,0.0,0.0,6,estimated,0,raw_instance,two_sided_Student_t_95_df_n_minus_1,unadjusted_exploratory
all_designs_diagnostic,original_e4,cubic_spin_glass,all_native,equal_layer_p2,positive_depth_only,original_only_minus_cold,statevector_norm,7,5.392511833893617e-16,5.064555105954389e-16,7.08579577029258e-17,1.0076444090757977e-15,6,estimated,0,raw_instance,two_sided_Student_t_95_df_n_minus_1,unadjusted_exploratory
all_designs_diagnostic,original_e4,cubic_spin_glass,fully_quadratized,equal_2q_budget_128,all_scheduled,independence_minus_cold,original_objective_mean,7,-0.04951334945773964,0.2347844676552449,-0.2666527661398083,0.16762606722432905,6,estimated,2,raw_instance,two_sided_Student_t_95_df_n_minus_1,unadjusted_exploratory
all_designs_diagnostic,original_e4,cubic_spin_glass,fully_quadratized,equal_2q_budget_128,all_scheduled,independence_minus_cold,encoded_energy_mean,7,-9.616659379312091,5.380485960673796,-14.59277894392618,-4.640539814698003,6,estimated,2,raw_instance,two_sided_Student_t_95_df_n_minus_1,unadjusted_exploratory
all_designs_diagnostic,original_e4,cubic_spin_glass,fully_quadratized,equal_2q_budget_128,all_scheduled,independence_minus_cold,optimum_hit_rate,7,0.013334574727083616,0.030028867826320926,-0.014437496008893809,0.04110664546306104,6,estimated,2,raw_instance,two_sided_Student_t_95_df_n_minus_1,unadjusted_exploratory
all_designs_diagnostic,original_e4,cubic_spin_glass,fully_quadratized,equal_2q_budget_128,all_scheduled,independence_minus_cold,auxiliary_inconsistency_rate,7,-0.0632510546179503,0.0590980405317623,-0.11790762613767812,-0.008594483098222486,6,estimated,2,raw_instance,two_sided_Student_t_95_df_n_minus_1,unadjusted_exploratory
all_designs_diagnostic,original_e4,cubic_spin_glass,fully_quadratized,equal_2q_budget_128,all_scheduled,independence_minus_cold,statevector_norm,7,2.220446049250313e-16,4.2998752849492583e-16,-1.756275326332848e-16,6.197167424833475e-16,6,estimated,2,raw_instance,two_sided_Student_t_95_df_n_minus_1,unadjusted_exploratory
all_designs_diagnostic,original_e4,cubic_spin_glass,fully_quadratized,equal_2q_budget_128,all_scheduled,original_only_minus_cold,original_objective_mean,7,0.005733583577573787,0.24277782067521944,-0.21879845165982356,0.23026561881497112,6,estimated,2,raw_instance,two_sided_Student_t_95_df_n_minus_1,unadjusted_exploratory
all_designs_diagnostic,original_e4,cubic_spin_glass,fully_quadratized,equal_2q_budget_128,all_scheduled,original_only_minus_cold,encoded_energy_mean,7,-2.044305859476269,4.3093745652339095,-6.029812604042771,1.9412008850902334,6,estimated,2,raw_instance,two_sided_Student_t_95_df_n_minus_1,unadjusted_exploratory
all_designs_diagnostic,original_e4,cubic_spin_glass,fully_quadratized,equal_2q_budget_128,all_scheduled,original_only_minus_cold,optimum_hit_rate,7,0.01058405973689315,0.030581721941938273,-0.017699315777353113,0.038867435251139414,6,estimated,2,raw_instance,two_sided_Student_t_95_df_n_minus_1,unadjusted_exploratory
all_designs_diagnostic,original_e4,cubic_spin_glass,fully_quadratized,equal_2q_budget_128,all_scheduled,original_only_minus_cold,auxiliary_inconsistency_rate,7,-0.0004762424842397036,0.05074984518391171,-0.047412021030379434,0.04645953606190002,6,estimated,2,raw_instance,two_sided_Student_t_95_df_n_minus_1,unadjusted_exploratory
all_designs_diagnostic,original_e4,cubic_spin_glass,fully_quadratized,equal_2q_budget_128,all_scheduled,original_only_minus_cold,statevector_norm,7,8.088767750840426e-16,4.1399205651862146e-16,4.25997981775352e-16,1.1917555683927332e-15,6,estimated,2,raw_instance,two_sided_Student_t_95_df_n_minus_1,unadjusted_exploratory
all_designs_diagnostic,original_e4,cubic_spin_glass,fully_quadratized,equal_2q_budget_128,all_scheduled,pair_minus_cold,original_objective_mean,7,-0.024329357333228503,0.2654856755300498,-0.269862655586539,0.22120394092008197,6,estimated,2,raw_instance,two_sided_Student_t_95_df_n_minus_1,unadjusted_exploratory
all_designs_diagnostic,original_e4,cubic_spin_glass,fully_quadratized,equal_2q_budget_128,all_scheduled,pair_minus_cold,encoded_energy_mean,7,-2.477126714929661,3.4386775207858555,-5.657372999865293,0.7031195700059718,6,estimated,2,raw_instance,two_sided_Student_t_95_df_n_minus_1,unadjusted_exploratory
all_designs_diagnostic,original_e4,cubic_spin_glass,fully_quadratized,equal_2q_budget_128,all_scheduled,pair_minus_cold,optimum_hit_rate,7,0.008999886469012288,0.030311857343745488,-0.019033905918973817,0.037033678856998396,6,estimated,2,raw_instance,two_sided_Student_t_95_df_n_minus_1,unadjusted_exploratory
all_designs_diagnostic,original_e4,cubic_spin_glass,fully_quadratized,equal_2q_budget_128,all_scheduled,pair_minus_cold,auxiliary_inconsistency_rate,7,-0.031012121287562176,0.03878090860782287,-0.06687847972941781,0.004854237154293454,6,estimated,2,raw_instance,two_sided_Student_t_95_df_n_minus_1,unadjusted_exploratory
all_designs_diagnostic,original_e4,cubic_spin_glass,fully_quadratized,equal_2q_budget_128,all_scheduled,pair_minus_cold,statevector_norm,7,5.075305255429287e-16,5.395620806094178e-16,8.51882933767071e-18,1.0065422217481867e-15,6,estimated,2,raw_instance,two_sided_Student_t_95_df_n_minus_1,unadjusted_exploratory
all_designs_diagnostic,original_e4,cubic_spin_glass,fully_quadratized,equal_2q_budget_128,all_scheduled,pair_minus_independence,original_objective_mean,7,0.02518399212451114,0.08992643762927334,-0.05798409137831011,0.10835207562733239,6,estimated,2,raw_instance,two_sided_Student_t_95_df_n_minus_1,unadjusted_exploratory
all_designs_diagnostic,original_e4,cubic_spin_glass,fully_quadratized,equal_2q_budget_128,all_scheduled,pair_minus_independence,encoded_energy_mean,7,7.139532664382429,6.851259227516353,0.8031746971891609,13.475890631575698,6,estimated,2,raw_instance,two_sided_Student_t_95_df_n_minus_1,unadjusted_exploratory
all_designs_diagnostic,original_e4,cubic_spin_glass,fully_quadratized,equal_2q_budget_128,all_scheduled,pair_minus_independence,optimum_hit_rate,7,-0.004334688258071326,0.010670990564022346,-0.014203708511549364,0.005534331995406712,6,estimated,2,raw_instance,two_sided_Student_t_95_df_n_minus_1,unadjusted_exploratory
all_designs_diagnostic,original_e4,cubic_spin_glass,fully_quadratized,equal_2q_budget_128,all_scheduled,pair_minus_independence,auxiliary_inconsistency_rate,7,0.032238933330388124,0.06589213044723284,-0.028701123361353137,0.09317899002212938,6,estimated,2,raw_instance,two_sided_Student_t_95_df_n_minus_1,unadjusted_exploratory
all_designs_diagnostic,original_e4,cubic_spin_glass,fully_quadratized,equal_2q_budget_128,all_scheduled,pair_minus_independence,statevector_norm,7,2.854859206178974e-16,7.68803439662876e-16,-4.255386718466017e-16,9.965105130823965e-16,6,estimated,2,raw_instance,two_sided_Student_t_95_df_n_minus_1,unadjusted_exploratory
all_designs_diagnostic,original_e4,cubic_spin_glass,fully_quadratized,equal_2q_budget_128,all_scheduled,pair_minus_original_only,original_objective_mean,7,-0.030062940910802288,0.14387754912228107,-0.1631274804949645,0.10300159867335994,6,estimated,2,raw_instance,two_sided_Student_t_95_df_n_minus_1,unadjusted_exploratory
all_designs_diagnostic,original_e4,cubic_spin_glass,fully_quadratized,equal_2q_budget_128,all_scheduled,pair_minus_original_only,encoded_energy_mean,7,-0.432820855453392,2.492796974585194,-2.7382735388185933,1.872631827911809,6,estimated,2,raw_instance,two_sided_Student_t_95_df_n_minus_1,unadjusted_exploratory
all_designs_diagnostic,original_e4,cubic_spin_glass,fully_quadratized,equal_2q_budget_128,all_scheduled,pair_minus_original_only,optimum_hit_rate,7,-0.0015841732678808626,0.009326581926419227,-0.010209822908869601,0.007041476373107876,6,estimated,2,raw_instance,two_sided_Student_t_95_df_n_minus_1,unadjusted_exploratory
all_designs_diagnostic,original_e4,cubic_spin_glass,fully_quadratized,equal_2q_budget_128,all_scheduled,pair_minus_original_only,auxiliary_inconsistency_rate,7,-0.030535878803322473,0.049511091500669915,-0.07632600127230271,0.015254243665657766,6,estimated,2,raw_instance,two_sided_Student_t_95_df_n_minus_1,unadjusted_exploratory
all_designs_diagnostic,original_e4,cubic_spin_glass,fully_quadratized,equal_2q_budget_128,all_scheduled,pair_minus_original_only,statevector_norm,7,-3.0134624954111393e-16,4.741327662004143e-16,-7.398459224998406e-16,1.3715342341761271e-16,6,estimated,2,raw_instance,two_sided_Student_t_95_df_n_minus_1,unadjusted_exploratory
all_designs_diagnostic,original_e4,cubic_spin_glass,fully_quadratized,equal_2q_budget_128,positive_depth_only,independence_minus_cold,original_objective_mean,5,0.019570199648053656,0.19265101360085984,-0.21963762815759771,0.25877802745370504,4,estimated,0,raw_instance,two_sided_Student_t_95_df_n_minus_1,unadjusted_exploratory
all_designs_diagnostic,original_e4,cubic_spin_glass,fully_quadratized,equal_2q_budget_128,positive_depth_only,independence_minus_cold,encoded_energy_mean,5,-7.805915723629539,4.297661035207904,-13.142166707530313,-2.469664739728765,4,estimated,0,raw_instance,two_sided_Student_t_95_df_n_minus_1,unadjusted_exploratory
all_designs_diagnostic,original_e4,cubic_spin_glass,fully_quadratized,equal_2q_budget_128,positive_depth_only,independence_minus_cold,optimum_hit_rate,5,0.003531980578136523,0.01852253031576419,-0.019466778470585675,0.02653073962685872,4,estimated,0,raw_instance,two_sided_Student_t_95_df_n_minus_1,unadjusted_exploratory
all_designs_diagnostic,original_e4,cubic_spin_glass,fully_quadratized,equal_2q_budget_128,positive_depth_only,independence_minus_cold,auxiliary_inconsistency_rate,5,-0.06244028838621043,0.056671974784538136,-0.13280783918328296,0.007927262410862106,4,estimated,0,raw_instance,two_sided_Student_t_95_df_n_minus_1,unadjusted_exploratory
all_designs_diagnostic,original_e4,cubic_spin_glass,fully_quadratized,equal_2q_budget_128,positive_depth_only,independence_minus_cold,statevector_norm,5,1.1102230246251565e-16,4.710277376051325e-16,-4.738358814771467e-16,6.95880486402178e-16,4,estimated,0,raw_instance,two_sided_Student_t_95_df_n_minus_1,unadjusted_exploratory
all_designs_diagnostic,original_e4,cubic_spin_glass,fully_quadratized,equal_2q_budget_128,positive_depth_only,original_only_minus_cold,original_objective_mean,5,0.09691590589749202,0.1653649077481023,-0.10841174661961331,0.3022435584145974,4,estimated,0,raw_instance,two_sided_Student_t_95_df_n_minus_1,unadjusted_exploratory
all_designs_diagnostic,original_e4,cubic_spin_glass,fully_quadratized,equal_2q_budget_128,positive_depth_only,original_only_minus_cold,encoded_energy_mean,5,-0.37980598104457997,2.455688195903684,-3.428945604712136,2.669333642622976,4,estimated,0,raw_instance,two_sided_Student_t_95_df_n_minus_1,unadjusted_exploratory
all_designs_diagnostic,original_e4,cubic_spin_glass,fully_quadratized,equal_2q_budget_128,positive_depth_only,original_only_minus_cold,optimum_hit_rate,5,-0.000318740408130138,0.017137210387999847,-0.021597397576553108,0.02095991676029283,4,estimated,0,raw_instance,two_sided_Student_t_95_df_n_minus_1,unadjusted_exploratory
all_designs_diagnostic,original_e4,cubic_spin_glass,fully_quadratized,equal_2q_budget_128,positive_depth_only,original_only_minus_cold,auxiliary_inconsistency_rate,5,-0.0006667394779363179,0.06215433544374722,-0.07784154013071741,0.07650806117484478,4,estimated,0,raw_instance,two_sided_Student_t_95_df_n_minus_1,unadjusted_exploratory
all_designs_diagnostic,original_e4,cubic_spin_glass,fully_quadratized,equal_2q_budget_128,positive_depth_only,original_only_minus_cold,statevector_norm,5,8.437694987151189e-16,4.87740573184876e-16,2.3815958852819015e-16,1.4493794089020476e-15,4,estimated,0,raw_instance,two_sided_Student_t_95_df_n_minus_1,unadjusted_exploratory
all_designs_diagnostic,original_e4,cubic_spin_glass,fully_quadratized,equal_2q_budget_128,positive_depth_only,pair_minus_cold,original_objective_mean,5,0.05482778862236909,0.2315588427613971,-0.23269048990018398,0.34234606714492216,4,estimated,0,raw_instance,two_sided_Student_t_95_df_n_minus_1,unadjusted_exploratory
all_designs_diagnostic,original_e4,cubic_spin_glass,fully_quadratized,equal_2q_budget_128,positive_depth_only,pair_minus_cold,encoded_energy_mean,5,-1.6301996231237545,3.270194291474339,-5.6906821419789075,2.4302828957313984,4,estimated,0,raw_instance,two_sided_Student_t_95_df_n_minus_1,unadjusted_exploratory
all_designs_diagnostic,original_e4,cubic_spin_glass,fully_quadratized,equal_2q_budget_128,positive_depth_only,pair_minus_cold,optimum_hit_rate,5,-0.00253658298316334,0.014381445984018736,-0.020393506703631513,0.015320340737304832,4,estimated,0,raw_instance,two_sided_Student_t_95_df_n_minus_1,unadjusted_exploratory
all_designs_diagnostic,original_e4,cubic_spin_glass,fully_quadratized,equal_2q_budget_128,positive_depth_only,pair_minus_cold,auxiliary_inconsistency_rate,5,-0.041821219992165835,0.041675179235874264,-0.09356778966803997,0.009925349683708298,4,estimated,0,raw_instance,two_sided_Student_t_95_df_n_minus_1,unadjusted_exploratory
all_designs_diagnostic,original_e4,cubic_spin_glass,fully_quadratized,equal_2q_budget_128,positive_depth_only,pair_minus_cold,statevector_norm,5,6.661338147750939e-16,4.775249788392736e-16,7.32082403073535e-17,1.2590593892428344e-15,4,estimated,0,raw_instance,two_sided_Student_t_95_df_n_minus_1,unadjusted_exploratory
all_designs_diagnostic,original_e4,cubic_spin_glass,fully_quadratized,equal_2q_budget_128,positive_depth_only,pair_minus_independence,original_objective_mean,5,0.03525758897431543,0.10810264962297728,-0.09896957917297114,0.16948475712160202,4,estimated,0,raw_instance,two_sided_Student_t_95_df_n_minus_1,unadjusted_exploratory
all_designs_diagnostic,original_e4,cubic_spin_glass,fully_quadratized,equal_2q_budget_128,positive_depth_only,pair_minus_independence,encoded_energy_mean,5,6.1757161005057855,6.241686820075741,-1.5743617120451976,13.925793913056769,4,estimated,0,raw_instance,two_sided_Student_t_95_df_n_minus_1,unadjusted_exploratory
all_designs_diagnostic,original_e4,cubic_spin_glass,fully_quadratized,equal_2q_budget_128,positive_depth_only,pair_minus_independence,optimum_hit_rate,5,-0.006068563561299863,0.012555970445167423,-0.02165886002557474,0.009521732902975014,4,estimated,0,raw_instance,two_sided_Student_t_95_df_n_minus_1,unadjusted_exploratory
all_designs_diagnostic,original_e4,cubic_spin_glass,fully_quadratized,equal_2q_budget_128,positive_depth_only,pair_minus_independence,auxiliary_inconsistency_rate,5,0.020619068394044593,0.06029815649229084,-0.0542509816804895,0.09548911846857869,4,estimated,0,raw_instance,two_sided_Student_t_95_df_n_minus_1,unadjusted_exploratory
all_designs_diagnostic,original_e4,cubic_spin_glass,fully_quadratized,equal_2q_budget_128,positive_depth_only,pair_minus_independence,statevector_norm,5,5.551115123125783e-16,7.021666937153402e-16,-3.16743592011529e-16,1.4269666166366854e-15,4,estimated,0,raw_instance,two_sided_Student_t_95_df_n_minus_1,unadjusted_exploratory
all_designs_diagnostic,original_e4,cubic_spin_glass,fully_quadratized,equal_2q_budget_128,positive_depth_only,pair_minus_original_only,original_objective_mean,5,-0.04208811727512294,0.1744089373306516,-0.2586454157235695,0.17446918117332366,4,estimated,0,raw_instance,two_sided_Student_t_95_df_n_minus_1,unadjusted_exploratory
all_designs_diagnostic,original_e4,cubic_spin_glass,fully_quadratized,equal_2q_budget_128,positive_depth_only,pair_minus_original_only,encoded_energy_mean,5,-1.2503936420791746,2.258064460952798,-4.054150988867653,1.5533637047093038,4,estimated,0,raw_instance,two_sided_Student_t_95_df_n_minus_1,unadjusted_exploratory
all_designs_diagnostic,original_e4,cubic_spin_glass,fully_quadratized,equal_2q_budget_128,positive_depth_only,pair_minus_original_only,optimum_hit_rate,5,-0.002217842575033202,0.011345526527466536,-0.01630517440485417,0.011869489254787764,4,estimated,0,raw_instance,two_sided_Student_t_95_df_n_minus_1,unadjusted_exploratory
all_designs_diagnostic,original_e4,cubic_spin_glass,fully_quadratized,equal_2q_budget_128,positive_depth_only,pair_minus_original_only,auxiliary_inconsistency_rate,5,-0.04115448051422952,0.05635390754230716,-0.11112709866761589,0.02881813763915684,4,estimated,0,raw_instance,two_sided_Student_t_95_df_n_minus_1,unadjusted_exploratory
all_designs_diagnostic,original_e4,cubic_spin_glass,fully_quadratized,equal_2q_budget_128,positive_depth_only,pair_minus_original_only,statevector_norm,5,-1.7763568394002506e-16,2.895107444979072e-16,-5.371107524762449e-16,1.818393845961948e-16,4,estimated,0,raw_instance,two_sided_Student_t_95_df_n_minus_1,unadjusted_exploratory
all_designs_diagnostic,original_e4,cubic_spin_glass,fully_quadratized,equal_2q_budget_128,zero_depth_only,independence_minus_cold,original_objective_mean,2,-0.22222222222222288,0.31426968052735543,-3.0458232747054965,2.601378830261051,1,estimated,2,raw_instance,two_sided_Student_t_95_df_n_minus_1,unadjusted_exploratory
all_designs_diagnostic,original_e4,cubic_spin_glass,fully_quadratized,equal_2q_budget_128,zero_depth_only,independence_minus_cold,encoded_energy_mean,2,-14.143518518518466,6.514548585931663,-72.67441533561988,44.387378298582945,1,estimated,2,raw_instance,two_sided_Student_t_95_df_n_minus_1,unadjusted_exploratory
all_designs_diagnostic,original_e4,cubic_spin_glass,fully_quadratized,equal_2q_budget_128,zero_depth_only,independence_minus_cold,optimum_hit_rate,2,0.037841060099451346,0.04854349585200155,-0.39830494593245425,0.473987066131357,1,estimated,2,raw_instance,two_sided_Student_t_95_df_n_minus_1,unadjusted_exploratory
all_designs_diagnostic,original_e4,cubic_spin_glass,fully_quadratized,equal_2q_budget_128,zero_depth_only,independence_minus_cold,auxiliary_inconsistency_rate,2,-0.06527797019729997,0.0899839762474483,-0.8737519203810142,0.7431959799864143,1,estimated,2,raw_instance,two_sided_Student_t_95_df_n_minus_1,unadjusted_exploratory
all_designs_diagnostic,original_e4,cubic_spin_glass,fully_quadratized,equal_2q_budget_128,zero_depth_only,independence_minus_cold,statevector_norm,2,4.996003610813204e-16,7.850462293418876e-17,-2.0573569160379746e-16,1.2049364137664383e-15,1,estimated,2,raw_instance,two_sided_Student_t_95_df_n_minus_1,unadjusted_exploratory
all_designs_diagnostic,original_e4,cubic_spin_glass,fully_quadratized,equal_2q_budget_128,zero_depth_only,original_only_minus_cold,original_objective_mean,2,-0.22222222222222182,0.31426968052735377,-3.045823274705481,2.6013788302610372,1,estimated,2,raw_instance,two_sided_Student_t_95_df_n_minus_1,unadjusted_exploratory
all_designs_diagnostic,original_e4,cubic_spin_glass,fully_quadratized,equal_2q_budget_128,zero_depth_only,original_only_minus_cold,encoded_energy_mean,2,-6.205555555555492,6.230396416454776,-62.18344642103599,49.772335309925005,1,estimated,2,raw_instance,two_sided_Student_t_95_df_n_minus_1,unadjusted_exploratory
all_designs_diagnostic,original_e4,cubic_spin_glass,fully_quadratized,equal_2q_budget_128,zero_depth_only,original_only_minus_cold,optimum_hit_rate,2,0.037841060099451373,0.048543495852001586,-0.3983049459324546,0.4739870661313573,1,estimated,2,raw_instance,two_sided_Student_t_95_df_n_minus_1,unadjusted_exploratory
all_designs_diagnostic,original_e4,cubic_spin_glass,fully_quadratized,equal_2q_budget_128,zero_depth_only,original_only_minus_cold,auxiliary_inconsistency_rate,2,1.8318679906315083e-15,1.962615573354719e-15,-1.5801533326496438e-14,1.9465269307759455e-14,1,estimated,2,raw_instance,two_sided_Student_t_95_df_n_minus_1,unadjusted_exploratory
all_designs_diagnostic,original_e4,cubic_spin_glass,fully_quadratized,equal_2q_budget_128,zero_depth_only,original_only_minus_cold,statevector_norm,2,7.216449660063518e-16,2.3551386880256624e-16,-1.3943631920490018e-15,2.8376531240617053e-15,1,estimated,2,raw_instance,two_sided_Student_t_95_df_n_minus_1,unadjusted_exploratory
all_designs_diagnostic,original_e4,cubic_spin_glass,fully_quadratized,equal_2q_budget_128,zero_depth_only,pair_minus_cold,original_objective_mean,2,-0.2222222222222225,0.31426968052735466,-3.0458232747054894,2.6013788302610448,1,estimated,2,raw_instance,two_sided_Student_t_95_df_n_minus_1,unadjusted_exploratory
all_designs_diagnostic,original_e4,cubic_spin_glass,fully_quadratized,equal_2q_budget_128,zero_depth_only,pair_minus_cold,encoded_energy_mean,2,-4.594444444444427,3.951941232631522,-40.10122767942185,30.912338790532992,1,estimated,2,raw_instance,two_sided_Student_t_95_df_n_minus_1,unadjusted_exploratory
all_designs_diagnostic,original_e4,cubic_spin_glass,fully_quadratized,equal_2q_budget_128,zero_depth_only,pair_minus_cold,optimum_hit_rate,2,0.03784106009945136,0.04854349585200157,-0.3983049459324545,0.47398706613135727,1,estimated,2,raw_instance,two_sided_Student_t_95_df_n_minus_1,unadjusted_exploratory
all_designs_diagnostic,original_e4,cubic_spin_glass,fully_quadratized,equal_2q_budget_128,zero_depth_only,pair_minus_cold,auxiliary_inconsistency_rate,2,-0.0039893745260530245,0.005641827560130553,-0.05467918402336827,0.04670043497126222,1,estimated,2,raw_instance,two_sided_Student_t_95_df_n_minus_1,unadjusted_exploratory
all_designs_diagnostic,original_e4,cubic_spin_glass,fully_quadratized,equal_2q_budget_128,zero_depth_only,pair_minus_cold,statevector_norm,2,1.1102230246251565e-16,6.280369834735101e-16,-5.5316661190184276e-15,5.753710723943459e-15,1,estimated,2,raw_instance,two_sided_Student_t_95_df_n_minus_1,unadjusted_exploratory
all_designs_diagnostic,original_e4,cubic_spin_glass,fully_quadratized,equal_2q_budget_128,zero_depth_only,pair_minus_independence,original_objective_mean,2,3.9898639947466563e-16,7.703266125417271e-16,-6.522123617498053e-15,7.320096416447384e-15,1,estimated,2,raw_instance,two_sided_Student_t_95_df_n_minus_1,unadjusted_exploratory
all_designs_diagnostic,original_e4,cubic_spin_glass,fully_quadratized,equal_2q_budget_128,zero_depth_only,pair_minus_independence,encoded_energy_mean,2,9.549074074074039,10.466489818563184,-84.48860597800478,103.58675412615287,1,estimated,2,raw_instance,two_sided_Student_t_95_df_n_minus_1,unadjusted_exploratory
all_designs_diagnostic,original_e4,cubic_spin_glass,fully_quadratized,equal_2q_budget_128,zero_depth_only,pair_minus_independence,optimum_hit_rate,2,1.5612511283791264e-17,1.717288626685379e-17,-1.3867975024107827e-16,1.699047728086608e-16,1,estimated,2,raw_instance,two_sided_Student_t_95_df_n_minus_1,unadjusted_exploratory
all_designs_diagnostic,original_e4,cubic_spin_glass,fully_quadratized,equal_2q_budget_128,zero_depth_only,pair_minus_independence,auxiliary_inconsistency_rate,2,0.06128859567124695,0.09562580380757886,-0.7978751640097828,0.9204523553522765,1,estimated,2,raw_instance,two_sided_Student_t_95_df_n_minus_1,unadjusted_exploratory
all_designs_diagnostic,original_e4,cubic_spin_glass,fully_quadratized,equal_2q_budget_128,zero_depth_only,pair_minus_independence,statevector_norm,2,-3.885780586188048e-16,5.495323605393213e-16,-5.32593042741463e-15,4.54877431017702e-15,1,estimated,2,raw_instance,two_sided_Student_t_95_df_n_minus_1,unadjusted_exploratory
all_designs_diagnostic,original_e4,cubic_spin_glass,fully_quadratized,equal_2q_budget_128,zero_depth_only,pair_minus_original_only,original_objective_mean,2,-6.661338147750939e-16,9.42055475210265e-16,-9.130166446996508e-15,7.79789881744632e-15,1,estimated,2,raw_instance,two_sided_Student_t_95_df_n_minus_1,unadjusted_exploratory
all_designs_diagnostic,original_e4,cubic_spin_glass,fully_quadratized,equal_2q_budget_128,zero_depth_only,pair_minus_original_only,encoded_energy_mean,2,1.6111111111110645,2.278455183823254,-18.859996519392016,22.082218741614145,1,estimated,2,raw_instance,two_sided_Student_t_95_df_n_minus_1,unadjusted_exploratory
all_designs_diagnostic,original_e4,cubic_spin_glass,fully_quadratized,equal_2q_budget_128,zero_depth_only,pair_minus_original_only,optimum_hit_rate,2,-1.3877787807814457e-17,1.962615573354719e-17,-1.9021180097909393e-16,1.6245622536346502e-16,1,estimated,2,raw_instance,two_sided_Student_t_95_df_n_minus_1,unadjusted_exploratory
all_designs_diagnostic,original_e4,cubic_spin_glass,fully_quadratized,equal_2q_budget_128,zero_depth_only,pair_minus_original_only,auxiliary_inconsistency_rate,2,-0.003989374526054856,0.005641827560132516,-0.05467918402338775,0.046700434971278036,1,estimated,2,raw_instance,two_sided_Student_t_95_df_n_minus_1,unadjusted_exploratory
all_designs_diagnostic,original_e4,cubic_spin_glass,fully_quadratized,equal_2q_budget_128,zero_depth_only,pair_minus_original_only,statevector_norm,2,-6.106226635438361e-16,8.635508522760763e-16,-8.369319243080132e-15,7.14807391599246e-15,1,estimated,2,raw_instance,two_sided_Student_t_95_df_n_minus_1,unadjusted_exploratory
all_designs_diagnostic,original_e4,cubic_spin_glass,fully_quadratized,equal_2q_budget_256,all_scheduled,independence_minus_cold,original_objective_mean,7,-0.28336426239185725,0.6063902874846713,-0.8441817415934121,0.27745321680969764,6,estimated,0,raw_instance,two_sided_Student_t_95_df_n_minus_1,unadjusted_exploratory
all_designs_diagnostic,original_e4,cubic_spin_glass,fully_quadratized,equal_2q_budget_256,all_scheduled,independence_minus_cold,encoded_energy_mean,7,-1.6803963497787575,6.308278377885197,-7.514580786772532,4.153788087215018,6,estimated,0,raw_instance,two_sided_Student_t_95_df_n_minus_1,unadjusted_exploratory
all_designs_diagnostic,original_e4,cubic_spin_glass,fully_quadratized,equal_2q_budget_256,all_scheduled,independence_minus_cold,optimum_hit_rate,7,0.025093192299053577,0.0539130511360078,-0.02476806382293655,0.0749544484210437,6,estimated,0,raw_instance,two_sided_Student_t_95_df_n_minus_1,unadjusted_exploratory
all_designs_diagnostic,original_e4,cubic_spin_glass,fully_quadratized,equal_2q_budget_256,all_scheduled,independence_minus_cold,auxiliary_inconsistency_rate,7,-0.017107258340800322,0.030805530169880527,-0.04559762194309757,0.011383105261496926,6,estimated,0,raw_instance,two_sided_Student_t_95_df_n_minus_1,unadjusted_exploratory
all_designs_diagnostic,original_e4,cubic_spin_glass,fully_quadratized,equal_2q_budget_256,all_scheduled,independence_minus_cold,statevector_norm,7,-4.123685520036296e-16,4.609511127449184e-16,-8.386772288082389e-16,1.3940124800979725e-17,6,estimated,0,raw_instance,two_sided_Student_t_95_df_n_minus_1,unadjusted_exploratory
all_designs_diagnostic,original_e4,cubic_spin_glass,fully_quadratized,equal_2q_budget_256,all_scheduled,original_only_minus_cold,original_objective_mean,7,-0.3074098504380722,0.8389282060824244,-1.0832890349774864,0.4684693341013421,6,estimated,0,raw_instance,two_sided_Student_t_95_df_n_minus_1,unadjusted_exploratory
all_designs_diagnostic,original_e4,cubic_spin_glass,fully_quadratized,equal_2q_budget_256,all_scheduled,original_only_minus_cold,encoded_energy_mean,7,-0.9371614266390829,3.5134506222707387,-4.186561296571563,2.312238443293397,6,estimated,0,raw_instance,two_sided_Student_t_95_df_n_minus_1,unadjusted_exploratory
all_designs_diagnostic,original_e4,cubic_spin_glass,fully_quadratized,equal_2q_budget_256,all_scheduled,original_only_minus_cold,optimum_hit_rate,7,0.03219519496948034,0.06470062491322212,-0.027642902895033676,0.09203329283399436,6,estimated,0,raw_instance,two_sided_Student_t_95_df_n_minus_1,unadjusted_exploratory
all_designs_diagnostic,original_e4,cubic_spin_glass,fully_quadratized,equal_2q_budget_256,all_scheduled,original_only_minus_cold,auxiliary_inconsistency_rate,7,-0.020255191440962883,0.04174390555370096,-0.05886186501049322,0.01835148212856745,6,estimated,0,raw_instance,two_sided_Student_t_95_df_n_minus_1,unadjusted_exploratory
all_designs_diagnostic,original_e4,cubic_spin_glass,fully_quadratized,equal_2q_budget_256,all_scheduled,original_only_minus_cold,statevector_norm,7,3.0134624954111393e-16,8.075280409865478e-16,-4.454926258128942e-16,1.048185124895122e-15,6,estimated,0,raw_instance,two_sided_Student_t_95_df_n_minus_1,unadjusted_exploratory
all_designs_diagnostic,original_e4,cubic_spin_glass,fully_quadratized,equal_2q_budget_256,all_scheduled,pair_minus_cold,original_objective_mean,7,-0.1299449367418007,0.506196189901496,-0.5980983307869927,0.3382084573033913,6,estimated,0,raw_instance,two_sided_Student_t_95_df_n_minus_1,unadjusted_exploratory
all_designs_diagnostic,original_e4,cubic_spin_glass,fully_quadratized,equal_2q_budget_256,all_scheduled,pair_minus_cold,encoded_energy_mean,7,-1.7107227752148535,2.2546820056243213,-3.795955841925708,0.37451029149600124,6,estimated,0,raw_instance,two_sided_Student_t_95_df_n_minus_1,unadjusted_exploratory
all_designs_diagnostic,original_e4,cubic_spin_glass,fully_quadratized,equal_2q_budget_256,all_scheduled,pair_minus_cold,optimum_hit_rate,7,0.017865038969942706,0.036682627372204596,-0.016060732992375832,0.05179081093226125,6,estimated,0,raw_instance,two_sided_Student_t_95_df_n_minus_1,unadjusted_exploratory
all_designs_diagnostic,original_e4,cubic_spin_glass,fully_quadratized,equal_2q_budget_256,all_scheduled,pair_minus_cold,auxiliary_inconsistency_rate,7,-0.017241824560731898,0.035530666562934556,-0.05010221046636802,0.01561856134490423,6,estimated,0,raw_instance,two_sided_Student_t_95_df_n_minus_1,unadjusted_exploratory
all_designs_diagnostic,original_e4,cubic_spin_glass,fully_quadratized,equal_2q_budget_256,all_scheduled,pair_minus_cold,statevector_norm,7,-2.220446049250313e-16,5.167806939328294e-16,-6.999870325216572e-16,2.558978226715946e-16,6,estimated,0,raw_instance,two_sided_Student_t_95_df_n_minus_1,unadjusted_exploratory
all_designs_diagnostic,original_e4,cubic_spin_glass,fully_quadratized,equal_2q_budget_256,all_scheduled,pair_minus_independence,original_objective_mean,7,0.15341932565005653,0.19841802745908707,-0.030086743435133123,0.3369253947352462,6,estimated,0,raw_instance,two_sided_Student_t_95_df_n_minus_1,unadjusted_exploratory
all_designs_diagnostic,original_e4,cubic_spin_glass,fully_quadratized,equal_2q_budget_256,all_scheduled,pair_minus_independence,encoded_energy_mean,7,-0.030326425436096014,5.914934179177001,-5.500728152629027,5.440075301756836,6,estimated,0,raw_instance,two_sided_Student_t_95_df_n_minus_1,unadjusted_exploratory
all_designs_diagnostic,original_e4,cubic_spin_glass,fully_quadratized,equal_2q_budget_256,all_scheduled,pair_minus_independence,optimum_hit_rate,7,-0.007228153329110872,0.01873928553121654,-0.024559101879174334,0.01010279522095259,6,estimated,0,raw_instance,two_sided_Student_t_95_df_n_minus_1,unadjusted_exploratory
all_designs_diagnostic,original_e4,cubic_spin_glass,fully_quadratized,equal_2q_budget_256,all_scheduled,pair_minus_independence,auxiliary_inconsistency_rate,7,-0.00013456621993157558,0.059092414913493554,-0.054785934910521895,0.054516802470658744,6,estimated,0,raw_instance,two_sided_Student_t_95_df_n_minus_1,unadjusted_exploratory
all_designs_diagnostic,original_e4,cubic_spin_glass,fully_quadratized,equal_2q_budget_256,all_scheduled,pair_minus_independence,statevector_norm,7,1.9032394707859825e-16,6.683330079969613e-16,-4.2778099382800093e-16,8.084288879851975e-16,6,estimated,0,raw_instance,two_sided_Student_t_95_df_n_minus_1,unadjusted_exploratory
all_designs_diagnostic,original_e4,cubic_spin_glass,fully_quadratized,equal_2q_budget_256,all_scheduled,pair_minus_original_only,original_objective_mean,7,0.17746491369627151,0.41314095705375187,-0.20462674389093863,0.5595565712834817,6,estimated,0,raw_instance,two_sided_Student_t_95_df_n_minus_1,unadjusted_exploratory
all_designs_diagnostic,original_e4,cubic_spin_glass,fully_quadratized,equal_2q_budget_256,all_scheduled,pair_minus_original_only,encoded_energy_mean,7,-0.7735613485757707,3.1385710033490692,-3.676255396817456,2.1291326996659143,6,estimated,0,raw_instance,two_sided_Student_t_95_df_n_minus_1,unadjusted_exploratory
all_designs_diagnostic,original_e4,cubic_spin_glass,fully_quadratized,equal_2q_budget_256,all_scheduled,pair_minus_original_only,optimum_hit_rate,7,-0.014330155999537632,0.02901322287238815,-0.04116291181806966,0.012502599818994391,6,estimated,0,raw_instance,two_sided_Student_t_95_df_n_minus_1,unadjusted_exploratory
all_designs_diagnostic,original_e4,cubic_spin_glass,fully_quadratized,equal_2q_budget_256,all_scheduled,pair_minus_original_only,auxiliary_inconsistency_rate,7,0.003013366880230985,0.018923424288566523,-0.01448788161666818,0.02051461537713015,6,estimated,0,raw_instance,two_sided_Student_t_95_df_n_minus_1,unadjusted_exploratory
all_designs_diagnostic,original_e4,cubic_spin_glass,fully_quadratized,equal_2q_budget_256,all_scheduled,pair_minus_original_only,statevector_norm,7,-5.233908544661452e-16,1.0853611413381782e-15,-1.5271824914223794e-15,4.80400782490089e-16,6,estimated,0,raw_instance,two_sided_Student_t_95_df_n_minus_1,unadjusted_exploratory
all_designs_diagnostic,original_e4,cubic_spin_glass,fully_quadratized,equal_2q_budget_256,positive_depth_only,independence_minus_cold,original_objective_mean,7,-0.28336426239185725,0.6063902874846713,-0.8441817415934121,0.27745321680969764,6,estimated,0,raw_instance,two_sided_Student_t_95_df_n_minus_1,unadjusted_exploratory
all_designs_diagnostic,original_e4,cubic_spin_glass,fully_quadratized,equal_2q_budget_256,positive_depth_only,independence_minus_cold,encoded_energy_mean,7,-1.6803963497787575,6.308278377885197,-7.514580786772532,4.153788087215018,6,estimated,0,raw_instance,two_sided_Student_t_95_df_n_minus_1,unadjusted_exploratory
all_designs_diagnostic,original_e4,cubic_spin_glass,fully_quadratized,equal_2q_budget_256,positive_depth_only,independence_minus_cold,optimum_hit_rate,7,0.025093192299053577,0.0539130511360078,-0.02476806382293655,0.0749544484210437,6,estimated,0,raw_instance,two_sided_Student_t_95_df_n_minus_1,unadjusted_exploratory
all_designs_diagnostic,original_e4,cubic_spin_glass,fully_quadratized,equal_2q_budget_256,positive_depth_only,independence_minus_cold,auxiliary_inconsistency_rate,7,-0.017107258340800322,0.030805530169880527,-0.04559762194309757,0.011383105261496926,6,estimated,0,raw_instance,two_sided_Student_t_95_df_n_minus_1,unadjusted_exploratory
all_designs_diagnostic,original_e4,cubic_spin_glass,fully_quadratized,equal_2q_budget_256,positive_depth_only,independence_minus_cold,statevector_norm,7,-4.123685520036296e-16,4.609511127449184e-16,-8.386772288082389e-16,1.3940124800979725e-17,6,estimated,0,raw_instance,two_sided_Student_t_95_df_n_minus_1,unadjusted_exploratory
all_designs_diagnostic,original_e4,cubic_spin_glass,fully_quadratized,equal_2q_budget_256,positive_depth_only,original_only_minus_cold,original_objective_mean,7,-0.3074098504380722,0.8389282060824244,-1.0832890349774864,0.4684693341013421,6,estimated,0,raw_instance,two_sided_Student_t_95_df_n_minus_1,unadjusted_exploratory
all_designs_diagnostic,original_e4,cubic_spin_glass,fully_quadratized,equal_2q_budget_256,positive_depth_only,original_only_minus_cold,encoded_energy_mean,7,-0.9371614266390829,3.5134506222707387,-4.186561296571563,2.312238443293397,6,estimated,0,raw_instance,two_sided_Student_t_95_df_n_minus_1,unadjusted_exploratory
all_designs_diagnostic,original_e4,cubic_spin_glass,fully_quadratized,equal_2q_budget_256,positive_depth_only,original_only_minus_cold,optimum_hit_rate,7,0.03219519496948034,0.06470062491322212,-0.027642902895033676,0.09203329283399436,6,estimated,0,raw_instance,two_sided_Student_t_95_df_n_minus_1,unadjusted_exploratory
all_designs_diagnostic,original_e4,cubic_spin_glass,fully_quadratized,equal_2q_budget_256,positive_depth_only,original_only_minus_cold,auxiliary_inconsistency_rate,7,-0.020255191440962883,0.04174390555370096,-0.05886186501049322,0.01835148212856745,6,estimated,0,raw_instance,two_sided_Student_t_95_df_n_minus_1,unadjusted_exploratory
all_designs_diagnostic,original_e4,cubic_spin_glass,fully_quadratized,equal_2q_budget_256,positive_depth_only,original_only_minus_cold,statevector_norm,7,3.0134624954111393e-16,8.075280409865478e-16,-4.454926258128942e-16,1.048185124895122e-15,6,estimated,0,raw_instance,two_sided_Student_t_95_df_n_minus_1,unadjusted_exploratory
all_designs_diagnostic,original_e4,cubic_spin_glass,fully_quadratized,equal_2q_budget_256,positive_depth_only,pair_minus_cold,original_objective_mean,7,-0.1299449367418007,0.506196189901496,-0.5980983307869927,0.3382084573033913,6,estimated,0,raw_instance,two_sided_Student_t_95_df_n_minus_1,unadjusted_exploratory
all_designs_diagnostic,original_e4,cubic_spin_glass,fully_quadratized,equal_2q_budget_256,positive_depth_only,pair_minus_cold,encoded_energy_mean,7,-1.7107227752148535,2.2546820056243213,-3.795955841925708,0.37451029149600124,6,estimated,0,raw_instance,two_sided_Student_t_95_df_n_minus_1,unadjusted_exploratory
all_designs_diagnostic,original_e4,cubic_spin_glass,fully_quadratized,equal_2q_budget_256,positive_depth_only,pair_minus_cold,optimum_hit_rate,7,0.017865038969942706,0.036682627372204596,-0.016060732992375832,0.05179081093226125,6,estimated,0,raw_instance,two_sided_Student_t_95_df_n_minus_1,unadjusted_exploratory
all_designs_diagnostic,original_e4,cubic_spin_glass,fully_quadratized,equal_2q_budget_256,positive_depth_only,pair_minus_cold,auxiliary_inconsistency_rate,7,-0.017241824560731898,0.035530666562934556,-0.05010221046636802,0.01561856134490423,6,estimated,0,raw_instance,two_sided_Student_t_95_df_n_minus_1,unadjusted_exploratory
all_designs_diagnostic,original_e4,cubic_spin_glass,fully_quadratized,equal_2q_budget_256,positive_depth_only,pair_minus_cold,statevector_norm,7,-2.220446049250313e-16,5.167806939328294e-16,-6.999870325216572e-16,2.558978226715946e-16,6,estimated,0,raw_instance,two_sided_Student_t_95_df_n_minus_1,unadjusted_exploratory
all_designs_diagnostic,original_e4,cubic_spin_glass,fully_quadratized,equal_2q_budget_256,positive_depth_only,pair_minus_independence,original_objective_mean,7,0.15341932565005653,0.19841802745908707,-0.030086743435133123,0.3369253947352462,6,estimated,0,raw_instance,two_sided_Student_t_95_df_n_minus_1,unadjusted_exploratory
all_designs_diagnostic,original_e4,cubic_spin_glass,fully_quadratized,equal_2q_budget_256,positive_depth_only,pair_minus_independence,encoded_energy_mean,7,-0.030326425436096014,5.914934179177001,-5.500728152629027,5.440075301756836,6,estimated,0,raw_instance,two_sided_Student_t_95_df_n_minus_1,unadjusted_exploratory
all_designs_diagnostic,original_e4,cubic_spin_glass,fully_quadratized,equal_2q_budget_256,positive_depth_only,pair_minus_independence,optimum_hit_rate,7,-0.007228153329110872,0.01873928553121654,-0.024559101879174334,0.01010279522095259,6,estimated,0,raw_instance,two_sided_Student_t_95_df_n_minus_1,unadjusted_exploratory
all_designs_diagnostic,original_e4,cubic_spin_glass,fully_quadratized,equal_2q_budget_256,positive_depth_only,pair_minus_independence,auxiliary_inconsistency_rate,7,-0.00013456621993157558,0.059092414913493554,-0.054785934910521895,0.054516802470658744,6,estimated,0,raw_instance,two_sided_Student_t_95_df_n_minus_1,unadjusted_exploratory
all_designs_diagnostic,original_e4,cubic_spin_glass,fully_quadratized,equal_2q_budget_256,positive_depth_only,pair_minus_independence,statevector_norm,7,1.9032394707859825e-16,6.683330079969613e-16,-4.2778099382800093e-16,8.084288879851975e-16,6,estimated,0,raw_instance,two_sided_Student_t_95_df_n_minus_1,unadjusted_exploratory
all_designs_diagnostic,original_e4,cubic_spin_glass,fully_quadratized,equal_2q_budget_256,positive_depth_only,pair_minus_original_only,original_objective_mean,7,0.17746491369627151,0.41314095705375187,-0.20462674389093863,0.5595565712834817,6,estimated,0,raw_instance,two_sided_Student_t_95_df_n_minus_1,unadjusted_exploratory
all_designs_diagnostic,original_e4,cubic_spin_glass,fully_quadratized,equal_2q_budget_256,positive_depth_only,pair_minus_original_only,encoded_energy_mean,7,-0.7735613485757707,3.1385710033490692,-3.676255396817456,2.1291326996659143,6,estimated,0,raw_instance,two_sided_Student_t_95_df_n_minus_1,unadjusted_exploratory
all_designs_diagnostic,original_e4,cubic_spin_glass,fully_quadratized,equal_2q_budget_256,positive_depth_only,pair_minus_original_only,optimum_hit_rate,7,-0.014330155999537632,0.02901322287238815,-0.04116291181806966,0.012502599818994391,6,estimated,0,raw_instance,two_sided_Student_t_95_df_n_minus_1,unadjusted_exploratory
all_designs_diagnostic,original_e4,cubic_spin_glass,fully_quadratized,equal_2q_budget_256,positive_depth_only,pair_minus_original_only,auxiliary_inconsistency_rate,7,0.003013366880230985,0.018923424288566523,-0.01448788161666818,0.02051461537713015,6,estimated,0,raw_instance,two_sided_Student_t_95_df_n_minus_1,unadjusted_exploratory
all_designs_diagnostic,original_e4,cubic_spin_glass,fully_quadratized,equal_2q_budget_256,positive_depth_only,pair_minus_original_only,statevector_norm,7,-5.233908544661452e-16,1.0853611413381782e-15,-1.5271824914223794e-15,4.80400782490089e-16,6,estimated,0,raw_instance,two_sided_Student_t_95_df_n_minus_1,unadjusted_exploratory
all_designs_diagnostic,original_e4,cubic_spin_glass,fully_quadratized,equal_layer_p1,all_scheduled,independence_minus_cold,original_objective_mean,7,-0.18231390422916613,0.20131938489988763,-0.3685032814078311,0.0038754729494988593,6,estimated,0,raw_instance,two_sided_Student_t_95_df_n_minus_1,unadjusted_exploratory
all_designs_diagnostic,original_e4,cubic_spin_glass,fully_quadratized,equal_layer_p1,all_scheduled,independence_minus_cold,encoded_energy_mean,7,-1.4676607714978662,11.331660364103255,-11.947698680622866,9.012377137627132,6,estimated,0,raw_instance,two_sided_Student_t_95_df_n_minus_1,unadjusted_exploratory
all_designs_diagnostic,original_e4,cubic_spin_glass,fully_quadratized,equal_layer_p1,all_scheduled,independence_minus_cold,optimum_hit_rate,7,0.021399719148481513,0.025675353766499678,-0.0023460226190274054,0.045145460915990435,6,estimated,0,raw_instance,two_sided_Student_t_95_df_n_minus_1,unadjusted_exploratory
all_designs_diagnostic,original_e4,cubic_spin_glass,fully_quadratized,equal_layer_p1,all_scheduled,independence_minus_cold,auxiliary_inconsistency_rate,7,0.015127453271734037,0.07358463233636939,-0.05292698108610368,0.08318188762957175,6,estimated,0,raw_instance,two_sided_Student_t_95_df_n_minus_1,unadjusted_exploratory
all_designs_diagnostic,original_e4,cubic_spin_glass,fully_quadratized,equal_layer_p1,all_scheduled,independence_minus_cold,statevector_norm,7,4.916701966197122e-16,9.17434691009154e-16,-3.5681537671958266e-16,1.340155769959007e-15,6,estimated,0,raw_instance,two_sided_Student_t_95_df_n_minus_1,unadjusted_exploratory
all_designs_diagnostic,original_e4,cubic_spin_glass,fully_quadratized,equal_layer_p1,all_scheduled,original_only_minus_cold,original_objective_mean,7,-0.00390878862983432,0.12997149493220025,-0.12411237312041999,0.11629479586075135,6,estimated,0,raw_instance,two_sided_Student_t_95_df_n_minus_1,unadjusted_exploratory
all_designs_diagnostic,original_e4,cubic_spin_glass,fully_quadratized,equal_layer_p1,all_scheduled,original_only_minus_cold,encoded_energy_mean,7,-0.9842478650206614,10.171341133655517,-10.391169467174404,8.422673737133081,6,estimated,0,raw_instance,two_sided_Student_t_95_df_n_minus_1,unadjusted_exploratory
all_designs_diagnostic,original_e4,cubic_spin_glass,fully_quadratized,equal_layer_p1,all_scheduled,original_only_minus_cold,optimum_hit_rate,7,0.00955491518929265,0.02608278861315665,-0.014567640963863577,0.033677471342448875,6,estimated,0,raw_instance,two_sided_Student_t_95_df_n_minus_1,unadjusted_exploratory
all_designs_diagnostic,original_e4,cubic_spin_glass,fully_quadratized,equal_layer_p1,all_scheduled,original_only_minus_cold,auxiliary_inconsistency_rate,7,0.026259943481768917,0.056942438423367256,-0.026403028592944335,0.07892291555648218,6,estimated,0,raw_instance,two_sided_Student_t_95_df_n_minus_1,unadjusted_exploratory
all_designs_diagnostic,original_e4,cubic_spin_glass,fully_quadratized,equal_layer_p1,all_scheduled,original_only_minus_cold,statevector_norm,7,4.916701966197122e-16,4.833281816314857e-16,4.466618279554121e-17,9.386742104438833e-16,6,estimated,0,raw_instance,two_sided_Student_t_95_df_n_minus_1,unadjusted_exploratory
all_designs_diagnostic,original_e4,cubic_spin_glass,fully_quadratized,equal_layer_p1,all_scheduled,pair_minus_cold,original_objective_mean,7,-0.2620162284922624,0.6798347312024621,-0.8907584892038001,0.3667260322192752,6,estimated,0,raw_instance,two_sided_Student_t_95_df_n_minus_1,unadjusted_exploratory
all_designs_diagnostic,original_e4,cubic_spin_glass,fully_quadratized,equal_layer_p1,all_scheduled,pair_minus_cold,encoded_energy_mean,7,1.7163696991938981,4.525964794855512,-2.469449598365373,5.9021889967531695,6,estimated,0,raw_instance,two_sided_Student_t_95_df_n_minus_1,unadjusted_exploratory
all_designs_diagnostic,original_e4,cubic_spin_glass,fully_quadratized,equal_layer_p1,all_scheduled,pair_minus_cold,optimum_hit_rate,7,0.023616404524962258,0.060976112528393835,-0.03277709389588543,0.08000990294580994,6,estimated,0,raw_instance,two_sided_Student_t_95_df_n_minus_1,unadjusted_exploratory
all_designs_diagnostic,original_e4,cubic_spin_glass,fully_quadratized,equal_layer_p1,all_scheduled,pair_minus_cold,auxiliary_inconsistency_rate,7,0.022944414390446383,0.06271119455710325,-0.035053767267636246,0.08094259604852902,6,estimated,0,raw_instance,two_sided_Student_t_95_df_n_minus_1,unadjusted_exploratory
all_designs_diagnostic,original_e4,cubic_spin_glass,fully_quadratized,equal_layer_p1,all_scheduled,pair_minus_cold,statevector_norm,7,2.061842760018148e-16,4.1257183944610006e-16,-1.7538103558566573e-16,5.877495875892953e-16,6,estimated,0,raw_instance,two_sided_Student_t_95_df_n_minus_1,unadjusted_exploratory
all_designs_diagnostic,original_e4,cubic_spin_glass,fully_quadratized,equal_layer_p1,all_scheduled,pair_minus_independence,original_objective_mean,7,-0.07970232426309629,0.7515102342122922,-0.7747333691918326,0.6153287206656399,6,estimated,0,raw_instance,two_sided_Student_t_95_df_n_minus_1,unadjusted_exploratory
all_designs_diagnostic,original_e4,cubic_spin_glass,fully_quadratized,equal_layer_p1,all_scheduled,pair_minus_independence,encoded_energy_mean,7,3.184030470691764,8.362940019447029,-4.550399049732645,10.918459991116173,6,estimated,0,raw_instance,two_sided_Student_t_95_df_n_minus_1,unadjusted_exploratory
all_designs_diagnostic,original_e4,cubic_spin_glass,fully_quadratized,equal_layer_p1,all_scheduled,pair_minus_independence,optimum_hit_rate,7,0.002216685376480745,0.042538408769117575,-0.03712478111385266,0.04155815186681415,6,estimated,0,raw_instance,two_sided_Student_t_95_df_n_minus_1,unadjusted_exploratory
all_designs_diagnostic,original_e4,cubic_spin_glass,fully_quadratized,equal_layer_p1,all_scheduled,pair_minus_independence,auxiliary_inconsistency_rate,7,0.007816961118712345,0.03177898786766841,-0.021573700696551505,0.03720762293397619,6,estimated,0,raw_instance,two_sided_Student_t_95_df_n_minus_1,unadjusted_exploratory
all_designs_diagnostic,original_e4,cubic_spin_glass,fully_quadratized,equal_layer_p1,all_scheduled,pair_minus_independence,statevector_norm,7,-2.854859206178974e-16,9.525884846225465e-16,-1.1664833305177883e-15,5.955114892819936e-16,6,estimated,0,raw_instance,two_sided_Student_t_95_df_n_minus_1,unadjusted_exploratory
all_designs_diagnostic,original_e4,cubic_spin_glass,fully_quadratized,equal_layer_p1,all_scheduled,pair_minus_original_only,original_objective_mean,7,-0.25810743986242807,0.6551842647392614,-0.8640518214714179,0.3478369417465618,6,estimated,0,raw_instance,two_sided_Student_t_95_df_n_minus_1,unadjusted_exploratory
all_designs_diagnostic,original_e4,cubic_spin_glass,fully_quadratized,equal_layer_p1,all_scheduled,pair_minus_original_only,encoded_energy_mean,7,2.70061756421456,7.277809240320087,-4.03023336876525,9.43146849719437,6,estimated,0,raw_instance,two_sided_Student_t_95_df_n_minus_1,unadjusted_exploratory
all_designs_diagnostic,original_e4,cubic_spin_glass,fully_quadratized,equal_layer_p1,all_scheduled,pair_minus_original_only,optimum_hit_rate,7,0.014061489335669608,0.035493181549836765,-0.018764228714977384,0.0468872073863166,6,estimated,0,raw_instance,two_sided_Student_t_95_df_n_minus_1,unadjusted_exploratory
all_designs_diagnostic,original_e4,cubic_spin_glass,fully_quadratized,equal_layer_p1,all_scheduled,pair_minus_original_only,auxiliary_inconsistency_rate,7,-0.0033155290913225366,0.01385932436962315,-0.016133266309129167,0.009502208126484096,6,estimated,0,raw_instance,two_sided_Student_t_95_df_n_minus_1,unadjusted_exploratory
all_designs_diagnostic,original_e4,cubic_spin_glass,fully_quadratized,equal_layer_p1,all_scheduled,pair_minus_original_only,statevector_norm,7,-2.854859206178974e-16,4.244922543873552e-16,-6.780757772819846e-16,1.0710393604618978e-16,6,estimated,0,raw_instance,two_sided_Student_t_95_df_n_minus_1,unadjusted_exploratory
all_designs_diagnostic,original_e4,cubic_spin_glass,fully_quadratized,equal_layer_p1,positive_depth_only,independence_minus_cold,original_objective_mean,7,-0.18231390422916613,0.20131938489988763,-0.3685032814078311,0.0038754729494988593,6,estimated,0,raw_instance,two_sided_Student_t_95_df_n_minus_1,unadjusted_exploratory
all_designs_diagnostic,original_e4,cubic_spin_glass,fully_quadratized,equal_layer_p1,positive_depth_only,independence_minus_cold,encoded_energy_mean,7,-1.4676607714978662,11.331660364103255,-11.947698680622866,9.012377137627132,6,estimated,0,raw_instance,two_sided_Student_t_95_df_n_minus_1,unadjusted_exploratory
all_designs_diagnostic,original_e4,cubic_spin_glass,fully_quadratized,equal_layer_p1,positive_depth_only,independence_minus_cold,optimum_hit_rate,7,0.021399719148481513,0.025675353766499678,-0.0023460226190274054,0.045145460915990435,6,estimated,0,raw_instance,two_sided_Student_t_95_df_n_minus_1,unadjusted_exploratory
all_designs_diagnostic,original_e4,cubic_spin_glass,fully_quadratized,equal_layer_p1,positive_depth_only,independence_minus_cold,auxiliary_inconsistency_rate,7,0.015127453271734037,0.07358463233636939,-0.05292698108610368,0.08318188762957175,6,estimated,0,raw_instance,two_sided_Student_t_95_df_n_minus_1,unadjusted_exploratory
all_designs_diagnostic,original_e4,cubic_spin_glass,fully_quadratized,equal_layer_p1,positive_depth_only,independence_minus_cold,statevector_norm,7,4.916701966197122e-16,9.17434691009154e-16,-3.5681537671958266e-16,1.340155769959007e-15,6,estimated,0,raw_instance,two_sided_Student_t_95_df_n_minus_1,unadjusted_exploratory
all_designs_diagnostic,original_e4,cubic_spin_glass,fully_quadratized,equal_layer_p1,positive_depth_only,original_only_minus_cold,original_objective_mean,7,-0.00390878862983432,0.12997149493220025,-0.12411237312041999,0.11629479586075135,6,estimated,0,raw_instance,two_sided_Student_t_95_df_n_minus_1,unadjusted_exploratory
all_designs_diagnostic,original_e4,cubic_spin_glass,fully_quadratized,equal_layer_p1,positive_depth_only,original_only_minus_cold,encoded_energy_mean,7,-0.9842478650206614,10.171341133655517,-10.391169467174404,8.422673737133081,6,estimated,0,raw_instance,two_sided_Student_t_95_df_n_minus_1,unadjusted_exploratory
all_designs_diagnostic,original_e4,cubic_spin_glass,fully_quadratized,equal_layer_p1,positive_depth_only,original_only_minus_cold,optimum_hit_rate,7,0.00955491518929265,0.02608278861315665,-0.014567640963863577,0.033677471342448875,6,estimated,0,raw_instance,two_sided_Student_t_95_df_n_minus_1,unadjusted_exploratory
all_designs_diagnostic,original_e4,cubic_spin_glass,fully_quadratized,equal_layer_p1,positive_depth_only,original_only_minus_cold,auxiliary_inconsistency_rate,7,0.026259943481768917,0.056942438423367256,-0.026403028592944335,0.07892291555648218,6,estimated,0,raw_instance,two_sided_Student_t_95_df_n_minus_1,unadjusted_exploratory
all_designs_diagnostic,original_e4,cubic_spin_glass,fully_quadratized,equal_layer_p1,positive_depth_only,original_only_minus_cold,statevector_norm,7,4.916701966197122e-16,4.833281816314857e-16,4.466618279554121e-17,9.386742104438833e-16,6,estimated,0,raw_instance,two_sided_Student_t_95_df_n_minus_1,unadjusted_exploratory
all_designs_diagnostic,original_e4,cubic_spin_glass,fully_quadratized,equal_layer_p1,positive_depth_only,pair_minus_cold,original_objective_mean,7,-0.2620162284922624,0.6798347312024621,-0.8907584892038001,0.3667260322192752,6,estimated,0,raw_instance,two_sided_Student_t_95_df_n_minus_1,unadjusted_exploratory
all_designs_diagnostic,original_e4,cubic_spin_glass,fully_quadratized,equal_layer_p1,positive_depth_only,pair_minus_cold,encoded_energy_mean,7,1.7163696991938981,4.525964794855512,-2.469449598365373,5.9021889967531695,6,estimated,0,raw_instance,two_sided_Student_t_95_df_n_minus_1,unadjusted_exploratory
all_designs_diagnostic,original_e4,cubic_spin_glass,fully_quadratized,equal_layer_p1,positive_depth_only,pair_minus_cold,optimum_hit_rate,7,0.023616404524962258,0.060976112528393835,-0.03277709389588543,0.08000990294580994,6,estimated,0,raw_instance,two_sided_Student_t_95_df_n_minus_1,unadjusted_exploratory
all_designs_diagnostic,original_e4,cubic_spin_glass,fully_quadratized,equal_layer_p1,positive_depth_only,pair_minus_cold,auxiliary_inconsistency_rate,7,0.022944414390446383,0.06271119455710325,-0.035053767267636246,0.08094259604852902,6,estimated,0,raw_instance,two_sided_Student_t_95_df_n_minus_1,unadjusted_exploratory
all_designs_diagnostic,original_e4,cubic_spin_glass,fully_quadratized,equal_layer_p1,positive_depth_only,pair_minus_cold,statevector_norm,7,2.061842760018148e-16,4.1257183944610006e-16,-1.7538103558566573e-16,5.877495875892953e-16,6,estimated,0,raw_instance,two_sided_Student_t_95_df_n_minus_1,unadjusted_exploratory
all_designs_diagnostic,original_e4,cubic_spin_glass,fully_quadratized,equal_layer_p1,positive_depth_only,pair_minus_independence,original_objective_mean,7,-0.07970232426309629,0.7515102342122922,-0.7747333691918326,0.6153287206656399,6,estimated,0,raw_instance,two_sided_Student_t_95_df_n_minus_1,unadjusted_exploratory
all_designs_diagnostic,original_e4,cubic_spin_glass,fully_quadratized,equal_layer_p1,positive_depth_only,pair_minus_independence,encoded_energy_mean,7,3.184030470691764,8.362940019447029,-4.550399049732645,10.918459991116173,6,estimated,0,raw_instance,two_sided_Student_t_95_df_n_minus_1,unadjusted_exploratory
all_designs_diagnostic,original_e4,cubic_spin_glass,fully_quadratized,equal_layer_p1,positive_depth_only,pair_minus_independence,optimum_hit_rate,7,0.002216685376480745,0.042538408769117575,-0.03712478111385266,0.04155815186681415,6,estimated,0,raw_instance,two_sided_Student_t_95_df_n_minus_1,unadjusted_exploratory
all_designs_diagnostic,original_e4,cubic_spin_glass,fully_quadratized,equal_layer_p1,positive_depth_only,pair_minus_independence,auxiliary_inconsistency_rate,7,0.007816961118712345,0.03177898786766841,-0.021573700696551505,0.03720762293397619,6,estimated,0,raw_instance,two_sided_Student_t_95_df_n_minus_1,unadjusted_exploratory
all_designs_diagnostic,original_e4,cubic_spin_glass,fully_quadratized,equal_layer_p1,positive_depth_only,pair_minus_independence,statevector_norm,7,-2.854859206178974e-16,9.525884846225465e-16,-1.1664833305177883e-15,5.955114892819936e-16,6,estimated,0,raw_instance,two_sided_Student_t_95_df_n_minus_1,unadjusted_exploratory
all_designs_diagnostic,original_e4,cubic_spin_glass,fully_quadratized,equal_layer_p1,positive_depth_only,pair_minus_original_only,original_objective_mean,7,-0.25810743986242807,0.6551842647392614,-0.8640518214714179,0.3478369417465618,6,estimated,0,raw_instance,two_sided_Student_t_95_df_n_minus_1,unadjusted_exploratory
all_designs_diagnostic,original_e4,cubic_spin_glass,fully_quadratized,equal_layer_p1,positive_depth_only,pair_minus_original_only,encoded_energy_mean,7,2.70061756421456,7.277809240320087,-4.03023336876525,9.43146849719437,6,estimated,0,raw_instance,two_sided_Student_t_95_df_n_minus_1,unadjusted_exploratory
all_designs_diagnostic,original_e4,cubic_spin_glass,fully_quadratized,equal_layer_p1,positive_depth_only,pair_minus_original_only,optimum_hit_rate,7,0.014061489335669608,0.035493181549836765,-0.018764228714977384,0.0468872073863166,6,estimated,0,raw_instance,two_sided_Student_t_95_df_n_minus_1,unadjusted_exploratory
all_designs_diagnostic,original_e4,cubic_spin_glass,fully_quadratized,equal_layer_p1,positive_depth_only,pair_minus_original_only,auxiliary_inconsistency_rate,7,-0.0033155290913225366,0.01385932436962315,-0.016133266309129167,0.009502208126484096,6,estimated,0,raw_instance,two_sided_Student_t_95_df_n_minus_1,unadjusted_exploratory
all_designs_diagnostic,original_e4,cubic_spin_glass,fully_quadratized,equal_layer_p1,positive_depth_only,pair_minus_original_only,statevector_norm,7,-2.854859206178974e-16,4.244922543873552e-16,-6.780757772819846e-16,1.0710393604618978e-16,6,estimated,0,raw_instance,two_sided_Student_t_95_df_n_minus_1,unadjusted_exploratory
all_designs_diagnostic,original_e4,cubic_spin_glass,fully_quadratized,equal_layer_p2,all_scheduled,independence_minus_cold,original_objective_mean,7,-0.14069743579505475,0.2945960970947878,-0.413153383664259,0.13175851207414954,6,estimated,0,raw_instance,two_sided_Student_t_95_df_n_minus_1,unadjusted_exploratory
all_designs_diagnostic,original_e4,cubic_spin_glass,fully_quadratized,equal_layer_p2,all_scheduled,independence_minus_cold,encoded_energy_mean,7,-3.880374733791239,6.137431062586457,-9.55655175761942,1.795802290036943,6,estimated,0,raw_instance,two_sided_Student_t_95_df_n_minus_1,unadjusted_exploratory
all_designs_diagnostic,original_e4,cubic_spin_glass,fully_quadratized,equal_layer_p2,all_scheduled,independence_minus_cold,optimum_hit_rate,7,0.0014163441966241305,0.014028433249607288,-0.011557792649838658,0.014390481043086918,6,estimated,0,raw_instance,two_sided_Student_t_95_df_n_minus_1,unadjusted_exploratory
all_designs_diagnostic,original_e4,cubic_spin_glass,fully_quadratized,equal_layer_p2,all_scheduled,independence_minus_cold,auxiliary_inconsistency_rate,7,-0.04989939116569718,0.057936112371800144,-0.103481358366833,0.003682576035438638,6,estimated,0,raw_instance,two_sided_Student_t_95_df_n_minus_1,unadjusted_exploratory
all_designs_diagnostic,original_e4,cubic_spin_glass,fully_quadratized,equal_layer_p2,all_scheduled,independence_minus_cold,statevector_norm,7,1.1102230246251565e-16,5.513983501552499e-16,-3.9893611730815153e-16,6.209807222331828e-16,6,estimated,0,raw_instance,two_sided_Student_t_95_df_n_minus_1,unadjusted_exploratory
all_designs_diagnostic,original_e4,cubic_spin_glass,fully_quadratized,equal_layer_p2,all_scheduled,original_only_minus_cold,original_objective_mean,7,0.023962288506162003,0.35291164725393026,-0.30242654798855284,0.35035112500087684,6,estimated,0,raw_instance,two_sided_Student_t_95_df_n_minus_1,unadjusted_exploratory
all_designs_diagnostic,original_e4,cubic_spin_glass,fully_quadratized,equal_layer_p2,all_scheduled,original_only_minus_cold,encoded_energy_mean,7,-2.1446404181357583,5.670162734817087,-7.388666315702755,3.099385479431239,6,estimated,0,raw_instance,two_sided_Student_t_95_df_n_minus_1,unadjusted_exploratory
all_designs_diagnostic,original_e4,cubic_spin_glass,fully_quadratized,equal_layer_p2,all_scheduled,original_only_minus_cold,optimum_hit_rate,7,-0.0017191598568291919,0.02211854821988227,-0.02217540513695496,0.018737085423296575,6,estimated,0,raw_instance,two_sided_Student_t_95_df_n_minus_1,unadjusted_exploratory
all_designs_diagnostic,original_e4,cubic_spin_glass,fully_quadratized,equal_layer_p2,all_scheduled,original_only_minus_cold,auxiliary_inconsistency_rate,7,-0.023116649900302648,0.03051757307942452,-0.05134069761179362,0.005107397811188328,6,estimated,0,raw_instance,two_sided_Student_t_95_df_n_minus_1,unadjusted_exploratory
all_designs_diagnostic,original_e4,cubic_spin_glass,fully_quadratized,equal_layer_p2,all_scheduled,original_only_minus_cold,statevector_norm,7,5.551115123125783e-16,9.888674483621213e-16,-3.5943834295524303e-16,1.4696613675803996e-15,6,estimated,0,raw_instance,two_sided_Student_t_95_df_n_minus_1,unadjusted_exploratory
all_designs_diagnostic,original_e4,cubic_spin_glass,fully_quadratized,equal_layer_p2,all_scheduled,pair_minus_cold,original_objective_mean,7,0.06352041148860726,0.32639538362611875,-0.23834497132864574,0.36538579430586027,6,estimated,0,raw_instance,two_sided_Student_t_95_df_n_minus_1,unadjusted_exploratory
all_designs_diagnostic,original_e4,cubic_spin_glass,fully_quadratized,equal_layer_p2,all_scheduled,pair_minus_cold,encoded_energy_mean,7,-1.7143914625357977,6.019713522378831,-7.281697919800498,3.8529149947289034,6,estimated,0,raw_instance,two_sided_Student_t_95_df_n_minus_1,unadjusted_exploratory
all_designs_diagnostic,original_e4,cubic_spin_glass,fully_quadratized,equal_layer_p2,all_scheduled,pair_minus_cold,optimum_hit_rate,7,-0.008673240533133151,0.016548452944880887,-0.02397800688044746,0.006631525814181159,6,estimated,0,raw_instance,two_sided_Student_t_95_df_n_minus_1,unadjusted_exploratory
all_designs_diagnostic,original_e4,cubic_spin_glass,fully_quadratized,equal_layer_p2,all_scheduled,pair_minus_cold,auxiliary_inconsistency_rate,7,-0.03396603399555011,0.03183553209352083,-0.0634089904976855,-0.004523077493414716,6,estimated,0,raw_instance,two_sided_Student_t_95_df_n_minus_1,unadjusted_exploratory
all_designs_diagnostic,original_e4,cubic_spin_glass,fully_quadratized,equal_layer_p2,all_scheduled,pair_minus_cold,statevector_norm,7,3.806478941571965e-16,9.01624011676086e-16,-4.532152396228905e-16,1.2145110279372834e-15,6,estimated,0,raw_instance,two_sided_Student_t_95_df_n_minus_1,unadjusted_exploratory
all_designs_diagnostic,original_e4,cubic_spin_glass,fully_quadratized,equal_layer_p2,all_scheduled,pair_minus_independence,original_objective_mean,7,0.20421784728366202,0.1761572812486393,0.041299534685592,0.36713615988173204,6,estimated,0,raw_instance,two_sided_Student_t_95_df_n_minus_1,unadjusted_exploratory
all_designs_diagnostic,original_e4,cubic_spin_glass,fully_quadratized,equal_layer_p2,all_scheduled,pair_minus_independence,encoded_energy_mean,7,2.1659832712554414,4.732937221619483,-2.2112535952155556,6.543220137726438,6,estimated,0,raw_instance,two_sided_Student_t_95_df_n_minus_1,unadjusted_exploratory
all_designs_diagnostic,original_e4,cubic_spin_glass,fully_quadratized,equal_layer_p2,all_scheduled,pair_minus_independence,optimum_hit_rate,7,-0.010089584729757283,0.009759278211709039,-0.019115411690509315,-0.0010637577690052503,6,estimated,0,raw_instance,two_sided_Student_t_95_df_n_minus_1,unadjusted_exploratory
all_designs_diagnostic,original_e4,cubic_spin_glass,fully_quadratized,equal_layer_p2,all_scheduled,pair_minus_independence,auxiliary_inconsistency_rate,7,0.01593335717014707,0.04536509124631556,-0.026022354591068015,0.057889068931362156,6,estimated,0,raw_instance,two_sided_Student_t_95_df_n_minus_1,unadjusted_exploratory
all_designs_diagnostic,original_e4,cubic_spin_glass,fully_quadratized,equal_layer_p2,all_scheduled,pair_minus_independence,statevector_norm,7,2.6962559169468085e-16,8.027896274627673e-16,-4.728309820580863e-16,1.012082165447448e-15,6,estimated,0,raw_instance,two_sided_Student_t_95_df_n_minus_1,unadjusted_exploratory
all_designs_diagnostic,original_e4,cubic_spin_glass,fully_quadratized,equal_layer_p2,all_scheduled,pair_minus_original_only,original_objective_mean,7,0.039558122982445265,0.10760233052029855,-0.0599574349083658,0.13907368087325633,6,estimated,0,raw_instance,two_sided_Student_t_95_df_n_minus_1,unadjusted_exploratory
all_designs_diagnostic,original_e4,cubic_spin_glass,fully_quadratized,equal_layer_p2,all_scheduled,pair_minus_original_only,encoded_energy_mean,7,0.4302489555999607,2.3275736023211286,-1.72239759440405,2.5828955056039713,6,estimated,0,raw_instance,two_sided_Student_t_95_df_n_minus_1,unadjusted_exploratory
all_designs_diagnostic,original_e4,cubic_spin_glass,fully_quadratized,equal_layer_p2,all_scheduled,pair_minus_original_only,optimum_hit_rate,7,-0.0069540806763039595,0.009400646999841458,-0.01564822908554611,0.0017400677329381933,6,estimated,0,raw_instance,two_sided_Student_t_95_df_n_minus_1,unadjusted_exploratory
all_designs_diagnostic,original_e4,cubic_spin_glass,fully_quadratized,equal_layer_p2,all_scheduled,pair_minus_original_only,auxiliary_inconsistency_rate,7,-0.010849384095247463,0.02429352864616594,-0.03331715077529665,0.011618382584801721,6,estimated,0,raw_instance,two_sided_Student_t_95_df_n_minus_1,unadjusted_exploratory
all_designs_diagnostic,original_e4,cubic_spin_glass,fully_quadratized,equal_layer_p2,all_scheduled,pair_minus_original_only,statevector_norm,7,-1.7446361815538174e-16,4.34063330783552e-16,-5.759052441313188e-16,2.2697800782055526e-16,6,estimated,0,raw_instance,two_sided_Student_t_95_df_n_minus_1,unadjusted_exploratory
all_designs_diagnostic,original_e4,cubic_spin_glass,fully_quadratized,equal_layer_p2,positive_depth_only,independence_minus_cold,original_objective_mean,7,-0.14069743579505475,0.2945960970947878,-0.413153383664259,0.13175851207414954,6,estimated,0,raw_instance,two_sided_Student_t_95_df_n_minus_1,unadjusted_exploratory
all_designs_diagnostic,original_e4,cubic_spin_glass,fully_quadratized,equal_layer_p2,positive_depth_only,independence_minus_cold,encoded_energy_mean,7,-3.880374733791239,6.137431062586457,-9.55655175761942,1.795802290036943,6,estimated,0,raw_instance,two_sided_Student_t_95_df_n_minus_1,unadjusted_exploratory
all_designs_diagnostic,original_e4,cubic_spin_glass,fully_quadratized,equal_layer_p2,positive_depth_only,independence_minus_cold,optimum_hit_rate,7,0.0014163441966241305,0.014028433249607288,-0.011557792649838658,0.014390481043086918,6,estimated,0,raw_instance,two_sided_Student_t_95_df_n_minus_1,unadjusted_exploratory
all_designs_diagnostic,original_e4,cubic_spin_glass,fully_quadratized,equal_layer_p2,positive_depth_only,independence_minus_cold,auxiliary_inconsistency_rate,7,-0.04989939116569718,0.057936112371800144,-0.103481358366833,0.003682576035438638,6,estimated,0,raw_instance,two_sided_Student_t_95_df_n_minus_1,unadjusted_exploratory
all_designs_diagnostic,original_e4,cubic_spin_glass,fully_quadratized,equal_layer_p2,positive_depth_only,independence_minus_cold,statevector_norm,7,1.1102230246251565e-16,5.513983501552499e-16,-3.9893611730815153e-16,6.209807222331828e-16,6,estimated,0,raw_instance,two_sided_Student_t_95_df_n_minus_1,unadjusted_exploratory
all_designs_diagnostic,original_e4,cubic_spin_glass,fully_quadratized,equal_layer_p2,positive_depth_only,original_only_minus_cold,original_objective_mean,7,0.023962288506162003,0.35291164725393026,-0.30242654798855284,0.35035112500087684,6,estimated,0,raw_instance,two_sided_Student_t_95_df_n_minus_1,unadjusted_exploratory
all_designs_diagnostic,original_e4,cubic_spin_glass,fully_quadratized,equal_layer_p2,positive_depth_only,original_only_minus_cold,encoded_energy_mean,7,-2.1446404181357583,5.670162734817087,-7.388666315702755,3.099385479431239,6,estimated,0,raw_instance,two_sided_Student_t_95_df_n_minus_1,unadjusted_exploratory
all_designs_diagnostic,original_e4,cubic_spin_glass,fully_quadratized,equal_layer_p2,positive_depth_only,original_only_minus_cold,optimum_hit_rate,7,-0.0017191598568291919,0.02211854821988227,-0.02217540513695496,0.018737085423296575,6,estimated,0,raw_instance,two_sided_Student_t_95_df_n_minus_1,unadjusted_exploratory
all_designs_diagnostic,original_e4,cubic_spin_glass,fully_quadratized,equal_layer_p2,positive_depth_only,original_only_minus_cold,auxiliary_inconsistency_rate,7,-0.023116649900302648,0.03051757307942452,-0.05134069761179362,0.005107397811188328,6,estimated,0,raw_instance,two_sided_Student_t_95_df_n_minus_1,unadjusted_exploratory
all_designs_diagnostic,original_e4,cubic_spin_glass,fully_quadratized,equal_layer_p2,positive_depth_only,original_only_minus_cold,statevector_norm,7,5.551115123125783e-16,9.888674483621213e-16,-3.5943834295524303e-16,1.4696613675803996e-15,6,estimated,0,raw_instance,two_sided_Student_t_95_df_n_minus_1,unadjusted_exploratory
all_designs_diagnostic,original_e4,cubic_spin_glass,fully_quadratized,equal_layer_p2,positive_depth_only,pair_minus_cold,original_objective_mean,7,0.06352041148860726,0.32639538362611875,-0.23834497132864574,0.36538579430586027,6,estimated,0,raw_instance,two_sided_Student_t_95_df_n_minus_1,unadjusted_exploratory
all_designs_diagnostic,original_e4,cubic_spin_glass,fully_quadratized,equal_layer_p2,positive_depth_only,pair_minus_cold,encoded_energy_mean,7,-1.7143914625357977,6.019713522378831,-7.281697919800498,3.8529149947289034,6,estimated,0,raw_instance,two_sided_Student_t_95_df_n_minus_1,unadjusted_exploratory
all_designs_diagnostic,original_e4,cubic_spin_glass,fully_quadratized,equal_layer_p2,positive_depth_only,pair_minus_cold,optimum_hit_rate,7,-0.008673240533133151,0.016548452944880887,-0.02397800688044746,0.006631525814181159,6,estimated,0,raw_instance,two_sided_Student_t_95_df_n_minus_1,unadjusted_exploratory
all_designs_diagnostic,original_e4,cubic_spin_glass,fully_quadratized,equal_layer_p2,positive_depth_only,pair_minus_cold,auxiliary_inconsistency_rate,7,-0.03396603399555011,0.03183553209352083,-0.0634089904976855,-0.004523077493414716,6,estimated,0,raw_instance,two_sided_Student_t_95_df_n_minus_1,unadjusted_exploratory
all_designs_diagnostic,original_e4,cubic_spin_glass,fully_quadratized,equal_layer_p2,positive_depth_only,pair_minus_cold,statevector_norm,7,3.806478941571965e-16,9.01624011676086e-16,-4.532152396228905e-16,1.2145110279372834e-15,6,estimated,0,raw_instance,two_sided_Student_t_95_df_n_minus_1,unadjusted_exploratory
all_designs_diagnostic,original_e4,cubic_spin_glass,fully_quadratized,equal_layer_p2,positive_depth_only,pair_minus_independence,original_objective_mean,7,0.20421784728366202,0.1761572812486393,0.041299534685592,0.36713615988173204,6,estimated,0,raw_instance,two_sided_Student_t_95_df_n_minus_1,unadjusted_exploratory
all_designs_diagnostic,original_e4,cubic_spin_glass,fully_quadratized,equal_layer_p2,positive_depth_only,pair_minus_independence,encoded_energy_mean,7,2.1659832712554414,4.732937221619483,-2.2112535952155556,6.543220137726438,6,estimated,0,raw_instance,two_sided_Student_t_95_df_n_minus_1,unadjusted_exploratory
all_designs_diagnostic,original_e4,cubic_spin_glass,fully_quadratized,equal_layer_p2,positive_depth_only,pair_minus_independence,optimum_hit_rate,7,-0.010089584729757283,0.009759278211709039,-0.019115411690509315,-0.0010637577690052503,6,estimated,0,raw_instance,two_sided_Student_t_95_df_n_minus_1,unadjusted_exploratory
all_designs_diagnostic,original_e4,cubic_spin_glass,fully_quadratized,equal_layer_p2,positive_depth_only,pair_minus_independence,auxiliary_inconsistency_rate,7,0.01593335717014707,0.04536509124631556,-0.026022354591068015,0.057889068931362156,6,estimated,0,raw_instance,two_sided_Student_t_95_df_n_minus_1,unadjusted_exploratory
all_designs_diagnostic,original_e4,cubic_spin_glass,fully_quadratized,equal_layer_p2,positive_depth_only,pair_minus_independence,statevector_norm,7,2.6962559169468085e-16,8.027896274627673e-16,-4.728309820580863e-16,1.012082165447448e-15,6,estimated,0,raw_instance,two_sided_Student_t_95_df_n_minus_1,unadjusted_exploratory
all_designs_diagnostic,original_e4,cubic_spin_glass,fully_quadratized,equal_layer_p2,positive_depth_only,pair_minus_original_only,original_objective_mean,7,0.039558122982445265,0.10760233052029855,-0.0599574349083658,0.13907368087325633,6,estimated,0,raw_instance,two_sided_Student_t_95_df_n_minus_1,unadjusted_exploratory
all_designs_diagnostic,original_e4,cubic_spin_glass,fully_quadratized,equal_layer_p2,positive_depth_only,pair_minus_original_only,encoded_energy_mean,7,0.4302489555999607,2.3275736023211286,-1.72239759440405,2.5828955056039713,6,estimated,0,raw_instance,two_sided_Student_t_95_df_n_minus_1,unadjusted_exploratory
all_designs_diagnostic,original_e4,cubic_spin_glass,fully_quadratized,equal_layer_p2,positive_depth_only,pair_minus_original_only,optimum_hit_rate,7,-0.0069540806763039595,0.009400646999841458,-0.01564822908554611,0.0017400677329381933,6,estimated,0,raw_instance,two_sided_Student_t_95_df_n_minus_1,unadjusted_exploratory
all_designs_diagnostic,original_e4,cubic_spin_glass,fully_quadratized,equal_layer_p2,positive_depth_only,pair_minus_original_only,auxiliary_inconsistency_rate,7,-0.010849384095247463,0.02429352864616594,-0.03331715077529665,0.011618382584801721,6,estimated,0,raw_instance,two_sided_Student_t_95_df_n_minus_1,unadjusted_exploratory
all_designs_diagnostic,original_e4,cubic_spin_glass,fully_quadratized,equal_layer_p2,positive_depth_only,pair_minus_original_only,statevector_norm,7,-1.7446361815538174e-16,4.34063330783552e-16,-5.759052441313188e-16,2.2697800782055526e-16,6,estimated,0,raw_instance,two_sided_Student_t_95_df_n_minus_1,unadjusted_exploratory
all_designs_diagnostic,original_e4,cubic_spin_glass,matched_random_selective,equal_2q_budget_128,all_scheduled,independence_minus_cold,original_objective_mean,2,-0.22222222222222265,0.31426968052735516,-3.0458232747054943,2.6013788302610488,1,estimated,2,raw_instance,two_sided_Student_t_95_df_n_minus_1,unadjusted_exploratory
all_designs_diagnostic,original_e4,cubic_spin_glass,matched_random_selective,equal_2q_budget_128,all_scheduled,independence_minus_cold,encoded_energy_mean,2,-5.8244351851851714,1.4199620786127432,-18.582288290611555,6.933417920241212,1,estimated,2,raw_instance,two_sided_Student_t_95_df_n_minus_1,unadjusted_exploratory
all_designs_diagnostic,original_e4,cubic_spin_glass,matched_random_selective,equal_2q_budget_128,all_scheduled,independence_minus_cold,optimum_hit_rate,2,0.03784106009945135,0.04854349585200156,-0.39830494593245436,0.4739870661313571,1,estimated,2,raw_instance,two_sided_Student_t_95_df_n_minus_1,unadjusted_exploratory
all_designs_diagnostic,original_e4,cubic_spin_glass,matched_random_selective,equal_2q_budget_128,all_scheduled,independence_minus_cold,auxiliary_inconsistency_rate,2,-0.05527214150638837,0.07067384102829989,-0.6902514101895251,0.5797071271767483,1,estimated,2,raw_instance,two_sided_Student_t_95_df_n_minus_1,unadjusted_exploratory
all_designs_diagnostic,original_e4,cubic_spin_glass,matched_random_selective,equal_2q_budget_128,all_scheduled,independence_minus_cold,statevector_norm,2,6.661338147750939e-16,0.0,6.661338147750939e-16,6.661338147750939e-16,1,estimated,2,raw_instance,two_sided_Student_t_95_df_n_minus_1,unadjusted_exploratory
all_designs_diagnostic,original_e4,cubic_spin_glass,matched_random_selective,equal_2q_budget_128,all_scheduled,original_only_minus_cold,original_objective_mean,7,0.22359481022157887,0.3955122618371276,-0.14219302354614174,0.5893826439892995,6,estimated,2,raw_instance,two_sided_Student_t_95_df_n_minus_1,unadjusted_exploratory
all_designs_diagnostic,original_e4,cubic_spin_glass,matched_random_selective,equal_2q_budget_128,all_scheduled,original_only_minus_cold,encoded_energy_mean,7,-0.5111935495667745,1.9939328584945106,-2.3552738761770673,1.3328867770435184,6,estimated,2,raw_instance,two_sided_Student_t_95_df_n_minus_1,unadjusted_exploratory
all_designs_diagnostic,original_e4,cubic_spin_glass,matched_random_selective,equal_2q_budget_128,all_scheduled,original_only_minus_cold,optimum_hit_rate,7,-0.013141610381890965,0.05190205992587966,-0.061143009833289116,0.034859789069507194,6,estimated,2,raw_instance,two_sided_Student_t_95_df_n_minus_1,unadjusted_exploratory
all_designs_diagnostic,original_e4,cubic_spin_glass,matched_random_selective,equal_2q_budget_128,all_scheduled,original_only_minus_cold,auxiliary_inconsistency_rate,7,1.5860328923216522e-16,2.7086668268020784e-16,-9.19066106056379e-17,4.0911318906996837e-16,6,estimated,2,raw_instance,two_sided_Student_t_95_df_n_minus_1,unadjusted_exploratory
all_designs_diagnostic,original_e4,cubic_spin_glass,matched_random_selective,equal_2q_budget_128,all_scheduled,original_only_minus_cold,statevector_norm,7,5.868321701590113e-16,4.089997216533177e-16,2.085705165246768e-16,9.65093823793346e-16,6,estimated,2,raw_instance,two_sided_Student_t_95_df_n_minus_1,unadjusted_exploratory
all_designs_diagnostic,original_e4,cubic_spin_glass,matched_random_selective,equal_2q_budget_128,all_scheduled,pair_minus_cold,original_objective_mean,2,-0.22222222222222274,0.3142696805273551,-3.045823274705494,2.6013788302610483,1,estimated,2,raw_instance,two_sided_Student_t_95_df_n_minus_1,unadjusted_exploratory
all_designs_diagnostic,original_e4,cubic_spin_glass,matched_random_selective,equal_2q_budget_128,all_scheduled,pair_minus_cold,encoded_energy_mean,2,-3.1050925925925785,2.1638776961310615,-22.546762339378454,16.336577154193293,1,estimated,2,raw_instance,two_sided_Student_t_95_df_n_minus_1,unadjusted_exploratory
all_designs_diagnostic,original_e4,cubic_spin_glass,matched_random_selective,equal_2q_budget_128,all_scheduled,pair_minus_cold,optimum_hit_rate,2,0.037841060099451346,0.04854349585200155,-0.39830494593245425,0.473987066131357,1,estimated,2,raw_instance,two_sided_Student_t_95_df_n_minus_1,unadjusted_exploratory
all_designs_diagnostic,original_e4,cubic_spin_glass,matched_random_selective,equal_2q_budget_128,all_scheduled,pair_minus_cold,auxiliary_inconsistency_rate,2,-0.02121862774983463,0.0018121340146320343,-0.03750000590368542,-0.004937249595983836,1,estimated,2,raw_instance,two_sided_Student_t_95_df_n_minus_1,unadjusted_exploratory
all_designs_diagnostic,original_e4,cubic_spin_glass,matched_random_selective,equal_2q_budget_128,all_scheduled,pair_minus_cold,statevector_norm,2,4.440892098500626e-16,3.1401849173675503e-16,-2.377255000890409e-15,3.2654334205905342e-15,1,estimated,2,raw_instance,two_sided_Student_t_95_df_n_minus_1,unadjusted_exploratory
all_designs_diagnostic,original_e4,cubic_spin_glass,matched_random_selective,equal_2q_budget_128,all_scheduled,pair_minus_independence,original_objective_mean,2,-7.0082828429463e-17,2.0607463520224544e-17,-2.552335422593064e-16,1.1506788540038039e-16,1,estimated,2,raw_instance,two_sided_Student_t_95_df_n_minus_1,unadjusted_exploratory
all_designs_diagnostic,original_e4,cubic_spin_glass,matched_random_selective,equal_2q_budget_128,all_scheduled,pair_minus_independence,encoded_energy_mean,2,2.719342592592593,3.5838397747438044,-29.48018025961966,34.91886544480485,1,estimated,2,raw_instance,two_sided_Student_t_95_df_n_minus_1,unadjusted_exploratory
all_designs_diagnostic,original_e4,cubic_spin_glass,matched_random_selective,equal_2q_budget_128,all_scheduled,pair_minus_independence,optimum_hit_rate,2,-6.938893903907228e-18,9.813077866773595e-18,-9.510590048954697e-17,8.122811268173251e-17,1,estimated,2,raw_instance,two_sided_Student_t_95_df_n_minus_1,unadjusted_exploratory
all_designs_diagnostic,original_e4,cubic_spin_glass,matched_random_selective,equal_2q_budget_128,all_scheduled,pair_minus_independence,auxiliary_inconsistency_rate,2,0.034053513756553744,0.06886170701366785,-0.5846443767727322,0.6527514042858397,1,estimated,2,raw_instance,two_sided_Student_t_95_df_n_minus_1,unadjusted_exploratory
all_designs_diagnostic,original_e4,cubic_spin_glass,matched_random_selective,equal_2q_budget_128,all_scheduled,pair_minus_independence,statevector_norm,2,-2.220446049250313e-16,3.1401849173675503e-16,-3.043388815665503e-15,2.5992996058154403e-15,1,estimated,2,raw_instance,two_sided_Student_t_95_df_n_minus_1,unadjusted_exploratory
all_designs_diagnostic,original_e4,cubic_spin_glass,matched_random_selective,equal_2q_budget_128,all_scheduled,pair_minus_original_only,original_objective_mean,2,-1.394717674685353e-16,2.737848724829833e-16,-2.599331251207884e-15,2.320387716270813e-15,1,estimated,2,raw_instance,two_sided_Student_t_95_df_n_minus_1,unadjusted_exploratory
all_designs_diagnostic,original_e4,cubic_spin_glass,matched_random_selective,equal_2q_budget_128,all_scheduled,pair_minus_original_only,encoded_energy_mean,2,-0.3111111111111189,0.8328146533974763,-7.7936539001916545,7.171431677969417,1,estimated,2,raw_instance,two_sided_Student_t_95_df_n_minus_1,unadjusted_exploratory
all_designs_diagnostic,original_e4,cubic_spin_glass,matched_random_selective,equal_2q_budget_128,all_scheduled,pair_minus_original_only,optimum_hit_rate,2,-2.7755575615628914e-17,3.925231146709438e-17,-3.8042360195818787e-16,3.2491245072693004e-16,1,estimated,2,raw_instance,two_sided_Student_t_95_df_n_minus_1,unadjusted_exploratory
all_designs_diagnostic,original_e4,cubic_spin_glass,matched_random_selective,equal_2q_budget_128,all_scheduled,pair_minus_original_only,auxiliary_inconsistency_rate,2,-0.021218627749835184,0.0018121340146320343,-0.037500005903685976,-0.0049372495959843915,1,estimated,2,raw_instance,two_sided_Student_t_95_df_n_minus_1,unadjusted_exploratory
all_designs_diagnostic,original_e4,cubic_spin_glass,matched_random_selective,equal_2q_budget_128,all_scheduled,pair_minus_original_only,statevector_norm,2,-2.220446049250313e-16,3.1401849173675503e-16,-3.043388815665503e-15,2.5992996058154403e-15,1,estimated,2,raw_instance,two_sided_Student_t_95_df_n_minus_1,unadjusted_exploratory
all_designs_diagnostic,original_e4,cubic_spin_glass,matched_random_selective,equal_2q_budget_128,positive_depth_only,original_only_minus_cold,original_objective_mean,5,0.40192162319909946,0.26613264996743863,0.07147429298796676,0.7323689534102322,4,estimated,0,raw_instance,two_sided_Student_t_95_df_n_minus_1,unadjusted_exploratory
all_designs_diagnostic,original_e4,cubic_spin_glass,matched_random_selective,equal_2q_budget_128,positive_depth_only,original_only_minus_cold,encoded_energy_mean,5,0.40192162319909946,0.26613264996743863,0.07147429298796676,0.7323689534102322,4,estimated,0,raw_instance,two_sided_Student_t_95_df_n_minus_1,unadjusted_exploratory
all_designs_diagnostic,original_e4,cubic_spin_glass,matched_random_selective,equal_2q_budget_128,positive_depth_only,original_only_minus_cold,optimum_hit_rate,5,-0.0335346785744279,0.04039993944122548,-0.08369782890820987,0.01662847175935408,4,estimated,0,raw_instance,two_sided_Student_t_95_df_n_minus_1,unadjusted_exploratory
all_designs_diagnostic,original_e4,cubic_spin_glass,matched_random_selective,equal_2q_budget_128,positive_depth_only,original_only_minus_cold,auxiliary_inconsistency_rate,5,0.0,0.0,0.0,0.0,4,estimated,0,raw_instance,two_sided_Student_t_95_df_n_minus_1,unadjusted_exploratory
all_designs_diagnostic,original_e4,cubic_spin_glass,matched_random_selective,equal_2q_budget_128,positive_depth_only,original_only_minus_cold,statevector_norm,5,5.551115123125783e-16,4.965068306494546e-16,-6.138314416710276e-17,1.1716061687922593e-15,4,estimated,0,raw_instance,two_sided_Student_t_95_df_n_minus_1,unadjusted_exploratory
all_designs_diagnostic,original_e4,cubic_spin_glass,matched_random_selective,equal_2q_budget_128,zero_depth_only,independence_minus_cold,original_objective_mean,2,-0.22222222222222265,0.31426968052735516,-3.0458232747054943,2.6013788302610488,1,estimated,2,raw_instance,two_sided_Student_t_95_df_n_minus_1,unadjusted_exploratory
all_designs_diagnostic,original_e4,cubic_spin_glass,matched_random_selective,equal_2q_budget_128,zero_depth_only,independence_minus_cold,encoded_energy_mean,2,-5.8244351851851714,1.4199620786127432,-18.582288290611555,6.933417920241212,1,estimated,2,raw_instance,two_sided_Student_t_95_df_n_minus_1,unadjusted_exploratory
all_designs_diagnostic,original_e4,cubic_spin_glass,matched_random_selective,equal_2q_budget_128,zero_depth_only,independence_minus_cold,optimum_hit_rate,2,0.03784106009945135,0.04854349585200156,-0.39830494593245436,0.4739870661313571,1,estimated,2,raw_instance,two_sided_Student_t_95_df_n_minus_1,unadjusted_exploratory
all_designs_diagnostic,original_e4,cubic_spin_glass,matched_random_selective,equal_2q_budget_128,zero_depth_only,independence_minus_cold,auxiliary_inconsistency_rate,2,-0.05527214150638837,0.07067384102829989,-0.6902514101895251,0.5797071271767483,1,estimated,2,raw_instance,two_sided_Student_t_95_df_n_minus_1,unadjusted_exploratory
all_designs_diagnostic,original_e4,cubic_spin_glass,matched_random_selective,equal_2q_budget_128,zero_depth_only,independence_minus_cold,statevector_norm,2,6.661338147750939e-16,0.0,6.661338147750939e-16,6.661338147750939e-16,1,estimated,2,raw_instance,two_sided_Student_t_95_df_n_minus_1,unadjusted_exploratory
all_designs_diagnostic,original_e4,cubic_spin_glass,matched_random_selective,equal_2q_budget_128,zero_depth_only,original_only_minus_cold,original_objective_mean,2,-0.2222222222222226,0.3142696805273548,-3.045823274705491,2.6013788302610457,1,estimated,2,raw_instance,two_sided_Student_t_95_df_n_minus_1,unadjusted_exploratory
all_designs_diagnostic,original_e4,cubic_spin_glass,matched_random_selective,equal_2q_budget_128,zero_depth_only,original_only_minus_cold,encoded_energy_mean,2,-2.7939814814814596,2.9966923495285376,-29.718194017347866,24.130231054384947,1,estimated,2,raw_instance,two_sided_Student_t_95_df_n_minus_1,unadjusted_exploratory
all_designs_diagnostic,original_e4,cubic_spin_glass,matched_random_selective,equal_2q_budget_128,zero_depth_only,original_only_minus_cold,optimum_hit_rate,2,0.037841060099451373,0.04854349585200159,-0.39830494593245463,0.4739870661313574,1,estimated,2,raw_instance,two_sided_Student_t_95_df_n_minus_1,unadjusted_exploratory
all_designs_diagnostic,original_e4,cubic_spin_glass,matched_random_selective,equal_2q_budget_128,zero_depth_only,original_only_minus_cold,auxiliary_inconsistency_rate,2,5.551115123125783e-16,0.0,5.551115123125783e-16,5.551115123125783e-16,1,estimated,2,raw_instance,two_sided_Student_t_95_df_n_minus_1,unadjusted_exploratory
all_designs_diagnostic,original_e4,cubic_spin_glass,matched_random_selective,equal_2q_budget_128,zero_depth_only,original_only_minus_cold,statevector_norm,2,6.661338147750939e-16,0.0,6.661338147750939e-16,6.661338147750939e-16,1,estimated,2,raw_instance,two_sided_Student_t_95_df_n_minus_1,unadjusted_exploratory
all_designs_diagnostic,original_e4,cubic_spin_glass,matched_random_selective,equal_2q_budget_128,zero_depth_only,pair_minus_cold,original_objective_mean,2,-0.22222222222222274,0.3142696805273551,-3.045823274705494,2.6013788302610483,1,estimated,2,raw_instance,two_sided_Student_t_95_df_n_minus_1,unadjusted_exploratory
all_designs_diagnostic,original_e4,cubic_spin_glass,matched_random_selective,equal_2q_budget_128,zero_depth_only,pair_minus_cold,encoded_energy_mean,2,-3.1050925925925785,2.1638776961310615,-22.546762339378454,16.336577154193293,1,estimated,2,raw_instance,two_sided_Student_t_95_df_n_minus_1,unadjusted_exploratory
all_designs_diagnostic,original_e4,cubic_spin_glass,matched_random_selective,equal_2q_budget_128,zero_depth_only,pair_minus_cold,optimum_hit_rate,2,0.037841060099451346,0.04854349585200155,-0.39830494593245425,0.473987066131357,1,estimated,2,raw_instance,two_sided_Student_t_95_df_n_minus_1,unadjusted_exploratory
all_designs_diagnostic,original_e4,cubic_spin_glass,matched_random_selective,equal_2q_budget_128,zero_depth_only,pair_minus_cold,auxiliary_inconsistency_rate,2,-0.02121862774983463,0.0018121340146320343,-0.03750000590368542,-0.004937249595983836,1,estimated,2,raw_instance,two_sided_Student_t_95_df_n_minus_1,unadjusted_exploratory
all_designs_diagnostic,original_e4,cubic_spin_glass,matched_random_selective,equal_2q_budget_128,zero_depth_only,pair_minus_cold,statevector_norm,2,4.440892098500626e-16,3.1401849173675503e-16,-2.377255000890409e-15,3.2654334205905342e-15,1,estimated,2,raw_instance,two_sided_Student_t_95_df_n_minus_1,unadjusted_exploratory
all_designs_diagnostic,original_e4,cubic_spin_glass,matched_random_selective,equal_2q_budget_128,zero_depth_only,pair_minus_independence,original_objective_mean,2,-7.0082828429463e-17,2.0607463520224544e-17,-2.552335422593064e-16,1.1506788540038039e-16,1,estimated,2,raw_instance,two_sided_Student_t_95_df_n_minus_1,unadjusted_exploratory
all_designs_diagnostic,original_e4,cubic_spin_glass,matched_random_selective,equal_2q_budget_128,zero_depth_only,pair_minus_independence,encoded_energy_mean,2,2.719342592592593,3.5838397747438044,-29.48018025961966,34.91886544480485,1,estimated,2,raw_instance,two_sided_Student_t_95_df_n_minus_1,unadjusted_exploratory
all_designs_diagnostic,original_e4,cubic_spin_glass,matched_random_selective,equal_2q_budget_128,zero_depth_only,pair_minus_independence,optimum_hit_rate,2,-6.938893903907228e-18,9.813077866773595e-18,-9.510590048954697e-17,8.122811268173251e-17,1,estimated,2,raw_instance,two_sided_Student_t_95_df_n_minus_1,unadjusted_exploratory
all_designs_diagnostic,original_e4,cubic_spin_glass,matched_random_selective,equal_2q_budget_128,zero_depth_only,pair_minus_independence,auxiliary_inconsistency_rate,2,0.034053513756553744,0.06886170701366785,-0.5846443767727322,0.6527514042858397,1,estimated,2,raw_instance,two_sided_Student_t_95_df_n_minus_1,unadjusted_exploratory
all_designs_diagnostic,original_e4,cubic_spin_glass,matched_random_selective,equal_2q_budget_128,zero_depth_only,pair_minus_independence,statevector_norm,2,-2.220446049250313e-16,3.1401849173675503e-16,-3.043388815665503e-15,2.5992996058154403e-15,1,estimated,2,raw_instance,two_sided_Student_t_95_df_n_minus_1,unadjusted_exploratory
all_designs_diagnostic,original_e4,cubic_spin_glass,matched_random_selective,equal_2q_budget_128,zero_depth_only,pair_minus_original_only,original_objective_mean,2,-1.394717674685353e-16,2.737848724829833e-16,-2.599331251207884e-15,2.320387716270813e-15,1,estimated,2,raw_instance,two_sided_Student_t_95_df_n_minus_1,unadjusted_exploratory
all_designs_diagnostic,original_e4,cubic_spin_glass,matched_random_selective,equal_2q_budget_128,zero_depth_only,pair_minus_original_only,encoded_energy_mean,2,-0.3111111111111189,0.8328146533974763,-7.7936539001916545,7.171431677969417,1,estimated,2,raw_instance,two_sided_Student_t_95_df_n_minus_1,unadjusted_exploratory
all_designs_diagnostic,original_e4,cubic_spin_glass,matched_random_selective,equal_2q_budget_128,zero_depth_only,pair_minus_original_only,optimum_hit_rate,2,-2.7755575615628914e-17,3.925231146709438e-17,-3.8042360195818787e-16,3.2491245072693004e-16,1,estimated,2,raw_instance,two_sided_Student_t_95_df_n_minus_1,unadjusted_exploratory
all_designs_diagnostic,original_e4,cubic_spin_glass,matched_random_selective,equal_2q_budget_128,zero_depth_only,pair_minus_original_only,auxiliary_inconsistency_rate,2,-0.021218627749835184,0.0018121340146320343,-0.037500005903685976,-0.0049372495959843915,1,estimated,2,raw_instance,two_sided_Student_t_95_df_n_minus_1,unadjusted_exploratory
all_designs_diagnostic,original_e4,cubic_spin_glass,matched_random_selective,equal_2q_budget_128,zero_depth_only,pair_minus_original_only,statevector_norm,2,-2.220446049250313e-16,3.1401849173675503e-16,-3.043388815665503e-15,2.5992996058154403e-15,1,estimated,2,raw_instance,two_sided_Student_t_95_df_n_minus_1,unadjusted_exploratory
all_designs_diagnostic,original_e4,cubic_spin_glass,matched_random_selective,equal_2q_budget_256,all_scheduled,independence_minus_cold,original_objective_mean,2,0.14229570605851743,0.06438501516985692,-0.4361807040510957,0.7207721161681306,1,estimated,0,raw_instance,two_sided_Student_t_95_df_n_minus_1,unadjusted_exploratory
all_designs_diagnostic,original_e4,cubic_spin_glass,matched_random_selective,equal_2q_budget_256,all_scheduled,independence_minus_cold,encoded_energy_mean,2,-3.5726623429733344,1.3938505703588004,-16.09591285465272,8.950588168706052,1,estimated,0,raw_instance,two_sided_Student_t_95_df_n_minus_1,unadjusted_exploratory
all_designs_diagnostic,original_e4,cubic_spin_glass,matched_random_selective,equal_2q_budget_256,all_scheduled,independence_minus_cold,optimum_hit_rate,2,0.02576137193766638,0.03151593223980155,-0.2573980448185716,0.3089207886939043,1,estimated,0,raw_instance,two_sided_Student_t_95_df_n_minus_1,unadjusted_exploratory
all_designs_diagnostic,original_e4,cubic_spin_glass,matched_random_selective,equal_2q_budget_256,all_scheduled,independence_minus_cold,auxiliary_inconsistency_rate,2,-0.017587665473445813,0.03856869335959387,-0.36411362680802817,0.32893829586113654,1,estimated,0,raw_instance,two_sided_Student_t_95_df_n_minus_1,unadjusted_exploratory
all_designs_diagnostic,original_e4,cubic_spin_glass,matched_random_selective,equal_2q_budget_256,all_scheduled,independence_minus_cold,statevector_norm,2,4.996003610813204e-16,3.925231146709438e-16,-3.027079902344269e-15,4.026280624506909e-15,1,estimated,0,raw_instance,two_sided_Student_t_95_df_n_minus_1,unadjusted_exploratory
all_designs_diagnostic,original_e4,cubic_spin_glass,matched_random_selective,equal_2q_budget_256,all_scheduled,original_only_minus_cold,original_objective_mean,7,0.3348412570897444,0.18545395802878153,0.16332495249807272,0.506357561681416,6,estimated,0,raw_instance,two_sided_Student_t_95_df_n_minus_1,unadjusted_exploratory
all_designs_diagnostic,original_e4,cubic_spin_glass,matched_random_selective,equal_2q_budget_256,all_scheduled,original_only_minus_cold,encoded_energy_mean,7,-0.6996126236112881,2.0762933064723015,-2.6198636603634107,1.2206384131408343,6,estimated,0,raw_instance,two_sided_Student_t_95_df_n_minus_1,unadjusted_exploratory
all_designs_diagnostic,original_e4,cubic_spin_glass,matched_random_selective,equal_2q_budget_256,all_scheduled,original_only_minus_cold,optimum_hit_rate,7,-0.011757493112663473,0.04866612479669954,-0.05676615171800639,0.03325116549267945,6,estimated,0,raw_instance,two_sided_Student_t_95_df_n_minus_1,unadjusted_exploratory
all_designs_diagnostic,original_e4,cubic_spin_glass,matched_random_selective,equal_2q_budget_256,all_scheduled,original_only_minus_cold,auxiliary_inconsistency_rate,7,0.00032909994719151507,0.011870098113243903,-0.010648909824960149,0.01130710971934318,6,estimated,0,raw_instance,two_sided_Student_t_95_df_n_minus_1,unadjusted_exploratory
all_designs_diagnostic,original_e4,cubic_spin_glass,matched_random_selective,equal_2q_budget_256,all_scheduled,original_only_minus_cold,statevector_norm,7,6.502734858518774e-16,3.593452618634028e-16,3.1793454823927497e-16,9.826124234644798e-16,6,estimated,0,raw_instance,two_sided_Student_t_95_df_n_minus_1,unadjusted_exploratory
all_designs_diagnostic,original_e4,cubic_spin_glass,matched_random_selective,equal_2q_budget_256,all_scheduled,pair_minus_cold,original_objective_mean,2,0.11258999996785723,0.05972292001406914,-0.42399914705430153,0.649179146990016,1,estimated,0,raw_instance,two_sided_Student_t_95_df_n_minus_1,unadjusted_exploratory
all_designs_diagnostic,original_e4,cubic_spin_glass,matched_random_selective,equal_2q_budget_256,all_scheduled,pair_minus_cold,encoded_energy_mean,2,-2.524657965296907,0.6091402265122077,-7.997565761567937,2.948249830974124,1,estimated,0,raw_instance,two_sided_Student_t_95_df_n_minus_1,unadjusted_exploratory
all_designs_diagnostic,original_e4,cubic_spin_glass,matched_random_selective,equal_2q_budget_256,all_scheduled,pair_minus_cold,optimum_hit_rate,2,0.014645201575745802,0.016822940995962765,-0.13650292643442588,0.1657933295859175,1,estimated,0,raw_instance,two_sided_Student_t_95_df_n_minus_1,unadjusted_exploratory
all_designs_diagnostic,original_e4,cubic_spin_glass,matched_random_selective,equal_2q_budget_256,all_scheduled,pair_minus_cold,auxiliary_inconsistency_rate,2,-0.01272811276800867,0.03841640431320726,-0.35788581130696484,0.3324295857709475,1,estimated,0,raw_instance,two_sided_Student_t_95_df_n_minus_1,unadjusted_exploratory
all_designs_diagnostic,original_e4,cubic_spin_glass,matched_random_selective,equal_2q_budget_256,all_scheduled,pair_minus_cold,statevector_norm,2,6.106226635438361e-16,3.925231146709438e-16,-2.9160575998817532e-15,4.137302926969425e-15,1,estimated,0,raw_instance,two_sided_Student_t_95_df_n_minus_1,unadjusted_exploratory
all_designs_diagnostic,original_e4,cubic_spin_glass,matched_random_selective,equal_2q_budget_256,all_scheduled,pair_minus_independence,original_objective_mean,2,-0.0297057060906602,0.004662095155787786,-0.07159296917811456,0.01218155699679415,1,estimated,0,raw_instance,two_sided_Student_t_95_df_n_minus_1,unadjusted_exploratory
all_designs_diagnostic,original_e4,cubic_spin_glass,matched_random_selective,equal_2q_budget_256,all_scheduled,pair_minus_independence,encoded_energy_mean,2,1.0480043776764276,0.7847103438465928,-6.002338337731927,8.098347093084783,1,estimated,0,raw_instance,two_sided_Student_t_95_df_n_minus_1,unadjusted_exploratory
all_designs_diagnostic,original_e4,cubic_spin_glass,matched_random_selective,equal_2q_budget_256,all_scheduled,pair_minus_independence,optimum_hit_rate,2,-0.01111617036192058,0.014692991243838792,-0.14312745910798694,0.12089511838414577,1,estimated,0,raw_instance,two_sided_Student_t_95_df_n_minus_1,unadjusted_exploratory
all_designs_diagnostic,original_e4,cubic_spin_glass,matched_random_selective,equal_2q_budget_256,all_scheduled,pair_minus_independence,auxiliary_inconsistency_rate,2,0.004859552705437142,0.00015228904638661103,0.003491289909810952,0.006227815501063333,1,estimated,0,raw_instance,two_sided_Student_t_95_df_n_minus_1,unadjusted_exploratory
all_designs_diagnostic,original_e4,cubic_spin_glass,matched_random_selective,equal_2q_budget_256,all_scheduled,pair_minus_independence,statevector_norm,2,1.1102230246251565e-16,7.850462293418876e-16,-6.942338224388663e-15,7.164382829313694e-15,1,estimated,0,raw_instance,two_sided_Student_t_95_df_n_minus_1,unadjusted_exploratory
all_designs_diagnostic,original_e4,cubic_spin_glass,matched_random_selective,equal_2q_budget_256,all_scheduled,pair_minus_original_only,original_objective_mean,2,-0.09287538054883088,0.05547551616603716,-0.591303118059579,0.40555235696191727,1,estimated,0,raw_instance,two_sided_Student_t_95_df_n_minus_1,unadjusted_exploratory
all_designs_diagnostic,original_e4,cubic_spin_glass,matched_random_selective,equal_2q_budget_256,all_scheduled,pair_minus_original_only,encoded_energy_mean,2,0.8904652366400185,1.6430915975793758,-13.872127058189113,15.65305753146915,1,estimated,0,raw_instance,two_sided_Student_t_95_df_n_minus_1,unadjusted_exploratory
all_designs_diagnostic,original_e4,cubic_spin_glass,matched_random_selective,equal_2q_budget_256,all_scheduled,pair_minus_original_only,optimum_hit_rate,2,-0.004782814257833643,0.010892527682399004,-0.10264829264765202,0.09308266413198474,1,estimated,0,raw_instance,two_sided_Student_t_95_df_n_minus_1,unadjusted_exploratory
all_designs_diagnostic,original_e4,cubic_spin_glass,matched_random_selective,equal_2q_budget_256,all_scheduled,pair_minus_original_only,auxiliary_inconsistency_rate,2,-0.013879962583178973,0.009373332734231781,-0.0980960159079572,0.07033609074159926,1,estimated,0,raw_instance,two_sided_Student_t_95_df_n_minus_1,unadjusted_exploratory
all_designs_diagnostic,original_e4,cubic_spin_glass,matched_random_selective,equal_2q_budget_256,all_scheduled,pair_minus_original_only,statevector_norm,2,-5.551115123125783e-16,4.710277376051325e-16,-4.787127828423285e-15,3.676904803798129e-15,1,estimated,0,raw_instance,two_sided_Student_t_95_df_n_minus_1,unadjusted_exploratory
all_designs_diagnostic,original_e4,cubic_spin_glass,matched_random_selective,equal_2q_budget_256,positive_depth_only,independence_minus_cold,original_objective_mean,2,0.14229570605851743,0.06438501516985692,-0.4361807040510957,0.7207721161681306,1,estimated,0,raw_instance,two_sided_Student_t_95_df_n_minus_1,unadjusted_exploratory
all_designs_diagnostic,original_e4,cubic_spin_glass,matched_random_selective,equal_2q_budget_256,positive_depth_only,independence_minus_cold,encoded_energy_mean,2,-3.5726623429733344,1.3938505703588004,-16.09591285465272,8.950588168706052,1,estimated,0,raw_instance,two_sided_Student_t_95_df_n_minus_1,unadjusted_exploratory
all_designs_diagnostic,original_e4,cubic_spin_glass,matched_random_selective,equal_2q_budget_256,positive_depth_only,independence_minus_cold,optimum_hit_rate,2,0.02576137193766638,0.03151593223980155,-0.2573980448185716,0.3089207886939043,1,estimated,0,raw_instance,two_sided_Student_t_95_df_n_minus_1,unadjusted_exploratory
all_designs_diagnostic,original_e4,cubic_spin_glass,matched_random_selective,equal_2q_budget_256,positive_depth_only,independence_minus_cold,auxiliary_inconsistency_rate,2,-0.017587665473445813,0.03856869335959387,-0.36411362680802817,0.32893829586113654,1,estimated,0,raw_instance,two_sided_Student_t_95_df_n_minus_1,unadjusted_exploratory
all_designs_diagnostic,original_e4,cubic_spin_glass,matched_random_selective,equal_2q_budget_256,positive_depth_only,independence_minus_cold,statevector_norm,2,4.996003610813204e-16,3.925231146709438e-16,-3.027079902344269e-15,4.026280624506909e-15,1,estimated,0,raw_instance,two_sided_Student_t_95_df_n_minus_1,unadjusted_exploratory
all_designs_diagnostic,original_e4,cubic_spin_glass,matched_random_selective,equal_2q_budget_256,positive_depth_only,original_only_minus_cold,original_objective_mean,7,0.3348412570897444,0.18545395802878153,0.16332495249807272,0.506357561681416,6,estimated,0,raw_instance,two_sided_Student_t_95_df_n_minus_1,unadjusted_exploratory
all_designs_diagnostic,original_e4,cubic_spin_glass,matched_random_selective,equal_2q_budget_256,positive_depth_only,original_only_minus_cold,encoded_energy_mean,7,-0.6996126236112881,2.0762933064723015,-2.6198636603634107,1.2206384131408343,6,estimated,0,raw_instance,two_sided_Student_t_95_df_n_minus_1,unadjusted_exploratory
all_designs_diagnostic,original_e4,cubic_spin_glass,matched_random_selective,equal_2q_budget_256,positive_depth_only,original_only_minus_cold,optimum_hit_rate,7,-0.011757493112663473,0.04866612479669954,-0.05676615171800639,0.03325116549267945,6,estimated,0,raw_instance,two_sided_Student_t_95_df_n_minus_1,unadjusted_exploratory
all_designs_diagnostic,original_e4,cubic_spin_glass,matched_random_selective,equal_2q_budget_256,positive_depth_only,original_only_minus_cold,auxiliary_inconsistency_rate,7,0.00032909994719151507,0.011870098113243903,-0.010648909824960149,0.01130710971934318,6,estimated,0,raw_instance,two_sided_Student_t_95_df_n_minus_1,unadjusted_exploratory
all_designs_diagnostic,original_e4,cubic_spin_glass,matched_random_selective,equal_2q_budget_256,positive_depth_only,original_only_minus_cold,statevector_norm,7,6.502734858518774e-16,3.593452618634028e-16,3.1793454823927497e-16,9.826124234644798e-16,6,estimated,0,raw_instance,two_sided_Student_t_95_df_n_minus_1,unadjusted_exploratory
all_designs_diagnostic,original_e4,cubic_spin_glass,matched_random_selective,equal_2q_budget_256,positive_depth_only,pair_minus_cold,original_objective_mean,2,0.11258999996785723,0.05972292001406914,-0.42399914705430153,0.649179146990016,1,estimated,0,raw_instance,two_sided_Student_t_95_df_n_minus_1,unadjusted_exploratory
all_designs_diagnostic,original_e4,cubic_spin_glass,matched_random_selective,equal_2q_budget_256,positive_depth_only,pair_minus_cold,encoded_energy_mean,2,-2.524657965296907,0.6091402265122077,-7.997565761567937,2.948249830974124,1,estimated,0,raw_instance,two_sided_Student_t_95_df_n_minus_1,unadjusted_exploratory
all_designs_diagnostic,original_e4,cubic_spin_glass,matched_random_selective,equal_2q_budget_256,positive_depth_only,pair_minus_cold,optimum_hit_rate,2,0.014645201575745802,0.016822940995962765,-0.13650292643442588,0.1657933295859175,1,estimated,0,raw_instance,two_sided_Student_t_95_df_n_minus_1,unadjusted_exploratory
all_designs_diagnostic,original_e4,cubic_spin_glass,matched_random_selective,equal_2q_budget_256,positive_depth_only,pair_minus_cold,auxiliary_inconsistency_rate,2,-0.01272811276800867,0.03841640431320726,-0.35788581130696484,0.3324295857709475,1,estimated,0,raw_instance,two_sided_Student_t_95_df_n_minus_1,unadjusted_exploratory
all_designs_diagnostic,original_e4,cubic_spin_glass,matched_random_selective,equal_2q_budget_256,positive_depth_only,pair_minus_cold,statevector_norm,2,6.106226635438361e-16,3.925231146709438e-16,-2.9160575998817532e-15,4.137302926969425e-15,1,estimated,0,raw_instance,two_sided_Student_t_95_df_n_minus_1,unadjusted_exploratory
all_designs_diagnostic,original_e4,cubic_spin_glass,matched_random_selective,equal_2q_budget_256,positive_depth_only,pair_minus_independence,original_objective_mean,2,-0.0297057060906602,0.004662095155787786,-0.07159296917811456,0.01218155699679415,1,estimated,0,raw_instance,two_sided_Student_t_95_df_n_minus_1,unadjusted_exploratory
all_designs_diagnostic,original_e4,cubic_spin_glass,matched_random_selective,equal_2q_budget_256,positive_depth_only,pair_minus_independence,encoded_energy_mean,2,1.0480043776764276,0.7847103438465928,-6.002338337731927,8.098347093084783,1,estimated,0,raw_instance,two_sided_Student_t_95_df_n_minus_1,unadjusted_exploratory
all_designs_diagnostic,original_e4,cubic_spin_glass,matched_random_selective,equal_2q_budget_256,positive_depth_only,pair_minus_independence,optimum_hit_rate,2,-0.01111617036192058,0.014692991243838792,-0.14312745910798694,0.12089511838414577,1,estimated,0,raw_instance,two_sided_Student_t_95_df_n_minus_1,unadjusted_exploratory
all_designs_diagnostic,original_e4,cubic_spin_glass,matched_random_selective,equal_2q_budget_256,positive_depth_only,pair_minus_independence,auxiliary_inconsistency_rate,2,0.004859552705437142,0.00015228904638661103,0.003491289909810952,0.006227815501063333,1,estimated,0,raw_instance,two_sided_Student_t_95_df_n_minus_1,unadjusted_exploratory
all_designs_diagnostic,original_e4,cubic_spin_glass,matched_random_selective,equal_2q_budget_256,positive_depth_only,pair_minus_independence,statevector_norm,2,1.1102230246251565e-16,7.850462293418876e-16,-6.942338224388663e-15,7.164382829313694e-15,1,estimated,0,raw_instance,two_sided_Student_t_95_df_n_minus_1,unadjusted_exploratory
all_designs_diagnostic,original_e4,cubic_spin_glass,matched_random_selective,equal_2q_budget_256,positive_depth_only,pair_minus_original_only,original_objective_mean,2,-0.09287538054883088,0.05547551616603716,-0.591303118059579,0.40555235696191727,1,estimated,0,raw_instance,two_sided_Student_t_95_df_n_minus_1,unadjusted_exploratory
all_designs_diagnostic,original_e4,cubic_spin_glass,matched_random_selective,equal_2q_budget_256,positive_depth_only,pair_minus_original_only,encoded_energy_mean,2,0.8904652366400185,1.6430915975793758,-13.872127058189113,15.65305753146915,1,estimated,0,raw_instance,two_sided_Student_t_95_df_n_minus_1,unadjusted_exploratory
all_designs_diagnostic,original_e4,cubic_spin_glass,matched_random_selective,equal_2q_budget_256,positive_depth_only,pair_minus_original_only,optimum_hit_rate,2,-0.004782814257833643,0.010892527682399004,-0.10264829264765202,0.09308266413198474,1,estimated,0,raw_instance,two_sided_Student_t_95_df_n_minus_1,unadjusted_exploratory
all_designs_diagnostic,original_e4,cubic_spin_glass,matched_random_selective,equal_2q_budget_256,positive_depth_only,pair_minus_original_only,auxiliary_inconsistency_rate,2,-0.013879962583178973,0.009373332734231781,-0.0980960159079572,0.07033609074159926,1,estimated,0,raw_instance,two_sided_Student_t_95_df_n_minus_1,unadjusted_exploratory
all_designs_diagnostic,original_e4,cubic_spin_glass,matched_random_selective,equal_2q_budget_256,positive_depth_only,pair_minus_original_only,statevector_norm,2,-5.551115123125783e-16,4.710277376051325e-16,-4.787127828423285e-15,3.676904803798129e-15,1,estimated,0,raw_instance,two_sided_Student_t_95_df_n_minus_1,unadjusted_exploratory
all_designs_diagnostic,original_e4,cubic_spin_glass,matched_random_selective,equal_layer_p1,all_scheduled,independence_minus_cold,original_objective_mean,2,-0.1792189467494566,0.14170701191021823,-1.452405934760931,1.093968041262018,1,estimated,0,raw_instance,two_sided_Student_t_95_df_n_minus_1,unadjusted_exploratory
all_designs_diagnostic,original_e4,cubic_spin_glass,matched_random_selective,equal_layer_p1,all_scheduled,independence_minus_cold,encoded_energy_mean,2,-6.247975029507275,0.8077650799995814,-13.505456330976706,1.0095062719621568,1,estimated,0,raw_instance,two_sided_Student_t_95_df_n_minus_1,unadjusted_exploratory
all_designs_diagnostic,original_e4,cubic_spin_glass,matched_random_selective,equal_layer_p1,all_scheduled,independence_minus_cold,optimum_hit_rate,2,0.02162223709569965,0.020797178143259192,-0.1652329949949356,0.20847746918633492,1,estimated,0,raw_instance,two_sided_Student_t_95_df_n_minus_1,unadjusted_exploratory
all_designs_diagnostic,original_e4,cubic_spin_glass,matched_random_selective,equal_layer_p1,all_scheduled,independence_minus_cold,auxiliary_inconsistency_rate,2,-0.06552636042806126,0.05091125612936718,-0.5229458485215486,0.391893127665426,1,estimated,0,raw_instance,two_sided_Student_t_95_df_n_minus_1,unadjusted_exploratory
all_designs_diagnostic,original_e4,cubic_spin_glass,matched_random_selective,equal_layer_p1,all_scheduled,independence_minus_cold,statevector_norm,2,4.440892098500626e-16,0.0,4.440892098500626e-16,4.440892098500626e-16,1,estimated,0,raw_instance,two_sided_Student_t_95_df_n_minus_1,unadjusted_exploratory
all_designs_diagnostic,original_e4,cubic_spin_glass,matched_random_selective,equal_layer_p1,all_scheduled,original_only_minus_cold,original_objective_mean,7,0.262757355674244,0.28678418968174885,-0.0024737828377570104,0.527988494186245,6,estimated,0,raw_instance,two_sided_Student_t_95_df_n_minus_1,unadjusted_exploratory
all_designs_diagnostic,original_e4,cubic_spin_glass,matched_random_selective,equal_layer_p1,all_scheduled,original_only_minus_cold,encoded_energy_mean,7,-0.5019452792275143,2.4808379161341665,-2.7963376782303957,1.7924471197753669,6,estimated,0,raw_instance,two_sided_Student_t_95_df_n_minus_1,unadjusted_exploratory
all_designs_diagnostic,original_e4,cubic_spin_glass,matched_random_selective,equal_layer_p1,all_scheduled,original_only_minus_cold,optimum_hit_rate,7,-0.00834750631700564,0.03840314043187267,-0.04386448746748387,0.02716947483347259,6,estimated,0,raw_instance,two_sided_Student_t_95_df_n_minus_1,unadjusted_exploratory
all_designs_diagnostic,original_e4,cubic_spin_glass,matched_random_selective,equal_layer_p1,all_scheduled,original_only_minus_cold,auxiliary_inconsistency_rate,7,-0.004473224827459456,0.017475561074525216,-0.020635423186706418,0.011688973531787505,6,estimated,0,raw_instance,two_sided_Student_t_95_df_n_minus_1,unadjusted_exploratory
all_designs_diagnostic,original_e4,cubic_spin_glass,matched_random_selective,equal_layer_p1,all_scheduled,original_only_minus_cold,statevector_norm,7,4.599495387732792e-16,3.650173526994349e-16,1.223647920668988e-16,7.975342854796596e-16,6,estimated,0,raw_instance,two_sided_Student_t_95_df_n_minus_1,unadjusted_exploratory
all_designs_diagnostic,original_e4,cubic_spin_glass,matched_random_selective,equal_layer_p1,all_scheduled,pair_minus_cold,original_objective_mean,2,-0.08060529805635103,0.24213402322766192,-2.256093183748602,2.0948825876359,1,estimated,0,raw_instance,two_sided_Student_t_95_df_n_minus_1,unadjusted_exploratory
all_designs_diagnostic,original_e4,cubic_spin_glass,matched_random_selective,equal_layer_p1,all_scheduled,pair_minus_cold,encoded_energy_mean,2,-3.663576909416845,0.20077805659573936,-5.467496176996108,-1.8596576418375819,1,estimated,0,raw_instance,two_sided_Student_t_95_df_n_minus_1,unadjusted_exploratory
all_designs_diagnostic,original_e4,cubic_spin_glass,matched_random_selective,equal_layer_p1,all_scheduled,pair_minus_cold,optimum_hit_rate,2,0.010421189303708901,0.00880642804593884,-0.06870142748008451,0.08954380608750231,1,estimated,0,raw_instance,two_sided_Student_t_95_df_n_minus_1,unadjusted_exploratory
all_designs_diagnostic,original_e4,cubic_spin_glass,matched_random_selective,equal_layer_p1,all_scheduled,pair_minus_cold,auxiliary_inconsistency_rate,2,-0.03278806105256099,0.0256162830053537,-0.26294123247289525,0.19736511036777324,1,estimated,0,raw_instance,two_sided_Student_t_95_df_n_minus_1,unadjusted_exploratory
all_designs_diagnostic,original_e4,cubic_spin_glass,matched_random_selective,equal_layer_p1,all_scheduled,pair_minus_cold,statevector_norm,2,2.220446049250313e-16,6.280369834735101e-16,-5.420643816555912e-15,5.8647330264059746e-15,1,estimated,0,raw_instance,two_sided_Student_t_95_df_n_minus_1,unadjusted_exploratory
all_designs_diagnostic,original_e4,cubic_spin_glass,matched_random_selective,equal_layer_p1,all_scheduled,pair_minus_independence,original_objective_mean,2,0.09861364869310557,0.1004270113174437,-0.8036872489876712,1.0009145463738822,1,estimated,0,raw_instance,two_sided_Student_t_95_df_n_minus_1,unadjusted_exploratory
all_designs_diagnostic,original_e4,cubic_spin_glass,matched_random_selective,equal_layer_p1,all_scheduled,pair_minus_independence,encoded_energy_mean,2,2.5843981200904302,1.0085431365953208,-6.477002448958265,11.645798689139125,1,estimated,0,raw_instance,two_sided_Student_t_95_df_n_minus_1,unadjusted_exploratory
all_designs_diagnostic,original_e4,cubic_spin_glass,matched_random_selective,equal_layer_p1,all_scheduled,pair_minus_independence,optimum_hit_rate,2,-0.011201047791990748,0.011990750097320353,-0.11893366309883259,0.0965315675148511,1,estimated,0,raw_instance,two_sided_Student_t_95_df_n_minus_1,unadjusted_exploratory
all_designs_diagnostic,original_e4,cubic_spin_glass,matched_random_selective,equal_layer_p1,all_scheduled,pair_minus_independence,auxiliary_inconsistency_rate,2,0.03273829937550027,0.02529497312401348,-0.1945280172976527,0.2600046160486532,1,estimated,0,raw_instance,two_sided_Student_t_95_df_n_minus_1,unadjusted_exploratory
all_designs_diagnostic,original_e4,cubic_spin_glass,matched_random_selective,equal_layer_p1,all_scheduled,pair_minus_independence,statevector_norm,2,-2.220446049250313e-16,6.280369834735101e-16,-5.8647330264059746e-15,5.420643816555912e-15,1,estimated,0,raw_instance,two_sided_Student_t_95_df_n_minus_1,unadjusted_exploratory
all_designs_diagnostic,original_e4,cubic_spin_glass,matched_random_selective,equal_layer_p1,all_scheduled,pair_minus_original_only,original_objective_mean,2,-0.016427607537152833,0.04679143170435623,-0.4368319417571036,0.40397672668279794,1,estimated,0,raw_instance,two_sided_Student_t_95_df_n_minus_1,unadjusted_exploratory
all_designs_diagnostic,original_e4,cubic_spin_glass,matched_random_selective,equal_layer_p1,all_scheduled,pair_minus_original_only,encoded_energy_mean,2,-0.9229399967414924,4.572455345606702,-42.00482134343425,40.15894134995127,1,estimated,0,raw_instance,two_sided_Student_t_95_df_n_minus_1,unadjusted_exploratory
all_designs_diagnostic,original_e4,cubic_spin_glass,matched_random_selective,equal_layer_p1,all_scheduled,pair_minus_original_only,optimum_hit_rate,2,-0.01757350379386225,0.024312955707623443,-0.2360167440384431,0.20086973645071862,1,estimated,0,raw_instance,two_sided_Student_t_95_df_n_minus_1,unadjusted_exploratory
all_designs_diagnostic,original_e4,cubic_spin_glass,matched_random_selective,equal_layer_p1,all_scheduled,pair_minus_original_only,auxiliary_inconsistency_rate,2,-0.017131774156452895,0.06411564602565926,-0.5931879985269048,0.5589244502139992,1,estimated,0,raw_instance,two_sided_Student_t_95_df_n_minus_1,unadjusted_exploratory
all_designs_diagnostic,original_e4,cubic_spin_glass,matched_random_selective,equal_layer_p1,all_scheduled,pair_minus_original_only,statevector_norm,2,-3.3306690738754696e-16,4.710277376051325e-16,-4.565083223498254e-15,3.89894940872316e-15,1,estimated,0,raw_instance,two_sided_Student_t_95_df_n_minus_1,unadjusted_exploratory
all_designs_diagnostic,original_e4,cubic_spin_glass,matched_random_selective,equal_layer_p1,positive_depth_only,independence_minus_cold,original_objective_mean,2,-0.1792189467494566,0.14170701191021823,-1.452405934760931,1.093968041262018,1,estimated,0,raw_instance,two_sided_Student_t_95_df_n_minus_1,unadjusted_exploratory
all_designs_diagnostic,original_e4,cubic_spin_glass,matched_random_selective,equal_layer_p1,positive_depth_only,independence_minus_cold,encoded_energy_mean,2,-6.247975029507275,0.8077650799995814,-13.505456330976706,1.0095062719621568,1,estimated,0,raw_instance,two_sided_Student_t_95_df_n_minus_1,unadjusted_exploratory
all_designs_diagnostic,original_e4,cubic_spin_glass,matched_random_selective,equal_layer_p1,positive_depth_only,independence_minus_cold,optimum_hit_rate,2,0.02162223709569965,0.020797178143259192,-0.1652329949949356,0.20847746918633492,1,estimated,0,raw_instance,two_sided_Student_t_95_df_n_minus_1,unadjusted_exploratory
all_designs_diagnostic,original_e4,cubic_spin_glass,matched_random_selective,equal_layer_p1,positive_depth_only,independence_minus_cold,auxiliary_inconsistency_rate,2,-0.06552636042806126,0.05091125612936718,-0.5229458485215486,0.391893127665426,1,estimated,0,raw_instance,two_sided_Student_t_95_df_n_minus_1,unadjusted_exploratory
all_designs_diagnostic,original_e4,cubic_spin_glass,matched_random_selective,equal_layer_p1,positive_depth_only,independence_minus_cold,statevector_norm,2,4.440892098500626e-16,0.0,4.440892098500626e-16,4.440892098500626e-16,1,estimated,0,raw_instance,two_sided_Student_t_95_df_n_minus_1,unadjusted_exploratory
all_designs_diagnostic,original_e4,cubic_spin_glass,matched_random_selective,equal_layer_p1,positive_depth_only,original_only_minus_cold,original_objective_mean,7,0.262757355674244,0.28678418968174885,-0.0024737828377570104,0.527988494186245,6,estimated,0,raw_instance,two_sided_Student_t_95_df_n_minus_1,unadjusted_exploratory
all_designs_diagnostic,original_e4,cubic_spin_glass,matched_random_selective,equal_layer_p1,positive_depth_only,original_only_minus_cold,encoded_energy_mean,7,-0.5019452792275143,2.4808379161341665,-2.7963376782303957,1.7924471197753669,6,estimated,0,raw_instance,two_sided_Student_t_95_df_n_minus_1,unadjusted_exploratory
all_designs_diagnostic,original_e4,cubic_spin_glass,matched_random_selective,equal_layer_p1,positive_depth_only,original_only_minus_cold,optimum_hit_rate,7,-0.00834750631700564,0.03840314043187267,-0.04386448746748387,0.02716947483347259,6,estimated,0,raw_instance,two_sided_Student_t_95_df_n_minus_1,unadjusted_exploratory
all_designs_diagnostic,original_e4,cubic_spin_glass,matched_random_selective,equal_layer_p1,positive_depth_only,original_only_minus_cold,auxiliary_inconsistency_rate,7,-0.004473224827459456,0.017475561074525216,-0.020635423186706418,0.011688973531787505,6,estimated,0,raw_instance,two_sided_Student_t_95_df_n_minus_1,unadjusted_exploratory
all_designs_diagnostic,original_e4,cubic_spin_glass,matched_random_selective,equal_layer_p1,positive_depth_only,original_only_minus_cold,statevector_norm,7,4.599495387732792e-16,3.650173526994349e-16,1.223647920668988e-16,7.975342854796596e-16,6,estimated,0,raw_instance,two_sided_Student_t_95_df_n_minus_1,unadjusted_exploratory
all_designs_diagnostic,original_e4,cubic_spin_glass,matched_random_selective,equal_layer_p1,positive_depth_only,pair_minus_cold,original_objective_mean,2,-0.08060529805635103,0.24213402322766192,-2.256093183748602,2.0948825876359,1,estimated,0,raw_instance,two_sided_Student_t_95_df_n_minus_1,unadjusted_exploratory
all_designs_diagnostic,original_e4,cubic_spin_glass,matched_random_selective,equal_layer_p1,positive_depth_only,pair_minus_cold,encoded_energy_mean,2,-3.663576909416845,0.20077805659573936,-5.467496176996108,-1.8596576418375819,1,estimated,0,raw_instance,two_sided_Student_t_95_df_n_minus_1,unadjusted_exploratory
all_designs_diagnostic,original_e4,cubic_spin_glass,matched_random_selective,equal_layer_p1,positive_depth_only,pair_minus_cold,optimum_hit_rate,2,0.010421189303708901,0.00880642804593884,-0.06870142748008451,0.08954380608750231,1,estimated,0,raw_instance,two_sided_Student_t_95_df_n_minus_1,unadjusted_exploratory
all_designs_diagnostic,original_e4,cubic_spin_glass,matched_random_selective,equal_layer_p1,positive_depth_only,pair_minus_cold,auxiliary_inconsistency_rate,2,-0.03278806105256099,0.0256162830053537,-0.26294123247289525,0.19736511036777324,1,estimated,0,raw_instance,two_sided_Student_t_95_df_n_minus_1,unadjusted_exploratory
all_designs_diagnostic,original_e4,cubic_spin_glass,matched_random_selective,equal_layer_p1,positive_depth_only,pair_minus_cold,statevector_norm,2,2.220446049250313e-16,6.280369834735101e-16,-5.420643816555912e-15,5.8647330264059746e-15,1,estimated,0,raw_instance,two_sided_Student_t_95_df_n_minus_1,unadjusted_exploratory
all_designs_diagnostic,original_e4,cubic_spin_glass,matched_random_selective,equal_layer_p1,positive_depth_only,pair_minus_independence,original_objective_mean,2,0.09861364869310557,0.1004270113174437,-0.8036872489876712,1.0009145463738822,1,estimated,0,raw_instance,two_sided_Student_t_95_df_n_minus_1,unadjusted_exploratory
all_designs_diagnostic,original_e4,cubic_spin_glass,matched_random_selective,equal_layer_p1,positive_depth_only,pair_minus_independence,encoded_energy_mean,2,2.5843981200904302,1.0085431365953208,-6.477002448958265,11.645798689139125,1,estimated,0,raw_instance,two_sided_Student_t_95_df_n_minus_1,unadjusted_exploratory
all_designs_diagnostic,original_e4,cubic_spin_glass,matched_random_selective,equal_layer_p1,positive_depth_only,pair_minus_independence,optimum_hit_rate,2,-0.011201047791990748,0.011990750097320353,-0.11893366309883259,0.0965315675148511,1,estimated,0,raw_instance,two_sided_Student_t_95_df_n_minus_1,unadjusted_exploratory
all_designs_diagnostic,original_e4,cubic_spin_glass,matched_random_selective,equal_layer_p1,positive_depth_only,pair_minus_independence,auxiliary_inconsistency_rate,2,0.03273829937550027,0.02529497312401348,-0.1945280172976527,0.2600046160486532,1,estimated,0,raw_instance,two_sided_Student_t_95_df_n_minus_1,unadjusted_exploratory
all_designs_diagnostic,original_e4,cubic_spin_glass,matched_random_selective,equal_layer_p1,positive_depth_only,pair_minus_independence,statevector_norm,2,-2.220446049250313e-16,6.280369834735101e-16,-5.8647330264059746e-15,5.420643816555912e-15,1,estimated,0,raw_instance,two_sided_Student_t_95_df_n_minus_1,unadjusted_exploratory
all_designs_diagnostic,original_e4,cubic_spin_glass,matched_random_selective,equal_layer_p1,positive_depth_only,pair_minus_original_only,original_objective_mean,2,-0.016427607537152833,0.04679143170435623,-0.4368319417571036,0.40397672668279794,1,estimated,0,raw_instance,two_sided_Student_t_95_df_n_minus_1,unadjusted_exploratory
all_designs_diagnostic,original_e4,cubic_spin_glass,matched_random_selective,equal_layer_p1,positive_depth_only,pair_minus_original_only,encoded_energy_mean,2,-0.9229399967414924,4.572455345606702,-42.00482134343425,40.15894134995127,1,estimated,0,raw_instance,two_sided_Student_t_95_df_n_minus_1,unadjusted_exploratory
all_designs_diagnostic,original_e4,cubic_spin_glass,matched_random_selective,equal_layer_p1,positive_depth_only,pair_minus_original_only,optimum_hit_rate,2,-0.01757350379386225,0.024312955707623443,-0.2360167440384431,0.20086973645071862,1,estimated,0,raw_instance,two_sided_Student_t_95_df_n_minus_1,unadjusted_exploratory
all_designs_diagnostic,original_e4,cubic_spin_glass,matched_random_selective,equal_layer_p1,positive_depth_only,pair_minus_original_only,auxiliary_inconsistency_rate,2,-0.017131774156452895,0.06411564602565926,-0.5931879985269048,0.5589244502139992,1,estimated,0,raw_instance,two_sided_Student_t_95_df_n_minus_1,unadjusted_exploratory
all_designs_diagnostic,original_e4,cubic_spin_glass,matched_random_selective,equal_layer_p1,positive_depth_only,pair_minus_original_only,statevector_norm,2,-3.3306690738754696e-16,4.710277376051325e-16,-4.565083223498254e-15,3.89894940872316e-15,1,estimated,0,raw_instance,two_sided_Student_t_95_df_n_minus_1,unadjusted_exploratory
all_designs_diagnostic,original_e4,cubic_spin_glass,matched_random_selective,equal_layer_p2,all_scheduled,independence_minus_cold,original_objective_mean,2,0.12774329300734533,0.11590117712876162,-0.9135874684446351,1.1690740544593257,1,estimated,0,raw_instance,two_sided_Student_t_95_df_n_minus_1,unadjusted_exploratory
all_designs_diagnostic,original_e4,cubic_spin_glass,matched_random_selective,equal_layer_p2,all_scheduled,independence_minus_cold,encoded_energy_mean,2,1.8372498407728415,1.5400955556188347,-11.999959731824257,15.67445941336994,1,estimated,0,raw_instance,two_sided_Student_t_95_df_n_minus_1,unadjusted_exploratory
all_designs_diagnostic,original_e4,cubic_spin_glass,matched_random_selective,equal_layer_p2,all_scheduled,independence_minus_cold,optimum_hit_rate,2,-0.004380059394619558,0.01660266195454674,-0.15354905874007696,0.14478893995083786,1,estimated,0,raw_instance,two_sided_Student_t_95_df_n_minus_1,unadjusted_exploratory
all_designs_diagnostic,original_e4,cubic_spin_glass,matched_random_selective,equal_layer_p2,all_scheduled,independence_minus_cold,auxiliary_inconsistency_rate,2,0.01116907336368711,0.0026309272976036127,-0.012468870564136085,0.034807017291510305,1,estimated,0,raw_instance,two_sided_Student_t_95_df_n_minus_1,unadjusted_exploratory
all_designs_diagnostic,original_e4,cubic_spin_glass,matched_random_selective,equal_layer_p2,all_scheduled,independence_minus_cold,statevector_norm,2,5.551115123125783e-17,1.0205600981444537e-15,-9.113857533675274e-15,9.22487983613779e-15,1,estimated,0,raw_instance,two_sided_Student_t_95_df_n_minus_1,unadjusted_exploratory
all_designs_diagnostic,original_e4,cubic_spin_glass,matched_random_selective,equal_layer_p2,all_scheduled,original_only_minus_cold,original_objective_mean,7,0.18701122643503623,0.33275981878365435,-0.1207402771781094,0.49476273004818183,6,estimated,0,raw_instance,two_sided_Student_t_95_df_n_minus_1,unadjusted_exploratory
all_designs_diagnostic,original_e4,cubic_spin_glass,matched_random_selective,equal_layer_p2,all_scheduled,original_only_minus_cold,encoded_energy_mean,7,0.13619458316350425,0.43877353705612004,-0.26960325705731825,0.5419924233843267,6,estimated,0,raw_instance,two_sided_Student_t_95_df_n_minus_1,unadjusted_exploratory
all_designs_diagnostic,original_e4,cubic_spin_glass,matched_random_selective,equal_layer_p2,all_scheduled,original_only_minus_cold,optimum_hit_rate,7,0.002941144414541126,0.029196337572141445,-0.024060964255512265,0.02994325308459452,6,estimated,0,raw_instance,two_sided_Student_t_95_df_n_minus_1,unadjusted_exploratory
all_designs_diagnostic,original_e4,cubic_spin_glass,matched_random_selective,equal_layer_p2,all_scheduled,original_only_minus_cold,auxiliary_inconsistency_rate,7,0.0041019575125453055,0.00968846884510136,-0.004858381706558523,0.013062296731649135,6,estimated,0,raw_instance,two_sided_Student_t_95_df_n_minus_1,unadjusted_exploratory
all_designs_diagnostic,original_e4,cubic_spin_glass,matched_random_selective,equal_layer_p2,all_scheduled,original_only_minus_cold,statevector_norm,7,5.551115123125783e-16,2.7194799110210365e-16,3.036015689781643e-16,8.066214556469922e-16,6,estimated,0,raw_instance,two_sided_Student_t_95_df_n_minus_1,unadjusted_exploratory
all_designs_diagnostic,original_e4,cubic_spin_glass,matched_random_selective,equal_layer_p2,all_scheduled,pair_minus_cold,original_objective_mean,2,0.05549603376267781,0.17994120755580634,-1.5612115728607372,1.6722036403860927,1,estimated,0,raw_instance,two_sided_Student_t_95_df_n_minus_1,unadjusted_exploratory
all_designs_diagnostic,original_e4,cubic_spin_glass,matched_random_selective,equal_layer_p2,all_scheduled,pair_minus_cold,encoded_energy_mean,2,0.8224658965840312,0.6770536838937136,-5.260620105291871,6.905551898459933,1,estimated,0,raw_instance,two_sided_Student_t_95_df_n_minus_1,unadjusted_exploratory
all_designs_diagnostic,original_e4,cubic_spin_glass,matched_random_selective,equal_layer_p2,all_scheduled,pair_minus_cold,optimum_hit_rate,2,0.00918118614075741,0.0058987664860513135,-0.043817128015474924,0.06217950029698974,1,estimated,0,raw_instance,two_sided_Student_t_95_df_n_minus_1,unadjusted_exploratory
all_designs_diagnostic,original_e4,cubic_spin_glass,matched_random_selective,equal_layer_p2,all_scheduled,pair_minus_cold,auxiliary_inconsistency_rate,2,0.008106629171274748,0.016218493329893533,-0.13761075202545886,0.15382401036800836,1,estimated,0,raw_instance,two_sided_Student_t_95_df_n_minus_1,unadjusted_exploratory
all_designs_diagnostic,original_e4,cubic_spin_glass,matched_random_selective,equal_layer_p2,all_scheduled,pair_minus_cold,statevector_norm,2,3.885780586188048e-16,7.850462293418876e-17,-3.167579940663131e-16,1.0939141113039227e-15,1,estimated,0,raw_instance,two_sided_Student_t_95_df_n_minus_1,unadjusted_exploratory
all_designs_diagnostic,original_e4,cubic_spin_glass,matched_random_selective,equal_layer_p2,all_scheduled,pair_minus_independence,original_objective_mean,2,-0.07224725924466752,0.29584238468456797,-2.730285627320063,2.585791108830728,1,estimated,0,raw_instance,two_sided_Student_t_95_df_n_minus_1,unadjusted_exploratory
all_designs_diagnostic,original_e4,cubic_spin_glass,matched_random_selective,equal_layer_p2,all_scheduled,pair_minus_independence,encoded_energy_mean,2,-1.0147839441888102,0.8630418717251211,-8.768907514910005,6.739339626532385,1,estimated,0,raw_instance,two_sided_Student_t_95_df_n_minus_1,unadjusted_exploratory
all_designs_diagnostic,original_e4,cubic_spin_glass,matched_random_selective,equal_layer_p2,all_scheduled,pair_minus_independence,optimum_hit_rate,2,0.013561245535376968,0.022501428440598055,-0.18860606796631277,0.2157285590370667,1,estimated,0,raw_instance,two_sided_Student_t_95_df_n_minus_1,unadjusted_exploratory
all_designs_diagnostic,original_e4,cubic_spin_glass,matched_random_selective,equal_layer_p2,all_scheduled,pair_minus_independence,auxiliary_inconsistency_rate,2,-0.0030624441924123613,0.013587566032289921,-0.12514188146132277,0.11901699307649806,1,estimated,0,raw_instance,two_sided_Student_t_95_df_n_minus_1,unadjusted_exploratory
all_designs_diagnostic,original_e4,cubic_spin_glass,matched_random_selective,equal_layer_p2,all_scheduled,pair_minus_independence,statevector_norm,2,3.3306690738754696e-16,1.0990647210786425e-15,-9.541637830204103e-15,1.0207771644979197e-14,1,estimated,0,raw_instance,two_sided_Student_t_95_df_n_minus_1,unadjusted_exploratory
all_designs_diagnostic,original_e4,cubic_spin_glass,matched_random_selective,equal_layer_p2,all_scheduled,pair_minus_original_only,original_objective_mean,2,-0.03144935513595515,0.04035024284015653,-0.3939819034881798,0.3310831932162695,1,estimated,0,raw_instance,two_sided_Student_t_95_df_n_minus_1,unadjusted_exploratory
all_designs_diagnostic,original_e4,cubic_spin_glass,matched_random_selective,equal_layer_p2,all_scheduled,pair_minus_original_only,encoded_energy_mean,2,0.9133787591357603,1.3046390726754098,-10.808338246894152,12.635095765165673,1,estimated,0,raw_instance,two_sided_Student_t_95_df_n_minus_1,unadjusted_exploratory
all_designs_diagnostic,original_e4,cubic_spin_glass,matched_random_selective,equal_layer_p2,all_scheduled,pair_minus_original_only,optimum_hit_rate,2,0.006548384450308123,0.009121427734312527,-0.0754043922462435,0.08850116114685976,1,estimated,0,raw_instance,two_sided_Student_t_95_df_n_minus_1,unadjusted_exploratory
all_designs_diagnostic,original_e4,cubic_spin_glass,matched_random_selective,equal_layer_p2,all_scheduled,pair_minus_original_only,auxiliary_inconsistency_rate,2,-0.0062502221226338195,0.000174877320075863,-0.00782143250536331,-0.004679011739904328,1,estimated,0,raw_instance,two_sided_Student_t_95_df_n_minus_1,unadjusted_exploratory
all_designs_diagnostic,original_e4,cubic_spin_glass,matched_random_selective,equal_layer_p2,all_scheduled,pair_minus_original_only,statevector_norm,2,-2.220446049250313e-16,3.1401849173675503e-16,-3.043388815665503e-15,2.5992996058154403e-15,1,estimated,0,raw_instance,two_sided_Student_t_95_df_n_minus_1,unadjusted_exploratory
all_designs_diagnostic,original_e4,cubic_spin_glass,matched_random_selective,equal_layer_p2,positive_depth_only,independence_minus_cold,original_objective_mean,2,0.12774329300734533,0.11590117712876162,-0.9135874684446351,1.1690740544593257,1,estimated,0,raw_instance,two_sided_Student_t_95_df_n_minus_1,unadjusted_exploratory
all_designs_diagnostic,original_e4,cubic_spin_glass,matched_random_selective,equal_layer_p2,positive_depth_only,independence_minus_cold,encoded_energy_mean,2,1.8372498407728415,1.5400955556188347,-11.999959731824257,15.67445941336994,1,estimated,0,raw_instance,two_sided_Student_t_95_df_n_minus_1,unadjusted_exploratory
all_designs_diagnostic,original_e4,cubic_spin_glass,matched_random_selective,equal_layer_p2,positive_depth_only,independence_minus_cold,optimum_hit_rate,2,-0.004380059394619558,0.01660266195454674,-0.15354905874007696,0.14478893995083786,1,estimated,0,raw_instance,two_sided_Student_t_95_df_n_minus_1,unadjusted_exploratory
all_designs_diagnostic,original_e4,cubic_spin_glass,matched_random_selective,equal_layer_p2,positive_depth_only,independence_minus_cold,auxiliary_inconsistency_rate,2,0.01116907336368711,0.0026309272976036127,-0.012468870564136085,0.034807017291510305,1,estimated,0,raw_instance,two_sided_Student_t_95_df_n_minus_1,unadjusted_exploratory
all_designs_diagnostic,original_e4,cubic_spin_glass,matched_random_selective,equal_layer_p2,positive_depth_only,independence_minus_cold,statevector_norm,2,5.551115123125783e-17,1.0205600981444537e-15,-9.113857533675274e-15,9.22487983613779e-15,1,estimated,0,raw_instance,two_sided_Student_t_95_df_n_minus_1,unadjusted_exploratory
all_designs_diagnostic,original_e4,cubic_spin_glass,matched_random_selective,equal_layer_p2,positive_depth_only,original_only_minus_cold,original_objective_mean,7,0.18701122643503623,0.33275981878365435,-0.1207402771781094,0.49476273004818183,6,estimated,0,raw_instance,two_sided_Student_t_95_df_n_minus_1,unadjusted_exploratory
all_designs_diagnostic,original_e4,cubic_spin_glass,matched_random_selective,equal_layer_p2,positive_depth_only,original_only_minus_cold,encoded_energy_mean,7,0.13619458316350425,0.43877353705612004,-0.26960325705731825,0.5419924233843267,6,estimated,0,raw_instance,two_sided_Student_t_95_df_n_minus_1,unadjusted_exploratory
all_designs_diagnostic,original_e4,cubic_spin_glass,matched_random_selective,equal_layer_p2,positive_depth_only,original_only_minus_cold,optimum_hit_rate,7,0.002941144414541126,0.029196337572141445,-0.024060964255512265,0.02994325308459452,6,estimated,0,raw_instance,two_sided_Student_t_95_df_n_minus_1,unadjusted_exploratory
all_designs_diagnostic,original_e4,cubic_spin_glass,matched_random_selective,equal_layer_p2,positive_depth_only,original_only_minus_cold,auxiliary_inconsistency_rate,7,0.0041019575125453055,0.00968846884510136,-0.004858381706558523,0.013062296731649135,6,estimated,0,raw_instance,two_sided_Student_t_95_df_n_minus_1,unadjusted_exploratory
all_designs_diagnostic,original_e4,cubic_spin_glass,matched_random_selective,equal_layer_p2,positive_depth_only,original_only_minus_cold,statevector_norm,7,5.551115123125783e-16,2.7194799110210365e-16,3.036015689781643e-16,8.066214556469922e-16,6,estimated,0,raw_instance,two_sided_Student_t_95_df_n_minus_1,unadjusted_exploratory
all_designs_diagnostic,original_e4,cubic_spin_glass,matched_random_selective,equal_layer_p2,positive_depth_only,pair_minus_cold,original_objective_mean,2,0.05549603376267781,0.17994120755580634,-1.5612115728607372,1.6722036403860927,1,estimated,0,raw_instance,two_sided_Student_t_95_df_n_minus_1,unadjusted_exploratory
all_designs_diagnostic,original_e4,cubic_spin_glass,matched_random_selective,equal_layer_p2,positive_depth_only,pair_minus_cold,encoded_energy_mean,2,0.8224658965840312,0.6770536838937136,-5.260620105291871,6.905551898459933,1,estimated,0,raw_instance,two_sided_Student_t_95_df_n_minus_1,unadjusted_exploratory
all_designs_diagnostic,original_e4,cubic_spin_glass,matched_random_selective,equal_layer_p2,positive_depth_only,pair_minus_cold,optimum_hit_rate,2,0.00918118614075741,0.0058987664860513135,-0.043817128015474924,0.06217950029698974,1,estimated,0,raw_instance,two_sided_Student_t_95_df_n_minus_1,unadjusted_exploratory
all_designs_diagnostic,original_e4,cubic_spin_glass,matched_random_selective,equal_layer_p2,positive_depth_only,pair_minus_cold,auxiliary_inconsistency_rate,2,0.008106629171274748,0.016218493329893533,-0.13761075202545886,0.15382401036800836,1,estimated,0,raw_instance,two_sided_Student_t_95_df_n_minus_1,unadjusted_exploratory
all_designs_diagnostic,original_e4,cubic_spin_glass,matched_random_selective,equal_layer_p2,positive_depth_only,pair_minus_cold,statevector_norm,2,3.885780586188048e-16,7.850462293418876e-17,-3.167579940663131e-16,1.0939141113039227e-15,1,estimated,0,raw_instance,two_sided_Student_t_95_df_n_minus_1,unadjusted_exploratory
all_designs_diagnostic,original_e4,cubic_spin_glass,matched_random_selective,equal_layer_p2,positive_depth_only,pair_minus_independence,original_objective_mean,2,-0.07224725924466752,0.29584238468456797,-2.730285627320063,2.585791108830728,1,estimated,0,raw_instance,two_sided_Student_t_95_df_n_minus_1,unadjusted_exploratory
all_designs_diagnostic,original_e4,cubic_spin_glass,matched_random_selective,equal_layer_p2,positive_depth_only,pair_minus_independence,encoded_energy_mean,2,-1.0147839441888102,0.8630418717251211,-8.768907514910005,6.739339626532385,1,estimated,0,raw_instance,two_sided_Student_t_95_df_n_minus_1,unadjusted_exploratory
all_designs_diagnostic,original_e4,cubic_spin_glass,matched_random_selective,equal_layer_p2,positive_depth_only,pair_minus_independence,optimum_hit_rate,2,0.013561245535376968,0.022501428440598055,-0.18860606796631277,0.2157285590370667,1,estimated,0,raw_instance,two_sided_Student_t_95_df_n_minus_1,unadjusted_exploratory
all_designs_diagnostic,original_e4,cubic_spin_glass,matched_random_selective,equal_layer_p2,positive_depth_only,pair_minus_independence,auxiliary_inconsistency_rate,2,-0.0030624441924123613,0.013587566032289921,-0.12514188146132277,0.11901699307649806,1,estimated,0,raw_instance,two_sided_Student_t_95_df_n_minus_1,unadjusted_exploratory
all_designs_diagnostic,original_e4,cubic_spin_glass,matched_random_selective,equal_layer_p2,positive_depth_only,pair_minus_independence,statevector_norm,2,3.3306690738754696e-16,1.0990647210786425e-15,-9.541637830204103e-15,1.0207771644979197e-14,1,estimated,0,raw_instance,two_sided_Student_t_95_df_n_minus_1,unadjusted_exploratory
all_designs_diagnostic,original_e4,cubic_spin_glass,matched_random_selective,equal_layer_p2,positive_depth_only,pair_minus_original_only,original_objective_mean,2,-0.03144935513595515,0.04035024284015653,-0.3939819034881798,0.3310831932162695,1,estimated,0,raw_instance,two_sided_Student_t_95_df_n_minus_1,unadjusted_exploratory
all_designs_diagnostic,original_e4,cubic_spin_glass,matched_random_selective,equal_layer_p2,positive_depth_only,pair_minus_original_only,encoded_energy_mean,2,0.9133787591357603,1.3046390726754098,-10.808338246894152,12.635095765165673,1,estimated,0,raw_instance,two_sided_Student_t_95_df_n_minus_1,unadjusted_exploratory
all_designs_diagnostic,original_e4,cubic_spin_glass,matched_random_selective,equal_layer_p2,positive_depth_only,pair_minus_original_only,optimum_hit_rate,2,0.006548384450308123,0.009121427734312527,-0.0754043922462435,0.08850116114685976,1,estimated,0,raw_instance,two_sided_Student_t_95_df_n_minus_1,unadjusted_exploratory
all_designs_diagnostic,original_e4,cubic_spin_glass,matched_random_selective,equal_layer_p2,positive_depth_only,pair_minus_original_only,auxiliary_inconsistency_rate,2,-0.0062502221226338195,0.000174877320075863,-0.00782143250536331,-0.004679011739904328,1,estimated,0,raw_instance,two_sided_Student_t_95_df_n_minus_1,unadjusted_exploratory
all_designs_diagnostic,original_e4,cubic_spin_glass,matched_random_selective,equal_layer_p2,positive_depth_only,pair_minus_original_only,statevector_norm,2,-2.220446049250313e-16,3.1401849173675503e-16,-3.043388815665503e-15,2.5992996058154403e-15,1,estimated,0,raw_instance,two_sided_Student_t_95_df_n_minus_1,unadjusted_exploratory
all_designs_diagnostic,original_e4,cubic_spin_glass,selective,equal_2q_budget_128,all_scheduled,independence_minus_cold,original_objective_mean,2,-0.22222222222222265,0.31426968052735516,-3.0458232747054943,2.6013788302610488,1,estimated,2,raw_instance,two_sided_Student_t_95_df_n_minus_1,unadjusted_exploratory
all_designs_diagnostic,original_e4,cubic_spin_glass,selective,equal_2q_budget_128,all_scheduled,independence_minus_cold,encoded_energy_mean,2,-7.4814814814814685,1.7939560930103133,-23.599537489406757,8.636574526443821,1,estimated,2,raw_instance,two_sided_Student_t_95_df_n_minus_1,unadjusted_exploratory
all_designs_diagnostic,original_e4,cubic_spin_glass,selective,equal_2q_budget_128,all_scheduled,independence_minus_cold,optimum_hit_rate,2,0.037841060099451346,0.04854349585200155,-0.39830494593245425,0.473987066131357,1,estimated,2,raw_instance,two_sided_Student_t_95_df_n_minus_1,unadjusted_exploratory
all_designs_diagnostic,original_e4,cubic_spin_glass,selective,equal_2q_budget_128,all_scheduled,independence_minus_cold,auxiliary_inconsistency_rate,2,-0.06739877183567866,0.08698470980735008,-0.8489253821973386,0.7141278385259813,1,estimated,2,raw_instance,two_sided_Student_t_95_df_n_minus_1,unadjusted_exploratory
all_designs_diagnostic,original_e4,cubic_spin_glass,selective,equal_2q_budget_128,all_scheduled,independence_minus_cold,statevector_norm,2,3.3306690738754696e-16,3.1401849173675503e-16,-2.4882773033529247e-15,3.1544111181280186e-15,1,estimated,2,raw_instance,two_sided_Student_t_95_df_n_minus_1,unadjusted_exploratory
all_designs_diagnostic,original_e4,cubic_spin_glass,selective,equal_2q_budget_128,all_scheduled,original_only_minus_cold,original_objective_mean,7,0.28073169087264915,0.7669187665779258,-0.4285498697022643,0.9900132514475626,6,estimated,2,raw_instance,two_sided_Student_t_95_df_n_minus_1,unadjusted_exploratory
all_designs_diagnostic,original_e4,cubic_spin_glass,selective,equal_2q_budget_128,all_scheduled,original_only_minus_cold,encoded_energy_mean,7,-0.6004852403442751,2.408560968292319,-2.8280326114342182,1.627062130745668,6,estimated,2,raw_instance,two_sided_Student_t_95_df_n_minus_1,unadjusted_exploratory
all_designs_diagnostic,original_e4,cubic_spin_glass,selective,equal_2q_budget_128,all_scheduled,original_only_minus_cold,optimum_hit_rate,7,0.00903992727040051,0.07846204057916445,-0.0635253573635976,0.08160521190439862,6,estimated,2,raw_instance,two_sided_Student_t_95_df_n_minus_1,unadjusted_exploratory
all_designs_diagnostic,original_e4,cubic_spin_glass,selective,equal_2q_budget_128,all_scheduled,original_only_minus_cold,auxiliary_inconsistency_rate,7,1.427429603089487e-16,2.4587772990617237e-16,-8.465601280086729e-17,3.701419334187647e-16,6,estimated,2,raw_instance,two_sided_Student_t_95_df_n_minus_1,unadjusted_exploratory
all_designs_diagnostic,original_e4,cubic_spin_glass,selective,equal_2q_budget_128,all_scheduled,original_only_minus_cold,statevector_norm,7,5.709718412357948e-16,7.063338916872295e-16,-8.227805538407743e-17,1.224221737855667e-15,6,estimated,2,raw_instance,two_sided_Student_t_95_df_n_minus_1,unadjusted_exploratory
all_designs_diagnostic,original_e4,cubic_spin_glass,selective,equal_2q_budget_128,all_scheduled,pair_minus_cold,original_objective_mean,2,-0.22222222222222268,0.31426968052735493,-3.045823274705492,2.6013788302610465,1,estimated,2,raw_instance,two_sided_Student_t_95_df_n_minus_1,unadjusted_exploratory
all_designs_diagnostic,original_e4,cubic_spin_glass,selective,equal_2q_budget_128,all_scheduled,pair_minus_cold,encoded_energy_mean,2,-4.05648148148147,4.463938920490646,-44.16338143112932,36.05041846816638,1,estimated,2,raw_instance,two_sided_Student_t_95_df_n_minus_1,unadjusted_exploratory
all_designs_diagnostic,original_e4,cubic_spin_glass,selective,equal_2q_budget_128,all_scheduled,pair_minus_cold,optimum_hit_rate,2,0.03784106009945134,0.04854349585200154,-0.39830494593245425,0.4739870661313569,1,estimated,2,raw_instance,two_sided_Student_t_95_df_n_minus_1,unadjusted_exploratory
all_designs_diagnostic,original_e4,cubic_spin_glass,selective,equal_2q_budget_128,all_scheduled,pair_minus_cold,auxiliary_inconsistency_rate,2,-0.012488568815729018,0.017661503393834307,-0.1711708810501943,0.14619374341873626,1,estimated,2,raw_instance,two_sided_Student_t_95_df_n_minus_1,unadjusted_exploratory
all_designs_diagnostic,original_e4,cubic_spin_glass,selective,equal_2q_budget_128,all_scheduled,pair_minus_cold,statevector_norm,2,2.7755575615628914e-16,3.925231146709438e-16,-3.2491245072693002e-15,3.804236019581878e-15,1,estimated,2,raw_instance,two_sided_Student_t_95_df_n_minus_1,unadjusted_exploratory
all_designs_diagnostic,original_e4,cubic_spin_glass,selective,equal_2q_budget_128,all_scheduled,pair_minus_independence,original_objective_mean,2,-1.734723475976807e-17,1.815419405353115e-16,-1.6484368565941033e-15,1.6137423870745671e-15,1,estimated,2,raw_instance,two_sided_Student_t_95_df_n_minus_1,unadjusted_exploratory
all_designs_diagnostic,original_e4,cubic_spin_glass,selective,equal_2q_budget_128,all_scheduled,pair_minus_independence,encoded_energy_mean,2,3.424999999999999,6.257895013500959,-52.79995595757314,59.649955957573134,1,estimated,2,raw_instance,two_sided_Student_t_95_df_n_minus_1,unadjusted_exploratory
all_designs_diagnostic,original_e4,cubic_spin_glass,selective,equal_2q_budget_128,all_scheduled,pair_minus_independence,optimum_hit_rate,2,-5.204170427930421e-18,1.2266347333466993e-17,-1.1541292865998008e-16,1.0500458780411925e-16,1,estimated,2,raw_instance,two_sided_Student_t_95_df_n_minus_1,unadjusted_exploratory
all_designs_diagnostic,original_e4,cubic_spin_glass,selective,equal_2q_budget_128,all_scheduled,pair_minus_independence,auxiliary_inconsistency_rate,2,0.054910203019949644,0.10464621320118439,-0.8852987195761756,0.9951191256160749,1,estimated,2,raw_instance,two_sided_Student_t_95_df_n_minus_1,unadjusted_exploratory
all_designs_diagnostic,original_e4,cubic_spin_glass,selective,equal_2q_budget_128,all_scheduled,pair_minus_independence,statevector_norm,2,-5.551115123125783e-17,7.850462293418876e-17,-7.608472039163757e-16,6.498249014538601e-16,1,estimated,2,raw_instance,two_sided_Student_t_95_df_n_minus_1,unadjusted_exploratory
all_designs_diagnostic,original_e4,cubic_spin_glass,selective,equal_2q_budget_128,all_scheduled,pair_minus_original_only,original_objective_mean,2,-8.326672684688674e-17,1.1775693440128312e-16,-1.1412708058745635e-15,9.7473735218079e-16,1,estimated,2,raw_instance,two_sided_Student_t_95_df_n_minus_1,unadjusted_exploratory
all_designs_diagnostic,original_e4,cubic_spin_glass,selective,equal_2q_budget_128,all_scheduled,pair_minus_original_only,encoded_energy_mean,2,-0.7500000000000124,1.060660171779839,-10.27965355213119,8.779653552131165,1,estimated,2,raw_instance,two_sided_Student_t_95_df_n_minus_1,unadjusted_exploratory
all_designs_diagnostic,original_e4,cubic_spin_glass,selective,equal_2q_budget_128,all_scheduled,pair_minus_original_only,optimum_hit_rate,2,-3.469446951953614e-17,4.906538933386797e-17,-4.755295024477348e-16,4.0614056340866252e-16,1,estimated,2,raw_instance,two_sided_Student_t_95_df_n_minus_1,unadjusted_exploratory
all_designs_diagnostic,original_e4,cubic_spin_glass,selective,equal_2q_budget_128,all_scheduled,pair_minus_original_only,auxiliary_inconsistency_rate,2,-0.012488568815729517,0.017661503393834384,-0.17117088105019548,0.14619374341873645,1,estimated,2,raw_instance,two_sided_Student_t_95_df_n_minus_1,unadjusted_exploratory
all_designs_diagnostic,original_e4,cubic_spin_glass,selective,equal_2q_budget_128,all_scheduled,pair_minus_original_only,statevector_norm,2,-2.7755575615628914e-16,3.925231146709438e-16,-3.804236019581878e-15,3.2491245072693002e-15,1,estimated,2,raw_instance,two_sided_Student_t_95_df_n_minus_1,unadjusted_exploratory
all_designs_diagnostic,original_e4,cubic_spin_glass,selective,equal_2q_budget_128,positive_depth_only,original_only_minus_cold,original_objective_mean,5,0.4819132561105978,0.8249129570331699,-0.5423514642892977,1.5061779765104935,4,estimated,0,raw_instance,two_sided_Student_t_95_df_n_minus_1,unadjusted_exploratory
all_designs_diagnostic,original_e4,cubic_spin_glass,selective,equal_2q_budget_128,positive_depth_only,original_only_minus_cold,encoded_energy_mean,5,0.4819132561105978,0.8249129570331699,-0.5423514642892977,1.5061779765104935,4,estimated,0,raw_instance,two_sided_Student_t_95_df_n_minus_1,unadjusted_exploratory
all_designs_diagnostic,original_e4,cubic_spin_glass,selective,equal_2q_budget_128,positive_depth_only,original_only_minus_cold,optimum_hit_rate,5,-0.002480525861219835,0.08980348709165312,-0.11398628269608196,0.1090252309736423,4,estimated,0,raw_instance,two_sided_Student_t_95_df_n_minus_1,unadjusted_exploratory
all_designs_diagnostic,original_e4,cubic_spin_glass,selective,equal_2q_budget_128,positive_depth_only,original_only_minus_cold,auxiliary_inconsistency_rate,5,0.0,0.0,0.0,0.0,4,estimated,0,raw_instance,two_sided_Student_t_95_df_n_minus_1,unadjusted_exploratory
all_designs_diagnostic,original_e4,cubic_spin_glass,selective,equal_2q_budget_128,positive_depth_only,original_only_minus_cold,statevector_norm,5,5.773159728050814e-16,8.649770313687835e-16,-4.966948663187049e-16,1.6513268119288676e-15,4,estimated,0,raw_instance,two_sided_Student_t_95_df_n_minus_1,unadjusted_exploratory
all_designs_diagnostic,original_e4,cubic_spin_glass,selective,equal_2q_budget_128,zero_depth_only,independence_minus_cold,original_objective_mean,2,-0.22222222222222265,0.31426968052735516,-3.0458232747054943,2.6013788302610488,1,estimated,2,raw_instance,two_sided_Student_t_95_df_n_minus_1,unadjusted_exploratory
all_designs_diagnostic,original_e4,cubic_spin_glass,selective,equal_2q_budget_128,zero_depth_only,independence_minus_cold,encoded_energy_mean,2,-7.4814814814814685,1.7939560930103133,-23.599537489406757,8.636574526443821,1,estimated,2,raw_instance,two_sided_Student_t_95_df_n_minus_1,unadjusted_exploratory
all_designs_diagnostic,original_e4,cubic_spin_glass,selective,equal_2q_budget_128,zero_depth_only,independence_minus_cold,optimum_hit_rate,2,0.037841060099451346,0.04854349585200155,-0.39830494593245425,0.473987066131357,1,estimated,2,raw_instance,two_sided_Student_t_95_df_n_minus_1,unadjusted_exploratory
all_designs_diagnostic,original_e4,cubic_spin_glass,selective,equal_2q_budget_128,zero_depth_only,independence_minus_cold,auxiliary_inconsistency_rate,2,-0.06739877183567866,0.08698470980735008,-0.8489253821973386,0.7141278385259813,1,estimated,2,raw_instance,two_sided_Student_t_95_df_n_minus_1,unadjusted_exploratory
all_designs_diagnostic,original_e4,cubic_spin_glass,selective,equal_2q_budget_128,zero_depth_only,independence_minus_cold,statevector_norm,2,3.3306690738754696e-16,3.1401849173675503e-16,-2.4882773033529247e-15,3.1544111181280186e-15,1,estimated,2,raw_instance,two_sided_Student_t_95_df_n_minus_1,unadjusted_exploratory
all_designs_diagnostic,original_e4,cubic_spin_glass,selective,equal_2q_budget_128,zero_depth_only,original_only_minus_cold,original_objective_mean,2,-0.2222222222222226,0.3142696805273548,-3.045823274705491,2.6013788302610457,1,estimated,2,raw_instance,two_sided_Student_t_95_df_n_minus_1,unadjusted_exploratory
all_designs_diagnostic,original_e4,cubic_spin_glass,selective,equal_2q_budget_128,zero_depth_only,original_only_minus_cold,encoded_energy_mean,2,-3.306481481481457,3.403278748710807,-33.88372787899813,27.270764916035212,1,estimated,2,raw_instance,two_sided_Student_t_95_df_n_minus_1,unadjusted_exploratory
all_designs_diagnostic,original_e4,cubic_spin_glass,selective,equal_2q_budget_128,zero_depth_only,original_only_minus_cold,optimum_hit_rate,2,0.037841060099451373,0.048543495852001586,-0.3983049459324546,0.4739870661313573,1,estimated,2,raw_instance,two_sided_Student_t_95_df_n_minus_1,unadjusted_exploratory
all_designs_diagnostic,original_e4,cubic_spin_glass,selective,equal_2q_budget_128,zero_depth_only,original_only_minus_cold,auxiliary_inconsistency_rate,2,4.996003610813204e-16,7.850462293418876e-17,-2.0573569160379746e-16,1.2049364137664383e-15,1,estimated,2,raw_instance,two_sided_Student_t_95_df_n_minus_1,unadjusted_exploratory
all_designs_diagnostic,original_e4,cubic_spin_glass,selective,equal_2q_budget_128,zero_depth_only,original_only_minus_cold,statevector_norm,2,5.551115123125783e-16,0.0,5.551115123125783e-16,5.551115123125783e-16,1,estimated,2,raw_instance,two_sided_Student_t_95_df_n_minus_1,unadjusted_exploratory
all_designs_diagnostic,original_e4,cubic_spin_glass,selective,equal_2q_budget_128,zero_depth_only,pair_minus_cold,original_objective_mean,2,-0.22222222222222268,0.31426968052735493,-3.045823274705492,2.6013788302610465,1,estimated,2,raw_instance,two_sided_Student_t_95_df_n_minus_1,unadjusted_exploratory
all_designs_diagnostic,original_e4,cubic_spin_glass,selective,equal_2q_budget_128,zero_depth_only,pair_minus_cold,encoded_energy_mean,2,-4.05648148148147,4.463938920490646,-44.16338143112932,36.05041846816638,1,estimated,2,raw_instance,two_sided_Student_t_95_df_n_minus_1,unadjusted_exploratory
all_designs_diagnostic,original_e4,cubic_spin_glass,selective,equal_2q_budget_128,zero_depth_only,pair_minus_cold,optimum_hit_rate,2,0.03784106009945134,0.04854349585200154,-0.39830494593245425,0.4739870661313569,1,estimated,2,raw_instance,two_sided_Student_t_95_df_n_minus_1,unadjusted_exploratory
all_designs_diagnostic,original_e4,cubic_spin_glass,selective,equal_2q_budget_128,zero_depth_only,pair_minus_cold,auxiliary_inconsistency_rate,2,-0.012488568815729018,0.017661503393834307,-0.1711708810501943,0.14619374341873626,1,estimated,2,raw_instance,two_sided_Student_t_95_df_n_minus_1,unadjusted_exploratory
all_designs_diagnostic,original_e4,cubic_spin_glass,selective,equal_2q_budget_128,zero_depth_only,pair_minus_cold,statevector_norm,2,2.7755575615628914e-16,3.925231146709438e-16,-3.2491245072693002e-15,3.804236019581878e-15,1,estimated,2,raw_instance,two_sided_Student_t_95_df_n_minus_1,unadjusted_exploratory
all_designs_diagnostic,original_e4,cubic_spin_glass,selective,equal_2q_budget_128,zero_depth_only,pair_minus_independence,original_objective_mean,2,-1.734723475976807e-17,1.815419405353115e-16,-1.6484368565941033e-15,1.6137423870745671e-15,1,estimated,2,raw_instance,two_sided_Student_t_95_df_n_minus_1,unadjusted_exploratory
all_designs_diagnostic,original_e4,cubic_spin_glass,selective,equal_2q_budget_128,zero_depth_only,pair_minus_independence,encoded_energy_mean,2,3.424999999999999,6.257895013500959,-52.79995595757314,59.649955957573134,1,estimated,2,raw_instance,two_sided_Student_t_95_df_n_minus_1,unadjusted_exploratory
all_designs_diagnostic,original_e4,cubic_spin_glass,selective,equal_2q_budget_128,zero_depth_only,pair_minus_independence,optimum_hit_rate,2,-5.204170427930421e-18,1.2266347333466993e-17,-1.1541292865998008e-16,1.0500458780411925e-16,1,estimated,2,raw_instance,two_sided_Student_t_95_df_n_minus_1,unadjusted_exploratory
all_designs_diagnostic,original_e4,cubic_spin_glass,selective,equal_2q_budget_128,zero_depth_only,pair_minus_independence,auxiliary_inconsistency_rate,2,0.054910203019949644,0.10464621320118439,-0.8852987195761756,0.9951191256160749,1,estimated,2,raw_instance,two_sided_Student_t_95_df_n_minus_1,unadjusted_exploratory
all_designs_diagnostic,original_e4,cubic_spin_glass,selective,equal_2q_budget_128,zero_depth_only,pair_minus_independence,statevector_norm,2,-5.551115123125783e-17,7.850462293418876e-17,-7.608472039163757e-16,6.498249014538601e-16,1,estimated,2,raw_instance,two_sided_Student_t_95_df_n_minus_1,unadjusted_exploratory
all_designs_diagnostic,original_e4,cubic_spin_glass,selective,equal_2q_budget_128,zero_depth_only,pair_minus_original_only,original_objective_mean,2,-8.326672684688674e-17,1.1775693440128312e-16,-1.1412708058745635e-15,9.7473735218079e-16,1,estimated,2,raw_instance,two_sided_Student_t_95_df_n_minus_1,unadjusted_exploratory
all_designs_diagnostic,original_e4,cubic_spin_glass,selective,equal_2q_budget_128,zero_depth_only,pair_minus_original_only,encoded_energy_mean,2,-0.7500000000000124,1.060660171779839,-10.27965355213119,8.779653552131165,1,estimated,2,raw_instance,two_sided_Student_t_95_df_n_minus_1,unadjusted_exploratory
all_designs_diagnostic,original_e4,cubic_spin_glass,selective,equal_2q_budget_128,zero_depth_only,pair_minus_original_only,optimum_hit_rate,2,-3.469446951953614e-17,4.906538933386797e-17,-4.755295024477348e-16,4.0614056340866252e-16,1,estimated,2,raw_instance,two_sided_Student_t_95_df_n_minus_1,unadjusted_exploratory
all_designs_diagnostic,original_e4,cubic_spin_glass,selective,equal_2q_budget_128,zero_depth_only,pair_minus_original_only,auxiliary_inconsistency_rate,2,-0.012488568815729517,0.017661503393834384,-0.17117088105019548,0.14619374341873645,1,estimated,2,raw_instance,two_sided_Student_t_95_df_n_minus_1,unadjusted_exploratory
all_designs_diagnostic,original_e4,cubic_spin_glass,selective,equal_2q_budget_128,zero_depth_only,pair_minus_original_only,statevector_norm,2,-2.7755575615628914e-16,3.925231146709438e-16,-3.804236019581878e-15,3.2491245072693002e-15,1,estimated,2,raw_instance,two_sided_Student_t_95_df_n_minus_1,unadjusted_exploratory
all_designs_diagnostic,original_e4,cubic_spin_glass,selective,equal_2q_budget_256,all_scheduled,independence_minus_cold,original_objective_mean,2,-0.04971484941649201,0.4952774985362936,-4.499606623232175,4.400176924399192,1,estimated,0,raw_instance,two_sided_Student_t_95_df_n_minus_1,unadjusted_exploratory
all_designs_diagnostic,original_e4,cubic_spin_glass,selective,equal_2q_budget_256,all_scheduled,independence_minus_cold,encoded_energy_mean,2,-2.1938159796399166,7.2926884342880705,-67.71602195234115,63.328389993061315,1,estimated,0,raw_instance,two_sided_Student_t_95_df_n_minus_1,unadjusted_exploratory
all_designs_diagnostic,original_e4,cubic_spin_glass,selective,equal_2q_budget_256,all_scheduled,independence_minus_cold,optimum_hit_rate,2,0.02993021859213524,0.008999641934806821,-0.05092835610858658,0.11078879329285705,1,estimated,0,raw_instance,two_sided_Student_t_95_df_n_minus_1,unadjusted_exploratory
all_designs_diagnostic,original_e4,cubic_spin_glass,selective,equal_2q_budget_256,all_scheduled,independence_minus_cold,auxiliary_inconsistency_rate,2,-0.027956562095623638,0.013983621270748783,-0.1535944145011053,0.09768129030985803,1,estimated,0,raw_instance,two_sided_Student_t_95_df_n_minus_1,unadjusted_exploratory
all_designs_diagnostic,original_e4,cubic_spin_glass,selective,equal_2q_budget_256,all_scheduled,independence_minus_cold,statevector_norm,2,8.881784197001252e-16,7.850462293418876e-16,-6.1651821071510534e-15,7.941538946551303e-15,1,estimated,0,raw_instance,two_sided_Student_t_95_df_n_minus_1,unadjusted_exploratory
all_designs_diagnostic,original_e4,cubic_spin_glass,selective,equal_2q_budget_256,all_scheduled,original_only_minus_cold,original_objective_mean,7,0.04921154241315647,0.3379637456341932,-0.2633527908222682,0.3617758756485811,6,estimated,0,raw_instance,two_sided_Student_t_95_df_n_minus_1,unadjusted_exploratory
all_designs_diagnostic,original_e4,cubic_spin_glass,selective,equal_2q_budget_256,all_scheduled,original_only_minus_cold,encoded_energy_mean,7,-0.5464857703314555,2.6786567403675923,-3.023830067863895,1.930858527200984,6,estimated,0,raw_instance,two_sided_Student_t_95_df_n_minus_1,unadjusted_exploratory
all_designs_diagnostic,original_e4,cubic_spin_glass,selective,equal_2q_budget_256,all_scheduled,original_only_minus_cold,optimum_hit_rate,7,0.003805396394124122,0.054656748584412745,-0.046743665151058295,0.054354457939306544,6,estimated,0,raw_instance,two_sided_Student_t_95_df_n_minus_1,unadjusted_exploratory
all_designs_diagnostic,original_e4,cubic_spin_glass,selective,equal_2q_budget_256,all_scheduled,original_only_minus_cold,auxiliary_inconsistency_rate,7,-0.004985702366434396,0.008514823343093525,-0.012860600532973679,0.0028891958001048884,6,estimated,0,raw_instance,two_sided_Student_t_95_df_n_minus_1,unadjusted_exploratory
all_designs_diagnostic,original_e4,cubic_spin_glass,selective,equal_2q_budget_256,all_scheduled,original_only_minus_cold,statevector_norm,7,5.075305255429287e-16,1.0411996900693938e-15,-4.554185809678158e-16,1.4704796320536732e-15,6,estimated,0,raw_instance,two_sided_Student_t_95_df_n_minus_1,unadjusted_exploratory
all_designs_diagnostic,original_e4,cubic_spin_glass,selective,equal_2q_budget_256,all_scheduled,pair_minus_cold,original_objective_mean,2,-0.06677894427047393,0.42294899414442655,-3.8668248889157546,3.7332670003748065,1,estimated,0,raw_instance,two_sided_Student_t_95_df_n_minus_1,unadjusted_exploratory
all_designs_diagnostic,original_e4,cubic_spin_glass,selective,equal_2q_budget_256,all_scheduled,pair_minus_cold,encoded_energy_mean,2,-1.7314294572888347,6.520816219200407,-60.31863872509981,56.855779810522144,1,estimated,0,raw_instance,two_sided_Student_t_95_df_n_minus_1,unadjusted_exploratory
all_designs_diagnostic,original_e4,cubic_spin_glass,selective,equal_2q_budget_256,all_scheduled,pair_minus_cold,optimum_hit_rate,2,0.020001608616009935,0.012234632627820024,-0.08992220429107645,0.1299254215230963,1,estimated,0,raw_instance,two_sided_Student_t_95_df_n_minus_1,unadjusted_exploratory
all_designs_diagnostic,original_e4,cubic_spin_glass,selective,equal_2q_budget_256,all_scheduled,pair_minus_cold,auxiliary_inconsistency_rate,2,-0.02070042384034082,0.004488188462416157,-0.06102519728000595,0.01962434959932431,1,estimated,0,raw_instance,two_sided_Student_t_95_df_n_minus_1,unadjusted_exploratory
all_designs_diagnostic,original_e4,cubic_spin_glass,selective,equal_2q_budget_256,all_scheduled,pair_minus_cold,statevector_norm,2,1.0547118733938987e-15,1.1775693440128313e-15,-9.525328916882868e-15,1.1634752663670666e-14,1,estimated,0,raw_instance,two_sided_Student_t_95_df_n_minus_1,unadjusted_exploratory
all_designs_diagnostic,original_e4,cubic_spin_glass,selective,equal_2q_budget_256,all_scheduled,pair_minus_independence,original_objective_mean,2,-0.017064094853981915,0.07232850439186704,-0.6669099240243848,0.6327817343164208,1,estimated,0,raw_instance,two_sided_Student_t_95_df_n_minus_1,unadjusted_exploratory
all_designs_diagnostic,original_e4,cubic_spin_glass,selective,equal_2q_budget_256,all_scheduled,pair_minus_independence,encoded_energy_mean,2,0.4623865223510819,0.7718722150876635,-6.472610182539172,7.397383227241336,1,estimated,0,raw_instance,two_sided_Student_t_95_df_n_minus_1,unadjusted_exploratory
all_designs_diagnostic,original_e4,cubic_spin_glass,selective,equal_2q_budget_256,all_scheduled,pair_minus_independence,optimum_hit_rate,2,-0.009928609976125309,0.003234990693013203,-0.03899384818248987,0.019136628230239247,1,estimated,0,raw_instance,two_sided_Student_t_95_df_n_minus_1,unadjusted_exploratory
all_designs_diagnostic,original_e4,cubic_spin_glass,selective,equal_2q_budget_256,all_scheduled,pair_minus_independence,auxiliary_inconsistency_rate,2,0.007256138255282818,0.01847180973316494,-0.158706487589864,0.17321876410042963,1,estimated,0,raw_instance,two_sided_Student_t_95_df_n_minus_1,unadjusted_exploratory
all_designs_diagnostic,original_e4,cubic_spin_glass,selective,equal_2q_budget_256,all_scheduled,pair_minus_independence,statevector_norm,2,1.6653345369377348e-16,3.925231146709438e-16,-3.360146809731816e-15,3.6932137171193624e-15,1,estimated,0,raw_instance,two_sided_Student_t_95_df_n_minus_1,unadjusted_exploratory
all_designs_diagnostic,original_e4,cubic_spin_glass,selective,equal_2q_budget_256,all_scheduled,pair_minus_original_only,original_objective_mean,2,-0.03388009092112121,0.04791368407508318,-0.46436746264510076,0.39660728080285834,1,estimated,0,raw_instance,two_sided_Student_t_95_df_n_minus_1,unadjusted_exploratory
all_designs_diagnostic,original_e4,cubic_spin_glass,selective,equal_2q_budget_256,all_scheduled,pair_minus_original_only,encoded_energy_mean,2,0.38640999066666026,0.546466249437252,-4.5233944628472775,5.296214444180598,1,estimated,0,raw_instance,two_sided_Student_t_95_df_n_minus_1,unadjusted_exploratory
all_designs_diagnostic,original_e4,cubic_spin_glass,selective,equal_2q_budget_256,all_scheduled,pair_minus_original_only,optimum_hit_rate,2,-0.006116991329391978,0.008650732098944763,-0.08384073553005186,0.07160675287126791,1,estimated,0,raw_instance,two_sided_Student_t_95_df_n_minus_1,unadjusted_exploratory
all_designs_diagnostic,original_e4,cubic_spin_glass,selective,equal_2q_budget_256,all_scheduled,pair_minus_original_only,auxiliary_inconsistency_rate,2,-0.0032504655578204367,0.00459685247589629,-0.04455154642337119,0.038050615307730316,1,estimated,0,raw_instance,two_sided_Student_t_95_df_n_minus_1,unadjusted_exploratory
all_designs_diagnostic,original_e4,cubic_spin_glass,selective,equal_2q_budget_256,all_scheduled,pair_minus_original_only,statevector_norm,2,-1.6653345369377348e-16,2.3551386880256624e-16,-2.282541611749127e-15,1.94947470436158e-15,1,estimated,0,raw_instance,two_sided_Student_t_95_df_n_minus_1,unadjusted_exploratory
all_designs_diagnostic,original_e4,cubic_spin_glass,selective,equal_2q_budget_256,positive_depth_only,independence_minus_cold,original_objective_mean,2,-0.04971484941649201,0.4952774985362936,-4.499606623232175,4.400176924399192,1,estimated,0,raw_instance,two_sided_Student_t_95_df_n_minus_1,unadjusted_exploratory
all_designs_diagnostic,original_e4,cubic_spin_glass,selective,equal_2q_budget_256,positive_depth_only,independence_minus_cold,encoded_energy_mean,2,-2.1938159796399166,7.2926884342880705,-67.71602195234115,63.328389993061315,1,estimated,0,raw_instance,two_sided_Student_t_95_df_n_minus_1,unadjusted_exploratory
all_designs_diagnostic,original_e4,cubic_spin_glass,selective,equal_2q_budget_256,positive_depth_only,independence_minus_cold,optimum_hit_rate,2,0.02993021859213524,0.008999641934806821,-0.05092835610858658,0.11078879329285705,1,estimated,0,raw_instance,two_sided_Student_t_95_df_n_minus_1,unadjusted_exploratory
all_designs_diagnostic,original_e4,cubic_spin_glass,selective,equal_2q_budget_256,positive_depth_only,independence_minus_cold,auxiliary_inconsistency_rate,2,-0.027956562095623638,0.013983621270748783,-0.1535944145011053,0.09768129030985803,1,estimated,0,raw_instance,two_sided_Student_t_95_df_n_minus_1,unadjusted_exploratory
all_designs_diagnostic,original_e4,cubic_spin_glass,selective,equal_2q_budget_256,positive_depth_only,independence_minus_cold,statevector_norm,2,8.881784197001252e-16,7.850462293418876e-16,-6.1651821071510534e-15,7.941538946551303e-15,1,estimated,0,raw_instance,two_sided_Student_t_95_df_n_minus_1,unadjusted_exploratory
all_designs_diagnostic,original_e4,cubic_spin_glass,selective,equal_2q_budget_256,positive_depth_only,original_only_minus_cold,original_objective_mean,7,0.04921154241315647,0.3379637456341932,-0.2633527908222682,0.3617758756485811,6,estimated,0,raw_instance,two_sided_Student_t_95_df_n_minus_1,unadjusted_exploratory
all_designs_diagnostic,original_e4,cubic_spin_glass,selective,equal_2q_budget_256,positive_depth_only,original_only_minus_cold,encoded_energy_mean,7,-0.5464857703314555,2.6786567403675923,-3.023830067863895,1.930858527200984,6,estimated,0,raw_instance,two_sided_Student_t_95_df_n_minus_1,unadjusted_exploratory
all_designs_diagnostic,original_e4,cubic_spin_glass,selective,equal_2q_budget_256,positive_depth_only,original_only_minus_cold,optimum_hit_rate,7,0.003805396394124122,0.054656748584412745,-0.046743665151058295,0.054354457939306544,6,estimated,0,raw_instance,two_sided_Student_t_95_df_n_minus_1,unadjusted_exploratory
all_designs_diagnostic,original_e4,cubic_spin_glass,selective,equal_2q_budget_256,positive_depth_only,original_only_minus_cold,auxiliary_inconsistency_rate,7,-0.004985702366434396,0.008514823343093525,-0.012860600532973679,0.0028891958001048884,6,estimated,0,raw_instance,two_sided_Student_t_95_df_n_minus_1,unadjusted_exploratory
all_designs_diagnostic,original_e4,cubic_spin_glass,selective,equal_2q_budget_256,positive_depth_only,original_only_minus_cold,statevector_norm,7,5.075305255429287e-16,1.0411996900693938e-15,-4.554185809678158e-16,1.4704796320536732e-15,6,estimated,0,raw_instance,two_sided_Student_t_95_df_n_minus_1,unadjusted_exploratory
all_designs_diagnostic,original_e4,cubic_spin_glass,selective,equal_2q_budget_256,positive_depth_only,pair_minus_cold,original_objective_mean,2,-0.06677894427047393,0.42294899414442655,-3.8668248889157546,3.7332670003748065,1,estimated,0,raw_instance,two_sided_Student_t_95_df_n_minus_1,unadjusted_exploratory
all_designs_diagnostic,original_e4,cubic_spin_glass,selective,equal_2q_budget_256,positive_depth_only,pair_minus_cold,encoded_energy_mean,2,-1.7314294572888347,6.520816219200407,-60.31863872509981,56.855779810522144,1,estimated,0,raw_instance,two_sided_Student_t_95_df_n_minus_1,unadjusted_exploratory
all_designs_diagnostic,original_e4,cubic_spin_glass,selective,equal_2q_budget_256,positive_depth_only,pair_minus_cold,optimum_hit_rate,2,0.020001608616009935,0.012234632627820024,-0.08992220429107645,0.1299254215230963,1,estimated,0,raw_instance,two_sided_Student_t_95_df_n_minus_1,unadjusted_exploratory
all_designs_diagnostic,original_e4,cubic_spin_glass,selective,equal_2q_budget_256,positive_depth_only,pair_minus_cold,auxiliary_inconsistency_rate,2,-0.02070042384034082,0.004488188462416157,-0.06102519728000595,0.01962434959932431,1,estimated,0,raw_instance,two_sided_Student_t_95_df_n_minus_1,unadjusted_exploratory
all_designs_diagnostic,original_e4,cubic_spin_glass,selective,equal_2q_budget_256,positive_depth_only,pair_minus_cold,statevector_norm,2,1.0547118733938987e-15,1.1775693440128313e-15,-9.525328916882868e-15,1.1634752663670666e-14,1,estimated,0,raw_instance,two_sided_Student_t_95_df_n_minus_1,unadjusted_exploratory
all_designs_diagnostic,original_e4,cubic_spin_glass,selective,equal_2q_budget_256,positive_depth_only,pair_minus_independence,original_objective_mean,2,-0.017064094853981915,0.07232850439186704,-0.6669099240243848,0.6327817343164208,1,estimated,0,raw_instance,two_sided_Student_t_95_df_n_minus_1,unadjusted_exploratory
all_designs_diagnostic,original_e4,cubic_spin_glass,selective,equal_2q_budget_256,positive_depth_only,pair_minus_independence,encoded_energy_mean,2,0.4623865223510819,0.7718722150876635,-6.472610182539172,7.397383227241336,1,estimated,0,raw_instance,two_sided_Student_t_95_df_n_minus_1,unadjusted_exploratory
all_designs_diagnostic,original_e4,cubic_spin_glass,selective,equal_2q_budget_256,positive_depth_only,pair_minus_independence,optimum_hit_rate,2,-0.009928609976125309,0.003234990693013203,-0.03899384818248987,0.019136628230239247,1,estimated,0,raw_instance,two_sided_Student_t_95_df_n_minus_1,unadjusted_exploratory
all_designs_diagnostic,original_e4,cubic_spin_glass,selective,equal_2q_budget_256,positive_depth_only,pair_minus_independence,auxiliary_inconsistency_rate,2,0.007256138255282818,0.01847180973316494,-0.158706487589864,0.17321876410042963,1,estimated,0,raw_instance,two_sided_Student_t_95_df_n_minus_1,unadjusted_exploratory
all_designs_diagnostic,original_e4,cubic_spin_glass,selective,equal_2q_budget_256,positive_depth_only,pair_minus_independence,statevector_norm,2,1.6653345369377348e-16,3.925231146709438e-16,-3.360146809731816e-15,3.6932137171193624e-15,1,estimated,0,raw_instance,two_sided_Student_t_95_df_n_minus_1,unadjusted_exploratory
all_designs_diagnostic,original_e4,cubic_spin_glass,selective,equal_2q_budget_256,positive_depth_only,pair_minus_original_only,original_objective_mean,2,-0.03388009092112121,0.04791368407508318,-0.46436746264510076,0.39660728080285834,1,estimated,0,raw_instance,two_sided_Student_t_95_df_n_minus_1,unadjusted_exploratory
all_designs_diagnostic,original_e4,cubic_spin_glass,selective,equal_2q_budget_256,positive_depth_only,pair_minus_original_only,encoded_energy_mean,2,0.38640999066666026,0.546466249437252,-4.5233944628472775,5.296214444180598,1,estimated,0,raw_instance,two_sided_Student_t_95_df_n_minus_1,unadjusted_exploratory
all_designs_diagnostic,original_e4,cubic_spin_glass,selective,equal_2q_budget_256,positive_depth_only,pair_minus_original_only,optimum_hit_rate,2,-0.006116991329391978,0.008650732098944763,-0.08384073553005186,0.07160675287126791,1,estimated,0,raw_instance,two_sided_Student_t_95_df_n_minus_1,unadjusted_exploratory
all_designs_diagnostic,original_e4,cubic_spin_glass,selective,equal_2q_budget_256,positive_depth_only,pair_minus_original_only,auxiliary_inconsistency_rate,2,-0.0032504655578204367,0.00459685247589629,-0.04455154642337119,0.038050615307730316,1,estimated,0,raw_instance,two_sided_Student_t_95_df_n_minus_1,unadjusted_exploratory
all_designs_diagnostic,original_e4,cubic_spin_glass,selective,equal_2q_budget_256,positive_depth_only,pair_minus_original_only,statevector_norm,2,-1.6653345369377348e-16,2.3551386880256624e-16,-2.282541611749127e-15,1.94947470436158e-15,1,estimated,0,raw_instance,two_sided_Student_t_95_df_n_minus_1,unadjusted_exploratory
all_designs_diagnostic,original_e4,cubic_spin_glass,selective,equal_layer_p1,all_scheduled,independence_minus_cold,original_objective_mean,2,-0.3644345901175085,0.9590071987809662,-8.980772415876263,8.251903235641247,1,estimated,0,raw_instance,two_sided_Student_t_95_df_n_minus_1,unadjusted_exploratory
all_designs_diagnostic,original_e4,cubic_spin_glass,selective,equal_layer_p1,all_scheduled,independence_minus_cold,encoded_energy_mean,2,-5.981737026572194,4.062950531532899,-42.48589924092613,30.522425187781746,1,estimated,0,raw_instance,two_sided_Student_t_95_df_n_minus_1,unadjusted_exploratory
all_designs_diagnostic,original_e4,cubic_spin_glass,selective,equal_layer_p1,all_scheduled,independence_minus_cold,optimum_hit_rate,2,0.06649045227778813,0.08415853467523714,-0.689643981962569,0.8226248865181454,1,estimated,0,raw_instance,two_sided_Student_t_95_df_n_minus_1,unadjusted_exploratory
all_designs_diagnostic,original_e4,cubic_spin_glass,selective,equal_layer_p1,all_scheduled,independence_minus_cold,auxiliary_inconsistency_rate,2,-0.04576468718022941,0.0059733700092688405,-0.0994332873988095,0.007903913038350675,1,estimated,0,raw_instance,two_sided_Student_t_95_df_n_minus_1,unadjusted_exploratory
all_designs_diagnostic,original_e4,cubic_spin_glass,selective,equal_layer_p1,all_scheduled,independence_minus_cold,statevector_norm,2,8.881784197001252e-16,1.5700924586837752e-16,-5.224936856701106e-16,2.298850525070361e-15,1,estimated,0,raw_instance,two_sided_Student_t_95_df_n_minus_1,unadjusted_exploratory
all_designs_diagnostic,original_e4,cubic_spin_glass,selective,equal_layer_p1,all_scheduled,original_only_minus_cold,original_objective_mean,7,0.08252386774988572,0.8408448871809335,-0.6951279511543663,0.8601756866541378,6,estimated,0,raw_instance,two_sided_Student_t_95_df_n_minus_1,unadjusted_exploratory
all_designs_diagnostic,original_e4,cubic_spin_glass,selective,equal_layer_p1,all_scheduled,original_only_minus_cold,encoded_energy_mean,7,-1.3317588403719973,3.1474638528859935,-4.242677402698339,1.5791597219543447,6,estimated,0,raw_instance,two_sided_Student_t_95_df_n_minus_1,unadjusted_exploratory
all_designs_diagnostic,original_e4,cubic_spin_glass,selective,equal_layer_p1,all_scheduled,original_only_minus_cold,optimum_hit_rate,7,0.020059483606531373,0.059524413036530374,-0.034991416711430925,0.07511038392449366,6,estimated,0,raw_instance,two_sided_Student_t_95_df_n_minus_1,unadjusted_exploratory
all_designs_diagnostic,original_e4,cubic_spin_glass,selective,equal_layer_p1,all_scheduled,original_only_minus_cold,auxiliary_inconsistency_rate,7,-0.010226718765532812,0.017534084866411972,-0.026443042604881686,0.005989605073816065,6,estimated,0,raw_instance,two_sided_Student_t_95_df_n_minus_1,unadjusted_exploratory
all_designs_diagnostic,original_e4,cubic_spin_glass,selective,equal_layer_p1,all_scheduled,original_only_minus_cold,statevector_norm,7,6.502734858518774e-16,7.376331897185172e-16,-3.192343347757074e-17,1.3324704051813255e-15,6,estimated,0,raw_instance,two_sided_Student_t_95_df_n_minus_1,unadjusted_exploratory
all_designs_diagnostic,original_e4,cubic_spin_glass,selective,equal_layer_p1,all_scheduled,pair_minus_cold,original_objective_mean,2,0.26003505588538645,0.6335961892804354,-5.432600848092327,5.9526709598631,1,estimated,0,raw_instance,two_sided_Student_t_95_df_n_minus_1,unadjusted_exploratory
all_designs_diagnostic,original_e4,cubic_spin_glass,selective,equal_layer_p1,all_scheduled,pair_minus_cold,encoded_energy_mean,2,-2.140018097027909,0.9191462682286096,-10.398219670916195,6.118183476860377,1,estimated,0,raw_instance,two_sided_Student_t_95_df_n_minus_1,unadjusted_exploratory
all_designs_diagnostic,original_e4,cubic_spin_glass,selective,equal_layer_p1,all_scheduled,pair_minus_cold,optimum_hit_rate,2,0.030011519022714286,0.03795294424656708,-0.3109821560261195,0.37100519407154803,1,estimated,0,raw_instance,two_sided_Student_t_95_df_n_minus_1,unadjusted_exploratory
all_designs_diagnostic,original_e4,cubic_spin_glass,selective,equal_layer_p1,all_scheduled,pair_minus_cold,auxiliary_inconsistency_rate,2,-0.0431745815984978,0.006641865604386384,-0.10284937644198389,0.016500213244988293,1,estimated,0,raw_instance,two_sided_Student_t_95_df_n_minus_1,unadjusted_exploratory
all_designs_diagnostic,original_e4,cubic_spin_glass,selective,equal_layer_p1,all_scheduled,pair_minus_cold,statevector_norm,2,7.216449660063518e-16,3.925231146709438e-16,-2.8050352974192376e-15,4.248325229431941e-15,1,estimated,0,raw_instance,two_sided_Student_t_95_df_n_minus_1,unadjusted_exploratory
all_designs_diagnostic,original_e4,cubic_spin_glass,selective,equal_layer_p1,all_scheduled,pair_minus_independence,original_objective_mean,2,0.624469646002895,0.3254110095005307,-2.2992322757781465,3.5481715677839367,1,estimated,0,raw_instance,two_sided_Student_t_95_df_n_minus_1,unadjusted_exploratory
all_designs_diagnostic,original_e4,cubic_spin_glass,selective,equal_layer_p1,all_scheduled,pair_minus_independence,encoded_energy_mean,2,3.8417189295442853,4.982096799761509,-40.92064485869794,48.60408271778651,1,estimated,0,raw_instance,two_sided_Student_t_95_df_n_minus_1,unadjusted_exploratory
all_designs_diagnostic,original_e4,cubic_spin_glass,selective,equal_layer_p1,all_scheduled,pair_minus_independence,optimum_hit_rate,2,-0.03647893325507384,0.046205590428670056,-0.4516196924465973,0.3786618259364496,1,estimated,0,raw_instance,two_sided_Student_t_95_df_n_minus_1,unadjusted_exploratory
all_designs_diagnostic,original_e4,cubic_spin_glass,selective,equal_layer_p1,all_scheduled,pair_minus_independence,auxiliary_inconsistency_rate,2,0.0025901055817316165,0.012615235613655225,-0.11075328948033455,0.11593350064379779,1,estimated,0,raw_instance,two_sided_Student_t_95_df_n_minus_1,unadjusted_exploratory
all_designs_diagnostic,original_e4,cubic_spin_glass,selective,equal_layer_p1,all_scheduled,pair_minus_independence,statevector_norm,2,-1.6653345369377348e-16,2.3551386880256624e-16,-2.282541611749127e-15,1.94947470436158e-15,1,estimated,0,raw_instance,two_sided_Student_t_95_df_n_minus_1,unadjusted_exploratory
all_designs_diagnostic,original_e4,cubic_spin_glass,selective,equal_layer_p1,all_scheduled,pair_minus_original_only,original_objective_mean,2,0.6595536517042199,0.9327497193528084,-7.720870081341253,9.039977384749694,1,estimated,0,raw_instance,two_sided_Student_t_95_df_n_minus_1,unadjusted_exploratory
all_designs_diagnostic,original_e4,cubic_spin_glass,selective,equal_layer_p1,all_scheduled,pair_minus_original_only,encoded_energy_mean,2,3.2094899772175154,4.538904254081526,-37.57094677200889,43.98992672644392,1,estimated,0,raw_instance,two_sided_Student_t_95_df_n_minus_1,unadjusted_exploratory
all_designs_diagnostic,original_e4,cubic_spin_glass,selective,equal_layer_p1,all_scheduled,pair_minus_original_only,optimum_hit_rate,2,-0.04663740095780095,0.06595524494835409,-0.6392217658906897,0.5459469639750877,1,estimated,0,raw_instance,two_sided_Student_t_95_df_n_minus_1,unadjusted_exploratory
all_designs_diagnostic,original_e4,cubic_spin_glass,selective,equal_layer_p1,all_scheduled,pair_minus_original_only,auxiliary_inconsistency_rate,2,-0.007381065919132956,0.010438403527607661,-0.10116640065883774,0.08640426882057183,1,estimated,0,raw_instance,two_sided_Student_t_95_df_n_minus_1,unadjusted_exploratory
all_designs_diagnostic,original_e4,cubic_spin_glass,selective,equal_layer_p1,all_scheduled,pair_minus_original_only,statevector_norm,2,-4.996003610813204e-16,7.065416064076988e-16,-6.847624835247381e-15,5.84842411308474e-15,1,estimated,0,raw_instance,two_sided_Student_t_95_df_n_minus_1,unadjusted_exploratory
all_designs_diagnostic,original_e4,cubic_spin_glass,selective,equal_layer_p1,positive_depth_only,independence_minus_cold,original_objective_mean,2,-0.3644345901175085,0.9590071987809662,-8.980772415876263,8.251903235641247,1,estimated,0,raw_instance,two_sided_Student_t_95_df_n_minus_1,unadjusted_exploratory
all_designs_diagnostic,original_e4,cubic_spin_glass,selective,equal_layer_p1,positive_depth_only,independence_minus_cold,encoded_energy_mean,2,-5.981737026572194,4.062950531532899,-42.48589924092613,30.522425187781746,1,estimated,0,raw_instance,two_sided_Student_t_95_df_n_minus_1,unadjusted_exploratory
all_designs_diagnostic,original_e4,cubic_spin_glass,selective,equal_layer_p1,positive_depth_only,independence_minus_cold,optimum_hit_rate,2,0.06649045227778813,0.08415853467523714,-0.689643981962569,0.8226248865181454,1,estimated,0,raw_instance,two_sided_Student_t_95_df_n_minus_1,unadjusted_exploratory
all_designs_diagnostic,original_e4,cubic_spin_glass,selective,equal_layer_p1,positive_depth_only,independence_minus_cold,auxiliary_inconsistency_rate,2,-0.04576468718022941,0.0059733700092688405,-0.0994332873988095,0.007903913038350675,1,estimated,0,raw_instance,two_sided_Student_t_95_df_n_minus_1,unadjusted_exploratory
all_designs_diagnostic,original_e4,cubic_spin_glass,selective,equal_layer_p1,positive_depth_only,independence_minus_cold,statevector_norm,2,8.881784197001252e-16,1.5700924586837752e-16,-5.224936856701106e-16,2.298850525070361e-15,1,estimated,0,raw_instance,two_sided_Student_t_95_df_n_minus_1,unadjusted_exploratory
all_designs_diagnostic,original_e4,cubic_spin_glass,selective,equal_layer_p1,positive_depth_only,original_only_minus_cold,original_objective_mean,7,0.08252386774988572,0.8408448871809335,-0.6951279511543663,0.8601756866541378,6,estimated,0,raw_instance,two_sided_Student_t_95_df_n_minus_1,unadjusted_exploratory
all_designs_diagnostic,original_e4,cubic_spin_glass,selective,equal_layer_p1,positive_depth_only,original_only_minus_cold,encoded_energy_mean,7,-1.3317588403719973,3.1474638528859935,-4.242677402698339,1.5791597219543447,6,estimated,0,raw_instance,two_sided_Student_t_95_df_n_minus_1,unadjusted_exploratory
all_designs_diagnostic,original_e4,cubic_spin_glass,selective,equal_layer_p1,positive_depth_only,original_only_minus_cold,optimum_hit_rate,7,0.020059483606531373,0.059524413036530374,-0.034991416711430925,0.07511038392449366,6,estimated,0,raw_instance,two_sided_Student_t_95_df_n_minus_1,unadjusted_exploratory
all_designs_diagnostic,original_e4,cubic_spin_glass,selective,equal_layer_p1,positive_depth_only,original_only_minus_cold,auxiliary_inconsistency_rate,7,-0.010226718765532812,0.017534084866411972,-0.026443042604881686,0.005989605073816065,6,estimated,0,raw_instance,two_sided_Student_t_95_df_n_minus_1,unadjusted_exploratory
all_designs_diagnostic,original_e4,cubic_spin_glass,selective,equal_layer_p1,positive_depth_only,original_only_minus_cold,statevector_norm,7,6.502734858518774e-16,7.376331897185172e-16,-3.192343347757074e-17,1.3324704051813255e-15,6,estimated,0,raw_instance,two_sided_Student_t_95_df_n_minus_1,unadjusted_exploratory
all_designs_diagnostic,original_e4,cubic_spin_glass,selective,equal_layer_p1,positive_depth_only,pair_minus_cold,original_objective_mean,2,0.26003505588538645,0.6335961892804354,-5.432600848092327,5.9526709598631,1,estimated,0,raw_instance,two_sided_Student_t_95_df_n_minus_1,unadjusted_exploratory
all_designs_diagnostic,original_e4,cubic_spin_glass,selective,equal_layer_p1,positive_depth_only,pair_minus_cold,encoded_energy_mean,2,-2.140018097027909,0.9191462682286096,-10.398219670916195,6.118183476860377,1,estimated,0,raw_instance,two_sided_Student_t_95_df_n_minus_1,unadjusted_exploratory
all_designs_diagnostic,original_e4,cubic_spin_glass,selective,equal_layer_p1,positive_depth_only,pair_minus_cold,optimum_hit_rate,2,0.030011519022714286,0.03795294424656708,-0.3109821560261195,0.37100519407154803,1,estimated,0,raw_instance,two_sided_Student_t_95_df_n_minus_1,unadjusted_exploratory
all_designs_diagnostic,original_e4,cubic_spin_glass,selective,equal_layer_p1,positive_depth_only,pair_minus_cold,auxiliary_inconsistency_rate,2,-0.0431745815984978,0.006641865604386384,-0.10284937644198389,0.016500213244988293,1,estimated,0,raw_instance,two_sided_Student_t_95_df_n_minus_1,unadjusted_exploratory
all_designs_diagnostic,original_e4,cubic_spin_glass,selective,equal_layer_p1,positive_depth_only,pair_minus_cold,statevector_norm,2,7.216449660063518e-16,3.925231146709438e-16,-2.8050352974192376e-15,4.248325229431941e-15,1,estimated,0,raw_instance,two_sided_Student_t_95_df_n_minus_1,unadjusted_exploratory
all_designs_diagnostic,original_e4,cubic_spin_glass,selective,equal_layer_p1,positive_depth_only,pair_minus_independence,original_objective_mean,2,0.624469646002895,0.3254110095005307,-2.2992322757781465,3.5481715677839367,1,estimated,0,raw_instance,two_sided_Student_t_95_df_n_minus_1,unadjusted_exploratory
all_designs_diagnostic,original_e4,cubic_spin_glass,selective,equal_layer_p1,positive_depth_only,pair_minus_independence,encoded_energy_mean,2,3.8417189295442853,4.982096799761509,-40.92064485869794,48.60408271778651,1,estimated,0,raw_instance,two_sided_Student_t_95_df_n_minus_1,unadjusted_exploratory
all_designs_diagnostic,original_e4,cubic_spin_glass,selective,equal_layer_p1,positive_depth_only,pair_minus_independence,optimum_hit_rate,2,-0.03647893325507384,0.046205590428670056,-0.4516196924465973,0.3786618259364496,1,estimated,0,raw_instance,two_sided_Student_t_95_df_n_minus_1,unadjusted_exploratory
all_designs_diagnostic,original_e4,cubic_spin_glass,selective,equal_layer_p1,positive_depth_only,pair_minus_independence,auxiliary_inconsistency_rate,2,0.0025901055817316165,0.012615235613655225,-0.11075328948033455,0.11593350064379779,1,estimated,0,raw_instance,two_sided_Student_t_95_df_n_minus_1,unadjusted_exploratory
all_designs_diagnostic,original_e4,cubic_spin_glass,selective,equal_layer_p1,positive_depth_only,pair_minus_independence,statevector_norm,2,-1.6653345369377348e-16,2.3551386880256624e-16,-2.282541611749127e-15,1.94947470436158e-15,1,estimated,0,raw_instance,two_sided_Student_t_95_df_n_minus_1,unadjusted_exploratory
all_designs_diagnostic,original_e4,cubic_spin_glass,selective,equal_layer_p1,positive_depth_only,pair_minus_original_only,original_objective_mean,2,0.6595536517042199,0.9327497193528084,-7.720870081341253,9.039977384749694,1,estimated,0,raw_instance,two_sided_Student_t_95_df_n_minus_1,unadjusted_exploratory
all_designs_diagnostic,original_e4,cubic_spin_glass,selective,equal_layer_p1,positive_depth_only,pair_minus_original_only,encoded_energy_mean,2,3.2094899772175154,4.538904254081526,-37.57094677200889,43.98992672644392,1,estimated,0,raw_instance,two_sided_Student_t_95_df_n_minus_1,unadjusted_exploratory
all_designs_diagnostic,original_e4,cubic_spin_glass,selective,equal_layer_p1,positive_depth_only,pair_minus_original_only,optimum_hit_rate,2,-0.04663740095780095,0.06595524494835409,-0.6392217658906897,0.5459469639750877,1,estimated,0,raw_instance,two_sided_Student_t_95_df_n_minus_1,unadjusted_exploratory
all_designs_diagnostic,original_e4,cubic_spin_glass,selective,equal_layer_p1,positive_depth_only,pair_minus_original_only,auxiliary_inconsistency_rate,2,-0.007381065919132956,0.010438403527607661,-0.10116640065883774,0.08640426882057183,1,estimated,0,raw_instance,two_sided_Student_t_95_df_n_minus_1,unadjusted_exploratory
all_designs_diagnostic,original_e4,cubic_spin_glass,selective,equal_layer_p1,positive_depth_only,pair_minus_original_only,statevector_norm,2,-4.996003610813204e-16,7.065416064076988e-16,-6.847624835247381e-15,5.84842411308474e-15,1,estimated,0,raw_instance,two_sided_Student_t_95_df_n_minus_1,unadjusted_exploratory
all_designs_diagnostic,original_e4,cubic_spin_glass,selective,equal_layer_p2,all_scheduled,independence_minus_cold,original_objective_mean,2,0.17803536080089938,0.013806565691511223,0.053988289660235556,0.3020824319415632,1,estimated,0,raw_instance,two_sided_Student_t_95_df_n_minus_1,unadjusted_exploratory
all_designs_diagnostic,original_e4,cubic_spin_glass,selective,equal_layer_p2,all_scheduled,independence_minus_cold,encoded_energy_mean,2,-1.0181387818933558,1.3165749590636044,-12.847095472360767,10.810817908574055,1,estimated,0,raw_instance,two_sided_Student_t_95_df_n_minus_1,unadjusted_exploratory
all_designs_diagnostic,original_e4,cubic_spin_glass,selective,equal_layer_p2,all_scheduled,independence_minus_cold,optimum_hit_rate,2,0.015020644700949394,0.010305556751146501,-0.07757110910786413,0.10761239850976292,1,estimated,0,raw_instance,two_sided_Student_t_95_df_n_minus_1,unadjusted_exploratory
all_designs_diagnostic,original_e4,cubic_spin_glass,selective,equal_layer_p2,all_scheduled,independence_minus_cold,auxiliary_inconsistency_rate,2,-0.033948252413976365,0.029625581632735525,-0.3001235428150491,0.23222703798709637,1,estimated,0,raw_instance,two_sided_Student_t_95_df_n_minus_1,unadjusted_exploratory
all_designs_diagnostic,original_e4,cubic_spin_glass,selective,equal_layer_p2,all_scheduled,independence_minus_cold,statevector_norm,2,-5.551115123125783e-16,1.5700924586837752e-16,-1.965783617682814e-15,8.555605930576575e-16,1,estimated,0,raw_instance,two_sided_Student_t_95_df_n_minus_1,unadjusted_exploratory
all_designs_diagnostic,original_e4,cubic_spin_glass,selective,equal_layer_p2,all_scheduled,original_only_minus_cold,original_objective_mean,7,0.2563209622665012,0.5185920554368814,-0.22329669531581414,0.7359386198488165,6,estimated,0,raw_instance,two_sided_Student_t_95_df_n_minus_1,unadjusted_exploratory
all_designs_diagnostic,original_e4,cubic_spin_glass,selective,equal_layer_p2,all_scheduled,original_only_minus_cold,encoded_energy_mean,7,0.8704754299362458,1.2136773016944156,-0.25198886236595097,1.9929397222384426,6,estimated,0,raw_instance,two_sided_Student_t_95_df_n_minus_1,unadjusted_exploratory
all_designs_diagnostic,original_e4,cubic_spin_glass,selective,equal_layer_p2,all_scheduled,original_only_minus_cold,optimum_hit_rate,7,-0.014096519312522428,0.06471676607324402,-0.07394954526025563,0.04575650663521077,6,estimated,0,raw_instance,two_sided_Student_t_95_df_n_minus_1,unadjusted_exploratory
all_designs_diagnostic,original_e4,cubic_spin_glass,selective,equal_layer_p2,all_scheduled,original_only_minus_cold,auxiliary_inconsistency_rate,7,-0.00013474757020475497,0.005438465359930555,-0.005164489135711492,0.004894993995301982,6,estimated,0,raw_instance,two_sided_Student_t_95_df_n_minus_1,unadjusted_exploratory
all_designs_diagnostic,original_e4,cubic_spin_glass,selective,equal_layer_p2,all_scheduled,original_only_minus_cold,statevector_norm,7,5.392511833893617e-16,5.748503231946179e-16,7.603306063565703e-18,1.0708990607151577e-15,6,estimated,0,raw_instance,two_sided_Student_t_95_df_n_minus_1,unadjusted_exploratory
all_designs_diagnostic,original_e4,cubic_spin_glass,selective,equal_layer_p2,all_scheduled,pair_minus_cold,original_objective_mean,2,0.40560372467480416,0.3142073241165282,-2.417437077685246,3.2286445270348545,1,estimated,0,raw_instance,two_sided_Student_t_95_df_n_minus_1,unadjusted_exploratory
all_designs_diagnostic,original_e4,cubic_spin_glass,selective,equal_layer_p2,all_scheduled,pair_minus_cold,encoded_energy_mean,2,2.285635587626288,0.6139268589034462,-3.2302783943991935,7.80154956965177,1,estimated,0,raw_instance,two_sided_Student_t_95_df_n_minus_1,unadjusted_exploratory
all_designs_diagnostic,original_e4,cubic_spin_glass,selective,equal_layer_p2,all_scheduled,pair_minus_cold,optimum_hit_rate,2,-0.022801279439963247,0.03408430697879351,-0.32903662768287834,0.28343406880295186,1,estimated,0,raw_instance,two_sided_Student_t_95_df_n_minus_1,unadjusted_exploratory
all_designs_diagnostic,original_e4,cubic_spin_glass,selective,equal_layer_p2,all_scheduled,pair_minus_cold,auxiliary_inconsistency_rate,2,-0.02427095877361768,0.046966886311113065,-0.4462516900913423,0.39770977254410694,1,estimated,0,raw_instance,two_sided_Student_t_95_df_n_minus_1,unadjusted_exploratory
all_designs_diagnostic,original_e4,cubic_spin_glass,selective,equal_layer_p2,all_scheduled,pair_minus_cold,statevector_norm,2,-5.551115123125783e-16,1.2560739669470201e-15,-1.1840488355274465e-14,1.0730265330649308e-14,1,estimated,0,raw_instance,two_sided_Student_t_95_df_n_minus_1,unadjusted_exploratory
all_designs_diagnostic,original_e4,cubic_spin_glass,selective,equal_layer_p2,all_scheduled,pair_minus_independence,original_objective_mean,2,0.22756836387390478,0.3280138898080394,-2.719519509626809,3.174656237374619,1,estimated,0,raw_instance,two_sided_Student_t_95_df_n_minus_1,unadjusted_exploratory
all_designs_diagnostic,original_e4,cubic_spin_glass,selective,equal_layer_p2,all_scheduled,pair_minus_independence,encoded_energy_mean,2,3.303774369519644,1.9305018179670506,-14.041096302973248,20.648645042012536,1,estimated,0,raw_instance,two_sided_Student_t_95_df_n_minus_1,unadjusted_exploratory
all_designs_diagnostic,original_e4,cubic_spin_glass,selective,equal_layer_p2,all_scheduled,pair_minus_independence,optimum_hit_rate,2,-0.03782192414091264,0.04438986372994001,-0.4366490261926412,0.36100517791081593,1,estimated,0,raw_instance,two_sided_Student_t_95_df_n_minus_1,unadjusted_exploratory
all_designs_diagnostic,original_e4,cubic_spin_glass,selective,equal_layer_p2,all_scheduled,pair_minus_independence,auxiliary_inconsistency_rate,2,0.009677293640358686,0.017341304678377543,-0.14612814727629325,0.16548273455701062,1,estimated,0,raw_instance,two_sided_Student_t_95_df_n_minus_1,unadjusted_exploratory
all_designs_diagnostic,original_e4,cubic_spin_glass,selective,equal_layer_p2,all_scheduled,pair_minus_independence,statevector_norm,2,0.0,1.0990647210786425e-15,-9.87470473759165e-15,9.87470473759165e-15,1,estimated,0,raw_instance,two_sided_Student_t_95_df_n_minus_1,unadjusted_exploratory
all_designs_diagnostic,original_e4,cubic_spin_glass,selective,equal_layer_p2,all_scheduled,pair_minus_original_only,original_objective_mean,2,0.14740648099048625,0.2084642445984375,-1.7255704459136751,2.0203834078946477,1,estimated,0,raw_instance,two_sided_Student_t_95_df_n_minus_1,unadjusted_exploratory
all_designs_diagnostic,original_e4,cubic_spin_glass,selective,equal_layer_p2,all_scheduled,pair_minus_original_only,encoded_energy_mean,2,-0.12210229290213626,0.1726787186190532,-1.6735590252730497,1.4293544394687772,1,estimated,0,raw_instance,two_sided_Student_t_95_df_n_minus_1,unadjusted_exploratory
all_designs_diagnostic,original_e4,cubic_spin_glass,selective,equal_layer_p2,all_scheduled,pair_minus_original_only,optimum_hit_rate,2,-0.01955866225257922,0.027660125419472242,-0.2680750291995425,0.22895770469438406,1,estimated,0,raw_instance,two_sided_Student_t_95_df_n_minus_1,unadjusted_exploratory
all_designs_diagnostic,original_e4,cubic_spin_glass,selective,equal_layer_p2,all_scheduled,pair_minus_original_only,auxiliary_inconsistency_rate,2,-0.023799342277901037,0.03365735262496704,-0.32619865784720986,0.2785999732914078,1,estimated,0,raw_instance,two_sided_Student_t_95_df_n_minus_1,unadjusted_exploratory
all_designs_diagnostic,original_e4,cubic_spin_glass,selective,equal_layer_p2,all_scheduled,pair_minus_original_only,statevector_norm,2,-8.326672684688674e-16,1.1775693440128313e-15,-1.1412708058745634e-14,9.7473735218079e-15,1,estimated,0,raw_instance,two_sided_Student_t_95_df_n_minus_1,unadjusted_exploratory
all_designs_diagnostic,original_e4,cubic_spin_glass,selective,equal_layer_p2,positive_depth_only,independence_minus_cold,original_objective_mean,2,0.17803536080089938,0.013806565691511223,0.053988289660235556,0.3020824319415632,1,estimated,0,raw_instance,two_sided_Student_t_95_df_n_minus_1,unadjusted_exploratory
all_designs_diagnostic,original_e4,cubic_spin_glass,selective,equal_layer_p2,positive_depth_only,independence_minus_cold,encoded_energy_mean,2,-1.0181387818933558,1.3165749590636044,-12.847095472360767,10.810817908574055,1,estimated,0,raw_instance,two_sided_Student_t_95_df_n_minus_1,unadjusted_exploratory
all_designs_diagnostic,original_e4,cubic_spin_glass,selective,equal_layer_p2,positive_depth_only,independence_minus_cold,optimum_hit_rate,2,0.015020644700949394,0.010305556751146501,-0.07757110910786413,0.10761239850976292,1,estimated,0,raw_instance,two_sided_Student_t_95_df_n_minus_1,unadjusted_exploratory
all_designs_diagnostic,original_e4,cubic_spin_glass,selective,equal_layer_p2,positive_depth_only,independence_minus_cold,auxiliary_inconsistency_rate,2,-0.033948252413976365,0.029625581632735525,-0.3001235428150491,0.23222703798709637,1,estimated,0,raw_instance,two_sided_Student_t_95_df_n_minus_1,unadjusted_exploratory
all_designs_diagnostic,original_e4,cubic_spin_glass,selective,equal_layer_p2,positive_depth_only,independence_minus_cold,statevector_norm,2,-5.551115123125783e-16,1.5700924586837752e-16,-1.965783617682814e-15,8.555605930576575e-16,1,estimated,0,raw_instance,two_sided_Student_t_95_df_n_minus_1,unadjusted_exploratory
all_designs_diagnostic,original_e4,cubic_spin_glass,selective,equal_layer_p2,positive_depth_only,original_only_minus_cold,original_objective_mean,7,0.2563209622665012,0.5185920554368814,-0.22329669531581414,0.7359386198488165,6,estimated,0,raw_instance,two_sided_Student_t_95_df_n_minus_1,unadjusted_exploratory
all_designs_diagnostic,original_e4,cubic_spin_glass,selective,equal_layer_p2,positive_depth_only,original_only_minus_cold,encoded_energy_mean,7,0.8704754299362458,1.2136773016944156,-0.25198886236595097,1.9929397222384426,6,estimated,0,raw_instance,two_sided_Student_t_95_df_n_minus_1,unadjusted_exploratory
all_designs_diagnostic,original_e4,cubic_spin_glass,selective,equal_layer_p2,positive_depth_only,original_only_minus_cold,optimum_hit_rate,7,-0.014096519312522428,0.06471676607324402,-0.07394954526025563,0.04575650663521077,6,estimated,0,raw_instance,two_sided_Student_t_95_df_n_minus_1,unadjusted_exploratory
all_designs_diagnostic,original_e4,cubic_spin_glass,selective,equal_layer_p2,positive_depth_only,original_only_minus_cold,auxiliary_inconsistency_rate,7,-0.00013474757020475497,0.005438465359930555,-0.005164489135711492,0.004894993995301982,6,estimated,0,raw_instance,two_sided_Student_t_95_df_n_minus_1,unadjusted_exploratory
all_designs_diagnostic,original_e4,cubic_spin_glass,selective,equal_layer_p2,positive_depth_only,original_only_minus_cold,statevector_norm,7,5.392511833893617e-16,5.748503231946179e-16,7.603306063565703e-18,1.0708990607151577e-15,6,estimated,0,raw_instance,two_sided_Student_t_95_df_n_minus_1,unadjusted_exploratory
all_designs_diagnostic,original_e4,cubic_spin_glass,selective,equal_layer_p2,positive_depth_only,pair_minus_cold,original_objective_mean,2,0.40560372467480416,0.3142073241165282,-2.417437077685246,3.2286445270348545,1,estimated,0,raw_instance,two_sided_Student_t_95_df_n_minus_1,unadjusted_exploratory
all_designs_diagnostic,original_e4,cubic_spin_glass,selective,equal_layer_p2,positive_depth_only,pair_minus_cold,encoded_energy_mean,2,2.285635587626288,0.6139268589034462,-3.2302783943991935,7.80154956965177,1,estimated,0,raw_instance,two_sided_Student_t_95_df_n_minus_1,unadjusted_exploratory
all_designs_diagnostic,original_e4,cubic_spin_glass,selective,equal_layer_p2,positive_depth_only,pair_minus_cold,optimum_hit_rate,2,-0.022801279439963247,0.03408430697879351,-0.32903662768287834,0.28343406880295186,1,estimated,0,raw_instance,two_sided_Student_t_95_df_n_minus_1,unadjusted_exploratory
all_designs_diagnostic,original_e4,cubic_spin_glass,selective,equal_layer_p2,positive_depth_only,pair_minus_cold,auxiliary_inconsistency_rate,2,-0.02427095877361768,0.046966886311113065,-0.4462516900913423,0.39770977254410694,1,estimated,0,raw_instance,two_sided_Student_t_95_df_n_minus_1,unadjusted_exploratory
all_designs_diagnostic,original_e4,cubic_spin_glass,selective,equal_layer_p2,positive_depth_only,pair_minus_cold,statevector_norm,2,-5.551115123125783e-16,1.2560739669470201e-15,-1.1840488355274465e-14,1.0730265330649308e-14,1,estimated,0,raw_instance,two_sided_Student_t_95_df_n_minus_1,unadjusted_exploratory
all_designs_diagnostic,original_e4,cubic_spin_glass,selective,equal_layer_p2,positive_depth_only,pair_minus_independence,original_objective_mean,2,0.22756836387390478,0.3280138898080394,-2.719519509626809,3.174656237374619,1,estimated,0,raw_instance,two_sided_Student_t_95_df_n_minus_1,unadjusted_exploratory
all_designs_diagnostic,original_e4,cubic_spin_glass,selective,equal_layer_p2,positive_depth_only,pair_minus_independence,encoded_energy_mean,2,3.303774369519644,1.9305018179670506,-14.041096302973248,20.648645042012536,1,estimated,0,raw_instance,two_sided_Student_t_95_df_n_minus_1,unadjusted_exploratory
all_designs_diagnostic,original_e4,cubic_spin_glass,selective,equal_layer_p2,positive_depth_only,pair_minus_independence,optimum_hit_rate,2,-0.03782192414091264,0.04438986372994001,-0.4366490261926412,0.36100517791081593,1,estimated,0,raw_instance,two_sided_Student_t_95_df_n_minus_1,unadjusted_exploratory
all_designs_diagnostic,original_e4,cubic_spin_glass,selective,equal_layer_p2,positive_depth_only,pair_minus_independence,auxiliary_inconsistency_rate,2,0.009677293640358686,0.017341304678377543,-0.14612814727629325,0.16548273455701062,1,estimated,0,raw_instance,two_sided_Student_t_95_df_n_minus_1,unadjusted_exploratory
all_designs_diagnostic,original_e4,cubic_spin_glass,selective,equal_layer_p2,positive_depth_only,pair_minus_independence,statevector_norm,2,0.0,1.0990647210786425e-15,-9.87470473759165e-15,9.87470473759165e-15,1,estimated,0,raw_instance,two_sided_Student_t_95_df_n_minus_1,unadjusted_exploratory
all_designs_diagnostic,original_e4,cubic_spin_glass,selective,equal_layer_p2,positive_depth_only,pair_minus_original_only,original_objective_mean,2,0.14740648099048625,0.2084642445984375,-1.7255704459136751,2.0203834078946477,1,estimated,0,raw_instance,two_sided_Student_t_95_df_n_minus_1,unadjusted_exploratory
all_designs_diagnostic,original_e4,cubic_spin_glass,selective,equal_layer_p2,positive_depth_only,pair_minus_original_only,encoded_energy_mean,2,-0.12210229290213626,0.1726787186190532,-1.6735590252730497,1.4293544394687772,1,estimated,0,raw_instance,two_sided_Student_t_95_df_n_minus_1,unadjusted_exploratory
all_designs_diagnostic,original_e4,cubic_spin_glass,selective,equal_layer_p2,positive_depth_only,pair_minus_original_only,optimum_hit_rate,2,-0.01955866225257922,0.027660125419472242,-0.2680750291995425,0.22895770469438406,1,estimated,0,raw_instance,two_sided_Student_t_95_df_n_minus_1,unadjusted_exploratory
all_designs_diagnostic,original_e4,cubic_spin_glass,selective,equal_layer_p2,positive_depth_only,pair_minus_original_only,auxiliary_inconsistency_rate,2,-0.023799342277901037,0.03365735262496704,-0.32619865784720986,0.2785999732914078,1,estimated,0,raw_instance,two_sided_Student_t_95_df_n_minus_1,unadjusted_exploratory
all_designs_diagnostic,original_e4,cubic_spin_glass,selective,equal_layer_p2,positive_depth_only,pair_minus_original_only,statevector_norm,2,-8.326672684688674e-16,1.1775693440128313e-15,-1.1412708058745634e-14,9.7473735218079e-15,1,estimated,0,raw_instance,two_sided_Student_t_95_df_n_minus_1,unadjusted_exploratory
all_designs_diagnostic,original_e4,max3sat,all_native,equal_2q_budget_128,all_scheduled,original_only_minus_cold,original_objective_mean,7,-0.5456607413422984,1.4967508493741937,-1.929924400677443,0.8386029179928464,6,estimated,4,raw_instance,two_sided_Student_t_95_df_n_minus_1,unadjusted_exploratory
all_designs_diagnostic,original_e4,max3sat,all_native,equal_2q_budget_128,all_scheduled,original_only_minus_cold,encoded_energy_mean,7,-0.5456607413422984,1.4967508493741937,-1.929924400677443,0.8386029179928464,6,estimated,4,raw_instance,two_sided_Student_t_95_df_n_minus_1,unadjusted_exploratory
all_designs_diagnostic,original_e4,max3sat,all_native,equal_2q_budget_128,all_scheduled,original_only_minus_cold,optimum_hit_rate,7,0.005629933620058464,0.04622621643222863,-0.0371221861081179,0.04838205334823483,6,estimated,4,raw_instance,two_sided_Student_t_95_df_n_minus_1,unadjusted_exploratory
all_designs_diagnostic,original_e4,max3sat,all_native,equal_2q_budget_128,all_scheduled,original_only_minus_cold,auxiliary_inconsistency_rate,7,0.0,0.0,0.0,0.0,6,estimated,4,raw_instance,two_sided_Student_t_95_df_n_minus_1,unadjusted_exploratory
all_designs_diagnostic,original_e4,max3sat,all_native,equal_2q_budget_128,all_scheduled,original_only_minus_cold,statevector_norm,7,3.1720657846433045e-16,5.224287381113247e-16,-1.6595941877708928e-16,8.003725757057502e-16,6,estimated,4,raw_instance,two_sided_Student_t_95_df_n_minus_1,unadjusted_exploratory
all_designs_diagnostic,original_e4,max3sat,all_native,equal_2q_budget_128,positive_depth_only,original_only_minus_cold,original_objective_mean,3,0.2706187640284579,0.5348553777133148,-1.0580356500816546,1.5992731781385703,2,estimated,0,raw_instance,two_sided_Student_t_95_df_n_minus_1,unadjusted_exploratory
all_designs_diagnostic,original_e4,max3sat,all_native,equal_2q_budget_128,positive_depth_only,original_only_minus_cold,encoded_energy_mean,3,0.2706187640284579,0.5348553777133148,-1.0580356500816546,1.5992731781385703,2,estimated,0,raw_instance,two_sided_Student_t_95_df_n_minus_1,unadjusted_exploratory
all_designs_diagnostic,original_e4,max3sat,all_native,equal_2q_budget_128,positive_depth_only,original_only_minus_cold,optimum_hit_rate,3,-0.020576944152648196,0.0290231421809787,-0.0926744261579091,0.05152053785261271,2,estimated,0,raw_instance,two_sided_Student_t_95_df_n_minus_1,unadjusted_exploratory
all_designs_diagnostic,original_e4,max3sat,all_native,equal_2q_budget_128,positive_depth_only,original_only_minus_cold,auxiliary_inconsistency_rate,3,0.0,0.0,0.0,0.0,2,estimated,0,raw_instance,two_sided_Student_t_95_df_n_minus_1,unadjusted_exploratory
all_designs_diagnostic,original_e4,max3sat,all_native,equal_2q_budget_128,positive_depth_only,original_only_minus_cold,statevector_norm,3,7.401486830834377e-16,4.486912934894983e-16,-3.7446228000786027e-16,1.8547596461747356e-15,2,estimated,0,raw_instance,two_sided_Student_t_95_df_n_minus_1,unadjusted_exploratory
all_designs_diagnostic,original_e4,max3sat,all_native,equal_2q_budget_128,zero_depth_only,original_only_minus_cold,original_objective_mean,4,-1.1578703703703657,1.7674179724778176,-3.9702267685723918,1.6544860278316607,3,estimated,4,raw_instance,two_sided_Student_t_95_df_n_minus_1,unadjusted_exploratory
all_designs_diagnostic,original_e4,max3sat,all_native,equal_2q_budget_128,zero_depth_only,original_only_minus_cold,encoded_energy_mean,4,-1.1578703703703657,1.7674179724778176,-3.9702267685723918,1.6544860278316607,3,estimated,4,raw_instance,two_sided_Student_t_95_df_n_minus_1,unadjusted_exploratory
all_designs_diagnostic,original_e4,max3sat,all_native,equal_2q_budget_128,zero_depth_only,original_only_minus_cold,optimum_hit_rate,4,0.02528509194958846,0.05010253029573299,-0.054439214262921795,0.10500939816209871,3,estimated,4,raw_instance,two_sided_Student_t_95_df_n_minus_1,unadjusted_exploratory
all_designs_diagnostic,original_e4,max3sat,all_native,equal_2q_budget_128,zero_depth_only,original_only_minus_cold,auxiliary_inconsistency_rate,4,0.0,0.0,0.0,0.0,3,estimated,4,raw_instance,two_sided_Student_t_95_df_n_minus_1,unadjusted_exploratory
all_designs_diagnostic,original_e4,max3sat,all_native,equal_2q_budget_128,zero_depth_only,original_only_minus_cold,statevector_norm,4,0.0,3.1401849173675503e-16,-4.996734944091992e-16,4.996734944091992e-16,3,estimated,4,raw_instance,two_sided_Student_t_95_df_n_minus_1,unadjusted_exploratory
all_designs_diagnostic,original_e4,max3sat,all_native,equal_2q_budget_256,all_scheduled,original_only_minus_cold,original_objective_mean,7,-0.8650303055268872,2.3890801622359725,-3.0745609359618102,1.3445003249080356,6,estimated,0,raw_instance,two_sided_Student_t_95_df_n_minus_1,unadjusted_exploratory
all_designs_diagnostic,original_e4,max3sat,all_native,equal_2q_budget_256,all_scheduled,original_only_minus_cold,encoded_energy_mean,7,-0.8650303055268872,2.3890801622359725,-3.0745609359618102,1.3445003249080356,6,estimated,0,raw_instance,two_sided_Student_t_95_df_n_minus_1,unadjusted_exploratory
all_designs_diagnostic,original_e4,max3sat,all_native,equal_2q_budget_256,all_scheduled,original_only_minus_cold,optimum_hit_rate,7,0.032731109491866014,0.12006864980203778,-0.07831387078383685,0.1437760897675689,6,estimated,0,raw_instance,two_sided_Student_t_95_df_n_minus_1,unadjusted_exploratory
all_designs_diagnostic,original_e4,max3sat,all_native,equal_2q_budget_256,all_scheduled,original_only_minus_cold,auxiliary_inconsistency_rate,7,0.0,0.0,0.0,0.0,6,estimated,0,raw_instance,two_sided_Student_t_95_df_n_minus_1,unadjusted_exploratory
all_designs_diagnostic,original_e4,max3sat,all_native,equal_2q_budget_256,all_scheduled,original_only_minus_cold,statevector_norm,7,2.6962559169468085e-16,5.619422942969505e-16,-2.500843499859411e-16,7.893355333753028e-16,6,estimated,0,raw_instance,two_sided_Student_t_95_df_n_minus_1,unadjusted_exploratory
all_designs_diagnostic,original_e4,max3sat,all_native,equal_2q_budget_256,positive_depth_only,original_only_minus_cold,original_objective_mean,7,-0.8650303055268872,2.3890801622359725,-3.0745609359618102,1.3445003249080356,6,estimated,0,raw_instance,two_sided_Student_t_95_df_n_minus_1,unadjusted_exploratory
all_designs_diagnostic,original_e4,max3sat,all_native,equal_2q_budget_256,positive_depth_only,original_only_minus_cold,encoded_energy_mean,7,-0.8650303055268872,2.3890801622359725,-3.0745609359618102,1.3445003249080356,6,estimated,0,raw_instance,two_sided_Student_t_95_df_n_minus_1,unadjusted_exploratory
all_designs_diagnostic,original_e4,max3sat,all_native,equal_2q_budget_256,positive_depth_only,original_only_minus_cold,optimum_hit_rate,7,0.032731109491866014,0.12006864980203778,-0.07831387078383685,0.1437760897675689,6,estimated,0,raw_instance,two_sided_Student_t_95_df_n_minus_1,unadjusted_exploratory
all_designs_diagnostic,original_e4,max3sat,all_native,equal_2q_budget_256,positive_depth_only,original_only_minus_cold,auxiliary_inconsistency_rate,7,0.0,0.0,0.0,0.0,6,estimated,0,raw_instance,two_sided_Student_t_95_df_n_minus_1,unadjusted_exploratory
all_designs_diagnostic,original_e4,max3sat,all_native,equal_2q_budget_256,positive_depth_only,original_only_minus_cold,statevector_norm,7,2.6962559169468085e-16,5.619422942969505e-16,-2.500843499859411e-16,7.893355333753028e-16,6,estimated,0,raw_instance,two_sided_Student_t_95_df_n_minus_1,unadjusted_exploratory
all_designs_diagnostic,original_e4,max3sat,all_native,equal_layer_p1,all_scheduled,original_only_minus_cold,original_objective_mean,7,0.2944649260377687,1.5455185997742964,-1.1349013799099466,1.723831231985484,6,estimated,0,raw_instance,two_sided_Student_t_95_df_n_minus_1,unadjusted_exploratory
all_designs_diagnostic,original_e4,max3sat,all_native,equal_layer_p1,all_scheduled,original_only_minus_cold,encoded_energy_mean,7,0.2944649260377687,1.5455185997742964,-1.1349013799099466,1.723831231985484,6,estimated,0,raw_instance,two_sided_Student_t_95_df_n_minus_1,unadjusted_exploratory
all_designs_diagnostic,original_e4,max3sat,all_native,equal_layer_p1,all_scheduled,original_only_minus_cold,optimum_hit_rate,7,-0.02436148280979408,0.08955755799011136,-0.10718840954669528,0.05846544392710712,6,estimated,0,raw_instance,two_sided_Student_t_95_df_n_minus_1,unadjusted_exploratory
all_designs_diagnostic,original_e4,max3sat,all_native,equal_layer_p1,all_scheduled,original_only_minus_cold,auxiliary_inconsistency_rate,7,0.0,0.0,0.0,0.0,6,estimated,0,raw_instance,two_sided_Student_t_95_df_n_minus_1,unadjusted_exploratory
all_designs_diagnostic,original_e4,max3sat,all_native,equal_layer_p1,all_scheduled,original_only_minus_cold,statevector_norm,7,3.1720657846433045e-16,7.72991060555459e-16,-3.976909173782419e-16,1.0321040743069029e-15,6,estimated,0,raw_instance,two_sided_Student_t_95_df_n_minus_1,unadjusted_exploratory
all_designs_diagnostic,original_e4,max3sat,all_native,equal_layer_p1,positive_depth_only,original_only_minus_cold,original_objective_mean,7,0.2944649260377687,1.5455185997742964,-1.1349013799099466,1.723831231985484,6,estimated,0,raw_instance,two_sided_Student_t_95_df_n_minus_1,unadjusted_exploratory
all_designs_diagnostic,original_e4,max3sat,all_native,equal_layer_p1,positive_depth_only,original_only_minus_cold,encoded_energy_mean,7,0.2944649260377687,1.5455185997742964,-1.1349013799099466,1.723831231985484,6,estimated,0,raw_instance,two_sided_Student_t_95_df_n_minus_1,unadjusted_exploratory
all_designs_diagnostic,original_e4,max3sat,all_native,equal_layer_p1,positive_depth_only,original_only_minus_cold,optimum_hit_rate,7,-0.02436148280979408,0.08955755799011136,-0.10718840954669528,0.05846544392710712,6,estimated,0,raw_instance,two_sided_Student_t_95_df_n_minus_1,unadjusted_exploratory
all_designs_diagnostic,original_e4,max3sat,all_native,equal_layer_p1,positive_depth_only,original_only_minus_cold,auxiliary_inconsistency_rate,7,0.0,0.0,0.0,0.0,6,estimated,0,raw_instance,two_sided_Student_t_95_df_n_minus_1,unadjusted_exploratory
all_designs_diagnostic,original_e4,max3sat,all_native,equal_layer_p1,positive_depth_only,original_only_minus_cold,statevector_norm,7,3.1720657846433045e-16,7.72991060555459e-16,-3.976909173782419e-16,1.0321040743069029e-15,6,estimated,0,raw_instance,two_sided_Student_t_95_df_n_minus_1,unadjusted_exploratory
all_designs_diagnostic,original_e4,max3sat,all_native,equal_layer_p2,all_scheduled,original_only_minus_cold,original_objective_mean,7,-0.33729470011727,0.3963132587184588,-0.7038233324451058,0.029233932210565805,6,estimated,0,raw_instance,two_sided_Student_t_95_df_n_minus_1,unadjusted_exploratory
all_designs_diagnostic,original_e4,max3sat,all_native,equal_layer_p2,all_scheduled,original_only_minus_cold,encoded_energy_mean,7,-0.33729470011727,0.3963132587184588,-0.7038233324451058,0.029233932210565805,6,estimated,0,raw_instance,two_sided_Student_t_95_df_n_minus_1,unadjusted_exploratory
all_designs_diagnostic,original_e4,max3sat,all_native,equal_layer_p2,all_scheduled,original_only_minus_cold,optimum_hit_rate,7,0.020744553278784345,0.025757755216414095,-0.0030773971193331605,0.04456650367690185,6,estimated,0,raw_instance,two_sided_Student_t_95_df_n_minus_1,unadjusted_exploratory
all_designs_diagnostic,original_e4,max3sat,all_native,equal_layer_p2,all_scheduled,original_only_minus_cold,auxiliary_inconsistency_rate,7,0.0,0.0,0.0,0.0,6,estimated,0,raw_instance,two_sided_Student_t_95_df_n_minus_1,unadjusted_exploratory
all_designs_diagnostic,original_e4,max3sat,all_native,equal_layer_p2,all_scheduled,original_only_minus_cold,statevector_norm,7,1.5860328923216522e-16,4.875600288243742e-16,-2.923145304758804e-16,6.095211089402109e-16,6,estimated,0,raw_instance,two_sided_Student_t_95_df_n_minus_1,unadjusted_exploratory
all_designs_diagnostic,original_e4,max3sat,all_native,equal_layer_p2,positive_depth_only,original_only_minus_cold,original_objective_mean,7,-0.33729470011727,0.3963132587184588,-0.7038233324451058,0.029233932210565805,6,estimated,0,raw_instance,two_sided_Student_t_95_df_n_minus_1,unadjusted_exploratory
all_designs_diagnostic,original_e4,max3sat,all_native,equal_layer_p2,positive_depth_only,original_only_minus_cold,encoded_energy_mean,7,-0.33729470011727,0.3963132587184588,-0.7038233324451058,0.029233932210565805,6,estimated,0,raw_instance,two_sided_Student_t_95_df_n_minus_1,unadjusted_exploratory
all_designs_diagnostic,original_e4,max3sat,all_native,equal_layer_p2,positive_depth_only,original_only_minus_cold,optimum_hit_rate,7,0.020744553278784345,0.025757755216414095,-0.0030773971193331605,0.04456650367690185,6,estimated,0,raw_instance,two_sided_Student_t_95_df_n_minus_1,unadjusted_exploratory
all_designs_diagnostic,original_e4,max3sat,all_native,equal_layer_p2,positive_depth_only,original_only_minus_cold,auxiliary_inconsistency_rate,7,0.0,0.0,0.0,0.0,6,estimated,0,raw_instance,two_sided_Student_t_95_df_n_minus_1,unadjusted_exploratory
all_designs_diagnostic,original_e4,max3sat,all_native,equal_layer_p2,positive_depth_only,original_only_minus_cold,statevector_norm,7,1.5860328923216522e-16,4.875600288243742e-16,-2.923145304758804e-16,6.095211089402109e-16,6,estimated,0,raw_instance,two_sided_Student_t_95_df_n_minus_1,unadjusted_exploratory
all_designs_diagnostic,original_e4,max3sat,fully_quadratized,equal_2q_budget_128,all_scheduled,independence_minus_cold,original_objective_mean,7,-0.9380525317379872,1.284492571377589,-2.1260100251226626,0.2499049616466883,6,estimated,2,raw_instance,two_sided_Student_t_95_df_n_minus_1,unadjusted_exploratory
all_designs_diagnostic,original_e4,max3sat,fully_quadratized,equal_2q_budget_128,all_scheduled,independence_minus_cold,encoded_energy_mean,7,-7.146391727304165,6.555918462684396,-13.209605043837598,-1.0831784107707314,6,estimated,2,raw_instance,two_sided_Student_t_95_df_n_minus_1,unadjusted_exploratory
all_designs_diagnostic,original_e4,max3sat,fully_quadratized,equal_2q_budget_128,all_scheduled,independence_minus_cold,optimum_hit_rate,7,0.031057946907448394,0.048828822728091706,-0.014101182188002718,0.07621707600289951,6,estimated,2,raw_instance,two_sided_Student_t_95_df_n_minus_1,unadjusted_exploratory
all_designs_diagnostic,original_e4,max3sat,fully_quadratized,equal_2q_budget_128,all_scheduled,independence_minus_cold,auxiliary_inconsistency_rate,7,-0.08644702718811122,0.08814400308938235,-0.16796663368505904,-0.004927420691163378,6,estimated,2,raw_instance,two_sided_Student_t_95_df_n_minus_1,unadjusted_exploratory
all_designs_diagnostic,original_e4,max3sat,fully_quadratized,equal_2q_budget_128,all_scheduled,independence_minus_cold,statevector_norm,7,-1.2688263138573217e-16,4.075621083416765e-16,-5.038147144610699e-16,2.5004945168960555e-16,6,estimated,2,raw_instance,two_sided_Student_t_95_df_n_minus_1,unadjusted_exploratory
all_designs_diagnostic,original_e4,max3sat,fully_quadratized,equal_2q_budget_128,all_scheduled,original_only_minus_cold,original_objective_mean,7,-0.7909180654365567,1.3341071480810776,-2.024761389140053,0.4429252582669395,6,estimated,2,raw_instance,two_sided_Student_t_95_df_n_minus_1,unadjusted_exploratory
all_designs_diagnostic,original_e4,max3sat,fully_quadratized,equal_2q_budget_128,all_scheduled,original_only_minus_cold,encoded_energy_mean,7,-1.9293033413095482,4.381380867490929,-5.981404808370559,2.1227981257514625,6,estimated,2,raw_instance,two_sided_Student_t_95_df_n_minus_1,unadjusted_exploratory
all_designs_diagnostic,original_e4,max3sat,fully_quadratized,equal_2q_budget_128,all_scheduled,original_only_minus_cold,optimum_hit_rate,7,0.02366013888088254,0.042311231157637345,-0.015471223361360326,0.06279150112312541,6,estimated,2,raw_instance,two_sided_Student_t_95_df_n_minus_1,unadjusted_exploratory
all_designs_diagnostic,original_e4,max3sat,fully_quadratized,equal_2q_budget_128,all_scheduled,original_only_minus_cold,auxiliary_inconsistency_rate,7,-0.010162862363970047,0.02284589909471979,-0.0312917950082247,0.01096607028028461,6,estimated,2,raw_instance,two_sided_Student_t_95_df_n_minus_1,unadjusted_exploratory
all_designs_diagnostic,original_e4,max3sat,fully_quadratized,equal_2q_budget_128,all_scheduled,original_only_minus_cold,statevector_norm,7,4.599495387732792e-16,4.899618169004421e-16,6.810435574721089e-18,9.130886419718374e-16,6,estimated,2,raw_instance,two_sided_Student_t_95_df_n_minus_1,unadjusted_exploratory
all_designs_diagnostic,original_e4,max3sat,fully_quadratized,equal_2q_budget_128,all_scheduled,pair_minus_cold,original_objective_mean,7,-0.9055993503433626,1.32787615825732,-2.1336799696005437,0.32248126891381856,6,estimated,2,raw_instance,two_sided_Student_t_95_df_n_minus_1,unadjusted_exploratory
all_designs_diagnostic,original_e4,max3sat,fully_quadratized,equal_2q_budget_128,all_scheduled,pair_minus_cold,encoded_energy_mean,7,-6.94730571566537,6.05874332873246,-12.5507087233939,-1.3439027079368389,6,estimated,2,raw_instance,two_sided_Student_t_95_df_n_minus_1,unadjusted_exploratory
all_designs_diagnostic,original_e4,max3sat,fully_quadratized,equal_2q_budget_128,all_scheduled,pair_minus_cold,optimum_hit_rate,7,0.029195025594498852,0.04149270433153002,-0.009179325592734391,0.0675693767817321,6,estimated,2,raw_instance,two_sided_Student_t_95_df_n_minus_1,unadjusted_exploratory
all_designs_diagnostic,original_e4,max3sat,fully_quadratized,equal_2q_budget_128,all_scheduled,pair_minus_cold,auxiliary_inconsistency_rate,7,-0.0773318220016156,0.11223661186913597,-0.1811333752944086,0.02646973129117737,6,estimated,2,raw_instance,two_sided_Student_t_95_df_n_minus_1,unadjusted_exploratory
all_designs_diagnostic,original_e4,max3sat,fully_quadratized,equal_2q_budget_128,all_scheduled,pair_minus_cold,statevector_norm,7,2.061842760018148e-16,7.809232557317854e-16,-5.160492768244117e-16,9.284178288280414e-16,6,estimated,2,raw_instance,two_sided_Student_t_95_df_n_minus_1,unadjusted_exploratory
all_designs_diagnostic,original_e4,max3sat,fully_quadratized,equal_2q_budget_128,all_scheduled,pair_minus_independence,original_objective_mean,7,0.032453181394624685,0.30116172448491635,-0.24607495905138052,0.3109813218406299,6,estimated,2,raw_instance,two_sided_Student_t_95_df_n_minus_1,unadjusted_exploratory
all_designs_diagnostic,original_e4,max3sat,fully_quadratized,equal_2q_budget_128,all_scheduled,pair_minus_independence,encoded_energy_mean,7,0.19908601163879577,7.149773313791911,-6.413351439059468,6.81152346233706,6,estimated,2,raw_instance,two_sided_Student_t_95_df_n_minus_1,unadjusted_exploratory
all_designs_diagnostic,original_e4,max3sat,fully_quadratized,equal_2q_budget_128,all_scheduled,pair_minus_independence,optimum_hit_rate,7,-0.0018629213129495402,0.01718442617328322,-0.01775586479659585,0.01403002217069677,6,estimated,2,raw_instance,two_sided_Student_t_95_df_n_minus_1,unadjusted_exploratory
all_designs_diagnostic,original_e4,max3sat,fully_quadratized,equal_2q_budget_128,all_scheduled,pair_minus_independence,auxiliary_inconsistency_rate,7,0.009115205186495603,0.11954719858689632,-0.10144751314992839,0.11967792352291959,6,estimated,2,raw_instance,two_sided_Student_t_95_df_n_minus_1,unadjusted_exploratory
all_designs_diagnostic,original_e4,max3sat,fully_quadratized,equal_2q_budget_128,all_scheduled,pair_minus_independence,statevector_norm,7,3.3306690738754696e-16,4.394389329101677e-16,-7.334632135983998e-17,7.394801361349339e-16,6,estimated,2,raw_instance,two_sided_Student_t_95_df_n_minus_1,unadjusted_exploratory
all_designs_diagnostic,original_e4,max3sat,fully_quadratized,equal_2q_budget_128,all_scheduled,pair_minus_original_only,original_objective_mean,7,-0.11468128490680586,0.21212640408157082,-0.3108654878276421,0.08150291801403038,6,estimated,2,raw_instance,two_sided_Student_t_95_df_n_minus_1,unadjusted_exploratory
all_designs_diagnostic,original_e4,max3sat,fully_quadratized,equal_2q_budget_128,all_scheduled,pair_minus_original_only,encoded_energy_mean,7,-5.018002374355821,4.938790718829589,-9.585621972497984,-0.4503827762136581,6,estimated,2,raw_instance,two_sided_Student_t_95_df_n_minus_1,unadjusted_exploratory
all_designs_diagnostic,original_e4,max3sat,fully_quadratized,equal_2q_budget_128,all_scheduled,pair_minus_original_only,optimum_hit_rate,7,0.00553488671361631,0.0081728150779847,-0.0020237065630474465,0.013093479990280068,6,estimated,2,raw_instance,two_sided_Student_t_95_df_n_minus_1,unadjusted_exploratory
all_designs_diagnostic,original_e4,max3sat,fully_quadratized,equal_2q_budget_128,all_scheduled,pair_minus_original_only,auxiliary_inconsistency_rate,7,-0.06716895963764556,0.11038983912453924,-0.1692625330094886,0.034924613734197474,6,estimated,2,raw_instance,two_sided_Student_t_95_df_n_minus_1,unadjusted_exploratory
all_designs_diagnostic,original_e4,max3sat,fully_quadratized,equal_2q_budget_128,all_scheduled,pair_minus_original_only,statevector_norm,7,-2.5376526277146434e-16,5.650671133497836e-16,-7.763651800673622e-16,2.6883465452443355e-16,6,estimated,2,raw_instance,two_sided_Student_t_95_df_n_minus_1,unadjusted_exploratory
all_designs_diagnostic,original_e4,max3sat,fully_quadratized,equal_2q_budget_128,positive_depth_only,independence_minus_cold,original_objective_mean,5,-0.5669772481368838,0.36326808815319933,-1.0180341548930227,-0.11592034138074486,4,estimated,0,raw_instance,two_sided_Student_t_95_df_n_minus_1,unadjusted_exploratory
all_designs_diagnostic,original_e4,max3sat,fully_quadratized,equal_2q_budget_128,positive_depth_only,independence_minus_cold,encoded_energy_mean,5,-3.7197632330406436,3.6192698915749824,-8.21368035719214,0.7741538911108532,4,estimated,0,raw_instance,two_sided_Student_t_95_df_n_minus_1,unadjusted_exploratory
all_designs_diagnostic,original_e4,max3sat,fully_quadratized,equal_2q_budget_128,positive_depth_only,independence_minus_cold,optimum_hit_rate,5,0.023393677110756995,0.04536996708193198,-0.03294057761456783,0.07972793183608182,4,estimated,0,raw_instance,two_sided_Student_t_95_df_n_minus_1,unadjusted_exploratory
all_designs_diagnostic,original_e4,max3sat,fully_quadratized,equal_2q_budget_128,positive_depth_only,independence_minus_cold,auxiliary_inconsistency_rate,5,-0.09509857447952948,0.10630350485984454,-0.22709180934687728,0.03689466038781834,4,estimated,0,raw_instance,two_sided_Student_t_95_df_n_minus_1,unadjusted_exploratory
all_designs_diagnostic,original_e4,max3sat,fully_quadratized,equal_2q_budget_128,positive_depth_only,independence_minus_cold,statevector_norm,5,-2.2204460492503132e-17,3.5457679953657254e-16,-4.624697070753784e-16,4.180607860903721e-16,4,estimated,0,raw_instance,two_sided_Student_t_95_df_n_minus_1,unadjusted_exploratory
all_designs_diagnostic,original_e4,max3sat,fully_quadratized,equal_2q_budget_128,positive_depth_only,original_only_minus_cold,original_objective_mean,5,-0.3609889953148864,0.3472721118489405,-0.7921842741779066,0.07020628354813385,4,estimated,0,raw_instance,two_sided_Student_t_95_df_n_minus_1,unadjusted_exploratory
all_designs_diagnostic,original_e4,max3sat,fully_quadratized,equal_2q_budget_128,positive_depth_only,original_only_minus_cold,encoded_energy_mean,5,-1.7176913445000417,5.0573842208608175,-7.997263256626713,4.561880567626629,4,estimated,0,raw_instance,two_sided_Student_t_95_df_n_minus_1,unadjusted_exploratory
all_designs_diagnostic,original_e4,max3sat,fully_quadratized,equal_2q_budget_128,positive_depth_only,original_only_minus_cold,optimum_hit_rate,5,0.013036745873564792,0.030506693690457727,-0.02484231738610649,0.050915809133236074,4,estimated,0,raw_instance,two_sided_Student_t_95_df_n_minus_1,unadjusted_exploratory
all_designs_diagnostic,original_e4,max3sat,fully_quadratized,equal_2q_budget_128,positive_depth_only,original_only_minus_cold,auxiliary_inconsistency_rate,5,-0.01422800730955871,0.02665715697835866,-0.0473272394240529,0.018871224804935475,4,estimated,0,raw_instance,two_sided_Student_t_95_df_n_minus_1,unadjusted_exploratory
all_designs_diagnostic,original_e4,max3sat,fully_quadratized,equal_2q_budget_128,positive_depth_only,original_only_minus_cold,statevector_norm,5,5.10702591327572e-16,5.853729202016241e-16,-2.1613388921018952e-16,1.2375390718653336e-15,4,estimated,0,raw_instance,two_sided_Student_t_95_df_n_minus_1,unadjusted_exploratory
all_designs_diagnostic,original_e4,max3sat,fully_quadratized,equal_2q_budget_128,positive_depth_only,pair_minus_cold,original_objective_mean,5,-0.52154279418441,0.5089973860291135,-1.1535465235965838,0.1104609352277639,4,estimated,0,raw_instance,two_sided_Student_t_95_df_n_minus_1,unadjusted_exploratory
all_designs_diagnostic,original_e4,max3sat,fully_quadratized,equal_2q_budget_128,positive_depth_only,pair_minus_cold,encoded_energy_mean,5,-6.136228001931515,7.1140117168643835,-14.96944023356177,2.6969842296987387,4,estimated,0,raw_instance,two_sided_Student_t_95_df_n_minus_1,unadjusted_exploratory
all_designs_diagnostic,original_e4,max3sat,fully_quadratized,equal_2q_budget_128,positive_depth_only,pair_minus_cold,optimum_hit_rate,5,0.020785587272627616,0.031813797244399845,-0.018716459411897785,0.06028763395715302,4,estimated,0,raw_instance,two_sided_Student_t_95_df_n_minus_1,unadjusted_exploratory
all_designs_diagnostic,original_e4,max3sat,fully_quadratized,equal_2q_budget_128,positive_depth_only,pair_minus_cold,auxiliary_inconsistency_rate,5,-0.09907777899633681,0.129654273298226,-0.2600648223640157,0.061909264371342046,4,estimated,0,raw_instance,two_sided_Student_t_95_df_n_minus_1,unadjusted_exploratory
all_designs_diagnostic,original_e4,max3sat,fully_quadratized,equal_2q_budget_128,positive_depth_only,pair_minus_cold,statevector_norm,5,4.662936703425658e-16,7.212178307419366e-16,-4.29216544952313e-16,1.3618038856374444e-15,4,estimated,0,raw_instance,two_sided_Student_t_95_df_n_minus_1,unadjusted_exploratory
all_designs_diagnostic,original_e4,max3sat,fully_quadratized,equal_2q_budget_128,positive_depth_only,pair_minus_independence,original_objective_mean,5,0.04543445395247385,0.36784552485282507,-0.41130609115764694,0.5021749990625947,4,estimated,0,raw_instance,two_sided_Student_t_95_df_n_minus_1,unadjusted_exploratory
all_designs_diagnostic,original_e4,max3sat,fully_quadratized,equal_2q_budget_128,positive_depth_only,pair_minus_independence,encoded_energy_mean,5,-2.4164647688908714,6.716197607048837,-10.755725542385683,5.922796004603941,4,estimated,0,raw_instance,two_sided_Student_t_95_df_n_minus_1,unadjusted_exploratory
all_designs_diagnostic,original_e4,max3sat,fully_quadratized,equal_2q_budget_128,positive_depth_only,pair_minus_independence,optimum_hit_rate,5,-0.002608089838129377,0.020988745109814515,-0.028669059008461367,0.023452879332202616,4,estimated,0,raw_instance,two_sided_Student_t_95_df_n_minus_1,unadjusted_exploratory
all_designs_diagnostic,original_e4,max3sat,fully_quadratized,equal_2q_budget_128,positive_depth_only,pair_minus_independence,auxiliary_inconsistency_rate,5,-0.003979204516807333,0.1438264030473982,-0.1825632711719058,0.17460486213829113,4,estimated,0,raw_instance,two_sided_Student_t_95_df_n_minus_1,unadjusted_exploratory
all_designs_diagnostic,original_e4,max3sat,fully_quadratized,equal_2q_budget_128,positive_depth_only,pair_minus_independence,statevector_norm,5,4.884981308350689e-16,4.271113254555058e-16,-4.183062520812361e-17,1.0188268868782614e-15,4,estimated,0,raw_instance,two_sided_Student_t_95_df_n_minus_1,unadjusted_exploratory
all_designs_diagnostic,original_e4,max3sat,fully_quadratized,equal_2q_budget_128,positive_depth_only,pair_minus_original_only,original_objective_mean,5,-0.1605537988695236,0.2414335498379533,-0.4603331456618444,0.13922554792279723,4,estimated,0,raw_instance,two_sided_Student_t_95_df_n_minus_1,unadjusted_exploratory
all_designs_diagnostic,original_e4,max3sat,fully_quadratized,equal_2q_budget_128,positive_depth_only,pair_minus_original_only,encoded_energy_mean,5,-4.418536657431473,5.897610716352884,-11.741387559347562,2.904314244484614,4,estimated,0,raw_instance,two_sided_Student_t_95_df_n_minus_1,unadjusted_exploratory
all_designs_diagnostic,original_e4,max3sat,fully_quadratized,equal_2q_budget_128,positive_depth_only,pair_minus_original_only,optimum_hit_rate,5,0.0077488413990628256,0.008874000213860986,-0.003269685186540864,0.018767367984666515,4,estimated,0,raw_instance,two_sided_Student_t_95_df_n_minus_1,unadjusted_exploratory
all_designs_diagnostic,original_e4,max3sat,fully_quadratized,equal_2q_budget_128,positive_depth_only,pair_minus_original_only,auxiliary_inconsistency_rate,5,-0.0848497716867781,0.129979711260236,-0.24624089965553353,0.07654135628197734,4,estimated,0,raw_instance,two_sided_Student_t_95_df_n_minus_1,unadjusted_exploratory
all_designs_diagnostic,original_e4,max3sat,fully_quadratized,equal_2q_budget_128,positive_depth_only,pair_minus_original_only,statevector_norm,5,-4.4408920985006264e-17,3.648565166692871e-16,-4.974381222432916e-16,4.086202802732791e-16,4,estimated,0,raw_instance,two_sided_Student_t_95_df_n_minus_1,unadjusted_exploratory
all_designs_diagnostic,original_e4,max3sat,fully_quadratized,equal_2q_budget_128,zero_depth_only,independence_minus_cold,original_objective_mean,2,-1.8657407407407458,2.638555859427587,-25.57222457721489,21.840743095733394,1,estimated,2,raw_instance,two_sided_Student_t_95_df_n_minus_1,unadjusted_exploratory
all_designs_diagnostic,original_e4,max3sat,fully_quadratized,equal_2q_budget_128,zero_depth_only,independence_minus_cold,encoded_energy_mean,2,-15.712962962962969,0.05237828008788385,-16.18356313837677,-15.242362787549169,1,estimated,2,raw_instance,two_sided_Student_t_95_df_n_minus_1,unadjusted_exploratory
all_designs_diagnostic,original_e4,max3sat,fully_quadratized,equal_2q_budget_128,zero_depth_only,independence_minus_cold,optimum_hit_rate,2,0.05021862139917689,0.07101985546639569,-0.5878694636672084,0.6883067064655621,1,estimated,2,raw_instance,two_sided_Student_t_95_df_n_minus_1,unadjusted_exploratory
all_designs_diagnostic,original_e4,max3sat,fully_quadratized,equal_2q_budget_128,zero_depth_only,independence_minus_cold,auxiliary_inconsistency_rate,2,-0.06481815895956555,0.010226869873254342,-0.15670293921986464,0.027066621300733534,1,estimated,2,raw_instance,two_sided_Student_t_95_df_n_minus_1,unadjusted_exploratory
all_designs_diagnostic,original_e4,max3sat,fully_quadratized,equal_2q_budget_128,zero_depth_only,independence_minus_cold,statevector_norm,2,-3.885780586188048e-16,5.495323605393213e-16,-5.32593042741463e-15,4.54877431017702e-15,1,estimated,2,raw_instance,two_sided_Student_t_95_df_n_minus_1,unadjusted_exploratory
all_designs_diagnostic,original_e4,max3sat,fully_quadratized,equal_2q_budget_128,zero_depth_only,original_only_minus_cold,original_objective_mean,2,-1.8657407407407325,2.638555859427576,-25.57222457721478,21.840743095733313,1,estimated,2,raw_instance,two_sided_Student_t_95_df_n_minus_1,unadjusted_exploratory
all_designs_diagnostic,original_e4,max3sat,fully_quadratized,equal_2q_budget_128,zero_depth_only,original_only_minus_cold,encoded_energy_mean,2,-2.4583333333333144,3.476608340833862,-33.69441997642947,28.77775330976284,1,estimated,2,raw_instance,two_sided_Student_t_95_df_n_minus_1,unadjusted_exploratory
all_designs_diagnostic,original_e4,max3sat,fully_quadratized,equal_2q_budget_128,zero_depth_only,original_only_minus_cold,optimum_hit_rate,2,0.05021862139917692,0.07101985546639573,-0.5878694636672087,0.6883067064655625,1,estimated,2,raw_instance,two_sided_Student_t_95_df_n_minus_1,unadjusted_exploratory
all_designs_diagnostic,original_e4,max3sat,fully_quadratized,equal_2q_budget_128,zero_depth_only,original_only_minus_cold,auxiliary_inconsistency_rate,2,1.609823385706477e-15,2.1196248192230965e-15,-1.743425003679171e-14,2.0653896808204663e-14,1,estimated,2,raw_instance,two_sided_Student_t_95_df_n_minus_1,unadjusted_exploratory
all_designs_diagnostic,original_e4,max3sat,fully_quadratized,equal_2q_budget_128,zero_depth_only,original_only_minus_cold,statevector_norm,2,3.3306690738754696e-16,1.5700924586837752e-16,-1.0776051979826889e-15,1.7437390127577828e-15,1,estimated,2,raw_instance,two_sided_Student_t_95_df_n_minus_1,unadjusted_exploratory
all_designs_diagnostic,original_e4,max3sat,fully_quadratized,equal_2q_budget_128,zero_depth_only,pair_minus_cold,original_objective_mean,2,-1.865740740740744,2.638555859427582,-25.572224577214843,21.840743095733355,1,estimated,2,raw_instance,two_sided_Student_t_95_df_n_minus_1,unadjusted_exploratory
all_designs_diagnostic,original_e4,max3sat,fully_quadratized,equal_2q_budget_128,zero_depth_only,pair_minus_cold,encoded_energy_mean,2,-8.975000000000005,2.510229073212277,-31.528513406710385,13.578513406710375,1,estimated,2,raw_instance,two_sided_Student_t_95_df_n_minus_1,unadjusted_exploratory
all_designs_diagnostic,original_e4,max3sat,fully_quadratized,equal_2q_budget_128,zero_depth_only,pair_minus_cold,optimum_hit_rate,2,0.050218621399176946,0.07101985546639578,-0.5878694636672089,0.6883067064655629,1,estimated,2,raw_instance,two_sided_Student_t_95_df_n_minus_1,unadjusted_exploratory
all_designs_diagnostic,original_e4,max3sat,fully_quadratized,equal_2q_budget_128,zero_depth_only,pair_minus_cold,auxiliary_inconsistency_rate,2,-0.022966929514812606,0.008118104885347165,-0.0959052080658057,0.04997134903618049,1,estimated,2,raw_instance,two_sided_Student_t_95_df_n_minus_1,unadjusted_exploratory
all_designs_diagnostic,original_e4,max3sat,fully_quadratized,equal_2q_budget_128,zero_depth_only,pair_minus_cold,statevector_norm,2,-4.440892098500626e-16,6.280369834735101e-16,-6.086777631331006e-15,5.198599211630881e-15,1,estimated,2,raw_instance,two_sided_Student_t_95_df_n_minus_1,unadjusted_exploratory
all_designs_diagnostic,original_e4,max3sat,fully_quadratized,equal_2q_budget_128,zero_depth_only,pair_minus_independence,original_objective_mean,2,1.7763568394002505e-15,5.0242958677880805e-15,-4.3365150532447296e-14,4.6917864211247796e-14,1,estimated,2,raw_instance,two_sided_Student_t_95_df_n_minus_1,unadjusted_exploratory
all_designs_diagnostic,original_e4,max3sat,fully_quadratized,equal_2q_budget_128,zero_depth_only,pair_minus_independence,encoded_energy_mean,2,6.737962962962964,2.5626073533001605,-16.286150619161212,29.76207654508714,1,estimated,2,raw_instance,two_sided_Student_t_95_df_n_minus_1,unadjusted_exploratory
all_designs_diagnostic,original_e4,max3sat,fully_quadratized,equal_2q_budget_128,zero_depth_only,pair_minus_independence,optimum_hit_rate,2,5.204170427930421e-17,8.341116186757555e-17,-6.973778516986335e-16,8.014612602572419e-16,1,estimated,2,raw_instance,two_sided_Student_t_95_df_n_minus_1,unadjusted_exploratory
all_designs_diagnostic,original_e4,max3sat,fully_quadratized,equal_2q_budget_128,zero_depth_only,pair_minus_independence,auxiliary_inconsistency_rate,2,0.041851229444752946,0.0021087649879071775,0.022904727735446963,0.060797731154058926,1,estimated,2,raw_instance,two_sided_Student_t_95_df_n_minus_1,unadjusted_exploratory
all_designs_diagnostic,original_e4,max3sat,fully_quadratized,equal_2q_budget_128,zero_depth_only,pair_minus_independence,statevector_norm,2,-5.551115123125783e-17,7.850462293418876e-17,-7.608472039163757e-16,6.498249014538601e-16,1,estimated,2,raw_instance,two_sided_Student_t_95_df_n_minus_1,unadjusted_exploratory
all_designs_diagnostic,original_e4,max3sat,fully_quadratized,equal_2q_budget_128,zero_depth_only,pair_minus_original_only,original_objective_mean,2,-1.1546319456101628e-14,6.2803698347351005e-15,-6.797320367091105e-14,4.48805647587078e-14,1,estimated,2,raw_instance,two_sided_Student_t_95_df_n_minus_1,unadjusted_exploratory
all_designs_diagnostic,original_e4,max3sat,fully_quadratized,equal_2q_budget_128,zero_depth_only,pair_minus_original_only,encoded_energy_mean,2,-6.516666666666691,0.9663792676215851,-15.199239903052463,2.1659065697190822,1,estimated,2,raw_instance,two_sided_Student_t_95_df_n_minus_1,unadjusted_exploratory
all_designs_diagnostic,original_e4,max3sat,fully_quadratized,equal_2q_budget_128,zero_depth_only,pair_minus_original_only,optimum_hit_rate,2,2.2551405187698492e-17,4.661211986717457e-17,-3.9624187609409023e-16,4.413446864694872e-16,1,estimated,2,raw_instance,two_sided_Student_t_95_df_n_minus_1,unadjusted_exploratory
all_designs_diagnostic,original_e4,max3sat,fully_quadratized,equal_2q_budget_128,zero_depth_only,pair_minus_original_only,auxiliary_inconsistency_rate,2,-0.022966929514814216,0.008118104885349284,-0.09590520806582636,0.04997134903619793,1,estimated,2,raw_instance,two_sided_Student_t_95_df_n_minus_1,unadjusted_exploratory
all_designs_diagnostic,original_e4,max3sat,fully_quadratized,equal_2q_budget_128,zero_depth_only,pair_minus_original_only,statevector_norm,2,-7.771561172376096e-16,7.850462293418876e-16,-7.830516644088787e-15,6.276204409613569e-15,1,estimated,2,raw_instance,two_sided_Student_t_95_df_n_minus_1,unadjusted_exploratory
all_designs_diagnostic,original_e4,max3sat,fully_quadratized,equal_2q_budget_256,all_scheduled,independence_minus_cold,original_objective_mean,7,-0.4278015685937424,1.9091019056825753,-2.1934263491701484,1.3378232119826634,6,estimated,0,raw_instance,two_sided_Student_t_95_df_n_minus_1,unadjusted_exploratory
all_designs_diagnostic,original_e4,max3sat,fully_quadratized,equal_2q_budget_256,all_scheduled,independence_minus_cold,encoded_energy_mean,7,-2.2782928132445446,7.873552554302767,-9.560114417250137,5.003528790761049,6,estimated,0,raw_instance,two_sided_Student_t_95_df_n_minus_1,unadjusted_exploratory
all_designs_diagnostic,original_e4,max3sat,fully_quadratized,equal_2q_budget_256,all_scheduled,independence_minus_cold,optimum_hit_rate,7,0.016873545056134427,0.06037967506422833,-0.03896834071184219,0.07271543082411105,6,estimated,0,raw_instance,two_sided_Student_t_95_df_n_minus_1,unadjusted_exploratory
all_designs_diagnostic,original_e4,max3sat,fully_quadratized,equal_2q_budget_256,all_scheduled,independence_minus_cold,auxiliary_inconsistency_rate,7,-0.02151130528124436,0.05702450044380471,-0.07425017206665759,0.031227561504168864,6,estimated,0,raw_instance,two_sided_Student_t_95_df_n_minus_1,unadjusted_exploratory
all_designs_diagnostic,original_e4,max3sat,fully_quadratized,equal_2q_budget_256,all_scheduled,independence_minus_cold,statevector_norm,7,-1.9032394707859825e-16,5.899672841994206e-16,-7.359526815171758e-16,3.5530478735997926e-16,6,estimated,0,raw_instance,two_sided_Student_t_95_df_n_minus_1,unadjusted_exploratory
all_designs_diagnostic,original_e4,max3sat,fully_quadratized,equal_2q_budget_256,all_scheduled,original_only_minus_cold,original_objective_mean,7,-0.5015957617207489,1.5433956354883676,-1.928998653174792,0.9258071297332942,6,estimated,0,raw_instance,two_sided_Student_t_95_df_n_minus_1,unadjusted_exploratory
all_designs_diagnostic,original_e4,max3sat,fully_quadratized,equal_2q_budget_256,all_scheduled,original_only_minus_cold,encoded_energy_mean,7,-0.6180045155043982,5.020153513836831,-5.260872148680283,4.024863117671487,6,estimated,0,raw_instance,two_sided_Student_t_95_df_n_minus_1,unadjusted_exploratory
all_designs_diagnostic,original_e4,max3sat,fully_quadratized,equal_2q_budget_256,all_scheduled,original_only_minus_cold,optimum_hit_rate,7,0.014974189087997013,0.04943857036563223,-0.030748862517580425,0.06069724069357445,6,estimated,0,raw_instance,two_sided_Student_t_95_df_n_minus_1,unadjusted_exploratory
all_designs_diagnostic,original_e4,max3sat,fully_quadratized,equal_2q_budget_256,all_scheduled,original_only_minus_cold,auxiliary_inconsistency_rate,7,-0.003147425383047908,0.013167090954507044,-0.015324953470040729,0.009030102703944913,6,estimated,0,raw_instance,two_sided_Student_t_95_df_n_minus_1,unadjusted_exploratory
all_designs_diagnostic,original_e4,max3sat,fully_quadratized,equal_2q_budget_256,all_scheduled,original_only_minus_cold,statevector_norm,7,4.758098676964956e-16,5.390178927951042e-16,-2.2698538722407934e-17,9.743182741153993e-16,6,estimated,0,raw_instance,two_sided_Student_t_95_df_n_minus_1,unadjusted_exploratory
all_designs_diagnostic,original_e4,max3sat,fully_quadratized,equal_2q_budget_256,all_scheduled,pair_minus_cold,original_objective_mean,7,-0.5633505709424055,1.9137254911349992,-2.333251454866471,1.2065503129816602,6,estimated,0,raw_instance,two_sided_Student_t_95_df_n_minus_1,unadjusted_exploratory
all_designs_diagnostic,original_e4,max3sat,fully_quadratized,equal_2q_budget_256,all_scheduled,pair_minus_cold,encoded_energy_mean,7,-4.339485209489832,6.305787209689106,-10.171365700169108,1.4923952811894425,6,estimated,0,raw_instance,two_sided_Student_t_95_df_n_minus_1,unadjusted_exploratory
all_designs_diagnostic,original_e4,max3sat,fully_quadratized,equal_2q_budget_256,all_scheduled,pair_minus_cold,optimum_hit_rate,7,0.01764746289503274,0.061263172778201806,-0.03901152197736095,0.07430644776742644,6,estimated,0,raw_instance,two_sided_Student_t_95_df_n_minus_1,unadjusted_exploratory
all_designs_diagnostic,original_e4,max3sat,fully_quadratized,equal_2q_budget_256,all_scheduled,pair_minus_cold,auxiliary_inconsistency_rate,7,-0.04964924029079571,0.04439278898418057,-0.09070572243879524,-0.00859275814279619,6,estimated,0,raw_instance,two_sided_Student_t_95_df_n_minus_1,unadjusted_exploratory
all_designs_diagnostic,original_e4,max3sat,fully_quadratized,equal_2q_budget_256,all_scheduled,pair_minus_cold,statevector_norm,7,3.806478941571965e-16,1.1081062962466713e-15,-6.441795026109928e-16,1.4054752909253859e-15,6,estimated,0,raw_instance,two_sided_Student_t_95_df_n_minus_1,unadjusted_exploratory
all_designs_diagnostic,original_e4,max3sat,fully_quadratized,equal_2q_budget_256,all_scheduled,pair_minus_independence,original_objective_mean,7,-0.13554900234866313,0.2761790875819241,-0.3909720572731625,0.11987405257583622,6,estimated,0,raw_instance,two_sided_Student_t_95_df_n_minus_1,unadjusted_exploratory
all_designs_diagnostic,original_e4,max3sat,fully_quadratized,equal_2q_budget_256,all_scheduled,pair_minus_independence,encoded_energy_mean,7,-2.061192396245288,4.24998536805924,-5.991773294308775,1.8693885018181993,6,estimated,0,raw_instance,two_sided_Student_t_95_df_n_minus_1,unadjusted_exploratory
all_designs_diagnostic,original_e4,max3sat,fully_quadratized,equal_2q_budget_256,all_scheduled,pair_minus_independence,optimum_hit_rate,7,0.0007739178388983121,0.009202882853657161,-0.007737329240575546,0.00928516491837217,6,estimated,0,raw_instance,two_sided_Student_t_95_df_n_minus_1,unadjusted_exploratory
all_designs_diagnostic,original_e4,max3sat,fully_quadratized,equal_2q_budget_256,all_scheduled,pair_minus_independence,auxiliary_inconsistency_rate,7,-0.028137935009551356,0.07504928006869568,-0.09754694259541472,0.041271072576312,6,estimated,0,raw_instance,two_sided_Student_t_95_df_n_minus_1,unadjusted_exploratory
all_designs_diagnostic,original_e4,max3sat,fully_quadratized,equal_2q_budget_256,all_scheduled,pair_minus_independence,statevector_norm,7,5.709718412357948e-16,1.1791881679645922e-15,-5.195953223732022e-16,1.661539004844792e-15,6,estimated,0,raw_instance,two_sided_Student_t_95_df_n_minus_1,unadjusted_exploratory
all_designs_diagnostic,original_e4,max3sat,fully_quadratized,equal_2q_budget_256,all_scheduled,pair_minus_original_only,original_objective_mean,7,-0.06175480922165656,0.6645153151270822,-0.676328973109164,0.5528193546658509,6,estimated,0,raw_instance,two_sided_Student_t_95_df_n_minus_1,unadjusted_exploratory
all_designs_diagnostic,original_e4,max3sat,fully_quadratized,equal_2q_budget_256,all_scheduled,pair_minus_original_only,encoded_energy_mean,7,-3.721480693985434,3.2561567609619493,-6.732923430218149,-0.71003795775272,6,estimated,0,raw_instance,two_sided_Student_t_95_df_n_minus_1,unadjusted_exploratory
all_designs_diagnostic,original_e4,max3sat,fully_quadratized,equal_2q_budget_256,all_scheduled,pair_minus_original_only,optimum_hit_rate,7,0.0026732738070357263,0.015893547672344133,-0.012025806183421896,0.01737235379749335,6,estimated,0,raw_instance,two_sided_Student_t_95_df_n_minus_1,unadjusted_exploratory
all_designs_diagnostic,original_e4,max3sat,fully_quadratized,equal_2q_budget_256,all_scheduled,pair_minus_original_only,auxiliary_inconsistency_rate,7,-0.0465018149077478,0.044322145051073375,-0.08749296231456867,-0.005510667500926936,6,estimated,0,raw_instance,two_sided_Student_t_95_df_n_minus_1,unadjusted_exploratory
all_designs_diagnostic,original_e4,max3sat,fully_quadratized,equal_2q_budget_256,all_scheduled,pair_minus_original_only,statevector_norm,7,-9.516197353929913e-17,8.562129687078529e-16,-8.870268973035277e-16,6.967029502249295e-16,6,estimated,0,raw_instance,two_sided_Student_t_95_df_n_minus_1,unadjusted_exploratory
all_designs_diagnostic,original_e4,max3sat,fully_quadratized,equal_2q_budget_256,positive_depth_only,independence_minus_cold,original_objective_mean,7,-0.4278015685937424,1.9091019056825753,-2.1934263491701484,1.3378232119826634,6,estimated,0,raw_instance,two_sided_Student_t_95_df_n_minus_1,unadjusted_exploratory
all_designs_diagnostic,original_e4,max3sat,fully_quadratized,equal_2q_budget_256,positive_depth_only,independence_minus_cold,encoded_energy_mean,7,-2.2782928132445446,7.873552554302767,-9.560114417250137,5.003528790761049,6,estimated,0,raw_instance,two_sided_Student_t_95_df_n_minus_1,unadjusted_exploratory
all_designs_diagnostic,original_e4,max3sat,fully_quadratized,equal_2q_budget_256,positive_depth_only,independence_minus_cold,optimum_hit_rate,7,0.016873545056134427,0.06037967506422833,-0.03896834071184219,0.07271543082411105,6,estimated,0,raw_instance,two_sided_Student_t_95_df_n_minus_1,unadjusted_exploratory
all_designs_diagnostic,original_e4,max3sat,fully_quadratized,equal_2q_budget_256,positive_depth_only,independence_minus_cold,auxiliary_inconsistency_rate,7,-0.02151130528124436,0.05702450044380471,-0.07425017206665759,0.031227561504168864,6,estimated,0,raw_instance,two_sided_Student_t_95_df_n_minus_1,unadjusted_exploratory
all_designs_diagnostic,original_e4,max3sat,fully_quadratized,equal_2q_budget_256,positive_depth_only,independence_minus_cold,statevector_norm,7,-1.9032394707859825e-16,5.899672841994206e-16,-7.359526815171758e-16,3.5530478735997926e-16,6,estimated,0,raw_instance,two_sided_Student_t_95_df_n_minus_1,unadjusted_exploratory
all_designs_diagnostic,original_e4,max3sat,fully_quadratized,equal_2q_budget_256,positive_depth_only,original_only_minus_cold,original_objective_mean,7,-0.5015957617207489,1.5433956354883676,-1.928998653174792,0.9258071297332942,6,estimated,0,raw_instance,two_sided_Student_t_95_df_n_minus_1,unadjusted_exploratory
all_designs_diagnostic,original_e4,max3sat,fully_quadratized,equal_2q_budget_256,positive_depth_only,original_only_minus_cold,encoded_energy_mean,7,-0.6180045155043982,5.020153513836831,-5.260872148680283,4.024863117671487,6,estimated,0,raw_instance,two_sided_Student_t_95_df_n_minus_1,unadjusted_exploratory
all_designs_diagnostic,original_e4,max3sat,fully_quadratized,equal_2q_budget_256,positive_depth_only,original_only_minus_cold,optimum_hit_rate,7,0.014974189087997013,0.04943857036563223,-0.030748862517580425,0.06069724069357445,6,estimated,0,raw_instance,two_sided_Student_t_95_df_n_minus_1,unadjusted_exploratory
all_designs_diagnostic,original_e4,max3sat,fully_quadratized,equal_2q_budget_256,positive_depth_only,original_only_minus_cold,auxiliary_inconsistency_rate,7,-0.003147425383047908,0.013167090954507044,-0.015324953470040729,0.009030102703944913,6,estimated,0,raw_instance,two_sided_Student_t_95_df_n_minus_1,unadjusted_exploratory
all_designs_diagnostic,original_e4,max3sat,fully_quadratized,equal_2q_budget_256,positive_depth_only,original_only_minus_cold,statevector_norm,7,4.758098676964956e-16,5.390178927951042e-16,-2.2698538722407934e-17,9.743182741153993e-16,6,estimated,0,raw_instance,two_sided_Student_t_95_df_n_minus_1,unadjusted_exploratory
all_designs_diagnostic,original_e4,max3sat,fully_quadratized,equal_2q_budget_256,positive_depth_only,pair_minus_cold,original_objective_mean,7,-0.5633505709424055,1.9137254911349992,-2.333251454866471,1.2065503129816602,6,estimated,0,raw_instance,two_sided_Student_t_95_df_n_minus_1,unadjusted_exploratory
all_designs_diagnostic,original_e4,max3sat,fully_quadratized,equal_2q_budget_256,positive_depth_only,pair_minus_cold,encoded_energy_mean,7,-4.339485209489832,6.305787209689106,-10.171365700169108,1.4923952811894425,6,estimated,0,raw_instance,two_sided_Student_t_95_df_n_minus_1,unadjusted_exploratory
all_designs_diagnostic,original_e4,max3sat,fully_quadratized,equal_2q_budget_256,positive_depth_only,pair_minus_cold,optimum_hit_rate,7,0.01764746289503274,0.061263172778201806,-0.03901152197736095,0.07430644776742644,6,estimated,0,raw_instance,two_sided_Student_t_95_df_n_minus_1,unadjusted_exploratory
all_designs_diagnostic,original_e4,max3sat,fully_quadratized,equal_2q_budget_256,positive_depth_only,pair_minus_cold,auxiliary_inconsistency_rate,7,-0.04964924029079571,0.04439278898418057,-0.09070572243879524,-0.00859275814279619,6,estimated,0,raw_instance,two_sided_Student_t_95_df_n_minus_1,unadjusted_exploratory
all_designs_diagnostic,original_e4,max3sat,fully_quadratized,equal_2q_budget_256,positive_depth_only,pair_minus_cold,statevector_norm,7,3.806478941571965e-16,1.1081062962466713e-15,-6.441795026109928e-16,1.4054752909253859e-15,6,estimated,0,raw_instance,two_sided_Student_t_95_df_n_minus_1,unadjusted_exploratory
all_designs_diagnostic,original_e4,max3sat,fully_quadratized,equal_2q_budget_256,positive_depth_only,pair_minus_independence,original_objective_mean,7,-0.13554900234866313,0.2761790875819241,-0.3909720572731625,0.11987405257583622,6,estimated,0,raw_instance,two_sided_Student_t_95_df_n_minus_1,unadjusted_exploratory
all_designs_diagnostic,original_e4,max3sat,fully_quadratized,equal_2q_budget_256,positive_depth_only,pair_minus_independence,encoded_energy_mean,7,-2.061192396245288,4.24998536805924,-5.991773294308775,1.8693885018181993,6,estimated,0,raw_instance,two_sided_Student_t_95_df_n_minus_1,unadjusted_exploratory
all_designs_diagnostic,original_e4,max3sat,fully_quadratized,equal_2q_budget_256,positive_depth_only,pair_minus_independence,optimum_hit_rate,7,0.0007739178388983121,0.009202882853657161,-0.007737329240575546,0.00928516491837217,6,estimated,0,raw_instance,two_sided_Student_t_95_df_n_minus_1,unadjusted_exploratory
all_designs_diagnostic,original_e4,max3sat,fully_quadratized,equal_2q_budget_256,positive_depth_only,pair_minus_independence,auxiliary_inconsistency_rate,7,-0.028137935009551356,0.07504928006869568,-0.09754694259541472,0.041271072576312,6,estimated,0,raw_instance,two_sided_Student_t_95_df_n_minus_1,unadjusted_exploratory
all_designs_diagnostic,original_e4,max3sat,fully_quadratized,equal_2q_budget_256,positive_depth_only,pair_minus_independence,statevector_norm,7,5.709718412357948e-16,1.1791881679645922e-15,-5.195953223732022e-16,1.661539004844792e-15,6,estimated,0,raw_instance,two_sided_Student_t_95_df_n_minus_1,unadjusted_exploratory
all_designs_diagnostic,original_e4,max3sat,fully_quadratized,equal_2q_budget_256,positive_depth_only,pair_minus_original_only,original_objective_mean,7,-0.06175480922165656,0.6645153151270822,-0.676328973109164,0.5528193546658509,6,estimated,0,raw_instance,two_sided_Student_t_95_df_n_minus_1,unadjusted_exploratory
all_designs_diagnostic,original_e4,max3sat,fully_quadratized,equal_2q_budget_256,positive_depth_only,pair_minus_original_only,encoded_energy_mean,7,-3.721480693985434,3.2561567609619493,-6.732923430218149,-0.71003795775272,6,estimated,0,raw_instance,two_sided_Student_t_95_df_n_minus_1,unadjusted_exploratory
all_designs_diagnostic,original_e4,max3sat,fully_quadratized,equal_2q_budget_256,positive_depth_only,pair_minus_original_only,optimum_hit_rate,7,0.0026732738070357263,0.015893547672344133,-0.012025806183421896,0.01737235379749335,6,estimated,0,raw_instance,two_sided_Student_t_95_df_n_minus_1,unadjusted_exploratory
all_designs_diagnostic,original_e4,max3sat,fully_quadratized,equal_2q_budget_256,positive_depth_only,pair_minus_original_only,auxiliary_inconsistency_rate,7,-0.0465018149077478,0.044322145051073375,-0.08749296231456867,-0.005510667500926936,6,estimated,0,raw_instance,two_sided_Student_t_95_df_n_minus_1,unadjusted_exploratory
all_designs_diagnostic,original_e4,max3sat,fully_quadratized,equal_2q_budget_256,positive_depth_only,pair_minus_original_only,statevector_norm,7,-9.516197353929913e-17,8.562129687078529e-16,-8.870268973035277e-16,6.967029502249295e-16,6,estimated,0,raw_instance,two_sided_Student_t_95_df_n_minus_1,unadjusted_exploratory
all_designs_diagnostic,original_e4,max3sat,fully_quadratized,equal_layer_p1,all_scheduled,independence_minus_cold,original_objective_mean,7,-0.7711193603135511,1.277005747470363,-1.9521526964392228,0.40991397581212063,6,estimated,0,raw_instance,two_sided_Student_t_95_df_n_minus_1,unadjusted_exploratory
all_designs_diagnostic,original_e4,max3sat,fully_quadratized,equal_layer_p1,all_scheduled,independence_minus_cold,encoded_energy_mean,7,-2.619362997273431,8.385989177173801,-10.375109433223757,5.136383438676896,6,estimated,0,raw_instance,two_sided_Student_t_95_df_n_minus_1,unadjusted_exploratory
all_designs_diagnostic,original_e4,max3sat,fully_quadratized,equal_layer_p1,all_scheduled,independence_minus_cold,optimum_hit_rate,7,0.025964203733767992,0.03585013159633177,-0.007191638049741832,0.059120045517277814,6,estimated,0,raw_instance,two_sided_Student_t_95_df_n_minus_1,unadjusted_exploratory
all_designs_diagnostic,original_e4,max3sat,fully_quadratized,equal_layer_p1,all_scheduled,independence_minus_cold,auxiliary_inconsistency_rate,7,-0.03349223931401289,0.051678727384703166,-0.08128709061424291,0.014302611986217129,6,estimated,0,raw_instance,two_sided_Student_t_95_df_n_minus_1,unadjusted_exploratory
all_designs_diagnostic,original_e4,max3sat,fully_quadratized,equal_layer_p1,all_scheduled,independence_minus_cold,statevector_norm,7,1.586032892321652e-17,7.514292882996007e-16,-6.790958535223233e-16,7.108165113687564e-16,6,estimated,0,raw_instance,two_sided_Student_t_95_df_n_minus_1,unadjusted_exploratory
all_designs_diagnostic,original_e4,max3sat,fully_quadratized,equal_layer_p1,all_scheduled,original_only_minus_cold,original_objective_mean,7,-0.6359737648719174,1.3987622661871986,-1.9296130996628609,0.657665569919026,6,estimated,0,raw_instance,two_sided_Student_t_95_df_n_minus_1,unadjusted_exploratory
all_designs_diagnostic,original_e4,max3sat,fully_quadratized,equal_layer_p1,all_scheduled,original_only_minus_cold,encoded_energy_mean,7,-0.6287397859160596,5.24644455824531,-5.480891729395576,4.223412157563456,6,estimated,0,raw_instance,two_sided_Student_t_95_df_n_minus_1,unadjusted_exploratory
all_designs_diagnostic,original_e4,max3sat,fully_quadratized,equal_layer_p1,all_scheduled,original_only_minus_cold,optimum_hit_rate,7,0.01670915431121914,0.03799336067710291,-0.018428843775313463,0.05184715239775174,6,estimated,0,raw_instance,two_sided_Student_t_95_df_n_minus_1,unadjusted_exploratory
all_designs_diagnostic,original_e4,max3sat,fully_quadratized,equal_layer_p1,all_scheduled,original_only_minus_cold,auxiliary_inconsistency_rate,7,-0.010404098187258752,0.045580201684048874,-0.05255875392223032,0.03175055754771282,6,estimated,0,raw_instance,two_sided_Student_t_95_df_n_minus_1,unadjusted_exploratory
all_designs_diagnostic,original_e4,max3sat,fully_quadratized,equal_layer_p1,all_scheduled,original_only_minus_cold,statevector_norm,7,5.233908544661452e-16,1.2353421402803973e-16,4.0914076185050137e-16,6.376409470817891e-16,6,estimated,0,raw_instance,two_sided_Student_t_95_df_n_minus_1,unadjusted_exploratory
all_designs_diagnostic,original_e4,max3sat,fully_quadratized,equal_layer_p1,all_scheduled,pair_minus_cold,original_objective_mean,7,-0.7046467773573218,1.3352230312606908,-1.939522120875103,0.5302285661604592,6,estimated,0,raw_instance,two_sided_Student_t_95_df_n_minus_1,unadjusted_exploratory
all_designs_diagnostic,original_e4,max3sat,fully_quadratized,equal_layer_p1,all_scheduled,pair_minus_cold,encoded_energy_mean,7,-4.821847499332841,6.468963209715619,-10.80464061986418,1.1609456211984988,6,estimated,0,raw_instance,two_sided_Student_t_95_df_n_minus_1,unadjusted_exploratory
all_designs_diagnostic,original_e4,max3sat,fully_quadratized,equal_layer_p1,all_scheduled,pair_minus_cold,optimum_hit_rate,7,0.0199036822631978,0.03584042601481927,-0.013243183354515239,0.053050547880910834,6,estimated,0,raw_instance,two_sided_Student_t_95_df_n_minus_1,unadjusted_exploratory
all_designs_diagnostic,original_e4,max3sat,fully_quadratized,equal_layer_p1,all_scheduled,pair_minus_cold,auxiliary_inconsistency_rate,7,-0.0713256779146,0.08064990726365623,-0.14591440174963705,0.0032630459204370382,6,estimated,0,raw_instance,two_sided_Student_t_95_df_n_minus_1,unadjusted_exploratory
all_designs_diagnostic,original_e4,max3sat,fully_quadratized,equal_layer_p1,all_scheduled,pair_minus_cold,statevector_norm,7,2.379049338482478e-16,6.455498087564621e-16,-3.5912906210769277e-16,8.349389298041885e-16,6,estimated,0,raw_instance,two_sided_Student_t_95_df_n_minus_1,unadjusted_exploratory
all_designs_diagnostic,original_e4,max3sat,fully_quadratized,equal_layer_p1,all_scheduled,pair_minus_independence,original_objective_mean,7,0.06647258295622928,0.26449031588249305,-0.17814016115899095,0.31108532707144954,6,estimated,0,raw_instance,two_sided_Student_t_95_df_n_minus_1,unadjusted_exploratory
all_designs_diagnostic,original_e4,max3sat,fully_quadratized,equal_layer_p1,all_scheduled,pair_minus_independence,encoded_energy_mean,7,-2.2024845020594093,5.702272935808658,-7.4762073824911,3.071238378372281,6,estimated,0,raw_instance,two_sided_Student_t_95_df_n_minus_1,unadjusted_exploratory
all_designs_diagnostic,original_e4,max3sat,fully_quadratized,equal_layer_p1,all_scheduled,pair_minus_independence,optimum_hit_rate,7,-0.006060521470570198,0.00794943789215181,-0.013412525306645155,0.0012914823655047593,6,estimated,0,raw_instance,two_sided_Student_t_95_df_n_minus_1,unadjusted_exploratory
all_designs_diagnostic,original_e4,max3sat,fully_quadratized,equal_layer_p1,all_scheduled,pair_minus_independence,auxiliary_inconsistency_rate,7,-0.03783343860058711,0.09371509692048098,-0.12450544754070741,0.048838570339533184,6,estimated,0,raw_instance,two_sided_Student_t_95_df_n_minus_1,unadjusted_exploratory
all_designs_diagnostic,original_e4,max3sat,fully_quadratized,equal_layer_p1,all_scheduled,pair_minus_independence,statevector_norm,7,2.220446049250313e-16,6.312995352117186e-16,-3.6181008613068424e-16,8.058992959807469e-16,6,estimated,0,raw_instance,two_sided_Student_t_95_df_n_minus_1,unadjusted_exploratory
all_designs_diagnostic,original_e4,max3sat,fully_quadratized,equal_layer_p1,all_scheduled,pair_minus_original_only,original_objective_mean,7,-0.0686730124854045,0.1957616648242438,-0.24972235588176844,0.11237633091095944,6,estimated,0,raw_instance,two_sided_Student_t_95_df_n_minus_1,unadjusted_exploratory
all_designs_diagnostic,original_e4,max3sat,fully_quadratized,equal_layer_p1,all_scheduled,pair_minus_original_only,encoded_energy_mean,7,-4.193107713416781,4.240373195444779,-8.114798834505685,-0.27141659232787685,6,estimated,0,raw_instance,two_sided_Student_t_95_df_n_minus_1,unadjusted_exploratory
all_designs_diagnostic,original_e4,max3sat,fully_quadratized,equal_layer_p1,all_scheduled,pair_minus_original_only,optimum_hit_rate,7,0.003194527951978655,0.006530725220342935,-0.002845385501488932,0.009234441405446242,6,estimated,0,raw_instance,two_sided_Student_t_95_df_n_minus_1,unadjusted_exploratory
all_designs_diagnostic,original_e4,max3sat,fully_quadratized,equal_layer_p1,all_scheduled,pair_minus_original_only,auxiliary_inconsistency_rate,7,-0.060921579727341246,0.0735002864634281,-0.12889800716320104,0.007054847708518552,6,estimated,0,raw_instance,two_sided_Student_t_95_df_n_minus_1,unadjusted_exploratory
all_designs_diagnostic,original_e4,max3sat,fully_quadratized,equal_layer_p1,all_scheduled,pair_minus_original_only,statevector_norm,7,-2.854859206178974e-16,6.109830192338294e-16,-8.505509682508264e-16,2.795791270150316e-16,6,estimated,0,raw_instance,two_sided_Student_t_95_df_n_minus_1,unadjusted_exploratory
all_designs_diagnostic,original_e4,max3sat,fully_quadratized,equal_layer_p1,positive_depth_only,independence_minus_cold,original_objective_mean,7,-0.7711193603135511,1.277005747470363,-1.9521526964392228,0.40991397581212063,6,estimated,0,raw_instance,two_sided_Student_t_95_df_n_minus_1,unadjusted_exploratory
all_designs_diagnostic,original_e4,max3sat,fully_quadratized,equal_layer_p1,positive_depth_only,independence_minus_cold,encoded_energy_mean,7,-2.619362997273431,8.385989177173801,-10.375109433223757,5.136383438676896,6,estimated,0,raw_instance,two_sided_Student_t_95_df_n_minus_1,unadjusted_exploratory
all_designs_diagnostic,original_e4,max3sat,fully_quadratized,equal_layer_p1,positive_depth_only,independence_minus_cold,optimum_hit_rate,7,0.025964203733767992,0.03585013159633177,-0.007191638049741832,0.059120045517277814,6,estimated,0,raw_instance,two_sided_Student_t_95_df_n_minus_1,unadjusted_exploratory
all_designs_diagnostic,original_e4,max3sat,fully_quadratized,equal_layer_p1,positive_depth_only,independence_minus_cold,auxiliary_inconsistency_rate,7,-0.03349223931401289,0.051678727384703166,-0.08128709061424291,0.014302611986217129,6,estimated,0,raw_instance,two_sided_Student_t_95_df_n_minus_1,unadjusted_exploratory
all_designs_diagnostic,original_e4,max3sat,fully_quadratized,equal_layer_p1,positive_depth_only,independence_minus_cold,statevector_norm,7,1.586032892321652e-17,7.514292882996007e-16,-6.790958535223233e-16,7.108165113687564e-16,6,estimated,0,raw_instance,two_sided_Student_t_95_df_n_minus_1,unadjusted_exploratory
all_designs_diagnostic,original_e4,max3sat,fully_quadratized,equal_layer_p1,positive_depth_only,original_only_minus_cold,original_objective_mean,7,-0.6359737648719174,1.3987622661871986,-1.9296130996628609,0.657665569919026,6,estimated,0,raw_instance,two_sided_Student_t_95_df_n_minus_1,unadjusted_exploratory
all_designs_diagnostic,original_e4,max3sat,fully_quadratized,equal_layer_p1,positive_depth_only,original_only_minus_cold,encoded_energy_mean,7,-0.6287397859160596,5.24644455824531,-5.480891729395576,4.223412157563456,6,estimated,0,raw_instance,two_sided_Student_t_95_df_n_minus_1,unadjusted_exploratory
all_designs_diagnostic,original_e4,max3sat,fully_quadratized,equal_layer_p1,positive_depth_only,original_only_minus_cold,optimum_hit_rate,7,0.01670915431121914,0.03799336067710291,-0.018428843775313463,0.05184715239775174,6,estimated,0,raw_instance,two_sided_Student_t_95_df_n_minus_1,unadjusted_exploratory
all_designs_diagnostic,original_e4,max3sat,fully_quadratized,equal_layer_p1,positive_depth_only,original_only_minus_cold,auxiliary_inconsistency_rate,7,-0.010404098187258752,0.045580201684048874,-0.05255875392223032,0.03175055754771282,6,estimated,0,raw_instance,two_sided_Student_t_95_df_n_minus_1,unadjusted_exploratory
all_designs_diagnostic,original_e4,max3sat,fully_quadratized,equal_layer_p1,positive_depth_only,original_only_minus_cold,statevector_norm,7,5.233908544661452e-16,1.2353421402803973e-16,4.0914076185050137e-16,6.376409470817891e-16,6,estimated,0,raw_instance,two_sided_Student_t_95_df_n_minus_1,unadjusted_exploratory
all_designs_diagnostic,original_e4,max3sat,fully_quadratized,equal_layer_p1,positive_depth_only,pair_minus_cold,original_objective_mean,7,-0.7046467773573218,1.3352230312606908,-1.939522120875103,0.5302285661604592,6,estimated,0,raw_instance,two_sided_Student_t_95_df_n_minus_1,unadjusted_exploratory
all_designs_diagnostic,original_e4,max3sat,fully_quadratized,equal_layer_p1,positive_depth_only,pair_minus_cold,encoded_energy_mean,7,-4.821847499332841,6.468963209715619,-10.80464061986418,1.1609456211984988,6,estimated,0,raw_instance,two_sided_Student_t_95_df_n_minus_1,unadjusted_exploratory
all_designs_diagnostic,original_e4,max3sat,fully_quadratized,equal_layer_p1,positive_depth_only,pair_minus_cold,optimum_hit_rate,7,0.0199036822631978,0.03584042601481927,-0.013243183354515239,0.053050547880910834,6,estimated,0,raw_instance,two_sided_Student_t_95_df_n_minus_1,unadjusted_exploratory
all_designs_diagnostic,original_e4,max3sat,fully_quadratized,equal_layer_p1,positive_depth_only,pair_minus_cold,auxiliary_inconsistency_rate,7,-0.0713256779146,0.08064990726365623,-0.14591440174963705,0.0032630459204370382,6,estimated,0,raw_instance,two_sided_Student_t_95_df_n_minus_1,unadjusted_exploratory
all_designs_diagnostic,original_e4,max3sat,fully_quadratized,equal_layer_p1,positive_depth_only,pair_minus_cold,statevector_norm,7,2.379049338482478e-16,6.455498087564621e-16,-3.5912906210769277e-16,8.349389298041885e-16,6,estimated,0,raw_instance,two_sided_Student_t_95_df_n_minus_1,unadjusted_exploratory
all_designs_diagnostic,original_e4,max3sat,fully_quadratized,equal_layer_p1,positive_depth_only,pair_minus_independence,original_objective_mean,7,0.06647258295622928,0.26449031588249305,-0.17814016115899095,0.31108532707144954,6,estimated,0,raw_instance,two_sided_Student_t_95_df_n_minus_1,unadjusted_exploratory
all_designs_diagnostic,original_e4,max3sat,fully_quadratized,equal_layer_p1,positive_depth_only,pair_minus_independence,encoded_energy_mean,7,-2.2024845020594093,5.702272935808658,-7.4762073824911,3.071238378372281,6,estimated,0,raw_instance,two_sided_Student_t_95_df_n_minus_1,unadjusted_exploratory
all_designs_diagnostic,original_e4,max3sat,fully_quadratized,equal_layer_p1,positive_depth_only,pair_minus_independence,optimum_hit_rate,7,-0.006060521470570198,0.00794943789215181,-0.013412525306645155,0.0012914823655047593,6,estimated,0,raw_instance,two_sided_Student_t_95_df_n_minus_1,unadjusted_exploratory
all_designs_diagnostic,original_e4,max3sat,fully_quadratized,equal_layer_p1,positive_depth_only,pair_minus_independence,auxiliary_inconsistency_rate,7,-0.03783343860058711,0.09371509692048098,-0.12450544754070741,0.048838570339533184,6,estimated,0,raw_instance,two_sided_Student_t_95_df_n_minus_1,unadjusted_exploratory
all_designs_diagnostic,original_e4,max3sat,fully_quadratized,equal_layer_p1,positive_depth_only,pair_minus_independence,statevector_norm,7,2.220446049250313e-16,6.312995352117186e-16,-3.6181008613068424e-16,8.058992959807469e-16,6,estimated,0,raw_instance,two_sided_Student_t_95_df_n_minus_1,unadjusted_exploratory
all_designs_diagnostic,original_e4,max3sat,fully_quadratized,equal_layer_p1,positive_depth_only,pair_minus_original_only,original_objective_mean,7,-0.0686730124854045,0.1957616648242438,-0.24972235588176844,0.11237633091095944,6,estimated,0,raw_instance,two_sided_Student_t_95_df_n_minus_1,unadjusted_exploratory
all_designs_diagnostic,original_e4,max3sat,fully_quadratized,equal_layer_p1,positive_depth_only,pair_minus_original_only,encoded_energy_mean,7,-4.193107713416781,4.240373195444779,-8.114798834505685,-0.27141659232787685,6,estimated,0,raw_instance,two_sided_Student_t_95_df_n_minus_1,unadjusted_exploratory
all_designs_diagnostic,original_e4,max3sat,fully_quadratized,equal_layer_p1,positive_depth_only,pair_minus_original_only,optimum_hit_rate,7,0.003194527951978655,0.006530725220342935,-0.002845385501488932,0.009234441405446242,6,estimated,0,raw_instance,two_sided_Student_t_95_df_n_minus_1,unadjusted_exploratory
all_designs_diagnostic,original_e4,max3sat,fully_quadratized,equal_layer_p1,positive_depth_only,pair_minus_original_only,auxiliary_inconsistency_rate,7,-0.060921579727341246,0.0735002864634281,-0.12889800716320104,0.007054847708518552,6,estimated,0,raw_instance,two_sided_Student_t_95_df_n_minus_1,unadjusted_exploratory
all_designs_diagnostic,original_e4,max3sat,fully_quadratized,equal_layer_p1,positive_depth_only,pair_minus_original_only,statevector_norm,7,-2.854859206178974e-16,6.109830192338294e-16,-8.505509682508264e-16,2.795791270150316e-16,6,estimated,0,raw_instance,two_sided_Student_t_95_df_n_minus_1,unadjusted_exploratory
all_designs_diagnostic,original_e4,max3sat,fully_quadratized,equal_layer_p2,all_scheduled,independence_minus_cold,original_objective_mean,7,-0.757973424700632,0.8272298529783606,-1.5230334371094298,0.007086587708165837,6,estimated,0,raw_instance,two_sided_Student_t_95_df_n_minus_1,unadjusted_exploratory
all_designs_diagnostic,original_e4,max3sat,fully_quadratized,equal_layer_p2,all_scheduled,independence_minus_cold,encoded_energy_mean,7,-3.767898395281527,1.9625212250748638,-5.582927806275935,-1.9528689842871192,6,estimated,0,raw_instance,two_sided_Student_t_95_df_n_minus_1,unadjusted_exploratory
all_designs_diagnostic,original_e4,max3sat,fully_quadratized,equal_layer_p2,all_scheduled,independence_minus_cold,optimum_hit_rate,7,0.026902336368991652,0.03297821941837756,-0.0035974296471944084,0.05740210238517771,6,estimated,0,raw_instance,two_sided_Student_t_95_df_n_minus_1,unadjusted_exploratory
all_designs_diagnostic,original_e4,max3sat,fully_quadratized,equal_layer_p2,all_scheduled,independence_minus_cold,auxiliary_inconsistency_rate,7,-0.047901020665168895,0.049563138493925095,-0.09373927857457393,-0.002062762755763864,6,estimated,0,raw_instance,two_sided_Student_t_95_df_n_minus_1,unadjusted_exploratory
all_designs_diagnostic,original_e4,max3sat,fully_quadratized,equal_layer_p2,all_scheduled,independence_minus_cold,statevector_norm,7,1.1102230246251565e-16,1.1749496091904413e-15,-9.75624848085212e-16,1.1976694530102432e-15,6,estimated,0,raw_instance,two_sided_Student_t_95_df_n_minus_1,unadjusted_exploratory
all_designs_diagnostic,original_e4,max3sat,fully_quadratized,equal_layer_p2,all_scheduled,original_only_minus_cold,original_objective_mean,7,-0.7173469866966086,1.2440503940945928,-1.8679017043683803,0.4332077309751631,6,estimated,0,raw_instance,two_sided_Student_t_95_df_n_minus_1,unadjusted_exploratory
all_designs_diagnostic,original_e4,max3sat,fully_quadratized,equal_layer_p2,all_scheduled,original_only_minus_cold,encoded_energy_mean,7,-2.9517752007418054,1.916531960818232,-4.724271636220192,-1.1792787652634187,6,estimated,0,raw_instance,two_sided_Student_t_95_df_n_minus_1,unadjusted_exploratory
all_designs_diagnostic,original_e4,max3sat,fully_quadratized,equal_layer_p2,all_scheduled,original_only_minus_cold,optimum_hit_rate,7,0.021841688194092844,0.03591246029995988,-0.011371798025965607,0.055055174414151295,6,estimated,0,raw_instance,two_sided_Student_t_95_df_n_minus_1,unadjusted_exploratory
all_designs_diagnostic,original_e4,max3sat,fully_quadratized,equal_layer_p2,all_scheduled,original_only_minus_cold,auxiliary_inconsistency_rate,7,-0.0308242703827128,0.03752493252842087,-0.06552904468754434,0.003880503922118729,6,estimated,0,raw_instance,two_sided_Student_t_95_df_n_minus_1,unadjusted_exploratory
all_designs_diagnostic,original_e4,max3sat,fully_quadratized,equal_layer_p2,all_scheduled,original_only_minus_cold,statevector_norm,7,8.881784197001252e-16,1.2429209975126394e-15,-2.6133178034466193e-16,2.0376886197449124e-15,6,estimated,0,raw_instance,two_sided_Student_t_95_df_n_minus_1,unadjusted_exploratory
all_designs_diagnostic,original_e4,max3sat,fully_quadratized,equal_layer_p2,all_scheduled,pair_minus_cold,original_objective_mean,7,-0.9557893130819304,0.9261838365213737,-1.8123664964496173,-0.09921212971424331,6,estimated,0,raw_instance,two_sided_Student_t_95_df_n_minus_1,unadjusted_exploratory
all_designs_diagnostic,original_e4,max3sat,fully_quadratized,equal_layer_p2,all_scheduled,pair_minus_cold,encoded_energy_mean,7,-6.228788298790063,4.530229477726385,-10.418551770170385,-2.0390248274097402,6,estimated,0,raw_instance,two_sided_Student_t_95_df_n_minus_1,unadjusted_exploratory
all_designs_diagnostic,original_e4,max3sat,fully_quadratized,equal_layer_p2,all_scheduled,pair_minus_cold,optimum_hit_rate,7,0.030008526754428663,0.036579411714011904,-0.003821786645250517,0.06383884015410785,6,estimated,0,raw_instance,two_sided_Student_t_95_df_n_minus_1,unadjusted_exploratory
all_designs_diagnostic,original_e4,max3sat,fully_quadratized,equal_layer_p2,all_scheduled,pair_minus_cold,auxiliary_inconsistency_rate,7,-0.09590589258107148,0.11658457143642555,-0.20372863779353095,0.011916852631388017,6,estimated,0,raw_instance,two_sided_Student_t_95_df_n_minus_1,unadjusted_exploratory
all_designs_diagnostic,original_e4,max3sat,fully_quadratized,equal_layer_p2,all_scheduled,pair_minus_cold,statevector_norm,7,3.3306690738754696e-16,1.1322097734007351e-15,-7.140524877462595e-16,1.3801863025213534e-15,6,estimated,0,raw_instance,two_sided_Student_t_95_df_n_minus_1,unadjusted_exploratory
all_designs_diagnostic,original_e4,max3sat,fully_quadratized,equal_layer_p2,all_scheduled,pair_minus_independence,original_objective_mean,7,-0.19781588838129835,0.312572950104308,-0.4868976523244959,0.09126587556189916,6,estimated,0,raw_instance,two_sided_Student_t_95_df_n_minus_1,unadjusted_exploratory
all_designs_diagnostic,original_e4,max3sat,fully_quadratized,equal_layer_p2,all_scheduled,pair_minus_independence,encoded_energy_mean,7,-2.460889903508535,4.221912357348447,-6.365507596973659,1.443727789956589,6,estimated,0,raw_instance,two_sided_Student_t_95_df_n_minus_1,unadjusted_exploratory
all_designs_diagnostic,original_e4,max3sat,fully_quadratized,equal_layer_p2,all_scheduled,pair_minus_independence,optimum_hit_rate,7,0.0031061903854370096,0.014088924349274532,-0.009923891397364111,0.016136272168238132,6,estimated,0,raw_instance,two_sided_Student_t_95_df_n_minus_1,unadjusted_exploratory
all_designs_diagnostic,original_e4,max3sat,fully_quadratized,equal_layer_p2,all_scheduled,pair_minus_independence,auxiliary_inconsistency_rate,7,-0.04800487191590257,0.10563329414439043,-0.14569937488617143,0.0496896310543663,6,estimated,0,raw_instance,two_sided_Student_t_95_df_n_minus_1,unadjusted_exploratory
all_designs_diagnostic,original_e4,max3sat,fully_quadratized,equal_layer_p2,all_scheduled,pair_minus_independence,statevector_norm,7,2.220446049250313e-16,1.0395071400095649e-15,-7.393391538590648e-16,1.1834283637091274e-15,6,estimated,0,raw_instance,two_sided_Student_t_95_df_n_minus_1,unadjusted_exploratory
all_designs_diagnostic,original_e4,max3sat,fully_quadratized,equal_layer_p2,all_scheduled,pair_minus_original_only,original_objective_mean,7,-0.23844232638532187,0.5287001972439161,-0.7274084559412691,0.2505238031706254,6,estimated,0,raw_instance,two_sided_Student_t_95_df_n_minus_1,unadjusted_exploratory
all_designs_diagnostic,original_e4,max3sat,fully_quadratized,equal_layer_p2,all_scheduled,pair_minus_original_only,encoded_energy_mean,7,-3.277013098048257,3.5706540356830283,-6.579317301664372,0.02529110556785863,6,estimated,0,raw_instance,two_sided_Student_t_95_df_n_minus_1,unadjusted_exploratory
all_designs_diagnostic,original_e4,max3sat,fully_quadratized,equal_layer_p2,all_scheduled,pair_minus_original_only,optimum_hit_rate,7,0.008166838560335819,0.020529284302856485,-0.010819582743173368,0.027153259863845005,6,estimated,0,raw_instance,two_sided_Student_t_95_df_n_minus_1,unadjusted_exploratory
all_designs_diagnostic,original_e4,max3sat,fully_quadratized,equal_layer_p2,all_scheduled,pair_minus_original_only,auxiliary_inconsistency_rate,7,-0.06508162219835865,0.08673772790839031,-0.14530064107320081,0.015137396676483506,6,estimated,0,raw_instance,two_sided_Student_t_95_df_n_minus_1,unadjusted_exploratory
all_designs_diagnostic,original_e4,max3sat,fully_quadratized,equal_layer_p2,all_scheduled,pair_minus_original_only,statevector_norm,7,-5.551115123125783e-16,1.5700924586837751e-15,-2.007204847192493e-15,8.96981822567336e-16,6,estimated,0,raw_instance,two_sided_Student_t_95_df_n_minus_1,unadjusted_exploratory
all_designs_diagnostic,original_e4,max3sat,fully_quadratized,equal_layer_p2,positive_depth_only,independence_minus_cold,original_objective_mean,7,-0.757973424700632,0.8272298529783606,-1.5230334371094298,0.007086587708165837,6,estimated,0,raw_instance,two_sided_Student_t_95_df_n_minus_1,unadjusted_exploratory
all_designs_diagnostic,original_e4,max3sat,fully_quadratized,equal_layer_p2,positive_depth_only,independence_minus_cold,encoded_energy_mean,7,-3.767898395281527,1.9625212250748638,-5.582927806275935,-1.9528689842871192,6,estimated,0,raw_instance,two_sided_Student_t_95_df_n_minus_1,unadjusted_exploratory
all_designs_diagnostic,original_e4,max3sat,fully_quadratized,equal_layer_p2,positive_depth_only,independence_minus_cold,optimum_hit_rate,7,0.026902336368991652,0.03297821941837756,-0.0035974296471944084,0.05740210238517771,6,estimated,0,raw_instance,two_sided_Student_t_95_df_n_minus_1,unadjusted_exploratory
all_designs_diagnostic,original_e4,max3sat,fully_quadratized,equal_layer_p2,positive_depth_only,independence_minus_cold,auxiliary_inconsistency_rate,7,-0.047901020665168895,0.049563138493925095,-0.09373927857457393,-0.002062762755763864,6,estimated,0,raw_instance,two_sided_Student_t_95_df_n_minus_1,unadjusted_exploratory
all_designs_diagnostic,original_e4,max3sat,fully_quadratized,equal_layer_p2,positive_depth_only,independence_minus_cold,statevector_norm,7,1.1102230246251565e-16,1.1749496091904413e-15,-9.75624848085212e-16,1.1976694530102432e-15,6,estimated,0,raw_instance,two_sided_Student_t_95_df_n_minus_1,unadjusted_exploratory
all_designs_diagnostic,original_e4,max3sat,fully_quadratized,equal_layer_p2,positive_depth_only,original_only_minus_cold,original_objective_mean,7,-0.7173469866966086,1.2440503940945928,-1.8679017043683803,0.4332077309751631,6,estimated,0,raw_instance,two_sided_Student_t_95_df_n_minus_1,unadjusted_exploratory
all_designs_diagnostic,original_e4,max3sat,fully_quadratized,equal_layer_p2,positive_depth_only,original_only_minus_cold,encoded_energy_mean,7,-2.9517752007418054,1.916531960818232,-4.724271636220192,-1.1792787652634187,6,estimated,0,raw_instance,two_sided_Student_t_95_df_n_minus_1,unadjusted_exploratory
all_designs_diagnostic,original_e4,max3sat,fully_quadratized,equal_layer_p2,positive_depth_only,original_only_minus_cold,optimum_hit_rate,7,0.021841688194092844,0.03591246029995988,-0.011371798025965607,0.055055174414151295,6,estimated,0,raw_instance,two_sided_Student_t_95_df_n_minus_1,unadjusted_exploratory
all_designs_diagnostic,original_e4,max3sat,fully_quadratized,equal_layer_p2,positive_depth_only,original_only_minus_cold,auxiliary_inconsistency_rate,7,-0.0308242703827128,0.03752493252842087,-0.06552904468754434,0.003880503922118729,6,estimated,0,raw_instance,two_sided_Student_t_95_df_n_minus_1,unadjusted_exploratory
all_designs_diagnostic,original_e4,max3sat,fully_quadratized,equal_layer_p2,positive_depth_only,original_only_minus_cold,statevector_norm,7,8.881784197001252e-16,1.2429209975126394e-15,-2.6133178034466193e-16,2.0376886197449124e-15,6,estimated,0,raw_instance,two_sided_Student_t_95_df_n_minus_1,unadjusted_exploratory
all_designs_diagnostic,original_e4,max3sat,fully_quadratized,equal_layer_p2,positive_depth_only,pair_minus_cold,original_objective_mean,7,-0.9557893130819304,0.9261838365213737,-1.8123664964496173,-0.09921212971424331,6,estimated,0,raw_instance,two_sided_Student_t_95_df_n_minus_1,unadjusted_exploratory
all_designs_diagnostic,original_e4,max3sat,fully_quadratized,equal_layer_p2,positive_depth_only,pair_minus_cold,encoded_energy_mean,7,-6.228788298790063,4.530229477726385,-10.418551770170385,-2.0390248274097402,6,estimated,0,raw_instance,two_sided_Student_t_95_df_n_minus_1,unadjusted_exploratory
all_designs_diagnostic,original_e4,max3sat,fully_quadratized,equal_layer_p2,positive_depth_only,pair_minus_cold,optimum_hit_rate,7,0.030008526754428663,0.036579411714011904,-0.003821786645250517,0.06383884015410785,6,estimated,0,raw_instance,two_sided_Student_t_95_df_n_minus_1,unadjusted_exploratory
all_designs_diagnostic,original_e4,max3sat,fully_quadratized,equal_layer_p2,positive_depth_only,pair_minus_cold,auxiliary_inconsistency_rate,7,-0.09590589258107148,0.11658457143642555,-0.20372863779353095,0.011916852631388017,6,estimated,0,raw_instance,two_sided_Student_t_95_df_n_minus_1,unadjusted_exploratory
all_designs_diagnostic,original_e4,max3sat,fully_quadratized,equal_layer_p2,positive_depth_only,pair_minus_cold,statevector_norm,7,3.3306690738754696e-16,1.1322097734007351e-15,-7.140524877462595e-16,1.3801863025213534e-15,6,estimated,0,raw_instance,two_sided_Student_t_95_df_n_minus_1,unadjusted_exploratory
all_designs_diagnostic,original_e4,max3sat,fully_quadratized,equal_layer_p2,positive_depth_only,pair_minus_independence,original_objective_mean,7,-0.19781588838129835,0.312572950104308,-0.4868976523244959,0.09126587556189916,6,estimated,0,raw_instance,two_sided_Student_t_95_df_n_minus_1,unadjusted_exploratory
all_designs_diagnostic,original_e4,max3sat,fully_quadratized,equal_layer_p2,positive_depth_only,pair_minus_independence,encoded_energy_mean,7,-2.460889903508535,4.221912357348447,-6.365507596973659,1.443727789956589,6,estimated,0,raw_instance,two_sided_Student_t_95_df_n_minus_1,unadjusted_exploratory
all_designs_diagnostic,original_e4,max3sat,fully_quadratized,equal_layer_p2,positive_depth_only,pair_minus_independence,optimum_hit_rate,7,0.0031061903854370096,0.014088924349274532,-0.009923891397364111,0.016136272168238132,6,estimated,0,raw_instance,two_sided_Student_t_95_df_n_minus_1,unadjusted_exploratory
all_designs_diagnostic,original_e4,max3sat,fully_quadratized,equal_layer_p2,positive_depth_only,pair_minus_independence,auxiliary_inconsistency_rate,7,-0.04800487191590257,0.10563329414439043,-0.14569937488617143,0.0496896310543663,6,estimated,0,raw_instance,two_sided_Student_t_95_df_n_minus_1,unadjusted_exploratory
all_designs_diagnostic,original_e4,max3sat,fully_quadratized,equal_layer_p2,positive_depth_only,pair_minus_independence,statevector_norm,7,2.220446049250313e-16,1.0395071400095649e-15,-7.393391538590648e-16,1.1834283637091274e-15,6,estimated,0,raw_instance,two_sided_Student_t_95_df_n_minus_1,unadjusted_exploratory
all_designs_diagnostic,original_e4,max3sat,fully_quadratized,equal_layer_p2,positive_depth_only,pair_minus_original_only,original_objective_mean,7,-0.23844232638532187,0.5287001972439161,-0.7274084559412691,0.2505238031706254,6,estimated,0,raw_instance,two_sided_Student_t_95_df_n_minus_1,unadjusted_exploratory
all_designs_diagnostic,original_e4,max3sat,fully_quadratized,equal_layer_p2,positive_depth_only,pair_minus_original_only,encoded_energy_mean,7,-3.277013098048257,3.5706540356830283,-6.579317301664372,0.02529110556785863,6,estimated,0,raw_instance,two_sided_Student_t_95_df_n_minus_1,unadjusted_exploratory
all_designs_diagnostic,original_e4,max3sat,fully_quadratized,equal_layer_p2,positive_depth_only,pair_minus_original_only,optimum_hit_rate,7,0.008166838560335819,0.020529284302856485,-0.010819582743173368,0.027153259863845005,6,estimated,0,raw_instance,two_sided_Student_t_95_df_n_minus_1,unadjusted_exploratory
all_designs_diagnostic,original_e4,max3sat,fully_quadratized,equal_layer_p2,positive_depth_only,pair_minus_original_only,auxiliary_inconsistency_rate,7,-0.06508162219835865,0.08673772790839031,-0.14530064107320081,0.015137396676483506,6,estimated,0,raw_instance,two_sided_Student_t_95_df_n_minus_1,unadjusted_exploratory
all_designs_diagnostic,original_e4,max3sat,fully_quadratized,equal_layer_p2,positive_depth_only,pair_minus_original_only,statevector_norm,7,-5.551115123125783e-16,1.5700924586837751e-15,-2.007204847192493e-15,8.96981822567336e-16,6,estimated,0,raw_instance,two_sided_Student_t_95_df_n_minus_1,unadjusted_exploratory
all_designs_diagnostic,original_e4,max3sat,matched_random_selective,equal_2q_budget_128,all_scheduled,independence_minus_cold,original_objective_mean,7,-0.6893217538993364,1.3986755306544125,-1.9828808717015545,0.6042373639028817,6,estimated,4,raw_instance,two_sided_Student_t_95_df_n_minus_1,unadjusted_exploratory
all_designs_diagnostic,original_e4,max3sat,matched_random_selective,equal_2q_budget_128,all_scheduled,independence_minus_cold,encoded_energy_mean,7,-4.425622522912375,4.3988066372296695,-8.49384013902743,-0.3574049067973215,6,estimated,4,raw_instance,two_sided_Student_t_95_df_n_minus_1,unadjusted_exploratory
all_designs_diagnostic,original_e4,max3sat,matched_random_selective,equal_2q_budget_128,all_scheduled,independence_minus_cold,optimum_hit_rate,7,0.009537729969105591,0.04215300049418024,-0.02944729331678543,0.04852275325499661,6,estimated,4,raw_instance,two_sided_Student_t_95_df_n_minus_1,unadjusted_exploratory
all_designs_diagnostic,original_e4,max3sat,matched_random_selective,equal_2q_budget_128,all_scheduled,independence_minus_cold,auxiliary_inconsistency_rate,7,-0.11162179332593739,0.06970643654877193,-0.17608949479847064,-0.047154091853404134,6,estimated,4,raw_instance,two_sided_Student_t_95_df_n_minus_1,unadjusted_exploratory
all_designs_diagnostic,original_e4,max3sat,matched_random_selective,equal_2q_budget_128,all_scheduled,independence_minus_cold,statevector_norm,7,1.427429603089487e-16,3.8838919928389735e-16,-2.1645713934141338e-16,5.019430599593108e-16,6,estimated,4,raw_instance,two_sided_Student_t_95_df_n_minus_1,unadjusted_exploratory
all_designs_diagnostic,original_e4,max3sat,matched_random_selective,equal_2q_budget_128,all_scheduled,original_only_minus_cold,original_objective_mean,7,-0.6368088146899232,1.42703724756539,-1.9565981457922588,0.6829805164124124,6,estimated,4,raw_instance,two_sided_Student_t_95_df_n_minus_1,unadjusted_exploratory
all_designs_diagnostic,original_e4,max3sat,matched_random_selective,equal_2q_budget_128,all_scheduled,original_only_minus_cold,encoded_energy_mean,7,-0.5093281321054715,1.6374886475426538,-2.02375254570436,1.0050962814934168,6,estimated,4,raw_instance,two_sided_Student_t_95_df_n_minus_1,unadjusted_exploratory
all_designs_diagnostic,original_e4,max3sat,matched_random_selective,equal_2q_budget_128,all_scheduled,original_only_minus_cold,optimum_hit_rate,7,0.013569535209160013,0.03951407962159648,-0.022974893327574176,0.050113963745894205,6,estimated,4,raw_instance,two_sided_Student_t_95_df_n_minus_1,unadjusted_exploratory
all_designs_diagnostic,original_e4,max3sat,matched_random_selective,equal_2q_budget_128,all_scheduled,original_only_minus_cold,auxiliary_inconsistency_rate,7,0.001934162266665762,0.01723981233587076,-0.014010004873965285,0.01787832940729681,6,estimated,4,raw_instance,two_sided_Student_t_95_df_n_minus_1,unadjusted_exploratory
all_designs_diagnostic,original_e4,max3sat,matched_random_selective,equal_2q_budget_128,all_scheduled,original_only_minus_cold,statevector_norm,7,3.806478941571965e-16,2.4706842805607947e-16,1.5214770892590877e-16,6.091480793884843e-16,6,estimated,4,raw_instance,two_sided_Student_t_95_df_n_minus_1,unadjusted_exploratory
all_designs_diagnostic,original_e4,max3sat,matched_random_selective,equal_2q_budget_128,all_scheduled,pair_minus_cold,original_objective_mean,7,-0.6298044542037989,1.4343155464276487,-1.9563250890638826,0.6967161806562846,6,estimated,4,raw_instance,two_sided_Student_t_95_df_n_minus_1,unadjusted_exploratory
all_designs_diagnostic,original_e4,max3sat,matched_random_selective,equal_2q_budget_128,all_scheduled,pair_minus_cold,encoded_energy_mean,7,-2.7646796877486586,3.2882056787993124,-5.805762729381453,0.27640335388413506,6,estimated,4,raw_instance,two_sided_Student_t_95_df_n_minus_1,unadjusted_exploratory
all_designs_diagnostic,original_e4,max3sat,matched_random_selective,equal_2q_budget_128,all_scheduled,pair_minus_cold,optimum_hit_rate,7,0.009498132213150776,0.04294022539064458,-0.0302149526712054,0.04921121709750695,6,estimated,4,raw_instance,two_sided_Student_t_95_df_n_minus_1,unadjusted_exploratory
all_designs_diagnostic,original_e4,max3sat,matched_random_selective,equal_2q_budget_128,all_scheduled,pair_minus_cold,auxiliary_inconsistency_rate,7,-0.0819823373877999,0.09397304659153019,-0.1688929099844701,0.004928235208870285,6,estimated,4,raw_instance,two_sided_Student_t_95_df_n_minus_1,unadjusted_exploratory
all_designs_diagnostic,original_e4,max3sat,matched_random_selective,equal_2q_budget_128,all_scheduled,pair_minus_cold,statevector_norm,7,1.7446361815538174e-16,4.875600288243742e-16,-2.7645420155266396e-16,6.253814378634274e-16,6,estimated,4,raw_instance,two_sided_Student_t_95_df_n_minus_1,unadjusted_exploratory
all_designs_diagnostic,original_e4,max3sat,matched_random_selective,equal_2q_budget_128,all_scheduled,pair_minus_independence,original_objective_mean,7,0.05951729969553744,0.16444649370064518,-0.09257034082931433,0.21160494022038923,6,estimated,4,raw_instance,two_sided_Student_t_95_df_n_minus_1,unadjusted_exploratory
all_designs_diagnostic,original_e4,max3sat,matched_random_selective,equal_2q_budget_128,all_scheduled,pair_minus_independence,encoded_energy_mean,7,1.6609428351637165,2.655640331150729,-0.7951148341629588,4.117000504490392,6,estimated,4,raw_instance,two_sided_Student_t_95_df_n_minus_1,unadjusted_exploratory
all_designs_diagnostic,original_e4,max3sat,matched_random_selective,equal_2q_budget_128,all_scheduled,pair_minus_independence,optimum_hit_rate,7,-3.959775595481558e-05,0.006053933119905953,-0.00563855206250163,0.005559356550591999,6,estimated,4,raw_instance,two_sided_Student_t_95_df_n_minus_1,unadjusted_exploratory
all_designs_diagnostic,original_e4,max3sat,matched_random_selective,equal_2q_budget_128,all_scheduled,pair_minus_independence,auxiliary_inconsistency_rate,7,0.029639455938137476,0.04833551472358646,-0.015063439346735697,0.07434235122301065,6,estimated,4,raw_instance,two_sided_Student_t_95_df_n_minus_1,unadjusted_exploratory
all_designs_diagnostic,original_e4,max3sat,matched_random_selective,equal_2q_budget_128,all_scheduled,pair_minus_independence,statevector_norm,7,3.172065784643304e-17,3.1865712536215737e-16,-2.6298802971600827e-16,3.2642934540887433e-16,6,estimated,4,raw_instance,two_sided_Student_t_95_df_n_minus_1,unadjusted_exploratory
all_designs_diagnostic,original_e4,max3sat,matched_random_selective,equal_2q_budget_128,all_scheduled,pair_minus_original_only,original_objective_mean,7,0.007004360486124358,0.05497376482421411,-0.04383789218058613,0.05784661315283485,6,estimated,4,raw_instance,two_sided_Student_t_95_df_n_minus_1,unadjusted_exploratory
all_designs_diagnostic,original_e4,max3sat,matched_random_selective,equal_2q_budget_128,all_scheduled,pair_minus_original_only,encoded_energy_mean,7,-2.2553515556431876,2.144272682649269,-4.238473029425892,-0.2722300818604835,6,estimated,4,raw_instance,two_sided_Student_t_95_df_n_minus_1,unadjusted_exploratory
all_designs_diagnostic,original_e4,max3sat,matched_random_selective,equal_2q_budget_128,all_scheduled,pair_minus_original_only,optimum_hit_rate,7,-0.004071402996009237,0.008846582611739989,-0.012253127311621306,0.004110321319602832,6,estimated,4,raw_instance,two_sided_Student_t_95_df_n_minus_1,unadjusted_exploratory
all_designs_diagnostic,original_e4,max3sat,matched_random_selective,equal_2q_budget_128,all_scheduled,pair_minus_original_only,auxiliary_inconsistency_rate,7,-0.08391649965446567,0.08546545213563288,-0.16295885969018506,-0.004874139618746276,6,estimated,4,raw_instance,two_sided_Student_t_95_df_n_minus_1,unadjusted_exploratory
all_designs_diagnostic,original_e4,max3sat,matched_random_selective,equal_2q_budget_128,all_scheduled,pair_minus_original_only,statevector_norm,7,-2.061842760018148e-16,4.98276914091386e-16,-6.670135614842687e-16,2.546450094806391e-16,6,estimated,4,raw_instance,two_sided_Student_t_95_df_n_minus_1,unadjusted_exploratory
all_designs_diagnostic,original_e4,max3sat,matched_random_selective,equal_2q_budget_128,positive_depth_only,independence_minus_cold,original_objective_mean,4,-0.4371873911788511,0.8559367309228109,-1.7991737346198085,0.9247989522621063,3,estimated,0,raw_instance,two_sided_Student_t_95_df_n_minus_1,unadjusted_exploratory
all_designs_diagnostic,original_e4,max3sat,matched_random_selective,equal_2q_budget_128,positive_depth_only,independence_minus_cold,encoded_energy_mean,4,-1.415608332347587,1.371062580905371,-3.597274854805108,0.7660581901099341,3,estimated,0,raw_instance,two_sided_Student_t_95_df_n_minus_1,unadjusted_exploratory
all_designs_diagnostic,original_e4,max3sat,matched_random_selective,equal_2q_budget_128,positive_depth_only,independence_minus_cold,optimum_hit_rate,4,-0.0029290563291290116,0.025364733554100568,-0.04329000762100553,0.037431894962747514,3,estimated,0,raw_instance,two_sided_Student_t_95_df_n_minus_1,unadjusted_exploratory
all_designs_diagnostic,original_e4,max3sat,matched_random_selective,equal_2q_budget_128,positive_depth_only,independence_minus_cold,auxiliary_inconsistency_rate,4,-0.05412227410245303,0.02384754005517697,-0.09206903197180462,-0.016175516233101442,3,estimated,0,raw_instance,two_sided_Student_t_95_df_n_minus_1,unadjusted_exploratory
all_designs_diagnostic,original_e4,max3sat,matched_random_selective,equal_2q_budget_128,positive_depth_only,independence_minus_cold,statevector_norm,4,1.3877787807814457e-16,6.369687917139879e-16,-8.747816108074596e-16,1.1523373669637487e-15,3,estimated,0,raw_instance,two_sided_Student_t_95_df_n_minus_1,unadjusted_exploratory
all_designs_diagnostic,original_e4,max3sat,matched_random_selective,equal_2q_budget_128,positive_depth_only,original_only_minus_cold,original_objective_mean,4,-0.28133477813968244,0.7690289893813993,-1.5050315110961314,0.9423619548167665,3,estimated,0,raw_instance,two_sided_Student_t_95_df_n_minus_1,unadjusted_exploratory
all_designs_diagnostic,original_e4,max3sat,matched_random_selective,equal_2q_budget_128,positive_depth_only,original_only_minus_cold,encoded_energy_mean,4,-0.24877060780272453,1.1115240438063878,-2.0174534010255467,1.5199121854200979,3,estimated,0,raw_instance,two_sided_Student_t_95_df_n_minus_1,unadjusted_exploratory
all_designs_diagnostic,original_e4,max3sat,matched_random_selective,equal_2q_budget_128,positive_depth_only,original_only_minus_cold,optimum_hit_rate,4,0.0077632126990252615,0.028157093028823948,-0.03704100563952995,0.05256743103758047,3,estimated,0,raw_instance,two_sided_Student_t_95_df_n_minus_1,unadjusted_exploratory
all_designs_diagnostic,original_e4,max3sat,matched_random_selective,equal_2q_budget_128,positive_depth_only,original_only_minus_cold,auxiliary_inconsistency_rate,4,0.0010806953169685274,0.025378428114155364,-0.03930204707593243,0.04146343770986948,3,estimated,0,raw_instance,two_sided_Student_t_95_df_n_minus_1,unadjusted_exploratory
all_designs_diagnostic,original_e4,max3sat,matched_random_selective,equal_2q_budget_128,positive_depth_only,original_only_minus_cold,statevector_norm,4,4.440892098500626e-16,3.1401849173675503e-16,-5.558428455913663e-17,9.437627042592619e-16,3,estimated,0,raw_instance,two_sided_Student_t_95_df_n_minus_1,unadjusted_exploratory
all_designs_diagnostic,original_e4,max3sat,matched_random_selective,equal_2q_budget_128,positive_depth_only,pair_minus_cold,original_objective_mean,4,-0.2931893748430332,0.839222392294961,-1.6285794756782597,1.0422007259921933,3,estimated,0,raw_instance,two_sided_Student_t_95_df_n_minus_1,unadjusted_exploratory
all_designs_diagnostic,original_e4,max3sat,matched_random_selective,equal_2q_budget_128,positive_depth_only,pair_minus_cold,encoded_energy_mean,4,-2.0165251758729457,3.7724501014403344,-8.019335119470917,3.986284767725025,3,estimated,0,raw_instance,two_sided_Student_t_95_df_n_minus_1,unadjusted_exploratory
all_designs_diagnostic,original_e4,max3sat,matched_random_selective,equal_2q_budget_128,positive_depth_only,pair_minus_cold,optimum_hit_rate,4,-0.006147424039641478,0.023097413520663013,-0.042900563199863455,0.030605715120580503,3,estimated,0,raw_instance,two_sided_Student_t_95_df_n_minus_1,unadjusted_exploratory
all_designs_diagnostic,original_e4,max3sat,matched_random_selective,equal_2q_budget_128,positive_depth_only,pair_minus_cold,auxiliary_inconsistency_rate,4,-0.09038156089344287,0.10953209662000682,-0.26467156899260225,0.08390844720571652,3,estimated,0,raw_instance,two_sided_Student_t_95_df_n_minus_1,unadjusted_exploratory
all_designs_diagnostic,original_e4,max3sat,matched_random_selective,equal_2q_budget_128,positive_depth_only,pair_minus_cold,statevector_norm,4,3.885780586188048e-16,2.7940000073818173e-16,-5.600969140394103e-17,8.331658086415506e-16,3,estimated,0,raw_instance,two_sided_Student_t_95_df_n_minus_1,unadjusted_exploratory
all_designs_diagnostic,original_e4,max3sat,matched_random_selective,equal_2q_budget_128,positive_depth_only,pair_minus_independence,original_objective_mean,4,0.14399801633581788,0.2177223013841213,-0.20244675047306349,0.49044278314469925,3,estimated,0,raw_instance,two_sided_Student_t_95_df_n_minus_1,unadjusted_exploratory
all_designs_diagnostic,original_e4,max3sat,matched_random_selective,equal_2q_budget_128,positive_depth_only,pair_minus_independence,encoded_energy_mean,4,-0.6009168435253587,2.432770295405886,-4.4719972626345665,3.2701635755838496,3,estimated,0,raw_instance,two_sided_Student_t_95_df_n_minus_1,unadjusted_exploratory
all_designs_diagnostic,original_e4,max3sat,matched_random_selective,equal_2q_budget_128,positive_depth_only,pair_minus_independence,optimum_hit_rate,4,-0.0032183677105124663,0.011782468651996302,-0.021966904624845837,0.015530169203820903,3,estimated,0,raw_instance,two_sided_Student_t_95_df_n_minus_1,unadjusted_exploratory
all_designs_diagnostic,original_e4,max3sat,matched_random_selective,equal_2q_budget_128,positive_depth_only,pair_minus_independence,auxiliary_inconsistency_rate,4,-0.036259286790989845,0.1081768138212055,-0.20839273752231935,0.13587416394033963,3,estimated,0,raw_instance,two_sided_Student_t_95_df_n_minus_1,unadjusted_exploratory
all_designs_diagnostic,original_e4,max3sat,matched_random_selective,equal_2q_budget_128,positive_depth_only,pair_minus_independence,statevector_norm,4,2.498001805406602e-16,3.668218988117461e-16,-3.338953177446375e-16,8.33495678825958e-16,3,estimated,0,raw_instance,two_sided_Student_t_95_df_n_minus_1,unadjusted_exploratory
all_designs_diagnostic,original_e4,max3sat,matched_random_selective,equal_2q_budget_128,positive_depth_only,pair_minus_original_only,original_objective_mean,4,-0.011854596703350762,0.10306564080768137,-0.1758550305984024,0.15214583719170088,3,estimated,0,raw_instance,two_sided_Student_t_95_df_n_minus_1,unadjusted_exploratory
all_designs_diagnostic,original_e4,max3sat,matched_random_selective,equal_2q_budget_128,positive_depth_only,pair_minus_original_only,encoded_energy_mean,4,-1.7677545680702211,2.7388217988589245,-6.125831225374752,2.59032208923431,3,estimated,0,raw_instance,two_sided_Student_t_95_df_n_minus_1,unadjusted_exploratory
all_designs_diagnostic,original_e4,max3sat,matched_random_selective,equal_2q_budget_128,positive_depth_only,pair_minus_original_only,optimum_hit_rate,4,-0.01391063673866674,0.01748022218278701,-0.04172557098924116,0.013904297511907679,3,estimated,0,raw_instance,two_sided_Student_t_95_df_n_minus_1,unadjusted_exploratory
all_designs_diagnostic,original_e4,max3sat,matched_random_selective,equal_2q_budget_128,positive_depth_only,pair_minus_original_only,auxiliary_inconsistency_rate,4,-0.0914622562104114,0.09008922579819595,-0.2348143181040806,0.051889805683257795,3,estimated,0,raw_instance,two_sided_Student_t_95_df_n_minus_1,unadjusted_exploratory
all_designs_diagnostic,original_e4,max3sat,matched_random_selective,equal_2q_budget_128,positive_depth_only,pair_minus_original_only,statevector_norm,4,-5.551115123125783e-17,1.1102230246251565e-16,-2.3217240936921947e-16,1.211501069067038e-16,3,estimated,0,raw_instance,two_sided_Student_t_95_df_n_minus_1,unadjusted_exploratory
all_designs_diagnostic,original_e4,max3sat,matched_random_selective,equal_2q_budget_128,zero_depth_only,independence_minus_cold,original_objective_mean,4,-1.1578703703703672,1.7674179724778145,-3.9702267685723887,1.6544860278316542,3,estimated,4,raw_instance,two_sided_Student_t_95_df_n_minus_1,unadjusted_exploratory
all_designs_diagnostic,original_e4,max3sat,matched_random_selective,equal_2q_budget_128,zero_depth_only,independence_minus_cold,encoded_energy_mean,4,-7.298622685185187,3.793333560546014,-13.334662872419365,-1.2625824979510094,3,estimated,4,raw_instance,two_sided_Student_t_95_df_n_minus_1,unadjusted_exploratory
all_designs_diagnostic,original_e4,max3sat,matched_random_selective,equal_2q_budget_128,zero_depth_only,independence_minus_cold,optimum_hit_rate,4,0.025285091949588473,0.05010253029573302,-0.05443921426292182,0.10500939816209877,3,estimated,4,raw_instance,two_sided_Student_t_95_df_n_minus_1,unadjusted_exploratory
all_designs_diagnostic,original_e4,max3sat,matched_random_selective,equal_2q_budget_128,zero_depth_only,independence_minus_cold,auxiliary_inconsistency_rate,4,-0.16374845655515044,0.09093943208817935,-0.30845338638196296,-0.019043526728337923,3,estimated,4,raw_instance,two_sided_Student_t_95_df_n_minus_1,unadjusted_exploratory
all_designs_diagnostic,original_e4,max3sat,matched_random_selective,equal_2q_budget_128,zero_depth_only,independence_minus_cold,statevector_norm,4,-2.7755575615628914e-17,3.668218988117461e-16,-6.114510739009267e-16,5.559399226696688e-16,3,estimated,4,raw_instance,two_sided_Student_t_95_df_n_minus_1,unadjusted_exploratory
all_designs_diagnostic,original_e4,max3sat,matched_random_selective,equal_2q_budget_128,zero_depth_only,original_only_minus_cold,original_objective_mean,4,-1.1578703703703643,1.7674179724778103,-3.9702267685723793,1.6544860278316504,3,estimated,4,raw_instance,two_sided_Student_t_95_df_n_minus_1,unadjusted_exploratory
all_designs_diagnostic,original_e4,max3sat,matched_random_selective,equal_2q_budget_128,zero_depth_only,original_only_minus_cold,encoded_energy_mean,4,-0.9787905092592508,2.0908917487940633,-4.30586586960818,2.348284851089678,3,estimated,4,raw_instance,two_sided_Student_t_95_df_n_minus_1,unadjusted_exploratory
all_designs_diagnostic,original_e4,max3sat,matched_random_selective,equal_2q_budget_128,zero_depth_only,original_only_minus_cold,optimum_hit_rate,4,0.02528509194958846,0.05010253029573301,-0.05443921426292181,0.10500939816209873,3,estimated,4,raw_instance,two_sided_Student_t_95_df_n_minus_1,unadjusted_exploratory
all_designs_diagnostic,original_e4,max3sat,matched_random_selective,equal_2q_budget_128,zero_depth_only,original_only_minus_cold,auxiliary_inconsistency_rate,4,1.3600232051658168e-15,1.425747122962524e-15,-9.086586267046636e-16,3.6287050370362976e-15,3,estimated,4,raw_instance,two_sided_Student_t_95_df_n_minus_1,unadjusted_exploratory
all_designs_diagnostic,original_e4,max3sat,matched_random_selective,equal_2q_budget_128,zero_depth_only,original_only_minus_cold,statevector_norm,4,2.220446049250313e-16,1.8129866073473578e-16,-6.644202157904087e-17,5.105312314291035e-16,3,estimated,4,raw_instance,two_sided_Student_t_95_df_n_minus_1,unadjusted_exploratory
all_designs_diagnostic,original_e4,max3sat,matched_random_selective,equal_2q_budget_128,zero_depth_only,pair_minus_cold,original_objective_mean,4,-1.157870370370369,1.767417972477818,-3.970226768572396,1.6544860278316582,3,estimated,4,raw_instance,two_sided_Student_t_95_df_n_minus_1,unadjusted_exploratory
all_designs_diagnostic,original_e4,max3sat,matched_random_selective,equal_2q_budget_128,zero_depth_only,pair_minus_cold,encoded_energy_mean,4,-4.5934432870370365,3.0083666078330222,-9.380425885055578,0.1935393109815049,3,estimated,4,raw_instance,two_sided_Student_t_95_df_n_minus_1,unadjusted_exploratory
all_designs_diagnostic,original_e4,max3sat,matched_random_selective,equal_2q_budget_128,zero_depth_only,pair_minus_cold,optimum_hit_rate,4,0.025285091949588487,0.05010253029573303,-0.05443921426292182,0.1050093981620988,3,estimated,4,raw_instance,two_sided_Student_t_95_df_n_minus_1,unadjusted_exploratory
all_designs_diagnostic,original_e4,max3sat,matched_random_selective,equal_2q_budget_128,zero_depth_only,pair_minus_cold,auxiliary_inconsistency_rate,4,-0.10995296172781929,0.1077540917028549,-0.2814137672372955,0.06150784378165691,3,estimated,4,raw_instance,two_sided_Student_t_95_df_n_minus_1,unadjusted_exploratory
all_designs_diagnostic,original_e4,max3sat,matched_random_selective,equal_2q_budget_128,zero_depth_only,pair_minus_cold,statevector_norm,4,-2.7755575615628914e-17,5.900916318210353e-16,-9.667230423494728e-16,9.11211891118215e-16,3,estimated,4,raw_instance,two_sided_Student_t_95_df_n_minus_1,unadjusted_exploratory
all_designs_diagnostic,original_e4,max3sat,matched_random_selective,equal_2q_budget_128,zero_depth_only,pair_minus_independence,original_objective_mean,4,-1.7763568394002505e-15,5.617333549722722e-15,-1.0714788039830897e-14,7.162074361030396e-15,3,estimated,4,raw_instance,two_sided_Student_t_95_df_n_minus_1,unadjusted_exploratory
all_designs_diagnostic,original_e4,max3sat,matched_random_selective,equal_2q_budget_128,zero_depth_only,pair_minus_independence,encoded_energy_mean,4,2.7051793981481493,3.193263340448272,-2.3760151616556078,7.7863739579519065,3,estimated,4,raw_instance,two_sided_Student_t_95_df_n_minus_1,unadjusted_exploratory
all_designs_diagnostic,original_e4,max3sat,matched_random_selective,equal_2q_budget_128,zero_depth_only,pair_minus_independence,optimum_hit_rate,4,1.452830911130576e-17,1.5375806445106496e-17,-9.938030094687537e-18,3.899464831729905e-17,3,estimated,4,raw_instance,two_sided_Student_t_95_df_n_minus_1,unadjusted_exploratory
all_designs_diagnostic,original_e4,max3sat,matched_random_selective,equal_2q_budget_128,zero_depth_only,pair_minus_independence,auxiliary_inconsistency_rate,4,0.05379549482733115,0.0427084357935092,-0.01416315702041876,0.12175414667508105,3,estimated,4,raw_instance,two_sided_Student_t_95_df_n_minus_1,unadjusted_exploratory
all_designs_diagnostic,original_e4,max3sat,matched_random_selective,equal_2q_budget_128,zero_depth_only,pair_minus_independence,statevector_norm,4,0.0,4.347389161430119e-16,-6.91766628721186e-16,6.91766628721186e-16,3,estimated,4,raw_instance,two_sided_Student_t_95_df_n_minus_1,unadjusted_exploratory
all_designs_diagnostic,original_e4,max3sat,matched_random_selective,equal_2q_budget_128,zero_depth_only,pair_minus_original_only,original_objective_mean,4,-4.6629367034256575e-15,7.653294859905773e-15,-1.684103667850262e-14,7.515163271651303e-15,3,estimated,4,raw_instance,two_sided_Student_t_95_df_n_minus_1,unadjusted_exploratory
all_designs_diagnostic,original_e4,max3sat,matched_random_selective,equal_2q_budget_128,zero_depth_only,pair_minus_original_only,encoded_energy_mean,4,-3.614652777777786,1.7305106613135233,-6.368281407953431,-0.8610241476021421,3,estimated,4,raw_instance,two_sided_Student_t_95_df_n_minus_1,unadjusted_exploratory
all_designs_diagnostic,original_e4,max3sat,matched_random_selective,equal_2q_budget_128,zero_depth_only,pair_minus_original_only,optimum_hit_rate,4,2.7538735181131813e-17,3.230170478946714e-17,-2.3860485349670565e-17,7.893795571193419e-17,3,estimated,4,raw_instance,two_sided_Student_t_95_df_n_minus_1,unadjusted_exploratory
all_designs_diagnostic,original_e4,max3sat,matched_random_selective,equal_2q_budget_128,zero_depth_only,pair_minus_original_only,auxiliary_inconsistency_rate,4,-0.10995296172782065,0.10775409170285498,-0.28141376723729694,0.06150784378165566,3,estimated,4,raw_instance,two_sided_Student_t_95_df_n_minus_1,unadjusted_exploratory
all_designs_diagnostic,original_e4,max3sat,matched_random_selective,equal_2q_budget_128,zero_depth_only,pair_minus_original_only,statevector_norm,4,-2.498001805406602e-16,7.604554981290319e-16,-1.4598545757173698e-15,9.602542146360494e-16,3,estimated,4,raw_instance,two_sided_Student_t_95_df_n_minus_1,unadjusted_exploratory
all_designs_diagnostic,original_e4,max3sat,matched_random_selective,equal_2q_budget_256,all_scheduled,independence_minus_cold,original_objective_mean,7,-0.8074220198701129,1.355450548463471,-2.0610046966719153,0.4461606569316895,6,estimated,0,raw_instance,two_sided_Student_t_95_df_n_minus_1,unadjusted_exploratory
all_designs_diagnostic,original_e4,max3sat,matched_random_selective,equal_2q_budget_256,all_scheduled,independence_minus_cold,encoded_energy_mean,7,-2.8771857048520966,5.010844156838587,-7.51144361878858,1.757072209084387,6,estimated,0,raw_instance,two_sided_Student_t_95_df_n_minus_1,unadjusted_exploratory
all_designs_diagnostic,original_e4,max3sat,matched_random_selective,equal_2q_budget_256,all_scheduled,independence_minus_cold,optimum_hit_rate,7,0.025543459451899453,0.04393554387917942,-0.015090141504800515,0.06617706040859941,6,estimated,0,raw_instance,two_sided_Student_t_95_df_n_minus_1,unadjusted_exploratory
all_designs_diagnostic,original_e4,max3sat,matched_random_selective,equal_2q_budget_256,all_scheduled,independence_minus_cold,auxiliary_inconsistency_rate,7,-0.04786082415518826,0.08120308197460703,-0.1229611492697252,0.027239500959348684,6,estimated,0,raw_instance,two_sided_Student_t_95_df_n_minus_1,unadjusted_exploratory
all_designs_diagnostic,original_e4,max3sat,matched_random_selective,equal_2q_budget_256,all_scheduled,independence_minus_cold,statevector_norm,7,0.0,3.6821932062951477e-16,-3.4054607313276555e-16,3.4054607313276555e-16,6,estimated,0,raw_instance,two_sided_Student_t_95_df_n_minus_1,unadjusted_exploratory
all_designs_diagnostic,original_e4,max3sat,matched_random_selective,equal_2q_budget_256,all_scheduled,original_only_minus_cold,original_objective_mean,7,-0.6618668871118955,1.3890110965488114,-1.9464878941216481,0.6227541198978573,6,estimated,0,raw_instance,two_sided_Student_t_95_df_n_minus_1,unadjusted_exploratory
all_designs_diagnostic,original_e4,max3sat,matched_random_selective,equal_2q_budget_256,all_scheduled,original_only_minus_cold,encoded_energy_mean,7,-0.8114248397664182,3.0968796990230745,-3.6755608624603737,2.052711182927537,6,estimated,0,raw_instance,two_sided_Student_t_95_df_n_minus_1,unadjusted_exploratory
all_designs_diagnostic,original_e4,max3sat,matched_random_selective,equal_2q_budget_256,all_scheduled,original_only_minus_cold,optimum_hit_rate,7,0.01403849398797119,0.04939938241370164,-0.03164831480687795,0.05972530278282033,6,estimated,0,raw_instance,two_sided_Student_t_95_df_n_minus_1,unadjusted_exploratory
all_designs_diagnostic,original_e4,max3sat,matched_random_selective,equal_2q_budget_256,all_scheduled,original_only_minus_cold,auxiliary_inconsistency_rate,7,0.014372602488194997,0.044789645891365526,-0.02705091108310518,0.05579611605949517,6,estimated,0,raw_instance,two_sided_Student_t_95_df_n_minus_1,unadjusted_exploratory
all_designs_diagnostic,original_e4,max3sat,matched_random_selective,equal_2q_budget_256,all_scheduled,original_only_minus_cold,statevector_norm,7,5.233908544661452e-16,4.911583066354077e-16,6.9145182823298e-17,9.776365261089926e-16,6,estimated,0,raw_instance,two_sided_Student_t_95_df_n_minus_1,unadjusted_exploratory
all_designs_diagnostic,original_e4,max3sat,matched_random_selective,equal_2q_budget_256,all_scheduled,pair_minus_cold,original_objective_mean,7,-0.8160169992027131,1.5193786015998694,-2.2212078389777683,0.5891738405723421,6,estimated,0,raw_instance,two_sided_Student_t_95_df_n_minus_1,unadjusted_exploratory
all_designs_diagnostic,original_e4,max3sat,matched_random_selective,equal_2q_budget_256,all_scheduled,pair_minus_cold,encoded_energy_mean,7,-2.761747966466753,4.586158090578898,-7.003236777653049,1.4797408447195424,6,estimated,0,raw_instance,two_sided_Student_t_95_df_n_minus_1,unadjusted_exploratory
all_designs_diagnostic,original_e4,max3sat,matched_random_selective,equal_2q_budget_256,all_scheduled,pair_minus_cold,optimum_hit_rate,7,0.01898290217724074,0.05289836056289094,-0.029939921682343863,0.06790572603682535,6,estimated,0,raw_instance,two_sided_Student_t_95_df_n_minus_1,unadjusted_exploratory
all_designs_diagnostic,original_e4,max3sat,matched_random_selective,equal_2q_budget_256,all_scheduled,pair_minus_cold,auxiliary_inconsistency_rate,7,-0.06257934808754442,0.08350941994506228,-0.13981268006824138,0.014653983893152533,6,estimated,0,raw_instance,two_sided_Student_t_95_df_n_minus_1,unadjusted_exploratory
all_designs_diagnostic,original_e4,max3sat,matched_random_selective,equal_2q_budget_256,all_scheduled,pair_minus_cold,statevector_norm,7,3.6478756523398e-16,6.432727300251873e-16,-2.301404841387557e-16,9.597156146067157e-16,6,estimated,0,raw_instance,two_sided_Student_t_95_df_n_minus_1,unadjusted_exploratory
all_designs_diagnostic,original_e4,max3sat,matched_random_selective,equal_2q_budget_256,all_scheduled,pair_minus_independence,original_objective_mean,7,-0.008594979332600212,0.2799558292831932,-0.26751093776201373,0.2503209790968133,6,estimated,0,raw_instance,two_sided_Student_t_95_df_n_minus_1,unadjusted_exploratory
all_designs_diagnostic,original_e4,max3sat,matched_random_selective,equal_2q_budget_256,all_scheduled,pair_minus_independence,encoded_energy_mean,7,0.11543773838534374,0.6458653159542359,-0.4818880530610218,0.7127635298317093,6,estimated,0,raw_instance,two_sided_Student_t_95_df_n_minus_1,unadjusted_exploratory
all_designs_diagnostic,original_e4,max3sat,matched_random_selective,equal_2q_budget_256,all_scheduled,pair_minus_independence,optimum_hit_rate,7,-0.006560557274658717,0.015274629031028034,-0.020687232991140364,0.00756611844182293,6,estimated,0,raw_instance,two_sided_Student_t_95_df_n_minus_1,unadjusted_exploratory
all_designs_diagnostic,original_e4,max3sat,matched_random_selective,equal_2q_budget_256,all_scheduled,pair_minus_independence,auxiliary_inconsistency_rate,7,-0.01471852393235616,0.03832189134568952,-0.05016036221092318,0.020723314346210858,6,estimated,0,raw_instance,two_sided_Student_t_95_df_n_minus_1,unadjusted_exploratory
all_designs_diagnostic,original_e4,max3sat,matched_random_selective,equal_2q_budget_256,all_scheduled,pair_minus_independence,statevector_norm,7,3.6478756523398e-16,5.274602706452839e-16,-1.2303182347899592e-16,8.526069539469559e-16,6,estimated,0,raw_instance,two_sided_Student_t_95_df_n_minus_1,unadjusted_exploratory
all_designs_diagnostic,original_e4,max3sat,matched_random_selective,equal_2q_budget_256,all_scheduled,pair_minus_original_only,original_objective_mean,7,-0.15415011209081772,0.1654441345308729,-0.30716041649585407,-0.0011398076857813688,6,estimated,0,raw_instance,two_sided_Student_t_95_df_n_minus_1,unadjusted_exploratory
all_designs_diagnostic,original_e4,max3sat,matched_random_selective,equal_2q_budget_256,all_scheduled,pair_minus_original_only,encoded_energy_mean,7,-1.9503231267003347,2.107066588583051,-3.899034702574375,-0.0016115508262941614,6,estimated,0,raw_instance,two_sided_Student_t_95_df_n_minus_1,unadjusted_exploratory
all_designs_diagnostic,original_e4,max3sat,matched_random_selective,equal_2q_budget_256,all_scheduled,pair_minus_original_only,optimum_hit_rate,7,0.004944408189269546,0.009271427908695468,-0.0036302324929247164,0.01351904887146381,6,estimated,0,raw_instance,two_sided_Student_t_95_df_n_minus_1,unadjusted_exploratory
all_designs_diagnostic,original_e4,max3sat,matched_random_selective,equal_2q_budget_256,all_scheduled,pair_minus_original_only,auxiliary_inconsistency_rate,7,-0.07695195057573942,0.07672617067902615,-0.14791182331296138,-0.005992077838517476,6,estimated,0,raw_instance,two_sided_Student_t_95_df_n_minus_1,unadjusted_exploratory
all_designs_diagnostic,original_e4,max3sat,matched_random_selective,equal_2q_budget_256,all_scheduled,pair_minus_original_only,statevector_norm,7,-1.5860328923216522e-16,5.692068545052605e-16,-6.850318285348431e-16,3.678252500705126e-16,6,estimated,0,raw_instance,two_sided_Student_t_95_df_n_minus_1,unadjusted_exploratory
all_designs_diagnostic,original_e4,max3sat,matched_random_selective,equal_2q_budget_256,positive_depth_only,independence_minus_cold,original_objective_mean,7,-0.8074220198701129,1.355450548463471,-2.0610046966719153,0.4461606569316895,6,estimated,0,raw_instance,two_sided_Student_t_95_df_n_minus_1,unadjusted_exploratory
all_designs_diagnostic,original_e4,max3sat,matched_random_selective,equal_2q_budget_256,positive_depth_only,independence_minus_cold,encoded_energy_mean,7,-2.8771857048520966,5.010844156838587,-7.51144361878858,1.757072209084387,6,estimated,0,raw_instance,two_sided_Student_t_95_df_n_minus_1,unadjusted_exploratory
all_designs_diagnostic,original_e4,max3sat,matched_random_selective,equal_2q_budget_256,positive_depth_only,independence_minus_cold,optimum_hit_rate,7,0.025543459451899453,0.04393554387917942,-0.015090141504800515,0.06617706040859941,6,estimated,0,raw_instance,two_sided_Student_t_95_df_n_minus_1,unadjusted_exploratory
all_designs_diagnostic,original_e4,max3sat,matched_random_selective,equal_2q_budget_256,positive_depth_only,independence_minus_cold,auxiliary_inconsistency_rate,7,-0.04786082415518826,0.08120308197460703,-0.1229611492697252,0.027239500959348684,6,estimated,0,raw_instance,two_sided_Student_t_95_df_n_minus_1,unadjusted_exploratory
all_designs_diagnostic,original_e4,max3sat,matched_random_selective,equal_2q_budget_256,positive_depth_only,independence_minus_cold,statevector_norm,7,0.0,3.6821932062951477e-16,-3.4054607313276555e-16,3.4054607313276555e-16,6,estimated,0,raw_instance,two_sided_Student_t_95_df_n_minus_1,unadjusted_exploratory
all_designs_diagnostic,original_e4,max3sat,matched_random_selective,equal_2q_budget_256,positive_depth_only,original_only_minus_cold,original_objective_mean,7,-0.6618668871118955,1.3890110965488114,-1.9464878941216481,0.6227541198978573,6,estimated,0,raw_instance,two_sided_Student_t_95_df_n_minus_1,unadjusted_exploratory
all_designs_diagnostic,original_e4,max3sat,matched_random_selective,equal_2q_budget_256,positive_depth_only,original_only_minus_cold,encoded_energy_mean,7,-0.8114248397664182,3.0968796990230745,-3.6755608624603737,2.052711182927537,6,estimated,0,raw_instance,two_sided_Student_t_95_df_n_minus_1,unadjusted_exploratory
all_designs_diagnostic,original_e4,max3sat,matched_random_selective,equal_2q_budget_256,positive_depth_only,original_only_minus_cold,optimum_hit_rate,7,0.01403849398797119,0.04939938241370164,-0.03164831480687795,0.05972530278282033,6,estimated,0,raw_instance,two_sided_Student_t_95_df_n_minus_1,unadjusted_exploratory
all_designs_diagnostic,original_e4,max3sat,matched_random_selective,equal_2q_budget_256,positive_depth_only,original_only_minus_cold,auxiliary_inconsistency_rate,7,0.014372602488194997,0.044789645891365526,-0.02705091108310518,0.05579611605949517,6,estimated,0,raw_instance,two_sided_Student_t_95_df_n_minus_1,unadjusted_exploratory
all_designs_diagnostic,original_e4,max3sat,matched_random_selective,equal_2q_budget_256,positive_depth_only,original_only_minus_cold,statevector_norm,7,5.233908544661452e-16,4.911583066354077e-16,6.9145182823298e-17,9.776365261089926e-16,6,estimated,0,raw_instance,two_sided_Student_t_95_df_n_minus_1,unadjusted_exploratory
all_designs_diagnostic,original_e4,max3sat,matched_random_selective,equal_2q_budget_256,positive_depth_only,pair_minus_cold,original_objective_mean,7,-0.8160169992027131,1.5193786015998694,-2.2212078389777683,0.5891738405723421,6,estimated,0,raw_instance,two_sided_Student_t_95_df_n_minus_1,unadjusted_exploratory
all_designs_diagnostic,original_e4,max3sat,matched_random_selective,equal_2q_budget_256,positive_depth_only,pair_minus_cold,encoded_energy_mean,7,-2.761747966466753,4.586158090578898,-7.003236777653049,1.4797408447195424,6,estimated,0,raw_instance,two_sided_Student_t_95_df_n_minus_1,unadjusted_exploratory
all_designs_diagnostic,original_e4,max3sat,matched_random_selective,equal_2q_budget_256,positive_depth_only,pair_minus_cold,optimum_hit_rate,7,0.01898290217724074,0.05289836056289094,-0.029939921682343863,0.06790572603682535,6,estimated,0,raw_instance,two_sided_Student_t_95_df_n_minus_1,unadjusted_exploratory
all_designs_diagnostic,original_e4,max3sat,matched_random_selective,equal_2q_budget_256,positive_depth_only,pair_minus_cold,auxiliary_inconsistency_rate,7,-0.06257934808754442,0.08350941994506228,-0.13981268006824138,0.014653983893152533,6,estimated,0,raw_instance,two_sided_Student_t_95_df_n_minus_1,unadjusted_exploratory
all_designs_diagnostic,original_e4,max3sat,matched_random_selective,equal_2q_budget_256,positive_depth_only,pair_minus_cold,statevector_norm,7,3.6478756523398e-16,6.432727300251873e-16,-2.301404841387557e-16,9.597156146067157e-16,6,estimated,0,raw_instance,two_sided_Student_t_95_df_n_minus_1,unadjusted_exploratory
all_designs_diagnostic,original_e4,max3sat,matched_random_selective,equal_2q_budget_256,positive_depth_only,pair_minus_independence,original_objective_mean,7,-0.008594979332600212,0.2799558292831932,-0.26751093776201373,0.2503209790968133,6,estimated,0,raw_instance,two_sided_Student_t_95_df_n_minus_1,unadjusted_exploratory
all_designs_diagnostic,original_e4,max3sat,matched_random_selective,equal_2q_budget_256,positive_depth_only,pair_minus_independence,encoded_energy_mean,7,0.11543773838534374,0.6458653159542359,-0.4818880530610218,0.7127635298317093,6,estimated,0,raw_instance,two_sided_Student_t_95_df_n_minus_1,unadjusted_exploratory
all_designs_diagnostic,original_e4,max3sat,matched_random_selective,equal_2q_budget_256,positive_depth_only,pair_minus_independence,optimum_hit_rate,7,-0.006560557274658717,0.015274629031028034,-0.020687232991140364,0.00756611844182293,6,estimated,0,raw_instance,two_sided_Student_t_95_df_n_minus_1,unadjusted_exploratory
all_designs_diagnostic,original_e4,max3sat,matched_random_selective,equal_2q_budget_256,positive_depth_only,pair_minus_independence,auxiliary_inconsistency_rate,7,-0.01471852393235616,0.03832189134568952,-0.05016036221092318,0.020723314346210858,6,estimated,0,raw_instance,two_sided_Student_t_95_df_n_minus_1,unadjusted_exploratory
all_designs_diagnostic,original_e4,max3sat,matched_random_selective,equal_2q_budget_256,positive_depth_only,pair_minus_independence,statevector_norm,7,3.6478756523398e-16,5.274602706452839e-16,-1.2303182347899592e-16,8.526069539469559e-16,6,estimated,0,raw_instance,two_sided_Student_t_95_df_n_minus_1,unadjusted_exploratory
all_designs_diagnostic,original_e4,max3sat,matched_random_selective,equal_2q_budget_256,positive_depth_only,pair_minus_original_only,original_objective_mean,7,-0.15415011209081772,0.1654441345308729,-0.30716041649585407,-0.0011398076857813688,6,estimated,0,raw_instance,two_sided_Student_t_95_df_n_minus_1,unadjusted_exploratory
all_designs_diagnostic,original_e4,max3sat,matched_random_selective,equal_2q_budget_256,positive_depth_only,pair_minus_original_only,encoded_energy_mean,7,-1.9503231267003347,2.107066588583051,-3.899034702574375,-0.0016115508262941614,6,estimated,0,raw_instance,two_sided_Student_t_95_df_n_minus_1,unadjusted_exploratory
all_designs_diagnostic,original_e4,max3sat,matched_random_selective,equal_2q_budget_256,positive_depth_only,pair_minus_original_only,optimum_hit_rate,7,0.004944408189269546,0.009271427908695468,-0.0036302324929247164,0.01351904887146381,6,estimated,0,raw_instance,two_sided_Student_t_95_df_n_minus_1,unadjusted_exploratory
all_designs_diagnostic,original_e4,max3sat,matched_random_selective,equal_2q_budget_256,positive_depth_only,pair_minus_original_only,auxiliary_inconsistency_rate,7,-0.07695195057573942,0.07672617067902615,-0.14791182331296138,-0.005992077838517476,6,estimated,0,raw_instance,two_sided_Student_t_95_df_n_minus_1,unadjusted_exploratory
all_designs_diagnostic,original_e4,max3sat,matched_random_selective,equal_2q_budget_256,positive_depth_only,pair_minus_original_only,statevector_norm,7,-1.5860328923216522e-16,5.692068545052605e-16,-6.850318285348431e-16,3.678252500705126e-16,6,estimated,0,raw_instance,two_sided_Student_t_95_df_n_minus_1,unadjusted_exploratory
all_designs_diagnostic,original_e4,max3sat,matched_random_selective,equal_layer_p1,all_scheduled,independence_minus_cold,original_objective_mean,7,-0.8784461591117109,1.5956585924799376,-2.3541842241339364,0.5972919059105145,6,estimated,0,raw_instance,two_sided_Student_t_95_df_n_minus_1,unadjusted_exploratory
all_designs_diagnostic,original_e4,max3sat,matched_random_selective,equal_layer_p1,all_scheduled,independence_minus_cold,encoded_energy_mean,7,-2.965491829584636,4.376210828997431,-7.012811808526296,1.081828149357023,6,estimated,0,raw_instance,two_sided_Student_t_95_df_n_minus_1,unadjusted_exploratory
all_designs_diagnostic,original_e4,max3sat,matched_random_selective,equal_layer_p1,all_scheduled,independence_minus_cold,optimum_hit_rate,7,0.030155347192517633,0.05801259637820234,-0.02349735591675358,0.08380805030178884,6,estimated,0,raw_instance,two_sided_Student_t_95_df_n_minus_1,unadjusted_exploratory
all_designs_diagnostic,original_e4,max3sat,matched_random_selective,equal_layer_p1,all_scheduled,independence_minus_cold,auxiliary_inconsistency_rate,7,-0.07722045964294923,0.04574044032531607,-0.11952331140401302,-0.03491760788188543,6,estimated,0,raw_instance,two_sided_Student_t_95_df_n_minus_1,unadjusted_exploratory
all_designs_diagnostic,original_e4,max3sat,matched_random_selective,equal_layer_p1,all_scheduled,independence_minus_cold,statevector_norm,7,1.7446361815538174e-16,3.130825179953953e-16,-1.1508941748536727e-16,4.640166537961307e-16,6,estimated,0,raw_instance,two_sided_Student_t_95_df_n_minus_1,unadjusted_exploratory
all_designs_diagnostic,original_e4,max3sat,matched_random_selective,equal_layer_p1,all_scheduled,original_only_minus_cold,original_objective_mean,7,-0.6335841106153772,1.3702682890149083,-1.9008709117658564,0.633702690535102,6,estimated,0,raw_instance,two_sided_Student_t_95_df_n_minus_1,unadjusted_exploratory
all_designs_diagnostic,original_e4,max3sat,matched_random_selective,equal_layer_p1,all_scheduled,original_only_minus_cold,encoded_energy_mean,7,-0.22891112648048204,2.8351312866020395,-2.8509702428178456,2.3931479898568813,6,estimated,0,raw_instance,two_sided_Student_t_95_df_n_minus_1,unadjusted_exploratory
all_designs_diagnostic,original_e4,max3sat,matched_random_selective,equal_layer_p1,all_scheduled,original_only_minus_cold,optimum_hit_rate,7,0.0238852127085788,0.04478377581234784,-0.017532871945099577,0.06530329736225718,6,estimated,0,raw_instance,two_sided_Student_t_95_df_n_minus_1,unadjusted_exploratory
all_designs_diagnostic,original_e4,max3sat,matched_random_selective,equal_layer_p1,all_scheduled,original_only_minus_cold,auxiliary_inconsistency_rate,7,0.009800657865023075,0.03604966595455291,-0.023539722421330938,0.043141038151377084,6,estimated,0,raw_instance,two_sided_Student_t_95_df_n_minus_1,unadjusted_exploratory
all_designs_diagnostic,original_e4,max3sat,matched_random_selective,equal_layer_p1,all_scheduled,original_only_minus_cold,statevector_norm,7,5.709718412357948e-16,2.5980619508257685e-16,3.306911863269852e-16,8.112524961446045e-16,6,estimated,0,raw_instance,two_sided_Student_t_95_df_n_minus_1,unadjusted_exploratory
all_designs_diagnostic,original_e4,max3sat,matched_random_selective,equal_layer_p1,all_scheduled,pair_minus_cold,original_objective_mean,7,-0.7557235917828045,1.485393661994506,-2.129483604656994,0.6180364210913849,6,estimated,0,raw_instance,two_sided_Student_t_95_df_n_minus_1,unadjusted_exploratory
all_designs_diagnostic,original_e4,max3sat,matched_random_selective,equal_layer_p1,all_scheduled,pair_minus_cold,encoded_energy_mean,7,-2.2920402923109515,3.9301326064127857,-5.926806723677931,1.3427261390560274,6,estimated,0,raw_instance,two_sided_Student_t_95_df_n_minus_1,unadjusted_exploratory
all_designs_diagnostic,original_e4,max3sat,matched_random_selective,equal_layer_p1,all_scheduled,pair_minus_cold,optimum_hit_rate,7,0.032713602950739336,0.04728661907414773,-0.011019225652321135,0.0764464315537998,6,estimated,0,raw_instance,two_sided_Student_t_95_df_n_minus_1,unadjusted_exploratory
all_designs_diagnostic,original_e4,max3sat,matched_random_selective,equal_layer_p1,all_scheduled,pair_minus_cold,auxiliary_inconsistency_rate,7,-0.07534490665052569,0.07091512429916032,-0.14093045785004976,-0.009759355451001636,6,estimated,0,raw_instance,two_sided_Student_t_95_df_n_minus_1,unadjusted_exploratory
all_designs_diagnostic,original_e4,max3sat,matched_random_selective,equal_layer_p1,all_scheduled,pair_minus_cold,statevector_norm,7,3.1720657846433045e-16,4.98276914091386e-16,-1.4362270701812344e-16,7.780358639467844e-16,6,estimated,0,raw_instance,two_sided_Student_t_95_df_n_minus_1,unadjusted_exploratory
all_designs_diagnostic,original_e4,max3sat,matched_random_selective,equal_layer_p1,all_scheduled,pair_minus_independence,original_objective_mean,7,0.12272256732890645,0.22485830325483883,-0.08523667841034073,0.33068181306815364,6,estimated,0,raw_instance,two_sided_Student_t_95_df_n_minus_1,unadjusted_exploratory
all_designs_diagnostic,original_e4,max3sat,matched_random_selective,equal_layer_p1,all_scheduled,pair_minus_independence,encoded_energy_mean,7,0.6734515372736849,1.615057235932832,-0.8202272806690876,2.1671303552164574,6,estimated,0,raw_instance,two_sided_Student_t_95_df_n_minus_1,unadjusted_exploratory
all_designs_diagnostic,original_e4,max3sat,matched_random_selective,equal_layer_p1,all_scheduled,pair_minus_independence,optimum_hit_rate,7,0.0025582557582217043,0.014711895452826161,-0.011047978201024142,0.01616448971746755,6,estimated,0,raw_instance,two_sided_Student_t_95_df_n_minus_1,unadjusted_exploratory
all_designs_diagnostic,original_e4,max3sat,matched_random_selective,equal_layer_p1,all_scheduled,pair_minus_independence,auxiliary_inconsistency_rate,7,0.0018755529924235506,0.06017264262972421,-0.05377485970873799,0.05752596569358509,6,estimated,0,raw_instance,two_sided_Student_t_95_df_n_minus_1,unadjusted_exploratory
all_designs_diagnostic,original_e4,max3sat,matched_random_selective,equal_layer_p1,all_scheduled,pair_minus_independence,statevector_norm,7,1.427429603089487e-16,3.434777514427654e-16,-1.749209777547349e-16,4.604068983726323e-16,6,estimated,0,raw_instance,two_sided_Student_t_95_df_n_minus_1,unadjusted_exploratory
all_designs_diagnostic,original_e4,max3sat,matched_random_selective,equal_layer_p1,all_scheduled,pair_minus_original_only,original_objective_mean,7,-0.1221394811674272,0.18043837174594876,-0.28901714211009866,0.044738179775244274,6,estimated,0,raw_instance,two_sided_Student_t_95_df_n_minus_1,unadjusted_exploratory
all_designs_diagnostic,original_e4,max3sat,matched_random_selective,equal_layer_p1,all_scheduled,pair_minus_original_only,encoded_energy_mean,7,-2.0631291658304693,2.059712659677491,-3.9680456618900486,-0.15821266977089032,6,estimated,0,raw_instance,two_sided_Student_t_95_df_n_minus_1,unadjusted_exploratory
all_designs_diagnostic,original_e4,max3sat,matched_random_selective,equal_layer_p1,all_scheduled,pair_minus_original_only,optimum_hit_rate,7,0.008828390242160537,0.009496281602272404,4.579457746803697e-05,0.017610985906853036,6,estimated,0,raw_instance,two_sided_Student_t_95_df_n_minus_1,unadjusted_exploratory
all_designs_diagnostic,original_e4,max3sat,matched_random_selective,equal_layer_p1,all_scheduled,pair_minus_original_only,auxiliary_inconsistency_rate,7,-0.08514556451554875,0.08102317515247508,-0.16007950357054354,-0.010211625460553958,6,estimated,0,raw_instance,two_sided_Student_t_95_df_n_minus_1,unadjusted_exploratory
all_designs_diagnostic,original_e4,max3sat,matched_random_selective,equal_layer_p1,all_scheduled,pair_minus_original_only,statevector_norm,7,-2.5376526277146434e-16,5.196123901651537e-16,-7.343265725890836e-16,2.267960470461549e-16,6,estimated,0,raw_instance,two_sided_Student_t_95_df_n_minus_1,unadjusted_exploratory
all_designs_diagnostic,original_e4,max3sat,matched_random_selective,equal_layer_p1,positive_depth_only,independence_minus_cold,original_objective_mean,7,-0.8784461591117109,1.5956585924799376,-2.3541842241339364,0.5972919059105145,6,estimated,0,raw_instance,two_sided_Student_t_95_df_n_minus_1,unadjusted_exploratory
all_designs_diagnostic,original_e4,max3sat,matched_random_selective,equal_layer_p1,positive_depth_only,independence_minus_cold,encoded_energy_mean,7,-2.965491829584636,4.376210828997431,-7.012811808526296,1.081828149357023,6,estimated,0,raw_instance,two_sided_Student_t_95_df_n_minus_1,unadjusted_exploratory
all_designs_diagnostic,original_e4,max3sat,matched_random_selective,equal_layer_p1,positive_depth_only,independence_minus_cold,optimum_hit_rate,7,0.030155347192517633,0.05801259637820234,-0.02349735591675358,0.08380805030178884,6,estimated,0,raw_instance,two_sided_Student_t_95_df_n_minus_1,unadjusted_exploratory
all_designs_diagnostic,original_e4,max3sat,matched_random_selective,equal_layer_p1,positive_depth_only,independence_minus_cold,auxiliary_inconsistency_rate,7,-0.07722045964294923,0.04574044032531607,-0.11952331140401302,-0.03491760788188543,6,estimated,0,raw_instance,two_sided_Student_t_95_df_n_minus_1,unadjusted_exploratory
all_designs_diagnostic,original_e4,max3sat,matched_random_selective,equal_layer_p1,positive_depth_only,independence_minus_cold,statevector_norm,7,1.7446361815538174e-16,3.130825179953953e-16,-1.1508941748536727e-16,4.640166537961307e-16,6,estimated,0,raw_instance,two_sided_Student_t_95_df_n_minus_1,unadjusted_exploratory
all_designs_diagnostic,original_e4,max3sat,matched_random_selective,equal_layer_p1,positive_depth_only,original_only_minus_cold,original_objective_mean,7,-0.6335841106153772,1.3702682890149083,-1.9008709117658564,0.633702690535102,6,estimated,0,raw_instance,two_sided_Student_t_95_df_n_minus_1,unadjusted_exploratory
all_designs_diagnostic,original_e4,max3sat,matched_random_selective,equal_layer_p1,positive_depth_only,original_only_minus_cold,encoded_energy_mean,7,-0.22891112648048204,2.8351312866020395,-2.8509702428178456,2.3931479898568813,6,estimated,0,raw_instance,two_sided_Student_t_95_df_n_minus_1,unadjusted_exploratory
all_designs_diagnostic,original_e4,max3sat,matched_random_selective,equal_layer_p1,positive_depth_only,original_only_minus_cold,optimum_hit_rate,7,0.0238852127085788,0.04478377581234784,-0.017532871945099577,0.06530329736225718,6,estimated,0,raw_instance,two_sided_Student_t_95_df_n_minus_1,unadjusted_exploratory
all_designs_diagnostic,original_e4,max3sat,matched_random_selective,equal_layer_p1,positive_depth_only,original_only_minus_cold,auxiliary_inconsistency_rate,7,0.009800657865023075,0.03604966595455291,-0.023539722421330938,0.043141038151377084,6,estimated,0,raw_instance,two_sided_Student_t_95_df_n_minus_1,unadjusted_exploratory
all_designs_diagnostic,original_e4,max3sat,matched_random_selective,equal_layer_p1,positive_depth_only,original_only_minus_cold,statevector_norm,7,5.709718412357948e-16,2.5980619508257685e-16,3.306911863269852e-16,8.112524961446045e-16,6,estimated,0,raw_instance,two_sided_Student_t_95_df_n_minus_1,unadjusted_exploratory
all_designs_diagnostic,original_e4,max3sat,matched_random_selective,equal_layer_p1,positive_depth_only,pair_minus_cold,original_objective_mean,7,-0.7557235917828045,1.485393661994506,-2.129483604656994,0.6180364210913849,6,estimated,0,raw_instance,two_sided_Student_t_95_df_n_minus_1,unadjusted_exploratory
all_designs_diagnostic,original_e4,max3sat,matched_random_selective,equal_layer_p1,positive_depth_only,pair_minus_cold,encoded_energy_mean,7,-2.2920402923109515,3.9301326064127857,-5.926806723677931,1.3427261390560274,6,estimated,0,raw_instance,two_sided_Student_t_95_df_n_minus_1,unadjusted_exploratory
all_designs_diagnostic,original_e4,max3sat,matched_random_selective,equal_layer_p1,positive_depth_only,pair_minus_cold,optimum_hit_rate,7,0.032713602950739336,0.04728661907414773,-0.011019225652321135,0.0764464315537998,6,estimated,0,raw_instance,two_sided_Student_t_95_df_n_minus_1,unadjusted_exploratory
all_designs_diagnostic,original_e4,max3sat,matched_random_selective,equal_layer_p1,positive_depth_only,pair_minus_cold,auxiliary_inconsistency_rate,7,-0.07534490665052569,0.07091512429916032,-0.14093045785004976,-0.009759355451001636,6,estimated,0,raw_instance,two_sided_Student_t_95_df_n_minus_1,unadjusted_exploratory
all_designs_diagnostic,original_e4,max3sat,matched_random_selective,equal_layer_p1,positive_depth_only,pair_minus_cold,statevector_norm,7,3.1720657846433045e-16,4.98276914091386e-16,-1.4362270701812344e-16,7.780358639467844e-16,6,estimated,0,raw_instance,two_sided_Student_t_95_df_n_minus_1,unadjusted_exploratory
all_designs_diagnostic,original_e4,max3sat,matched_random_selective,equal_layer_p1,positive_depth_only,pair_minus_independence,original_objective_mean,7,0.12272256732890645,0.22485830325483883,-0.08523667841034073,0.33068181306815364,6,estimated,0,raw_instance,two_sided_Student_t_95_df_n_minus_1,unadjusted_exploratory
all_designs_diagnostic,original_e4,max3sat,matched_random_selective,equal_layer_p1,positive_depth_only,pair_minus_independence,encoded_energy_mean,7,0.6734515372736849,1.615057235932832,-0.8202272806690876,2.1671303552164574,6,estimated,0,raw_instance,two_sided_Student_t_95_df_n_minus_1,unadjusted_exploratory
all_designs_diagnostic,original_e4,max3sat,matched_random_selective,equal_layer_p1,positive_depth_only,pair_minus_independence,optimum_hit_rate,7,0.0025582557582217043,0.014711895452826161,-0.011047978201024142,0.01616448971746755,6,estimated,0,raw_instance,two_sided_Student_t_95_df_n_minus_1,unadjusted_exploratory
all_designs_diagnostic,original_e4,max3sat,matched_random_selective,equal_layer_p1,positive_depth_only,pair_minus_independence,auxiliary_inconsistency_rate,7,0.0018755529924235506,0.06017264262972421,-0.05377485970873799,0.05752596569358509,6,estimated,0,raw_instance,two_sided_Student_t_95_df_n_minus_1,unadjusted_exploratory
all_designs_diagnostic,original_e4,max3sat,matched_random_selective,equal_layer_p1,positive_depth_only,pair_minus_independence,statevector_norm,7,1.427429603089487e-16,3.434777514427654e-16,-1.749209777547349e-16,4.604068983726323e-16,6,estimated,0,raw_instance,two_sided_Student_t_95_df_n_minus_1,unadjusted_exploratory
all_designs_diagnostic,original_e4,max3sat,matched_random_selective,equal_layer_p1,positive_depth_only,pair_minus_original_only,original_objective_mean,7,-0.1221394811674272,0.18043837174594876,-0.28901714211009866,0.044738179775244274,6,estimated,0,raw_instance,two_sided_Student_t_95_df_n_minus_1,unadjusted_exploratory
all_designs_diagnostic,original_e4,max3sat,matched_random_selective,equal_layer_p1,positive_depth_only,pair_minus_original_only,encoded_energy_mean,7,-2.0631291658304693,2.059712659677491,-3.9680456618900486,-0.15821266977089032,6,estimated,0,raw_instance,two_sided_Student_t_95_df_n_minus_1,unadjusted_exploratory
all_designs_diagnostic,original_e4,max3sat,matched_random_selective,equal_layer_p1,positive_depth_only,pair_minus_original_only,optimum_hit_rate,7,0.008828390242160537,0.009496281602272404,4.579457746803697e-05,0.017610985906853036,6,estimated,0,raw_instance,two_sided_Student_t_95_df_n_minus_1,unadjusted_exploratory
all_designs_diagnostic,original_e4,max3sat,matched_random_selective,equal_layer_p1,positive_depth_only,pair_minus_original_only,auxiliary_inconsistency_rate,7,-0.08514556451554875,0.08102317515247508,-0.16007950357054354,-0.010211625460553958,6,estimated,0,raw_instance,two_sided_Student_t_95_df_n_minus_1,unadjusted_exploratory
all_designs_diagnostic,original_e4,max3sat,matched_random_selective,equal_layer_p1,positive_depth_only,pair_minus_original_only,statevector_norm,7,-2.5376526277146434e-16,5.196123901651537e-16,-7.343265725890836e-16,2.267960470461549e-16,6,estimated,0,raw_instance,two_sided_Student_t_95_df_n_minus_1,unadjusted_exploratory
all_designs_diagnostic,original_e4,max3sat,matched_random_selective,equal_layer_p2,all_scheduled,independence_minus_cold,original_objective_mean,7,-0.560919996225873,1.1873373668580394,-1.659023911783673,0.5371839193319269,6,estimated,0,raw_instance,two_sided_Student_t_95_df_n_minus_1,unadjusted_exploratory
all_designs_diagnostic,original_e4,max3sat,matched_random_selective,equal_layer_p2,all_scheduled,independence_minus_cold,encoded_energy_mean,7,-1.5511646980162563,2.8256561244156795,-4.164460750890941,1.062131354858428,6,estimated,0,raw_instance,two_sided_Student_t_95_df_n_minus_1,unadjusted_exploratory
all_designs_diagnostic,original_e4,max3sat,matched_random_selective,equal_layer_p2,all_scheduled,independence_minus_cold,optimum_hit_rate,7,0.009536565294864697,0.04067872433653045,-0.028084979954777253,0.04715811054450665,6,estimated,0,raw_instance,two_sided_Student_t_95_df_n_minus_1,unadjusted_exploratory
all_designs_diagnostic,original_e4,max3sat,matched_random_selective,equal_layer_p2,all_scheduled,independence_minus_cold,auxiliary_inconsistency_rate,7,-0.019849683566543725,0.0437593268428001,-0.06032031094636707,0.020620943813279623,6,estimated,0,raw_instance,two_sided_Student_t_95_df_n_minus_1,unadjusted_exploratory
all_designs_diagnostic,original_e4,max3sat,matched_random_selective,equal_layer_p2,all_scheduled,independence_minus_cold,statevector_norm,7,1.9032394707859825e-16,4.333866922883326e-16,-2.1049189266188676e-16,5.911397868190833e-16,6,estimated,0,raw_instance,two_sided_Student_t_95_df_n_minus_1,unadjusted_exploratory
all_designs_diagnostic,original_e4,max3sat,matched_random_selective,equal_layer_p2,all_scheduled,original_only_minus_cold,original_objective_mean,7,-0.2610295187821127,1.0784067941046231,-1.2583894572670662,0.7363304197028409,6,estimated,0,raw_instance,two_sided_Student_t_95_df_n_minus_1,unadjusted_exploratory
all_designs_diagnostic,original_e4,max3sat,matched_random_selective,equal_layer_p2,all_scheduled,original_only_minus_cold,encoded_energy_mean,7,-0.02121047078134605,1.6324777238640125,-1.5310005529208968,1.4885796113582046,6,estimated,0,raw_instance,two_sided_Student_t_95_df_n_minus_1,unadjusted_exploratory
all_designs_diagnostic,original_e4,max3sat,matched_random_selective,equal_layer_p2,all_scheduled,original_only_minus_cold,optimum_hit_rate,7,-0.0045175434230054715,0.0418363180874371,-0.04320968433145297,0.03417459748544203,6,estimated,0,raw_instance,two_sided_Student_t_95_df_n_minus_1,unadjusted_exploratory
all_designs_diagnostic,original_e4,max3sat,matched_random_selective,equal_layer_p2,all_scheduled,original_only_minus_cold,auxiliary_inconsistency_rate,7,0.025253969659379785,0.042899675750486865,-0.014421613062680704,0.06492955238144027,6,estimated,0,raw_instance,two_sided_Student_t_95_df_n_minus_1,unadjusted_exploratory
all_designs_diagnostic,original_e4,max3sat,matched_random_selective,equal_layer_p2,all_scheduled,original_only_minus_cold,statevector_norm,7,7.137148015447435e-16,5.041323079304965e-16,2.4747017996546064e-16,1.1799594231240265e-15,6,estimated,0,raw_instance,two_sided_Student_t_95_df_n_minus_1,unadjusted_exploratory
all_designs_diagnostic,original_e4,max3sat,matched_random_selective,equal_layer_p2,all_scheduled,pair_minus_cold,original_objective_mean,7,-0.42048587568933193,1.2188281803353036,-1.5477139362026562,0.7067421848239923,6,estimated,0,raw_instance,two_sided_Student_t_95_df_n_minus_1,unadjusted_exploratory
all_designs_diagnostic,original_e4,max3sat,matched_random_selective,equal_layer_p2,all_scheduled,pair_minus_cold,encoded_energy_mean,7,-1.7396628280076456,2.625142533326967,-4.167514738683951,0.6881890826686599,6,estimated,0,raw_instance,two_sided_Student_t_95_df_n_minus_1,unadjusted_exploratory
all_designs_diagnostic,original_e4,max3sat,matched_random_selective,equal_layer_p2,all_scheduled,pair_minus_cold,optimum_hit_rate,7,0.009587339091321272,0.04555675797606926,-0.032545634830000544,0.051720313012643085,6,estimated,0,raw_instance,two_sided_Student_t_95_df_n_minus_1,unadjusted_exploratory
all_designs_diagnostic,original_e4,max3sat,matched_random_selective,equal_layer_p2,all_scheduled,pair_minus_cold,auxiliary_inconsistency_rate,7,-0.038983015555705915,0.041027786815913014,-0.07692738975530218,-0.0010386413561096486,6,estimated,0,raw_instance,two_sided_Student_t_95_df_n_minus_1,unadjusted_exploratory
all_designs_diagnostic,original_e4,max3sat,matched_random_selective,equal_layer_p2,all_scheduled,pair_minus_cold,statevector_norm,7,3.6478756523398e-16,5.313407453388289e-16,-1.2662066400077667e-16,8.5619579446873665e-16,6,estimated,0,raw_instance,two_sided_Student_t_95_df_n_minus_1,unadjusted_exploratory
all_designs_diagnostic,original_e4,max3sat,matched_random_selective,equal_layer_p2,all_scheduled,pair_minus_independence,original_objective_mean,7,0.14043412053654108,0.2650691351629078,-0.10471394212921525,0.3855821832022974,6,estimated,0,raw_instance,two_sided_Student_t_95_df_n_minus_1,unadjusted_exploratory
all_designs_diagnostic,original_e4,max3sat,matched_random_selective,equal_layer_p2,all_scheduled,pair_minus_independence,encoded_energy_mean,7,-0.18849812999138926,1.2471921881576762,-1.3419585225444945,0.964962262561716,6,estimated,0,raw_instance,two_sided_Student_t_95_df_n_minus_1,unadjusted_exploratory
all_designs_diagnostic,original_e4,max3sat,matched_random_selective,equal_layer_p2,all_scheduled,pair_minus_independence,optimum_hit_rate,7,5.077379645657553e-05,0.010122779784003543,-0.009311236047938954,0.009412783640852103,6,estimated,0,raw_instance,two_sided_Student_t_95_df_n_minus_1,unadjusted_exploratory
all_designs_diagnostic,original_e4,max3sat,matched_random_selective,equal_layer_p2,all_scheduled,pair_minus_independence,auxiliary_inconsistency_rate,7,-0.01913333198916219,0.053421622630324156,-0.06854009254706851,0.03027342856874413,6,estimated,0,raw_instance,two_sided_Student_t_95_df_n_minus_1,unadjusted_exploratory
all_designs_diagnostic,original_e4,max3sat,matched_random_selective,equal_layer_p2,all_scheduled,pair_minus_independence,statevector_norm,7,1.7446361815538174e-16,5.201768796202244e-16,-3.066197573347301e-16,6.555469936454935e-16,6,estimated,0,raw_instance,two_sided_Student_t_95_df_n_minus_1,unadjusted_exploratory
all_designs_diagnostic,original_e4,max3sat,matched_random_selective,equal_layer_p2,all_scheduled,pair_minus_original_only,original_objective_mean,7,-0.15945635690721918,0.29950334329697476,-0.43645075056246596,0.11753803674802757,6,estimated,0,raw_instance,two_sided_Student_t_95_df_n_minus_1,unadjusted_exploratory
all_designs_diagnostic,original_e4,max3sat,matched_random_selective,equal_layer_p2,all_scheduled,pair_minus_original_only,encoded_energy_mean,7,-1.7184523572262995,1.7583338431635605,-3.3446399361998456,-0.0922647782527537,6,estimated,0,raw_instance,two_sided_Student_t_95_df_n_minus_1,unadjusted_exploratory
all_designs_diagnostic,original_e4,max3sat,matched_random_selective,equal_layer_p2,all_scheduled,pair_minus_original_only,optimum_hit_rate,7,0.014104882514326745,0.01470753396294825,0.0005026822604508163,0.027707082768202676,6,estimated,0,raw_instance,two_sided_Student_t_95_df_n_minus_1,unadjusted_exploratory
all_designs_diagnostic,original_e4,max3sat,matched_random_selective,equal_layer_p2,all_scheduled,pair_minus_original_only,auxiliary_inconsistency_rate,7,-0.0642369852150857,0.056859107652957694,-0.11682288918108161,-0.011651081249089784,6,estimated,0,raw_instance,two_sided_Student_t_95_df_n_minus_1,unadjusted_exploratory
all_designs_diagnostic,original_e4,max3sat,matched_random_selective,equal_layer_p2,all_scheduled,pair_minus_original_only,statevector_norm,7,-3.489272363107635e-16,9.40808544848781e-16,-1.2190300189954446e-15,5.211755463739178e-16,6,estimated,0,raw_instance,two_sided_Student_t_95_df_n_minus_1,unadjusted_exploratory
all_designs_diagnostic,original_e4,max3sat,matched_random_selective,equal_layer_p2,positive_depth_only,independence_minus_cold,original_objective_mean,7,-0.560919996225873,1.1873373668580394,-1.659023911783673,0.5371839193319269,6,estimated,0,raw_instance,two_sided_Student_t_95_df_n_minus_1,unadjusted_exploratory
all_designs_diagnostic,original_e4,max3sat,matched_random_selective,equal_layer_p2,positive_depth_only,independence_minus_cold,encoded_energy_mean,7,-1.5511646980162563,2.8256561244156795,-4.164460750890941,1.062131354858428,6,estimated,0,raw_instance,two_sided_Student_t_95_df_n_minus_1,unadjusted_exploratory
all_designs_diagnostic,original_e4,max3sat,matched_random_selective,equal_layer_p2,positive_depth_only,independence_minus_cold,optimum_hit_rate,7,0.009536565294864697,0.04067872433653045,-0.028084979954777253,0.04715811054450665,6,estimated,0,raw_instance,two_sided_Student_t_95_df_n_minus_1,unadjusted_exploratory
all_designs_diagnostic,original_e4,max3sat,matched_random_selective,equal_layer_p2,positive_depth_only,independence_minus_cold,auxiliary_inconsistency_rate,7,-0.019849683566543725,0.0437593268428001,-0.06032031094636707,0.020620943813279623,6,estimated,0,raw_instance,two_sided_Student_t_95_df_n_minus_1,unadjusted_exploratory
all_designs_diagnostic,original_e4,max3sat,matched_random_selective,equal_layer_p2,positive_depth_only,independence_minus_cold,statevector_norm,7,1.9032394707859825e-16,4.333866922883326e-16,-2.1049189266188676e-16,5.911397868190833e-16,6,estimated,0,raw_instance,two_sided_Student_t_95_df_n_minus_1,unadjusted_exploratory
all_designs_diagnostic,original_e4,max3sat,matched_random_selective,equal_layer_p2,positive_depth_only,original_only_minus_cold,original_objective_mean,7,-0.2610295187821127,1.0784067941046231,-1.2583894572670662,0.7363304197028409,6,estimated,0,raw_instance,two_sided_Student_t_95_df_n_minus_1,unadjusted_exploratory
all_designs_diagnostic,original_e4,max3sat,matched_random_selective,equal_layer_p2,positive_depth_only,original_only_minus_cold,encoded_energy_mean,7,-0.02121047078134605,1.6324777238640125,-1.5310005529208968,1.4885796113582046,6,estimated,0,raw_instance,two_sided_Student_t_95_df_n_minus_1,unadjusted_exploratory
all_designs_diagnostic,original_e4,max3sat,matched_random_selective,equal_layer_p2,positive_depth_only,original_only_minus_cold,optimum_hit_rate,7,-0.0045175434230054715,0.0418363180874371,-0.04320968433145297,0.03417459748544203,6,estimated,0,raw_instance,two_sided_Student_t_95_df_n_minus_1,unadjusted_exploratory
all_designs_diagnostic,original_e4,max3sat,matched_random_selective,equal_layer_p2,positive_depth_only,original_only_minus_cold,auxiliary_inconsistency_rate,7,0.025253969659379785,0.042899675750486865,-0.014421613062680704,0.06492955238144027,6,estimated,0,raw_instance,two_sided_Student_t_95_df_n_minus_1,unadjusted_exploratory
all_designs_diagnostic,original_e4,max3sat,matched_random_selective,equal_layer_p2,positive_depth_only,original_only_minus_cold,statevector_norm,7,7.137148015447435e-16,5.041323079304965e-16,2.4747017996546064e-16,1.1799594231240265e-15,6,estimated,0,raw_instance,two_sided_Student_t_95_df_n_minus_1,unadjusted_exploratory
all_designs_diagnostic,original_e4,max3sat,matched_random_selective,equal_layer_p2,positive_depth_only,pair_minus_cold,original_objective_mean,7,-0.42048587568933193,1.2188281803353036,-1.5477139362026562,0.7067421848239923,6,estimated,0,raw_instance,two_sided_Student_t_95_df_n_minus_1,unadjusted_exploratory
all_designs_diagnostic,original_e4,max3sat,matched_random_selective,equal_layer_p2,positive_depth_only,pair_minus_cold,encoded_energy_mean,7,-1.7396628280076456,2.625142533326967,-4.167514738683951,0.6881890826686599,6,estimated,0,raw_instance,two_sided_Student_t_95_df_n_minus_1,unadjusted_exploratory
all_designs_diagnostic,original_e4,max3sat,matched_random_selective,equal_layer_p2,positive_depth_only,pair_minus_cold,optimum_hit_rate,7,0.009587339091321272,0.04555675797606926,-0.032545634830000544,0.051720313012643085,6,estimated,0,raw_instance,two_sided_Student_t_95_df_n_minus_1,unadjusted_exploratory
all_designs_diagnostic,original_e4,max3sat,matched_random_selective,equal_layer_p2,positive_depth_only,pair_minus_cold,auxiliary_inconsistency_rate,7,-0.038983015555705915,0.041027786815913014,-0.07692738975530218,-0.0010386413561096486,6,estimated,0,raw_instance,two_sided_Student_t_95_df_n_minus_1,unadjusted_exploratory
all_designs_diagnostic,original_e4,max3sat,matched_random_selective,equal_layer_p2,positive_depth_only,pair_minus_cold,statevector_norm,7,3.6478756523398e-16,5.313407453388289e-16,-1.2662066400077667e-16,8.5619579446873665e-16,6,estimated,0,raw_instance,two_sided_Student_t_95_df_n_minus_1,unadjusted_exploratory
all_designs_diagnostic,original_e4,max3sat,matched_random_selective,equal_layer_p2,positive_depth_only,pair_minus_independence,original_objective_mean,7,0.14043412053654108,0.2650691351629078,-0.10471394212921525,0.3855821832022974,6,estimated,0,raw_instance,two_sided_Student_t_95_df_n_minus_1,unadjusted_exploratory
all_designs_diagnostic,original_e4,max3sat,matched_random_selective,equal_layer_p2,positive_depth_only,pair_minus_independence,encoded_energy_mean,7,-0.18849812999138926,1.2471921881576762,-1.3419585225444945,0.964962262561716,6,estimated,0,raw_instance,two_sided_Student_t_95_df_n_minus_1,unadjusted_exploratory
all_designs_diagnostic,original_e4,max3sat,matched_random_selective,equal_layer_p2,positive_depth_only,pair_minus_independence,optimum_hit_rate,7,5.077379645657553e-05,0.010122779784003543,-0.009311236047938954,0.009412783640852103,6,estimated,0,raw_instance,two_sided_Student_t_95_df_n_minus_1,unadjusted_exploratory
all_designs_diagnostic,original_e4,max3sat,matched_random_selective,equal_layer_p2,positive_depth_only,pair_minus_independence,auxiliary_inconsistency_rate,7,-0.01913333198916219,0.053421622630324156,-0.06854009254706851,0.03027342856874413,6,estimated,0,raw_instance,two_sided_Student_t_95_df_n_minus_1,unadjusted_exploratory
all_designs_diagnostic,original_e4,max3sat,matched_random_selective,equal_layer_p2,positive_depth_only,pair_minus_independence,statevector_norm,7,1.7446361815538174e-16,5.201768796202244e-16,-3.066197573347301e-16,6.555469936454935e-16,6,estimated,0,raw_instance,two_sided_Student_t_95_df_n_minus_1,unadjusted_exploratory
all_designs_diagnostic,original_e4,max3sat,matched_random_selective,equal_layer_p2,positive_depth_only,pair_minus_original_only,original_objective_mean,7,-0.15945635690721918,0.29950334329697476,-0.43645075056246596,0.11753803674802757,6,estimated,0,raw_instance,two_sided_Student_t_95_df_n_minus_1,unadjusted_exploratory
all_designs_diagnostic,original_e4,max3sat,matched_random_selective,equal_layer_p2,positive_depth_only,pair_minus_original_only,encoded_energy_mean,7,-1.7184523572262995,1.7583338431635605,-3.3446399361998456,-0.0922647782527537,6,estimated,0,raw_instance,two_sided_Student_t_95_df_n_minus_1,unadjusted_exploratory
all_designs_diagnostic,original_e4,max3sat,matched_random_selective,equal_layer_p2,positive_depth_only,pair_minus_original_only,optimum_hit_rate,7,0.014104882514326745,0.01470753396294825,0.0005026822604508163,0.027707082768202676,6,estimated,0,raw_instance,two_sided_Student_t_95_df_n_minus_1,unadjusted_exploratory
all_designs_diagnostic,original_e4,max3sat,matched_random_selective,equal_layer_p2,positive_depth_only,pair_minus_original_only,auxiliary_inconsistency_rate,7,-0.0642369852150857,0.056859107652957694,-0.11682288918108161,-0.011651081249089784,6,estimated,0,raw_instance,two_sided_Student_t_95_df_n_minus_1,unadjusted_exploratory
all_designs_diagnostic,original_e4,max3sat,matched_random_selective,equal_layer_p2,positive_depth_only,pair_minus_original_only,statevector_norm,7,-3.489272363107635e-16,9.40808544848781e-16,-1.2190300189954446e-15,5.211755463739178e-16,6,estimated,0,raw_instance,two_sided_Student_t_95_df_n_minus_1,unadjusted_exploratory
all_designs_diagnostic,original_e4,max3sat,selective,equal_2q_budget_128,all_scheduled,independence_minus_cold,original_objective_mean,7,-0.6903673063595258,1.4147644167871716,-1.9988061620967992,0.6180715493777477,6,estimated,2,raw_instance,two_sided_Student_t_95_df_n_minus_1,unadjusted_exploratory
all_designs_diagnostic,original_e4,max3sat,selective,equal_2q_budget_128,all_scheduled,independence_minus_cold,encoded_energy_mean,7,-5.501321437829049,5.695108688746036,-10.768418494824974,-0.23422438083312525,6,estimated,2,raw_instance,two_sided_Student_t_95_df_n_minus_1,unadjusted_exploratory
all_designs_diagnostic,original_e4,max3sat,selective,equal_2q_budget_128,all_scheduled,independence_minus_cold,optimum_hit_rate,7,0.02018558473987896,0.040798953955794526,-0.017547154361961265,0.05791832384171919,6,estimated,2,raw_instance,two_sided_Student_t_95_df_n_minus_1,unadjusted_exploratory
all_designs_diagnostic,original_e4,max3sat,selective,equal_2q_budget_128,all_scheduled,independence_minus_cold,auxiliary_inconsistency_rate,7,-0.10401130235949944,0.08239138977954324,-0.1802106288951248,-0.027811975823874097,6,estimated,2,raw_instance,two_sided_Student_t_95_df_n_minus_1,unadjusted_exploratory
all_designs_diagnostic,original_e4,max3sat,selective,equal_2q_budget_128,all_scheduled,independence_minus_cold,statevector_norm,7,9.516197353929913e-17,5.67657989445145e-16,-4.2983410449781255e-16,6.201580515764108e-16,6,estimated,2,raw_instance,two_sided_Student_t_95_df_n_minus_1,unadjusted_exploratory
all_designs_diagnostic,original_e4,max3sat,selective,equal_2q_budget_128,all_scheduled,original_only_minus_cold,original_objective_mean,7,-0.7124395585762809,1.3998173283485622,-2.0070546631213726,0.5821755459688108,6,estimated,2,raw_instance,two_sided_Student_t_95_df_n_minus_1,unadjusted_exploratory
all_designs_diagnostic,original_e4,max3sat,selective,equal_2q_budget_128,all_scheduled,original_only_minus_cold,encoded_energy_mean,7,-1.4048414197293957,1.4633567936722522,-2.758220728629504,-0.05146211082928742,6,estimated,2,raw_instance,two_sided_Student_t_95_df_n_minus_1,unadjusted_exploratory
all_designs_diagnostic,original_e4,max3sat,selective,equal_2q_budget_128,all_scheduled,original_only_minus_cold,optimum_hit_rate,7,0.01795090240868923,0.03842238894237528,-0.017583880644888788,0.05348568546226724,6,estimated,2,raw_instance,two_sided_Student_t_95_df_n_minus_1,unadjusted_exploratory
all_designs_diagnostic,original_e4,max3sat,selective,equal_2q_budget_128,all_scheduled,original_only_minus_cold,auxiliary_inconsistency_rate,7,-0.04001038076027335,0.06517095948361885,-0.10028346555250578,0.020262704031959088,6,estimated,2,raw_instance,two_sided_Student_t_95_df_n_minus_1,unadjusted_exploratory
all_designs_diagnostic,original_e4,max3sat,selective,equal_2q_budget_128,all_scheduled,original_only_minus_cold,statevector_norm,7,3.3306690738754696e-16,6.114631631344405e-16,-2.3244219929044317e-16,8.98576014065537e-16,6,estimated,2,raw_instance,two_sided_Student_t_95_df_n_minus_1,unadjusted_exploratory
all_designs_diagnostic,original_e4,max3sat,selective,equal_2q_budget_128,all_scheduled,pair_minus_cold,original_objective_mean,7,-1.0349030601095477,1.2699739633833766,-2.2094330806192795,0.13962696040018407,6,estimated,2,raw_instance,two_sided_Student_t_95_df_n_minus_1,unadjusted_exploratory
all_designs_diagnostic,original_e4,max3sat,selective,equal_2q_budget_128,all_scheduled,pair_minus_cold,encoded_energy_mean,7,-6.97998797849558,5.6063612499028395,-12.165007344003257,-1.7949686129879021,6,estimated,2,raw_instance,two_sided_Student_t_95_df_n_minus_1,unadjusted_exploratory
all_designs_diagnostic,original_e4,max3sat,selective,equal_2q_budget_128,all_scheduled,pair_minus_cold,optimum_hit_rate,7,0.029679123947368543,0.0435507056541618,-0.010598561013133622,0.0699568089078707,6,estimated,2,raw_instance,two_sided_Student_t_95_df_n_minus_1,unadjusted_exploratory
all_designs_diagnostic,original_e4,max3sat,selective,equal_2q_budget_128,all_scheduled,pair_minus_cold,auxiliary_inconsistency_rate,7,-0.16992814443305798,0.16930381036355752,-0.32650805362183866,-0.013348235244277334,6,estimated,2,raw_instance,two_sided_Student_t_95_df_n_minus_1,unadjusted_exploratory
all_designs_diagnostic,original_e4,max3sat,selective,equal_2q_budget_128,all_scheduled,pair_minus_cold,statevector_norm,7,4.7580986769649563e-17,6.176710701401986e-16,-5.236694763085697e-16,6.188314498478688e-16,6,estimated,2,raw_instance,two_sided_Student_t_95_df_n_minus_1,unadjusted_exploratory
all_designs_diagnostic,original_e4,max3sat,selective,equal_2q_budget_128,all_scheduled,pair_minus_independence,original_objective_mean,7,-0.3445357537500219,0.5466594211529117,-0.8501113951812954,0.16103988768125166,6,estimated,2,raw_instance,two_sided_Student_t_95_df_n_minus_1,unadjusted_exploratory
all_designs_diagnostic,original_e4,max3sat,selective,equal_2q_budget_128,all_scheduled,pair_minus_independence,encoded_energy_mean,7,-1.4786665406665307,5.518025023046124,-6.581988522343318,3.6246554410102565,6,estimated,2,raw_instance,two_sided_Student_t_95_df_n_minus_1,unadjusted_exploratory
all_designs_diagnostic,original_e4,max3sat,selective,equal_2q_budget_128,all_scheduled,pair_minus_independence,optimum_hit_rate,7,0.009493539207489587,0.0226450069927111,-0.01144959923035166,0.030436677645330833,6,estimated,2,raw_instance,two_sided_Student_t_95_df_n_minus_1,unadjusted_exploratory
all_designs_diagnostic,original_e4,max3sat,selective,equal_2q_budget_128,all_scheduled,pair_minus_independence,auxiliary_inconsistency_rate,7,-0.06591684207355854,0.12104218656129716,-0.17786219368189377,0.046028509534776677,6,estimated,2,raw_instance,two_sided_Student_t_95_df_n_minus_1,unadjusted_exploratory
all_designs_diagnostic,original_e4,max3sat,selective,equal_2q_budget_128,all_scheduled,pair_minus_independence,statevector_norm,7,-4.7580986769649563e-17,5.692068545052605e-16,-5.740095260723274e-16,4.788475525330283e-16,6,estimated,2,raw_instance,two_sided_Student_t_95_df_n_minus_1,unadjusted_exploratory
all_designs_diagnostic,original_e4,max3sat,selective,equal_2q_budget_128,all_scheduled,pair_minus_original_only,original_objective_mean,7,-0.3224635015332668,0.634645025137496,-0.9094122547228785,0.2644852516563448,6,estimated,2,raw_instance,two_sided_Student_t_95_df_n_minus_1,unadjusted_exploratory
all_designs_diagnostic,original_e4,max3sat,selective,equal_2q_budget_128,all_scheduled,pair_minus_original_only,encoded_energy_mean,7,-5.575146558766185,6.021722331144804,-11.144310854277279,-0.005982263255090103,6,estimated,2,raw_instance,two_sided_Student_t_95_df_n_minus_1,unadjusted_exploratory
all_designs_diagnostic,original_e4,max3sat,selective,equal_2q_budget_128,all_scheduled,pair_minus_original_only,optimum_hit_rate,7,0.011728221538679315,0.024162856713013325,-0.010618693759569179,0.03407513683692781,6,estimated,2,raw_instance,two_sided_Student_t_95_df_n_minus_1,unadjusted_exploratory
all_designs_diagnostic,original_e4,max3sat,selective,equal_2q_budget_128,all_scheduled,pair_minus_original_only,auxiliary_inconsistency_rate,7,-0.12991776367278465,0.16294498311712866,-0.2806167385184166,0.020781211172847314,6,estimated,2,raw_instance,two_sided_Student_t_95_df_n_minus_1,unadjusted_exploratory
all_designs_diagnostic,original_e4,max3sat,selective,equal_2q_budget_128,all_scheduled,pair_minus_original_only,statevector_norm,7,-2.854859206178974e-16,5.122174196524179e-16,-7.592080233978757e-16,1.882361821620808e-16,6,estimated,2,raw_instance,two_sided_Student_t_95_df_n_minus_1,unadjusted_exploratory
all_designs_diagnostic,original_e4,max3sat,selective,equal_2q_budget_128,positive_depth_only,independence_minus_cold,original_objective_mean,5,-0.22021793260704037,0.5429469398628693,-0.8943756007696694,0.45393973555558864,4,estimated,0,raw_instance,two_sided_Student_t_95_df_n_minus_1,unadjusted_exploratory
all_designs_diagnostic,original_e4,max3sat,selective,equal_2q_budget_128,positive_depth_only,independence_minus_cold,encoded_energy_mean,5,-2.665738901849557,2.5636767715785993,-5.848964052149959,0.5174862484508447,4,estimated,0,raw_instance,two_sided_Student_t_95_df_n_minus_1,unadjusted_exploratory
all_designs_diagnostic,original_e4,max3sat,selective,equal_2q_budget_128,positive_depth_only,independence_minus_cold,optimum_hit_rate,5,0.008172370076159766,0.024586351793800386,-0.022355617793374707,0.03870035794569424,4,estimated,0,raw_instance,two_sided_Student_t_95_df_n_minus_1,unadjusted_exploratory
all_designs_diagnostic,original_e4,max3sat,selective,equal_2q_budget_128,positive_depth_only,independence_minus_cold,auxiliary_inconsistency_rate,5,-0.1045683510412515,0.10086541792121198,-0.22980930913779718,0.020672607055294168,4,estimated,0,raw_instance,two_sided_Student_t_95_df_n_minus_1,unadjusted_exploratory
all_designs_diagnostic,original_e4,max3sat,selective,equal_2q_budget_128,positive_depth_only,independence_minus_cold,statevector_norm,5,2.220446049250313e-16,6.231111271582837e-16,-5.516500485475772e-16,9.957392583976397e-16,4,estimated,0,raw_instance,two_sided_Student_t_95_df_n_minus_1,unadjusted_exploratory
all_designs_diagnostic,original_e4,max3sat,selective,equal_2q_budget_128,positive_depth_only,original_only_minus_cold,original_objective_mean,5,-0.2511190857105003,0.5173645151535966,-0.8935119781248668,0.3912738067038663,4,estimated,0,raw_instance,two_sided_Student_t_95_df_n_minus_1,unadjusted_exploratory
all_designs_diagnostic,original_e4,max3sat,selective,equal_2q_budget_128,positive_depth_only,original_only_minus_cold,encoded_energy_mean,5,-1.2575187283619031,1.2430356344049647,-2.800951324086924,0.28591386736311786,4,estimated,0,raw_instance,two_sided_Student_t_95_df_n_minus_1,unadjusted_exploratory
all_designs_diagnostic,original_e4,max3sat,selective,equal_2q_budget_128,positive_depth_only,original_only_minus_cold,optimum_hit_rate,5,0.005043814812494153,0.014987361617291155,-0.013565452535757215,0.02365308216074552,4,estimated,0,raw_instance,two_sided_Student_t_95_df_n_minus_1,unadjusted_exploratory
all_designs_diagnostic,original_e4,max3sat,selective,equal_2q_budget_128,positive_depth_only,original_only_minus_cold,auxiliary_inconsistency_rate,5,-0.05601453306438333,0.0724589507377502,-0.14598420354306782,0.033955137414301166,4,estimated,0,raw_instance,two_sided_Student_t_95_df_n_minus_1,unadjusted_exploratory
all_designs_diagnostic,original_e4,max3sat,selective,equal_2q_budget_128,positive_depth_only,original_only_minus_cold,statevector_norm,5,3.3306690738754696e-16,7.447602459741819e-16,-5.916750773319745e-16,1.2578088921070684e-15,4,estimated,0,raw_instance,two_sided_Student_t_95_df_n_minus_1,unadjusted_exploratory
all_designs_diagnostic,original_e4,max3sat,selective,equal_2q_budget_128,positive_depth_only,pair_minus_cold,original_objective_mean,5,-0.7025679878570706,0.44221337563214447,-1.251648415903662,-0.15348755981047923,4,estimated,0,raw_instance,two_sided_Student_t_95_df_n_minus_1,unadjusted_exploratory
all_designs_diagnostic,original_e4,max3sat,selective,equal_2q_budget_128,positive_depth_only,pair_minus_cold,encoded_energy_mean,5,-6.47994613285677,6.678272698806964,-14.772116913152466,1.812224647438927,4,estimated,0,raw_instance,two_sided_Student_t_95_df_n_minus_1,unadjusted_exploratory
all_designs_diagnostic,original_e4,max3sat,selective,equal_2q_budget_128,positive_depth_only,pair_minus_cold,optimum_hit_rate,5,0.021463324966645183,0.035898903993649076,-0.023111051697242205,0.06603770163053257,4,estimated,0,raw_instance,two_sided_Student_t_95_df_n_minus_1,unadjusted_exploratory
all_designs_diagnostic,original_e4,max3sat,selective,equal_2q_budget_128,positive_depth_only,pair_minus_cold,auxiliary_inconsistency_rate,5,-0.217720364163958,0.18119709757029415,-0.44270627679600694,0.007265548468090938,4,estimated,0,raw_instance,two_sided_Student_t_95_df_n_minus_1,unadjusted_exploratory
all_designs_diagnostic,original_e4,max3sat,selective,equal_2q_budget_128,positive_depth_only,pair_minus_cold,statevector_norm,5,2.220446049250313e-16,6.030054506389723e-16,-5.266855538540176e-16,9.707747637040803e-16,4,estimated,0,raw_instance,two_sided_Student_t_95_df_n_minus_1,unadjusted_exploratory
all_designs_diagnostic,original_e4,max3sat,selective,equal_2q_budget_128,positive_depth_only,pair_minus_independence,original_objective_mean,5,-0.4823500552500303,0.604285829863971,-1.232670014816808,0.2679699043167474,4,estimated,0,raw_instance,two_sided_Student_t_95_df_n_minus_1,unadjusted_exploratory
all_designs_diagnostic,original_e4,max3sat,selective,equal_2q_budget_128,positive_depth_only,pair_minus_independence,encoded_energy_mean,5,-3.814207231007213,4.448364346536686,-9.33758109099503,1.7091666289806033,4,estimated,0,raw_instance,two_sided_Student_t_95_df_n_minus_1,unadjusted_exploratory
all_designs_diagnostic,original_e4,max3sat,selective,equal_2q_budget_128,positive_depth_only,pair_minus_independence,optimum_hit_rate,5,0.013290954890485419,0.02657264405118547,-0.019703340564954996,0.04628525034592583,4,estimated,0,raw_instance,two_sided_Student_t_95_df_n_minus_1,unadjusted_exploratory
all_designs_diagnostic,original_e4,max3sat,selective,equal_2q_budget_128,positive_depth_only,pair_minus_independence,auxiliary_inconsistency_rate,5,-0.11315201312270648,0.1100383446207143,-0.24978266406018626,0.0234786378147733,4,estimated,0,raw_instance,two_sided_Student_t_95_df_n_minus_1,unadjusted_exploratory
all_designs_diagnostic,original_e4,max3sat,selective,equal_2q_budget_128,positive_depth_only,pair_minus_independence,statevector_norm,5,0.0,6.798699777552592e-16,-8.441700748382992e-16,8.441700748382992e-16,4,estimated,0,raw_instance,two_sided_Student_t_95_df_n_minus_1,unadjusted_exploratory
all_designs_diagnostic,original_e4,max3sat,selective,equal_2q_budget_128,positive_depth_only,pair_minus_original_only,original_objective_mean,5,-0.4514489021465703,0.7289537468337044,-1.3565645259457222,0.4536667216525815,4,estimated,0,raw_instance,two_sided_Student_t_95_df_n_minus_1,unadjusted_exploratory
all_designs_diagnostic,original_e4,max3sat,selective,equal_2q_budget_128,positive_depth_only,pair_minus_original_only,encoded_energy_mean,5,-5.2224274044948675,7.33792182521457,-14.333660756497453,3.888805947507718,4,estimated,0,raw_instance,two_sided_Student_t_95_df_n_minus_1,unadjusted_exploratory
all_designs_diagnostic,original_e4,max3sat,selective,equal_2q_budget_128,positive_depth_only,pair_minus_original_only,optimum_hit_rate,5,0.01641951015415103,0.027919162603455377,-0.01824670891055638,0.05108572921885844,4,estimated,0,raw_instance,two_sided_Student_t_95_df_n_minus_1,unadjusted_exploratory
all_designs_diagnostic,original_e4,max3sat,selective,equal_2q_budget_128,positive_depth_only,pair_minus_original_only,auxiliary_inconsistency_rate,5,-0.16170583109957465,0.18771090786064132,-0.3947797074602769,0.07136804526112764,4,estimated,0,raw_instance,two_sided_Student_t_95_df_n_minus_1,unadjusted_exploratory
all_designs_diagnostic,original_e4,max3sat,selective,equal_2q_budget_128,positive_depth_only,pair_minus_original_only,statevector_norm,5,-1.1102230246251565e-16,3.6821932062951477e-16,-5.682269763312327e-16,3.4618237140620137e-16,4,estimated,0,raw_instance,two_sided_Student_t_95_df_n_minus_1,unadjusted_exploratory
all_designs_diagnostic,original_e4,max3sat,selective,equal_2q_budget_128,zero_depth_only,independence_minus_cold,original_objective_mean,2,-1.8657407407407396,2.6385558594275786,-25.572224577214808,21.840743095733327,1,estimated,2,raw_instance,two_sided_Student_t_95_df_n_minus_1,unadjusted_exploratory
all_designs_diagnostic,original_e4,max3sat,selective,equal_2q_budget_128,zero_depth_only,independence_minus_cold,encoded_energy_mean,2,-12.59027777777778,5.254196221316711,-59.797357873982406,34.61680231842685,1,estimated,2,raw_instance,two_sided_Student_t_95_df_n_minus_1,unadjusted_exploratory
all_designs_diagnostic,original_e4,max3sat,selective,equal_2q_budget_128,zero_depth_only,independence_minus_cold,optimum_hit_rate,2,0.05021862139917693,0.07101985546639575,-0.5878694636672088,0.6883067064655626,1,estimated,2,raw_instance,two_sided_Student_t_95_df_n_minus_1,unadjusted_exploratory
all_designs_diagnostic,original_e4,max3sat,selective,equal_2q_budget_128,zero_depth_only,independence_minus_cold,auxiliary_inconsistency_rate,2,-0.10261868065511931,0.00541167465323905,-0.15124064832613923,-0.05399671298409938,1,estimated,2,raw_instance,two_sided_Student_t_95_df_n_minus_1,unadjusted_exploratory
all_designs_diagnostic,original_e4,max3sat,selective,equal_2q_budget_128,zero_depth_only,independence_minus_cold,statevector_norm,2,-2.220446049250313e-16,3.1401849173675503e-16,-3.043388815665503e-15,2.5992996058154403e-15,1,estimated,2,raw_instance,two_sided_Student_t_95_df_n_minus_1,unadjusted_exploratory
all_designs_diagnostic,original_e4,max3sat,selective,equal_2q_budget_128,zero_depth_only,original_only_minus_cold,original_objective_mean,2,-1.8657407407407325,2.638555859427576,-25.57222457721478,21.840743095733313,1,estimated,2,raw_instance,two_sided_Student_t_95_df_n_minus_1,unadjusted_exploratory
all_designs_diagnostic,original_e4,max3sat,selective,equal_2q_budget_128,zero_depth_only,original_only_minus_cold,encoded_energy_mean,2,-1.7731481481481275,2.50761015920784,-24.30313154608743,20.756835249791177,1,estimated,2,raw_instance,two_sided_Student_t_95_df_n_minus_1,unadjusted_exploratory
all_designs_diagnostic,original_e4,max3sat,selective,equal_2q_budget_128,zero_depth_only,original_only_minus_cold,optimum_hit_rate,2,0.05021862139917692,0.07101985546639573,-0.5878694636672087,0.6883067064655625,1,estimated,2,raw_instance,two_sided_Student_t_95_df_n_minus_1,unadjusted_exploratory
all_designs_diagnostic,original_e4,max3sat,selective,equal_2q_budget_128,zero_depth_only,original_only_minus_cold,auxiliary_inconsistency_rate,2,1.609823385706477e-15,2.1196248192230965e-15,-1.743425003679171e-14,2.0653896808204663e-14,1,estimated,2,raw_instance,two_sided_Student_t_95_df_n_minus_1,unadjusted_exploratory
all_designs_diagnostic,original_e4,max3sat,selective,equal_2q_budget_128,zero_depth_only,original_only_minus_cold,statevector_norm,2,3.3306690738754696e-16,1.5700924586837752e-16,-1.0776051979826889e-15,1.7437390127577828e-15,1,estimated,2,raw_instance,two_sided_Student_t_95_df_n_minus_1,unadjusted_exploratory
all_designs_diagnostic,original_e4,max3sat,selective,equal_2q_budget_128,zero_depth_only,pair_minus_cold,original_objective_mean,2,-1.8657407407407405,2.638555859427587,-25.572224577214882,21.8407430957334,1,estimated,2,raw_instance,two_sided_Student_t_95_df_n_minus_1,unadjusted_exploratory
all_designs_diagnostic,original_e4,max3sat,selective,equal_2q_budget_128,zero_depth_only,pair_minus_cold,encoded_energy_mean,2,-8.230092592592605,2.4113650695463567,-29.895348168209082,13.435162983023872,1,estimated,2,raw_instance,two_sided_Student_t_95_df_n_minus_1,unadjusted_exploratory
all_designs_diagnostic,original_e4,max3sat,selective,equal_2q_budget_128,zero_depth_only,pair_minus_cold,optimum_hit_rate,2,0.050218621399176946,0.07101985546639578,-0.5878694636672089,0.6883067064655629,1,estimated,2,raw_instance,two_sided_Student_t_95_df_n_minus_1,unadjusted_exploratory
all_designs_diagnostic,original_e4,max3sat,selective,equal_2q_budget_128,zero_depth_only,pair_minus_cold,auxiliary_inconsistency_rate,2,-0.050447595105807985,0.026104480094533134,-0.28498704334582525,0.18409185313420925,1,estimated,2,raw_instance,two_sided_Student_t_95_df_n_minus_1,unadjusted_exploratory
all_designs_diagnostic,original_e4,max3sat,selective,equal_2q_budget_128,zero_depth_only,pair_minus_cold,statevector_norm,2,-3.885780586188048e-16,5.495323605393213e-16,-5.32593042741463e-15,4.54877431017702e-15,1,estimated,2,raw_instance,two_sided_Student_t_95_df_n_minus_1,unadjusted_exploratory
all_designs_diagnostic,original_e4,max3sat,selective,equal_2q_budget_128,zero_depth_only,pair_minus_independence,original_objective_mean,2,-8.881784197001252e-16,8.79251776862914e-15,-7.988581632043333e-14,7.810945948103308e-14,1,estimated,2,raw_instance,two_sided_Student_t_95_df_n_minus_1,unadjusted_exploratory
all_designs_diagnostic,original_e4,max3sat,selective,equal_2q_budget_128,zero_depth_only,pair_minus_independence,encoded_energy_mean,2,4.360185185185175,2.8428311517703544,-21.18163933540297,29.902009705773324,1,estimated,2,raw_instance,two_sided_Student_t_95_df_n_minus_1,unadjusted_exploratory
all_designs_diagnostic,original_e4,max3sat,selective,equal_2q_budget_128,zero_depth_only,pair_minus_independence,optimum_hit_rate,2,1.1275702593849246e-17,2.3306059933587286e-17,-1.9812093804704512e-16,2.206723432347436e-16,1,estimated,2,raw_instance,two_sided_Student_t_95_df_n_minus_1,unadjusted_exploratory
all_designs_diagnostic,original_e4,max3sat,selective,equal_2q_budget_128,zero_depth_only,pair_minus_independence,auxiliary_inconsistency_rate,2,0.052171085549311325,0.020692805441294086,-0.133746395019686,0.23808856611830864,1,estimated,2,raw_instance,two_sided_Student_t_95_df_n_minus_1,unadjusted_exploratory
all_designs_diagnostic,original_e4,max3sat,selective,equal_2q_budget_128,zero_depth_only,pair_minus_independence,statevector_norm,2,-1.6653345369377348e-16,2.3551386880256624e-16,-2.282541611749127e-15,1.94947470436158e-15,1,estimated,2,raw_instance,two_sided_Student_t_95_df_n_minus_1,unadjusted_exploratory
all_designs_diagnostic,original_e4,max3sat,selective,equal_2q_budget_128,zero_depth_only,pair_minus_original_only,original_objective_mean,2,-7.993605777301127e-15,1.130466570252318e-14,-1.095619973639581e-13,9.357478580935584e-14,1,estimated,2,raw_instance,two_sided_Student_t_95_df_n_minus_1,unadjusted_exploratory
all_designs_diagnostic,original_e4,max3sat,selective,equal_2q_budget_128,zero_depth_only,pair_minus_original_only,encoded_energy_mean,2,-6.456944444444478,0.09624508966148343,-7.321672266767308,-5.592216622121647,1,estimated,2,raw_instance,two_sided_Student_t_95_df_n_minus_1,unadjusted_exploratory
all_designs_diagnostic,original_e4,max3sat,selective,equal_2q_budget_128,zero_depth_only,pair_minus_original_only,optimum_hit_rate,2,2.3418766925686896e-17,4.5385485133827876e-17,-3.843536385328969e-16,4.311911723842707e-16,1,estimated,2,raw_instance,two_sided_Student_t_95_df_n_minus_1,unadjusted_exploratory
all_designs_diagnostic,original_e4,max3sat,selective,equal_2q_budget_128,zero_depth_only,pair_minus_original_only,auxiliary_inconsistency_rate,2,-0.050447595105809595,0.026104480094531014,-0.2849870433458078,0.1840918531341886,1,estimated,2,raw_instance,two_sided_Student_t_95_df_n_minus_1,unadjusted_exploratory
all_designs_diagnostic,original_e4,max3sat,selective,equal_2q_budget_128,zero_depth_only,pair_minus_original_only,statevector_norm,2,-7.216449660063518e-16,7.065416064076988e-16,-7.069669440172412e-15,5.626379508159709e-15,1,estimated,2,raw_instance,two_sided_Student_t_95_df_n_minus_1,unadjusted_exploratory
all_designs_diagnostic,original_e4,max3sat,selective,equal_2q_budget_256,all_scheduled,independence_minus_cold,original_objective_mean,7,-0.4068301136052326,1.6963987105947127,-1.9757372485509652,1.1620770213405,6,estimated,0,raw_instance,two_sided_Student_t_95_df_n_minus_1,unadjusted_exploratory
all_designs_diagnostic,original_e4,max3sat,selective,equal_2q_budget_256,all_scheduled,independence_minus_cold,encoded_energy_mean,7,-2.3081467462696117,7.489774154417086,-9.23503252884463,4.618739036305406,6,estimated,0,raw_instance,two_sided_Student_t_95_df_n_minus_1,unadjusted_exploratory
all_designs_diagnostic,original_e4,max3sat,selective,equal_2q_budget_256,all_scheduled,independence_minus_cold,optimum_hit_rate,7,0.0202889572694921,0.045809325677502184,-0.02207760281666242,0.06265551735564662,6,estimated,0,raw_instance,two_sided_Student_t_95_df_n_minus_1,unadjusted_exploratory
all_designs_diagnostic,original_e4,max3sat,selective,equal_2q_budget_256,all_scheduled,independence_minus_cold,auxiliary_inconsistency_rate,7,0.0005785740489486055,0.11466042736076436,-0.10546463469598429,0.1066217827938815,6,estimated,0,raw_instance,two_sided_Student_t_95_df_n_minus_1,unadjusted_exploratory
all_designs_diagnostic,original_e4,max3sat,selective,equal_2q_budget_256,all_scheduled,independence_minus_cold,statevector_norm,7,-1.586032892321652e-17,6.705249883260978e-16,-6.359925135176144e-16,6.042718556711813e-16,6,estimated,0,raw_instance,two_sided_Student_t_95_df_n_minus_1,unadjusted_exploratory
all_designs_diagnostic,original_e4,max3sat,selective,equal_2q_budget_256,all_scheduled,original_only_minus_cold,original_objective_mean,7,-0.16060242007972075,1.7101549022362403,-1.7422319103781685,1.421027070218727,6,estimated,0,raw_instance,two_sided_Student_t_95_df_n_minus_1,unadjusted_exploratory
all_designs_diagnostic,original_e4,max3sat,selective,equal_2q_budget_256,all_scheduled,original_only_minus_cold,encoded_energy_mean,7,0.2594926929888966,2.842092978630196,-2.3690049146218066,2.8879903005996,6,estimated,0,raw_instance,two_sided_Student_t_95_df_n_minus_1,unadjusted_exploratory
all_designs_diagnostic,original_e4,max3sat,selective,equal_2q_budget_256,all_scheduled,original_only_minus_cold,optimum_hit_rate,7,-0.0037851985235135568,0.0525402036096834,-0.05237678244769362,0.04480638540066651,6,estimated,0,raw_instance,two_sided_Student_t_95_df_n_minus_1,unadjusted_exploratory
all_designs_diagnostic,original_e4,max3sat,selective,equal_2q_budget_256,all_scheduled,original_only_minus_cold,auxiliary_inconsistency_rate,7,0.040339867707317185,0.07223670561337787,-0.02646794235171756,0.10714767776635192,6,estimated,0,raw_instance,two_sided_Student_t_95_df_n_minus_1,unadjusted_exploratory
all_designs_diagnostic,original_e4,max3sat,selective,equal_2q_budget_256,all_scheduled,original_only_minus_cold,statevector_norm,7,4.758098676964956e-16,5.235510352975821e-16,-8.394081325983555e-18,9.60013816718975e-16,6,estimated,0,raw_instance,two_sided_Student_t_95_df_n_minus_1,unadjusted_exploratory
all_designs_diagnostic,original_e4,max3sat,selective,equal_2q_budget_256,all_scheduled,pair_minus_cold,original_objective_mean,7,-0.3368112800875703,1.6901278266643789,-1.899918814692138,1.2262962545169975,6,estimated,0,raw_instance,two_sided_Student_t_95_df_n_minus_1,unadjusted_exploratory
all_designs_diagnostic,original_e4,max3sat,selective,equal_2q_budget_256,all_scheduled,pair_minus_cold,encoded_energy_mean,7,-3.5728377006244156,5.390983582701146,-8.55866594633795,1.412990545089118,6,estimated,0,raw_instance,two_sided_Student_t_95_df_n_minus_1,unadjusted_exploratory
all_designs_diagnostic,original_e4,max3sat,selective,equal_2q_budget_256,all_scheduled,pair_minus_cold,optimum_hit_rate,7,0.0008718656156787228,0.05318421426048465,-0.04831532882076642,0.05005906005212386,6,estimated,0,raw_instance,two_sided_Student_t_95_df_n_minus_1,unadjusted_exploratory
all_designs_diagnostic,original_e4,max3sat,selective,equal_2q_budget_256,all_scheduled,pair_minus_cold,auxiliary_inconsistency_rate,7,-0.030759467653071994,0.12131907160079013,-0.14296089521295513,0.08144195990681115,6,estimated,0,raw_instance,two_sided_Student_t_95_df_n_minus_1,unadjusted_exploratory
all_designs_diagnostic,original_e4,max3sat,selective,equal_2q_budget_256,all_scheduled,pair_minus_cold,statevector_norm,7,-9.516197353929913e-17,1.0442955738016827e-15,-1.060974294957138e-15,8.706503478785397e-16,6,estimated,0,raw_instance,two_sided_Student_t_95_df_n_minus_1,unadjusted_exploratory
all_designs_diagnostic,original_e4,max3sat,selective,equal_2q_budget_256,all_scheduled,pair_minus_independence,original_objective_mean,7,0.07001883351766233,0.6458645774986638,-0.5273062749712069,0.6673439420065316,6,estimated,0,raw_instance,two_sided_Student_t_95_df_n_minus_1,unadjusted_exploratory
all_designs_diagnostic,original_e4,max3sat,selective,equal_2q_budget_256,all_scheduled,pair_minus_independence,encoded_energy_mean,7,-1.2646909543548037,4.70045738568269,-5.61188898265359,3.082507073943982,6,estimated,0,raw_instance,two_sided_Student_t_95_df_n_minus_1,unadjusted_exploratory
all_designs_diagnostic,original_e4,max3sat,selective,equal_2q_budget_256,all_scheduled,pair_minus_independence,optimum_hit_rate,7,-0.019417091653813372,0.0404445397440725,-0.056822052278798996,0.017987868971172247,6,estimated,0,raw_instance,two_sided_Student_t_95_df_n_minus_1,unadjusted_exploratory
all_designs_diagnostic,original_e4,max3sat,selective,equal_2q_budget_256,all_scheduled,pair_minus_independence,auxiliary_inconsistency_rate,7,-0.0313380417020206,0.10896811895391596,-0.1321167432187647,0.0694406598147235,6,estimated,0,raw_instance,two_sided_Student_t_95_df_n_minus_1,unadjusted_exploratory
all_designs_diagnostic,original_e4,max3sat,selective,equal_2q_budget_256,all_scheduled,pair_minus_independence,statevector_norm,7,-7.930164461608261e-17,7.272152504855687e-16,-7.518635771397026e-16,5.932602879075373e-16,6,estimated,0,raw_instance,two_sided_Student_t_95_df_n_minus_1,unadjusted_exploratory
all_designs_diagnostic,original_e4,max3sat,selective,equal_2q_budget_256,all_scheduled,pair_minus_original_only,original_objective_mean,7,-0.1762088600078495,0.2405869812053712,-0.3987147066763103,0.04629698666061133,6,estimated,0,raw_instance,two_sided_Student_t_95_df_n_minus_1,unadjusted_exploratory
all_designs_diagnostic,original_e4,max3sat,selective,equal_2q_budget_256,all_scheduled,pair_minus_original_only,encoded_energy_mean,7,-3.8323303936133124,3.8827056292814577,-7.423234186824805,-0.24142660040181907,6,estimated,0,raw_instance,two_sided_Student_t_95_df_n_minus_1,unadjusted_exploratory
all_designs_diagnostic,original_e4,max3sat,selective,equal_2q_budget_256,all_scheduled,pair_minus_original_only,optimum_hit_rate,7,0.00465706413919228,0.008321358482112228,-0.0030389088732195096,0.01235303715160407,6,estimated,0,raw_instance,two_sided_Student_t_95_df_n_minus_1,unadjusted_exploratory
all_designs_diagnostic,original_e4,max3sat,selective,equal_2q_budget_256,all_scheduled,pair_minus_original_only,auxiliary_inconsistency_rate,7,-0.07109933536038918,0.07854397386431018,-0.14374039564480007,0.0015417249240217007,6,estimated,0,raw_instance,two_sided_Student_t_95_df_n_minus_1,unadjusted_exploratory
all_designs_diagnostic,original_e4,max3sat,selective,equal_2q_budget_256,all_scheduled,pair_minus_original_only,statevector_norm,7,-5.709718412357948e-16,8.416939731846475e-16,-1.3494089337205382e-15,2.074652512489485e-16,6,estimated,0,raw_instance,two_sided_Student_t_95_df_n_minus_1,unadjusted_exploratory
all_designs_diagnostic,original_e4,max3sat,selective,equal_2q_budget_256,positive_depth_only,independence_minus_cold,original_objective_mean,7,-0.4068301136052326,1.6963987105947127,-1.9757372485509652,1.1620770213405,6,estimated,0,raw_instance,two_sided_Student_t_95_df_n_minus_1,unadjusted_exploratory
all_designs_diagnostic,original_e4,max3sat,selective,equal_2q_budget_256,positive_depth_only,independence_minus_cold,encoded_energy_mean,7,-2.3081467462696117,7.489774154417086,-9.23503252884463,4.618739036305406,6,estimated,0,raw_instance,two_sided_Student_t_95_df_n_minus_1,unadjusted_exploratory
all_designs_diagnostic,original_e4,max3sat,selective,equal_2q_budget_256,positive_depth_only,independence_minus_cold,optimum_hit_rate,7,0.0202889572694921,0.045809325677502184,-0.02207760281666242,0.06265551735564662,6,estimated,0,raw_instance,two_sided_Student_t_95_df_n_minus_1,unadjusted_exploratory
all_designs_diagnostic,original_e4,max3sat,selective,equal_2q_budget_256,positive_depth_only,independence_minus_cold,auxiliary_inconsistency_rate,7,0.0005785740489486055,0.11466042736076436,-0.10546463469598429,0.1066217827938815,6,estimated,0,raw_instance,two_sided_Student_t_95_df_n_minus_1,unadjusted_exploratory
all_designs_diagnostic,original_e4,max3sat,selective,equal_2q_budget_256,positive_depth_only,independence_minus_cold,statevector_norm,7,-1.586032892321652e-17,6.705249883260978e-16,-6.359925135176144e-16,6.042718556711813e-16,6,estimated,0,raw_instance,two_sided_Student_t_95_df_n_minus_1,unadjusted_exploratory
all_designs_diagnostic,original_e4,max3sat,selective,equal_2q_budget_256,positive_depth_only,original_only_minus_cold,original_objective_mean,7,-0.16060242007972075,1.7101549022362403,-1.7422319103781685,1.421027070218727,6,estimated,0,raw_instance,two_sided_Student_t_95_df_n_minus_1,unadjusted_exploratory
all_designs_diagnostic,original_e4,max3sat,selective,equal_2q_budget_256,positive_depth_only,original_only_minus_cold,encoded_energy_mean,7,0.2594926929888966,2.842092978630196,-2.3690049146218066,2.8879903005996,6,estimated,0,raw_instance,two_sided_Student_t_95_df_n_minus_1,unadjusted_exploratory
all_designs_diagnostic,original_e4,max3sat,selective,equal_2q_budget_256,positive_depth_only,original_only_minus_cold,optimum_hit_rate,7,-0.0037851985235135568,0.0525402036096834,-0.05237678244769362,0.04480638540066651,6,estimated,0,raw_instance,two_sided_Student_t_95_df_n_minus_1,unadjusted_exploratory
all_designs_diagnostic,original_e4,max3sat,selective,equal_2q_budget_256,positive_depth_only,original_only_minus_cold,auxiliary_inconsistency_rate,7,0.040339867707317185,0.07223670561337787,-0.02646794235171756,0.10714767776635192,6,estimated,0,raw_instance,two_sided_Student_t_95_df_n_minus_1,unadjusted_exploratory
all_designs_diagnostic,original_e4,max3sat,selective,equal_2q_budget_256,positive_depth_only,original_only_minus_cold,statevector_norm,7,4.758098676964956e-16,5.235510352975821e-16,-8.394081325983555e-18,9.60013816718975e-16,6,estimated,0,raw_instance,two_sided_Student_t_95_df_n_minus_1,unadjusted_exploratory
all_designs_diagnostic,original_e4,max3sat,selective,equal_2q_budget_256,positive_depth_only,pair_minus_cold,original_objective_mean,7,-0.3368112800875703,1.6901278266643789,-1.899918814692138,1.2262962545169975,6,estimated,0,raw_instance,two_sided_Student_t_95_df_n_minus_1,unadjusted_exploratory
all_designs_diagnostic,original_e4,max3sat,selective,equal_2q_budget_256,positive_depth_only,pair_minus_cold,encoded_energy_mean,7,-3.5728377006244156,5.390983582701146,-8.55866594633795,1.412990545089118,6,estimated,0,raw_instance,two_sided_Student_t_95_df_n_minus_1,unadjusted_exploratory
all_designs_diagnostic,original_e4,max3sat,selective,equal_2q_budget_256,positive_depth_only,pair_minus_cold,optimum_hit_rate,7,0.0008718656156787228,0.05318421426048465,-0.04831532882076642,0.05005906005212386,6,estimated,0,raw_instance,two_sided_Student_t_95_df_n_minus_1,unadjusted_exploratory
all_designs_diagnostic,original_e4,max3sat,selective,equal_2q_budget_256,positive_depth_only,pair_minus_cold,auxiliary_inconsistency_rate,7,-0.030759467653071994,0.12131907160079013,-0.14296089521295513,0.08144195990681115,6,estimated,0,raw_instance,two_sided_Student_t_95_df_n_minus_1,unadjusted_exploratory
all_designs_diagnostic,original_e4,max3sat,selective,equal_2q_budget_256,positive_depth_only,pair_minus_cold,statevector_norm,7,-9.516197353929913e-17,1.0442955738016827e-15,-1.060974294957138e-15,8.706503478785397e-16,6,estimated,0,raw_instance,two_sided_Student_t_95_df_n_minus_1,unadjusted_exploratory
all_designs_diagnostic,original_e4,max3sat,selective,equal_2q_budget_256,positive_depth_only,pair_minus_independence,original_objective_mean,7,0.07001883351766233,0.6458645774986638,-0.5273062749712069,0.6673439420065316,6,estimated,0,raw_instance,two_sided_Student_t_95_df_n_minus_1,unadjusted_exploratory
all_designs_diagnostic,original_e4,max3sat,selective,equal_2q_budget_256,positive_depth_only,pair_minus_independence,encoded_energy_mean,7,-1.2646909543548037,4.70045738568269,-5.61188898265359,3.082507073943982,6,estimated,0,raw_instance,two_sided_Student_t_95_df_n_minus_1,unadjusted_exploratory
all_designs_diagnostic,original_e4,max3sat,selective,equal_2q_budget_256,positive_depth_only,pair_minus_independence,optimum_hit_rate,7,-0.019417091653813372,0.0404445397440725,-0.056822052278798996,0.017987868971172247,6,estimated,0,raw_instance,two_sided_Student_t_95_df_n_minus_1,unadjusted_exploratory
all_designs_diagnostic,original_e4,max3sat,selective,equal_2q_budget_256,positive_depth_only,pair_minus_independence,auxiliary_inconsistency_rate,7,-0.0313380417020206,0.10896811895391596,-0.1321167432187647,0.0694406598147235,6,estimated,0,raw_instance,two_sided_Student_t_95_df_n_minus_1,unadjusted_exploratory
all_designs_diagnostic,original_e4,max3sat,selective,equal_2q_budget_256,positive_depth_only,pair_minus_independence,statevector_norm,7,-7.930164461608261e-17,7.272152504855687e-16,-7.518635771397026e-16,5.932602879075373e-16,6,estimated,0,raw_instance,two_sided_Student_t_95_df_n_minus_1,unadjusted_exploratory
all_designs_diagnostic,original_e4,max3sat,selective,equal_2q_budget_256,positive_depth_only,pair_minus_original_only,original_objective_mean,7,-0.1762088600078495,0.2405869812053712,-0.3987147066763103,0.04629698666061133,6,estimated,0,raw_instance,two_sided_Student_t_95_df_n_minus_1,unadjusted_exploratory
all_designs_diagnostic,original_e4,max3sat,selective,equal_2q_budget_256,positive_depth_only,pair_minus_original_only,encoded_energy_mean,7,-3.8323303936133124,3.8827056292814577,-7.423234186824805,-0.24142660040181907,6,estimated,0,raw_instance,two_sided_Student_t_95_df_n_minus_1,unadjusted_exploratory
all_designs_diagnostic,original_e4,max3sat,selective,equal_2q_budget_256,positive_depth_only,pair_minus_original_only,optimum_hit_rate,7,0.00465706413919228,0.008321358482112228,-0.0030389088732195096,0.01235303715160407,6,estimated,0,raw_instance,two_sided_Student_t_95_df_n_minus_1,unadjusted_exploratory
all_designs_diagnostic,original_e4,max3sat,selective,equal_2q_budget_256,positive_depth_only,pair_minus_original_only,auxiliary_inconsistency_rate,7,-0.07109933536038918,0.07854397386431018,-0.14374039564480007,0.0015417249240217007,6,estimated,0,raw_instance,two_sided_Student_t_95_df_n_minus_1,unadjusted_exploratory
all_designs_diagnostic,original_e4,max3sat,selective,equal_2q_budget_256,positive_depth_only,pair_minus_original_only,statevector_norm,7,-5.709718412357948e-16,8.416939731846475e-16,-1.3494089337205382e-15,2.074652512489485e-16,6,estimated,0,raw_instance,two_sided_Student_t_95_df_n_minus_1,unadjusted_exploratory
all_designs_diagnostic,original_e4,max3sat,selective,equal_layer_p1,all_scheduled,independence_minus_cold,original_objective_mean,7,-0.9011262797166596,1.4311871308013873,-2.2247536126858236,0.4225010532525043,6,estimated,0,raw_instance,two_sided_Student_t_95_df_n_minus_1,unadjusted_exploratory
all_designs_diagnostic,original_e4,max3sat,selective,equal_layer_p1,all_scheduled,independence_minus_cold,encoded_energy_mean,7,-5.501665066072351,6.6848157916503865,-11.684088529269534,0.6807583971248317,6,estimated,0,raw_instance,two_sided_Student_t_95_df_n_minus_1,unadjusted_exploratory
all_designs_diagnostic,original_e4,max3sat,selective,equal_layer_p1,all_scheduled,independence_minus_cold,optimum_hit_rate,7,0.010499434050379314,0.04930681725643125,-0.03510176625232591,0.05610063435308454,6,estimated,0,raw_instance,two_sided_Student_t_95_df_n_minus_1,unadjusted_exploratory
all_designs_diagnostic,original_e4,max3sat,selective,equal_layer_p1,all_scheduled,independence_minus_cold,auxiliary_inconsistency_rate,7,-0.10433763180305082,0.11321915237370217,-0.2090478835040421,0.0003726198979404627,6,estimated,0,raw_instance,two_sided_Student_t_95_df_n_minus_1,unadjusted_exploratory
all_designs_diagnostic,original_e4,max3sat,selective,equal_layer_p1,all_scheduled,independence_minus_cold,statevector_norm,7,2.061842760018148e-16,4.460673452967851e-16,-2.0635921175943396e-16,6.187277637630635e-16,6,estimated,0,raw_instance,two_sided_Student_t_95_df_n_minus_1,unadjusted_exploratory
all_designs_diagnostic,original_e4,max3sat,selective,equal_layer_p1,all_scheduled,original_only_minus_cold,original_objective_mean,7,-0.9101548331042114,1.4309711654332038,-2.2335824314208272,0.4132727652124043,6,estimated,0,raw_instance,two_sided_Student_t_95_df_n_minus_1,unadjusted_exploratory
all_designs_diagnostic,original_e4,max3sat,selective,equal_layer_p1,all_scheduled,original_only_minus_cold,encoded_energy_mean,7,-1.170996521855567,2.118283626951948,-3.130082127973803,0.7880890842626689,6,estimated,0,raw_instance,two_sided_Student_t_95_df_n_minus_1,unadjusted_exploratory
all_designs_diagnostic,original_e4,max3sat,selective,equal_layer_p1,all_scheduled,original_only_minus_cold,optimum_hit_rate,7,0.007007314685411214,0.04439535948126036,-0.03405154477588361,0.04806617414670604,6,estimated,0,raw_instance,two_sided_Student_t_95_df_n_minus_1,unadjusted_exploratory
all_designs_diagnostic,original_e4,max3sat,selective,equal_layer_p1,all_scheduled,original_only_minus_cold,auxiliary_inconsistency_rate,7,-0.0048997178808779995,0.034424865345822606,-0.03673740823238322,0.026937972470627222,6,estimated,0,raw_instance,two_sided_Student_t_95_df_n_minus_1,unadjusted_exploratory
all_designs_diagnostic,original_e4,max3sat,selective,equal_layer_p1,all_scheduled,original_only_minus_cold,statevector_norm,7,3.9650822308041307e-16,4.660166616839939e-16,-3.4485305123397224e-17,8.275017512842234e-16,6,estimated,0,raw_instance,two_sided_Student_t_95_df_n_minus_1,unadjusted_exploratory
all_designs_diagnostic,original_e4,max3sat,selective,equal_layer_p1,all_scheduled,pair_minus_cold,original_objective_mean,7,-1.1240455510960659,1.505593694500811,-2.516487478149598,0.2683963759574659,6,estimated,0,raw_instance,two_sided_Student_t_95_df_n_minus_1,unadjusted_exploratory
all_designs_diagnostic,original_e4,max3sat,selective,equal_layer_p1,all_scheduled,pair_minus_cold,encoded_energy_mean,7,-6.153198644872063,6.684099779111117,-12.33495990691656,0.028562617172433136,6,estimated,0,raw_instance,two_sided_Student_t_95_df_n_minus_1,unadjusted_exploratory
all_designs_diagnostic,original_e4,max3sat,selective,equal_layer_p1,all_scheduled,pair_minus_cold,optimum_hit_rate,7,0.014259777313402453,0.04694419986086109,-0.029156366336107464,0.057675920962912366,6,estimated,0,raw_instance,two_sided_Student_t_95_df_n_minus_1,unadjusted_exploratory
all_designs_diagnostic,original_e4,max3sat,selective,equal_layer_p1,all_scheduled,pair_minus_cold,auxiliary_inconsistency_rate,7,-0.10012093227937531,0.13572145004390831,-0.2256423383080438,0.025400473749293176,6,estimated,0,raw_instance,two_sided_Student_t_95_df_n_minus_1,unadjusted_exploratory
all_designs_diagnostic,original_e4,max3sat,selective,equal_layer_p1,all_scheduled,pair_minus_cold,statevector_norm,7,3.9650822308041307e-16,5.508658552457596e-16,-1.1295772103721101e-16,9.059741671980371e-16,6,estimated,0,raw_instance,two_sided_Student_t_95_df_n_minus_1,unadjusted_exploratory
all_designs_diagnostic,original_e4,max3sat,selective,equal_layer_p1,all_scheduled,pair_minus_independence,original_objective_mean,7,-0.2229192713794063,0.4607305717794202,-0.6490239818097446,0.20318543905093203,6,estimated,0,raw_instance,two_sided_Student_t_95_df_n_minus_1,unadjusted_exploratory
all_designs_diagnostic,original_e4,max3sat,selective,equal_layer_p1,all_scheduled,pair_minus_independence,encoded_energy_mean,7,-0.6515335787997115,5.062033023715062,-5.333133298628122,4.030066141028699,6,estimated,0,raw_instance,two_sided_Student_t_95_df_n_minus_1,unadjusted_exploratory
all_designs_diagnostic,original_e4,max3sat,selective,equal_layer_p1,all_scheduled,pair_minus_independence,optimum_hit_rate,7,0.0037603432630231386,0.010480273109690795,-0.005932292763686321,0.0134529792897326,6,estimated,0,raw_instance,two_sided_Student_t_95_df_n_minus_1,unadjusted_exploratory
all_designs_diagnostic,original_e4,max3sat,selective,equal_layer_p1,all_scheduled,pair_minus_independence,auxiliary_inconsistency_rate,7,0.004216699523675522,0.08152198927197074,-0.07117856564893585,0.0796119646962869,6,estimated,0,raw_instance,two_sided_Student_t_95_df_n_minus_1,unadjusted_exploratory
all_designs_diagnostic,original_e4,max3sat,selective,equal_layer_p1,all_scheduled,pair_minus_independence,statevector_norm,7,1.9032394707859825e-16,4.697799798169678e-16,-2.441500699000611e-16,6.247979640572577e-16,6,estimated,0,raw_instance,two_sided_Student_t_95_df_n_minus_1,unadjusted_exploratory
all_designs_diagnostic,original_e4,max3sat,selective,equal_layer_p1,all_scheduled,pair_minus_original_only,original_objective_mean,7,-0.21389071799185455,0.2726754341259751,-0.4660734339140396,0.0382919979303305,6,estimated,0,raw_instance,two_sided_Student_t_95_df_n_minus_1,unadjusted_exploratory
all_designs_diagnostic,original_e4,max3sat,selective,equal_layer_p1,all_scheduled,pair_minus_original_only,encoded_energy_mean,7,-4.982202123016497,5.219213162752322,-9.809169226153555,-0.15523501987943789,6,estimated,0,raw_instance,two_sided_Student_t_95_df_n_minus_1,unadjusted_exploratory
all_designs_diagnostic,original_e4,max3sat,selective,equal_layer_p1,all_scheduled,pair_minus_original_only,optimum_hit_rate,7,0.007252462627991238,0.01235994736512236,-0.004178582142076993,0.01868350739805947,6,estimated,0,raw_instance,two_sided_Student_t_95_df_n_minus_1,unadjusted_exploratory
all_designs_diagnostic,original_e4,max3sat,selective,equal_layer_p1,all_scheduled,pair_minus_original_only,auxiliary_inconsistency_rate,7,-0.0952212143984973,0.10760891104621736,-0.19474285826072607,0.004300429463731464,6,estimated,0,raw_instance,two_sided_Student_t_95_df_n_minus_1,unadjusted_exploratory
all_designs_diagnostic,original_e4,max3sat,selective,equal_layer_p1,all_scheduled,pair_minus_original_only,statevector_norm,7,0.0,6.377745716588144e-16,-5.898431009840165e-16,5.898431009840165e-16,6,estimated,0,raw_instance,two_sided_Student_t_95_df_n_minus_1,unadjusted_exploratory
all_designs_diagnostic,original_e4,max3sat,selective,equal_layer_p1,positive_depth_only,independence_minus_cold,original_objective_mean,7,-0.9011262797166596,1.4311871308013873,-2.2247536126858236,0.4225010532525043,6,estimated,0,raw_instance,two_sided_Student_t_95_df_n_minus_1,unadjusted_exploratory
all_designs_diagnostic,original_e4,max3sat,selective,equal_layer_p1,positive_depth_only,independence_minus_cold,encoded_energy_mean,7,-5.501665066072351,6.6848157916503865,-11.684088529269534,0.6807583971248317,6,estimated,0,raw_instance,two_sided_Student_t_95_df_n_minus_1,unadjusted_exploratory
all_designs_diagnostic,original_e4,max3sat,selective,equal_layer_p1,positive_depth_only,independence_minus_cold,optimum_hit_rate,7,0.010499434050379314,0.04930681725643125,-0.03510176625232591,0.05610063435308454,6,estimated,0,raw_instance,two_sided_Student_t_95_df_n_minus_1,unadjusted_exploratory
all_designs_diagnostic,original_e4,max3sat,selective,equal_layer_p1,positive_depth_only,independence_minus_cold,auxiliary_inconsistency_rate,7,-0.10433763180305082,0.11321915237370217,-0.2090478835040421,0.0003726198979404627,6,estimated,0,raw_instance,two_sided_Student_t_95_df_n_minus_1,unadjusted_exploratory
all_designs_diagnostic,original_e4,max3sat,selective,equal_layer_p1,positive_depth_only,independence_minus_cold,statevector_norm,7,2.061842760018148e-16,4.460673452967851e-16,-2.0635921175943396e-16,6.187277637630635e-16,6,estimated,0,raw_instance,two_sided_Student_t_95_df_n_minus_1,unadjusted_exploratory
all_designs_diagnostic,original_e4,max3sat,selective,equal_layer_p1,positive_depth_only,original_only_minus_cold,original_objective_mean,7,-0.9101548331042114,1.4309711654332038,-2.2335824314208272,0.4132727652124043,6,estimated,0,raw_instance,two_sided_Student_t_95_df_n_minus_1,unadjusted_exploratory
all_designs_diagnostic,original_e4,max3sat,selective,equal_layer_p1,positive_depth_only,original_only_minus_cold,encoded_energy_mean,7,-1.170996521855567,2.118283626951948,-3.130082127973803,0.7880890842626689,6,estimated,0,raw_instance,two_sided_Student_t_95_df_n_minus_1,unadjusted_exploratory
all_designs_diagnostic,original_e4,max3sat,selective,equal_layer_p1,positive_depth_only,original_only_minus_cold,optimum_hit_rate,7,0.007007314685411214,0.04439535948126036,-0.03405154477588361,0.04806617414670604,6,estimated,0,raw_instance,two_sided_Student_t_95_df_n_minus_1,unadjusted_exploratory
all_designs_diagnostic,original_e4,max3sat,selective,equal_layer_p1,positive_depth_only,original_only_minus_cold,auxiliary_inconsistency_rate,7,-0.0048997178808779995,0.034424865345822606,-0.03673740823238322,0.026937972470627222,6,estimated,0,raw_instance,two_sided_Student_t_95_df_n_minus_1,unadjusted_exploratory
all_designs_diagnostic,original_e4,max3sat,selective,equal_layer_p1,positive_depth_only,original_only_minus_cold,statevector_norm,7,3.9650822308041307e-16,4.660166616839939e-16,-3.4485305123397224e-17,8.275017512842234e-16,6,estimated,0,raw_instance,two_sided_Student_t_95_df_n_minus_1,unadjusted_exploratory
all_designs_diagnostic,original_e4,max3sat,selective,equal_layer_p1,positive_depth_only,pair_minus_cold,original_objective_mean,7,-1.1240455510960659,1.505593694500811,-2.516487478149598,0.2683963759574659,6,estimated,0,raw_instance,two_sided_Student_t_95_df_n_minus_1,unadjusted_exploratory
all_designs_diagnostic,original_e4,max3sat,selective,equal_layer_p1,positive_depth_only,pair_minus_cold,encoded_energy_mean,7,-6.153198644872063,6.684099779111117,-12.33495990691656,0.028562617172433136,6,estimated,0,raw_instance,two_sided_Student_t_95_df_n_minus_1,unadjusted_exploratory
all_designs_diagnostic,original_e4,max3sat,selective,equal_layer_p1,positive_depth_only,pair_minus_cold,optimum_hit_rate,7,0.014259777313402453,0.04694419986086109,-0.029156366336107464,0.057675920962912366,6,estimated,0,raw_instance,two_sided_Student_t_95_df_n_minus_1,unadjusted_exploratory
all_designs_diagnostic,original_e4,max3sat,selective,equal_layer_p1,positive_depth_only,pair_minus_cold,auxiliary_inconsistency_rate,7,-0.10012093227937531,0.13572145004390831,-0.2256423383080438,0.025400473749293176,6,estimated,0,raw_instance,two_sided_Student_t_95_df_n_minus_1,unadjusted_exploratory
all_designs_diagnostic,original_e4,max3sat,selective,equal_layer_p1,positive_depth_only,pair_minus_cold,statevector_norm,7,3.9650822308041307e-16,5.508658552457596e-16,-1.1295772103721101e-16,9.059741671980371e-16,6,estimated,0,raw_instance,two_sided_Student_t_95_df_n_minus_1,unadjusted_exploratory
all_designs_diagnostic,original_e4,max3sat,selective,equal_layer_p1,positive_depth_only,pair_minus_independence,original_objective_mean,7,-0.2229192713794063,0.4607305717794202,-0.6490239818097446,0.20318543905093203,6,estimated,0,raw_instance,two_sided_Student_t_95_df_n_minus_1,unadjusted_exploratory
all_designs_diagnostic,original_e4,max3sat,selective,equal_layer_p1,positive_depth_only,pair_minus_independence,encoded_energy_mean,7,-0.6515335787997115,5.062033023715062,-5.333133298628122,4.030066141028699,6,estimated,0,raw_instance,two_sided_Student_t_95_df_n_minus_1,unadjusted_exploratory
all_designs_diagnostic,original_e4,max3sat,selective,equal_layer_p1,positive_depth_only,pair_minus_independence,optimum_hit_rate,7,0.0037603432630231386,0.010480273109690795,-0.005932292763686321,0.0134529792897326,6,estimated,0,raw_instance,two_sided_Student_t_95_df_n_minus_1,unadjusted_exploratory
all_designs_diagnostic,original_e4,max3sat,selective,equal_layer_p1,positive_depth_only,pair_minus_independence,auxiliary_inconsistency_rate,7,0.004216699523675522,0.08152198927197074,-0.07117856564893585,0.0796119646962869,6,estimated,0,raw_instance,two_sided_Student_t_95_df_n_minus_1,unadjusted_exploratory
all_designs_diagnostic,original_e4,max3sat,selective,equal_layer_p1,positive_depth_only,pair_minus_independence,statevector_norm,7,1.9032394707859825e-16,4.697799798169678e-16,-2.441500699000611e-16,6.247979640572577e-16,6,estimated,0,raw_instance,two_sided_Student_t_95_df_n_minus_1,unadjusted_exploratory
all_designs_diagnostic,original_e4,max3sat,selective,equal_layer_p1,positive_depth_only,pair_minus_original_only,original_objective_mean,7,-0.21389071799185455,0.2726754341259751,-0.4660734339140396,0.0382919979303305,6,estimated,0,raw_instance,two_sided_Student_t_95_df_n_minus_1,unadjusted_exploratory
all_designs_diagnostic,original_e4,max3sat,selective,equal_layer_p1,positive_depth_only,pair_minus_original_only,encoded_energy_mean,7,-4.982202123016497,5.219213162752322,-9.809169226153555,-0.15523501987943789,6,estimated,0,raw_instance,two_sided_Student_t_95_df_n_minus_1,unadjusted_exploratory
all_designs_diagnostic,original_e4,max3sat,selective,equal_layer_p1,positive_depth_only,pair_minus_original_only,optimum_hit_rate,7,0.007252462627991238,0.01235994736512236,-0.004178582142076993,0.01868350739805947,6,estimated,0,raw_instance,two_sided_Student_t_95_df_n_minus_1,unadjusted_exploratory
all_designs_diagnostic,original_e4,max3sat,selective,equal_layer_p1,positive_depth_only,pair_minus_original_only,auxiliary_inconsistency_rate,7,-0.0952212143984973,0.10760891104621736,-0.19474285826072607,0.004300429463731464,6,estimated,0,raw_instance,two_sided_Student_t_95_df_n_minus_1,unadjusted_exploratory
all_designs_diagnostic,original_e4,max3sat,selective,equal_layer_p1,positive_depth_only,pair_minus_original_only,statevector_norm,7,0.0,6.377745716588144e-16,-5.898431009840165e-16,5.898431009840165e-16,6,estimated,0,raw_instance,two_sided_Student_t_95_df_n_minus_1,unadjusted_exploratory
all_designs_diagnostic,original_e4,max3sat,selective,equal_layer_p2,all_scheduled,independence_minus_cold,original_objective_mean,7,-1.1262326897720767,1.350384130143851,-2.375129711131778,0.1226643315876248,6,estimated,0,raw_instance,two_sided_Student_t_95_df_n_minus_1,unadjusted_exploratory
all_designs_diagnostic,original_e4,max3sat,selective,equal_layer_p2,all_scheduled,independence_minus_cold,encoded_energy_mean,7,-4.1840008437917175,6.828143411152361,-10.498980246501848,2.1309785589184127,6,estimated,0,raw_instance,two_sided_Student_t_95_df_n_minus_1,unadjusted_exploratory
all_designs_diagnostic,original_e4,max3sat,selective,equal_layer_p2,all_scheduled,independence_minus_cold,optimum_hit_rate,7,0.026535394763086896,0.043847633690511124,-0.01401690282938936,0.06708769235556315,6,estimated,0,raw_instance,two_sided_Student_t_95_df_n_minus_1,unadjusted_exploratory
all_designs_diagnostic,original_e4,max3sat,selective,equal_layer_p2,all_scheduled,independence_minus_cold,auxiliary_inconsistency_rate,7,-0.08734727822196997,0.10313322317098121,-0.18272960118198797,0.00803504473804803,6,estimated,0,raw_instance,two_sided_Student_t_95_df_n_minus_1,unadjusted_exploratory
all_designs_diagnostic,original_e4,max3sat,selective,equal_layer_p2,all_scheduled,independence_minus_cold,statevector_norm,7,1.5860328923216522e-16,9.59036377140908e-16,-7.283574266489441e-16,1.0455640051132746e-15,6,estimated,0,raw_instance,two_sided_Student_t_95_df_n_minus_1,unadjusted_exploratory
all_designs_diagnostic,original_e4,max3sat,selective,equal_layer_p2,all_scheduled,original_only_minus_cold,original_objective_mean,7,-0.8549584730294687,1.3557102421673821,-2.1087813264491984,0.39886438039026106,6,estimated,0,raw_instance,two_sided_Student_t_95_df_n_minus_1,unadjusted_exploratory
all_designs_diagnostic,original_e4,max3sat,selective,equal_layer_p2,all_scheduled,original_only_minus_cold,encoded_energy_mean,7,-1.8160657662182798,2.8906171344872016,-4.489440733064057,0.8573092006274974,6,estimated,0,raw_instance,two_sided_Student_t_95_df_n_minus_1,unadjusted_exploratory
all_designs_diagnostic,original_e4,max3sat,selective,equal_layer_p2,all_scheduled,original_only_minus_cold,optimum_hit_rate,7,0.020093641488275433,0.03921722546759787,-0.01617624274626259,0.05636352572281346,6,estimated,0,raw_instance,two_sided_Student_t_95_df_n_minus_1,unadjusted_exploratory
all_designs_diagnostic,original_e4,max3sat,selective,equal_layer_p2,all_scheduled,original_only_minus_cold,auxiliary_inconsistency_rate,7,-0.05733589557252191,0.09728655012311838,-0.14731094782241827,0.032639156677374444,6,estimated,0,raw_instance,two_sided_Student_t_95_df_n_minus_1,unadjusted_exploratory
all_designs_diagnostic,original_e4,max3sat,selective,equal_layer_p2,all_scheduled,original_only_minus_cold,statevector_norm,7,4.599495387732792e-16,7.676573966312062e-16,-2.5001514066599065e-16,1.169914218212549e-15,6,estimated,0,raw_instance,two_sided_Student_t_95_df_n_minus_1,unadjusted_exploratory
all_designs_diagnostic,original_e4,max3sat,selective,equal_layer_p2,all_scheduled,pair_minus_cold,original_objective_mean,7,-1.0708399091357788,1.2590622008601917,-2.2352782324692866,0.09359841419772907,6,estimated,0,raw_instance,two_sided_Student_t_95_df_n_minus_1,unadjusted_exploratory
all_designs_diagnostic,original_e4,max3sat,selective,equal_layer_p2,all_scheduled,pair_minus_cold,encoded_energy_mean,7,-5.667741769484931,4.329002505750713,-9.67140133138664,-1.6640822075832231,6,estimated,0,raw_instance,two_sided_Student_t_95_df_n_minus_1,unadjusted_exploratory
all_designs_diagnostic,original_e4,max3sat,selective,equal_layer_p2,all_scheduled,pair_minus_cold,optimum_hit_rate,7,0.027624164498683764,0.0419717185871709,-0.01119320098626268,0.0664415299836302,6,estimated,0,raw_instance,two_sided_Student_t_95_df_n_minus_1,unadjusted_exploratory
all_designs_diagnostic,original_e4,max3sat,selective,equal_layer_p2,all_scheduled,pair_minus_cold,auxiliary_inconsistency_rate,7,-0.14537457970367546,0.12263838093848213,-0.2587961648952394,-0.031952994512111546,6,estimated,0,raw_instance,two_sided_Student_t_95_df_n_minus_1,unadjusted_exploratory
all_designs_diagnostic,original_e4,max3sat,selective,equal_layer_p2,all_scheduled,pair_minus_cold,statevector_norm,7,3.6478756523398e-16,8.735188044777722e-16,-4.430825871631487e-16,1.1726577176311087e-15,6,estimated,0,raw_instance,two_sided_Student_t_95_df_n_minus_1,unadjusted_exploratory
all_designs_diagnostic,original_e4,max3sat,selective,equal_layer_p2,all_scheduled,pair_minus_independence,original_objective_mean,7,0.05539278063629803,0.23799276475909953,-0.16471381598161167,0.27549937725420776,6,estimated,0,raw_instance,two_sided_Student_t_95_df_n_minus_1,unadjusted_exploratory
all_designs_diagnostic,original_e4,max3sat,selective,equal_layer_p2,all_scheduled,pair_minus_independence,encoded_energy_mean,7,-1.483740925693213,5.039453131031825,-6.144457727776054,3.176975876389628,6,estimated,0,raw_instance,two_sided_Student_t_95_df_n_minus_1,unadjusted_exploratory
all_designs_diagnostic,original_e4,max3sat,selective,equal_layer_p2,all_scheduled,pair_minus_independence,optimum_hit_rate,7,0.0010887697355968643,0.01550627665091314,-0.013252144297243518,0.015429683768437247,6,estimated,0,raw_instance,two_sided_Student_t_95_df_n_minus_1,unadjusted_exploratory
all_designs_diagnostic,original_e4,max3sat,selective,equal_layer_p2,all_scheduled,pair_minus_independence,auxiliary_inconsistency_rate,7,-0.05802730148170549,0.07803558609419663,-0.13019818149842996,0.01414357853501897,6,estimated,0,raw_instance,two_sided_Student_t_95_df_n_minus_1,unadjusted_exploratory
all_designs_diagnostic,original_e4,max3sat,selective,equal_layer_p2,all_scheduled,pair_minus_independence,statevector_norm,7,2.061842760018148e-16,1.0998654969379404e-15,-8.110216525629525e-16,1.2233902045665822e-15,6,estimated,0,raw_instance,two_sided_Student_t_95_df_n_minus_1,unadjusted_exploratory
all_designs_diagnostic,original_e4,max3sat,selective,equal_layer_p2,all_scheduled,pair_minus_original_only,original_objective_mean,7,-0.21588143610630997,0.22721310903303224,-0.4260185139576341,-0.005744358254985843,6,estimated,0,raw_instance,two_sided_Student_t_95_df_n_minus_1,unadjusted_exploratory
all_designs_diagnostic,original_e4,max3sat,selective,equal_layer_p2,all_scheduled,pair_minus_original_only,encoded_energy_mean,7,-3.8516760032666513,3.7992053085479887,-7.3653548798646025,-0.33799712666869963,6,estimated,0,raw_instance,two_sided_Student_t_95_df_n_minus_1,unadjusted_exploratory
all_designs_diagnostic,original_e4,max3sat,selective,equal_layer_p2,all_scheduled,pair_minus_original_only,optimum_hit_rate,7,0.007530523010408332,0.02130046380232204,-0.012169120374371616,0.027230166395188278,6,estimated,0,raw_instance,two_sided_Student_t_95_df_n_minus_1,unadjusted_exploratory
all_designs_diagnostic,original_e4,max3sat,selective,equal_layer_p2,all_scheduled,pair_minus_original_only,auxiliary_inconsistency_rate,7,-0.08803868413115357,0.10328267945994025,-0.18355923110457473,0.007481862842267595,6,estimated,0,raw_instance,two_sided_Student_t_95_df_n_minus_1,unadjusted_exploratory
all_designs_diagnostic,original_e4,max3sat,selective,equal_layer_p2,all_scheduled,pair_minus_original_only,statevector_norm,7,-9.516197353929913e-17,1.3902613451459897e-15,-1.380939267648493e-15,1.1906153205698947e-15,6,estimated,0,raw_instance,two_sided_Student_t_95_df_n_minus_1,unadjusted_exploratory
all_designs_diagnostic,original_e4,max3sat,selective,equal_layer_p2,positive_depth_only,independence_minus_cold,original_objective_mean,7,-1.1262326897720767,1.350384130143851,-2.375129711131778,0.1226643315876248,6,estimated,0,raw_instance,two_sided_Student_t_95_df_n_minus_1,unadjusted_exploratory
all_designs_diagnostic,original_e4,max3sat,selective,equal_layer_p2,positive_depth_only,independence_minus_cold,encoded_energy_mean,7,-4.1840008437917175,6.828143411152361,-10.498980246501848,2.1309785589184127,6,estimated,0,raw_instance,two_sided_Student_t_95_df_n_minus_1,unadjusted_exploratory
all_designs_diagnostic,original_e4,max3sat,selective,equal_layer_p2,positive_depth_only,independence_minus_cold,optimum_hit_rate,7,0.026535394763086896,0.043847633690511124,-0.01401690282938936,0.06708769235556315,6,estimated,0,raw_instance,two_sided_Student_t_95_df_n_minus_1,unadjusted_exploratory
all_designs_diagnostic,original_e4,max3sat,selective,equal_layer_p2,positive_depth_only,independence_minus_cold,auxiliary_inconsistency_rate,7,-0.08734727822196997,0.10313322317098121,-0.18272960118198797,0.00803504473804803,6,estimated,0,raw_instance,two_sided_Student_t_95_df_n_minus_1,unadjusted_exploratory
all_designs_diagnostic,original_e4,max3sat,selective,equal_layer_p2,positive_depth_only,independence_minus_cold,statevector_norm,7,1.5860328923216522e-16,9.59036377140908e-16,-7.283574266489441e-16,1.0455640051132746e-15,6,estimated,0,raw_instance,two_sided_Student_t_95_df_n_minus_1,unadjusted_exploratory
all_designs_diagnostic,original_e4,max3sat,selective,equal_layer_p2,positive_depth_only,original_only_minus_cold,original_objective_mean,7,-0.8549584730294687,1.3557102421673821,-2.1087813264491984,0.39886438039026106,6,estimated,0,raw_instance,two_sided_Student_t_95_df_n_minus_1,unadjusted_exploratory
all_designs_diagnostic,original_e4,max3sat,selective,equal_layer_p2,positive_depth_only,original_only_minus_cold,encoded_energy_mean,7,-1.8160657662182798,2.8906171344872016,-4.489440733064057,0.8573092006274974,6,estimated,0,raw_instance,two_sided_Student_t_95_df_n_minus_1,unadjusted_exploratory
all_designs_diagnostic,original_e4,max3sat,selective,equal_layer_p2,positive_depth_only,original_only_minus_cold,optimum_hit_rate,7,0.020093641488275433,0.03921722546759787,-0.01617624274626259,0.05636352572281346,6,estimated,0,raw_instance,two_sided_Student_t_95_df_n_minus_1,unadjusted_exploratory
all_designs_diagnostic,original_e4,max3sat,selective,equal_layer_p2,positive_depth_only,original_only_minus_cold,auxiliary_inconsistency_rate,7,-0.05733589557252191,0.09728655012311838,-0.14731094782241827,0.032639156677374444,6,estimated,0,raw_instance,two_sided_Student_t_95_df_n_minus_1,unadjusted_exploratory
all_designs_diagnostic,original_e4,max3sat,selective,equal_layer_p2,positive_depth_only,original_only_minus_cold,statevector_norm,7,4.599495387732792e-16,7.676573966312062e-16,-2.5001514066599065e-16,1.169914218212549e-15,6,estimated,0,raw_instance,two_sided_Student_t_95_df_n_minus_1,unadjusted_exploratory
all_designs_diagnostic,original_e4,max3sat,selective,equal_layer_p2,positive_depth_only,pair_minus_cold,original_objective_mean,7,-1.0708399091357788,1.2590622008601917,-2.2352782324692866,0.09359841419772907,6,estimated,0,raw_instance,two_sided_Student_t_95_df_n_minus_1,unadjusted_exploratory
all_designs_diagnostic,original_e4,max3sat,selective,equal_layer_p2,positive_depth_only,pair_minus_cold,encoded_energy_mean,7,-5.667741769484931,4.329002505750713,-9.67140133138664,-1.6640822075832231,6,estimated,0,raw_instance,two_sided_Student_t_95_df_n_minus_1,unadjusted_exploratory
all_designs_diagnostic,original_e4,max3sat,selective,equal_layer_p2,positive_depth_only,pair_minus_cold,optimum_hit_rate,7,0.027624164498683764,0.0419717185871709,-0.01119320098626268,0.0664415299836302,6,estimated,0,raw_instance,two_sided_Student_t_95_df_n_minus_1,unadjusted_exploratory
all_designs_diagnostic,original_e4,max3sat,selective,equal_layer_p2,positive_depth_only,pair_minus_cold,auxiliary_inconsistency_rate,7,-0.14537457970367546,0.12263838093848213,-0.2587961648952394,-0.031952994512111546,6,estimated,0,raw_instance,two_sided_Student_t_95_df_n_minus_1,unadjusted_exploratory
all_designs_diagnostic,original_e4,max3sat,selective,equal_layer_p2,positive_depth_only,pair_minus_cold,statevector_norm,7,3.6478756523398e-16,8.735188044777722e-16,-4.430825871631487e-16,1.1726577176311087e-15,6,estimated,0,raw_instance,two_sided_Student_t_95_df_n_minus_1,unadjusted_exploratory
all_designs_diagnostic,original_e4,max3sat,selective,equal_layer_p2,positive_depth_only,pair_minus_independence,original_objective_mean,7,0.05539278063629803,0.23799276475909953,-0.16471381598161167,0.27549937725420776,6,estimated,0,raw_instance,two_sided_Student_t_95_df_n_minus_1,unadjusted_exploratory
all_designs_diagnostic,original_e4,max3sat,selective,equal_layer_p2,positive_depth_only,pair_minus_independence,encoded_energy_mean,7,-1.483740925693213,5.039453131031825,-6.144457727776054,3.176975876389628,6,estimated,0,raw_instance,two_sided_Student_t_95_df_n_minus_1,unadjusted_exploratory
all_designs_diagnostic,original_e4,max3sat,selective,equal_layer_p2,positive_depth_only,pair_minus_independence,optimum_hit_rate,7,0.0010887697355968643,0.01550627665091314,-0.013252144297243518,0.015429683768437247,6,estimated,0,raw_instance,two_sided_Student_t_95_df_n_minus_1,unadjusted_exploratory
all_designs_diagnostic,original_e4,max3sat,selective,equal_layer_p2,positive_depth_only,pair_minus_independence,auxiliary_inconsistency_rate,7,-0.05802730148170549,0.07803558609419663,-0.13019818149842996,0.01414357853501897,6,estimated,0,raw_instance,two_sided_Student_t_95_df_n_minus_1,unadjusted_exploratory
all_designs_diagnostic,original_e4,max3sat,selective,equal_layer_p2,positive_depth_only,pair_minus_independence,statevector_norm,7,2.061842760018148e-16,1.0998654969379404e-15,-8.110216525629525e-16,1.2233902045665822e-15,6,estimated,0,raw_instance,two_sided_Student_t_95_df_n_minus_1,unadjusted_exploratory
all_designs_diagnostic,original_e4,max3sat,selective,equal_layer_p2,positive_depth_only,pair_minus_original_only,original_objective_mean,7,-0.21588143610630997,0.22721310903303224,-0.4260185139576341,-0.005744358254985843,6,estimated,0,raw_instance,two_sided_Student_t_95_df_n_minus_1,unadjusted_exploratory
all_designs_diagnostic,original_e4,max3sat,selective,equal_layer_p2,positive_depth_only,pair_minus_original_only,encoded_energy_mean,7,-3.8516760032666513,3.7992053085479887,-7.3653548798646025,-0.33799712666869963,6,estimated,0,raw_instance,two_sided_Student_t_95_df_n_minus_1,unadjusted_exploratory
all_designs_diagnostic,original_e4,max3sat,selective,equal_layer_p2,positive_depth_only,pair_minus_original_only,optimum_hit_rate,7,0.007530523010408332,0.02130046380232204,-0.012169120374371616,0.027230166395188278,6,estimated,0,raw_instance,two_sided_Student_t_95_df_n_minus_1,unadjusted_exploratory
all_designs_diagnostic,original_e4,max3sat,selective,equal_layer_p2,positive_depth_only,pair_minus_original_only,auxiliary_inconsistency_rate,7,-0.08803868413115357,0.10328267945994025,-0.18355923110457473,0.007481862842267595,6,estimated,0,raw_instance,two_sided_Student_t_95_df_n_minus_1,unadjusted_exploratory
all_designs_diagnostic,original_e4,max3sat,selective,equal_layer_p2,positive_depth_only,pair_minus_original_only,statevector_norm,7,-9.516197353929913e-17,1.3902613451459897e-15,-1.380939267648493e-15,1.1906153205698947e-15,6,estimated,0,raw_instance,two_sided_Student_t_95_df_n_minus_1,unadjusted_exploratory
all_designs_diagnostic,targeted,cubic_spin_glass,selective,equal_layer_p1,all_scheduled,independence_minus_cold,original_objective_mean,10,-0.045438988263680355,0.46994773905726045,-0.3816193488435915,0.29074137231623076,9,estimated,0,raw_instance,two_sided_Student_t_95_df_n_minus_1,unadjusted_exploratory
all_designs_diagnostic,targeted,cubic_spin_glass,selective,equal_layer_p1,all_scheduled,independence_minus_cold,encoded_energy_mean,10,-9.487292260082704,7.527329239548084,-14.872019215108338,-4.10256530505707,9,estimated,0,raw_instance,two_sided_Student_t_95_df_n_minus_1,unadjusted_exploratory
all_designs_diagnostic,targeted,cubic_spin_glass,selective,equal_layer_p1,all_scheduled,independence_minus_cold,optimum_hit_rate,10,0.011513303061784249,0.03531882858398483,-0.01375226487656341,0.036778871000131906,9,estimated,0,raw_instance,two_sided_Student_t_95_df_n_minus_1,unadjusted_exploratory
all_designs_diagnostic,targeted,cubic_spin_glass,selective,equal_layer_p1,all_scheduled,independence_minus_cold,auxiliary_inconsistency_rate,10,-0.06633483986194824,0.06628987581460484,-0.11375576032186355,-0.01891391940203293,9,estimated,0,raw_instance,two_sided_Student_t_95_df_n_minus_1,unadjusted_exploratory
all_designs_diagnostic,targeted,cubic_spin_glass,selective,equal_layer_p1,all_scheduled,independence_minus_cold,statevector_norm,10,-7.771561172376095e-17,5.261046397045856e-16,-4.540681989996445e-16,2.9863697555212267e-16,9,estimated,0,raw_instance,two_sided_Student_t_95_df_n_minus_1,unadjusted_exploratory
all_designs_diagnostic,targeted,cubic_spin_glass,selective,equal_layer_p1,all_scheduled,original_only_minus_cold,original_objective_mean,10,0.11850121172157975,0.4223161395386678,-0.18360555520027716,0.42060797864343663,9,estimated,0,raw_instance,two_sided_Student_t_95_df_n_minus_1,unadjusted_exploratory
all_designs_diagnostic,targeted,cubic_spin_glass,selective,equal_layer_p1,all_scheduled,original_only_minus_cold,encoded_energy_mean,10,-3.121481240071931,6.984521720494117,-8.117907087729506,1.8749446075856437,9,estimated,0,raw_instance,two_sided_Student_t_95_df_n_minus_1,unadjusted_exploratory
all_designs_diagnostic,targeted,cubic_spin_glass,selective,equal_layer_p1,all_scheduled,original_only_minus_cold,optimum_hit_rate,10,0.008387943814885345,0.027432038347229657,-0.011235754261657488,0.028011641891428178,9,estimated,0,raw_instance,two_sided_Student_t_95_df_n_minus_1,unadjusted_exploratory
all_designs_diagnostic,targeted,cubic_spin_glass,selective,equal_layer_p1,all_scheduled,original_only_minus_cold,auxiliary_inconsistency_rate,10,-0.012695739092050295,0.046636022282446614,-0.04605713969880028,0.020665661514699687,9,estimated,0,raw_instance,two_sided_Student_t_95_df_n_minus_1,unadjusted_exploratory
all_designs_diagnostic,targeted,cubic_spin_glass,selective,equal_layer_p1,all_scheduled,original_only_minus_cold,statevector_norm,10,4.1078251911130794e-16,5.021296532077499e-16,5.1580603996489137e-17,7.699844342261268e-16,9,estimated,0,raw_instance,two_sided_Student_t_95_df_n_minus_1,unadjusted_exploratory
all_designs_diagnostic,targeted,cubic_spin_glass,selective,equal_layer_p1,all_scheduled,pair_minus_cold,original_objective_mean,10,0.12092609421921989,0.5574430639428726,-0.2778446512577608,0.5196968396962006,9,estimated,0,raw_instance,two_sided_Student_t_95_df_n_minus_1,unadjusted_exploratory
all_designs_diagnostic,targeted,cubic_spin_glass,selective,equal_layer_p1,all_scheduled,pair_minus_cold,encoded_energy_mean,10,-3.8058471976265422,6.310859978696021,-8.320364466000623,0.7086700707475377,9,estimated,0,raw_instance,two_sided_Student_t_95_df_n_minus_1,unadjusted_exploratory
all_designs_diagnostic,targeted,cubic_spin_glass,selective,equal_layer_p1,all_scheduled,pair_minus_cold,optimum_hit_rate,10,0.0066146844822953035,0.022559090036416127,-0.009523116367668987,0.022752485332259594,9,estimated,0,raw_instance,two_sided_Student_t_95_df_n_minus_1,unadjusted_exploratory
all_designs_diagnostic,targeted,cubic_spin_glass,selective,equal_layer_p1,all_scheduled,pair_minus_cold,auxiliary_inconsistency_rate,10,-0.030064558469619786,0.051608410120460906,-0.06698299105545784,0.006853874116218267,9,estimated,0,raw_instance,two_sided_Student_t_95_df_n_minus_1,unadjusted_exploratory
all_designs_diagnostic,targeted,cubic_spin_glass,selective,equal_layer_p1,all_scheduled,pair_minus_cold,statevector_norm,10,-2.220446049250313e-16,9.376839644984797e-16,-8.928233045469702e-16,4.487340946969077e-16,9,estimated,0,raw_instance,two_sided_Student_t_95_df_n_minus_1,unadjusted_exploratory
all_designs_diagnostic,targeted,cubic_spin_glass,selective,equal_layer_p1,all_scheduled,pair_minus_independence,original_objective_mean,10,0.16636508248290025,0.38279133323362957,-0.10746734129149468,0.44019750625729515,9,estimated,0,raw_instance,two_sided_Student_t_95_df_n_minus_1,unadjusted_exploratory
all_designs_diagnostic,targeted,cubic_spin_glass,selective,equal_layer_p1,all_scheduled,pair_minus_independence,encoded_energy_mean,10,5.681445062456161,6.701248506290155,0.8876606648558978,10.475229460056426,9,estimated,0,raw_instance,two_sided_Student_t_95_df_n_minus_1,unadjusted_exploratory
all_designs_diagnostic,targeted,cubic_spin_glass,selective,equal_layer_p1,all_scheduled,pair_minus_independence,optimum_hit_rate,10,-0.004898618579488943,0.01851024920373053,-0.018140053178615573,0.008342816019637687,9,estimated,0,raw_instance,two_sided_Student_t_95_df_n_minus_1,unadjusted_exploratory
all_designs_diagnostic,targeted,cubic_spin_glass,selective,equal_layer_p1,all_scheduled,pair_minus_independence,auxiliary_inconsistency_rate,10,0.03627028139232845,0.0692227435177848,-0.01324868623335497,0.08578924901801187,9,estimated,0,raw_instance,two_sided_Student_t_95_df_n_minus_1,unadjusted_exploratory
all_designs_diagnostic,targeted,cubic_spin_glass,selective,equal_layer_p1,all_scheduled,pair_minus_independence,statevector_norm,10,-1.4432899320127036e-16,6.621125383757547e-16,-6.179757700581331e-16,3.293177836555925e-16,9,estimated,0,raw_instance,two_sided_Student_t_95_df_n_minus_1,unadjusted_exploratory
all_designs_diagnostic,targeted,cubic_spin_glass,selective,equal_layer_p1,all_scheduled,pair_minus_original_only,original_objective_mean,10,0.0024248824976401463,0.2284049962718188,-0.16096620894360936,0.16581597393888964,9,estimated,0,raw_instance,two_sided_Student_t_95_df_n_minus_1,unadjusted_exploratory
all_designs_diagnostic,targeted,cubic_spin_glass,selective,equal_layer_p1,all_scheduled,pair_minus_original_only,encoded_energy_mean,10,-0.6843659575546115,5.034519373367368,-4.285844159536062,2.9171122444268383,9,estimated,0,raw_instance,two_sided_Student_t_95_df_n_minus_1,unadjusted_exploratory
all_designs_diagnostic,targeted,cubic_spin_glass,selective,equal_layer_p1,all_scheduled,pair_minus_original_only,optimum_hit_rate,10,-0.0017732593325900403,0.012125027621836372,-0.010446981576955753,0.006900462911775674,9,estimated,0,raw_instance,two_sided_Student_t_95_df_n_minus_1,unadjusted_exploratory
all_designs_diagnostic,targeted,cubic_spin_glass,selective,equal_layer_p1,all_scheduled,pair_minus_original_only,auxiliary_inconsistency_rate,10,-0.01736881937756949,0.026399396624090833,-0.03625381006607152,0.0015161713109325368,9,estimated,0,raw_instance,two_sided_Student_t_95_df_n_minus_1,unadjusted_exploratory
all_designs_diagnostic,targeted,cubic_spin_glass,selective,equal_layer_p1,all_scheduled,pair_minus_original_only,statevector_norm,10,-6.328271240363392e-16,6.983529337310028e-16,-1.1323987179856861e-15,-1.3325553008699246e-16,9,estimated,0,raw_instance,two_sided_Student_t_95_df_n_minus_1,unadjusted_exploratory
all_designs_diagnostic,targeted,cubic_spin_glass,selective,equal_layer_p1,positive_depth_only,independence_minus_cold,original_objective_mean,10,-0.045438988263680355,0.46994773905726045,-0.3816193488435915,0.29074137231623076,9,estimated,0,raw_instance,two_sided_Student_t_95_df_n_minus_1,unadjusted_exploratory
all_designs_diagnostic,targeted,cubic_spin_glass,selective,equal_layer_p1,positive_depth_only,independence_minus_cold,encoded_energy_mean,10,-9.487292260082704,7.527329239548084,-14.872019215108338,-4.10256530505707,9,estimated,0,raw_instance,two_sided_Student_t_95_df_n_minus_1,unadjusted_exploratory
all_designs_diagnostic,targeted,cubic_spin_glass,selective,equal_layer_p1,positive_depth_only,independence_minus_cold,optimum_hit_rate,10,0.011513303061784249,0.03531882858398483,-0.01375226487656341,0.036778871000131906,9,estimated,0,raw_instance,two_sided_Student_t_95_df_n_minus_1,unadjusted_exploratory
all_designs_diagnostic,targeted,cubic_spin_glass,selective,equal_layer_p1,positive_depth_only,independence_minus_cold,auxiliary_inconsistency_rate,10,-0.06633483986194824,0.06628987581460484,-0.11375576032186355,-0.01891391940203293,9,estimated,0,raw_instance,two_sided_Student_t_95_df_n_minus_1,unadjusted_exploratory
all_designs_diagnostic,targeted,cubic_spin_glass,selective,equal_layer_p1,positive_depth_only,independence_minus_cold,statevector_norm,10,-7.771561172376095e-17,5.261046397045856e-16,-4.540681989996445e-16,2.9863697555212267e-16,9,estimated,0,raw_instance,two_sided_Student_t_95_df_n_minus_1,unadjusted_exploratory
all_designs_diagnostic,targeted,cubic_spin_glass,selective,equal_layer_p1,positive_depth_only,original_only_minus_cold,original_objective_mean,10,0.11850121172157975,0.4223161395386678,-0.18360555520027716,0.42060797864343663,9,estimated,0,raw_instance,two_sided_Student_t_95_df_n_minus_1,unadjusted_exploratory
all_designs_diagnostic,targeted,cubic_spin_glass,selective,equal_layer_p1,positive_depth_only,original_only_minus_cold,encoded_energy_mean,10,-3.121481240071931,6.984521720494117,-8.117907087729506,1.8749446075856437,9,estimated,0,raw_instance,two_sided_Student_t_95_df_n_minus_1,unadjusted_exploratory
all_designs_diagnostic,targeted,cubic_spin_glass,selective,equal_layer_p1,positive_depth_only,original_only_minus_cold,optimum_hit_rate,10,0.008387943814885345,0.027432038347229657,-0.011235754261657488,0.028011641891428178,9,estimated,0,raw_instance,two_sided_Student_t_95_df_n_minus_1,unadjusted_exploratory
all_designs_diagnostic,targeted,cubic_spin_glass,selective,equal_layer_p1,positive_depth_only,original_only_minus_cold,auxiliary_inconsistency_rate,10,-0.012695739092050295,0.046636022282446614,-0.04605713969880028,0.020665661514699687,9,estimated,0,raw_instance,two_sided_Student_t_95_df_n_minus_1,unadjusted_exploratory
all_designs_diagnostic,targeted,cubic_spin_glass,selective,equal_layer_p1,positive_depth_only,original_only_minus_cold,statevector_norm,10,4.1078251911130794e-16,5.021296532077499e-16,5.1580603996489137e-17,7.699844342261268e-16,9,estimated,0,raw_instance,two_sided_Student_t_95_df_n_minus_1,unadjusted_exploratory
all_designs_diagnostic,targeted,cubic_spin_glass,selective,equal_layer_p1,positive_depth_only,pair_minus_cold,original_objective_mean,10,0.12092609421921989,0.5574430639428726,-0.2778446512577608,0.5196968396962006,9,estimated,0,raw_instance,two_sided_Student_t_95_df_n_minus_1,unadjusted_exploratory
all_designs_diagnostic,targeted,cubic_spin_glass,selective,equal_layer_p1,positive_depth_only,pair_minus_cold,encoded_energy_mean,10,-3.8058471976265422,6.310859978696021,-8.320364466000623,0.7086700707475377,9,estimated,0,raw_instance,two_sided_Student_t_95_df_n_minus_1,unadjusted_exploratory
all_designs_diagnostic,targeted,cubic_spin_glass,selective,equal_layer_p1,positive_depth_only,pair_minus_cold,optimum_hit_rate,10,0.0066146844822953035,0.022559090036416127,-0.009523116367668987,0.022752485332259594,9,estimated,0,raw_instance,two_sided_Student_t_95_df_n_minus_1,unadjusted_exploratory
all_designs_diagnostic,targeted,cubic_spin_glass,selective,equal_layer_p1,positive_depth_only,pair_minus_cold,auxiliary_inconsistency_rate,10,-0.030064558469619786,0.051608410120460906,-0.06698299105545784,0.006853874116218267,9,estimated,0,raw_instance,two_sided_Student_t_95_df_n_minus_1,unadjusted_exploratory
all_designs_diagnostic,targeted,cubic_spin_glass,selective,equal_layer_p1,positive_depth_only,pair_minus_cold,statevector_norm,10,-2.220446049250313e-16,9.376839644984797e-16,-8.928233045469702e-16,4.487340946969077e-16,9,estimated,0,raw_instance,two_sided_Student_t_95_df_n_minus_1,unadjusted_exploratory
all_designs_diagnostic,targeted,cubic_spin_glass,selective,equal_layer_p1,positive_depth_only,pair_minus_independence,original_objective_mean,10,0.16636508248290025,0.38279133323362957,-0.10746734129149468,0.44019750625729515,9,estimated,0,raw_instance,two_sided_Student_t_95_df_n_minus_1,unadjusted_exploratory
all_designs_diagnostic,targeted,cubic_spin_glass,selective,equal_layer_p1,positive_depth_only,pair_minus_independence,encoded_energy_mean,10,5.681445062456161,6.701248506290155,0.8876606648558978,10.475229460056426,9,estimated,0,raw_instance,two_sided_Student_t_95_df_n_minus_1,unadjusted_exploratory
all_designs_diagnostic,targeted,cubic_spin_glass,selective,equal_layer_p1,positive_depth_only,pair_minus_independence,optimum_hit_rate,10,-0.004898618579488943,0.01851024920373053,-0.018140053178615573,0.008342816019637687,9,estimated,0,raw_instance,two_sided_Student_t_95_df_n_minus_1,unadjusted_exploratory
all_designs_diagnostic,targeted,cubic_spin_glass,selective,equal_layer_p1,positive_depth_only,pair_minus_independence,auxiliary_inconsistency_rate,10,0.03627028139232845,0.0692227435177848,-0.01324868623335497,0.08578924901801187,9,estimated,0,raw_instance,two_sided_Student_t_95_df_n_minus_1,unadjusted_exploratory
all_designs_diagnostic,targeted,cubic_spin_glass,selective,equal_layer_p1,positive_depth_only,pair_minus_independence,statevector_norm,10,-1.4432899320127036e-16,6.621125383757547e-16,-6.179757700581331e-16,3.293177836555925e-16,9,estimated,0,raw_instance,two_sided_Student_t_95_df_n_minus_1,unadjusted_exploratory
all_designs_diagnostic,targeted,cubic_spin_glass,selective,equal_layer_p1,positive_depth_only,pair_minus_original_only,original_objective_mean,10,0.0024248824976401463,0.2284049962718188,-0.16096620894360936,0.16581597393888964,9,estimated,0,raw_instance,two_sided_Student_t_95_df_n_minus_1,unadjusted_exploratory
all_designs_diagnostic,targeted,cubic_spin_glass,selective,equal_layer_p1,positive_depth_only,pair_minus_original_only,encoded_energy_mean,10,-0.6843659575546115,5.034519373367368,-4.285844159536062,2.9171122444268383,9,estimated,0,raw_instance,two_sided_Student_t_95_df_n_minus_1,unadjusted_exploratory
all_designs_diagnostic,targeted,cubic_spin_glass,selective,equal_layer_p1,positive_depth_only,pair_minus_original_only,optimum_hit_rate,10,-0.0017732593325900403,0.012125027621836372,-0.010446981576955753,0.006900462911775674,9,estimated,0,raw_instance,two_sided_Student_t_95_df_n_minus_1,unadjusted_exploratory
all_designs_diagnostic,targeted,cubic_spin_glass,selective,equal_layer_p1,positive_depth_only,pair_minus_original_only,auxiliary_inconsistency_rate,10,-0.01736881937756949,0.026399396624090833,-0.03625381006607152,0.0015161713109325368,9,estimated,0,raw_instance,two_sided_Student_t_95_df_n_minus_1,unadjusted_exploratory
all_designs_diagnostic,targeted,cubic_spin_glass,selective,equal_layer_p1,positive_depth_only,pair_minus_original_only,statevector_norm,10,-6.328271240363392e-16,6.983529337310028e-16,-1.1323987179856861e-15,-1.3325553008699246e-16,9,estimated,0,raw_instance,two_sided_Student_t_95_df_n_minus_1,unadjusted_exploratory
all_designs_diagnostic,targeted,cubic_spin_glass,selective,equal_layer_p2,all_scheduled,independence_minus_cold,original_objective_mean,10,0.046802633251623545,0.6901790907484432,-0.44692174567182935,0.5405270121750765,9,estimated,0,raw_instance,two_sided_Student_t_95_df_n_minus_1,unadjusted_exploratory
all_designs_diagnostic,targeted,cubic_spin_glass,selective,equal_layer_p2,all_scheduled,independence_minus_cold,encoded_energy_mean,10,-3.225328589481168,6.213383833064018,-7.670115623909993,1.2194584449476569,9,estimated,0,raw_instance,two_sided_Student_t_95_df_n_minus_1,unadjusted_exploratory
all_designs_diagnostic,targeted,cubic_spin_glass,selective,equal_layer_p2,all_scheduled,independence_minus_cold,optimum_hit_rate,10,-0.0056109468016935175,0.015908728910871164,-0.016991365893300373,0.005769472289913339,9,estimated,0,raw_instance,two_sided_Student_t_95_df_n_minus_1,unadjusted_exploratory
all_designs_diagnostic,targeted,cubic_spin_glass,selective,equal_layer_p2,all_scheduled,independence_minus_cold,auxiliary_inconsistency_rate,10,-0.04683889695447392,0.06672965130502188,-0.09457441384853571,0.0008966199395878602,9,estimated,0,raw_instance,two_sided_Student_t_95_df_n_minus_1,unadjusted_exploratory
all_designs_diagnostic,targeted,cubic_spin_glass,selective,equal_layer_p2,all_scheduled,independence_minus_cold,statevector_norm,10,3.108624468950438e-16,9.196924446902383e-16,-3.470458947831617e-16,9.687707885732492e-16,9,estimated,0,raw_instance,two_sided_Student_t_95_df_n_minus_1,unadjusted_exploratory
all_designs_diagnostic,targeted,cubic_spin_glass,selective,equal_layer_p2,all_scheduled,original_only_minus_cold,original_objective_mean,10,0.14630941774825704,0.6546240312699727,-0.3219804038350743,0.6145992393315883,9,estimated,0,raw_instance,two_sided_Student_t_95_df_n_minus_1,unadjusted_exploratory
all_designs_diagnostic,targeted,cubic_spin_glass,selective,equal_layer_p2,all_scheduled,original_only_minus_cold,encoded_energy_mean,10,-2.189196484888593,8.006944578109954,-7.917019584563918,3.5386266147867316,9,estimated,0,raw_instance,two_sided_Student_t_95_df_n_minus_1,unadjusted_exploratory
all_designs_diagnostic,targeted,cubic_spin_glass,selective,equal_layer_p2,all_scheduled,original_only_minus_cold,optimum_hit_rate,10,-0.009919292507638159,0.014983703163142334,-0.02063798804240652,0.0007994030271302032,9,estimated,0,raw_instance,two_sided_Student_t_95_df_n_minus_1,unadjusted_exploratory
all_designs_diagnostic,targeted,cubic_spin_glass,selective,equal_layer_p2,all_scheduled,original_only_minus_cold,auxiliary_inconsistency_rate,10,-0.02919912058082804,0.03296339603633794,-0.052779713579668416,-0.005618527581987661,9,estimated,0,raw_instance,two_sided_Student_t_95_df_n_minus_1,unadjusted_exploratory
all_designs_diagnostic,targeted,cubic_spin_glass,selective,equal_layer_p2,all_scheduled,original_only_minus_cold,statevector_norm,10,4.773959005888173e-16,8.439804796376861e-16,-1.2635136402443536e-16,1.08114316520207e-15,9,estimated,0,raw_instance,two_sided_Student_t_95_df_n_minus_1,unadjusted_exploratory
all_designs_diagnostic,targeted,cubic_spin_glass,selective,equal_layer_p2,all_scheduled,pair_minus_cold,original_objective_mean,10,0.06270507225520813,0.6246951602087532,-0.3841749247265742,0.5095850692369904,9,estimated,0,raw_instance,two_sided_Student_t_95_df_n_minus_1,unadjusted_exploratory
all_designs_diagnostic,targeted,cubic_spin_glass,selective,equal_layer_p2,all_scheduled,pair_minus_cold,encoded_energy_mean,10,-2.677697060647907,6.422740632698117,-7.272248927506901,1.9168548062110875,9,estimated,0,raw_instance,two_sided_Student_t_95_df_n_minus_1,unadjusted_exploratory
all_designs_diagnostic,targeted,cubic_spin_glass,selective,equal_layer_p2,all_scheduled,pair_minus_cold,optimum_hit_rate,10,-0.0017944179163359463,0.010053259517404657,-0.00898608653962668,0.005397250706954787,9,estimated,0,raw_instance,two_sided_Student_t_95_df_n_minus_1,unadjusted_exploratory
all_designs_diagnostic,targeted,cubic_spin_glass,selective,equal_layer_p2,all_scheduled,pair_minus_cold,auxiliary_inconsistency_rate,10,-0.04010477923132383,0.0324865887916239,-0.06334428487484117,-0.016865273587806477,9,estimated,0,raw_instance,two_sided_Student_t_95_df_n_minus_1,unadjusted_exploratory
all_designs_diagnostic,targeted,cubic_spin_glass,selective,equal_layer_p2,all_scheduled,pair_minus_cold,statevector_norm,10,-2.4424906541753446e-16,8.337767523300327e-16,-8.406970232346158e-16,3.5219889239954693e-16,9,estimated,0,raw_instance,two_sided_Student_t_95_df_n_minus_1,unadjusted_exploratory
all_designs_diagnostic,targeted,cubic_spin_glass,selective,equal_layer_p2,all_scheduled,pair_minus_independence,original_objective_mean,10,0.015902439003584616,0.26035646864810336,-0.17034535885797095,0.2021502368651402,9,estimated,0,raw_instance,two_sided_Student_t_95_df_n_minus_1,unadjusted_exploratory
all_designs_diagnostic,targeted,cubic_spin_glass,selective,equal_layer_p2,all_scheduled,pair_minus_independence,encoded_energy_mean,10,0.5476315288332616,4.254087487529048,-2.495559333974037,3.59082239164056,9,estimated,0,raw_instance,two_sided_Student_t_95_df_n_minus_1,unadjusted_exploratory
all_designs_diagnostic,targeted,cubic_spin_glass,selective,equal_layer_p2,all_scheduled,pair_minus_independence,optimum_hit_rate,10,0.0038165288853575703,0.011593888962775398,-0.004477239651220877,0.012110297421936016,9,estimated,0,raw_instance,two_sided_Student_t_95_df_n_minus_1,unadjusted_exploratory
all_designs_diagnostic,targeted,cubic_spin_glass,selective,equal_layer_p2,all_scheduled,pair_minus_independence,auxiliary_inconsistency_rate,10,0.0067341177231500906,0.04395109805213265,-0.024706603793436834,0.03817483923973702,9,estimated,0,raw_instance,two_sided_Student_t_95_df_n_minus_1,unadjusted_exploratory
all_designs_diagnostic,targeted,cubic_spin_glass,selective,equal_layer_p2,all_scheduled,pair_minus_independence,statevector_norm,10,-5.551115123125783e-16,1.2105447928361195e-15,-1.4210830898547238e-15,3.1086006522956737e-16,9,estimated,0,raw_instance,two_sided_Student_t_95_df_n_minus_1,unadjusted_exploratory
all_designs_diagnostic,targeted,cubic_spin_glass,selective,equal_layer_p2,all_scheduled,pair_minus_original_only,original_objective_mean,10,-0.08360434549304889,0.13772308576173417,-0.18212550600429556,0.014916815018197763,9,estimated,0,raw_instance,two_sided_Student_t_95_df_n_minus_1,unadjusted_exploratory
all_designs_diagnostic,targeted,cubic_spin_glass,selective,equal_layer_p2,all_scheduled,pair_minus_original_only,encoded_energy_mean,10,-0.48850057575931344,2.1913573796540384,-2.0561032107446096,1.0791020592259826,9,estimated,0,raw_instance,two_sided_Student_t_95_df_n_minus_1,unadjusted_exploratory
all_designs_diagnostic,targeted,cubic_spin_glass,selective,equal_layer_p2,all_scheduled,pair_minus_original_only,optimum_hit_rate,10,0.008124874591302211,0.00874764324686235,0.0018671875836915822,0.01438256159891284,9,estimated,0,raw_instance,two_sided_Student_t_95_df_n_minus_1,unadjusted_exploratory
all_designs_diagnostic,targeted,cubic_spin_glass,selective,equal_layer_p2,all_scheduled,pair_minus_original_only,auxiliary_inconsistency_rate,10,-0.010905658650495786,0.02434831726623374,-0.028323395555660866,0.006512078254669295,9,estimated,0,raw_instance,two_sided_Student_t_95_df_n_minus_1,unadjusted_exploratory
all_designs_diagnostic,targeted,cubic_spin_glass,selective,equal_layer_p2,all_scheduled,pair_minus_original_only,statevector_norm,10,-7.216449660063518e-16,9.947361494300653e-16,-1.433236340119816e-15,-1.00535918928875e-17,9,estimated,0,raw_instance,two_sided_Student_t_95_df_n_minus_1,unadjusted_exploratory
all_designs_diagnostic,targeted,cubic_spin_glass,selective,equal_layer_p2,positive_depth_only,independence_minus_cold,original_objective_mean,10,0.046802633251623545,0.6901790907484432,-0.44692174567182935,0.5405270121750765,9,estimated,0,raw_instance,two_sided_Student_t_95_df_n_minus_1,unadjusted_exploratory
all_designs_diagnostic,targeted,cubic_spin_glass,selective,equal_layer_p2,positive_depth_only,independence_minus_cold,encoded_energy_mean,10,-3.225328589481168,6.213383833064018,-7.670115623909993,1.2194584449476569,9,estimated,0,raw_instance,two_sided_Student_t_95_df_n_minus_1,unadjusted_exploratory
all_designs_diagnostic,targeted,cubic_spin_glass,selective,equal_layer_p2,positive_depth_only,independence_minus_cold,optimum_hit_rate,10,-0.0056109468016935175,0.015908728910871164,-0.016991365893300373,0.005769472289913339,9,estimated,0,raw_instance,two_sided_Student_t_95_df_n_minus_1,unadjusted_exploratory
all_designs_diagnostic,targeted,cubic_spin_glass,selective,equal_layer_p2,positive_depth_only,independence_minus_cold,auxiliary_inconsistency_rate,10,-0.04683889695447392,0.06672965130502188,-0.09457441384853571,0.0008966199395878602,9,estimated,0,raw_instance,two_sided_Student_t_95_df_n_minus_1,unadjusted_exploratory
all_designs_diagnostic,targeted,cubic_spin_glass,selective,equal_layer_p2,positive_depth_only,independence_minus_cold,statevector_norm,10,3.108624468950438e-16,9.196924446902383e-16,-3.470458947831617e-16,9.687707885732492e-16,9,estimated,0,raw_instance,two_sided_Student_t_95_df_n_minus_1,unadjusted_exploratory
all_designs_diagnostic,targeted,cubic_spin_glass,selective,equal_layer_p2,positive_depth_only,original_only_minus_cold,original_objective_mean,10,0.14630941774825704,0.6546240312699727,-0.3219804038350743,0.6145992393315883,9,estimated,0,raw_instance,two_sided_Student_t_95_df_n_minus_1,unadjusted_exploratory
all_designs_diagnostic,targeted,cubic_spin_glass,selective,equal_layer_p2,positive_depth_only,original_only_minus_cold,encoded_energy_mean,10,-2.189196484888593,8.006944578109954,-7.917019584563918,3.5386266147867316,9,estimated,0,raw_instance,two_sided_Student_t_95_df_n_minus_1,unadjusted_exploratory
all_designs_diagnostic,targeted,cubic_spin_glass,selective,equal_layer_p2,positive_depth_only,original_only_minus_cold,optimum_hit_rate,10,-0.009919292507638159,0.014983703163142334,-0.02063798804240652,0.0007994030271302032,9,estimated,0,raw_instance,two_sided_Student_t_95_df_n_minus_1,unadjusted_exploratory
all_designs_diagnostic,targeted,cubic_spin_glass,selective,equal_layer_p2,positive_depth_only,original_only_minus_cold,auxiliary_inconsistency_rate,10,-0.02919912058082804,0.03296339603633794,-0.052779713579668416,-0.005618527581987661,9,estimated,0,raw_instance,two_sided_Student_t_95_df_n_minus_1,unadjusted_exploratory
all_designs_diagnostic,targeted,cubic_spin_glass,selective,equal_layer_p2,positive_depth_only,original_only_minus_cold,statevector_norm,10,4.773959005888173e-16,8.439804796376861e-16,-1.2635136402443536e-16,1.08114316520207e-15,9,estimated,0,raw_instance,two_sided_Student_t_95_df_n_minus_1,unadjusted_exploratory
all_designs_diagnostic,targeted,cubic_spin_glass,selective,equal_layer_p2,positive_depth_only,pair_minus_cold,original_objective_mean,10,0.06270507225520813,0.6246951602087532,-0.3841749247265742,0.5095850692369904,9,estimated,0,raw_instance,two_sided_Student_t_95_df_n_minus_1,unadjusted_exploratory
all_designs_diagnostic,targeted,cubic_spin_glass,selective,equal_layer_p2,positive_depth_only,pair_minus_cold,encoded_energy_mean,10,-2.677697060647907,6.422740632698117,-7.272248927506901,1.9168548062110875,9,estimated,0,raw_instance,two_sided_Student_t_95_df_n_minus_1,unadjusted_exploratory
all_designs_diagnostic,targeted,cubic_spin_glass,selective,equal_layer_p2,positive_depth_only,pair_minus_cold,optimum_hit_rate,10,-0.0017944179163359463,0.010053259517404657,-0.00898608653962668,0.005397250706954787,9,estimated,0,raw_instance,two_sided_Student_t_95_df_n_minus_1,unadjusted_exploratory
all_designs_diagnostic,targeted,cubic_spin_glass,selective,equal_layer_p2,positive_depth_only,pair_minus_cold,auxiliary_inconsistency_rate,10,-0.04010477923132383,0.0324865887916239,-0.06334428487484117,-0.016865273587806477,9,estimated,0,raw_instance,two_sided_Student_t_95_df_n_minus_1,unadjusted_exploratory
all_designs_diagnostic,targeted,cubic_spin_glass,selective,equal_layer_p2,positive_depth_only,pair_minus_cold,statevector_norm,10,-2.4424906541753446e-16,8.337767523300327e-16,-8.406970232346158e-16,3.5219889239954693e-16,9,estimated,0,raw_instance,two_sided_Student_t_95_df_n_minus_1,unadjusted_exploratory
all_designs_diagnostic,targeted,cubic_spin_glass,selective,equal_layer_p2,positive_depth_only,pair_minus_independence,original_objective_mean,10,0.015902439003584616,0.26035646864810336,-0.17034535885797095,0.2021502368651402,9,estimated,0,raw_instance,two_sided_Student_t_95_df_n_minus_1,unadjusted_exploratory
all_designs_diagnostic,targeted,cubic_spin_glass,selective,equal_layer_p2,positive_depth_only,pair_minus_independence,encoded_energy_mean,10,0.5476315288332616,4.254087487529048,-2.495559333974037,3.59082239164056,9,estimated,0,raw_instance,two_sided_Student_t_95_df_n_minus_1,unadjusted_exploratory
all_designs_diagnostic,targeted,cubic_spin_glass,selective,equal_layer_p2,positive_depth_only,pair_minus_independence,optimum_hit_rate,10,0.0038165288853575703,0.011593888962775398,-0.004477239651220877,0.012110297421936016,9,estimated,0,raw_instance,two_sided_Student_t_95_df_n_minus_1,unadjusted_exploratory
all_designs_diagnostic,targeted,cubic_spin_glass,selective,equal_layer_p2,positive_depth_only,pair_minus_independence,auxiliary_inconsistency_rate,10,0.0067341177231500906,0.04395109805213265,-0.024706603793436834,0.03817483923973702,9,estimated,0,raw_instance,two_sided_Student_t_95_df_n_minus_1,unadjusted_exploratory
all_designs_diagnostic,targeted,cubic_spin_glass,selective,equal_layer_p2,positive_depth_only,pair_minus_independence,statevector_norm,10,-5.551115123125783e-16,1.2105447928361195e-15,-1.4210830898547238e-15,3.1086006522956737e-16,9,estimated,0,raw_instance,two_sided_Student_t_95_df_n_minus_1,unadjusted_exploratory
all_designs_diagnostic,targeted,cubic_spin_glass,selective,equal_layer_p2,positive_depth_only,pair_minus_original_only,original_objective_mean,10,-0.08360434549304889,0.13772308576173417,-0.18212550600429556,0.014916815018197763,9,estimated,0,raw_instance,two_sided_Student_t_95_df_n_minus_1,unadjusted_exploratory
all_designs_diagnostic,targeted,cubic_spin_glass,selective,equal_layer_p2,positive_depth_only,pair_minus_original_only,encoded_energy_mean,10,-0.48850057575931344,2.1913573796540384,-2.0561032107446096,1.0791020592259826,9,estimated,0,raw_instance,two_sided_Student_t_95_df_n_minus_1,unadjusted_exploratory
all_designs_diagnostic,targeted,cubic_spin_glass,selective,equal_layer_p2,positive_depth_only,pair_minus_original_only,optimum_hit_rate,10,0.008124874591302211,0.00874764324686235,0.0018671875836915822,0.01438256159891284,9,estimated,0,raw_instance,two_sided_Student_t_95_df_n_minus_1,unadjusted_exploratory
all_designs_diagnostic,targeted,cubic_spin_glass,selective,equal_layer_p2,positive_depth_only,pair_minus_original_only,auxiliary_inconsistency_rate,10,-0.010905658650495786,0.02434831726623374,-0.028323395555660866,0.006512078254669295,9,estimated,0,raw_instance,two_sided_Student_t_95_df_n_minus_1,unadjusted_exploratory
all_designs_diagnostic,targeted,cubic_spin_glass,selective,equal_layer_p2,positive_depth_only,pair_minus_original_only,statevector_norm,10,-7.216449660063518e-16,9.947361494300653e-16,-1.433236340119816e-15,-1.00535918928875e-17,9,estimated,0,raw_instance,two_sided_Student_t_95_df_n_minus_1,unadjusted_exploratory
all_designs_diagnostic,targeted,max3sat,selective,equal_layer_p1,all_scheduled,independence_minus_cold,original_objective_mean,10,-6.946814229706999,3.467033462086685,-9.426980560042091,-4.466647899371907,9,estimated,0,raw_instance,two_sided_Student_t_95_df_n_minus_1,unadjusted_exploratory
all_designs_diagnostic,targeted,max3sat,selective,equal_layer_p1,all_scheduled,independence_minus_cold,encoded_energy_mean,10,-18.1792376893538,11.518363389161237,-26.41897848526996,-9.93949689343764,9,estimated,0,raw_instance,two_sided_Student_t_95_df_n_minus_1,unadjusted_exploratory
all_designs_diagnostic,targeted,max3sat,selective,equal_layer_p1,all_scheduled,independence_minus_cold,optimum_hit_rate,10,0.5787608375428878,0.3019925182381616,0.36272840406974693,0.7947932710160286,9,estimated,0,raw_instance,two_sided_Student_t_95_df_n_minus_1,unadjusted_exploratory
all_designs_diagnostic,targeted,max3sat,selective,equal_layer_p1,all_scheduled,independence_minus_cold,auxiliary_inconsistency_rate,10,-0.4331247336277347,0.26958726597304894,-0.6259758461033056,-0.24027362115216375,9,estimated,0,raw_instance,two_sided_Student_t_95_df_n_minus_1,unadjusted_exploratory
all_designs_diagnostic,targeted,max3sat,selective,equal_layer_p1,all_scheduled,independence_minus_cold,statevector_norm,10,-6.883382752675971e-16,5.752245858222411e-16,-1.0998291552196525e-15,-2.7684739531554163e-16,9,estimated,0,raw_instance,two_sided_Student_t_95_df_n_minus_1,unadjusted_exploratory
all_designs_diagnostic,targeted,max3sat,selective,equal_layer_p1,all_scheduled,original_only_minus_cold,original_objective_mean,10,-6.816476472255694,3.297020135326446,-9.175022595185801,-4.4579303493255855,9,estimated,0,raw_instance,two_sided_Student_t_95_df_n_minus_1,unadjusted_exploratory
all_designs_diagnostic,targeted,max3sat,selective,equal_layer_p1,all_scheduled,original_only_minus_cold,encoded_energy_mean,10,-8.903979365314719,5.104410140308499,-12.555454410091093,-5.252504320538344,9,estimated,0,raw_instance,two_sided_Student_t_95_df_n_minus_1,unadjusted_exploratory
all_designs_diagnostic,targeted,max3sat,selective,equal_layer_p1,all_scheduled,original_only_minus_cold,optimum_hit_rate,10,0.5556374626075304,0.28810850127546916,0.34953705655126555,0.7617378686637953,9,estimated,0,raw_instance,two_sided_Student_t_95_df_n_minus_1,unadjusted_exploratory
all_designs_diagnostic,targeted,max3sat,selective,equal_layer_p1,all_scheduled,original_only_minus_cold,auxiliary_inconsistency_rate,10,-0.00951650239162959,0.07536245884816319,-0.06342755777959315,0.044394552996333964,9,estimated,0,raw_instance,two_sided_Student_t_95_df_n_minus_1,unadjusted_exploratory
all_designs_diagnostic,targeted,max3sat,selective,equal_layer_p1,all_scheduled,original_only_minus_cold,statevector_norm,10,-3.6637359812630164e-16,5.182362307120562e-16,-7.370974646903778e-16,4.3502684377744375e-18,9,estimated,0,raw_instance,two_sided_Student_t_95_df_n_minus_1,unadjusted_exploratory
all_designs_diagnostic,targeted,max3sat,selective,equal_layer_p1,all_scheduled,pair_minus_cold,original_objective_mean,10,-6.929529904209232,3.4572614246757554,-9.402705740097012,-4.456354068321452,9,estimated,0,raw_instance,two_sided_Student_t_95_df_n_minus_1,unadjusted_exploratory
all_designs_diagnostic,targeted,max3sat,selective,equal_layer_p1,all_scheduled,pair_minus_cold,encoded_energy_mean,10,-18.08036189219414,11.310757815748772,-26.171590607451694,-9.989133176936587,9,estimated,0,raw_instance,two_sided_Student_t_95_df_n_minus_1,unadjusted_exploratory
all_designs_diagnostic,targeted,max3sat,selective,equal_layer_p1,all_scheduled,pair_minus_cold,optimum_hit_rate,10,0.5776666623084952,0.2979962609665962,0.36449297907260414,0.7908403455443862,9,estimated,0,raw_instance,two_sided_Student_t_95_df_n_minus_1,unadjusted_exploratory
all_designs_diagnostic,targeted,max3sat,selective,equal_layer_p1,all_scheduled,pair_minus_cold,auxiliary_inconsistency_rate,10,-0.4416340277366939,0.2481176245862184,-0.619126683977482,-0.26414137149590583,9,estimated,0,raw_instance,two_sided_Student_t_95_df_n_minus_1,unadjusted_exploratory
all_designs_diagnostic,targeted,max3sat,selective,equal_layer_p1,all_scheduled,pair_minus_cold,statevector_norm,10,-6.439293542825908e-16,8.087627385369306e-16,-1.222483364586731e-15,-6.537534397845051e-17,9,estimated,0,raw_instance,two_sided_Student_t_95_df_n_minus_1,unadjusted_exploratory
all_designs_diagnostic,targeted,max3sat,selective,equal_layer_p1,all_scheduled,pair_minus_independence,original_objective_mean,10,0.017284325497766262,0.07904439553991453,-0.0392606287299884,0.07382927972552092,9,estimated,0,raw_instance,two_sided_Student_t_95_df_n_minus_1,unadjusted_exploratory
all_designs_diagnostic,targeted,max3sat,selective,equal_layer_p1,all_scheduled,pair_minus_independence,encoded_energy_mean,10,0.09887579715965988,1.1286063388835965,-0.7084805414829891,0.9062321358023089,9,estimated,0,raw_instance,two_sided_Student_t_95_df_n_minus_1,unadjusted_exploratory
all_designs_diagnostic,targeted,max3sat,selective,equal_layer_p1,all_scheduled,pair_minus_independence,optimum_hit_rate,10,-0.0010941752343925498,0.018441654802383012,-0.01428654035480431,0.01209818988601921,9,estimated,0,raw_instance,two_sided_Student_t_95_df_n_minus_1,unadjusted_exploratory
all_designs_diagnostic,targeted,max3sat,selective,equal_layer_p1,all_scheduled,pair_minus_independence,auxiliary_inconsistency_rate,10,-0.008509294108959188,0.05551198892648164,-0.0482201787516849,0.03120159053376652,9,estimated,0,raw_instance,two_sided_Student_t_95_df_n_minus_1,unadjusted_exploratory
all_designs_diagnostic,targeted,max3sat,selective,equal_layer_p1,all_scheduled,pair_minus_independence,statevector_norm,10,4.4408920985006264e-17,3.59562980915103e-16,-2.1280694054401096e-16,3.0162478251402347e-16,9,estimated,0,raw_instance,two_sided_Student_t_95_df_n_minus_1,unadjusted_exploratory
all_designs_diagnostic,targeted,max3sat,selective,equal_layer_p1,all_scheduled,pair_minus_original_only,original_objective_mean,10,-0.11305343195353838,0.3086499996482587,-0.33384834072976344,0.10774147682268666,9,estimated,0,raw_instance,two_sided_Student_t_95_df_n_minus_1,unadjusted_exploratory
all_designs_diagnostic,targeted,max3sat,selective,equal_layer_p1,all_scheduled,pair_minus_original_only,encoded_energy_mean,10,-9.176382526879422,6.499541271775988,-13.825874261285731,-4.526890792473113,9,estimated,0,raw_instance,two_sided_Student_t_95_df_n_minus_1,unadjusted_exploratory
all_designs_diagnostic,targeted,max3sat,selective,equal_layer_p1,all_scheduled,pair_minus_original_only,optimum_hit_rate,10,0.02202919970096475,0.03023433692965669,0.00040085798089093544,0.043657541421038566,9,estimated,0,raw_instance,two_sided_Student_t_95_df_n_minus_1,unadjusted_exploratory
all_designs_diagnostic,targeted,max3sat,selective,equal_layer_p1,all_scheduled,pair_minus_original_only,auxiliary_inconsistency_rate,10,-0.4321175253450643,0.2526624199471131,-0.6128613323334919,-0.25137371835663674,9,estimated,0,raw_instance,two_sided_Student_t_95_df_n_minus_1,unadjusted_exploratory
all_designs_diagnostic,targeted,max3sat,selective,equal_layer_p1,all_scheduled,pair_minus_original_only,statevector_norm,10,-2.7755575615628914e-16,4.386590939053802e-16,-5.913535683483372e-16,3.6242056035758885e-17,9,estimated,0,raw_instance,two_sided_Student_t_95_df_n_minus_1,unadjusted_exploratory
all_designs_diagnostic,targeted,max3sat,selective,equal_layer_p1,positive_depth_only,independence_minus_cold,original_objective_mean,10,-6.946814229706999,3.467033462086685,-9.426980560042091,-4.466647899371907,9,estimated,0,raw_instance,two_sided_Student_t_95_df_n_minus_1,unadjusted_exploratory
all_designs_diagnostic,targeted,max3sat,selective,equal_layer_p1,positive_depth_only,independence_minus_cold,encoded_energy_mean,10,-18.1792376893538,11.518363389161237,-26.41897848526996,-9.93949689343764,9,estimated,0,raw_instance,two_sided_Student_t_95_df_n_minus_1,unadjusted_exploratory
all_designs_diagnostic,targeted,max3sat,selective,equal_layer_p1,positive_depth_only,independence_minus_cold,optimum_hit_rate,10,0.5787608375428878,0.3019925182381616,0.36272840406974693,0.7947932710160286,9,estimated,0,raw_instance,two_sided_Student_t_95_df_n_minus_1,unadjusted_exploratory
all_designs_diagnostic,targeted,max3sat,selective,equal_layer_p1,positive_depth_only,independence_minus_cold,auxiliary_inconsistency_rate,10,-0.4331247336277347,0.26958726597304894,-0.6259758461033056,-0.24027362115216375,9,estimated,0,raw_instance,two_sided_Student_t_95_df_n_minus_1,unadjusted_exploratory
all_designs_diagnostic,targeted,max3sat,selective,equal_layer_p1,positive_depth_only,independence_minus_cold,statevector_norm,10,-6.883382752675971e-16,5.752245858222411e-16,-1.0998291552196525e-15,-2.7684739531554163e-16,9,estimated,0,raw_instance,two_sided_Student_t_95_df_n_minus_1,unadjusted_exploratory
all_designs_diagnostic,targeted,max3sat,selective,equal_layer_p1,positive_depth_only,original_only_minus_cold,original_objective_mean,10,-6.816476472255694,3.297020135326446,-9.175022595185801,-4.4579303493255855,9,estimated,0,raw_instance,two_sided_Student_t_95_df_n_minus_1,unadjusted_exploratory
all_designs_diagnostic,targeted,max3sat,selective,equal_layer_p1,positive_depth_only,original_only_minus_cold,encoded_energy_mean,10,-8.903979365314719,5.104410140308499,-12.555454410091093,-5.252504320538344,9,estimated,0,raw_instance,two_sided_Student_t_95_df_n_minus_1,unadjusted_exploratory
all_designs_diagnostic,targeted,max3sat,selective,equal_layer_p1,positive_depth_only,original_only_minus_cold,optimum_hit_rate,10,0.5556374626075304,0.28810850127546916,0.34953705655126555,0.7617378686637953,9,estimated,0,raw_instance,two_sided_Student_t_95_df_n_minus_1,unadjusted_exploratory
all_designs_diagnostic,targeted,max3sat,selective,equal_layer_p1,positive_depth_only,original_only_minus_cold,auxiliary_inconsistency_rate,10,-0.00951650239162959,0.07536245884816319,-0.06342755777959315,0.044394552996333964,9,estimated,0,raw_instance,two_sided_Student_t_95_df_n_minus_1,unadjusted_exploratory
all_designs_diagnostic,targeted,max3sat,selective,equal_layer_p1,positive_depth_only,original_only_minus_cold,statevector_norm,10,-3.6637359812630164e-16,5.182362307120562e-16,-7.370974646903778e-16,4.3502684377744375e-18,9,estimated,0,raw_instance,two_sided_Student_t_95_df_n_minus_1,unadjusted_exploratory
all_designs_diagnostic,targeted,max3sat,selective,equal_layer_p1,positive_depth_only,pair_minus_cold,original_objective_mean,10,-6.929529904209232,3.4572614246757554,-9.402705740097012,-4.456354068321452,9,estimated,0,raw_instance,two_sided_Student_t_95_df_n_minus_1,unadjusted_exploratory
all_designs_diagnostic,targeted,max3sat,selective,equal_layer_p1,positive_depth_only,pair_minus_cold,encoded_energy_mean,10,-18.08036189219414,11.310757815748772,-26.171590607451694,-9.989133176936587,9,estimated,0,raw_instance,two_sided_Student_t_95_df_n_minus_1,unadjusted_exploratory
all_designs_diagnostic,targeted,max3sat,selective,equal_layer_p1,positive_depth_only,pair_minus_cold,optimum_hit_rate,10,0.5776666623084952,0.2979962609665962,0.36449297907260414,0.7908403455443862,9,estimated,0,raw_instance,two_sided_Student_t_95_df_n_minus_1,unadjusted_exploratory
all_designs_diagnostic,targeted,max3sat,selective,equal_layer_p1,positive_depth_only,pair_minus_cold,auxiliary_inconsistency_rate,10,-0.4416340277366939,0.2481176245862184,-0.619126683977482,-0.26414137149590583,9,estimated,0,raw_instance,two_sided_Student_t_95_df_n_minus_1,unadjusted_exploratory
all_designs_diagnostic,targeted,max3sat,selective,equal_layer_p1,positive_depth_only,pair_minus_cold,statevector_norm,10,-6.439293542825908e-16,8.087627385369306e-16,-1.222483364586731e-15,-6.537534397845051e-17,9,estimated,0,raw_instance,two_sided_Student_t_95_df_n_minus_1,unadjusted_exploratory
all_designs_diagnostic,targeted,max3sat,selective,equal_layer_p1,positive_depth_only,pair_minus_independence,original_objective_mean,10,0.017284325497766262,0.07904439553991453,-0.0392606287299884,0.07382927972552092,9,estimated,0,raw_instance,two_sided_Student_t_95_df_n_minus_1,unadjusted_exploratory
all_designs_diagnostic,targeted,max3sat,selective,equal_layer_p1,positive_depth_only,pair_minus_independence,encoded_energy_mean,10,0.09887579715965988,1.1286063388835965,-0.7084805414829891,0.9062321358023089,9,estimated,0,raw_instance,two_sided_Student_t_95_df_n_minus_1,unadjusted_exploratory
all_designs_diagnostic,targeted,max3sat,selective,equal_layer_p1,positive_depth_only,pair_minus_independence,optimum_hit_rate,10,-0.0010941752343925498,0.018441654802383012,-0.01428654035480431,0.01209818988601921,9,estimated,0,raw_instance,two_sided_Student_t_95_df_n_minus_1,unadjusted_exploratory
all_designs_diagnostic,targeted,max3sat,selective,equal_layer_p1,positive_depth_only,pair_minus_independence,auxiliary_inconsistency_rate,10,-0.008509294108959188,0.05551198892648164,-0.0482201787516849,0.03120159053376652,9,estimated,0,raw_instance,two_sided_Student_t_95_df_n_minus_1,unadjusted_exploratory
all_designs_diagnostic,targeted,max3sat,selective,equal_layer_p1,positive_depth_only,pair_minus_independence,statevector_norm,10,4.4408920985006264e-17,3.59562980915103e-16,-2.1280694054401096e-16,3.0162478251402347e-16,9,estimated,0,raw_instance,two_sided_Student_t_95_df_n_minus_1,unadjusted_exploratory
all_designs_diagnostic,targeted,max3sat,selective,equal_layer_p1,positive_depth_only,pair_minus_original_only,original_objective_mean,10,-0.11305343195353838,0.3086499996482587,-0.33384834072976344,0.10774147682268666,9,estimated,0,raw_instance,two_sided_Student_t_95_df_n_minus_1,unadjusted_exploratory
all_designs_diagnostic,targeted,max3sat,selective,equal_layer_p1,positive_depth_only,pair_minus_original_only,encoded_energy_mean,10,-9.176382526879422,6.499541271775988,-13.825874261285731,-4.526890792473113,9,estimated,0,raw_instance,two_sided_Student_t_95_df_n_minus_1,unadjusted_exploratory
all_designs_diagnostic,targeted,max3sat,selective,equal_layer_p1,positive_depth_only,pair_minus_original_only,optimum_hit_rate,10,0.02202919970096475,0.03023433692965669,0.00040085798089093544,0.043657541421038566,9,estimated,0,raw_instance,two_sided_Student_t_95_df_n_minus_1,unadjusted_exploratory
all_designs_diagnostic,targeted,max3sat,selective,equal_layer_p1,positive_depth_only,pair_minus_original_only,auxiliary_inconsistency_rate,10,-0.4321175253450643,0.2526624199471131,-0.6128613323334919,-0.25137371835663674,9,estimated,0,raw_instance,two_sided_Student_t_95_df_n_minus_1,unadjusted_exploratory
all_designs_diagnostic,targeted,max3sat,selective,equal_layer_p1,positive_depth_only,pair_minus_original_only,statevector_norm,10,-2.7755575615628914e-16,4.386590939053802e-16,-5.913535683483372e-16,3.6242056035758885e-17,9,estimated,0,raw_instance,two_sided_Student_t_95_df_n_minus_1,unadjusted_exploratory
all_designs_diagnostic,targeted,max3sat,selective,equal_layer_p2,all_scheduled,independence_minus_cold,original_objective_mean,10,-6.586534290578385,3.6358373185858315,-9.187455625414623,-3.985612955742147,9,estimated,0,raw_instance,two_sided_Student_t_95_df_n_minus_1,unadjusted_exploratory
all_designs_diagnostic,targeted,max3sat,selective,equal_layer_p2,all_scheduled,independence_minus_cold,encoded_energy_mean,10,-16.796817043394704,11.077521655083215,-24.72119866039807,-8.872435426391338,9,estimated,0,raw_instance,two_sided_Student_t_95_df_n_minus_1,unadjusted_exploratory
all_designs_diagnostic,targeted,max3sat,selective,equal_layer_p2,all_scheduled,independence_minus_cold,optimum_hit_rate,10,0.5827209604316295,0.30775911451690746,0.3625633524865431,0.8028785683767159,9,estimated,0,raw_instance,two_sided_Student_t_95_df_n_minus_1,unadjusted_exploratory
all_designs_diagnostic,targeted,max3sat,selective,equal_layer_p2,all_scheduled,independence_minus_cold,auxiliary_inconsistency_rate,10,-0.4243967647701215,0.27398807816347376,-0.6203960286379927,-0.22839750090225028,9,estimated,0,raw_instance,two_sided_Student_t_95_df_n_minus_1,unadjusted_exploratory
all_designs_diagnostic,targeted,max3sat,selective,equal_layer_p2,all_scheduled,independence_minus_cold,statevector_norm,10,-3.219646771412954e-16,7.203628004108047e-16,-8.372811812195321e-16,1.9335182693694125e-16,9,estimated,0,raw_instance,two_sided_Student_t_95_df_n_minus_1,unadjusted_exploratory
all_designs_diagnostic,targeted,max3sat,selective,equal_layer_p2,all_scheduled,original_only_minus_cold,original_objective_mean,10,-6.197426509029452,3.622582212904462,-8.78886571247715,-3.605987305581752,9,estimated,0,raw_instance,two_sided_Student_t_95_df_n_minus_1,unadjusted_exploratory
all_designs_diagnostic,targeted,max3sat,selective,equal_layer_p2,all_scheduled,original_only_minus_cold,encoded_energy_mean,10,-8.050971437333082,5.634989327434996,-12.081999967784697,-4.019942906881467,9,estimated,0,raw_instance,two_sided_Student_t_95_df_n_minus_1,unadjusted_exploratory
all_designs_diagnostic,targeted,max3sat,selective,equal_layer_p2,all_scheduled,original_only_minus_cold,optimum_hit_rate,10,0.5472977303126207,0.29158723458496133,0.33870878835938045,0.755886672265861,9,estimated,0,raw_instance,two_sided_Student_t_95_df_n_minus_1,unadjusted_exploratory
all_designs_diagnostic,targeted,max3sat,selective,equal_layer_p2,all_scheduled,original_only_minus_cold,auxiliary_inconsistency_rate,10,-0.042310297813797984,0.09256581790849934,-0.10852789491146601,0.023907299283870045,9,estimated,0,raw_instance,two_sided_Student_t_95_df_n_minus_1,unadjusted_exploratory
all_designs_diagnostic,targeted,max3sat,selective,equal_layer_p2,all_scheduled,original_only_minus_cold,statevector_norm,10,1.7763568394002506e-16,9.128167018299422e-16,-4.753540475993892e-16,8.306254154794392e-16,9,estimated,0,raw_instance,two_sided_Student_t_95_df_n_minus_1,unadjusted_exploratory
all_designs_diagnostic,targeted,max3sat,selective,equal_layer_p2,all_scheduled,pair_minus_cold,original_objective_mean,10,-6.579524364958317,3.4725937299258285,-9.063668271291188,-4.0953804586254465,9,estimated,0,raw_instance,two_sided_Student_t_95_df_n_minus_1,unadjusted_exploratory
all_designs_diagnostic,targeted,max3sat,selective,equal_layer_p2,all_scheduled,pair_minus_cold,encoded_energy_mean,10,-16.598848783893224,10.598121376731944,-24.180288101053748,-9.0174094667327,9,estimated,0,raw_instance,two_sided_Student_t_95_df_n_minus_1,unadjusted_exploratory
all_designs_diagnostic,targeted,max3sat,selective,equal_layer_p2,all_scheduled,pair_minus_cold,optimum_hit_rate,10,0.5677513133568466,0.2994734432795573,0.3535209175520011,0.7819817091616921,9,estimated,0,raw_instance,two_sided_Student_t_95_df_n_minus_1,unadjusted_exploratory
all_designs_diagnostic,targeted,max3sat,selective,equal_layer_p2,all_scheduled,pair_minus_cold,auxiliary_inconsistency_rate,10,-0.4153984179204902,0.2624800257570126,-0.6031653170251271,-0.2276315188158533,9,estimated,0,raw_instance,two_sided_Student_t_95_df_n_minus_1,unadjusted_exploratory
all_designs_diagnostic,targeted,max3sat,selective,equal_layer_p2,all_scheduled,pair_minus_cold,statevector_norm,10,-3.774758283725532e-16,6.085444678866281e-16,-8.12802316065496e-16,5.78506593203896e-17,9,estimated,0,raw_instance,two_sided_Student_t_95_df_n_minus_1,unadjusted_exploratory
all_designs_diagnostic,targeted,max3sat,selective,equal_layer_p2,all_scheduled,pair_minus_independence,original_objective_mean,10,0.007009925620067747,0.44542305252655123,-0.31162653108333477,0.32564638232347026,9,estimated,0,raw_instance,two_sided_Student_t_95_df_n_minus_1,unadjusted_exploratory
all_designs_diagnostic,targeted,max3sat,selective,equal_layer_p2,all_scheduled,pair_minus_independence,encoded_energy_mean,10,0.19796825950147903,0.8952421112544803,-0.4424493673001716,0.8383858863031296,9,estimated,0,raw_instance,two_sided_Student_t_95_df_n_minus_1,unadjusted_exploratory
all_designs_diagnostic,targeted,max3sat,selective,equal_layer_p2,all_scheduled,pair_minus_independence,optimum_hit_rate,10,-0.014969647074782877,0.049935250698276284,-0.050691173513171275,0.02075187936360552,9,estimated,0,raw_instance,two_sided_Student_t_95_df_n_minus_1,unadjusted_exploratory
all_designs_diagnostic,targeted,max3sat,selective,equal_layer_p2,all_scheduled,pair_minus_independence,auxiliary_inconsistency_rate,10,0.008998346849631245,0.042285764025244976,-0.02125106647007364,0.03924776016933613,9,estimated,0,raw_instance,two_sided_Student_t_95_df_n_minus_1,unadjusted_exploratory
all_designs_diagnostic,targeted,max3sat,selective,equal_layer_p2,all_scheduled,pair_minus_independence,statevector_norm,10,-5.551115123125783e-17,6.542051911182396e-16,-5.235013526195491e-16,4.1247905015703344e-16,9,estimated,0,raw_instance,two_sided_Student_t_95_df_n_minus_1,unadjusted_exploratory
all_designs_diagnostic,targeted,max3sat,selective,equal_layer_p2,all_scheduled,pair_minus_original_only,original_objective_mean,10,-0.38209785592886536,0.560857236137592,-0.7833109530635116,0.019115241205780897,9,estimated,0,raw_instance,two_sided_Student_t_95_df_n_minus_1,unadjusted_exploratory
all_designs_diagnostic,targeted,max3sat,selective,equal_layer_p2,all_scheduled,pair_minus_original_only,encoded_energy_mean,10,-8.547877346560144,7.359922507986774,-13.812848740057415,-3.2829059530628717,9,estimated,0,raw_instance,two_sided_Student_t_95_df_n_minus_1,unadjusted_exploratory
all_designs_diagnostic,targeted,max3sat,selective,equal_layer_p2,all_scheduled,pair_minus_original_only,optimum_hit_rate,10,0.02045358304422583,0.04027891854721818,-0.008360219503556584,0.049267385592008245,9,estimated,0,raw_instance,two_sided_Student_t_95_df_n_minus_1,unadjusted_exploratory
all_designs_diagnostic,targeted,max3sat,selective,equal_layer_p2,all_scheduled,pair_minus_original_only,auxiliary_inconsistency_rate,10,-0.37308812010669223,0.23717426487623147,-0.5427523684044201,-0.2034238718089644,9,estimated,0,raw_instance,two_sided_Student_t_95_df_n_minus_1,unadjusted_exploratory
all_designs_diagnostic,targeted,max3sat,selective,equal_layer_p2,all_scheduled,pair_minus_original_only,statevector_norm,10,-5.551115123125783e-16,6.640746635894705e-16,-1.0301619089914518e-15,-8.006111563370474e-17,9,estimated,0,raw_instance,two_sided_Student_t_95_df_n_minus_1,unadjusted_exploratory
all_designs_diagnostic,targeted,max3sat,selective,equal_layer_p2,positive_depth_only,independence_minus_cold,original_objective_mean,10,-6.586534290578385,3.6358373185858315,-9.187455625414623,-3.985612955742147,9,estimated,0,raw_instance,two_sided_Student_t_95_df_n_minus_1,unadjusted_exploratory
all_designs_diagnostic,targeted,max3sat,selective,equal_layer_p2,positive_depth_only,independence_minus_cold,encoded_energy_mean,10,-16.796817043394704,11.077521655083215,-24.72119866039807,-8.872435426391338,9,estimated,0,raw_instance,two_sided_Student_t_95_df_n_minus_1,unadjusted_exploratory
all_designs_diagnostic,targeted,max3sat,selective,equal_layer_p2,positive_depth_only,independence_minus_cold,optimum_hit_rate,10,0.5827209604316295,0.30775911451690746,0.3625633524865431,0.8028785683767159,9,estimated,0,raw_instance,two_sided_Student_t_95_df_n_minus_1,unadjusted_exploratory
all_designs_diagnostic,targeted,max3sat,selective,equal_layer_p2,positive_depth_only,independence_minus_cold,auxiliary_inconsistency_rate,10,-0.4243967647701215,0.27398807816347376,-0.6203960286379927,-0.22839750090225028,9,estimated,0,raw_instance,two_sided_Student_t_95_df_n_minus_1,unadjusted_exploratory
all_designs_diagnostic,targeted,max3sat,selective,equal_layer_p2,positive_depth_only,independence_minus_cold,statevector_norm,10,-3.219646771412954e-16,7.203628004108047e-16,-8.372811812195321e-16,1.9335182693694125e-16,9,estimated,0,raw_instance,two_sided_Student_t_95_df_n_minus_1,unadjusted_exploratory
all_designs_diagnostic,targeted,max3sat,selective,equal_layer_p2,positive_depth_only,original_only_minus_cold,original_objective_mean,10,-6.197426509029452,3.622582212904462,-8.78886571247715,-3.605987305581752,9,estimated,0,raw_instance,two_sided_Student_t_95_df_n_minus_1,unadjusted_exploratory
all_designs_diagnostic,targeted,max3sat,selective,equal_layer_p2,positive_depth_only,original_only_minus_cold,encoded_energy_mean,10,-8.050971437333082,5.634989327434996,-12.081999967784697,-4.019942906881467,9,estimated,0,raw_instance,two_sided_Student_t_95_df_n_minus_1,unadjusted_exploratory
all_designs_diagnostic,targeted,max3sat,selective,equal_layer_p2,positive_depth_only,original_only_minus_cold,optimum_hit_rate,10,0.5472977303126207,0.29158723458496133,0.33870878835938045,0.755886672265861,9,estimated,0,raw_instance,two_sided_Student_t_95_df_n_minus_1,unadjusted_exploratory
all_designs_diagnostic,targeted,max3sat,selective,equal_layer_p2,positive_depth_only,original_only_minus_cold,auxiliary_inconsistency_rate,10,-0.042310297813797984,0.09256581790849934,-0.10852789491146601,0.023907299283870045,9,estimated,0,raw_instance,two_sided_Student_t_95_df_n_minus_1,unadjusted_exploratory
all_designs_diagnostic,targeted,max3sat,selective,equal_layer_p2,positive_depth_only,original_only_minus_cold,statevector_norm,10,1.7763568394002506e-16,9.128167018299422e-16,-4.753540475993892e-16,8.306254154794392e-16,9,estimated,0,raw_instance,two_sided_Student_t_95_df_n_minus_1,unadjusted_exploratory
all_designs_diagnostic,targeted,max3sat,selective,equal_layer_p2,positive_depth_only,pair_minus_cold,original_objective_mean,10,-6.579524364958317,3.4725937299258285,-9.063668271291188,-4.0953804586254465,9,estimated,0,raw_instance,two_sided_Student_t_95_df_n_minus_1,unadjusted_exploratory
all_designs_diagnostic,targeted,max3sat,selective,equal_layer_p2,positive_depth_only,pair_minus_cold,encoded_energy_mean,10,-16.598848783893224,10.598121376731944,-24.180288101053748,-9.0174094667327,9,estimated,0,raw_instance,two_sided_Student_t_95_df_n_minus_1,unadjusted_exploratory
all_designs_diagnostic,targeted,max3sat,selective,equal_layer_p2,positive_depth_only,pair_minus_cold,optimum_hit_rate,10,0.5677513133568466,0.2994734432795573,0.3535209175520011,0.7819817091616921,9,estimated,0,raw_instance,two_sided_Student_t_95_df_n_minus_1,unadjusted_exploratory
all_designs_diagnostic,targeted,max3sat,selective,equal_layer_p2,positive_depth_only,pair_minus_cold,auxiliary_inconsistency_rate,10,-0.4153984179204902,0.2624800257570126,-0.6031653170251271,-0.2276315188158533,9,estimated,0,raw_instance,two_sided_Student_t_95_df_n_minus_1,unadjusted_exploratory
all_designs_diagnostic,targeted,max3sat,selective,equal_layer_p2,positive_depth_only,pair_minus_cold,statevector_norm,10,-3.774758283725532e-16,6.085444678866281e-16,-8.12802316065496e-16,5.78506593203896e-17,9,estimated,0,raw_instance,two_sided_Student_t_95_df_n_minus_1,unadjusted_exploratory
all_designs_diagnostic,targeted,max3sat,selective,equal_layer_p2,positive_depth_only,pair_minus_independence,original_objective_mean,10,0.007009925620067747,0.44542305252655123,-0.31162653108333477,0.32564638232347026,9,estimated,0,raw_instance,two_sided_Student_t_95_df_n_minus_1,unadjusted_exploratory
all_designs_diagnostic,targeted,max3sat,selective,equal_layer_p2,positive_depth_only,pair_minus_independence,encoded_energy_mean,10,0.19796825950147903,0.8952421112544803,-0.4424493673001716,0.8383858863031296,9,estimated,0,raw_instance,two_sided_Student_t_95_df_n_minus_1,unadjusted_exploratory
all_designs_diagnostic,targeted,max3sat,selective,equal_layer_p2,positive_depth_only,pair_minus_independence,optimum_hit_rate,10,-0.014969647074782877,0.049935250698276284,-0.050691173513171275,0.02075187936360552,9,estimated,0,raw_instance,two_sided_Student_t_95_df_n_minus_1,unadjusted_exploratory
all_designs_diagnostic,targeted,max3sat,selective,equal_layer_p2,positive_depth_only,pair_minus_independence,auxiliary_inconsistency_rate,10,0.008998346849631245,0.042285764025244976,-0.02125106647007364,0.03924776016933613,9,estimated,0,raw_instance,two_sided_Student_t_95_df_n_minus_1,unadjusted_exploratory
all_designs_diagnostic,targeted,max3sat,selective,equal_layer_p2,positive_depth_only,pair_minus_independence,statevector_norm,10,-5.551115123125783e-17,6.542051911182396e-16,-5.235013526195491e-16,4.1247905015703344e-16,9,estimated,0,raw_instance,two_sided_Student_t_95_df_n_minus_1,unadjusted_exploratory
all_designs_diagnostic,targeted,max3sat,selective,equal_layer_p2,positive_depth_only,pair_minus_original_only,original_objective_mean,10,-0.38209785592886536,0.560857236137592,-0.7833109530635116,0.019115241205780897,9,estimated,0,raw_instance,two_sided_Student_t_95_df_n_minus_1,unadjusted_exploratory
all_designs_diagnostic,targeted,max3sat,selective,equal_layer_p2,positive_depth_only,pair_minus_original_only,encoded_energy_mean,10,-8.547877346560144,7.359922507986774,-13.812848740057415,-3.2829059530628717,9,estimated,0,raw_instance,two_sided_Student_t_95_df_n_minus_1,unadjusted_exploratory
all_designs_diagnostic,targeted,max3sat,selective,equal_layer_p2,positive_depth_only,pair_minus_original_only,optimum_hit_rate,10,0.02045358304422583,0.04027891854721818,-0.008360219503556584,0.049267385592008245,9,estimated,0,raw_instance,two_sided_Student_t_95_df_n_minus_1,unadjusted_exploratory
all_designs_diagnostic,targeted,max3sat,selective,equal_layer_p2,positive_depth_only,pair_minus_original_only,auxiliary_inconsistency_rate,10,-0.37308812010669223,0.23717426487623147,-0.5427523684044201,-0.2034238718089644,9,estimated,0,raw_instance,two_sided_Student_t_95_df_n_minus_1,unadjusted_exploratory
all_designs_diagnostic,targeted,max3sat,selective,equal_layer_p2,positive_depth_only,pair_minus_original_only,statevector_norm,10,-5.551115123125783e-16,6.640746635894705e-16,-1.0301619089914518e-15,-8.006111563370474e-17,9,estimated,0,raw_instance,two_sided_Student_t_95_df_n_minus_1,unadjusted_exploratory
primary_selected_active_aux,original_e4,cubic_spin_glass,selective,equal_2q_budget_128,all_scheduled,independence_minus_cold,original_objective_mean,2,-0.22222222222222265,0.31426968052735516,-3.0458232747054943,2.6013788302610488,1,estimated,2,raw_instance,two_sided_Student_t_95_df_n_minus_1,unadjusted_exploratory
primary_selected_active_aux,original_e4,cubic_spin_glass,selective,equal_2q_budget_128,all_scheduled,independence_minus_cold,encoded_energy_mean,2,-7.4814814814814685,1.7939560930103133,-23.599537489406757,8.636574526443821,1,estimated,2,raw_instance,two_sided_Student_t_95_df_n_minus_1,unadjusted_exploratory
primary_selected_active_aux,original_e4,cubic_spin_glass,selective,equal_2q_budget_128,all_scheduled,independence_minus_cold,optimum_hit_rate,2,0.037841060099451346,0.04854349585200155,-0.39830494593245425,0.473987066131357,1,estimated,2,raw_instance,two_sided_Student_t_95_df_n_minus_1,unadjusted_exploratory
primary_selected_active_aux,original_e4,cubic_spin_glass,selective,equal_2q_budget_128,all_scheduled,independence_minus_cold,auxiliary_inconsistency_rate,2,-0.06739877183567866,0.08698470980735008,-0.8489253821973386,0.7141278385259813,1,estimated,2,raw_instance,two_sided_Student_t_95_df_n_minus_1,unadjusted_exploratory
primary_selected_active_aux,original_e4,cubic_spin_glass,selective,equal_2q_budget_128,all_scheduled,independence_minus_cold,statevector_norm,2,3.3306690738754696e-16,3.1401849173675503e-16,-2.4882773033529247e-15,3.1544111181280186e-15,1,estimated,2,raw_instance,two_sided_Student_t_95_df_n_minus_1,unadjusted_exploratory
primary_selected_active_aux,original_e4,cubic_spin_glass,selective,equal_2q_budget_128,all_scheduled,original_only_minus_cold,original_objective_mean,2,-0.2222222222222226,0.3142696805273548,-3.045823274705491,2.6013788302610457,1,estimated,2,raw_instance,two_sided_Student_t_95_df_n_minus_1,unadjusted_exploratory
primary_selected_active_aux,original_e4,cubic_spin_glass,selective,equal_2q_budget_128,all_scheduled,original_only_minus_cold,encoded_energy_mean,2,-3.306481481481457,3.403278748710807,-33.88372787899813,27.270764916035212,1,estimated,2,raw_instance,two_sided_Student_t_95_df_n_minus_1,unadjusted_exploratory
primary_selected_active_aux,original_e4,cubic_spin_glass,selective,equal_2q_budget_128,all_scheduled,original_only_minus_cold,optimum_hit_rate,2,0.037841060099451373,0.048543495852001586,-0.3983049459324546,0.4739870661313573,1,estimated,2,raw_instance,two_sided_Student_t_95_df_n_minus_1,unadjusted_exploratory
primary_selected_active_aux,original_e4,cubic_spin_glass,selective,equal_2q_budget_128,all_scheduled,original_only_minus_cold,auxiliary_inconsistency_rate,2,4.996003610813204e-16,7.850462293418876e-17,-2.0573569160379746e-16,1.2049364137664383e-15,1,estimated,2,raw_instance,two_sided_Student_t_95_df_n_minus_1,unadjusted_exploratory
primary_selected_active_aux,original_e4,cubic_spin_glass,selective,equal_2q_budget_128,all_scheduled,original_only_minus_cold,statevector_norm,2,5.551115123125783e-16,0.0,5.551115123125783e-16,5.551115123125783e-16,1,estimated,2,raw_instance,two_sided_Student_t_95_df_n_minus_1,unadjusted_exploratory
primary_selected_active_aux,original_e4,cubic_spin_glass,selective,equal_2q_budget_128,all_scheduled,pair_minus_cold,original_objective_mean,2,-0.22222222222222268,0.31426968052735493,-3.045823274705492,2.6013788302610465,1,estimated,2,raw_instance,two_sided_Student_t_95_df_n_minus_1,unadjusted_exploratory
primary_selected_active_aux,original_e4,cubic_spin_glass,selective,equal_2q_budget_128,all_scheduled,pair_minus_cold,encoded_energy_mean,2,-4.05648148148147,4.463938920490646,-44.16338143112932,36.05041846816638,1,estimated,2,raw_instance,two_sided_Student_t_95_df_n_minus_1,unadjusted_exploratory
primary_selected_active_aux,original_e4,cubic_spin_glass,selective,equal_2q_budget_128,all_scheduled,pair_minus_cold,optimum_hit_rate,2,0.03784106009945134,0.04854349585200154,-0.39830494593245425,0.4739870661313569,1,estimated,2,raw_instance,two_sided_Student_t_95_df_n_minus_1,unadjusted_exploratory
primary_selected_active_aux,original_e4,cubic_spin_glass,selective,equal_2q_budget_128,all_scheduled,pair_minus_cold,auxiliary_inconsistency_rate,2,-0.012488568815729018,0.017661503393834307,-0.1711708810501943,0.14619374341873626,1,estimated,2,raw_instance,two_sided_Student_t_95_df_n_minus_1,unadjusted_exploratory
primary_selected_active_aux,original_e4,cubic_spin_glass,selective,equal_2q_budget_128,all_scheduled,pair_minus_cold,statevector_norm,2,2.7755575615628914e-16,3.925231146709438e-16,-3.2491245072693002e-15,3.804236019581878e-15,1,estimated,2,raw_instance,two_sided_Student_t_95_df_n_minus_1,unadjusted_exploratory
primary_selected_active_aux,original_e4,cubic_spin_glass,selective,equal_2q_budget_128,all_scheduled,pair_minus_independence,original_objective_mean,2,-1.734723475976807e-17,1.815419405353115e-16,-1.6484368565941033e-15,1.6137423870745671e-15,1,estimated,2,raw_instance,two_sided_Student_t_95_df_n_minus_1,unadjusted_exploratory
primary_selected_active_aux,original_e4,cubic_spin_glass,selective,equal_2q_budget_128,all_scheduled,pair_minus_independence,encoded_energy_mean,2,3.424999999999999,6.257895013500959,-52.79995595757314,59.649955957573134,1,estimated,2,raw_instance,two_sided_Student_t_95_df_n_minus_1,unadjusted_exploratory
primary_selected_active_aux,original_e4,cubic_spin_glass,selective,equal_2q_budget_128,all_scheduled,pair_minus_independence,optimum_hit_rate,2,-5.204170427930421e-18,1.2266347333466993e-17,-1.1541292865998008e-16,1.0500458780411925e-16,1,estimated,2,raw_instance,two_sided_Student_t_95_df_n_minus_1,unadjusted_exploratory
primary_selected_active_aux,original_e4,cubic_spin_glass,selective,equal_2q_budget_128,all_scheduled,pair_minus_independence,auxiliary_inconsistency_rate,2,0.054910203019949644,0.10464621320118439,-0.8852987195761756,0.9951191256160749,1,estimated,2,raw_instance,two_sided_Student_t_95_df_n_minus_1,unadjusted_exploratory
primary_selected_active_aux,original_e4,cubic_spin_glass,selective,equal_2q_budget_128,all_scheduled,pair_minus_independence,statevector_norm,2,-5.551115123125783e-17,7.850462293418876e-17,-7.608472039163757e-16,6.498249014538601e-16,1,estimated,2,raw_instance,two_sided_Student_t_95_df_n_minus_1,unadjusted_exploratory
primary_selected_active_aux,original_e4,cubic_spin_glass,selective,equal_2q_budget_128,all_scheduled,pair_minus_original_only,original_objective_mean,2,-8.326672684688674e-17,1.1775693440128312e-16,-1.1412708058745635e-15,9.7473735218079e-16,1,estimated,2,raw_instance,two_sided_Student_t_95_df_n_minus_1,unadjusted_exploratory
primary_selected_active_aux,original_e4,cubic_spin_glass,selective,equal_2q_budget_128,all_scheduled,pair_minus_original_only,encoded_energy_mean,2,-0.7500000000000124,1.060660171779839,-10.27965355213119,8.779653552131165,1,estimated,2,raw_instance,two_sided_Student_t_95_df_n_minus_1,unadjusted_exploratory
primary_selected_active_aux,original_e4,cubic_spin_glass,selective,equal_2q_budget_128,all_scheduled,pair_minus_original_only,optimum_hit_rate,2,-3.469446951953614e-17,4.906538933386797e-17,-4.755295024477348e-16,4.0614056340866252e-16,1,estimated,2,raw_instance,two_sided_Student_t_95_df_n_minus_1,unadjusted_exploratory
primary_selected_active_aux,original_e4,cubic_spin_glass,selective,equal_2q_budget_128,all_scheduled,pair_minus_original_only,auxiliary_inconsistency_rate,2,-0.012488568815729517,0.017661503393834384,-0.17117088105019548,0.14619374341873645,1,estimated,2,raw_instance,two_sided_Student_t_95_df_n_minus_1,unadjusted_exploratory
primary_selected_active_aux,original_e4,cubic_spin_glass,selective,equal_2q_budget_128,all_scheduled,pair_minus_original_only,statevector_norm,2,-2.7755575615628914e-16,3.925231146709438e-16,-3.804236019581878e-15,3.2491245072693002e-15,1,estimated,2,raw_instance,two_sided_Student_t_95_df_n_minus_1,unadjusted_exploratory
primary_selected_active_aux,original_e4,cubic_spin_glass,selective,equal_2q_budget_128,zero_depth_only,independence_minus_cold,original_objective_mean,2,-0.22222222222222265,0.31426968052735516,-3.0458232747054943,2.6013788302610488,1,estimated,2,raw_instance,two_sided_Student_t_95_df_n_minus_1,unadjusted_exploratory
primary_selected_active_aux,original_e4,cubic_spin_glass,selective,equal_2q_budget_128,zero_depth_only,independence_minus_cold,encoded_energy_mean,2,-7.4814814814814685,1.7939560930103133,-23.599537489406757,8.636574526443821,1,estimated,2,raw_instance,two_sided_Student_t_95_df_n_minus_1,unadjusted_exploratory
primary_selected_active_aux,original_e4,cubic_spin_glass,selective,equal_2q_budget_128,zero_depth_only,independence_minus_cold,optimum_hit_rate,2,0.037841060099451346,0.04854349585200155,-0.39830494593245425,0.473987066131357,1,estimated,2,raw_instance,two_sided_Student_t_95_df_n_minus_1,unadjusted_exploratory
primary_selected_active_aux,original_e4,cubic_spin_glass,selective,equal_2q_budget_128,zero_depth_only,independence_minus_cold,auxiliary_inconsistency_rate,2,-0.06739877183567866,0.08698470980735008,-0.8489253821973386,0.7141278385259813,1,estimated,2,raw_instance,two_sided_Student_t_95_df_n_minus_1,unadjusted_exploratory
primary_selected_active_aux,original_e4,cubic_spin_glass,selective,equal_2q_budget_128,zero_depth_only,independence_minus_cold,statevector_norm,2,3.3306690738754696e-16,3.1401849173675503e-16,-2.4882773033529247e-15,3.1544111181280186e-15,1,estimated,2,raw_instance,two_sided_Student_t_95_df_n_minus_1,unadjusted_exploratory
primary_selected_active_aux,original_e4,cubic_spin_glass,selective,equal_2q_budget_128,zero_depth_only,original_only_minus_cold,original_objective_mean,2,-0.2222222222222226,0.3142696805273548,-3.045823274705491,2.6013788302610457,1,estimated,2,raw_instance,two_sided_Student_t_95_df_n_minus_1,unadjusted_exploratory
primary_selected_active_aux,original_e4,cubic_spin_glass,selective,equal_2q_budget_128,zero_depth_only,original_only_minus_cold,encoded_energy_mean,2,-3.306481481481457,3.403278748710807,-33.88372787899813,27.270764916035212,1,estimated,2,raw_instance,two_sided_Student_t_95_df_n_minus_1,unadjusted_exploratory
primary_selected_active_aux,original_e4,cubic_spin_glass,selective,equal_2q_budget_128,zero_depth_only,original_only_minus_cold,optimum_hit_rate,2,0.037841060099451373,0.048543495852001586,-0.3983049459324546,0.4739870661313573,1,estimated,2,raw_instance,two_sided_Student_t_95_df_n_minus_1,unadjusted_exploratory
primary_selected_active_aux,original_e4,cubic_spin_glass,selective,equal_2q_budget_128,zero_depth_only,original_only_minus_cold,auxiliary_inconsistency_rate,2,4.996003610813204e-16,7.850462293418876e-17,-2.0573569160379746e-16,1.2049364137664383e-15,1,estimated,2,raw_instance,two_sided_Student_t_95_df_n_minus_1,unadjusted_exploratory
primary_selected_active_aux,original_e4,cubic_spin_glass,selective,equal_2q_budget_128,zero_depth_only,original_only_minus_cold,statevector_norm,2,5.551115123125783e-16,0.0,5.551115123125783e-16,5.551115123125783e-16,1,estimated,2,raw_instance,two_sided_Student_t_95_df_n_minus_1,unadjusted_exploratory
primary_selected_active_aux,original_e4,cubic_spin_glass,selective,equal_2q_budget_128,zero_depth_only,pair_minus_cold,original_objective_mean,2,-0.22222222222222268,0.31426968052735493,-3.045823274705492,2.6013788302610465,1,estimated,2,raw_instance,two_sided_Student_t_95_df_n_minus_1,unadjusted_exploratory
primary_selected_active_aux,original_e4,cubic_spin_glass,selective,equal_2q_budget_128,zero_depth_only,pair_minus_cold,encoded_energy_mean,2,-4.05648148148147,4.463938920490646,-44.16338143112932,36.05041846816638,1,estimated,2,raw_instance,two_sided_Student_t_95_df_n_minus_1,unadjusted_exploratory
primary_selected_active_aux,original_e4,cubic_spin_glass,selective,equal_2q_budget_128,zero_depth_only,pair_minus_cold,optimum_hit_rate,2,0.03784106009945134,0.04854349585200154,-0.39830494593245425,0.4739870661313569,1,estimated,2,raw_instance,two_sided_Student_t_95_df_n_minus_1,unadjusted_exploratory
primary_selected_active_aux,original_e4,cubic_spin_glass,selective,equal_2q_budget_128,zero_depth_only,pair_minus_cold,auxiliary_inconsistency_rate,2,-0.012488568815729018,0.017661503393834307,-0.1711708810501943,0.14619374341873626,1,estimated,2,raw_instance,two_sided_Student_t_95_df_n_minus_1,unadjusted_exploratory
primary_selected_active_aux,original_e4,cubic_spin_glass,selective,equal_2q_budget_128,zero_depth_only,pair_minus_cold,statevector_norm,2,2.7755575615628914e-16,3.925231146709438e-16,-3.2491245072693002e-15,3.804236019581878e-15,1,estimated,2,raw_instance,two_sided_Student_t_95_df_n_minus_1,unadjusted_exploratory
primary_selected_active_aux,original_e4,cubic_spin_glass,selective,equal_2q_budget_128,zero_depth_only,pair_minus_independence,original_objective_mean,2,-1.734723475976807e-17,1.815419405353115e-16,-1.6484368565941033e-15,1.6137423870745671e-15,1,estimated,2,raw_instance,two_sided_Student_t_95_df_n_minus_1,unadjusted_exploratory
primary_selected_active_aux,original_e4,cubic_spin_glass,selective,equal_2q_budget_128,zero_depth_only,pair_minus_independence,encoded_energy_mean,2,3.424999999999999,6.257895013500959,-52.79995595757314,59.649955957573134,1,estimated,2,raw_instance,two_sided_Student_t_95_df_n_minus_1,unadjusted_exploratory
primary_selected_active_aux,original_e4,cubic_spin_glass,selective,equal_2q_budget_128,zero_depth_only,pair_minus_independence,optimum_hit_rate,2,-5.204170427930421e-18,1.2266347333466993e-17,-1.1541292865998008e-16,1.0500458780411925e-16,1,estimated,2,raw_instance,two_sided_Student_t_95_df_n_minus_1,unadjusted_exploratory
primary_selected_active_aux,original_e4,cubic_spin_glass,selective,equal_2q_budget_128,zero_depth_only,pair_minus_independence,auxiliary_inconsistency_rate,2,0.054910203019949644,0.10464621320118439,-0.8852987195761756,0.9951191256160749,1,estimated,2,raw_instance,two_sided_Student_t_95_df_n_minus_1,unadjusted_exploratory
primary_selected_active_aux,original_e4,cubic_spin_glass,selective,equal_2q_budget_128,zero_depth_only,pair_minus_independence,statevector_norm,2,-5.551115123125783e-17,7.850462293418876e-17,-7.608472039163757e-16,6.498249014538601e-16,1,estimated,2,raw_instance,two_sided_Student_t_95_df_n_minus_1,unadjusted_exploratory
primary_selected_active_aux,original_e4,cubic_spin_glass,selective,equal_2q_budget_128,zero_depth_only,pair_minus_original_only,original_objective_mean,2,-8.326672684688674e-17,1.1775693440128312e-16,-1.1412708058745635e-15,9.7473735218079e-16,1,estimated,2,raw_instance,two_sided_Student_t_95_df_n_minus_1,unadjusted_exploratory
primary_selected_active_aux,original_e4,cubic_spin_glass,selective,equal_2q_budget_128,zero_depth_only,pair_minus_original_only,encoded_energy_mean,2,-0.7500000000000124,1.060660171779839,-10.27965355213119,8.779653552131165,1,estimated,2,raw_instance,two_sided_Student_t_95_df_n_minus_1,unadjusted_exploratory
primary_selected_active_aux,original_e4,cubic_spin_glass,selective,equal_2q_budget_128,zero_depth_only,pair_minus_original_only,optimum_hit_rate,2,-3.469446951953614e-17,4.906538933386797e-17,-4.755295024477348e-16,4.0614056340866252e-16,1,estimated,2,raw_instance,two_sided_Student_t_95_df_n_minus_1,unadjusted_exploratory
primary_selected_active_aux,original_e4,cubic_spin_glass,selective,equal_2q_budget_128,zero_depth_only,pair_minus_original_only,auxiliary_inconsistency_rate,2,-0.012488568815729517,0.017661503393834384,-0.17117088105019548,0.14619374341873645,1,estimated,2,raw_instance,two_sided_Student_t_95_df_n_minus_1,unadjusted_exploratory
primary_selected_active_aux,original_e4,cubic_spin_glass,selective,equal_2q_budget_128,zero_depth_only,pair_minus_original_only,statevector_norm,2,-2.7755575615628914e-16,3.925231146709438e-16,-3.804236019581878e-15,3.2491245072693002e-15,1,estimated,2,raw_instance,two_sided_Student_t_95_df_n_minus_1,unadjusted_exploratory
primary_selected_active_aux,original_e4,cubic_spin_glass,selective,equal_2q_budget_256,all_scheduled,independence_minus_cold,original_objective_mean,2,-0.04971484941649201,0.4952774985362936,-4.499606623232175,4.400176924399192,1,estimated,0,raw_instance,two_sided_Student_t_95_df_n_minus_1,unadjusted_exploratory
primary_selected_active_aux,original_e4,cubic_spin_glass,selective,equal_2q_budget_256,all_scheduled,independence_minus_cold,encoded_energy_mean,2,-2.1938159796399166,7.2926884342880705,-67.71602195234115,63.328389993061315,1,estimated,0,raw_instance,two_sided_Student_t_95_df_n_minus_1,unadjusted_exploratory
primary_selected_active_aux,original_e4,cubic_spin_glass,selective,equal_2q_budget_256,all_scheduled,independence_minus_cold,optimum_hit_rate,2,0.02993021859213524,0.008999641934806821,-0.05092835610858658,0.11078879329285705,1,estimated,0,raw_instance,two_sided_Student_t_95_df_n_minus_1,unadjusted_exploratory
primary_selected_active_aux,original_e4,cubic_spin_glass,selective,equal_2q_budget_256,all_scheduled,independence_minus_cold,auxiliary_inconsistency_rate,2,-0.027956562095623638,0.013983621270748783,-0.1535944145011053,0.09768129030985803,1,estimated,0,raw_instance,two_sided_Student_t_95_df_n_minus_1,unadjusted_exploratory
primary_selected_active_aux,original_e4,cubic_spin_glass,selective,equal_2q_budget_256,all_scheduled,independence_minus_cold,statevector_norm,2,8.881784197001252e-16,7.850462293418876e-16,-6.1651821071510534e-15,7.941538946551303e-15,1,estimated,0,raw_instance,two_sided_Student_t_95_df_n_minus_1,unadjusted_exploratory
primary_selected_active_aux,original_e4,cubic_spin_glass,selective,equal_2q_budget_256,all_scheduled,original_only_minus_cold,original_objective_mean,2,-0.03289885334935272,0.4708626782195097,-4.263432169718612,4.197634463019908,1,estimated,0,raw_instance,two_sided_Student_t_95_df_n_minus_1,unadjusted_exploratory
primary_selected_active_aux,original_e4,cubic_spin_glass,selective,equal_2q_budget_256,all_scheduled,original_only_minus_cold,encoded_energy_mean,2,-2.117839447955495,5.974349969763155,-55.79524426225254,51.559565366341545,1,estimated,0,raw_instance,two_sided_Student_t_95_df_n_minus_1,unadjusted_exploratory
primary_selected_active_aux,original_e4,cubic_spin_glass,selective,equal_2q_budget_256,all_scheduled,original_only_minus_cold,optimum_hit_rate,2,0.02611859994540191,0.020885364726764787,-0.16152895716234433,0.21376615705314816,1,estimated,0,raw_instance,two_sided_Student_t_95_df_n_minus_1,unadjusted_exploratory
primary_selected_active_aux,original_e4,cubic_spin_glass,selective,equal_2q_budget_256,all_scheduled,original_only_minus_cold,auxiliary_inconsistency_rate,2,-0.017449958282520384,0.00010866401348013235,-0.018426265708406005,-0.016473650856634763,1,estimated,0,raw_instance,two_sided_Student_t_95_df_n_minus_1,unadjusted_exploratory
primary_selected_active_aux,original_e4,cubic_spin_glass,selective,equal_2q_budget_256,all_scheduled,original_only_minus_cold,statevector_norm,2,1.2212453270876722e-15,9.42055475210265e-16,-7.242787305133742e-15,9.685277959309086e-15,1,estimated,0,raw_instance,two_sided_Student_t_95_df_n_minus_1,unadjusted_exploratory
primary_selected_active_aux,original_e4,cubic_spin_glass,selective,equal_2q_budget_256,all_scheduled,pair_minus_cold,original_objective_mean,2,-0.06677894427047393,0.42294899414442655,-3.8668248889157546,3.7332670003748065,1,estimated,0,raw_instance,two_sided_Student_t_95_df_n_minus_1,unadjusted_exploratory
primary_selected_active_aux,original_e4,cubic_spin_glass,selective,equal_2q_budget_256,all_scheduled,pair_minus_cold,encoded_energy_mean,2,-1.7314294572888347,6.520816219200407,-60.31863872509981,56.855779810522144,1,estimated,0,raw_instance,two_sided_Student_t_95_df_n_minus_1,unadjusted_exploratory
primary_selected_active_aux,original_e4,cubic_spin_glass,selective,equal_2q_budget_256,all_scheduled,pair_minus_cold,optimum_hit_rate,2,0.020001608616009935,0.012234632627820024,-0.08992220429107645,0.1299254215230963,1,estimated,0,raw_instance,two_sided_Student_t_95_df_n_minus_1,unadjusted_exploratory
primary_selected_active_aux,original_e4,cubic_spin_glass,selective,equal_2q_budget_256,all_scheduled,pair_minus_cold,auxiliary_inconsistency_rate,2,-0.02070042384034082,0.004488188462416157,-0.06102519728000595,0.01962434959932431,1,estimated,0,raw_instance,two_sided_Student_t_95_df_n_minus_1,unadjusted_exploratory
primary_selected_active_aux,original_e4,cubic_spin_glass,selective,equal_2q_budget_256,all_scheduled,pair_minus_cold,statevector_norm,2,1.0547118733938987e-15,1.1775693440128313e-15,-9.525328916882868e-15,1.1634752663670666e-14,1,estimated,0,raw_instance,two_sided_Student_t_95_df_n_minus_1,unadjusted_exploratory
primary_selected_active_aux,original_e4,cubic_spin_glass,selective,equal_2q_budget_256,all_scheduled,pair_minus_independence,original_objective_mean,2,-0.017064094853981915,0.07232850439186704,-0.6669099240243848,0.6327817343164208,1,estimated,0,raw_instance,two_sided_Student_t_95_df_n_minus_1,unadjusted_exploratory
primary_selected_active_aux,original_e4,cubic_spin_glass,selective,equal_2q_budget_256,all_scheduled,pair_minus_independence,encoded_energy_mean,2,0.4623865223510819,0.7718722150876635,-6.472610182539172,7.397383227241336,1,estimated,0,raw_instance,two_sided_Student_t_95_df_n_minus_1,unadjusted_exploratory
primary_selected_active_aux,original_e4,cubic_spin_glass,selective,equal_2q_budget_256,all_scheduled,pair_minus_independence,optimum_hit_rate,2,-0.009928609976125309,0.003234990693013203,-0.03899384818248987,0.019136628230239247,1,estimated,0,raw_instance,two_sided_Student_t_95_df_n_minus_1,unadjusted_exploratory
primary_selected_active_aux,original_e4,cubic_spin_glass,selective,equal_2q_budget_256,all_scheduled,pair_minus_independence,auxiliary_inconsistency_rate,2,0.007256138255282818,0.01847180973316494,-0.158706487589864,0.17321876410042963,1,estimated,0,raw_instance,two_sided_Student_t_95_df_n_minus_1,unadjusted_exploratory
primary_selected_active_aux,original_e4,cubic_spin_glass,selective,equal_2q_budget_256,all_scheduled,pair_minus_independence,statevector_norm,2,1.6653345369377348e-16,3.925231146709438e-16,-3.360146809731816e-15,3.6932137171193624e-15,1,estimated,0,raw_instance,two_sided_Student_t_95_df_n_minus_1,unadjusted_exploratory
primary_selected_active_aux,original_e4,cubic_spin_glass,selective,equal_2q_budget_256,all_scheduled,pair_minus_original_only,original_objective_mean,2,-0.03388009092112121,0.04791368407508318,-0.46436746264510076,0.39660728080285834,1,estimated,0,raw_instance,two_sided_Student_t_95_df_n_minus_1,unadjusted_exploratory
primary_selected_active_aux,original_e4,cubic_spin_glass,selective,equal_2q_budget_256,all_scheduled,pair_minus_original_only,encoded_energy_mean,2,0.38640999066666026,0.546466249437252,-4.5233944628472775,5.296214444180598,1,estimated,0,raw_instance,two_sided_Student_t_95_df_n_minus_1,unadjusted_exploratory
primary_selected_active_aux,original_e4,cubic_spin_glass,selective,equal_2q_budget_256,all_scheduled,pair_minus_original_only,optimum_hit_rate,2,-0.006116991329391978,0.008650732098944763,-0.08384073553005186,0.07160675287126791,1,estimated,0,raw_instance,two_sided_Student_t_95_df_n_minus_1,unadjusted_exploratory
primary_selected_active_aux,original_e4,cubic_spin_glass,selective,equal_2q_budget_256,all_scheduled,pair_minus_original_only,auxiliary_inconsistency_rate,2,-0.0032504655578204367,0.00459685247589629,-0.04455154642337119,0.038050615307730316,1,estimated,0,raw_instance,two_sided_Student_t_95_df_n_minus_1,unadjusted_exploratory
primary_selected_active_aux,original_e4,cubic_spin_glass,selective,equal_2q_budget_256,all_scheduled,pair_minus_original_only,statevector_norm,2,-1.6653345369377348e-16,2.3551386880256624e-16,-2.282541611749127e-15,1.94947470436158e-15,1,estimated,0,raw_instance,two_sided_Student_t_95_df_n_minus_1,unadjusted_exploratory
primary_selected_active_aux,original_e4,cubic_spin_glass,selective,equal_2q_budget_256,positive_depth_only,independence_minus_cold,original_objective_mean,2,-0.04971484941649201,0.4952774985362936,-4.499606623232175,4.400176924399192,1,estimated,0,raw_instance,two_sided_Student_t_95_df_n_minus_1,unadjusted_exploratory
primary_selected_active_aux,original_e4,cubic_spin_glass,selective,equal_2q_budget_256,positive_depth_only,independence_minus_cold,encoded_energy_mean,2,-2.1938159796399166,7.2926884342880705,-67.71602195234115,63.328389993061315,1,estimated,0,raw_instance,two_sided_Student_t_95_df_n_minus_1,unadjusted_exploratory
primary_selected_active_aux,original_e4,cubic_spin_glass,selective,equal_2q_budget_256,positive_depth_only,independence_minus_cold,optimum_hit_rate,2,0.02993021859213524,0.008999641934806821,-0.05092835610858658,0.11078879329285705,1,estimated,0,raw_instance,two_sided_Student_t_95_df_n_minus_1,unadjusted_exploratory
primary_selected_active_aux,original_e4,cubic_spin_glass,selective,equal_2q_budget_256,positive_depth_only,independence_minus_cold,auxiliary_inconsistency_rate,2,-0.027956562095623638,0.013983621270748783,-0.1535944145011053,0.09768129030985803,1,estimated,0,raw_instance,two_sided_Student_t_95_df_n_minus_1,unadjusted_exploratory
primary_selected_active_aux,original_e4,cubic_spin_glass,selective,equal_2q_budget_256,positive_depth_only,independence_minus_cold,statevector_norm,2,8.881784197001252e-16,7.850462293418876e-16,-6.1651821071510534e-15,7.941538946551303e-15,1,estimated,0,raw_instance,two_sided_Student_t_95_df_n_minus_1,unadjusted_exploratory
primary_selected_active_aux,original_e4,cubic_spin_glass,selective,equal_2q_budget_256,positive_depth_only,original_only_minus_cold,original_objective_mean,2,-0.03289885334935272,0.4708626782195097,-4.263432169718612,4.197634463019908,1,estimated,0,raw_instance,two_sided_Student_t_95_df_n_minus_1,unadjusted_exploratory
primary_selected_active_aux,original_e4,cubic_spin_glass,selective,equal_2q_budget_256,positive_depth_only,original_only_minus_cold,encoded_energy_mean,2,-2.117839447955495,5.974349969763155,-55.79524426225254,51.559565366341545,1,estimated,0,raw_instance,two_sided_Student_t_95_df_n_minus_1,unadjusted_exploratory
primary_selected_active_aux,original_e4,cubic_spin_glass,selective,equal_2q_budget_256,positive_depth_only,original_only_minus_cold,optimum_hit_rate,2,0.02611859994540191,0.020885364726764787,-0.16152895716234433,0.21376615705314816,1,estimated,0,raw_instance,two_sided_Student_t_95_df_n_minus_1,unadjusted_exploratory
primary_selected_active_aux,original_e4,cubic_spin_glass,selective,equal_2q_budget_256,positive_depth_only,original_only_minus_cold,auxiliary_inconsistency_rate,2,-0.017449958282520384,0.00010866401348013235,-0.018426265708406005,-0.016473650856634763,1,estimated,0,raw_instance,two_sided_Student_t_95_df_n_minus_1,unadjusted_exploratory
primary_selected_active_aux,original_e4,cubic_spin_glass,selective,equal_2q_budget_256,positive_depth_only,original_only_minus_cold,statevector_norm,2,1.2212453270876722e-15,9.42055475210265e-16,-7.242787305133742e-15,9.685277959309086e-15,1,estimated,0,raw_instance,two_sided_Student_t_95_df_n_minus_1,unadjusted_exploratory
primary_selected_active_aux,original_e4,cubic_spin_glass,selective,equal_2q_budget_256,positive_depth_only,pair_minus_cold,original_objective_mean,2,-0.06677894427047393,0.42294899414442655,-3.8668248889157546,3.7332670003748065,1,estimated,0,raw_instance,two_sided_Student_t_95_df_n_minus_1,unadjusted_exploratory
primary_selected_active_aux,original_e4,cubic_spin_glass,selective,equal_2q_budget_256,positive_depth_only,pair_minus_cold,encoded_energy_mean,2,-1.7314294572888347,6.520816219200407,-60.31863872509981,56.855779810522144,1,estimated,0,raw_instance,two_sided_Student_t_95_df_n_minus_1,unadjusted_exploratory
primary_selected_active_aux,original_e4,cubic_spin_glass,selective,equal_2q_budget_256,positive_depth_only,pair_minus_cold,optimum_hit_rate,2,0.020001608616009935,0.012234632627820024,-0.08992220429107645,0.1299254215230963,1,estimated,0,raw_instance,two_sided_Student_t_95_df_n_minus_1,unadjusted_exploratory
primary_selected_active_aux,original_e4,cubic_spin_glass,selective,equal_2q_budget_256,positive_depth_only,pair_minus_cold,auxiliary_inconsistency_rate,2,-0.02070042384034082,0.004488188462416157,-0.06102519728000595,0.01962434959932431,1,estimated,0,raw_instance,two_sided_Student_t_95_df_n_minus_1,unadjusted_exploratory
primary_selected_active_aux,original_e4,cubic_spin_glass,selective,equal_2q_budget_256,positive_depth_only,pair_minus_cold,statevector_norm,2,1.0547118733938987e-15,1.1775693440128313e-15,-9.525328916882868e-15,1.1634752663670666e-14,1,estimated,0,raw_instance,two_sided_Student_t_95_df_n_minus_1,unadjusted_exploratory
primary_selected_active_aux,original_e4,cubic_spin_glass,selective,equal_2q_budget_256,positive_depth_only,pair_minus_independence,original_objective_mean,2,-0.017064094853981915,0.07232850439186704,-0.6669099240243848,0.6327817343164208,1,estimated,0,raw_instance,two_sided_Student_t_95_df_n_minus_1,unadjusted_exploratory
primary_selected_active_aux,original_e4,cubic_spin_glass,selective,equal_2q_budget_256,positive_depth_only,pair_minus_independence,encoded_energy_mean,2,0.4623865223510819,0.7718722150876635,-6.472610182539172,7.397383227241336,1,estimated,0,raw_instance,two_sided_Student_t_95_df_n_minus_1,unadjusted_exploratory
primary_selected_active_aux,original_e4,cubic_spin_glass,selective,equal_2q_budget_256,positive_depth_only,pair_minus_independence,optimum_hit_rate,2,-0.009928609976125309,0.003234990693013203,-0.03899384818248987,0.019136628230239247,1,estimated,0,raw_instance,two_sided_Student_t_95_df_n_minus_1,unadjusted_exploratory
primary_selected_active_aux,original_e4,cubic_spin_glass,selective,equal_2q_budget_256,positive_depth_only,pair_minus_independence,auxiliary_inconsistency_rate,2,0.007256138255282818,0.01847180973316494,-0.158706487589864,0.17321876410042963,1,estimated,0,raw_instance,two_sided_Student_t_95_df_n_minus_1,unadjusted_exploratory
primary_selected_active_aux,original_e4,cubic_spin_glass,selective,equal_2q_budget_256,positive_depth_only,pair_minus_independence,statevector_norm,2,1.6653345369377348e-16,3.925231146709438e-16,-3.360146809731816e-15,3.6932137171193624e-15,1,estimated,0,raw_instance,two_sided_Student_t_95_df_n_minus_1,unadjusted_exploratory
primary_selected_active_aux,original_e4,cubic_spin_glass,selective,equal_2q_budget_256,positive_depth_only,pair_minus_original_only,original_objective_mean,2,-0.03388009092112121,0.04791368407508318,-0.46436746264510076,0.39660728080285834,1,estimated,0,raw_instance,two_sided_Student_t_95_df_n_minus_1,unadjusted_exploratory
primary_selected_active_aux,original_e4,cubic_spin_glass,selective,equal_2q_budget_256,positive_depth_only,pair_minus_original_only,encoded_energy_mean,2,0.38640999066666026,0.546466249437252,-4.5233944628472775,5.296214444180598,1,estimated,0,raw_instance,two_sided_Student_t_95_df_n_minus_1,unadjusted_exploratory
primary_selected_active_aux,original_e4,cubic_spin_glass,selective,equal_2q_budget_256,positive_depth_only,pair_minus_original_only,optimum_hit_rate,2,-0.006116991329391978,0.008650732098944763,-0.08384073553005186,0.07160675287126791,1,estimated,0,raw_instance,two_sided_Student_t_95_df_n_minus_1,unadjusted_exploratory
primary_selected_active_aux,original_e4,cubic_spin_glass,selective,equal_2q_budget_256,positive_depth_only,pair_minus_original_only,auxiliary_inconsistency_rate,2,-0.0032504655578204367,0.00459685247589629,-0.04455154642337119,0.038050615307730316,1,estimated,0,raw_instance,two_sided_Student_t_95_df_n_minus_1,unadjusted_exploratory
primary_selected_active_aux,original_e4,cubic_spin_glass,selective,equal_2q_budget_256,positive_depth_only,pair_minus_original_only,statevector_norm,2,-1.6653345369377348e-16,2.3551386880256624e-16,-2.282541611749127e-15,1.94947470436158e-15,1,estimated,0,raw_instance,two_sided_Student_t_95_df_n_minus_1,unadjusted_exploratory
primary_selected_active_aux,original_e4,cubic_spin_glass,selective,equal_layer_p1,all_scheduled,independence_minus_cold,original_objective_mean,2,-0.3644345901175085,0.9590071987809662,-8.980772415876263,8.251903235641247,1,estimated,0,raw_instance,two_sided_Student_t_95_df_n_minus_1,unadjusted_exploratory
primary_selected_active_aux,original_e4,cubic_spin_glass,selective,equal_layer_p1,all_scheduled,independence_minus_cold,encoded_energy_mean,2,-5.981737026572194,4.062950531532899,-42.48589924092613,30.522425187781746,1,estimated,0,raw_instance,two_sided_Student_t_95_df_n_minus_1,unadjusted_exploratory
primary_selected_active_aux,original_e4,cubic_spin_glass,selective,equal_layer_p1,all_scheduled,independence_minus_cold,optimum_hit_rate,2,0.06649045227778813,0.08415853467523714,-0.689643981962569,0.8226248865181454,1,estimated,0,raw_instance,two_sided_Student_t_95_df_n_minus_1,unadjusted_exploratory
primary_selected_active_aux,original_e4,cubic_spin_glass,selective,equal_layer_p1,all_scheduled,independence_minus_cold,auxiliary_inconsistency_rate,2,-0.04576468718022941,0.0059733700092688405,-0.0994332873988095,0.007903913038350675,1,estimated,0,raw_instance,two_sided_Student_t_95_df_n_minus_1,unadjusted_exploratory
primary_selected_active_aux,original_e4,cubic_spin_glass,selective,equal_layer_p1,all_scheduled,independence_minus_cold,statevector_norm,2,8.881784197001252e-16,1.5700924586837752e-16,-5.224936856701106e-16,2.298850525070361e-15,1,estimated,0,raw_instance,two_sided_Student_t_95_df_n_minus_1,unadjusted_exploratory
primary_selected_active_aux,original_e4,cubic_spin_glass,selective,equal_layer_p1,all_scheduled,original_only_minus_cold,original_objective_mean,2,-0.3995185958188334,1.5663459086332436,-14.472578232842016,13.67354104120435,1,estimated,0,raw_instance,two_sided_Student_t_95_df_n_minus_1,unadjusted_exploratory
primary_selected_active_aux,original_e4,cubic_spin_glass,selective,equal_layer_p1,all_scheduled,original_only_minus_cold,encoded_energy_mean,2,-5.349508074245424,3.6197579858529165,-37.871743249583545,27.172727101092693,1,estimated,0,raw_instance,two_sided_Student_t_95_df_n_minus_1,unadjusted_exploratory
primary_selected_active_aux,original_e4,cubic_spin_glass,selective,equal_layer_p1,all_scheduled,original_only_minus_cold,optimum_hit_rate,2,0.07664891998051523,0.10390818919492116,-0.8569291200012071,1.0102269599622375,1,estimated,0,raw_instance,two_sided_Student_t_95_df_n_minus_1,unadjusted_exploratory
primary_selected_active_aux,original_e4,cubic_spin_glass,selective,equal_layer_p1,all_scheduled,original_only_minus_cold,auxiliary_inconsistency_rate,2,-0.03579351567936484,0.003796537923221277,-0.06990405557558353,-0.0016829757831461484,1,estimated,0,raw_instance,two_sided_Student_t_95_df_n_minus_1,unadjusted_exploratory
primary_selected_active_aux,original_e4,cubic_spin_glass,selective,equal_layer_p1,all_scheduled,original_only_minus_cold,statevector_norm,2,1.2212453270876722e-15,3.1401849173675503e-16,-1.6000988836527994e-15,4.042589537828144e-15,1,estimated,0,raw_instance,two_sided_Student_t_95_df_n_minus_1,unadjusted_exploratory
primary_selected_active_aux,original_e4,cubic_spin_glass,selective,equal_layer_p1,all_scheduled,pair_minus_cold,original_objective_mean,2,0.26003505588538645,0.6335961892804354,-5.432600848092327,5.9526709598631,1,estimated,0,raw_instance,two_sided_Student_t_95_df_n_minus_1,unadjusted_exploratory
primary_selected_active_aux,original_e4,cubic_spin_glass,selective,equal_layer_p1,all_scheduled,pair_minus_cold,encoded_energy_mean,2,-2.140018097027909,0.9191462682286096,-10.398219670916195,6.118183476860377,1,estimated,0,raw_instance,two_sided_Student_t_95_df_n_minus_1,unadjusted_exploratory
primary_selected_active_aux,original_e4,cubic_spin_glass,selective,equal_layer_p1,all_scheduled,pair_minus_cold,optimum_hit_rate,2,0.030011519022714286,0.03795294424656708,-0.3109821560261195,0.37100519407154803,1,estimated,0,raw_instance,two_sided_Student_t_95_df_n_minus_1,unadjusted_exploratory
primary_selected_active_aux,original_e4,cubic_spin_glass,selective,equal_layer_p1,all_scheduled,pair_minus_cold,auxiliary_inconsistency_rate,2,-0.0431745815984978,0.006641865604386384,-0.10284937644198389,0.016500213244988293,1,estimated,0,raw_instance,two_sided_Student_t_95_df_n_minus_1,unadjusted_exploratory
primary_selected_active_aux,original_e4,cubic_spin_glass,selective,equal_layer_p1,all_scheduled,pair_minus_cold,statevector_norm,2,7.216449660063518e-16,3.925231146709438e-16,-2.8050352974192376e-15,4.248325229431941e-15,1,estimated,0,raw_instance,two_sided_Student_t_95_df_n_minus_1,unadjusted_exploratory
primary_selected_active_aux,original_e4,cubic_spin_glass,selective,equal_layer_p1,all_scheduled,pair_minus_independence,original_objective_mean,2,0.624469646002895,0.3254110095005307,-2.2992322757781465,3.5481715677839367,1,estimated,0,raw_instance,two_sided_Student_t_95_df_n_minus_1,unadjusted_exploratory
primary_selected_active_aux,original_e4,cubic_spin_glass,selective,equal_layer_p1,all_scheduled,pair_minus_independence,encoded_energy_mean,2,3.8417189295442853,4.982096799761509,-40.92064485869794,48.60408271778651,1,estimated,0,raw_instance,two_sided_Student_t_95_df_n_minus_1,unadjusted_exploratory
primary_selected_active_aux,original_e4,cubic_spin_glass,selective,equal_layer_p1,all_scheduled,pair_minus_independence,optimum_hit_rate,2,-0.03647893325507384,0.046205590428670056,-0.4516196924465973,0.3786618259364496,1,estimated,0,raw_instance,two_sided_Student_t_95_df_n_minus_1,unadjusted_exploratory
primary_selected_active_aux,original_e4,cubic_spin_glass,selective,equal_layer_p1,all_scheduled,pair_minus_independence,auxiliary_inconsistency_rate,2,0.0025901055817316165,0.012615235613655225,-0.11075328948033455,0.11593350064379779,1,estimated,0,raw_instance,two_sided_Student_t_95_df_n_minus_1,unadjusted_exploratory
primary_selected_active_aux,original_e4,cubic_spin_glass,selective,equal_layer_p1,all_scheduled,pair_minus_independence,statevector_norm,2,-1.6653345369377348e-16,2.3551386880256624e-16,-2.282541611749127e-15,1.94947470436158e-15,1,estimated,0,raw_instance,two_sided_Student_t_95_df_n_minus_1,unadjusted_exploratory
primary_selected_active_aux,original_e4,cubic_spin_glass,selective,equal_layer_p1,all_scheduled,pair_minus_original_only,original_objective_mean,2,0.6595536517042199,0.9327497193528084,-7.720870081341253,9.039977384749694,1,estimated,0,raw_instance,two_sided_Student_t_95_df_n_minus_1,unadjusted_exploratory
primary_selected_active_aux,original_e4,cubic_spin_glass,selective,equal_layer_p1,all_scheduled,pair_minus_original_only,encoded_energy_mean,2,3.2094899772175154,4.538904254081526,-37.57094677200889,43.98992672644392,1,estimated,0,raw_instance,two_sided_Student_t_95_df_n_minus_1,unadjusted_exploratory
primary_selected_active_aux,original_e4,cubic_spin_glass,selective,equal_layer_p1,all_scheduled,pair_minus_original_only,optimum_hit_rate,2,-0.04663740095780095,0.06595524494835409,-0.6392217658906897,0.5459469639750877,1,estimated,0,raw_instance,two_sided_Student_t_95_df_n_minus_1,unadjusted_exploratory
primary_selected_active_aux,original_e4,cubic_spin_glass,selective,equal_layer_p1,all_scheduled,pair_minus_original_only,auxiliary_inconsistency_rate,2,-0.007381065919132956,0.010438403527607661,-0.10116640065883774,0.08640426882057183,1,estimated,0,raw_instance,two_sided_Student_t_95_df_n_minus_1,unadjusted_exploratory
primary_selected_active_aux,original_e4,cubic_spin_glass,selective,equal_layer_p1,all_scheduled,pair_minus_original_only,statevector_norm,2,-4.996003610813204e-16,7.065416064076988e-16,-6.847624835247381e-15,5.84842411308474e-15,1,estimated,0,raw_instance,two_sided_Student_t_95_df_n_minus_1,unadjusted_exploratory
primary_selected_active_aux,original_e4,cubic_spin_glass,selective,equal_layer_p1,positive_depth_only,independence_minus_cold,original_objective_mean,2,-0.3644345901175085,0.9590071987809662,-8.980772415876263,8.251903235641247,1,estimated,0,raw_instance,two_sided_Student_t_95_df_n_minus_1,unadjusted_exploratory
primary_selected_active_aux,original_e4,cubic_spin_glass,selective,equal_layer_p1,positive_depth_only,independence_minus_cold,encoded_energy_mean,2,-5.981737026572194,4.062950531532899,-42.48589924092613,30.522425187781746,1,estimated,0,raw_instance,two_sided_Student_t_95_df_n_minus_1,unadjusted_exploratory
primary_selected_active_aux,original_e4,cubic_spin_glass,selective,equal_layer_p1,positive_depth_only,independence_minus_cold,optimum_hit_rate,2,0.06649045227778813,0.08415853467523714,-0.689643981962569,0.8226248865181454,1,estimated,0,raw_instance,two_sided_Student_t_95_df_n_minus_1,unadjusted_exploratory
primary_selected_active_aux,original_e4,cubic_spin_glass,selective,equal_layer_p1,positive_depth_only,independence_minus_cold,auxiliary_inconsistency_rate,2,-0.04576468718022941,0.0059733700092688405,-0.0994332873988095,0.007903913038350675,1,estimated,0,raw_instance,two_sided_Student_t_95_df_n_minus_1,unadjusted_exploratory
primary_selected_active_aux,original_e4,cubic_spin_glass,selective,equal_layer_p1,positive_depth_only,independence_minus_cold,statevector_norm,2,8.881784197001252e-16,1.5700924586837752e-16,-5.224936856701106e-16,2.298850525070361e-15,1,estimated,0,raw_instance,two_sided_Student_t_95_df_n_minus_1,unadjusted_exploratory
primary_selected_active_aux,original_e4,cubic_spin_glass,selective,equal_layer_p1,positive_depth_only,original_only_minus_cold,original_objective_mean,2,-0.3995185958188334,1.5663459086332436,-14.472578232842016,13.67354104120435,1,estimated,0,raw_instance,two_sided_Student_t_95_df_n_minus_1,unadjusted_exploratory
primary_selected_active_aux,original_e4,cubic_spin_glass,selective,equal_layer_p1,positive_depth_only,original_only_minus_cold,encoded_energy_mean,2,-5.349508074245424,3.6197579858529165,-37.871743249583545,27.172727101092693,1,estimated,0,raw_instance,two_sided_Student_t_95_df_n_minus_1,unadjusted_exploratory
primary_selected_active_aux,original_e4,cubic_spin_glass,selective,equal_layer_p1,positive_depth_only,original_only_minus_cold,optimum_hit_rate,2,0.07664891998051523,0.10390818919492116,-0.8569291200012071,1.0102269599622375,1,estimated,0,raw_instance,two_sided_Student_t_95_df_n_minus_1,unadjusted_exploratory
primary_selected_active_aux,original_e4,cubic_spin_glass,selective,equal_layer_p1,positive_depth_only,original_only_minus_cold,auxiliary_inconsistency_rate,2,-0.03579351567936484,0.003796537923221277,-0.06990405557558353,-0.0016829757831461484,1,estimated,0,raw_instance,two_sided_Student_t_95_df_n_minus_1,unadjusted_exploratory
primary_selected_active_aux,original_e4,cubic_spin_glass,selective,equal_layer_p1,positive_depth_only,original_only_minus_cold,statevector_norm,2,1.2212453270876722e-15,3.1401849173675503e-16,-1.6000988836527994e-15,4.042589537828144e-15,1,estimated,0,raw_instance,two_sided_Student_t_95_df_n_minus_1,unadjusted_exploratory
primary_selected_active_aux,original_e4,cubic_spin_glass,selective,equal_layer_p1,positive_depth_only,pair_minus_cold,original_objective_mean,2,0.26003505588538645,0.6335961892804354,-5.432600848092327,5.9526709598631,1,estimated,0,raw_instance,two_sided_Student_t_95_df_n_minus_1,unadjusted_exploratory
primary_selected_active_aux,original_e4,cubic_spin_glass,selective,equal_layer_p1,positive_depth_only,pair_minus_cold,encoded_energy_mean,2,-2.140018097027909,0.9191462682286096,-10.398219670916195,6.118183476860377,1,estimated,0,raw_instance,two_sided_Student_t_95_df_n_minus_1,unadjusted_exploratory
primary_selected_active_aux,original_e4,cubic_spin_glass,selective,equal_layer_p1,positive_depth_only,pair_minus_cold,optimum_hit_rate,2,0.030011519022714286,0.03795294424656708,-0.3109821560261195,0.37100519407154803,1,estimated,0,raw_instance,two_sided_Student_t_95_df_n_minus_1,unadjusted_exploratory
primary_selected_active_aux,original_e4,cubic_spin_glass,selective,equal_layer_p1,positive_depth_only,pair_minus_cold,auxiliary_inconsistency_rate,2,-0.0431745815984978,0.006641865604386384,-0.10284937644198389,0.016500213244988293,1,estimated,0,raw_instance,two_sided_Student_t_95_df_n_minus_1,unadjusted_exploratory
primary_selected_active_aux,original_e4,cubic_spin_glass,selective,equal_layer_p1,positive_depth_only,pair_minus_cold,statevector_norm,2,7.216449660063518e-16,3.925231146709438e-16,-2.8050352974192376e-15,4.248325229431941e-15,1,estimated,0,raw_instance,two_sided_Student_t_95_df_n_minus_1,unadjusted_exploratory
primary_selected_active_aux,original_e4,cubic_spin_glass,selective,equal_layer_p1,positive_depth_only,pair_minus_independence,original_objective_mean,2,0.624469646002895,0.3254110095005307,-2.2992322757781465,3.5481715677839367,1,estimated,0,raw_instance,two_sided_Student_t_95_df_n_minus_1,unadjusted_exploratory
primary_selected_active_aux,original_e4,cubic_spin_glass,selective,equal_layer_p1,positive_depth_only,pair_minus_independence,encoded_energy_mean,2,3.8417189295442853,4.982096799761509,-40.92064485869794,48.60408271778651,1,estimated,0,raw_instance,two_sided_Student_t_95_df_n_minus_1,unadjusted_exploratory
primary_selected_active_aux,original_e4,cubic_spin_glass,selective,equal_layer_p1,positive_depth_only,pair_minus_independence,optimum_hit_rate,2,-0.03647893325507384,0.046205590428670056,-0.4516196924465973,0.3786618259364496,1,estimated,0,raw_instance,two_sided_Student_t_95_df_n_minus_1,unadjusted_exploratory
primary_selected_active_aux,original_e4,cubic_spin_glass,selective,equal_layer_p1,positive_depth_only,pair_minus_independence,auxiliary_inconsistency_rate,2,0.0025901055817316165,0.012615235613655225,-0.11075328948033455,0.11593350064379779,1,estimated,0,raw_instance,two_sided_Student_t_95_df_n_minus_1,unadjusted_exploratory
primary_selected_active_aux,original_e4,cubic_spin_glass,selective,equal_layer_p1,positive_depth_only,pair_minus_independence,statevector_norm,2,-1.6653345369377348e-16,2.3551386880256624e-16,-2.282541611749127e-15,1.94947470436158e-15,1,estimated,0,raw_instance,two_sided_Student_t_95_df_n_minus_1,unadjusted_exploratory
primary_selected_active_aux,original_e4,cubic_spin_glass,selective,equal_layer_p1,positive_depth_only,pair_minus_original_only,original_objective_mean,2,0.6595536517042199,0.9327497193528084,-7.720870081341253,9.039977384749694,1,estimated,0,raw_instance,two_sided_Student_t_95_df_n_minus_1,unadjusted_exploratory
primary_selected_active_aux,original_e4,cubic_spin_glass,selective,equal_layer_p1,positive_depth_only,pair_minus_original_only,encoded_energy_mean,2,3.2094899772175154,4.538904254081526,-37.57094677200889,43.98992672644392,1,estimated,0,raw_instance,two_sided_Student_t_95_df_n_minus_1,unadjusted_exploratory
primary_selected_active_aux,original_e4,cubic_spin_glass,selective,equal_layer_p1,positive_depth_only,pair_minus_original_only,optimum_hit_rate,2,-0.04663740095780095,0.06595524494835409,-0.6392217658906897,0.5459469639750877,1,estimated,0,raw_instance,two_sided_Student_t_95_df_n_minus_1,unadjusted_exploratory
primary_selected_active_aux,original_e4,cubic_spin_glass,selective,equal_layer_p1,positive_depth_only,pair_minus_original_only,auxiliary_inconsistency_rate,2,-0.007381065919132956,0.010438403527607661,-0.10116640065883774,0.08640426882057183,1,estimated,0,raw_instance,two_sided_Student_t_95_df_n_minus_1,unadjusted_exploratory
primary_selected_active_aux,original_e4,cubic_spin_glass,selective,equal_layer_p1,positive_depth_only,pair_minus_original_only,statevector_norm,2,-4.996003610813204e-16,7.065416064076988e-16,-6.847624835247381e-15,5.84842411308474e-15,1,estimated,0,raw_instance,two_sided_Student_t_95_df_n_minus_1,unadjusted_exploratory
primary_selected_active_aux,original_e4,cubic_spin_glass,selective,equal_layer_p2,all_scheduled,independence_minus_cold,original_objective_mean,2,0.17803536080089938,0.013806565691511223,0.053988289660235556,0.3020824319415632,1,estimated,0,raw_instance,two_sided_Student_t_95_df_n_minus_1,unadjusted_exploratory
primary_selected_active_aux,original_e4,cubic_spin_glass,selective,equal_layer_p2,all_scheduled,independence_minus_cold,encoded_energy_mean,2,-1.0181387818933558,1.3165749590636044,-12.847095472360767,10.810817908574055,1,estimated,0,raw_instance,two_sided_Student_t_95_df_n_minus_1,unadjusted_exploratory
primary_selected_active_aux,original_e4,cubic_spin_glass,selective,equal_layer_p2,all_scheduled,independence_minus_cold,optimum_hit_rate,2,0.015020644700949394,0.010305556751146501,-0.07757110910786413,0.10761239850976292,1,estimated,0,raw_instance,two_sided_Student_t_95_df_n_minus_1,unadjusted_exploratory
primary_selected_active_aux,original_e4,cubic_spin_glass,selective,equal_layer_p2,all_scheduled,independence_minus_cold,auxiliary_inconsistency_rate,2,-0.033948252413976365,0.029625581632735525,-0.3001235428150491,0.23222703798709637,1,estimated,0,raw_instance,two_sided_Student_t_95_df_n_minus_1,unadjusted_exploratory
primary_selected_active_aux,original_e4,cubic_spin_glass,selective,equal_layer_p2,all_scheduled,independence_minus_cold,statevector_norm,2,-5.551115123125783e-16,1.5700924586837752e-16,-1.965783617682814e-15,8.555605930576575e-16,1,estimated,0,raw_instance,two_sided_Student_t_95_df_n_minus_1,unadjusted_exploratory
primary_selected_active_aux,original_e4,cubic_spin_glass,selective,equal_layer_p2,all_scheduled,original_only_minus_cold,original_objective_mean,2,0.2581972436843179,0.10574307951809073,-0.6918666317715714,1.208261119140207,1,estimated,0,raw_instance,two_sided_Student_t_95_df_n_minus_1,unadjusted_exploratory
primary_selected_active_aux,original_e4,cubic_spin_glass,selective,equal_layer_p2,all_scheduled,original_only_minus_cold,encoded_energy_mean,2,2.4077378805284244,0.7866055775224994,-4.6596328338679704,9.47510859492482,1,estimated,0,raw_instance,two_sided_Student_t_95_df_n_minus_1,unadjusted_exploratory
primary_selected_active_aux,original_e4,cubic_spin_glass,selective,equal_layer_p2,all_scheduled,original_only_minus_cold,optimum_hit_rate,2,-0.0032426171873840334,0.006424181559321274,-0.060961598483335884,0.054476364108567814,1,estimated,0,raw_instance,two_sided_Student_t_95_df_n_minus_1,unadjusted_exploratory
primary_selected_active_aux,original_e4,cubic_spin_glass,selective,equal_layer_p2,all_scheduled,original_only_minus_cold,auxiliary_inconsistency_rate,2,-0.00047161649571664244,0.013309533686146032,-0.12005303224413251,0.11910979925269922,1,estimated,0,raw_instance,two_sided_Student_t_95_df_n_minus_1,unadjusted_exploratory
primary_selected_active_aux,original_e4,cubic_spin_glass,selective,equal_layer_p2,all_scheduled,original_only_minus_cold,statevector_norm,2,2.7755575615628914e-16,7.850462293418876e-17,-4.2778029652882877e-16,9.82891808841407e-16,1,estimated,0,raw_instance,two_sided_Student_t_95_df_n_minus_1,unadjusted_exploratory
primary_selected_active_aux,original_e4,cubic_spin_glass,selective,equal_layer_p2,all_scheduled,pair_minus_cold,original_objective_mean,2,0.40560372467480416,0.3142073241165282,-2.417437077685246,3.2286445270348545,1,estimated,0,raw_instance,two_sided_Student_t_95_df_n_minus_1,unadjusted_exploratory
primary_selected_active_aux,original_e4,cubic_spin_glass,selective,equal_layer_p2,all_scheduled,pair_minus_cold,encoded_energy_mean,2,2.285635587626288,0.6139268589034462,-3.2302783943991935,7.80154956965177,1,estimated,0,raw_instance,two_sided_Student_t_95_df_n_minus_1,unadjusted_exploratory
primary_selected_active_aux,original_e4,cubic_spin_glass,selective,equal_layer_p2,all_scheduled,pair_minus_cold,optimum_hit_rate,2,-0.022801279439963247,0.03408430697879351,-0.32903662768287834,0.28343406880295186,1,estimated,0,raw_instance,two_sided_Student_t_95_df_n_minus_1,unadjusted_exploratory
primary_selected_active_aux,original_e4,cubic_spin_glass,selective,equal_layer_p2,all_scheduled,pair_minus_cold,auxiliary_inconsistency_rate,2,-0.02427095877361768,0.046966886311113065,-0.4462516900913423,0.39770977254410694,1,estimated,0,raw_instance,two_sided_Student_t_95_df_n_minus_1,unadjusted_exploratory
primary_selected_active_aux,original_e4,cubic_spin_glass,selective,equal_layer_p2,all_scheduled,pair_minus_cold,statevector_norm,2,-5.551115123125783e-16,1.2560739669470201e-15,-1.1840488355274465e-14,1.0730265330649308e-14,1,estimated,0,raw_instance,two_sided_Student_t_95_df_n_minus_1,unadjusted_exploratory
primary_selected_active_aux,original_e4,cubic_spin_glass,selective,equal_layer_p2,all_scheduled,pair_minus_independence,original_objective_mean,2,0.22756836387390478,0.3280138898080394,-2.719519509626809,3.174656237374619,1,estimated,0,raw_instance,two_sided_Student_t_95_df_n_minus_1,unadjusted_exploratory
primary_selected_active_aux,original_e4,cubic_spin_glass,selective,equal_layer_p2,all_scheduled,pair_minus_independence,encoded_energy_mean,2,3.303774369519644,1.9305018179670506,-14.041096302973248,20.648645042012536,1,estimated,0,raw_instance,two_sided_Student_t_95_df_n_minus_1,unadjusted_exploratory
primary_selected_active_aux,original_e4,cubic_spin_glass,selective,equal_layer_p2,all_scheduled,pair_minus_independence,optimum_hit_rate,2,-0.03782192414091264,0.04438986372994001,-0.4366490261926412,0.36100517791081593,1,estimated,0,raw_instance,two_sided_Student_t_95_df_n_minus_1,unadjusted_exploratory
primary_selected_active_aux,original_e4,cubic_spin_glass,selective,equal_layer_p2,all_scheduled,pair_minus_independence,auxiliary_inconsistency_rate,2,0.009677293640358686,0.017341304678377543,-0.14612814727629325,0.16548273455701062,1,estimated,0,raw_instance,two_sided_Student_t_95_df_n_minus_1,unadjusted_exploratory
primary_selected_active_aux,original_e4,cubic_spin_glass,selective,equal_layer_p2,all_scheduled,pair_minus_independence,statevector_norm,2,0.0,1.0990647210786425e-15,-9.87470473759165e-15,9.87470473759165e-15,1,estimated,0,raw_instance,two_sided_Student_t_95_df_n_minus_1,unadjusted_exploratory
primary_selected_active_aux,original_e4,cubic_spin_glass,selective,equal_layer_p2,all_scheduled,pair_minus_original_only,original_objective_mean,2,0.14740648099048625,0.2084642445984375,-1.7255704459136751,2.0203834078946477,1,estimated,0,raw_instance,two_sided_Student_t_95_df_n_minus_1,unadjusted_exploratory
primary_selected_active_aux,original_e4,cubic_spin_glass,selective,equal_layer_p2,all_scheduled,pair_minus_original_only,encoded_energy_mean,2,-0.12210229290213626,0.1726787186190532,-1.6735590252730497,1.4293544394687772,1,estimated,0,raw_instance,two_sided_Student_t_95_df_n_minus_1,unadjusted_exploratory
primary_selected_active_aux,original_e4,cubic_spin_glass,selective,equal_layer_p2,all_scheduled,pair_minus_original_only,optimum_hit_rate,2,-0.01955866225257922,0.027660125419472242,-0.2680750291995425,0.22895770469438406,1,estimated,0,raw_instance,two_sided_Student_t_95_df_n_minus_1,unadjusted_exploratory
primary_selected_active_aux,original_e4,cubic_spin_glass,selective,equal_layer_p2,all_scheduled,pair_minus_original_only,auxiliary_inconsistency_rate,2,-0.023799342277901037,0.03365735262496704,-0.32619865784720986,0.2785999732914078,1,estimated,0,raw_instance,two_sided_Student_t_95_df_n_minus_1,unadjusted_exploratory
primary_selected_active_aux,original_e4,cubic_spin_glass,selective,equal_layer_p2,all_scheduled,pair_minus_original_only,statevector_norm,2,-8.326672684688674e-16,1.1775693440128313e-15,-1.1412708058745634e-14,9.7473735218079e-15,1,estimated,0,raw_instance,two_sided_Student_t_95_df_n_minus_1,unadjusted_exploratory
primary_selected_active_aux,original_e4,cubic_spin_glass,selective,equal_layer_p2,positive_depth_only,independence_minus_cold,original_objective_mean,2,0.17803536080089938,0.013806565691511223,0.053988289660235556,0.3020824319415632,1,estimated,0,raw_instance,two_sided_Student_t_95_df_n_minus_1,unadjusted_exploratory
primary_selected_active_aux,original_e4,cubic_spin_glass,selective,equal_layer_p2,positive_depth_only,independence_minus_cold,encoded_energy_mean,2,-1.0181387818933558,1.3165749590636044,-12.847095472360767,10.810817908574055,1,estimated,0,raw_instance,two_sided_Student_t_95_df_n_minus_1,unadjusted_exploratory
primary_selected_active_aux,original_e4,cubic_spin_glass,selective,equal_layer_p2,positive_depth_only,independence_minus_cold,optimum_hit_rate,2,0.015020644700949394,0.010305556751146501,-0.07757110910786413,0.10761239850976292,1,estimated,0,raw_instance,two_sided_Student_t_95_df_n_minus_1,unadjusted_exploratory
primary_selected_active_aux,original_e4,cubic_spin_glass,selective,equal_layer_p2,positive_depth_only,independence_minus_cold,auxiliary_inconsistency_rate,2,-0.033948252413976365,0.029625581632735525,-0.3001235428150491,0.23222703798709637,1,estimated,0,raw_instance,two_sided_Student_t_95_df_n_minus_1,unadjusted_exploratory
primary_selected_active_aux,original_e4,cubic_spin_glass,selective,equal_layer_p2,positive_depth_only,independence_minus_cold,statevector_norm,2,-5.551115123125783e-16,1.5700924586837752e-16,-1.965783617682814e-15,8.555605930576575e-16,1,estimated,0,raw_instance,two_sided_Student_t_95_df_n_minus_1,unadjusted_exploratory
primary_selected_active_aux,original_e4,cubic_spin_glass,selective,equal_layer_p2,positive_depth_only,original_only_minus_cold,original_objective_mean,2,0.2581972436843179,0.10574307951809073,-0.6918666317715714,1.208261119140207,1,estimated,0,raw_instance,two_sided_Student_t_95_df_n_minus_1,unadjusted_exploratory
primary_selected_active_aux,original_e4,cubic_spin_glass,selective,equal_layer_p2,positive_depth_only,original_only_minus_cold,encoded_energy_mean,2,2.4077378805284244,0.7866055775224994,-4.6596328338679704,9.47510859492482,1,estimated,0,raw_instance,two_sided_Student_t_95_df_n_minus_1,unadjusted_exploratory
primary_selected_active_aux,original_e4,cubic_spin_glass,selective,equal_layer_p2,positive_depth_only,original_only_minus_cold,optimum_hit_rate,2,-0.0032426171873840334,0.006424181559321274,-0.060961598483335884,0.054476364108567814,1,estimated,0,raw_instance,two_sided_Student_t_95_df_n_minus_1,unadjusted_exploratory
primary_selected_active_aux,original_e4,cubic_spin_glass,selective,equal_layer_p2,positive_depth_only,original_only_minus_cold,auxiliary_inconsistency_rate,2,-0.00047161649571664244,0.013309533686146032,-0.12005303224413251,0.11910979925269922,1,estimated,0,raw_instance,two_sided_Student_t_95_df_n_minus_1,unadjusted_exploratory
primary_selected_active_aux,original_e4,cubic_spin_glass,selective,equal_layer_p2,positive_depth_only,original_only_minus_cold,statevector_norm,2,2.7755575615628914e-16,7.850462293418876e-17,-4.2778029652882877e-16,9.82891808841407e-16,1,estimated,0,raw_instance,two_sided_Student_t_95_df_n_minus_1,unadjusted_exploratory
primary_selected_active_aux,original_e4,cubic_spin_glass,selective,equal_layer_p2,positive_depth_only,pair_minus_cold,original_objective_mean,2,0.40560372467480416,0.3142073241165282,-2.417437077685246,3.2286445270348545,1,estimated,0,raw_instance,two_sided_Student_t_95_df_n_minus_1,unadjusted_exploratory
primary_selected_active_aux,original_e4,cubic_spin_glass,selective,equal_layer_p2,positive_depth_only,pair_minus_cold,encoded_energy_mean,2,2.285635587626288,0.6139268589034462,-3.2302783943991935,7.80154956965177,1,estimated,0,raw_instance,two_sided_Student_t_95_df_n_minus_1,unadjusted_exploratory
primary_selected_active_aux,original_e4,cubic_spin_glass,selective,equal_layer_p2,positive_depth_only,pair_minus_cold,optimum_hit_rate,2,-0.022801279439963247,0.03408430697879351,-0.32903662768287834,0.28343406880295186,1,estimated,0,raw_instance,two_sided_Student_t_95_df_n_minus_1,unadjusted_exploratory
primary_selected_active_aux,original_e4,cubic_spin_glass,selective,equal_layer_p2,positive_depth_only,pair_minus_cold,auxiliary_inconsistency_rate,2,-0.02427095877361768,0.046966886311113065,-0.4462516900913423,0.39770977254410694,1,estimated,0,raw_instance,two_sided_Student_t_95_df_n_minus_1,unadjusted_exploratory
primary_selected_active_aux,original_e4,cubic_spin_glass,selective,equal_layer_p2,positive_depth_only,pair_minus_cold,statevector_norm,2,-5.551115123125783e-16,1.2560739669470201e-15,-1.1840488355274465e-14,1.0730265330649308e-14,1,estimated,0,raw_instance,two_sided_Student_t_95_df_n_minus_1,unadjusted_exploratory
primary_selected_active_aux,original_e4,cubic_spin_glass,selective,equal_layer_p2,positive_depth_only,pair_minus_independence,original_objective_mean,2,0.22756836387390478,0.3280138898080394,-2.719519509626809,3.174656237374619,1,estimated,0,raw_instance,two_sided_Student_t_95_df_n_minus_1,unadjusted_exploratory
primary_selected_active_aux,original_e4,cubic_spin_glass,selective,equal_layer_p2,positive_depth_only,pair_minus_independence,encoded_energy_mean,2,3.303774369519644,1.9305018179670506,-14.041096302973248,20.648645042012536,1,estimated,0,raw_instance,two_sided_Student_t_95_df_n_minus_1,unadjusted_exploratory
primary_selected_active_aux,original_e4,cubic_spin_glass,selective,equal_layer_p2,positive_depth_only,pair_minus_independence,optimum_hit_rate,2,-0.03782192414091264,0.04438986372994001,-0.4366490261926412,0.36100517791081593,1,estimated,0,raw_instance,two_sided_Student_t_95_df_n_minus_1,unadjusted_exploratory
primary_selected_active_aux,original_e4,cubic_spin_glass,selective,equal_layer_p2,positive_depth_only,pair_minus_independence,auxiliary_inconsistency_rate,2,0.009677293640358686,0.017341304678377543,-0.14612814727629325,0.16548273455701062,1,estimated,0,raw_instance,two_sided_Student_t_95_df_n_minus_1,unadjusted_exploratory
primary_selected_active_aux,original_e4,cubic_spin_glass,selective,equal_layer_p2,positive_depth_only,pair_minus_independence,statevector_norm,2,0.0,1.0990647210786425e-15,-9.87470473759165e-15,9.87470473759165e-15,1,estimated,0,raw_instance,two_sided_Student_t_95_df_n_minus_1,unadjusted_exploratory
primary_selected_active_aux,original_e4,cubic_spin_glass,selective,equal_layer_p2,positive_depth_only,pair_minus_original_only,original_objective_mean,2,0.14740648099048625,0.2084642445984375,-1.7255704459136751,2.0203834078946477,1,estimated,0,raw_instance,two_sided_Student_t_95_df_n_minus_1,unadjusted_exploratory
primary_selected_active_aux,original_e4,cubic_spin_glass,selective,equal_layer_p2,positive_depth_only,pair_minus_original_only,encoded_energy_mean,2,-0.12210229290213626,0.1726787186190532,-1.6735590252730497,1.4293544394687772,1,estimated,0,raw_instance,two_sided_Student_t_95_df_n_minus_1,unadjusted_exploratory
primary_selected_active_aux,original_e4,cubic_spin_glass,selective,equal_layer_p2,positive_depth_only,pair_minus_original_only,optimum_hit_rate,2,-0.01955866225257922,0.027660125419472242,-0.2680750291995425,0.22895770469438406,1,estimated,0,raw_instance,two_sided_Student_t_95_df_n_minus_1,unadjusted_exploratory
primary_selected_active_aux,original_e4,cubic_spin_glass,selective,equal_layer_p2,positive_depth_only,pair_minus_original_only,auxiliary_inconsistency_rate,2,-0.023799342277901037,0.03365735262496704,-0.32619865784720986,0.2785999732914078,1,estimated,0,raw_instance,two_sided_Student_t_95_df_n_minus_1,unadjusted_exploratory
primary_selected_active_aux,original_e4,cubic_spin_glass,selective,equal_layer_p2,positive_depth_only,pair_minus_original_only,statevector_norm,2,-8.326672684688674e-16,1.1775693440128313e-15,-1.1412708058745634e-14,9.7473735218079e-15,1,estimated,0,raw_instance,two_sided_Student_t_95_df_n_minus_1,unadjusted_exploratory
primary_selected_active_aux,original_e4,max3sat,selective,equal_2q_budget_128,all_scheduled,independence_minus_cold,original_objective_mean,7,-0.6903673063595258,1.4147644167871716,-1.9988061620967992,0.6180715493777477,6,estimated,2,raw_instance,two_sided_Student_t_95_df_n_minus_1,unadjusted_exploratory
primary_selected_active_aux,original_e4,max3sat,selective,equal_2q_budget_128,all_scheduled,independence_minus_cold,encoded_energy_mean,7,-5.501321437829049,5.695108688746036,-10.768418494824974,-0.23422438083312525,6,estimated,2,raw_instance,two_sided_Student_t_95_df_n_minus_1,unadjusted_exploratory
primary_selected_active_aux,original_e4,max3sat,selective,equal_2q_budget_128,all_scheduled,independence_minus_cold,optimum_hit_rate,7,0.02018558473987896,0.040798953955794526,-0.017547154361961265,0.05791832384171919,6,estimated,2,raw_instance,two_sided_Student_t_95_df_n_minus_1,unadjusted_exploratory
primary_selected_active_aux,original_e4,max3sat,selective,equal_2q_budget_128,all_scheduled,independence_minus_cold,auxiliary_inconsistency_rate,7,-0.10401130235949944,0.08239138977954324,-0.1802106288951248,-0.027811975823874097,6,estimated,2,raw_instance,two_sided_Student_t_95_df_n_minus_1,unadjusted_exploratory
primary_selected_active_aux,original_e4,max3sat,selective,equal_2q_budget_128,all_scheduled,independence_minus_cold,statevector_norm,7,9.516197353929913e-17,5.67657989445145e-16,-4.2983410449781255e-16,6.201580515764108e-16,6,estimated,2,raw_instance,two_sided_Student_t_95_df_n_minus_1,unadjusted_exploratory
primary_selected_active_aux,original_e4,max3sat,selective,equal_2q_budget_128,all_scheduled,original_only_minus_cold,original_objective_mean,7,-0.7124395585762809,1.3998173283485622,-2.0070546631213726,0.5821755459688108,6,estimated,2,raw_instance,two_sided_Student_t_95_df_n_minus_1,unadjusted_exploratory
primary_selected_active_aux,original_e4,max3sat,selective,equal_2q_budget_128,all_scheduled,original_only_minus_cold,encoded_energy_mean,7,-1.4048414197293957,1.4633567936722522,-2.758220728629504,-0.05146211082928742,6,estimated,2,raw_instance,two_sided_Student_t_95_df_n_minus_1,unadjusted_exploratory
primary_selected_active_aux,original_e4,max3sat,selective,equal_2q_budget_128,all_scheduled,original_only_minus_cold,optimum_hit_rate,7,0.01795090240868923,0.03842238894237528,-0.017583880644888788,0.05348568546226724,6,estimated,2,raw_instance,two_sided_Student_t_95_df_n_minus_1,unadjusted_exploratory
primary_selected_active_aux,original_e4,max3sat,selective,equal_2q_budget_128,all_scheduled,original_only_minus_cold,auxiliary_inconsistency_rate,7,-0.04001038076027335,0.06517095948361885,-0.10028346555250578,0.020262704031959088,6,estimated,2,raw_instance,two_sided_Student_t_95_df_n_minus_1,unadjusted_exploratory
primary_selected_active_aux,original_e4,max3sat,selective,equal_2q_budget_128,all_scheduled,original_only_minus_cold,statevector_norm,7,3.3306690738754696e-16,6.114631631344405e-16,-2.3244219929044317e-16,8.98576014065537e-16,6,estimated,2,raw_instance,two_sided_Student_t_95_df_n_minus_1,unadjusted_exploratory
primary_selected_active_aux,original_e4,max3sat,selective,equal_2q_budget_128,all_scheduled,pair_minus_cold,original_objective_mean,7,-1.0349030601095477,1.2699739633833766,-2.2094330806192795,0.13962696040018407,6,estimated,2,raw_instance,two_sided_Student_t_95_df_n_minus_1,unadjusted_exploratory
primary_selected_active_aux,original_e4,max3sat,selective,equal_2q_budget_128,all_scheduled,pair_minus_cold,encoded_energy_mean,7,-6.97998797849558,5.6063612499028395,-12.165007344003257,-1.7949686129879021,6,estimated,2,raw_instance,two_sided_Student_t_95_df_n_minus_1,unadjusted_exploratory
primary_selected_active_aux,original_e4,max3sat,selective,equal_2q_budget_128,all_scheduled,pair_minus_cold,optimum_hit_rate,7,0.029679123947368543,0.0435507056541618,-0.010598561013133622,0.0699568089078707,6,estimated,2,raw_instance,two_sided_Student_t_95_df_n_minus_1,unadjusted_exploratory
primary_selected_active_aux,original_e4,max3sat,selective,equal_2q_budget_128,all_scheduled,pair_minus_cold,auxiliary_inconsistency_rate,7,-0.16992814443305798,0.16930381036355752,-0.32650805362183866,-0.013348235244277334,6,estimated,2,raw_instance,two_sided_Student_t_95_df_n_minus_1,unadjusted_exploratory
primary_selected_active_aux,original_e4,max3sat,selective,equal_2q_budget_128,all_scheduled,pair_minus_cold,statevector_norm,7,4.7580986769649563e-17,6.176710701401986e-16,-5.236694763085697e-16,6.188314498478688e-16,6,estimated,2,raw_instance,two_sided_Student_t_95_df_n_minus_1,unadjusted_exploratory
primary_selected_active_aux,original_e4,max3sat,selective,equal_2q_budget_128,all_scheduled,pair_minus_independence,original_objective_mean,7,-0.3445357537500219,0.5466594211529117,-0.8501113951812954,0.16103988768125166,6,estimated,2,raw_instance,two_sided_Student_t_95_df_n_minus_1,unadjusted_exploratory
primary_selected_active_aux,original_e4,max3sat,selective,equal_2q_budget_128,all_scheduled,pair_minus_independence,encoded_energy_mean,7,-1.4786665406665307,5.518025023046124,-6.581988522343318,3.6246554410102565,6,estimated,2,raw_instance,two_sided_Student_t_95_df_n_minus_1,unadjusted_exploratory
primary_selected_active_aux,original_e4,max3sat,selective,equal_2q_budget_128,all_scheduled,pair_minus_independence,optimum_hit_rate,7,0.009493539207489587,0.0226450069927111,-0.01144959923035166,0.030436677645330833,6,estimated,2,raw_instance,two_sided_Student_t_95_df_n_minus_1,unadjusted_exploratory
primary_selected_active_aux,original_e4,max3sat,selective,equal_2q_budget_128,all_scheduled,pair_minus_independence,auxiliary_inconsistency_rate,7,-0.06591684207355854,0.12104218656129716,-0.17786219368189377,0.046028509534776677,6,estimated,2,raw_instance,two_sided_Student_t_95_df_n_minus_1,unadjusted_exploratory
primary_selected_active_aux,original_e4,max3sat,selective,equal_2q_budget_128,all_scheduled,pair_minus_independence,statevector_norm,7,-4.7580986769649563e-17,5.692068545052605e-16,-5.740095260723274e-16,4.788475525330283e-16,6,estimated,2,raw_instance,two_sided_Student_t_95_df_n_minus_1,unadjusted_exploratory
primary_selected_active_aux,original_e4,max3sat,selective,equal_2q_budget_128,all_scheduled,pair_minus_original_only,original_objective_mean,7,-0.3224635015332668,0.634645025137496,-0.9094122547228785,0.2644852516563448,6,estimated,2,raw_instance,two_sided_Student_t_95_df_n_minus_1,unadjusted_exploratory
primary_selected_active_aux,original_e4,max3sat,selective,equal_2q_budget_128,all_scheduled,pair_minus_original_only,encoded_energy_mean,7,-5.575146558766185,6.021722331144804,-11.144310854277279,-0.005982263255090103,6,estimated,2,raw_instance,two_sided_Student_t_95_df_n_minus_1,unadjusted_exploratory
primary_selected_active_aux,original_e4,max3sat,selective,equal_2q_budget_128,all_scheduled,pair_minus_original_only,optimum_hit_rate,7,0.011728221538679315,0.024162856713013325,-0.010618693759569179,0.03407513683692781,6,estimated,2,raw_instance,two_sided_Student_t_95_df_n_minus_1,unadjusted_exploratory
primary_selected_active_aux,original_e4,max3sat,selective,equal_2q_budget_128,all_scheduled,pair_minus_original_only,auxiliary_inconsistency_rate,7,-0.12991776367278465,0.16294498311712866,-0.2806167385184166,0.020781211172847314,6,estimated,2,raw_instance,two_sided_Student_t_95_df_n_minus_1,unadjusted_exploratory
primary_selected_active_aux,original_e4,max3sat,selective,equal_2q_budget_128,all_scheduled,pair_minus_original_only,statevector_norm,7,-2.854859206178974e-16,5.122174196524179e-16,-7.592080233978757e-16,1.882361821620808e-16,6,estimated,2,raw_instance,two_sided_Student_t_95_df_n_minus_1,unadjusted_exploratory
primary_selected_active_aux,original_e4,max3sat,selective,equal_2q_budget_128,positive_depth_only,independence_minus_cold,original_objective_mean,5,-0.22021793260704037,0.5429469398628693,-0.8943756007696694,0.45393973555558864,4,estimated,0,raw_instance,two_sided_Student_t_95_df_n_minus_1,unadjusted_exploratory
primary_selected_active_aux,original_e4,max3sat,selective,equal_2q_budget_128,positive_depth_only,independence_minus_cold,encoded_energy_mean,5,-2.665738901849557,2.5636767715785993,-5.848964052149959,0.5174862484508447,4,estimated,0,raw_instance,two_sided_Student_t_95_df_n_minus_1,unadjusted_exploratory
primary_selected_active_aux,original_e4,max3sat,selective,equal_2q_budget_128,positive_depth_only,independence_minus_cold,optimum_hit_rate,5,0.008172370076159766,0.024586351793800386,-0.022355617793374707,0.03870035794569424,4,estimated,0,raw_instance,two_sided_Student_t_95_df_n_minus_1,unadjusted_exploratory
primary_selected_active_aux,original_e4,max3sat,selective,equal_2q_budget_128,positive_depth_only,independence_minus_cold,auxiliary_inconsistency_rate,5,-0.1045683510412515,0.10086541792121198,-0.22980930913779718,0.020672607055294168,4,estimated,0,raw_instance,two_sided_Student_t_95_df_n_minus_1,unadjusted_exploratory
primary_selected_active_aux,original_e4,max3sat,selective,equal_2q_budget_128,positive_depth_only,independence_minus_cold,statevector_norm,5,2.220446049250313e-16,6.231111271582837e-16,-5.516500485475772e-16,9.957392583976397e-16,4,estimated,0,raw_instance,two_sided_Student_t_95_df_n_minus_1,unadjusted_exploratory
primary_selected_active_aux,original_e4,max3sat,selective,equal_2q_budget_128,positive_depth_only,original_only_minus_cold,original_objective_mean,5,-0.2511190857105003,0.5173645151535966,-0.8935119781248668,0.3912738067038663,4,estimated,0,raw_instance,two_sided_Student_t_95_df_n_minus_1,unadjusted_exploratory
primary_selected_active_aux,original_e4,max3sat,selective,equal_2q_budget_128,positive_depth_only,original_only_minus_cold,encoded_energy_mean,5,-1.2575187283619031,1.2430356344049647,-2.800951324086924,0.28591386736311786,4,estimated,0,raw_instance,two_sided_Student_t_95_df_n_minus_1,unadjusted_exploratory
primary_selected_active_aux,original_e4,max3sat,selective,equal_2q_budget_128,positive_depth_only,original_only_minus_cold,optimum_hit_rate,5,0.005043814812494153,0.014987361617291155,-0.013565452535757215,0.02365308216074552,4,estimated,0,raw_instance,two_sided_Student_t_95_df_n_minus_1,unadjusted_exploratory
primary_selected_active_aux,original_e4,max3sat,selective,equal_2q_budget_128,positive_depth_only,original_only_minus_cold,auxiliary_inconsistency_rate,5,-0.05601453306438333,0.0724589507377502,-0.14598420354306782,0.033955137414301166,4,estimated,0,raw_instance,two_sided_Student_t_95_df_n_minus_1,unadjusted_exploratory
primary_selected_active_aux,original_e4,max3sat,selective,equal_2q_budget_128,positive_depth_only,original_only_minus_cold,statevector_norm,5,3.3306690738754696e-16,7.447602459741819e-16,-5.916750773319745e-16,1.2578088921070684e-15,4,estimated,0,raw_instance,two_sided_Student_t_95_df_n_minus_1,unadjusted_exploratory
primary_selected_active_aux,original_e4,max3sat,selective,equal_2q_budget_128,positive_depth_only,pair_minus_cold,original_objective_mean,5,-0.7025679878570706,0.44221337563214447,-1.251648415903662,-0.15348755981047923,4,estimated,0,raw_instance,two_sided_Student_t_95_df_n_minus_1,unadjusted_exploratory
primary_selected_active_aux,original_e4,max3sat,selective,equal_2q_budget_128,positive_depth_only,pair_minus_cold,encoded_energy_mean,5,-6.47994613285677,6.678272698806964,-14.772116913152466,1.812224647438927,4,estimated,0,raw_instance,two_sided_Student_t_95_df_n_minus_1,unadjusted_exploratory
primary_selected_active_aux,original_e4,max3sat,selective,equal_2q_budget_128,positive_depth_only,pair_minus_cold,optimum_hit_rate,5,0.021463324966645183,0.035898903993649076,-0.023111051697242205,0.06603770163053257,4,estimated,0,raw_instance,two_sided_Student_t_95_df_n_minus_1,unadjusted_exploratory
primary_selected_active_aux,original_e4,max3sat,selective,equal_2q_budget_128,positive_depth_only,pair_minus_cold,auxiliary_inconsistency_rate,5,-0.217720364163958,0.18119709757029415,-0.44270627679600694,0.007265548468090938,4,estimated,0,raw_instance,two_sided_Student_t_95_df_n_minus_1,unadjusted_exploratory
primary_selected_active_aux,original_e4,max3sat,selective,equal_2q_budget_128,positive_depth_only,pair_minus_cold,statevector_norm,5,2.220446049250313e-16,6.030054506389723e-16,-5.266855538540176e-16,9.707747637040803e-16,4,estimated,0,raw_instance,two_sided_Student_t_95_df_n_minus_1,unadjusted_exploratory
primary_selected_active_aux,original_e4,max3sat,selective,equal_2q_budget_128,positive_depth_only,pair_minus_independence,original_objective_mean,5,-0.4823500552500303,0.604285829863971,-1.232670014816808,0.2679699043167474,4,estimated,0,raw_instance,two_sided_Student_t_95_df_n_minus_1,unadjusted_exploratory
primary_selected_active_aux,original_e4,max3sat,selective,equal_2q_budget_128,positive_depth_only,pair_minus_independence,encoded_energy_mean,5,-3.814207231007213,4.448364346536686,-9.33758109099503,1.7091666289806033,4,estimated,0,raw_instance,two_sided_Student_t_95_df_n_minus_1,unadjusted_exploratory
primary_selected_active_aux,original_e4,max3sat,selective,equal_2q_budget_128,positive_depth_only,pair_minus_independence,optimum_hit_rate,5,0.013290954890485419,0.02657264405118547,-0.019703340564954996,0.04628525034592583,4,estimated,0,raw_instance,two_sided_Student_t_95_df_n_minus_1,unadjusted_exploratory
primary_selected_active_aux,original_e4,max3sat,selective,equal_2q_budget_128,positive_depth_only,pair_minus_independence,auxiliary_inconsistency_rate,5,-0.11315201312270648,0.1100383446207143,-0.24978266406018626,0.0234786378147733,4,estimated,0,raw_instance,two_sided_Student_t_95_df_n_minus_1,unadjusted_exploratory
primary_selected_active_aux,original_e4,max3sat,selective,equal_2q_budget_128,positive_depth_only,pair_minus_independence,statevector_norm,5,0.0,6.798699777552592e-16,-8.441700748382992e-16,8.441700748382992e-16,4,estimated,0,raw_instance,two_sided_Student_t_95_df_n_minus_1,unadjusted_exploratory
primary_selected_active_aux,original_e4,max3sat,selective,equal_2q_budget_128,positive_depth_only,pair_minus_original_only,original_objective_mean,5,-0.4514489021465703,0.7289537468337044,-1.3565645259457222,0.4536667216525815,4,estimated,0,raw_instance,two_sided_Student_t_95_df_n_minus_1,unadjusted_exploratory
primary_selected_active_aux,original_e4,max3sat,selective,equal_2q_budget_128,positive_depth_only,pair_minus_original_only,encoded_energy_mean,5,-5.2224274044948675,7.33792182521457,-14.333660756497453,3.888805947507718,4,estimated,0,raw_instance,two_sided_Student_t_95_df_n_minus_1,unadjusted_exploratory
primary_selected_active_aux,original_e4,max3sat,selective,equal_2q_budget_128,positive_depth_only,pair_minus_original_only,optimum_hit_rate,5,0.01641951015415103,0.027919162603455377,-0.01824670891055638,0.05108572921885844,4,estimated,0,raw_instance,two_sided_Student_t_95_df_n_minus_1,unadjusted_exploratory
primary_selected_active_aux,original_e4,max3sat,selective,equal_2q_budget_128,positive_depth_only,pair_minus_original_only,auxiliary_inconsistency_rate,5,-0.16170583109957465,0.18771090786064132,-0.3947797074602769,0.07136804526112764,4,estimated,0,raw_instance,two_sided_Student_t_95_df_n_minus_1,unadjusted_exploratory
primary_selected_active_aux,original_e4,max3sat,selective,equal_2q_budget_128,positive_depth_only,pair_minus_original_only,statevector_norm,5,-1.1102230246251565e-16,3.6821932062951477e-16,-5.682269763312327e-16,3.4618237140620137e-16,4,estimated,0,raw_instance,two_sided_Student_t_95_df_n_minus_1,unadjusted_exploratory
primary_selected_active_aux,original_e4,max3sat,selective,equal_2q_budget_128,zero_depth_only,independence_minus_cold,original_objective_mean,2,-1.8657407407407396,2.6385558594275786,-25.572224577214808,21.840743095733327,1,estimated,2,raw_instance,two_sided_Student_t_95_df_n_minus_1,unadjusted_exploratory
primary_selected_active_aux,original_e4,max3sat,selective,equal_2q_budget_128,zero_depth_only,independence_minus_cold,encoded_energy_mean,2,-12.59027777777778,5.254196221316711,-59.797357873982406,34.61680231842685,1,estimated,2,raw_instance,two_sided_Student_t_95_df_n_minus_1,unadjusted_exploratory
primary_selected_active_aux,original_e4,max3sat,selective,equal_2q_budget_128,zero_depth_only,independence_minus_cold,optimum_hit_rate,2,0.05021862139917693,0.07101985546639575,-0.5878694636672088,0.6883067064655626,1,estimated,2,raw_instance,two_sided_Student_t_95_df_n_minus_1,unadjusted_exploratory
primary_selected_active_aux,original_e4,max3sat,selective,equal_2q_budget_128,zero_depth_only,independence_minus_cold,auxiliary_inconsistency_rate,2,-0.10261868065511931,0.00541167465323905,-0.15124064832613923,-0.05399671298409938,1,estimated,2,raw_instance,two_sided_Student_t_95_df_n_minus_1,unadjusted_exploratory
primary_selected_active_aux,original_e4,max3sat,selective,equal_2q_budget_128,zero_depth_only,independence_minus_cold,statevector_norm,2,-2.220446049250313e-16,3.1401849173675503e-16,-3.043388815665503e-15,2.5992996058154403e-15,1,estimated,2,raw_instance,two_sided_Student_t_95_df_n_minus_1,unadjusted_exploratory
primary_selected_active_aux,original_e4,max3sat,selective,equal_2q_budget_128,zero_depth_only,original_only_minus_cold,original_objective_mean,2,-1.8657407407407325,2.638555859427576,-25.57222457721478,21.840743095733313,1,estimated,2,raw_instance,two_sided_Student_t_95_df_n_minus_1,unadjusted_exploratory
primary_selected_active_aux,original_e4,max3sat,selective,equal_2q_budget_128,zero_depth_only,original_only_minus_cold,encoded_energy_mean,2,-1.7731481481481275,2.50761015920784,-24.30313154608743,20.756835249791177,1,estimated,2,raw_instance,two_sided_Student_t_95_df_n_minus_1,unadjusted_exploratory
primary_selected_active_aux,original_e4,max3sat,selective,equal_2q_budget_128,zero_depth_only,original_only_minus_cold,optimum_hit_rate,2,0.05021862139917692,0.07101985546639573,-0.5878694636672087,0.6883067064655625,1,estimated,2,raw_instance,two_sided_Student_t_95_df_n_minus_1,unadjusted_exploratory
primary_selected_active_aux,original_e4,max3sat,selective,equal_2q_budget_128,zero_depth_only,original_only_minus_cold,auxiliary_inconsistency_rate,2,1.609823385706477e-15,2.1196248192230965e-15,-1.743425003679171e-14,2.0653896808204663e-14,1,estimated,2,raw_instance,two_sided_Student_t_95_df_n_minus_1,unadjusted_exploratory
primary_selected_active_aux,original_e4,max3sat,selective,equal_2q_budget_128,zero_depth_only,original_only_minus_cold,statevector_norm,2,3.3306690738754696e-16,1.5700924586837752e-16,-1.0776051979826889e-15,1.7437390127577828e-15,1,estimated,2,raw_instance,two_sided_Student_t_95_df_n_minus_1,unadjusted_exploratory
primary_selected_active_aux,original_e4,max3sat,selective,equal_2q_budget_128,zero_depth_only,pair_minus_cold,original_objective_mean,2,-1.8657407407407405,2.638555859427587,-25.572224577214882,21.8407430957334,1,estimated,2,raw_instance,two_sided_Student_t_95_df_n_minus_1,unadjusted_exploratory
primary_selected_active_aux,original_e4,max3sat,selective,equal_2q_budget_128,zero_depth_only,pair_minus_cold,encoded_energy_mean,2,-8.230092592592605,2.4113650695463567,-29.895348168209082,13.435162983023872,1,estimated,2,raw_instance,two_sided_Student_t_95_df_n_minus_1,unadjusted_exploratory
primary_selected_active_aux,original_e4,max3sat,selective,equal_2q_budget_128,zero_depth_only,pair_minus_cold,optimum_hit_rate,2,0.050218621399176946,0.07101985546639578,-0.5878694636672089,0.6883067064655629,1,estimated,2,raw_instance,two_sided_Student_t_95_df_n_minus_1,unadjusted_exploratory
primary_selected_active_aux,original_e4,max3sat,selective,equal_2q_budget_128,zero_depth_only,pair_minus_cold,auxiliary_inconsistency_rate,2,-0.050447595105807985,0.026104480094533134,-0.28498704334582525,0.18409185313420925,1,estimated,2,raw_instance,two_sided_Student_t_95_df_n_minus_1,unadjusted_exploratory
primary_selected_active_aux,original_e4,max3sat,selective,equal_2q_budget_128,zero_depth_only,pair_minus_cold,statevector_norm,2,-3.885780586188048e-16,5.495323605393213e-16,-5.32593042741463e-15,4.54877431017702e-15,1,estimated,2,raw_instance,two_sided_Student_t_95_df_n_minus_1,unadjusted_exploratory
primary_selected_active_aux,original_e4,max3sat,selective,equal_2q_budget_128,zero_depth_only,pair_minus_independence,original_objective_mean,2,-8.881784197001252e-16,8.79251776862914e-15,-7.988581632043333e-14,7.810945948103308e-14,1,estimated,2,raw_instance,two_sided_Student_t_95_df_n_minus_1,unadjusted_exploratory
primary_selected_active_aux,original_e4,max3sat,selective,equal_2q_budget_128,zero_depth_only,pair_minus_independence,encoded_energy_mean,2,4.360185185185175,2.8428311517703544,-21.18163933540297,29.902009705773324,1,estimated,2,raw_instance,two_sided_Student_t_95_df_n_minus_1,unadjusted_exploratory
primary_selected_active_aux,original_e4,max3sat,selective,equal_2q_budget_128,zero_depth_only,pair_minus_independence,optimum_hit_rate,2,1.1275702593849246e-17,2.3306059933587286e-17,-1.9812093804704512e-16,2.206723432347436e-16,1,estimated,2,raw_instance,two_sided_Student_t_95_df_n_minus_1,unadjusted_exploratory
primary_selected_active_aux,original_e4,max3sat,selective,equal_2q_budget_128,zero_depth_only,pair_minus_independence,auxiliary_inconsistency_rate,2,0.052171085549311325,0.020692805441294086,-0.133746395019686,0.23808856611830864,1,estimated,2,raw_instance,two_sided_Student_t_95_df_n_minus_1,unadjusted_exploratory
primary_selected_active_aux,original_e4,max3sat,selective,equal_2q_budget_128,zero_depth_only,pair_minus_independence,statevector_norm,2,-1.6653345369377348e-16,2.3551386880256624e-16,-2.282541611749127e-15,1.94947470436158e-15,1,estimated,2,raw_instance,two_sided_Student_t_95_df_n_minus_1,unadjusted_exploratory
primary_selected_active_aux,original_e4,max3sat,selective,equal_2q_budget_128,zero_depth_only,pair_minus_original_only,original_objective_mean,2,-7.993605777301127e-15,1.130466570252318e-14,-1.095619973639581e-13,9.357478580935584e-14,1,estimated,2,raw_instance,two_sided_Student_t_95_df_n_minus_1,unadjusted_exploratory
primary_selected_active_aux,original_e4,max3sat,selective,equal_2q_budget_128,zero_depth_only,pair_minus_original_only,encoded_energy_mean,2,-6.456944444444478,0.09624508966148343,-7.321672266767308,-5.592216622121647,1,estimated,2,raw_instance,two_sided_Student_t_95_df_n_minus_1,unadjusted_exploratory
primary_selected_active_aux,original_e4,max3sat,selective,equal_2q_budget_128,zero_depth_only,pair_minus_original_only,optimum_hit_rate,2,2.3418766925686896e-17,4.5385485133827876e-17,-3.843536385328969e-16,4.311911723842707e-16,1,estimated,2,raw_instance,two_sided_Student_t_95_df_n_minus_1,unadjusted_exploratory
primary_selected_active_aux,original_e4,max3sat,selective,equal_2q_budget_128,zero_depth_only,pair_minus_original_only,auxiliary_inconsistency_rate,2,-0.050447595105809595,0.026104480094531014,-0.2849870433458078,0.1840918531341886,1,estimated,2,raw_instance,two_sided_Student_t_95_df_n_minus_1,unadjusted_exploratory
primary_selected_active_aux,original_e4,max3sat,selective,equal_2q_budget_128,zero_depth_only,pair_minus_original_only,statevector_norm,2,-7.216449660063518e-16,7.065416064076988e-16,-7.069669440172412e-15,5.626379508159709e-15,1,estimated,2,raw_instance,two_sided_Student_t_95_df_n_minus_1,unadjusted_exploratory
primary_selected_active_aux,original_e4,max3sat,selective,equal_2q_budget_256,all_scheduled,independence_minus_cold,original_objective_mean,7,-0.4068301136052326,1.6963987105947127,-1.9757372485509652,1.1620770213405,6,estimated,0,raw_instance,two_sided_Student_t_95_df_n_minus_1,unadjusted_exploratory
primary_selected_active_aux,original_e4,max3sat,selective,equal_2q_budget_256,all_scheduled,independence_minus_cold,encoded_energy_mean,7,-2.3081467462696117,7.489774154417086,-9.23503252884463,4.618739036305406,6,estimated,0,raw_instance,two_sided_Student_t_95_df_n_minus_1,unadjusted_exploratory
primary_selected_active_aux,original_e4,max3sat,selective,equal_2q_budget_256,all_scheduled,independence_minus_cold,optimum_hit_rate,7,0.0202889572694921,0.045809325677502184,-0.02207760281666242,0.06265551735564662,6,estimated,0,raw_instance,two_sided_Student_t_95_df_n_minus_1,unadjusted_exploratory
primary_selected_active_aux,original_e4,max3sat,selective,equal_2q_budget_256,all_scheduled,independence_minus_cold,auxiliary_inconsistency_rate,7,0.0005785740489486055,0.11466042736076436,-0.10546463469598429,0.1066217827938815,6,estimated,0,raw_instance,two_sided_Student_t_95_df_n_minus_1,unadjusted_exploratory
primary_selected_active_aux,original_e4,max3sat,selective,equal_2q_budget_256,all_scheduled,independence_minus_cold,statevector_norm,7,-1.586032892321652e-17,6.705249883260978e-16,-6.359925135176144e-16,6.042718556711813e-16,6,estimated,0,raw_instance,two_sided_Student_t_95_df_n_minus_1,unadjusted_exploratory
primary_selected_active_aux,original_e4,max3sat,selective,equal_2q_budget_256,all_scheduled,original_only_minus_cold,original_objective_mean,7,-0.16060242007972075,1.7101549022362403,-1.7422319103781685,1.421027070218727,6,estimated,0,raw_instance,two_sided_Student_t_95_df_n_minus_1,unadjusted_exploratory
primary_selected_active_aux,original_e4,max3sat,selective,equal_2q_budget_256,all_scheduled,original_only_minus_cold,encoded_energy_mean,7,0.2594926929888966,2.842092978630196,-2.3690049146218066,2.8879903005996,6,estimated,0,raw_instance,two_sided_Student_t_95_df_n_minus_1,unadjusted_exploratory
primary_selected_active_aux,original_e4,max3sat,selective,equal_2q_budget_256,all_scheduled,original_only_minus_cold,optimum_hit_rate,7,-0.0037851985235135568,0.0525402036096834,-0.05237678244769362,0.04480638540066651,6,estimated,0,raw_instance,two_sided_Student_t_95_df_n_minus_1,unadjusted_exploratory
primary_selected_active_aux,original_e4,max3sat,selective,equal_2q_budget_256,all_scheduled,original_only_minus_cold,auxiliary_inconsistency_rate,7,0.040339867707317185,0.07223670561337787,-0.02646794235171756,0.10714767776635192,6,estimated,0,raw_instance,two_sided_Student_t_95_df_n_minus_1,unadjusted_exploratory
primary_selected_active_aux,original_e4,max3sat,selective,equal_2q_budget_256,all_scheduled,original_only_minus_cold,statevector_norm,7,4.758098676964956e-16,5.235510352975821e-16,-8.394081325983555e-18,9.60013816718975e-16,6,estimated,0,raw_instance,two_sided_Student_t_95_df_n_minus_1,unadjusted_exploratory
primary_selected_active_aux,original_e4,max3sat,selective,equal_2q_budget_256,all_scheduled,pair_minus_cold,original_objective_mean,7,-0.3368112800875703,1.6901278266643789,-1.899918814692138,1.2262962545169975,6,estimated,0,raw_instance,two_sided_Student_t_95_df_n_minus_1,unadjusted_exploratory
primary_selected_active_aux,original_e4,max3sat,selective,equal_2q_budget_256,all_scheduled,pair_minus_cold,encoded_energy_mean,7,-3.5728377006244156,5.390983582701146,-8.55866594633795,1.412990545089118,6,estimated,0,raw_instance,two_sided_Student_t_95_df_n_minus_1,unadjusted_exploratory
primary_selected_active_aux,original_e4,max3sat,selective,equal_2q_budget_256,all_scheduled,pair_minus_cold,optimum_hit_rate,7,0.0008718656156787228,0.05318421426048465,-0.04831532882076642,0.05005906005212386,6,estimated,0,raw_instance,two_sided_Student_t_95_df_n_minus_1,unadjusted_exploratory
primary_selected_active_aux,original_e4,max3sat,selective,equal_2q_budget_256,all_scheduled,pair_minus_cold,auxiliary_inconsistency_rate,7,-0.030759467653071994,0.12131907160079013,-0.14296089521295513,0.08144195990681115,6,estimated,0,raw_instance,two_sided_Student_t_95_df_n_minus_1,unadjusted_exploratory
primary_selected_active_aux,original_e4,max3sat,selective,equal_2q_budget_256,all_scheduled,pair_minus_cold,statevector_norm,7,-9.516197353929913e-17,1.0442955738016827e-15,-1.060974294957138e-15,8.706503478785397e-16,6,estimated,0,raw_instance,two_sided_Student_t_95_df_n_minus_1,unadjusted_exploratory
primary_selected_active_aux,original_e4,max3sat,selective,equal_2q_budget_256,all_scheduled,pair_minus_independence,original_objective_mean,7,0.07001883351766233,0.6458645774986638,-0.5273062749712069,0.6673439420065316,6,estimated,0,raw_instance,two_sided_Student_t_95_df_n_minus_1,unadjusted_exploratory
primary_selected_active_aux,original_e4,max3sat,selective,equal_2q_budget_256,all_scheduled,pair_minus_independence,encoded_energy_mean,7,-1.2646909543548037,4.70045738568269,-5.61188898265359,3.082507073943982,6,estimated,0,raw_instance,two_sided_Student_t_95_df_n_minus_1,unadjusted_exploratory
primary_selected_active_aux,original_e4,max3sat,selective,equal_2q_budget_256,all_scheduled,pair_minus_independence,optimum_hit_rate,7,-0.019417091653813372,0.0404445397440725,-0.056822052278798996,0.017987868971172247,6,estimated,0,raw_instance,two_sided_Student_t_95_df_n_minus_1,unadjusted_exploratory
primary_selected_active_aux,original_e4,max3sat,selective,equal_2q_budget_256,all_scheduled,pair_minus_independence,auxiliary_inconsistency_rate,7,-0.0313380417020206,0.10896811895391596,-0.1321167432187647,0.0694406598147235,6,estimated,0,raw_instance,two_sided_Student_t_95_df_n_minus_1,unadjusted_exploratory
primary_selected_active_aux,original_e4,max3sat,selective,equal_2q_budget_256,all_scheduled,pair_minus_independence,statevector_norm,7,-7.930164461608261e-17,7.272152504855687e-16,-7.518635771397026e-16,5.932602879075373e-16,6,estimated,0,raw_instance,two_sided_Student_t_95_df_n_minus_1,unadjusted_exploratory
primary_selected_active_aux,original_e4,max3sat,selective,equal_2q_budget_256,all_scheduled,pair_minus_original_only,original_objective_mean,7,-0.1762088600078495,0.2405869812053712,-0.3987147066763103,0.04629698666061133,6,estimated,0,raw_instance,two_sided_Student_t_95_df_n_minus_1,unadjusted_exploratory
primary_selected_active_aux,original_e4,max3sat,selective,equal_2q_budget_256,all_scheduled,pair_minus_original_only,encoded_energy_mean,7,-3.8323303936133124,3.8827056292814577,-7.423234186824805,-0.24142660040181907,6,estimated,0,raw_instance,two_sided_Student_t_95_df_n_minus_1,unadjusted_exploratory
primary_selected_active_aux,original_e4,max3sat,selective,equal_2q_budget_256,all_scheduled,pair_minus_original_only,optimum_hit_rate,7,0.00465706413919228,0.008321358482112228,-0.0030389088732195096,0.01235303715160407,6,estimated,0,raw_instance,two_sided_Student_t_95_df_n_minus_1,unadjusted_exploratory
primary_selected_active_aux,original_e4,max3sat,selective,equal_2q_budget_256,all_scheduled,pair_minus_original_only,auxiliary_inconsistency_rate,7,-0.07109933536038918,0.07854397386431018,-0.14374039564480007,0.0015417249240217007,6,estimated,0,raw_instance,two_sided_Student_t_95_df_n_minus_1,unadjusted_exploratory
primary_selected_active_aux,original_e4,max3sat,selective,equal_2q_budget_256,all_scheduled,pair_minus_original_only,statevector_norm,7,-5.709718412357948e-16,8.416939731846475e-16,-1.3494089337205382e-15,2.074652512489485e-16,6,estimated,0,raw_instance,two_sided_Student_t_95_df_n_minus_1,unadjusted_exploratory
primary_selected_active_aux,original_e4,max3sat,selective,equal_2q_budget_256,positive_depth_only,independence_minus_cold,original_objective_mean,7,-0.4068301136052326,1.6963987105947127,-1.9757372485509652,1.1620770213405,6,estimated,0,raw_instance,two_sided_Student_t_95_df_n_minus_1,unadjusted_exploratory
primary_selected_active_aux,original_e4,max3sat,selective,equal_2q_budget_256,positive_depth_only,independence_minus_cold,encoded_energy_mean,7,-2.3081467462696117,7.489774154417086,-9.23503252884463,4.618739036305406,6,estimated,0,raw_instance,two_sided_Student_t_95_df_n_minus_1,unadjusted_exploratory
primary_selected_active_aux,original_e4,max3sat,selective,equal_2q_budget_256,positive_depth_only,independence_minus_cold,optimum_hit_rate,7,0.0202889572694921,0.045809325677502184,-0.02207760281666242,0.06265551735564662,6,estimated,0,raw_instance,two_sided_Student_t_95_df_n_minus_1,unadjusted_exploratory
primary_selected_active_aux,original_e4,max3sat,selective,equal_2q_budget_256,positive_depth_only,independence_minus_cold,auxiliary_inconsistency_rate,7,0.0005785740489486055,0.11466042736076436,-0.10546463469598429,0.1066217827938815,6,estimated,0,raw_instance,two_sided_Student_t_95_df_n_minus_1,unadjusted_exploratory
primary_selected_active_aux,original_e4,max3sat,selective,equal_2q_budget_256,positive_depth_only,independence_minus_cold,statevector_norm,7,-1.586032892321652e-17,6.705249883260978e-16,-6.359925135176144e-16,6.042718556711813e-16,6,estimated,0,raw_instance,two_sided_Student_t_95_df_n_minus_1,unadjusted_exploratory
primary_selected_active_aux,original_e4,max3sat,selective,equal_2q_budget_256,positive_depth_only,original_only_minus_cold,original_objective_mean,7,-0.16060242007972075,1.7101549022362403,-1.7422319103781685,1.421027070218727,6,estimated,0,raw_instance,two_sided_Student_t_95_df_n_minus_1,unadjusted_exploratory
primary_selected_active_aux,original_e4,max3sat,selective,equal_2q_budget_256,positive_depth_only,original_only_minus_cold,encoded_energy_mean,7,0.2594926929888966,2.842092978630196,-2.3690049146218066,2.8879903005996,6,estimated,0,raw_instance,two_sided_Student_t_95_df_n_minus_1,unadjusted_exploratory
primary_selected_active_aux,original_e4,max3sat,selective,equal_2q_budget_256,positive_depth_only,original_only_minus_cold,optimum_hit_rate,7,-0.0037851985235135568,0.0525402036096834,-0.05237678244769362,0.04480638540066651,6,estimated,0,raw_instance,two_sided_Student_t_95_df_n_minus_1,unadjusted_exploratory
primary_selected_active_aux,original_e4,max3sat,selective,equal_2q_budget_256,positive_depth_only,original_only_minus_cold,auxiliary_inconsistency_rate,7,0.040339867707317185,0.07223670561337787,-0.02646794235171756,0.10714767776635192,6,estimated,0,raw_instance,two_sided_Student_t_95_df_n_minus_1,unadjusted_exploratory
primary_selected_active_aux,original_e4,max3sat,selective,equal_2q_budget_256,positive_depth_only,original_only_minus_cold,statevector_norm,7,4.758098676964956e-16,5.235510352975821e-16,-8.394081325983555e-18,9.60013816718975e-16,6,estimated,0,raw_instance,two_sided_Student_t_95_df_n_minus_1,unadjusted_exploratory
primary_selected_active_aux,original_e4,max3sat,selective,equal_2q_budget_256,positive_depth_only,pair_minus_cold,original_objective_mean,7,-0.3368112800875703,1.6901278266643789,-1.899918814692138,1.2262962545169975,6,estimated,0,raw_instance,two_sided_Student_t_95_df_n_minus_1,unadjusted_exploratory
primary_selected_active_aux,original_e4,max3sat,selective,equal_2q_budget_256,positive_depth_only,pair_minus_cold,encoded_energy_mean,7,-3.5728377006244156,5.390983582701146,-8.55866594633795,1.412990545089118,6,estimated,0,raw_instance,two_sided_Student_t_95_df_n_minus_1,unadjusted_exploratory
primary_selected_active_aux,original_e4,max3sat,selective,equal_2q_budget_256,positive_depth_only,pair_minus_cold,optimum_hit_rate,7,0.0008718656156787228,0.05318421426048465,-0.04831532882076642,0.05005906005212386,6,estimated,0,raw_instance,two_sided_Student_t_95_df_n_minus_1,unadjusted_exploratory
primary_selected_active_aux,original_e4,max3sat,selective,equal_2q_budget_256,positive_depth_only,pair_minus_cold,auxiliary_inconsistency_rate,7,-0.030759467653071994,0.12131907160079013,-0.14296089521295513,0.08144195990681115,6,estimated,0,raw_instance,two_sided_Student_t_95_df_n_minus_1,unadjusted_exploratory
primary_selected_active_aux,original_e4,max3sat,selective,equal_2q_budget_256,positive_depth_only,pair_minus_cold,statevector_norm,7,-9.516197353929913e-17,1.0442955738016827e-15,-1.060974294957138e-15,8.706503478785397e-16,6,estimated,0,raw_instance,two_sided_Student_t_95_df_n_minus_1,unadjusted_exploratory
primary_selected_active_aux,original_e4,max3sat,selective,equal_2q_budget_256,positive_depth_only,pair_minus_independence,original_objective_mean,7,0.07001883351766233,0.6458645774986638,-0.5273062749712069,0.6673439420065316,6,estimated,0,raw_instance,two_sided_Student_t_95_df_n_minus_1,unadjusted_exploratory
primary_selected_active_aux,original_e4,max3sat,selective,equal_2q_budget_256,positive_depth_only,pair_minus_independence,encoded_energy_mean,7,-1.2646909543548037,4.70045738568269,-5.61188898265359,3.082507073943982,6,estimated,0,raw_instance,two_sided_Student_t_95_df_n_minus_1,unadjusted_exploratory
primary_selected_active_aux,original_e4,max3sat,selective,equal_2q_budget_256,positive_depth_only,pair_minus_independence,optimum_hit_rate,7,-0.019417091653813372,0.0404445397440725,-0.056822052278798996,0.017987868971172247,6,estimated,0,raw_instance,two_sided_Student_t_95_df_n_minus_1,unadjusted_exploratory
primary_selected_active_aux,original_e4,max3sat,selective,equal_2q_budget_256,positive_depth_only,pair_minus_independence,auxiliary_inconsistency_rate,7,-0.0313380417020206,0.10896811895391596,-0.1321167432187647,0.0694406598147235,6,estimated,0,raw_instance,two_sided_Student_t_95_df_n_minus_1,unadjusted_exploratory
primary_selected_active_aux,original_e4,max3sat,selective,equal_2q_budget_256,positive_depth_only,pair_minus_independence,statevector_norm,7,-7.930164461608261e-17,7.272152504855687e-16,-7.518635771397026e-16,5.932602879075373e-16,6,estimated,0,raw_instance,two_sided_Student_t_95_df_n_minus_1,unadjusted_exploratory
primary_selected_active_aux,original_e4,max3sat,selective,equal_2q_budget_256,positive_depth_only,pair_minus_original_only,original_objective_mean,7,-0.1762088600078495,0.2405869812053712,-0.3987147066763103,0.04629698666061133,6,estimated,0,raw_instance,two_sided_Student_t_95_df_n_minus_1,unadjusted_exploratory
primary_selected_active_aux,original_e4,max3sat,selective,equal_2q_budget_256,positive_depth_only,pair_minus_original_only,encoded_energy_mean,7,-3.8323303936133124,3.8827056292814577,-7.423234186824805,-0.24142660040181907,6,estimated,0,raw_instance,two_sided_Student_t_95_df_n_minus_1,unadjusted_exploratory
primary_selected_active_aux,original_e4,max3sat,selective,equal_2q_budget_256,positive_depth_only,pair_minus_original_only,optimum_hit_rate,7,0.00465706413919228,0.008321358482112228,-0.0030389088732195096,0.01235303715160407,6,estimated,0,raw_instance,two_sided_Student_t_95_df_n_minus_1,unadjusted_exploratory
primary_selected_active_aux,original_e4,max3sat,selective,equal_2q_budget_256,positive_depth_only,pair_minus_original_only,auxiliary_inconsistency_rate,7,-0.07109933536038918,0.07854397386431018,-0.14374039564480007,0.0015417249240217007,6,estimated,0,raw_instance,two_sided_Student_t_95_df_n_minus_1,unadjusted_exploratory
primary_selected_active_aux,original_e4,max3sat,selective,equal_2q_budget_256,positive_depth_only,pair_minus_original_only,statevector_norm,7,-5.709718412357948e-16,8.416939731846475e-16,-1.3494089337205382e-15,2.074652512489485e-16,6,estimated,0,raw_instance,two_sided_Student_t_95_df_n_minus_1,unadjusted_exploratory
primary_selected_active_aux,original_e4,max3sat,selective,equal_layer_p1,all_scheduled,independence_minus_cold,original_objective_mean,7,-0.9011262797166596,1.4311871308013873,-2.2247536126858236,0.4225010532525043,6,estimated,0,raw_instance,two_sided_Student_t_95_df_n_minus_1,unadjusted_exploratory
primary_selected_active_aux,original_e4,max3sat,selective,equal_layer_p1,all_scheduled,independence_minus_cold,encoded_energy_mean,7,-5.501665066072351,6.6848157916503865,-11.684088529269534,0.6807583971248317,6,estimated,0,raw_instance,two_sided_Student_t_95_df_n_minus_1,unadjusted_exploratory
primary_selected_active_aux,original_e4,max3sat,selective,equal_layer_p1,all_scheduled,independence_minus_cold,optimum_hit_rate,7,0.010499434050379314,0.04930681725643125,-0.03510176625232591,0.05610063435308454,6,estimated,0,raw_instance,two_sided_Student_t_95_df_n_minus_1,unadjusted_exploratory
primary_selected_active_aux,original_e4,max3sat,selective,equal_layer_p1,all_scheduled,independence_minus_cold,auxiliary_inconsistency_rate,7,-0.10433763180305082,0.11321915237370217,-0.2090478835040421,0.0003726198979404627,6,estimated,0,raw_instance,two_sided_Student_t_95_df_n_minus_1,unadjusted_exploratory
primary_selected_active_aux,original_e4,max3sat,selective,equal_layer_p1,all_scheduled,independence_minus_cold,statevector_norm,7,2.061842760018148e-16,4.460673452967851e-16,-2.0635921175943396e-16,6.187277637630635e-16,6,estimated,0,raw_instance,two_sided_Student_t_95_df_n_minus_1,unadjusted_exploratory
primary_selected_active_aux,original_e4,max3sat,selective,equal_layer_p1,all_scheduled,original_only_minus_cold,original_objective_mean,7,-0.9101548331042114,1.4309711654332038,-2.2335824314208272,0.4132727652124043,6,estimated,0,raw_instance,two_sided_Student_t_95_df_n_minus_1,unadjusted_exploratory
primary_selected_active_aux,original_e4,max3sat,selective,equal_layer_p1,all_scheduled,original_only_minus_cold,encoded_energy_mean,7,-1.170996521855567,2.118283626951948,-3.130082127973803,0.7880890842626689,6,estimated,0,raw_instance,two_sided_Student_t_95_df_n_minus_1,unadjusted_exploratory
primary_selected_active_aux,original_e4,max3sat,selective,equal_layer_p1,all_scheduled,original_only_minus_cold,optimum_hit_rate,7,0.007007314685411214,0.04439535948126036,-0.03405154477588361,0.04806617414670604,6,estimated,0,raw_instance,two_sided_Student_t_95_df_n_minus_1,unadjusted_exploratory
primary_selected_active_aux,original_e4,max3sat,selective,equal_layer_p1,all_scheduled,original_only_minus_cold,auxiliary_inconsistency_rate,7,-0.0048997178808779995,0.034424865345822606,-0.03673740823238322,0.026937972470627222,6,estimated,0,raw_instance,two_sided_Student_t_95_df_n_minus_1,unadjusted_exploratory
primary_selected_active_aux,original_e4,max3sat,selective,equal_layer_p1,all_scheduled,original_only_minus_cold,statevector_norm,7,3.9650822308041307e-16,4.660166616839939e-16,-3.4485305123397224e-17,8.275017512842234e-16,6,estimated,0,raw_instance,two_sided_Student_t_95_df_n_minus_1,unadjusted_exploratory
primary_selected_active_aux,original_e4,max3sat,selective,equal_layer_p1,all_scheduled,pair_minus_cold,original_objective_mean,7,-1.1240455510960659,1.505593694500811,-2.516487478149598,0.2683963759574659,6,estimated,0,raw_instance,two_sided_Student_t_95_df_n_minus_1,unadjusted_exploratory
primary_selected_active_aux,original_e4,max3sat,selective,equal_layer_p1,all_scheduled,pair_minus_cold,encoded_energy_mean,7,-6.153198644872063,6.684099779111117,-12.33495990691656,0.028562617172433136,6,estimated,0,raw_instance,two_sided_Student_t_95_df_n_minus_1,unadjusted_exploratory
primary_selected_active_aux,original_e4,max3sat,selective,equal_layer_p1,all_scheduled,pair_minus_cold,optimum_hit_rate,7,0.014259777313402453,0.04694419986086109,-0.029156366336107464,0.057675920962912366,6,estimated,0,raw_instance,two_sided_Student_t_95_df_n_minus_1,unadjusted_exploratory
primary_selected_active_aux,original_e4,max3sat,selective,equal_layer_p1,all_scheduled,pair_minus_cold,auxiliary_inconsistency_rate,7,-0.10012093227937531,0.13572145004390831,-0.2256423383080438,0.025400473749293176,6,estimated,0,raw_instance,two_sided_Student_t_95_df_n_minus_1,unadjusted_exploratory
primary_selected_active_aux,original_e4,max3sat,selective,equal_layer_p1,all_scheduled,pair_minus_cold,statevector_norm,7,3.9650822308041307e-16,5.508658552457596e-16,-1.1295772103721101e-16,9.059741671980371e-16,6,estimated,0,raw_instance,two_sided_Student_t_95_df_n_minus_1,unadjusted_exploratory
primary_selected_active_aux,original_e4,max3sat,selective,equal_layer_p1,all_scheduled,pair_minus_independence,original_objective_mean,7,-0.2229192713794063,0.4607305717794202,-0.6490239818097446,0.20318543905093203,6,estimated,0,raw_instance,two_sided_Student_t_95_df_n_minus_1,unadjusted_exploratory
primary_selected_active_aux,original_e4,max3sat,selective,equal_layer_p1,all_scheduled,pair_minus_independence,encoded_energy_mean,7,-0.6515335787997115,5.062033023715062,-5.333133298628122,4.030066141028699,6,estimated,0,raw_instance,two_sided_Student_t_95_df_n_minus_1,unadjusted_exploratory
primary_selected_active_aux,original_e4,max3sat,selective,equal_layer_p1,all_scheduled,pair_minus_independence,optimum_hit_rate,7,0.0037603432630231386,0.010480273109690795,-0.005932292763686321,0.0134529792897326,6,estimated,0,raw_instance,two_sided_Student_t_95_df_n_minus_1,unadjusted_exploratory
primary_selected_active_aux,original_e4,max3sat,selective,equal_layer_p1,all_scheduled,pair_minus_independence,auxiliary_inconsistency_rate,7,0.004216699523675522,0.08152198927197074,-0.07117856564893585,0.0796119646962869,6,estimated,0,raw_instance,two_sided_Student_t_95_df_n_minus_1,unadjusted_exploratory
primary_selected_active_aux,original_e4,max3sat,selective,equal_layer_p1,all_scheduled,pair_minus_independence,statevector_norm,7,1.9032394707859825e-16,4.697799798169678e-16,-2.441500699000611e-16,6.247979640572577e-16,6,estimated,0,raw_instance,two_sided_Student_t_95_df_n_minus_1,unadjusted_exploratory
primary_selected_active_aux,original_e4,max3sat,selective,equal_layer_p1,all_scheduled,pair_minus_original_only,original_objective_mean,7,-0.21389071799185455,0.2726754341259751,-0.4660734339140396,0.0382919979303305,6,estimated,0,raw_instance,two_sided_Student_t_95_df_n_minus_1,unadjusted_exploratory
primary_selected_active_aux,original_e4,max3sat,selective,equal_layer_p1,all_scheduled,pair_minus_original_only,encoded_energy_mean,7,-4.982202123016497,5.219213162752322,-9.809169226153555,-0.15523501987943789,6,estimated,0,raw_instance,two_sided_Student_t_95_df_n_minus_1,unadjusted_exploratory
primary_selected_active_aux,original_e4,max3sat,selective,equal_layer_p1,all_scheduled,pair_minus_original_only,optimum_hit_rate,7,0.007252462627991238,0.01235994736512236,-0.004178582142076993,0.01868350739805947,6,estimated,0,raw_instance,two_sided_Student_t_95_df_n_minus_1,unadjusted_exploratory
primary_selected_active_aux,original_e4,max3sat,selective,equal_layer_p1,all_scheduled,pair_minus_original_only,auxiliary_inconsistency_rate,7,-0.0952212143984973,0.10760891104621736,-0.19474285826072607,0.004300429463731464,6,estimated,0,raw_instance,two_sided_Student_t_95_df_n_minus_1,unadjusted_exploratory
primary_selected_active_aux,original_e4,max3sat,selective,equal_layer_p1,all_scheduled,pair_minus_original_only,statevector_norm,7,0.0,6.377745716588144e-16,-5.898431009840165e-16,5.898431009840165e-16,6,estimated,0,raw_instance,two_sided_Student_t_95_df_n_minus_1,unadjusted_exploratory
primary_selected_active_aux,original_e4,max3sat,selective,equal_layer_p1,positive_depth_only,independence_minus_cold,original_objective_mean,7,-0.9011262797166596,1.4311871308013873,-2.2247536126858236,0.4225010532525043,6,estimated,0,raw_instance,two_sided_Student_t_95_df_n_minus_1,unadjusted_exploratory
primary_selected_active_aux,original_e4,max3sat,selective,equal_layer_p1,positive_depth_only,independence_minus_cold,encoded_energy_mean,7,-5.501665066072351,6.6848157916503865,-11.684088529269534,0.6807583971248317,6,estimated,0,raw_instance,two_sided_Student_t_95_df_n_minus_1,unadjusted_exploratory
primary_selected_active_aux,original_e4,max3sat,selective,equal_layer_p1,positive_depth_only,independence_minus_cold,optimum_hit_rate,7,0.010499434050379314,0.04930681725643125,-0.03510176625232591,0.05610063435308454,6,estimated,0,raw_instance,two_sided_Student_t_95_df_n_minus_1,unadjusted_exploratory
primary_selected_active_aux,original_e4,max3sat,selective,equal_layer_p1,positive_depth_only,independence_minus_cold,auxiliary_inconsistency_rate,7,-0.10433763180305082,0.11321915237370217,-0.2090478835040421,0.0003726198979404627,6,estimated,0,raw_instance,two_sided_Student_t_95_df_n_minus_1,unadjusted_exploratory
primary_selected_active_aux,original_e4,max3sat,selective,equal_layer_p1,positive_depth_only,independence_minus_cold,statevector_norm,7,2.061842760018148e-16,4.460673452967851e-16,-2.0635921175943396e-16,6.187277637630635e-16,6,estimated,0,raw_instance,two_sided_Student_t_95_df_n_minus_1,unadjusted_exploratory
primary_selected_active_aux,original_e4,max3sat,selective,equal_layer_p1,positive_depth_only,original_only_minus_cold,original_objective_mean,7,-0.9101548331042114,1.4309711654332038,-2.2335824314208272,0.4132727652124043,6,estimated,0,raw_instance,two_sided_Student_t_95_df_n_minus_1,unadjusted_exploratory
primary_selected_active_aux,original_e4,max3sat,selective,equal_layer_p1,positive_depth_only,original_only_minus_cold,encoded_energy_mean,7,-1.170996521855567,2.118283626951948,-3.130082127973803,0.7880890842626689,6,estimated,0,raw_instance,two_sided_Student_t_95_df_n_minus_1,unadjusted_exploratory
primary_selected_active_aux,original_e4,max3sat,selective,equal_layer_p1,positive_depth_only,original_only_minus_cold,optimum_hit_rate,7,0.007007314685411214,0.04439535948126036,-0.03405154477588361,0.04806617414670604,6,estimated,0,raw_instance,two_sided_Student_t_95_df_n_minus_1,unadjusted_exploratory
primary_selected_active_aux,original_e4,max3sat,selective,equal_layer_p1,positive_depth_only,original_only_minus_cold,auxiliary_inconsistency_rate,7,-0.0048997178808779995,0.034424865345822606,-0.03673740823238322,0.026937972470627222,6,estimated,0,raw_instance,two_sided_Student_t_95_df_n_minus_1,unadjusted_exploratory
primary_selected_active_aux,original_e4,max3sat,selective,equal_layer_p1,positive_depth_only,original_only_minus_cold,statevector_norm,7,3.9650822308041307e-16,4.660166616839939e-16,-3.4485305123397224e-17,8.275017512842234e-16,6,estimated,0,raw_instance,two_sided_Student_t_95_df_n_minus_1,unadjusted_exploratory
primary_selected_active_aux,original_e4,max3sat,selective,equal_layer_p1,positive_depth_only,pair_minus_cold,original_objective_mean,7,-1.1240455510960659,1.505593694500811,-2.516487478149598,0.2683963759574659,6,estimated,0,raw_instance,two_sided_Student_t_95_df_n_minus_1,unadjusted_exploratory
primary_selected_active_aux,original_e4,max3sat,selective,equal_layer_p1,positive_depth_only,pair_minus_cold,encoded_energy_mean,7,-6.153198644872063,6.684099779111117,-12.33495990691656,0.028562617172433136,6,estimated,0,raw_instance,two_sided_Student_t_95_df_n_minus_1,unadjusted_exploratory
primary_selected_active_aux,original_e4,max3sat,selective,equal_layer_p1,positive_depth_only,pair_minus_cold,optimum_hit_rate,7,0.014259777313402453,0.04694419986086109,-0.029156366336107464,0.057675920962912366,6,estimated,0,raw_instance,two_sided_Student_t_95_df_n_minus_1,unadjusted_exploratory
primary_selected_active_aux,original_e4,max3sat,selective,equal_layer_p1,positive_depth_only,pair_minus_cold,auxiliary_inconsistency_rate,7,-0.10012093227937531,0.13572145004390831,-0.2256423383080438,0.025400473749293176,6,estimated,0,raw_instance,two_sided_Student_t_95_df_n_minus_1,unadjusted_exploratory
primary_selected_active_aux,original_e4,max3sat,selective,equal_layer_p1,positive_depth_only,pair_minus_cold,statevector_norm,7,3.9650822308041307e-16,5.508658552457596e-16,-1.1295772103721101e-16,9.059741671980371e-16,6,estimated,0,raw_instance,two_sided_Student_t_95_df_n_minus_1,unadjusted_exploratory
primary_selected_active_aux,original_e4,max3sat,selective,equal_layer_p1,positive_depth_only,pair_minus_independence,original_objective_mean,7,-0.2229192713794063,0.4607305717794202,-0.6490239818097446,0.20318543905093203,6,estimated,0,raw_instance,two_sided_Student_t_95_df_n_minus_1,unadjusted_exploratory
primary_selected_active_aux,original_e4,max3sat,selective,equal_layer_p1,positive_depth_only,pair_minus_independence,encoded_energy_mean,7,-0.6515335787997115,5.062033023715062,-5.333133298628122,4.030066141028699,6,estimated,0,raw_instance,two_sided_Student_t_95_df_n_minus_1,unadjusted_exploratory
primary_selected_active_aux,original_e4,max3sat,selective,equal_layer_p1,positive_depth_only,pair_minus_independence,optimum_hit_rate,7,0.0037603432630231386,0.010480273109690795,-0.005932292763686321,0.0134529792897326,6,estimated,0,raw_instance,two_sided_Student_t_95_df_n_minus_1,unadjusted_exploratory
primary_selected_active_aux,original_e4,max3sat,selective,equal_layer_p1,positive_depth_only,pair_minus_independence,auxiliary_inconsistency_rate,7,0.004216699523675522,0.08152198927197074,-0.07117856564893585,0.0796119646962869,6,estimated,0,raw_instance,two_sided_Student_t_95_df_n_minus_1,unadjusted_exploratory
primary_selected_active_aux,original_e4,max3sat,selective,equal_layer_p1,positive_depth_only,pair_minus_independence,statevector_norm,7,1.9032394707859825e-16,4.697799798169678e-16,-2.441500699000611e-16,6.247979640572577e-16,6,estimated,0,raw_instance,two_sided_Student_t_95_df_n_minus_1,unadjusted_exploratory
primary_selected_active_aux,original_e4,max3sat,selective,equal_layer_p1,positive_depth_only,pair_minus_original_only,original_objective_mean,7,-0.21389071799185455,0.2726754341259751,-0.4660734339140396,0.0382919979303305,6,estimated,0,raw_instance,two_sided_Student_t_95_df_n_minus_1,unadjusted_exploratory
primary_selected_active_aux,original_e4,max3sat,selective,equal_layer_p1,positive_depth_only,pair_minus_original_only,encoded_energy_mean,7,-4.982202123016497,5.219213162752322,-9.809169226153555,-0.15523501987943789,6,estimated,0,raw_instance,two_sided_Student_t_95_df_n_minus_1,unadjusted_exploratory
primary_selected_active_aux,original_e4,max3sat,selective,equal_layer_p1,positive_depth_only,pair_minus_original_only,optimum_hit_rate,7,0.007252462627991238,0.01235994736512236,-0.004178582142076993,0.01868350739805947,6,estimated,0,raw_instance,two_sided_Student_t_95_df_n_minus_1,unadjusted_exploratory
primary_selected_active_aux,original_e4,max3sat,selective,equal_layer_p1,positive_depth_only,pair_minus_original_only,auxiliary_inconsistency_rate,7,-0.0952212143984973,0.10760891104621736,-0.19474285826072607,0.004300429463731464,6,estimated,0,raw_instance,two_sided_Student_t_95_df_n_minus_1,unadjusted_exploratory
primary_selected_active_aux,original_e4,max3sat,selective,equal_layer_p1,positive_depth_only,pair_minus_original_only,statevector_norm,7,0.0,6.377745716588144e-16,-5.898431009840165e-16,5.898431009840165e-16,6,estimated,0,raw_instance,two_sided_Student_t_95_df_n_minus_1,unadjusted_exploratory
primary_selected_active_aux,original_e4,max3sat,selective,equal_layer_p2,all_scheduled,independence_minus_cold,original_objective_mean,7,-1.1262326897720767,1.350384130143851,-2.375129711131778,0.1226643315876248,6,estimated,0,raw_instance,two_sided_Student_t_95_df_n_minus_1,unadjusted_exploratory
primary_selected_active_aux,original_e4,max3sat,selective,equal_layer_p2,all_scheduled,independence_minus_cold,encoded_energy_mean,7,-4.1840008437917175,6.828143411152361,-10.498980246501848,2.1309785589184127,6,estimated,0,raw_instance,two_sided_Student_t_95_df_n_minus_1,unadjusted_exploratory
primary_selected_active_aux,original_e4,max3sat,selective,equal_layer_p2,all_scheduled,independence_minus_cold,optimum_hit_rate,7,0.026535394763086896,0.043847633690511124,-0.01401690282938936,0.06708769235556315,6,estimated,0,raw_instance,two_sided_Student_t_95_df_n_minus_1,unadjusted_exploratory
primary_selected_active_aux,original_e4,max3sat,selective,equal_layer_p2,all_scheduled,independence_minus_cold,auxiliary_inconsistency_rate,7,-0.08734727822196997,0.10313322317098121,-0.18272960118198797,0.00803504473804803,6,estimated,0,raw_instance,two_sided_Student_t_95_df_n_minus_1,unadjusted_exploratory
primary_selected_active_aux,original_e4,max3sat,selective,equal_layer_p2,all_scheduled,independence_minus_cold,statevector_norm,7,1.5860328923216522e-16,9.59036377140908e-16,-7.283574266489441e-16,1.0455640051132746e-15,6,estimated,0,raw_instance,two_sided_Student_t_95_df_n_minus_1,unadjusted_exploratory
primary_selected_active_aux,original_e4,max3sat,selective,equal_layer_p2,all_scheduled,original_only_minus_cold,original_objective_mean,7,-0.8549584730294687,1.3557102421673821,-2.1087813264491984,0.39886438039026106,6,estimated,0,raw_instance,two_sided_Student_t_95_df_n_minus_1,unadjusted_exploratory
primary_selected_active_aux,original_e4,max3sat,selective,equal_layer_p2,all_scheduled,original_only_minus_cold,encoded_energy_mean,7,-1.8160657662182798,2.8906171344872016,-4.489440733064057,0.8573092006274974,6,estimated,0,raw_instance,two_sided_Student_t_95_df_n_minus_1,unadjusted_exploratory
primary_selected_active_aux,original_e4,max3sat,selective,equal_layer_p2,all_scheduled,original_only_minus_cold,optimum_hit_rate,7,0.020093641488275433,0.03921722546759787,-0.01617624274626259,0.05636352572281346,6,estimated,0,raw_instance,two_sided_Student_t_95_df_n_minus_1,unadjusted_exploratory
primary_selected_active_aux,original_e4,max3sat,selective,equal_layer_p2,all_scheduled,original_only_minus_cold,auxiliary_inconsistency_rate,7,-0.05733589557252191,0.09728655012311838,-0.14731094782241827,0.032639156677374444,6,estimated,0,raw_instance,two_sided_Student_t_95_df_n_minus_1,unadjusted_exploratory
primary_selected_active_aux,original_e4,max3sat,selective,equal_layer_p2,all_scheduled,original_only_minus_cold,statevector_norm,7,4.599495387732792e-16,7.676573966312062e-16,-2.5001514066599065e-16,1.169914218212549e-15,6,estimated,0,raw_instance,two_sided_Student_t_95_df_n_minus_1,unadjusted_exploratory
primary_selected_active_aux,original_e4,max3sat,selective,equal_layer_p2,all_scheduled,pair_minus_cold,original_objective_mean,7,-1.0708399091357788,1.2590622008601917,-2.2352782324692866,0.09359841419772907,6,estimated,0,raw_instance,two_sided_Student_t_95_df_n_minus_1,unadjusted_exploratory
primary_selected_active_aux,original_e4,max3sat,selective,equal_layer_p2,all_scheduled,pair_minus_cold,encoded_energy_mean,7,-5.667741769484931,4.329002505750713,-9.67140133138664,-1.6640822075832231,6,estimated,0,raw_instance,two_sided_Student_t_95_df_n_minus_1,unadjusted_exploratory
primary_selected_active_aux,original_e4,max3sat,selective,equal_layer_p2,all_scheduled,pair_minus_cold,optimum_hit_rate,7,0.027624164498683764,0.0419717185871709,-0.01119320098626268,0.0664415299836302,6,estimated,0,raw_instance,two_sided_Student_t_95_df_n_minus_1,unadjusted_exploratory
primary_selected_active_aux,original_e4,max3sat,selective,equal_layer_p2,all_scheduled,pair_minus_cold,auxiliary_inconsistency_rate,7,-0.14537457970367546,0.12263838093848213,-0.2587961648952394,-0.031952994512111546,6,estimated,0,raw_instance,two_sided_Student_t_95_df_n_minus_1,unadjusted_exploratory
primary_selected_active_aux,original_e4,max3sat,selective,equal_layer_p2,all_scheduled,pair_minus_cold,statevector_norm,7,3.6478756523398e-16,8.735188044777722e-16,-4.430825871631487e-16,1.1726577176311087e-15,6,estimated,0,raw_instance,two_sided_Student_t_95_df_n_minus_1,unadjusted_exploratory
primary_selected_active_aux,original_e4,max3sat,selective,equal_layer_p2,all_scheduled,pair_minus_independence,original_objective_mean,7,0.05539278063629803,0.23799276475909953,-0.16471381598161167,0.27549937725420776,6,estimated,0,raw_instance,two_sided_Student_t_95_df_n_minus_1,unadjusted_exploratory
primary_selected_active_aux,original_e4,max3sat,selective,equal_layer_p2,all_scheduled,pair_minus_independence,encoded_energy_mean,7,-1.483740925693213,5.039453131031825,-6.144457727776054,3.176975876389628,6,estimated,0,raw_instance,two_sided_Student_t_95_df_n_minus_1,unadjusted_exploratory
primary_selected_active_aux,original_e4,max3sat,selective,equal_layer_p2,all_scheduled,pair_minus_independence,optimum_hit_rate,7,0.0010887697355968643,0.01550627665091314,-0.013252144297243518,0.015429683768437247,6,estimated,0,raw_instance,two_sided_Student_t_95_df_n_minus_1,unadjusted_exploratory
primary_selected_active_aux,original_e4,max3sat,selective,equal_layer_p2,all_scheduled,pair_minus_independence,auxiliary_inconsistency_rate,7,-0.05802730148170549,0.07803558609419663,-0.13019818149842996,0.01414357853501897,6,estimated,0,raw_instance,two_sided_Student_t_95_df_n_minus_1,unadjusted_exploratory
primary_selected_active_aux,original_e4,max3sat,selective,equal_layer_p2,all_scheduled,pair_minus_independence,statevector_norm,7,2.061842760018148e-16,1.0998654969379404e-15,-8.110216525629525e-16,1.2233902045665822e-15,6,estimated,0,raw_instance,two_sided_Student_t_95_df_n_minus_1,unadjusted_exploratory
primary_selected_active_aux,original_e4,max3sat,selective,equal_layer_p2,all_scheduled,pair_minus_original_only,original_objective_mean,7,-0.21588143610630997,0.22721310903303224,-0.4260185139576341,-0.005744358254985843,6,estimated,0,raw_instance,two_sided_Student_t_95_df_n_minus_1,unadjusted_exploratory
primary_selected_active_aux,original_e4,max3sat,selective,equal_layer_p2,all_scheduled,pair_minus_original_only,encoded_energy_mean,7,-3.8516760032666513,3.7992053085479887,-7.3653548798646025,-0.33799712666869963,6,estimated,0,raw_instance,two_sided_Student_t_95_df_n_minus_1,unadjusted_exploratory
primary_selected_active_aux,original_e4,max3sat,selective,equal_layer_p2,all_scheduled,pair_minus_original_only,optimum_hit_rate,7,0.007530523010408332,0.02130046380232204,-0.012169120374371616,0.027230166395188278,6,estimated,0,raw_instance,two_sided_Student_t_95_df_n_minus_1,unadjusted_exploratory
primary_selected_active_aux,original_e4,max3sat,selective,equal_layer_p2,all_scheduled,pair_minus_original_only,auxiliary_inconsistency_rate,7,-0.08803868413115357,0.10328267945994025,-0.18355923110457473,0.007481862842267595,6,estimated,0,raw_instance,two_sided_Student_t_95_df_n_minus_1,unadjusted_exploratory
primary_selected_active_aux,original_e4,max3sat,selective,equal_layer_p2,all_scheduled,pair_minus_original_only,statevector_norm,7,-9.516197353929913e-17,1.3902613451459897e-15,-1.380939267648493e-15,1.1906153205698947e-15,6,estimated,0,raw_instance,two_sided_Student_t_95_df_n_minus_1,unadjusted_exploratory
primary_selected_active_aux,original_e4,max3sat,selective,equal_layer_p2,positive_depth_only,independence_minus_cold,original_objective_mean,7,-1.1262326897720767,1.350384130143851,-2.375129711131778,0.1226643315876248,6,estimated,0,raw_instance,two_sided_Student_t_95_df_n_minus_1,unadjusted_exploratory
primary_selected_active_aux,original_e4,max3sat,selective,equal_layer_p2,positive_depth_only,independence_minus_cold,encoded_energy_mean,7,-4.1840008437917175,6.828143411152361,-10.498980246501848,2.1309785589184127,6,estimated,0,raw_instance,two_sided_Student_t_95_df_n_minus_1,unadjusted_exploratory
primary_selected_active_aux,original_e4,max3sat,selective,equal_layer_p2,positive_depth_only,independence_minus_cold,optimum_hit_rate,7,0.026535394763086896,0.043847633690511124,-0.01401690282938936,0.06708769235556315,6,estimated,0,raw_instance,two_sided_Student_t_95_df_n_minus_1,unadjusted_exploratory
primary_selected_active_aux,original_e4,max3sat,selective,equal_layer_p2,positive_depth_only,independence_minus_cold,auxiliary_inconsistency_rate,7,-0.08734727822196997,0.10313322317098121,-0.18272960118198797,0.00803504473804803,6,estimated,0,raw_instance,two_sided_Student_t_95_df_n_minus_1,unadjusted_exploratory
primary_selected_active_aux,original_e4,max3sat,selective,equal_layer_p2,positive_depth_only,independence_minus_cold,statevector_norm,7,1.5860328923216522e-16,9.59036377140908e-16,-7.283574266489441e-16,1.0455640051132746e-15,6,estimated,0,raw_instance,two_sided_Student_t_95_df_n_minus_1,unadjusted_exploratory
primary_selected_active_aux,original_e4,max3sat,selective,equal_layer_p2,positive_depth_only,original_only_minus_cold,original_objective_mean,7,-0.8549584730294687,1.3557102421673821,-2.1087813264491984,0.39886438039026106,6,estimated,0,raw_instance,two_sided_Student_t_95_df_n_minus_1,unadjusted_exploratory
primary_selected_active_aux,original_e4,max3sat,selective,equal_layer_p2,positive_depth_only,original_only_minus_cold,encoded_energy_mean,7,-1.8160657662182798,2.8906171344872016,-4.489440733064057,0.8573092006274974,6,estimated,0,raw_instance,two_sided_Student_t_95_df_n_minus_1,unadjusted_exploratory
primary_selected_active_aux,original_e4,max3sat,selective,equal_layer_p2,positive_depth_only,original_only_minus_cold,optimum_hit_rate,7,0.020093641488275433,0.03921722546759787,-0.01617624274626259,0.05636352572281346,6,estimated,0,raw_instance,two_sided_Student_t_95_df_n_minus_1,unadjusted_exploratory
primary_selected_active_aux,original_e4,max3sat,selective,equal_layer_p2,positive_depth_only,original_only_minus_cold,auxiliary_inconsistency_rate,7,-0.05733589557252191,0.09728655012311838,-0.14731094782241827,0.032639156677374444,6,estimated,0,raw_instance,two_sided_Student_t_95_df_n_minus_1,unadjusted_exploratory
primary_selected_active_aux,original_e4,max3sat,selective,equal_layer_p2,positive_depth_only,original_only_minus_cold,statevector_norm,7,4.599495387732792e-16,7.676573966312062e-16,-2.5001514066599065e-16,1.169914218212549e-15,6,estimated,0,raw_instance,two_sided_Student_t_95_df_n_minus_1,unadjusted_exploratory
primary_selected_active_aux,original_e4,max3sat,selective,equal_layer_p2,positive_depth_only,pair_minus_cold,original_objective_mean,7,-1.0708399091357788,1.2590622008601917,-2.2352782324692866,0.09359841419772907,6,estimated,0,raw_instance,two_sided_Student_t_95_df_n_minus_1,unadjusted_exploratory
primary_selected_active_aux,original_e4,max3sat,selective,equal_layer_p2,positive_depth_only,pair_minus_cold,encoded_energy_mean,7,-5.667741769484931,4.329002505750713,-9.67140133138664,-1.6640822075832231,6,estimated,0,raw_instance,two_sided_Student_t_95_df_n_minus_1,unadjusted_exploratory
primary_selected_active_aux,original_e4,max3sat,selective,equal_layer_p2,positive_depth_only,pair_minus_cold,optimum_hit_rate,7,0.027624164498683764,0.0419717185871709,-0.01119320098626268,0.0664415299836302,6,estimated,0,raw_instance,two_sided_Student_t_95_df_n_minus_1,unadjusted_exploratory
primary_selected_active_aux,original_e4,max3sat,selective,equal_layer_p2,positive_depth_only,pair_minus_cold,auxiliary_inconsistency_rate,7,-0.14537457970367546,0.12263838093848213,-0.2587961648952394,-0.031952994512111546,6,estimated,0,raw_instance,two_sided_Student_t_95_df_n_minus_1,unadjusted_exploratory
primary_selected_active_aux,original_e4,max3sat,selective,equal_layer_p2,positive_depth_only,pair_minus_cold,statevector_norm,7,3.6478756523398e-16,8.735188044777722e-16,-4.430825871631487e-16,1.1726577176311087e-15,6,estimated,0,raw_instance,two_sided_Student_t_95_df_n_minus_1,unadjusted_exploratory
primary_selected_active_aux,original_e4,max3sat,selective,equal_layer_p2,positive_depth_only,pair_minus_independence,original_objective_mean,7,0.05539278063629803,0.23799276475909953,-0.16471381598161167,0.27549937725420776,6,estimated,0,raw_instance,two_sided_Student_t_95_df_n_minus_1,unadjusted_exploratory
primary_selected_active_aux,original_e4,max3sat,selective,equal_layer_p2,positive_depth_only,pair_minus_independence,encoded_energy_mean,7,-1.483740925693213,5.039453131031825,-6.144457727776054,3.176975876389628,6,estimated,0,raw_instance,two_sided_Student_t_95_df_n_minus_1,unadjusted_exploratory
primary_selected_active_aux,original_e4,max3sat,selective,equal_layer_p2,positive_depth_only,pair_minus_independence,optimum_hit_rate,7,0.0010887697355968643,0.01550627665091314,-0.013252144297243518,0.015429683768437247,6,estimated,0,raw_instance,two_sided_Student_t_95_df_n_minus_1,unadjusted_exploratory
primary_selected_active_aux,original_e4,max3sat,selective,equal_layer_p2,positive_depth_only,pair_minus_independence,auxiliary_inconsistency_rate,7,-0.05802730148170549,0.07803558609419663,-0.13019818149842996,0.01414357853501897,6,estimated,0,raw_instance,two_sided_Student_t_95_df_n_minus_1,unadjusted_exploratory
primary_selected_active_aux,original_e4,max3sat,selective,equal_layer_p2,positive_depth_only,pair_minus_independence,statevector_norm,7,2.061842760018148e-16,1.0998654969379404e-15,-8.110216525629525e-16,1.2233902045665822e-15,6,estimated,0,raw_instance,two_sided_Student_t_95_df_n_minus_1,unadjusted_exploratory
primary_selected_active_aux,original_e4,max3sat,selective,equal_layer_p2,positive_depth_only,pair_minus_original_only,original_objective_mean,7,-0.21588143610630997,0.22721310903303224,-0.4260185139576341,-0.005744358254985843,6,estimated,0,raw_instance,two_sided_Student_t_95_df_n_minus_1,unadjusted_exploratory
primary_selected_active_aux,original_e4,max3sat,selective,equal_layer_p2,positive_depth_only,pair_minus_original_only,encoded_energy_mean,7,-3.8516760032666513,3.7992053085479887,-7.3653548798646025,-0.33799712666869963,6,estimated,0,raw_instance,two_sided_Student_t_95_df_n_minus_1,unadjusted_exploratory
primary_selected_active_aux,original_e4,max3sat,selective,equal_layer_p2,positive_depth_only,pair_minus_original_only,optimum_hit_rate,7,0.007530523010408332,0.02130046380232204,-0.012169120374371616,0.027230166395188278,6,estimated,0,raw_instance,two_sided_Student_t_95_df_n_minus_1,unadjusted_exploratory
primary_selected_active_aux,original_e4,max3sat,selective,equal_layer_p2,positive_depth_only,pair_minus_original_only,auxiliary_inconsistency_rate,7,-0.08803868413115357,0.10328267945994025,-0.18355923110457473,0.007481862842267595,6,estimated,0,raw_instance,two_sided_Student_t_95_df_n_minus_1,unadjusted_exploratory
primary_selected_active_aux,original_e4,max3sat,selective,equal_layer_p2,positive_depth_only,pair_minus_original_only,statevector_norm,7,-9.516197353929913e-17,1.3902613451459897e-15,-1.380939267648493e-15,1.1906153205698947e-15,6,estimated,0,raw_instance,two_sided_Student_t_95_df_n_minus_1,unadjusted_exploratory
primary_selected_active_aux,targeted,cubic_spin_glass,selective,equal_layer_p1,all_scheduled,independence_minus_cold,original_objective_mean,10,-0.045438988263680355,0.46994773905726045,-0.3816193488435915,0.29074137231623076,9,estimated,0,raw_instance,two_sided_Student_t_95_df_n_minus_1,unadjusted_exploratory
primary_selected_active_aux,targeted,cubic_spin_glass,selective,equal_layer_p1,all_scheduled,independence_minus_cold,encoded_energy_mean,10,-9.487292260082704,7.527329239548084,-14.872019215108338,-4.10256530505707,9,estimated,0,raw_instance,two_sided_Student_t_95_df_n_minus_1,unadjusted_exploratory
primary_selected_active_aux,targeted,cubic_spin_glass,selective,equal_layer_p1,all_scheduled,independence_minus_cold,optimum_hit_rate,10,0.011513303061784249,0.03531882858398483,-0.01375226487656341,0.036778871000131906,9,estimated,0,raw_instance,two_sided_Student_t_95_df_n_minus_1,unadjusted_exploratory
primary_selected_active_aux,targeted,cubic_spin_glass,selective,equal_layer_p1,all_scheduled,independence_minus_cold,auxiliary_inconsistency_rate,10,-0.06633483986194824,0.06628987581460484,-0.11375576032186355,-0.01891391940203293,9,estimated,0,raw_instance,two_sided_Student_t_95_df_n_minus_1,unadjusted_exploratory
primary_selected_active_aux,targeted,cubic_spin_glass,selective,equal_layer_p1,all_scheduled,independence_minus_cold,statevector_norm,10,-7.771561172376095e-17,5.261046397045856e-16,-4.540681989996445e-16,2.9863697555212267e-16,9,estimated,0,raw_instance,two_sided_Student_t_95_df_n_minus_1,unadjusted_exploratory
primary_selected_active_aux,targeted,cubic_spin_glass,selective,equal_layer_p1,all_scheduled,original_only_minus_cold,original_objective_mean,10,0.11850121172157975,0.4223161395386678,-0.18360555520027716,0.42060797864343663,9,estimated,0,raw_instance,two_sided_Student_t_95_df_n_minus_1,unadjusted_exploratory
primary_selected_active_aux,targeted,cubic_spin_glass,selective,equal_layer_p1,all_scheduled,original_only_minus_cold,encoded_energy_mean,10,-3.121481240071931,6.984521720494117,-8.117907087729506,1.8749446075856437,9,estimated,0,raw_instance,two_sided_Student_t_95_df_n_minus_1,unadjusted_exploratory
primary_selected_active_aux,targeted,cubic_spin_glass,selective,equal_layer_p1,all_scheduled,original_only_minus_cold,optimum_hit_rate,10,0.008387943814885345,0.027432038347229657,-0.011235754261657488,0.028011641891428178,9,estimated,0,raw_instance,two_sided_Student_t_95_df_n_minus_1,unadjusted_exploratory
primary_selected_active_aux,targeted,cubic_spin_glass,selective,equal_layer_p1,all_scheduled,original_only_minus_cold,auxiliary_inconsistency_rate,10,-0.012695739092050295,0.046636022282446614,-0.04605713969880028,0.020665661514699687,9,estimated,0,raw_instance,two_sided_Student_t_95_df_n_minus_1,unadjusted_exploratory
primary_selected_active_aux,targeted,cubic_spin_glass,selective,equal_layer_p1,all_scheduled,original_only_minus_cold,statevector_norm,10,4.1078251911130794e-16,5.021296532077499e-16,5.1580603996489137e-17,7.699844342261268e-16,9,estimated,0,raw_instance,two_sided_Student_t_95_df_n_minus_1,unadjusted_exploratory
primary_selected_active_aux,targeted,cubic_spin_glass,selective,equal_layer_p1,all_scheduled,pair_minus_cold,original_objective_mean,10,0.12092609421921989,0.5574430639428726,-0.2778446512577608,0.5196968396962006,9,estimated,0,raw_instance,two_sided_Student_t_95_df_n_minus_1,unadjusted_exploratory
primary_selected_active_aux,targeted,cubic_spin_glass,selective,equal_layer_p1,all_scheduled,pair_minus_cold,encoded_energy_mean,10,-3.8058471976265422,6.310859978696021,-8.320364466000623,0.7086700707475377,9,estimated,0,raw_instance,two_sided_Student_t_95_df_n_minus_1,unadjusted_exploratory
primary_selected_active_aux,targeted,cubic_spin_glass,selective,equal_layer_p1,all_scheduled,pair_minus_cold,optimum_hit_rate,10,0.0066146844822953035,0.022559090036416127,-0.009523116367668987,0.022752485332259594,9,estimated,0,raw_instance,two_sided_Student_t_95_df_n_minus_1,unadjusted_exploratory
primary_selected_active_aux,targeted,cubic_spin_glass,selective,equal_layer_p1,all_scheduled,pair_minus_cold,auxiliary_inconsistency_rate,10,-0.030064558469619786,0.051608410120460906,-0.06698299105545784,0.006853874116218267,9,estimated,0,raw_instance,two_sided_Student_t_95_df_n_minus_1,unadjusted_exploratory
primary_selected_active_aux,targeted,cubic_spin_glass,selective,equal_layer_p1,all_scheduled,pair_minus_cold,statevector_norm,10,-2.220446049250313e-16,9.376839644984797e-16,-8.928233045469702e-16,4.487340946969077e-16,9,estimated,0,raw_instance,two_sided_Student_t_95_df_n_minus_1,unadjusted_exploratory
primary_selected_active_aux,targeted,cubic_spin_glass,selective,equal_layer_p1,all_scheduled,pair_minus_independence,original_objective_mean,10,0.16636508248290025,0.38279133323362957,-0.10746734129149468,0.44019750625729515,9,estimated,0,raw_instance,two_sided_Student_t_95_df_n_minus_1,unadjusted_exploratory
primary_selected_active_aux,targeted,cubic_spin_glass,selective,equal_layer_p1,all_scheduled,pair_minus_independence,encoded_energy_mean,10,5.681445062456161,6.701248506290155,0.8876606648558978,10.475229460056426,9,estimated,0,raw_instance,two_sided_Student_t_95_df_n_minus_1,unadjusted_exploratory
primary_selected_active_aux,targeted,cubic_spin_glass,selective,equal_layer_p1,all_scheduled,pair_minus_independence,optimum_hit_rate,10,-0.004898618579488943,0.01851024920373053,-0.018140053178615573,0.008342816019637687,9,estimated,0,raw_instance,two_sided_Student_t_95_df_n_minus_1,unadjusted_exploratory
primary_selected_active_aux,targeted,cubic_spin_glass,selective,equal_layer_p1,all_scheduled,pair_minus_independence,auxiliary_inconsistency_rate,10,0.03627028139232845,0.0692227435177848,-0.01324868623335497,0.08578924901801187,9,estimated,0,raw_instance,two_sided_Student_t_95_df_n_minus_1,unadjusted_exploratory
primary_selected_active_aux,targeted,cubic_spin_glass,selective,equal_layer_p1,all_scheduled,pair_minus_independence,statevector_norm,10,-1.4432899320127036e-16,6.621125383757547e-16,-6.179757700581331e-16,3.293177836555925e-16,9,estimated,0,raw_instance,two_sided_Student_t_95_df_n_minus_1,unadjusted_exploratory
primary_selected_active_aux,targeted,cubic_spin_glass,selective,equal_layer_p1,all_scheduled,pair_minus_original_only,original_objective_mean,10,0.0024248824976401463,0.2284049962718188,-0.16096620894360936,0.16581597393888964,9,estimated,0,raw_instance,two_sided_Student_t_95_df_n_minus_1,unadjusted_exploratory
primary_selected_active_aux,targeted,cubic_spin_glass,selective,equal_layer_p1,all_scheduled,pair_minus_original_only,encoded_energy_mean,10,-0.6843659575546115,5.034519373367368,-4.285844159536062,2.9171122444268383,9,estimated,0,raw_instance,two_sided_Student_t_95_df_n_minus_1,unadjusted_exploratory
primary_selected_active_aux,targeted,cubic_spin_glass,selective,equal_layer_p1,all_scheduled,pair_minus_original_only,optimum_hit_rate,10,-0.0017732593325900403,0.012125027621836372,-0.010446981576955753,0.006900462911775674,9,estimated,0,raw_instance,two_sided_Student_t_95_df_n_minus_1,unadjusted_exploratory
primary_selected_active_aux,targeted,cubic_spin_glass,selective,equal_layer_p1,all_scheduled,pair_minus_original_only,auxiliary_inconsistency_rate,10,-0.01736881937756949,0.026399396624090833,-0.03625381006607152,0.0015161713109325368,9,estimated,0,raw_instance,two_sided_Student_t_95_df_n_minus_1,unadjusted_exploratory
primary_selected_active_aux,targeted,cubic_spin_glass,selective,equal_layer_p1,all_scheduled,pair_minus_original_only,statevector_norm,10,-6.328271240363392e-16,6.983529337310028e-16,-1.1323987179856861e-15,-1.3325553008699246e-16,9,estimated,0,raw_instance,two_sided_Student_t_95_df_n_minus_1,unadjusted_exploratory
primary_selected_active_aux,targeted,cubic_spin_glass,selective,equal_layer_p1,positive_depth_only,independence_minus_cold,original_objective_mean,10,-0.045438988263680355,0.46994773905726045,-0.3816193488435915,0.29074137231623076,9,estimated,0,raw_instance,two_sided_Student_t_95_df_n_minus_1,unadjusted_exploratory
primary_selected_active_aux,targeted,cubic_spin_glass,selective,equal_layer_p1,positive_depth_only,independence_minus_cold,encoded_energy_mean,10,-9.487292260082704,7.527329239548084,-14.872019215108338,-4.10256530505707,9,estimated,0,raw_instance,two_sided_Student_t_95_df_n_minus_1,unadjusted_exploratory
primary_selected_active_aux,targeted,cubic_spin_glass,selective,equal_layer_p1,positive_depth_only,independence_minus_cold,optimum_hit_rate,10,0.011513303061784249,0.03531882858398483,-0.01375226487656341,0.036778871000131906,9,estimated,0,raw_instance,two_sided_Student_t_95_df_n_minus_1,unadjusted_exploratory
primary_selected_active_aux,targeted,cubic_spin_glass,selective,equal_layer_p1,positive_depth_only,independence_minus_cold,auxiliary_inconsistency_rate,10,-0.06633483986194824,0.06628987581460484,-0.11375576032186355,-0.01891391940203293,9,estimated,0,raw_instance,two_sided_Student_t_95_df_n_minus_1,unadjusted_exploratory
primary_selected_active_aux,targeted,cubic_spin_glass,selective,equal_layer_p1,positive_depth_only,independence_minus_cold,statevector_norm,10,-7.771561172376095e-17,5.261046397045856e-16,-4.540681989996445e-16,2.9863697555212267e-16,9,estimated,0,raw_instance,two_sided_Student_t_95_df_n_minus_1,unadjusted_exploratory
primary_selected_active_aux,targeted,cubic_spin_glass,selective,equal_layer_p1,positive_depth_only,original_only_minus_cold,original_objective_mean,10,0.11850121172157975,0.4223161395386678,-0.18360555520027716,0.42060797864343663,9,estimated,0,raw_instance,two_sided_Student_t_95_df_n_minus_1,unadjusted_exploratory
primary_selected_active_aux,targeted,cubic_spin_glass,selective,equal_layer_p1,positive_depth_only,original_only_minus_cold,encoded_energy_mean,10,-3.121481240071931,6.984521720494117,-8.117907087729506,1.8749446075856437,9,estimated,0,raw_instance,two_sided_Student_t_95_df_n_minus_1,unadjusted_exploratory
primary_selected_active_aux,targeted,cubic_spin_glass,selective,equal_layer_p1,positive_depth_only,original_only_minus_cold,optimum_hit_rate,10,0.008387943814885345,0.027432038347229657,-0.011235754261657488,0.028011641891428178,9,estimated,0,raw_instance,two_sided_Student_t_95_df_n_minus_1,unadjusted_exploratory
primary_selected_active_aux,targeted,cubic_spin_glass,selective,equal_layer_p1,positive_depth_only,original_only_minus_cold,auxiliary_inconsistency_rate,10,-0.012695739092050295,0.046636022282446614,-0.04605713969880028,0.020665661514699687,9,estimated,0,raw_instance,two_sided_Student_t_95_df_n_minus_1,unadjusted_exploratory
primary_selected_active_aux,targeted,cubic_spin_glass,selective,equal_layer_p1,positive_depth_only,original_only_minus_cold,statevector_norm,10,4.1078251911130794e-16,5.021296532077499e-16,5.1580603996489137e-17,7.699844342261268e-16,9,estimated,0,raw_instance,two_sided_Student_t_95_df_n_minus_1,unadjusted_exploratory
primary_selected_active_aux,targeted,cubic_spin_glass,selective,equal_layer_p1,positive_depth_only,pair_minus_cold,original_objective_mean,10,0.12092609421921989,0.5574430639428726,-0.2778446512577608,0.5196968396962006,9,estimated,0,raw_instance,two_sided_Student_t_95_df_n_minus_1,unadjusted_exploratory
primary_selected_active_aux,targeted,cubic_spin_glass,selective,equal_layer_p1,positive_depth_only,pair_minus_cold,encoded_energy_mean,10,-3.8058471976265422,6.310859978696021,-8.320364466000623,0.7086700707475377,9,estimated,0,raw_instance,two_sided_Student_t_95_df_n_minus_1,unadjusted_exploratory
primary_selected_active_aux,targeted,cubic_spin_glass,selective,equal_layer_p1,positive_depth_only,pair_minus_cold,optimum_hit_rate,10,0.0066146844822953035,0.022559090036416127,-0.009523116367668987,0.022752485332259594,9,estimated,0,raw_instance,two_sided_Student_t_95_df_n_minus_1,unadjusted_exploratory
primary_selected_active_aux,targeted,cubic_spin_glass,selective,equal_layer_p1,positive_depth_only,pair_minus_cold,auxiliary_inconsistency_rate,10,-0.030064558469619786,0.051608410120460906,-0.06698299105545784,0.006853874116218267,9,estimated,0,raw_instance,two_sided_Student_t_95_df_n_minus_1,unadjusted_exploratory
primary_selected_active_aux,targeted,cubic_spin_glass,selective,equal_layer_p1,positive_depth_only,pair_minus_cold,statevector_norm,10,-2.220446049250313e-16,9.376839644984797e-16,-8.928233045469702e-16,4.487340946969077e-16,9,estimated,0,raw_instance,two_sided_Student_t_95_df_n_minus_1,unadjusted_exploratory
primary_selected_active_aux,targeted,cubic_spin_glass,selective,equal_layer_p1,positive_depth_only,pair_minus_independence,original_objective_mean,10,0.16636508248290025,0.38279133323362957,-0.10746734129149468,0.44019750625729515,9,estimated,0,raw_instance,two_sided_Student_t_95_df_n_minus_1,unadjusted_exploratory
primary_selected_active_aux,targeted,cubic_spin_glass,selective,equal_layer_p1,positive_depth_only,pair_minus_independence,encoded_energy_mean,10,5.681445062456161,6.701248506290155,0.8876606648558978,10.475229460056426,9,estimated,0,raw_instance,two_sided_Student_t_95_df_n_minus_1,unadjusted_exploratory
primary_selected_active_aux,targeted,cubic_spin_glass,selective,equal_layer_p1,positive_depth_only,pair_minus_independence,optimum_hit_rate,10,-0.004898618579488943,0.01851024920373053,-0.018140053178615573,0.008342816019637687,9,estimated,0,raw_instance,two_sided_Student_t_95_df_n_minus_1,unadjusted_exploratory
primary_selected_active_aux,targeted,cubic_spin_glass,selective,equal_layer_p1,positive_depth_only,pair_minus_independence,auxiliary_inconsistency_rate,10,0.03627028139232845,0.0692227435177848,-0.01324868623335497,0.08578924901801187,9,estimated,0,raw_instance,two_sided_Student_t_95_df_n_minus_1,unadjusted_exploratory
primary_selected_active_aux,targeted,cubic_spin_glass,selective,equal_layer_p1,positive_depth_only,pair_minus_independence,statevector_norm,10,-1.4432899320127036e-16,6.621125383757547e-16,-6.179757700581331e-16,3.293177836555925e-16,9,estimated,0,raw_instance,two_sided_Student_t_95_df_n_minus_1,unadjusted_exploratory
primary_selected_active_aux,targeted,cubic_spin_glass,selective,equal_layer_p1,positive_depth_only,pair_minus_original_only,original_objective_mean,10,0.0024248824976401463,0.2284049962718188,-0.16096620894360936,0.16581597393888964,9,estimated,0,raw_instance,two_sided_Student_t_95_df_n_minus_1,unadjusted_exploratory
primary_selected_active_aux,targeted,cubic_spin_glass,selective,equal_layer_p1,positive_depth_only,pair_minus_original_only,encoded_energy_mean,10,-0.6843659575546115,5.034519373367368,-4.285844159536062,2.9171122444268383,9,estimated,0,raw_instance,two_sided_Student_t_95_df_n_minus_1,unadjusted_exploratory
primary_selected_active_aux,targeted,cubic_spin_glass,selective,equal_layer_p1,positive_depth_only,pair_minus_original_only,optimum_hit_rate,10,-0.0017732593325900403,0.012125027621836372,-0.010446981576955753,0.006900462911775674,9,estimated,0,raw_instance,two_sided_Student_t_95_df_n_minus_1,unadjusted_exploratory
primary_selected_active_aux,targeted,cubic_spin_glass,selective,equal_layer_p1,positive_depth_only,pair_minus_original_only,auxiliary_inconsistency_rate,10,-0.01736881937756949,0.026399396624090833,-0.03625381006607152,0.0015161713109325368,9,estimated,0,raw_instance,two_sided_Student_t_95_df_n_minus_1,unadjusted_exploratory
primary_selected_active_aux,targeted,cubic_spin_glass,selective,equal_layer_p1,positive_depth_only,pair_minus_original_only,statevector_norm,10,-6.328271240363392e-16,6.983529337310028e-16,-1.1323987179856861e-15,-1.3325553008699246e-16,9,estimated,0,raw_instance,two_sided_Student_t_95_df_n_minus_1,unadjusted_exploratory
primary_selected_active_aux,targeted,cubic_spin_glass,selective,equal_layer_p2,all_scheduled,independence_minus_cold,original_objective_mean,10,0.046802633251623545,0.6901790907484432,-0.44692174567182935,0.5405270121750765,9,estimated,0,raw_instance,two_sided_Student_t_95_df_n_minus_1,unadjusted_exploratory
primary_selected_active_aux,targeted,cubic_spin_glass,selective,equal_layer_p2,all_scheduled,independence_minus_cold,encoded_energy_mean,10,-3.225328589481168,6.213383833064018,-7.670115623909993,1.2194584449476569,9,estimated,0,raw_instance,two_sided_Student_t_95_df_n_minus_1,unadjusted_exploratory
primary_selected_active_aux,targeted,cubic_spin_glass,selective,equal_layer_p2,all_scheduled,independence_minus_cold,optimum_hit_rate,10,-0.0056109468016935175,0.015908728910871164,-0.016991365893300373,0.005769472289913339,9,estimated,0,raw_instance,two_sided_Student_t_95_df_n_minus_1,unadjusted_exploratory
primary_selected_active_aux,targeted,cubic_spin_glass,selective,equal_layer_p2,all_scheduled,independence_minus_cold,auxiliary_inconsistency_rate,10,-0.04683889695447392,0.06672965130502188,-0.09457441384853571,0.0008966199395878602,9,estimated,0,raw_instance,two_sided_Student_t_95_df_n_minus_1,unadjusted_exploratory
primary_selected_active_aux,targeted,cubic_spin_glass,selective,equal_layer_p2,all_scheduled,independence_minus_cold,statevector_norm,10,3.108624468950438e-16,9.196924446902383e-16,-3.470458947831617e-16,9.687707885732492e-16,9,estimated,0,raw_instance,two_sided_Student_t_95_df_n_minus_1,unadjusted_exploratory
primary_selected_active_aux,targeted,cubic_spin_glass,selective,equal_layer_p2,all_scheduled,original_only_minus_cold,original_objective_mean,10,0.14630941774825704,0.6546240312699727,-0.3219804038350743,0.6145992393315883,9,estimated,0,raw_instance,two_sided_Student_t_95_df_n_minus_1,unadjusted_exploratory
primary_selected_active_aux,targeted,cubic_spin_glass,selective,equal_layer_p2,all_scheduled,original_only_minus_cold,encoded_energy_mean,10,-2.189196484888593,8.006944578109954,-7.917019584563918,3.5386266147867316,9,estimated,0,raw_instance,two_sided_Student_t_95_df_n_minus_1,unadjusted_exploratory
primary_selected_active_aux,targeted,cubic_spin_glass,selective,equal_layer_p2,all_scheduled,original_only_minus_cold,optimum_hit_rate,10,-0.009919292507638159,0.014983703163142334,-0.02063798804240652,0.0007994030271302032,9,estimated,0,raw_instance,two_sided_Student_t_95_df_n_minus_1,unadjusted_exploratory
primary_selected_active_aux,targeted,cubic_spin_glass,selective,equal_layer_p2,all_scheduled,original_only_minus_cold,auxiliary_inconsistency_rate,10,-0.02919912058082804,0.03296339603633794,-0.052779713579668416,-0.005618527581987661,9,estimated,0,raw_instance,two_sided_Student_t_95_df_n_minus_1,unadjusted_exploratory
primary_selected_active_aux,targeted,cubic_spin_glass,selective,equal_layer_p2,all_scheduled,original_only_minus_cold,statevector_norm,10,4.773959005888173e-16,8.439804796376861e-16,-1.2635136402443536e-16,1.08114316520207e-15,9,estimated,0,raw_instance,two_sided_Student_t_95_df_n_minus_1,unadjusted_exploratory
primary_selected_active_aux,targeted,cubic_spin_glass,selective,equal_layer_p2,all_scheduled,pair_minus_cold,original_objective_mean,10,0.06270507225520813,0.6246951602087532,-0.3841749247265742,0.5095850692369904,9,estimated,0,raw_instance,two_sided_Student_t_95_df_n_minus_1,unadjusted_exploratory
primary_selected_active_aux,targeted,cubic_spin_glass,selective,equal_layer_p2,all_scheduled,pair_minus_cold,encoded_energy_mean,10,-2.677697060647907,6.422740632698117,-7.272248927506901,1.9168548062110875,9,estimated,0,raw_instance,two_sided_Student_t_95_df_n_minus_1,unadjusted_exploratory
primary_selected_active_aux,targeted,cubic_spin_glass,selective,equal_layer_p2,all_scheduled,pair_minus_cold,optimum_hit_rate,10,-0.0017944179163359463,0.010053259517404657,-0.00898608653962668,0.005397250706954787,9,estimated,0,raw_instance,two_sided_Student_t_95_df_n_minus_1,unadjusted_exploratory
primary_selected_active_aux,targeted,cubic_spin_glass,selective,equal_layer_p2,all_scheduled,pair_minus_cold,auxiliary_inconsistency_rate,10,-0.04010477923132383,0.0324865887916239,-0.06334428487484117,-0.016865273587806477,9,estimated,0,raw_instance,two_sided_Student_t_95_df_n_minus_1,unadjusted_exploratory
primary_selected_active_aux,targeted,cubic_spin_glass,selective,equal_layer_p2,all_scheduled,pair_minus_cold,statevector_norm,10,-2.4424906541753446e-16,8.337767523300327e-16,-8.406970232346158e-16,3.5219889239954693e-16,9,estimated,0,raw_instance,two_sided_Student_t_95_df_n_minus_1,unadjusted_exploratory
primary_selected_active_aux,targeted,cubic_spin_glass,selective,equal_layer_p2,all_scheduled,pair_minus_independence,original_objective_mean,10,0.015902439003584616,0.26035646864810336,-0.17034535885797095,0.2021502368651402,9,estimated,0,raw_instance,two_sided_Student_t_95_df_n_minus_1,unadjusted_exploratory
primary_selected_active_aux,targeted,cubic_spin_glass,selective,equal_layer_p2,all_scheduled,pair_minus_independence,encoded_energy_mean,10,0.5476315288332616,4.254087487529048,-2.495559333974037,3.59082239164056,9,estimated,0,raw_instance,two_sided_Student_t_95_df_n_minus_1,unadjusted_exploratory
primary_selected_active_aux,targeted,cubic_spin_glass,selective,equal_layer_p2,all_scheduled,pair_minus_independence,optimum_hit_rate,10,0.0038165288853575703,0.011593888962775398,-0.004477239651220877,0.012110297421936016,9,estimated,0,raw_instance,two_sided_Student_t_95_df_n_minus_1,unadjusted_exploratory
primary_selected_active_aux,targeted,cubic_spin_glass,selective,equal_layer_p2,all_scheduled,pair_minus_independence,auxiliary_inconsistency_rate,10,0.0067341177231500906,0.04395109805213265,-0.024706603793436834,0.03817483923973702,9,estimated,0,raw_instance,two_sided_Student_t_95_df_n_minus_1,unadjusted_exploratory
primary_selected_active_aux,targeted,cubic_spin_glass,selective,equal_layer_p2,all_scheduled,pair_minus_independence,statevector_norm,10,-5.551115123125783e-16,1.2105447928361195e-15,-1.4210830898547238e-15,3.1086006522956737e-16,9,estimated,0,raw_instance,two_sided_Student_t_95_df_n_minus_1,unadjusted_exploratory
primary_selected_active_aux,targeted,cubic_spin_glass,selective,equal_layer_p2,all_scheduled,pair_minus_original_only,original_objective_mean,10,-0.08360434549304889,0.13772308576173417,-0.18212550600429556,0.014916815018197763,9,estimated,0,raw_instance,two_sided_Student_t_95_df_n_minus_1,unadjusted_exploratory
primary_selected_active_aux,targeted,cubic_spin_glass,selective,equal_layer_p2,all_scheduled,pair_minus_original_only,encoded_energy_mean,10,-0.48850057575931344,2.1913573796540384,-2.0561032107446096,1.0791020592259826,9,estimated,0,raw_instance,two_sided_Student_t_95_df_n_minus_1,unadjusted_exploratory
primary_selected_active_aux,targeted,cubic_spin_glass,selective,equal_layer_p2,all_scheduled,pair_minus_original_only,optimum_hit_rate,10,0.008124874591302211,0.00874764324686235,0.0018671875836915822,0.01438256159891284,9,estimated,0,raw_instance,two_sided_Student_t_95_df_n_minus_1,unadjusted_exploratory
primary_selected_active_aux,targeted,cubic_spin_glass,selective,equal_layer_p2,all_scheduled,pair_minus_original_only,auxiliary_inconsistency_rate,10,-0.010905658650495786,0.02434831726623374,-0.028323395555660866,0.006512078254669295,9,estimated,0,raw_instance,two_sided_Student_t_95_df_n_minus_1,unadjusted_exploratory
primary_selected_active_aux,targeted,cubic_spin_glass,selective,equal_layer_p2,all_scheduled,pair_minus_original_only,statevector_norm,10,-7.216449660063518e-16,9.947361494300653e-16,-1.433236340119816e-15,-1.00535918928875e-17,9,estimated,0,raw_instance,two_sided_Student_t_95_df_n_minus_1,unadjusted_exploratory
primary_selected_active_aux,targeted,cubic_spin_glass,selective,equal_layer_p2,positive_depth_only,independence_minus_cold,original_objective_mean,10,0.046802633251623545,0.6901790907484432,-0.44692174567182935,0.5405270121750765,9,estimated,0,raw_instance,two_sided_Student_t_95_df_n_minus_1,unadjusted_exploratory
primary_selected_active_aux,targeted,cubic_spin_glass,selective,equal_layer_p2,positive_depth_only,independence_minus_cold,encoded_energy_mean,10,-3.225328589481168,6.213383833064018,-7.670115623909993,1.2194584449476569,9,estimated,0,raw_instance,two_sided_Student_t_95_df_n_minus_1,unadjusted_exploratory
primary_selected_active_aux,targeted,cubic_spin_glass,selective,equal_layer_p2,positive_depth_only,independence_minus_cold,optimum_hit_rate,10,-0.0056109468016935175,0.015908728910871164,-0.016991365893300373,0.005769472289913339,9,estimated,0,raw_instance,two_sided_Student_t_95_df_n_minus_1,unadjusted_exploratory
primary_selected_active_aux,targeted,cubic_spin_glass,selective,equal_layer_p2,positive_depth_only,independence_minus_cold,auxiliary_inconsistency_rate,10,-0.04683889695447392,0.06672965130502188,-0.09457441384853571,0.0008966199395878602,9,estimated,0,raw_instance,two_sided_Student_t_95_df_n_minus_1,unadjusted_exploratory
primary_selected_active_aux,targeted,cubic_spin_glass,selective,equal_layer_p2,positive_depth_only,independence_minus_cold,statevector_norm,10,3.108624468950438e-16,9.196924446902383e-16,-3.470458947831617e-16,9.687707885732492e-16,9,estimated,0,raw_instance,two_sided_Student_t_95_df_n_minus_1,unadjusted_exploratory
primary_selected_active_aux,targeted,cubic_spin_glass,selective,equal_layer_p2,positive_depth_only,original_only_minus_cold,original_objective_mean,10,0.14630941774825704,0.6546240312699727,-0.3219804038350743,0.6145992393315883,9,estimated,0,raw_instance,two_sided_Student_t_95_df_n_minus_1,unadjusted_exploratory
primary_selected_active_aux,targeted,cubic_spin_glass,selective,equal_layer_p2,positive_depth_only,original_only_minus_cold,encoded_energy_mean,10,-2.189196484888593,8.006944578109954,-7.917019584563918,3.5386266147867316,9,estimated,0,raw_instance,two_sided_Student_t_95_df_n_minus_1,unadjusted_exploratory
primary_selected_active_aux,targeted,cubic_spin_glass,selective,equal_layer_p2,positive_depth_only,original_only_minus_cold,optimum_hit_rate,10,-0.009919292507638159,0.014983703163142334,-0.02063798804240652,0.0007994030271302032,9,estimated,0,raw_instance,two_sided_Student_t_95_df_n_minus_1,unadjusted_exploratory
primary_selected_active_aux,targeted,cubic_spin_glass,selective,equal_layer_p2,positive_depth_only,original_only_minus_cold,auxiliary_inconsistency_rate,10,-0.02919912058082804,0.03296339603633794,-0.052779713579668416,-0.005618527581987661,9,estimated,0,raw_instance,two_sided_Student_t_95_df_n_minus_1,unadjusted_exploratory
primary_selected_active_aux,targeted,cubic_spin_glass,selective,equal_layer_p2,positive_depth_only,original_only_minus_cold,statevector_norm,10,4.773959005888173e-16,8.439804796376861e-16,-1.2635136402443536e-16,1.08114316520207e-15,9,estimated,0,raw_instance,two_sided_Student_t_95_df_n_minus_1,unadjusted_exploratory
primary_selected_active_aux,targeted,cubic_spin_glass,selective,equal_layer_p2,positive_depth_only,pair_minus_cold,original_objective_mean,10,0.06270507225520813,0.6246951602087532,-0.3841749247265742,0.5095850692369904,9,estimated,0,raw_instance,two_sided_Student_t_95_df_n_minus_1,unadjusted_exploratory
primary_selected_active_aux,targeted,cubic_spin_glass,selective,equal_layer_p2,positive_depth_only,pair_minus_cold,encoded_energy_mean,10,-2.677697060647907,6.422740632698117,-7.272248927506901,1.9168548062110875,9,estimated,0,raw_instance,two_sided_Student_t_95_df_n_minus_1,unadjusted_exploratory
primary_selected_active_aux,targeted,cubic_spin_glass,selective,equal_layer_p2,positive_depth_only,pair_minus_cold,optimum_hit_rate,10,-0.0017944179163359463,0.010053259517404657,-0.00898608653962668,0.005397250706954787,9,estimated,0,raw_instance,two_sided_Student_t_95_df_n_minus_1,unadjusted_exploratory
primary_selected_active_aux,targeted,cubic_spin_glass,selective,equal_layer_p2,positive_depth_only,pair_minus_cold,auxiliary_inconsistency_rate,10,-0.04010477923132383,0.0324865887916239,-0.06334428487484117,-0.016865273587806477,9,estimated,0,raw_instance,two_sided_Student_t_95_df_n_minus_1,unadjusted_exploratory
primary_selected_active_aux,targeted,cubic_spin_glass,selective,equal_layer_p2,positive_depth_only,pair_minus_cold,statevector_norm,10,-2.4424906541753446e-16,8.337767523300327e-16,-8.406970232346158e-16,3.5219889239954693e-16,9,estimated,0,raw_instance,two_sided_Student_t_95_df_n_minus_1,unadjusted_exploratory
primary_selected_active_aux,targeted,cubic_spin_glass,selective,equal_layer_p2,positive_depth_only,pair_minus_independence,original_objective_mean,10,0.015902439003584616,0.26035646864810336,-0.17034535885797095,0.2021502368651402,9,estimated,0,raw_instance,two_sided_Student_t_95_df_n_minus_1,unadjusted_exploratory
primary_selected_active_aux,targeted,cubic_spin_glass,selective,equal_layer_p2,positive_depth_only,pair_minus_independence,encoded_energy_mean,10,0.5476315288332616,4.254087487529048,-2.495559333974037,3.59082239164056,9,estimated,0,raw_instance,two_sided_Student_t_95_df_n_minus_1,unadjusted_exploratory
primary_selected_active_aux,targeted,cubic_spin_glass,selective,equal_layer_p2,positive_depth_only,pair_minus_independence,optimum_hit_rate,10,0.0038165288853575703,0.011593888962775398,-0.004477239651220877,0.012110297421936016,9,estimated,0,raw_instance,two_sided_Student_t_95_df_n_minus_1,unadjusted_exploratory
primary_selected_active_aux,targeted,cubic_spin_glass,selective,equal_layer_p2,positive_depth_only,pair_minus_independence,auxiliary_inconsistency_rate,10,0.0067341177231500906,0.04395109805213265,-0.024706603793436834,0.03817483923973702,9,estimated,0,raw_instance,two_sided_Student_t_95_df_n_minus_1,unadjusted_exploratory
primary_selected_active_aux,targeted,cubic_spin_glass,selective,equal_layer_p2,positive_depth_only,pair_minus_independence,statevector_norm,10,-5.551115123125783e-16,1.2105447928361195e-15,-1.4210830898547238e-15,3.1086006522956737e-16,9,estimated,0,raw_instance,two_sided_Student_t_95_df_n_minus_1,unadjusted_exploratory
primary_selected_active_aux,targeted,cubic_spin_glass,selective,equal_layer_p2,positive_depth_only,pair_minus_original_only,original_objective_mean,10,-0.08360434549304889,0.13772308576173417,-0.18212550600429556,0.014916815018197763,9,estimated,0,raw_instance,two_sided_Student_t_95_df_n_minus_1,unadjusted_exploratory
primary_selected_active_aux,targeted,cubic_spin_glass,selective,equal_layer_p2,positive_depth_only,pair_minus_original_only,encoded_energy_mean,10,-0.48850057575931344,2.1913573796540384,-2.0561032107446096,1.0791020592259826,9,estimated,0,raw_instance,two_sided_Student_t_95_df_n_minus_1,unadjusted_exploratory
primary_selected_active_aux,targeted,cubic_spin_glass,selective,equal_layer_p2,positive_depth_only,pair_minus_original_only,optimum_hit_rate,10,0.008124874591302211,0.00874764324686235,0.0018671875836915822,0.01438256159891284,9,estimated,0,raw_instance,two_sided_Student_t_95_df_n_minus_1,unadjusted_exploratory
primary_selected_active_aux,targeted,cubic_spin_glass,selective,equal_layer_p2,positive_depth_only,pair_minus_original_only,auxiliary_inconsistency_rate,10,-0.010905658650495786,0.02434831726623374,-0.028323395555660866,0.006512078254669295,9,estimated,0,raw_instance,two_sided_Student_t_95_df_n_minus_1,unadjusted_exploratory
primary_selected_active_aux,targeted,cubic_spin_glass,selective,equal_layer_p2,positive_depth_only,pair_minus_original_only,statevector_norm,10,-7.216449660063518e-16,9.947361494300653e-16,-1.433236340119816e-15,-1.00535918928875e-17,9,estimated,0,raw_instance,two_sided_Student_t_95_df_n_minus_1,unadjusted_exploratory
primary_selected_active_aux,targeted,max3sat,selective,equal_layer_p1,all_scheduled,independence_minus_cold,original_objective_mean,10,-6.946814229706999,3.467033462086685,-9.426980560042091,-4.466647899371907,9,estimated,0,raw_instance,two_sided_Student_t_95_df_n_minus_1,unadjusted_exploratory
primary_selected_active_aux,targeted,max3sat,selective,equal_layer_p1,all_scheduled,independence_minus_cold,encoded_energy_mean,10,-18.1792376893538,11.518363389161237,-26.41897848526996,-9.93949689343764,9,estimated,0,raw_instance,two_sided_Student_t_95_df_n_minus_1,unadjusted_exploratory
primary_selected_active_aux,targeted,max3sat,selective,equal_layer_p1,all_scheduled,independence_minus_cold,optimum_hit_rate,10,0.5787608375428878,0.3019925182381616,0.36272840406974693,0.7947932710160286,9,estimated,0,raw_instance,two_sided_Student_t_95_df_n_minus_1,unadjusted_exploratory
primary_selected_active_aux,targeted,max3sat,selective,equal_layer_p1,all_scheduled,independence_minus_cold,auxiliary_inconsistency_rate,10,-0.4331247336277347,0.26958726597304894,-0.6259758461033056,-0.24027362115216375,9,estimated,0,raw_instance,two_sided_Student_t_95_df_n_minus_1,unadjusted_exploratory
primary_selected_active_aux,targeted,max3sat,selective,equal_layer_p1,all_scheduled,independence_minus_cold,statevector_norm,10,-6.883382752675971e-16,5.752245858222411e-16,-1.0998291552196525e-15,-2.7684739531554163e-16,9,estimated,0,raw_instance,two_sided_Student_t_95_df_n_minus_1,unadjusted_exploratory
primary_selected_active_aux,targeted,max3sat,selective,equal_layer_p1,all_scheduled,original_only_minus_cold,original_objective_mean,10,-6.816476472255694,3.297020135326446,-9.175022595185801,-4.4579303493255855,9,estimated,0,raw_instance,two_sided_Student_t_95_df_n_minus_1,unadjusted_exploratory
primary_selected_active_aux,targeted,max3sat,selective,equal_layer_p1,all_scheduled,original_only_minus_cold,encoded_energy_mean,10,-8.903979365314719,5.104410140308499,-12.555454410091093,-5.252504320538344,9,estimated,0,raw_instance,two_sided_Student_t_95_df_n_minus_1,unadjusted_exploratory
primary_selected_active_aux,targeted,max3sat,selective,equal_layer_p1,all_scheduled,original_only_minus_cold,optimum_hit_rate,10,0.5556374626075304,0.28810850127546916,0.34953705655126555,0.7617378686637953,9,estimated,0,raw_instance,two_sided_Student_t_95_df_n_minus_1,unadjusted_exploratory
primary_selected_active_aux,targeted,max3sat,selective,equal_layer_p1,all_scheduled,original_only_minus_cold,auxiliary_inconsistency_rate,10,-0.00951650239162959,0.07536245884816319,-0.06342755777959315,0.044394552996333964,9,estimated,0,raw_instance,two_sided_Student_t_95_df_n_minus_1,unadjusted_exploratory
primary_selected_active_aux,targeted,max3sat,selective,equal_layer_p1,all_scheduled,original_only_minus_cold,statevector_norm,10,-3.6637359812630164e-16,5.182362307120562e-16,-7.370974646903778e-16,4.3502684377744375e-18,9,estimated,0,raw_instance,two_sided_Student_t_95_df_n_minus_1,unadjusted_exploratory
primary_selected_active_aux,targeted,max3sat,selective,equal_layer_p1,all_scheduled,pair_minus_cold,original_objective_mean,10,-6.929529904209232,3.4572614246757554,-9.402705740097012,-4.456354068321452,9,estimated,0,raw_instance,two_sided_Student_t_95_df_n_minus_1,unadjusted_exploratory
primary_selected_active_aux,targeted,max3sat,selective,equal_layer_p1,all_scheduled,pair_minus_cold,encoded_energy_mean,10,-18.08036189219414,11.310757815748772,-26.171590607451694,-9.989133176936587,9,estimated,0,raw_instance,two_sided_Student_t_95_df_n_minus_1,unadjusted_exploratory
primary_selected_active_aux,targeted,max3sat,selective,equal_layer_p1,all_scheduled,pair_minus_cold,optimum_hit_rate,10,0.5776666623084952,0.2979962609665962,0.36449297907260414,0.7908403455443862,9,estimated,0,raw_instance,two_sided_Student_t_95_df_n_minus_1,unadjusted_exploratory
primary_selected_active_aux,targeted,max3sat,selective,equal_layer_p1,all_scheduled,pair_minus_cold,auxiliary_inconsistency_rate,10,-0.4416340277366939,0.2481176245862184,-0.619126683977482,-0.26414137149590583,9,estimated,0,raw_instance,two_sided_Student_t_95_df_n_minus_1,unadjusted_exploratory
primary_selected_active_aux,targeted,max3sat,selective,equal_layer_p1,all_scheduled,pair_minus_cold,statevector_norm,10,-6.439293542825908e-16,8.087627385369306e-16,-1.222483364586731e-15,-6.537534397845051e-17,9,estimated,0,raw_instance,two_sided_Student_t_95_df_n_minus_1,unadjusted_exploratory
primary_selected_active_aux,targeted,max3sat,selective,equal_layer_p1,all_scheduled,pair_minus_independence,original_objective_mean,10,0.017284325497766262,0.07904439553991453,-0.0392606287299884,0.07382927972552092,9,estimated,0,raw_instance,two_sided_Student_t_95_df_n_minus_1,unadjusted_exploratory
primary_selected_active_aux,targeted,max3sat,selective,equal_layer_p1,all_scheduled,pair_minus_independence,encoded_energy_mean,10,0.09887579715965988,1.1286063388835965,-0.7084805414829891,0.9062321358023089,9,estimated,0,raw_instance,two_sided_Student_t_95_df_n_minus_1,unadjusted_exploratory
primary_selected_active_aux,targeted,max3sat,selective,equal_layer_p1,all_scheduled,pair_minus_independence,optimum_hit_rate,10,-0.0010941752343925498,0.018441654802383012,-0.01428654035480431,0.01209818988601921,9,estimated,0,raw_instance,two_sided_Student_t_95_df_n_minus_1,unadjusted_exploratory
primary_selected_active_aux,targeted,max3sat,selective,equal_layer_p1,all_scheduled,pair_minus_independence,auxiliary_inconsistency_rate,10,-0.008509294108959188,0.05551198892648164,-0.0482201787516849,0.03120159053376652,9,estimated,0,raw_instance,two_sided_Student_t_95_df_n_minus_1,unadjusted_exploratory
primary_selected_active_aux,targeted,max3sat,selective,equal_layer_p1,all_scheduled,pair_minus_independence,statevector_norm,10,4.4408920985006264e-17,3.59562980915103e-16,-2.1280694054401096e-16,3.0162478251402347e-16,9,estimated,0,raw_instance,two_sided_Student_t_95_df_n_minus_1,unadjusted_exploratory
primary_selected_active_aux,targeted,max3sat,selective,equal_layer_p1,all_scheduled,pair_minus_original_only,original_objective_mean,10,-0.11305343195353838,0.3086499996482587,-0.33384834072976344,0.10774147682268666,9,estimated,0,raw_instance,two_sided_Student_t_95_df_n_minus_1,unadjusted_exploratory
primary_selected_active_aux,targeted,max3sat,selective,equal_layer_p1,all_scheduled,pair_minus_original_only,encoded_energy_mean,10,-9.176382526879422,6.499541271775988,-13.825874261285731,-4.526890792473113,9,estimated,0,raw_instance,two_sided_Student_t_95_df_n_minus_1,unadjusted_exploratory
primary_selected_active_aux,targeted,max3sat,selective,equal_layer_p1,all_scheduled,pair_minus_original_only,optimum_hit_rate,10,0.02202919970096475,0.03023433692965669,0.00040085798089093544,0.043657541421038566,9,estimated,0,raw_instance,two_sided_Student_t_95_df_n_minus_1,unadjusted_exploratory
primary_selected_active_aux,targeted,max3sat,selective,equal_layer_p1,all_scheduled,pair_minus_original_only,auxiliary_inconsistency_rate,10,-0.4321175253450643,0.2526624199471131,-0.6128613323334919,-0.25137371835663674,9,estimated,0,raw_instance,two_sided_Student_t_95_df_n_minus_1,unadjusted_exploratory
primary_selected_active_aux,targeted,max3sat,selective,equal_layer_p1,all_scheduled,pair_minus_original_only,statevector_norm,10,-2.7755575615628914e-16,4.386590939053802e-16,-5.913535683483372e-16,3.6242056035758885e-17,9,estimated,0,raw_instance,two_sided_Student_t_95_df_n_minus_1,unadjusted_exploratory
primary_selected_active_aux,targeted,max3sat,selective,equal_layer_p1,positive_depth_only,independence_minus_cold,original_objective_mean,10,-6.946814229706999,3.467033462086685,-9.426980560042091,-4.466647899371907,9,estimated,0,raw_instance,two_sided_Student_t_95_df_n_minus_1,unadjusted_exploratory
primary_selected_active_aux,targeted,max3sat,selective,equal_layer_p1,positive_depth_only,independence_minus_cold,encoded_energy_mean,10,-18.1792376893538,11.518363389161237,-26.41897848526996,-9.93949689343764,9,estimated,0,raw_instance,two_sided_Student_t_95_df_n_minus_1,unadjusted_exploratory
primary_selected_active_aux,targeted,max3sat,selective,equal_layer_p1,positive_depth_only,independence_minus_cold,optimum_hit_rate,10,0.5787608375428878,0.3019925182381616,0.36272840406974693,0.7947932710160286,9,estimated,0,raw_instance,two_sided_Student_t_95_df_n_minus_1,unadjusted_exploratory
primary_selected_active_aux,targeted,max3sat,selective,equal_layer_p1,positive_depth_only,independence_minus_cold,auxiliary_inconsistency_rate,10,-0.4331247336277347,0.26958726597304894,-0.6259758461033056,-0.24027362115216375,9,estimated,0,raw_instance,two_sided_Student_t_95_df_n_minus_1,unadjusted_exploratory
primary_selected_active_aux,targeted,max3sat,selective,equal_layer_p1,positive_depth_only,independence_minus_cold,statevector_norm,10,-6.883382752675971e-16,5.752245858222411e-16,-1.0998291552196525e-15,-2.7684739531554163e-16,9,estimated,0,raw_instance,two_sided_Student_t_95_df_n_minus_1,unadjusted_exploratory
primary_selected_active_aux,targeted,max3sat,selective,equal_layer_p1,positive_depth_only,original_only_minus_cold,original_objective_mean,10,-6.816476472255694,3.297020135326446,-9.175022595185801,-4.4579303493255855,9,estimated,0,raw_instance,two_sided_Student_t_95_df_n_minus_1,unadjusted_exploratory
primary_selected_active_aux,targeted,max3sat,selective,equal_layer_p1,positive_depth_only,original_only_minus_cold,encoded_energy_mean,10,-8.903979365314719,5.104410140308499,-12.555454410091093,-5.252504320538344,9,estimated,0,raw_instance,two_sided_Student_t_95_df_n_minus_1,unadjusted_exploratory
primary_selected_active_aux,targeted,max3sat,selective,equal_layer_p1,positive_depth_only,original_only_minus_cold,optimum_hit_rate,10,0.5556374626075304,0.28810850127546916,0.34953705655126555,0.7617378686637953,9,estimated,0,raw_instance,two_sided_Student_t_95_df_n_minus_1,unadjusted_exploratory
primary_selected_active_aux,targeted,max3sat,selective,equal_layer_p1,positive_depth_only,original_only_minus_cold,auxiliary_inconsistency_rate,10,-0.00951650239162959,0.07536245884816319,-0.06342755777959315,0.044394552996333964,9,estimated,0,raw_instance,two_sided_Student_t_95_df_n_minus_1,unadjusted_exploratory
primary_selected_active_aux,targeted,max3sat,selective,equal_layer_p1,positive_depth_only,original_only_minus_cold,statevector_norm,10,-3.6637359812630164e-16,5.182362307120562e-16,-7.370974646903778e-16,4.3502684377744375e-18,9,estimated,0,raw_instance,two_sided_Student_t_95_df_n_minus_1,unadjusted_exploratory
primary_selected_active_aux,targeted,max3sat,selective,equal_layer_p1,positive_depth_only,pair_minus_cold,original_objective_mean,10,-6.929529904209232,3.4572614246757554,-9.402705740097012,-4.456354068321452,9,estimated,0,raw_instance,two_sided_Student_t_95_df_n_minus_1,unadjusted_exploratory
primary_selected_active_aux,targeted,max3sat,selective,equal_layer_p1,positive_depth_only,pair_minus_cold,encoded_energy_mean,10,-18.08036189219414,11.310757815748772,-26.171590607451694,-9.989133176936587,9,estimated,0,raw_instance,two_sided_Student_t_95_df_n_minus_1,unadjusted_exploratory
primary_selected_active_aux,targeted,max3sat,selective,equal_layer_p1,positive_depth_only,pair_minus_cold,optimum_hit_rate,10,0.5776666623084952,0.2979962609665962,0.36449297907260414,0.7908403455443862,9,estimated,0,raw_instance,two_sided_Student_t_95_df_n_minus_1,unadjusted_exploratory
primary_selected_active_aux,targeted,max3sat,selective,equal_layer_p1,positive_depth_only,pair_minus_cold,auxiliary_inconsistency_rate,10,-0.4416340277366939,0.2481176245862184,-0.619126683977482,-0.26414137149590583,9,estimated,0,raw_instance,two_sided_Student_t_95_df_n_minus_1,unadjusted_exploratory
primary_selected_active_aux,targeted,max3sat,selective,equal_layer_p1,positive_depth_only,pair_minus_cold,statevector_norm,10,-6.439293542825908e-16,8.087627385369306e-16,-1.222483364586731e-15,-6.537534397845051e-17,9,estimated,0,raw_instance,two_sided_Student_t_95_df_n_minus_1,unadjusted_exploratory
primary_selected_active_aux,targeted,max3sat,selective,equal_layer_p1,positive_depth_only,pair_minus_independence,original_objective_mean,10,0.017284325497766262,0.07904439553991453,-0.0392606287299884,0.07382927972552092,9,estimated,0,raw_instance,two_sided_Student_t_95_df_n_minus_1,unadjusted_exploratory
primary_selected_active_aux,targeted,max3sat,selective,equal_layer_p1,positive_depth_only,pair_minus_independence,encoded_energy_mean,10,0.09887579715965988,1.1286063388835965,-0.7084805414829891,0.9062321358023089,9,estimated,0,raw_instance,two_sided_Student_t_95_df_n_minus_1,unadjusted_exploratory
primary_selected_active_aux,targeted,max3sat,selective,equal_layer_p1,positive_depth_only,pair_minus_independence,optimum_hit_rate,10,-0.0010941752343925498,0.018441654802383012,-0.01428654035480431,0.01209818988601921,9,estimated,0,raw_instance,two_sided_Student_t_95_df_n_minus_1,unadjusted_exploratory
primary_selected_active_aux,targeted,max3sat,selective,equal_layer_p1,positive_depth_only,pair_minus_independence,auxiliary_inconsistency_rate,10,-0.008509294108959188,0.05551198892648164,-0.0482201787516849,0.03120159053376652,9,estimated,0,raw_instance,two_sided_Student_t_95_df_n_minus_1,unadjusted_exploratory
primary_selected_active_aux,targeted,max3sat,selective,equal_layer_p1,positive_depth_only,pair_minus_independence,statevector_norm,10,4.4408920985006264e-17,3.59562980915103e-16,-2.1280694054401096e-16,3.0162478251402347e-16,9,estimated,0,raw_instance,two_sided_Student_t_95_df_n_minus_1,unadjusted_exploratory
primary_selected_active_aux,targeted,max3sat,selective,equal_layer_p1,positive_depth_only,pair_minus_original_only,original_objective_mean,10,-0.11305343195353838,0.3086499996482587,-0.33384834072976344,0.10774147682268666,9,estimated,0,raw_instance,two_sided_Student_t_95_df_n_minus_1,unadjusted_exploratory
primary_selected_active_aux,targeted,max3sat,selective,equal_layer_p1,positive_depth_only,pair_minus_original_only,encoded_energy_mean,10,-9.176382526879422,6.499541271775988,-13.825874261285731,-4.526890792473113,9,estimated,0,raw_instance,two_sided_Student_t_95_df_n_minus_1,unadjusted_exploratory
primary_selected_active_aux,targeted,max3sat,selective,equal_layer_p1,positive_depth_only,pair_minus_original_only,optimum_hit_rate,10,0.02202919970096475,0.03023433692965669,0.00040085798089093544,0.043657541421038566,9,estimated,0,raw_instance,two_sided_Student_t_95_df_n_minus_1,unadjusted_exploratory
primary_selected_active_aux,targeted,max3sat,selective,equal_layer_p1,positive_depth_only,pair_minus_original_only,auxiliary_inconsistency_rate,10,-0.4321175253450643,0.2526624199471131,-0.6128613323334919,-0.25137371835663674,9,estimated,0,raw_instance,two_sided_Student_t_95_df_n_minus_1,unadjusted_exploratory
primary_selected_active_aux,targeted,max3sat,selective,equal_layer_p1,positive_depth_only,pair_minus_original_only,statevector_norm,10,-2.7755575615628914e-16,4.386590939053802e-16,-5.913535683483372e-16,3.6242056035758885e-17,9,estimated,0,raw_instance,two_sided_Student_t_95_df_n_minus_1,unadjusted_exploratory
primary_selected_active_aux,targeted,max3sat,selective,equal_layer_p2,all_scheduled,independence_minus_cold,original_objective_mean,10,-6.586534290578385,3.6358373185858315,-9.187455625414623,-3.985612955742147,9,estimated,0,raw_instance,two_sided_Student_t_95_df_n_minus_1,unadjusted_exploratory
primary_selected_active_aux,targeted,max3sat,selective,equal_layer_p2,all_scheduled,independence_minus_cold,encoded_energy_mean,10,-16.796817043394704,11.077521655083215,-24.72119866039807,-8.872435426391338,9,estimated,0,raw_instance,two_sided_Student_t_95_df_n_minus_1,unadjusted_exploratory
primary_selected_active_aux,targeted,max3sat,selective,equal_layer_p2,all_scheduled,independence_minus_cold,optimum_hit_rate,10,0.5827209604316295,0.30775911451690746,0.3625633524865431,0.8028785683767159,9,estimated,0,raw_instance,two_sided_Student_t_95_df_n_minus_1,unadjusted_exploratory
primary_selected_active_aux,targeted,max3sat,selective,equal_layer_p2,all_scheduled,independence_minus_cold,auxiliary_inconsistency_rate,10,-0.4243967647701215,0.27398807816347376,-0.6203960286379927,-0.22839750090225028,9,estimated,0,raw_instance,two_sided_Student_t_95_df_n_minus_1,unadjusted_exploratory
primary_selected_active_aux,targeted,max3sat,selective,equal_layer_p2,all_scheduled,independence_minus_cold,statevector_norm,10,-3.219646771412954e-16,7.203628004108047e-16,-8.372811812195321e-16,1.9335182693694125e-16,9,estimated,0,raw_instance,two_sided_Student_t_95_df_n_minus_1,unadjusted_exploratory
primary_selected_active_aux,targeted,max3sat,selective,equal_layer_p2,all_scheduled,original_only_minus_cold,original_objective_mean,10,-6.197426509029452,3.622582212904462,-8.78886571247715,-3.605987305581752,9,estimated,0,raw_instance,two_sided_Student_t_95_df_n_minus_1,unadjusted_exploratory
primary_selected_active_aux,targeted,max3sat,selective,equal_layer_p2,all_scheduled,original_only_minus_cold,encoded_energy_mean,10,-8.050971437333082,5.634989327434996,-12.081999967784697,-4.019942906881467,9,estimated,0,raw_instance,two_sided_Student_t_95_df_n_minus_1,unadjusted_exploratory
primary_selected_active_aux,targeted,max3sat,selective,equal_layer_p2,all_scheduled,original_only_minus_cold,optimum_hit_rate,10,0.5472977303126207,0.29158723458496133,0.33870878835938045,0.755886672265861,9,estimated,0,raw_instance,two_sided_Student_t_95_df_n_minus_1,unadjusted_exploratory
primary_selected_active_aux,targeted,max3sat,selective,equal_layer_p2,all_scheduled,original_only_minus_cold,auxiliary_inconsistency_rate,10,-0.042310297813797984,0.09256581790849934,-0.10852789491146601,0.023907299283870045,9,estimated,0,raw_instance,two_sided_Student_t_95_df_n_minus_1,unadjusted_exploratory
primary_selected_active_aux,targeted,max3sat,selective,equal_layer_p2,all_scheduled,original_only_minus_cold,statevector_norm,10,1.7763568394002506e-16,9.128167018299422e-16,-4.753540475993892e-16,8.306254154794392e-16,9,estimated,0,raw_instance,two_sided_Student_t_95_df_n_minus_1,unadjusted_exploratory
primary_selected_active_aux,targeted,max3sat,selective,equal_layer_p2,all_scheduled,pair_minus_cold,original_objective_mean,10,-6.579524364958317,3.4725937299258285,-9.063668271291188,-4.0953804586254465,9,estimated,0,raw_instance,two_sided_Student_t_95_df_n_minus_1,unadjusted_exploratory
primary_selected_active_aux,targeted,max3sat,selective,equal_layer_p2,all_scheduled,pair_minus_cold,encoded_energy_mean,10,-16.598848783893224,10.598121376731944,-24.180288101053748,-9.0174094667327,9,estimated,0,raw_instance,two_sided_Student_t_95_df_n_minus_1,unadjusted_exploratory
primary_selected_active_aux,targeted,max3sat,selective,equal_layer_p2,all_scheduled,pair_minus_cold,optimum_hit_rate,10,0.5677513133568466,0.2994734432795573,0.3535209175520011,0.7819817091616921,9,estimated,0,raw_instance,two_sided_Student_t_95_df_n_minus_1,unadjusted_exploratory
primary_selected_active_aux,targeted,max3sat,selective,equal_layer_p2,all_scheduled,pair_minus_cold,auxiliary_inconsistency_rate,10,-0.4153984179204902,0.2624800257570126,-0.6031653170251271,-0.2276315188158533,9,estimated,0,raw_instance,two_sided_Student_t_95_df_n_minus_1,unadjusted_exploratory
primary_selected_active_aux,targeted,max3sat,selective,equal_layer_p2,all_scheduled,pair_minus_cold,statevector_norm,10,-3.774758283725532e-16,6.085444678866281e-16,-8.12802316065496e-16,5.78506593203896e-17,9,estimated,0,raw_instance,two_sided_Student_t_95_df_n_minus_1,unadjusted_exploratory
primary_selected_active_aux,targeted,max3sat,selective,equal_layer_p2,all_scheduled,pair_minus_independence,original_objective_mean,10,0.007009925620067747,0.44542305252655123,-0.31162653108333477,0.32564638232347026,9,estimated,0,raw_instance,two_sided_Student_t_95_df_n_minus_1,unadjusted_exploratory
primary_selected_active_aux,targeted,max3sat,selective,equal_layer_p2,all_scheduled,pair_minus_independence,encoded_energy_mean,10,0.19796825950147903,0.8952421112544803,-0.4424493673001716,0.8383858863031296,9,estimated,0,raw_instance,two_sided_Student_t_95_df_n_minus_1,unadjusted_exploratory
primary_selected_active_aux,targeted,max3sat,selective,equal_layer_p2,all_scheduled,pair_minus_independence,optimum_hit_rate,10,-0.014969647074782877,0.049935250698276284,-0.050691173513171275,0.02075187936360552,9,estimated,0,raw_instance,two_sided_Student_t_95_df_n_minus_1,unadjusted_exploratory
primary_selected_active_aux,targeted,max3sat,selective,equal_layer_p2,all_scheduled,pair_minus_independence,auxiliary_inconsistency_rate,10,0.008998346849631245,0.042285764025244976,-0.02125106647007364,0.03924776016933613,9,estimated,0,raw_instance,two_sided_Student_t_95_df_n_minus_1,unadjusted_exploratory
primary_selected_active_aux,targeted,max3sat,selective,equal_layer_p2,all_scheduled,pair_minus_independence,statevector_norm,10,-5.551115123125783e-17,6.542051911182396e-16,-5.235013526195491e-16,4.1247905015703344e-16,9,estimated,0,raw_instance,two_sided_Student_t_95_df_n_minus_1,unadjusted_exploratory
primary_selected_active_aux,targeted,max3sat,selective,equal_layer_p2,all_scheduled,pair_minus_original_only,original_objective_mean,10,-0.38209785592886536,0.560857236137592,-0.7833109530635116,0.019115241205780897,9,estimated,0,raw_instance,two_sided_Student_t_95_df_n_minus_1,unadjusted_exploratory
primary_selected_active_aux,targeted,max3sat,selective,equal_layer_p2,all_scheduled,pair_minus_original_only,encoded_energy_mean,10,-8.547877346560144,7.359922507986774,-13.812848740057415,-3.2829059530628717,9,estimated,0,raw_instance,two_sided_Student_t_95_df_n_minus_1,unadjusted_exploratory
primary_selected_active_aux,targeted,max3sat,selective,equal_layer_p2,all_scheduled,pair_minus_original_only,optimum_hit_rate,10,0.02045358304422583,0.04027891854721818,-0.008360219503556584,0.049267385592008245,9,estimated,0,raw_instance,two_sided_Student_t_95_df_n_minus_1,unadjusted_exploratory
primary_selected_active_aux,targeted,max3sat,selective,equal_layer_p2,all_scheduled,pair_minus_original_only,auxiliary_inconsistency_rate,10,-0.37308812010669223,0.23717426487623147,-0.5427523684044201,-0.2034238718089644,9,estimated,0,raw_instance,two_sided_Student_t_95_df_n_minus_1,unadjusted_exploratory
primary_selected_active_aux,targeted,max3sat,selective,equal_layer_p2,all_scheduled,pair_minus_original_only,statevector_norm,10,-5.551115123125783e-16,6.640746635894705e-16,-1.0301619089914518e-15,-8.006111563370474e-17,9,estimated,0,raw_instance,two_sided_Student_t_95_df_n_minus_1,unadjusted_exploratory
primary_selected_active_aux,targeted,max3sat,selective,equal_layer_p2,positive_depth_only,independence_minus_cold,original_objective_mean,10,-6.586534290578385,3.6358373185858315,-9.187455625414623,-3.985612955742147,9,estimated,0,raw_instance,two_sided_Student_t_95_df_n_minus_1,unadjusted_exploratory
primary_selected_active_aux,targeted,max3sat,selective,equal_layer_p2,positive_depth_only,independence_minus_cold,encoded_energy_mean,10,-16.796817043394704,11.077521655083215,-24.72119866039807,-8.872435426391338,9,estimated,0,raw_instance,two_sided_Student_t_95_df_n_minus_1,unadjusted_exploratory
primary_selected_active_aux,targeted,max3sat,selective,equal_layer_p2,positive_depth_only,independence_minus_cold,optimum_hit_rate,10,0.5827209604316295,0.30775911451690746,0.3625633524865431,0.8028785683767159,9,estimated,0,raw_instance,two_sided_Student_t_95_df_n_minus_1,unadjusted_exploratory
primary_selected_active_aux,targeted,max3sat,selective,equal_layer_p2,positive_depth_only,independence_minus_cold,auxiliary_inconsistency_rate,10,-0.4243967647701215,0.27398807816347376,-0.6203960286379927,-0.22839750090225028,9,estimated,0,raw_instance,two_sided_Student_t_95_df_n_minus_1,unadjusted_exploratory
primary_selected_active_aux,targeted,max3sat,selective,equal_layer_p2,positive_depth_only,independence_minus_cold,statevector_norm,10,-3.219646771412954e-16,7.203628004108047e-16,-8.372811812195321e-16,1.9335182693694125e-16,9,estimated,0,raw_instance,two_sided_Student_t_95_df_n_minus_1,unadjusted_exploratory
primary_selected_active_aux,targeted,max3sat,selective,equal_layer_p2,positive_depth_only,original_only_minus_cold,original_objective_mean,10,-6.197426509029452,3.622582212904462,-8.78886571247715,-3.605987305581752,9,estimated,0,raw_instance,two_sided_Student_t_95_df_n_minus_1,unadjusted_exploratory
primary_selected_active_aux,targeted,max3sat,selective,equal_layer_p2,positive_depth_only,original_only_minus_cold,encoded_energy_mean,10,-8.050971437333082,5.634989327434996,-12.081999967784697,-4.019942906881467,9,estimated,0,raw_instance,two_sided_Student_t_95_df_n_minus_1,unadjusted_exploratory
primary_selected_active_aux,targeted,max3sat,selective,equal_layer_p2,positive_depth_only,original_only_minus_cold,optimum_hit_rate,10,0.5472977303126207,0.29158723458496133,0.33870878835938045,0.755886672265861,9,estimated,0,raw_instance,two_sided_Student_t_95_df_n_minus_1,unadjusted_exploratory
primary_selected_active_aux,targeted,max3sat,selective,equal_layer_p2,positive_depth_only,original_only_minus_cold,auxiliary_inconsistency_rate,10,-0.042310297813797984,0.09256581790849934,-0.10852789491146601,0.023907299283870045,9,estimated,0,raw_instance,two_sided_Student_t_95_df_n_minus_1,unadjusted_exploratory
primary_selected_active_aux,targeted,max3sat,selective,equal_layer_p2,positive_depth_only,original_only_minus_cold,statevector_norm,10,1.7763568394002506e-16,9.128167018299422e-16,-4.753540475993892e-16,8.306254154794392e-16,9,estimated,0,raw_instance,two_sided_Student_t_95_df_n_minus_1,unadjusted_exploratory
primary_selected_active_aux,targeted,max3sat,selective,equal_layer_p2,positive_depth_only,pair_minus_cold,original_objective_mean,10,-6.579524364958317,3.4725937299258285,-9.063668271291188,-4.0953804586254465,9,estimated,0,raw_instance,two_sided_Student_t_95_df_n_minus_1,unadjusted_exploratory
primary_selected_active_aux,targeted,max3sat,selective,equal_layer_p2,positive_depth_only,pair_minus_cold,encoded_energy_mean,10,-16.598848783893224,10.598121376731944,-24.180288101053748,-9.0174094667327,9,estimated,0,raw_instance,two_sided_Student_t_95_df_n_minus_1,unadjusted_exploratory
primary_selected_active_aux,targeted,max3sat,selective,equal_layer_p2,positive_depth_only,pair_minus_cold,optimum_hit_rate,10,0.5677513133568466,0.2994734432795573,0.3535209175520011,0.7819817091616921,9,estimated,0,raw_instance,two_sided_Student_t_95_df_n_minus_1,unadjusted_exploratory
primary_selected_active_aux,targeted,max3sat,selective,equal_layer_p2,positive_depth_only,pair_minus_cold,auxiliary_inconsistency_rate,10,-0.4153984179204902,0.2624800257570126,-0.6031653170251271,-0.2276315188158533,9,estimated,0,raw_instance,two_sided_Student_t_95_df_n_minus_1,unadjusted_exploratory
primary_selected_active_aux,targeted,max3sat,selective,equal_layer_p2,positive_depth_only,pair_minus_cold,statevector_norm,10,-3.774758283725532e-16,6.085444678866281e-16,-8.12802316065496e-16,5.78506593203896e-17,9,estimated,0,raw_instance,two_sided_Student_t_95_df_n_minus_1,unadjusted_exploratory
primary_selected_active_aux,targeted,max3sat,selective,equal_layer_p2,positive_depth_only,pair_minus_independence,original_objective_mean,10,0.007009925620067747,0.44542305252655123,-0.31162653108333477,0.32564638232347026,9,estimated,0,raw_instance,two_sided_Student_t_95_df_n_minus_1,unadjusted_exploratory
primary_selected_active_aux,targeted,max3sat,selective,equal_layer_p2,positive_depth_only,pair_minus_independence,encoded_energy_mean,10,0.19796825950147903,0.8952421112544803,-0.4424493673001716,0.8383858863031296,9,estimated,0,raw_instance,two_sided_Student_t_95_df_n_minus_1,unadjusted_exploratory
primary_selected_active_aux,targeted,max3sat,selective,equal_layer_p2,positive_depth_only,pair_minus_independence,optimum_hit_rate,10,-0.014969647074782877,0.049935250698276284,-0.050691173513171275,0.02075187936360552,9,estimated,0,raw_instance,two_sided_Student_t_95_df_n_minus_1,unadjusted_exploratory
primary_selected_active_aux,targeted,max3sat,selective,equal_layer_p2,positive_depth_only,pair_minus_independence,auxiliary_inconsistency_rate,10,0.008998346849631245,0.042285764025244976,-0.02125106647007364,0.03924776016933613,9,estimated,0,raw_instance,two_sided_Student_t_95_df_n_minus_1,unadjusted_exploratory
primary_selected_active_aux,targeted,max3sat,selective,equal_layer_p2,positive_depth_only,pair_minus_independence,statevector_norm,10,-5.551115123125783e-17,6.542051911182396e-16,-5.235013526195491e-16,4.1247905015703344e-16,9,estimated,0,raw_instance,two_sided_Student_t_95_df_n_minus_1,unadjusted_exploratory
primary_selected_active_aux,targeted,max3sat,selective,equal_layer_p2,positive_depth_only,pair_minus_original_only,original_objective_mean,10,-0.38209785592886536,0.560857236137592,-0.7833109530635116,0.019115241205780897,9,estimated,0,raw_instance,two_sided_Student_t_95_df_n_minus_1,unadjusted_exploratory
primary_selected_active_aux,targeted,max3sat,selective,equal_layer_p2,positive_depth_only,pair_minus_original_only,encoded_energy_mean,10,-8.547877346560144,7.359922507986774,-13.812848740057415,-3.2829059530628717,9,estimated,0,raw_instance,two_sided_Student_t_95_df_n_minus_1,unadjusted_exploratory
primary_selected_active_aux,targeted,max3sat,selective,equal_layer_p2,positive_depth_only,pair_minus_original_only,optimum_hit_rate,10,0.02045358304422583,0.04027891854721818,-0.008360219503556584,0.049267385592008245,9,estimated,0,raw_instance,two_sided_Student_t_95_df_n_minus_1,unadjusted_exploratory
primary_selected_active_aux,targeted,max3sat,selective,equal_layer_p2,positive_depth_only,pair_minus_original_only,auxiliary_inconsistency_rate,10,-0.37308812010669223,0.23717426487623147,-0.5427523684044201,-0.2034238718089644,9,estimated,0,raw_instance,two_sided_Student_t_95_df_n_minus_1,unadjusted_exploratory
primary_selected_active_aux,targeted,max3sat,selective,equal_layer_p2,positive_depth_only,pair_minus_original_only,statevector_norm,10,-5.551115123125783e-16,6.640746635894705e-16,-1.0301619089914518e-15,-8.006111563370474e-17,9,estimated,0,raw_instance,two_sided_Student_t_95_df_n_minus_1,unadjusted_exploratory
