instance_id,family,split,representation,random_rep_seed,design_id,n_original,n_aux,n_qubits,retained_cubic,quadratic_couplings,M_max,coefficient_dynamic_range,topology_id,topology_capacity,transpiler_seed,two_qubit_gates,two_qubit_depth,swap_count,swap_count_method,routing_overhead,compile_runtime_sec,status,failure_kind,failure_message,compiler_protocol_id,qiskit_version,config_hash,manifest_hash,code_commit,common_feasible_cohort_id
inst_04a1b89230c5a6026d670ebcad2bd30c736104ed6ac28632205ec9169547e9f9,max3sat,train,all_native,,design_574fee1a0aba0d9a42e3,8,0,8,8,15,0.0,135.0,device_sparse_v1,12,2026082721,99,82,13,routing_pass_callback,33,0.0077329999912763014,pass,,,compiler_d2b3b8844e9b97c1d3d3fd40,2.4.2,c1fe6ddb0aa5e0bd75dbc46707e2824bbe199bac82b2d766160294ce56353d99,9626c07cf4ccf3251a3585a4b367551c7a78f57218970c0d71f73f221adea5d3,351ff6c8d50284fe82f06169bd7020280735c337,sparse_common_feasible_9f8fccc5aaf5b9bb
inst_04a1b89230c5a6026d670ebcad2bd30c736104ed6ac28632205ec9169547e9f9,max3sat,train,all_native,,design_574fee1a0aba0d9a42e3,8,0,8,8,15,0.0,135.0,device_sparse_v1,12,2026082722,98,82,12,routing_pass_callback,32,0.007719699991866946,pass,,,compiler_d2b3b8844e9b97c1d3d3fd40,2.4.2,c1fe6ddb0aa5e0bd75dbc46707e2824bbe199bac82b2d766160294ce56353d99,9626c07cf4ccf3251a3585a4b367551c7a78f57218970c0d71f73f221adea5d3,351ff6c8d50284fe82f06169bd7020280735c337,sparse_common_feasible_9f8fccc5aaf5b9bb
inst_04a1b89230c5a6026d670ebcad2bd30c736104ed6ac28632205ec9169547e9f9,max3sat,train,all_native,,design_574fee1a0aba0d9a42e3,8,0,8,8,15,0.0,135.0,device_sparse_v1,12,2026082723,104,90,14,routing_pass_callback,38,0.007164199996623211,pass,,,compiler_d2b3b8844e9b97c1d3d3fd40,2.4.2,c1fe6ddb0aa5e0bd75dbc46707e2824bbe199bac82b2d766160294ce56353d99,9626c07cf4ccf3251a3585a4b367551c7a78f57218970c0d71f73f221adea5d3,351ff6c8d50284fe82f06169bd7020280735c337,sparse_common_feasible_9f8fccc5aaf5b9bb
inst_04a1b89230c5a6026d670ebcad2bd30c736104ed6ac28632205ec9169547e9f9,max3sat,train,all_native,,design_574fee1a0aba0d9a42e3,8,0,8,8,15,0.0,135.0,device_sparse_v1,12,2026082724,98,82,12,routing_pass_callback,32,0.00859189999755472,pass,,,compiler_d2b3b8844e9b97c1d3d3fd40,2.4.2,c1fe6ddb0aa5e0bd75dbc46707e2824bbe199bac82b2d766160294ce56353d99,9626c07cf4ccf3251a3585a4b367551c7a78f57218970c0d71f73f221adea5d3,351ff6c8d50284fe82f06169bd7020280735c337,sparse_common_feasible_9f8fccc5aaf5b9bb
inst_04a1b89230c5a6026d670ebcad2bd30c736104ed6ac28632205ec9169547e9f9,max3sat,train,all_native,,design_574fee1a0aba0d9a42e3,8,0,8,8,15,0.0,135.0,device_sparse_v1,12,2026082725,105,84,15,routing_pass_callback,39,0.00764799999888055,pass,,,compiler_d2b3b8844e9b97c1d3d3fd40,2.4.2,c1fe6ddb0aa5e0bd75dbc46707e2824bbe199bac82b2d766160294ce56353d99,9626c07cf4ccf3251a3585a4b367551c7a78f57218970c0d71f73f221adea5d3,351ff6c8d50284fe82f06169bd7020280735c337,sparse_common_feasible_9f8fccc5aaf5b9bb
inst_04a1b89230c5a6026d670ebcad2bd30c736104ed6ac28632205ec9169547e9f9,max3sat,train,fully_quadratized,,design_6b2409d8b41bf15ed098,8,2,10,0,28,13.0,122.0,device_sparse_v1,12,2026082721,86,54,12,routing_pass_callback,30,0.007682900002691895,pass,,,compiler_d2b3b8844e9b97c1d3d3fd40,2.4.2,c1fe6ddb0aa5e0bd75dbc46707e2824bbe199bac82b2d766160294ce56353d99,9626c07cf4ccf3251a3585a4b367551c7a78f57218970c0d71f73f221adea5d3,351ff6c8d50284fe82f06169bd7020280735c337,sparse_common_feasible_9f8fccc5aaf5b9bb
inst_04a1b89230c5a6026d670ebcad2bd30c736104ed6ac28632205ec9169547e9f9,max3sat,train,fully_quadratized,,design_6b2409d8b41bf15ed098,8,2,10,0,28,13.0,122.0,device_sparse_v1,12,2026082722,90,64,12,routing_pass_callback,34,0.006274900006246753,pass,,,compiler_d2b3b8844e9b97c1d3d3fd40,2.4.2,c1fe6ddb0aa5e0bd75dbc46707e2824bbe199bac82b2d766160294ce56353d99,9626c07cf4ccf3251a3585a4b367551c7a78f57218970c0d71f73f221adea5d3,351ff6c8d50284fe82f06169bd7020280735c337,sparse_common_feasible_9f8fccc5aaf5b9bb
inst_04a1b89230c5a6026d670ebcad2bd30c736104ed6ac28632205ec9169547e9f9,max3sat,train,fully_quadratized,,design_6b2409d8b41bf15ed098,8,2,10,0,28,13.0,122.0,device_sparse_v1,12,2026082723,89,62,11,routing_pass_callback,33,0.005937399997492321,pass,,,compiler_d2b3b8844e9b97c1d3d3fd40,2.4.2,c1fe6ddb0aa5e0bd75dbc46707e2824bbe199bac82b2d766160294ce56353d99,9626c07cf4ccf3251a3585a4b367551c7a78f57218970c0d71f73f221adea5d3,351ff6c8d50284fe82f06169bd7020280735c337,sparse_common_feasible_9f8fccc5aaf5b9bb
inst_04a1b89230c5a6026d670ebcad2bd30c736104ed6ac28632205ec9169547e9f9,max3sat,train,fully_quadratized,,design_6b2409d8b41bf15ed098,8,2,10,0,28,13.0,122.0,device_sparse_v1,12,2026082724,90,55,12,routing_pass_callback,34,0.008253599997260608,pass,,,compiler_d2b3b8844e9b97c1d3d3fd40,2.4.2,c1fe6ddb0aa5e0bd75dbc46707e2824bbe199bac82b2d766160294ce56353d99,9626c07cf4ccf3251a3585a4b367551c7a78f57218970c0d71f73f221adea5d3,351ff6c8d50284fe82f06169bd7020280735c337,sparse_common_feasible_9f8fccc5aaf5b9bb
inst_04a1b89230c5a6026d670ebcad2bd30c736104ed6ac28632205ec9169547e9f9,max3sat,train,fully_quadratized,,design_6b2409d8b41bf15ed098,8,2,10,0,28,13.0,122.0,device_sparse_v1,12,2026082725,83,47,11,routing_pass_callback,27,0.005939199996646494,pass,,,compiler_d2b3b8844e9b97c1d3d3fd40,2.4.2,c1fe6ddb0aa5e0bd75dbc46707e2824bbe199bac82b2d766160294ce56353d99,9626c07cf4ccf3251a3585a4b367551c7a78f57218970c0d71f73f221adea5d3,351ff6c8d50284fe82f06169bd7020280735c337,sparse_common_feasible_9f8fccc5aaf5b9bb
inst_04a1b89230c5a6026d670ebcad2bd30c736104ed6ac28632205ec9169547e9f9,max3sat,train,selective,,design_574fee1a0aba0d9a42e3,8,0,8,8,15,0.0,135.0,device_sparse_v1,12,2026082721,99,82,13,routing_pass_callback,33,0.005939099995885044,pass,,,compiler_d2b3b8844e9b97c1d3d3fd40,2.4.2,c1fe6ddb0aa5e0bd75dbc46707e2824bbe199bac82b2d766160294ce56353d99,9626c07cf4ccf3251a3585a4b367551c7a78f57218970c0d71f73f221adea5d3,351ff6c8d50284fe82f06169bd7020280735c337,sparse_common_feasible_9f8fccc5aaf5b9bb
inst_04a1b89230c5a6026d670ebcad2bd30c736104ed6ac28632205ec9169547e9f9,max3sat,train,selective,,design_574fee1a0aba0d9a42e3,8,0,8,8,15,0.0,135.0,device_sparse_v1,12,2026082722,98,82,12,routing_pass_callback,32,0.006059000006644055,pass,,,compiler_d2b3b8844e9b97c1d3d3fd40,2.4.2,c1fe6ddb0aa5e0bd75dbc46707e2824bbe199bac82b2d766160294ce56353d99,9626c07cf4ccf3251a3585a4b367551c7a78f57218970c0d71f73f221adea5d3,351ff6c8d50284fe82f06169bd7020280735c337,sparse_common_feasible_9f8fccc5aaf5b9bb
inst_04a1b89230c5a6026d670ebcad2bd30c736104ed6ac28632205ec9169547e9f9,max3sat,train,selective,,design_574fee1a0aba0d9a42e3,8,0,8,8,15,0.0,135.0,device_sparse_v1,12,2026082723,104,90,14,routing_pass_callback,38,0.005979300010949373,pass,,,compiler_d2b3b8844e9b97c1d3d3fd40,2.4.2,c1fe6ddb0aa5e0bd75dbc46707e2824bbe199bac82b2d766160294ce56353d99,9626c07cf4ccf3251a3585a4b367551c7a78f57218970c0d71f73f221adea5d3,351ff6c8d50284fe82f06169bd7020280735c337,sparse_common_feasible_9f8fccc5aaf5b9bb
inst_04a1b89230c5a6026d670ebcad2bd30c736104ed6ac28632205ec9169547e9f9,max3sat,train,selective,,design_574fee1a0aba0d9a42e3,8,0,8,8,15,0.0,135.0,device_sparse_v1,12,2026082724,98,82,12,routing_pass_callback,32,0.0063885999988997355,pass,,,compiler_d2b3b8844e9b97c1d3d3fd40,2.4.2,c1fe6ddb0aa5e0bd75dbc46707e2824bbe199bac82b2d766160294ce56353d99,9626c07cf4ccf3251a3585a4b367551c7a78f57218970c0d71f73f221adea5d3,351ff6c8d50284fe82f06169bd7020280735c337,sparse_common_feasible_9f8fccc5aaf5b9bb
inst_04a1b89230c5a6026d670ebcad2bd30c736104ed6ac28632205ec9169547e9f9,max3sat,train,selective,,design_574fee1a0aba0d9a42e3,8,0,8,8,15,0.0,135.0,device_sparse_v1,12,2026082725,105,84,15,routing_pass_callback,39,0.00604870000097435,pass,,,compiler_d2b3b8844e9b97c1d3d3fd40,2.4.2,c1fe6ddb0aa5e0bd75dbc46707e2824bbe199bac82b2d766160294ce56353d99,9626c07cf4ccf3251a3585a4b367551c7a78f57218970c0d71f73f221adea5d3,351ff6c8d50284fe82f06169bd7020280735c337,sparse_common_feasible_9f8fccc5aaf5b9bb
inst_1b8063bafe8fb16b92612498609bbac8bbb284b59e73fc2d63cadf82b323441f,max3sat,train,all_native,,design_37a06e5154de9ef5fdb0,8,0,8,7,16,0.0,53.0,device_sparse_v1,12,2026082721,84,60,10,routing_pass_callback,22,0.00606349999725353,pass,,,compiler_d2b3b8844e9b97c1d3d3fd40,2.4.2,c1fe6ddb0aa5e0bd75dbc46707e2824bbe199bac82b2d766160294ce56353d99,9626c07cf4ccf3251a3585a4b367551c7a78f57218970c0d71f73f221adea5d3,351ff6c8d50284fe82f06169bd7020280735c337,sparse_common_feasible_9f8fccc5aaf5b9bb
inst_1b8063bafe8fb16b92612498609bbac8bbb284b59e73fc2d63cadf82b323441f,max3sat,train,all_native,,design_37a06e5154de9ef5fdb0,8,0,8,7,16,0.0,53.0,device_sparse_v1,12,2026082722,91,53,13,routing_pass_callback,29,0.0056742999877315015,pass,,,compiler_d2b3b8844e9b97c1d3d3fd40,2.4.2,c1fe6ddb0aa5e0bd75dbc46707e2824bbe199bac82b2d766160294ce56353d99,9626c07cf4ccf3251a3585a4b367551c7a78f57218970c0d71f73f221adea5d3,351ff6c8d50284fe82f06169bd7020280735c337,sparse_common_feasible_9f8fccc5aaf5b9bb
inst_1b8063bafe8fb16b92612498609bbac8bbb284b59e73fc2d63cadf82b323441f,max3sat,train,all_native,,design_37a06e5154de9ef5fdb0,8,0,8,7,16,0.0,53.0,device_sparse_v1,12,2026082723,92,73,12,routing_pass_callback,30,0.00745400000596419,pass,,,compiler_d2b3b8844e9b97c1d3d3fd40,2.4.2,c1fe6ddb0aa5e0bd75dbc46707e2824bbe199bac82b2d766160294ce56353d99,9626c07cf4ccf3251a3585a4b367551c7a78f57218970c0d71f73f221adea5d3,351ff6c8d50284fe82f06169bd7020280735c337,sparse_common_feasible_9f8fccc5aaf5b9bb
inst_1b8063bafe8fb16b92612498609bbac8bbb284b59e73fc2d63cadf82b323441f,max3sat,train,all_native,,design_37a06e5154de9ef5fdb0,8,0,8,7,16,0.0,53.0,device_sparse_v1,12,2026082724,95,75,13,routing_pass_callback,33,0.005214299992076121,pass,,,compiler_d2b3b8844e9b97c1d3d3fd40,2.4.2,c1fe6ddb0aa5e0bd75dbc46707e2824bbe199bac82b2d766160294ce56353d99,9626c07cf4ccf3251a3585a4b367551c7a78f57218970c0d71f73f221adea5d3,351ff6c8d50284fe82f06169bd7020280735c337,sparse_common_feasible_9f8fccc5aaf5b9bb
inst_1b8063bafe8fb16b92612498609bbac8bbb284b59e73fc2d63cadf82b323441f,max3sat,train,all_native,,design_37a06e5154de9ef5fdb0,8,0,8,7,16,0.0,53.0,device_sparse_v1,12,2026082725,75,50,7,routing_pass_callback,13,0.007707899989327416,pass,,,compiler_d2b3b8844e9b97c1d3d3fd40,2.4.2,c1fe6ddb0aa5e0bd75dbc46707e2824bbe199bac82b2d766160294ce56353d99,9626c07cf4ccf3251a3585a4b367551c7a78f57218970c0d71f73f221adea5d3,351ff6c8d50284fe82f06169bd7020280735c337,sparse_common_feasible_9f8fccc5aaf5b9bb
inst_1b8063bafe8fb16b92612498609bbac8bbb284b59e73fc2d63cadf82b323441f,max3sat,train,fully_quadratized,,design_d1d5edc3be73a205eba0,8,2,10,0,27,19.0,101.0,device_sparse_v1,12,2026082721,81,52,9,routing_pass_callback,27,0.007942099997308105,pass,,,compiler_d2b3b8844e9b97c1d3d3fd40,2.4.2,c1fe6ddb0aa5e0bd75dbc46707e2824bbe199bac82b2d766160294ce56353d99,9626c07cf4ccf3251a3585a4b367551c7a78f57218970c0d71f73f221adea5d3,351ff6c8d50284fe82f06169bd7020280735c337,sparse_common_feasible_9f8fccc5aaf5b9bb
inst_1b8063bafe8fb16b92612498609bbac8bbb284b59e73fc2d63cadf82b323441f,max3sat,train,fully_quadratized,,design_d1d5edc3be73a205eba0,8,2,10,0,27,19.0,101.0,device_sparse_v1,12,2026082722,85,50,11,routing_pass_callback,31,0.0063765999948373064,pass,,,compiler_d2b3b8844e9b97c1d3d3fd40,2.4.2,c1fe6ddb0aa5e0bd75dbc46707e2824bbe199bac82b2d766160294ce56353d99,9626c07cf4ccf3251a3585a4b367551c7a78f57218970c0d71f73f221adea5d3,351ff6c8d50284fe82f06169bd7020280735c337,sparse_common_feasible_9f8fccc5aaf5b9bb
inst_1b8063bafe8fb16b92612498609bbac8bbb284b59e73fc2d63cadf82b323441f,max3sat,train,fully_quadratized,,design_d1d5edc3be73a205eba0,8,2,10,0,27,19.0,101.0,device_sparse_v1,12,2026082723,84,50,10,routing_pass_callback,30,0.005724799993913621,pass,,,compiler_d2b3b8844e9b97c1d3d3fd40,2.4.2,c1fe6ddb0aa5e0bd75dbc46707e2824bbe199bac82b2d766160294ce56353d99,9626c07cf4ccf3251a3585a4b367551c7a78f57218970c0d71f73f221adea5d3,351ff6c8d50284fe82f06169bd7020280735c337,sparse_common_feasible_9f8fccc5aaf5b9bb
inst_1b8063bafe8fb16b92612498609bbac8bbb284b59e73fc2d63cadf82b323441f,max3sat,train,fully_quadratized,,design_d1d5edc3be73a205eba0,8,2,10,0,27,19.0,101.0,device_sparse_v1,12,2026082724,81,50,11,routing_pass_callback,27,0.0057779000053415075,pass,,,compiler_d2b3b8844e9b97c1d3d3fd40,2.4.2,c1fe6ddb0aa5e0bd75dbc46707e2824bbe199bac82b2d766160294ce56353d99,9626c07cf4ccf3251a3585a4b367551c7a78f57218970c0d71f73f221adea5d3,351ff6c8d50284fe82f06169bd7020280735c337,sparse_common_feasible_9f8fccc5aaf5b9bb
inst_1b8063bafe8fb16b92612498609bbac8bbb284b59e73fc2d63cadf82b323441f,max3sat,train,fully_quadratized,,design_d1d5edc3be73a205eba0,8,2,10,0,27,19.0,101.0,device_sparse_v1,12,2026082725,84,57,10,routing_pass_callback,30,0.006821300004958175,pass,,,compiler_d2b3b8844e9b97c1d3d3fd40,2.4.2,c1fe6ddb0aa5e0bd75dbc46707e2824bbe199bac82b2d766160294ce56353d99,9626c07cf4ccf3251a3585a4b367551c7a78f57218970c0d71f73f221adea5d3,351ff6c8d50284fe82f06169bd7020280735c337,sparse_common_feasible_9f8fccc5aaf5b9bb
inst_1b8063bafe8fb16b92612498609bbac8bbb284b59e73fc2d63cadf82b323441f,max3sat,train,selective,,design_37a06e5154de9ef5fdb0,8,0,8,7,16,0.0,53.0,device_sparse_v1,12,2026082721,84,60,10,routing_pass_callback,22,0.006485400008386932,pass,,,compiler_d2b3b8844e9b97c1d3d3fd40,2.4.2,c1fe6ddb0aa5e0bd75dbc46707e2824bbe199bac82b2d766160294ce56353d99,9626c07cf4ccf3251a3585a4b367551c7a78f57218970c0d71f73f221adea5d3,351ff6c8d50284fe82f06169bd7020280735c337,sparse_common_feasible_9f8fccc5aaf5b9bb
inst_1b8063bafe8fb16b92612498609bbac8bbb284b59e73fc2d63cadf82b323441f,max3sat,train,selective,,design_37a06e5154de9ef5fdb0,8,0,8,7,16,0.0,53.0,device_sparse_v1,12,2026082722,91,53,13,routing_pass_callback,29,0.0057859000080497935,pass,,,compiler_d2b3b8844e9b97c1d3d3fd40,2.4.2,c1fe6ddb0aa5e0bd75dbc46707e2824bbe199bac82b2d766160294ce56353d99,9626c07cf4ccf3251a3585a4b367551c7a78f57218970c0d71f73f221adea5d3,351ff6c8d50284fe82f06169bd7020280735c337,sparse_common_feasible_9f8fccc5aaf5b9bb
inst_1b8063bafe8fb16b92612498609bbac8bbb284b59e73fc2d63cadf82b323441f,max3sat,train,selective,,design_37a06e5154de9ef5fdb0,8,0,8,7,16,0.0,53.0,device_sparse_v1,12,2026082723,92,73,12,routing_pass_callback,30,0.005497299993294291,pass,,,compiler_d2b3b8844e9b97c1d3d3fd40,2.4.2,c1fe6ddb0aa5e0bd75dbc46707e2824bbe199bac82b2d766160294ce56353d99,9626c07cf4ccf3251a3585a4b367551c7a78f57218970c0d71f73f221adea5d3,351ff6c8d50284fe82f06169bd7020280735c337,sparse_common_feasible_9f8fccc5aaf5b9bb
inst_1b8063bafe8fb16b92612498609bbac8bbb284b59e73fc2d63cadf82b323441f,max3sat,train,selective,,design_37a06e5154de9ef5fdb0,8,0,8,7,16,0.0,53.0,device_sparse_v1,12,2026082724,95,75,13,routing_pass_callback,33,0.005825500003993511,pass,,,compiler_d2b3b8844e9b97c1d3d3fd40,2.4.2,c1fe6ddb0aa5e0bd75dbc46707e2824bbe199bac82b2d766160294ce56353d99,9626c07cf4ccf3251a3585a4b367551c7a78f57218970c0d71f73f221adea5d3,351ff6c8d50284fe82f06169bd7020280735c337,sparse_common_feasible_9f8fccc5aaf5b9bb
inst_1b8063bafe8fb16b92612498609bbac8bbb284b59e73fc2d63cadf82b323441f,max3sat,train,selective,,design_37a06e5154de9ef5fdb0,8,0,8,7,16,0.0,53.0,device_sparse_v1,12,2026082725,75,50,7,routing_pass_callback,13,0.005350599996745586,pass,,,compiler_d2b3b8844e9b97c1d3d3fd40,2.4.2,c1fe6ddb0aa5e0bd75dbc46707e2824bbe199bac82b2d766160294ce56353d99,9626c07cf4ccf3251a3585a4b367551c7a78f57218970c0d71f73f221adea5d3,351ff6c8d50284fe82f06169bd7020280735c337,sparse_common_feasible_9f8fccc5aaf5b9bb
inst_2cb581ef9182b4e94ad87468822d97c34bab3f5844f008f31be762da257eef0a,max3sat,train,all_native,,design_574fee1a0aba0d9a42e3,8,0,8,8,18,0.0,76.0,device_sparse_v1,12,2026082721,111,85,15,routing_pass_callback,45,0.012247299993759952,pass,,,compiler_d2b3b8844e9b97c1d3d3fd40,2.4.2,c1fe6ddb0aa5e0bd75dbc46707e2824bbe199bac82b2d766160294ce56353d99,9626c07cf4ccf3251a3585a4b367551c7a78f57218970c0d71f73f221adea5d3,351ff6c8d50284fe82f06169bd7020280735c337,sparse_common_feasible_9f8fccc5aaf5b9bb
inst_2cb581ef9182b4e94ad87468822d97c34bab3f5844f008f31be762da257eef0a,max3sat,train,all_native,,design_574fee1a0aba0d9a42e3,8,0,8,8,18,0.0,76.0,device_sparse_v1,12,2026082722,102,86,14,routing_pass_callback,36,0.010947999995551072,pass,,,compiler_d2b3b8844e9b97c1d3d3fd40,2.4.2,c1fe6ddb0aa5e0bd75dbc46707e2824bbe199bac82b2d766160294ce56353d99,9626c07cf4ccf3251a3585a4b367551c7a78f57218970c0d71f73f221adea5d3,351ff6c8d50284fe82f06169bd7020280735c337,sparse_common_feasible_9f8fccc5aaf5b9bb
inst_2cb581ef9182b4e94ad87468822d97c34bab3f5844f008f31be762da257eef0a,max3sat,train,all_native,,design_574fee1a0aba0d9a42e3,8,0,8,8,18,0.0,76.0,device_sparse_v1,12,2026082723,111,92,15,routing_pass_callback,45,0.010201100012636743,pass,,,compiler_d2b3b8844e9b97c1d3d3fd40,2.4.2,c1fe6ddb0aa5e0bd75dbc46707e2824bbe199bac82b2d766160294ce56353d99,9626c07cf4ccf3251a3585a4b367551c7a78f57218970c0d71f73f221adea5d3,351ff6c8d50284fe82f06169bd7020280735c337,sparse_common_feasible_9f8fccc5aaf5b9bb
inst_2cb581ef9182b4e94ad87468822d97c34bab3f5844f008f31be762da257eef0a,max3sat,train,all_native,,design_574fee1a0aba0d9a42e3,8,0,8,8,18,0.0,76.0,device_sparse_v1,12,2026082724,112,87,16,routing_pass_callback,46,0.00966879999032244,pass,,,compiler_d2b3b8844e9b97c1d3d3fd40,2.4.2,c1fe6ddb0aa5e0bd75dbc46707e2824bbe199bac82b2d766160294ce56353d99,9626c07cf4ccf3251a3585a4b367551c7a78f57218970c0d71f73f221adea5d3,351ff6c8d50284fe82f06169bd7020280735c337,sparse_common_feasible_9f8fccc5aaf5b9bb
inst_2cb581ef9182b4e94ad87468822d97c34bab3f5844f008f31be762da257eef0a,max3sat,train,all_native,,design_574fee1a0aba0d9a42e3,8,0,8,8,18,0.0,76.0,device_sparse_v1,12,2026082725,108,85,14,routing_pass_callback,42,0.007659299997612834,pass,,,compiler_d2b3b8844e9b97c1d3d3fd40,2.4.2,c1fe6ddb0aa5e0bd75dbc46707e2824bbe199bac82b2d766160294ce56353d99,9626c07cf4ccf3251a3585a4b367551c7a78f57218970c0d71f73f221adea5d3,351ff6c8d50284fe82f06169bd7020280735c337,sparse_common_feasible_9f8fccc5aaf5b9bb
inst_2cb581ef9182b4e94ad87468822d97c34bab3f5844f008f31be762da257eef0a,max3sat,train,fully_quadratized,,design_3bec25f402c3de5a4a47,8,2,10,0,30,16.0,94.0,device_sparse_v1,12,2026082721,97,66,13,routing_pass_callback,37,0.010580400004982948,pass,,,compiler_d2b3b8844e9b97c1d3d3fd40,2.4.2,c1fe6ddb0aa5e0bd75dbc46707e2824bbe199bac82b2d766160294ce56353d99,9626c07cf4ccf3251a3585a4b367551c7a78f57218970c0d71f73f221adea5d3,351ff6c8d50284fe82f06169bd7020280735c337,sparse_common_feasible_9f8fccc5aaf5b9bb
inst_2cb581ef9182b4e94ad87468822d97c34bab3f5844f008f31be762da257eef0a,max3sat,train,fully_quadratized,,design_3bec25f402c3de5a4a47,8,2,10,0,30,16.0,94.0,device_sparse_v1,12,2026082722,97,61,13,routing_pass_callback,37,0.008839100002660416,pass,,,compiler_d2b3b8844e9b97c1d3d3fd40,2.4.2,c1fe6ddb0aa5e0bd75dbc46707e2824bbe199bac82b2d766160294ce56353d99,9626c07cf4ccf3251a3585a4b367551c7a78f57218970c0d71f73f221adea5d3,351ff6c8d50284fe82f06169bd7020280735c337,sparse_common_feasible_9f8fccc5aaf5b9bb
inst_2cb581ef9182b4e94ad87468822d97c34bab3f5844f008f31be762da257eef0a,max3sat,train,fully_quadratized,,design_3bec25f402c3de5a4a47,8,2,10,0,30,16.0,94.0,device_sparse_v1,12,2026082723,94,64,12,routing_pass_callback,34,0.007887100000516511,pass,,,compiler_d2b3b8844e9b97c1d3d3fd40,2.4.2,c1fe6ddb0aa5e0bd75dbc46707e2824bbe199bac82b2d766160294ce56353d99,9626c07cf4ccf3251a3585a4b367551c7a78f57218970c0d71f73f221adea5d3,351ff6c8d50284fe82f06169bd7020280735c337,sparse_common_feasible_9f8fccc5aaf5b9bb
inst_2cb581ef9182b4e94ad87468822d97c34bab3f5844f008f31be762da257eef0a,max3sat,train,fully_quadratized,,design_3bec25f402c3de5a4a47,8,2,10,0,30,16.0,94.0,device_sparse_v1,12,2026082724,95,61,13,routing_pass_callback,35,0.008129000008921139,pass,,,compiler_d2b3b8844e9b97c1d3d3fd40,2.4.2,c1fe6ddb0aa5e0bd75dbc46707e2824bbe199bac82b2d766160294ce56353d99,9626c07cf4ccf3251a3585a4b367551c7a78f57218970c0d71f73f221adea5d3,351ff6c8d50284fe82f06169bd7020280735c337,sparse_common_feasible_9f8fccc5aaf5b9bb
inst_2cb581ef9182b4e94ad87468822d97c34bab3f5844f008f31be762da257eef0a,max3sat,train,fully_quadratized,,design_3bec25f402c3de5a4a47,8,2,10,0,30,16.0,94.0,device_sparse_v1,12,2026082725,94,60,12,routing_pass_callback,34,0.009952799999155104,pass,,,compiler_d2b3b8844e9b97c1d3d3fd40,2.4.2,c1fe6ddb0aa5e0bd75dbc46707e2824bbe199bac82b2d766160294ce56353d99,9626c07cf4ccf3251a3585a4b367551c7a78f57218970c0d71f73f221adea5d3,351ff6c8d50284fe82f06169bd7020280735c337,sparse_common_feasible_9f8fccc5aaf5b9bb
inst_2cb581ef9182b4e94ad87468822d97c34bab3f5844f008f31be762da257eef0a,max3sat,train,selective,,design_574fee1a0aba0d9a42e3,8,0,8,8,18,0.0,76.0,device_sparse_v1,12,2026082721,111,85,15,routing_pass_callback,45,0.010303200004273094,pass,,,compiler_d2b3b8844e9b97c1d3d3fd40,2.4.2,c1fe6ddb0aa5e0bd75dbc46707e2824bbe199bac82b2d766160294ce56353d99,9626c07cf4ccf3251a3585a4b367551c7a78f57218970c0d71f73f221adea5d3,351ff6c8d50284fe82f06169bd7020280735c337,sparse_common_feasible_9f8fccc5aaf5b9bb
inst_2cb581ef9182b4e94ad87468822d97c34bab3f5844f008f31be762da257eef0a,max3sat,train,selective,,design_574fee1a0aba0d9a42e3,8,0,8,8,18,0.0,76.0,device_sparse_v1,12,2026082722,102,86,14,routing_pass_callback,36,0.008396499993978068,pass,,,compiler_d2b3b8844e9b97c1d3d3fd40,2.4.2,c1fe6ddb0aa5e0bd75dbc46707e2824bbe199bac82b2d766160294ce56353d99,9626c07cf4ccf3251a3585a4b367551c7a78f57218970c0d71f73f221adea5d3,351ff6c8d50284fe82f06169bd7020280735c337,sparse_common_feasible_9f8fccc5aaf5b9bb
inst_2cb581ef9182b4e94ad87468822d97c34bab3f5844f008f31be762da257eef0a,max3sat,train,selective,,design_574fee1a0aba0d9a42e3,8,0,8,8,18,0.0,76.0,device_sparse_v1,12,2026082723,111,92,15,routing_pass_callback,45,0.008899599997675978,pass,,,compiler_d2b3b8844e9b97c1d3d3fd40,2.4.2,c1fe6ddb0aa5e0bd75dbc46707e2824bbe199bac82b2d766160294ce56353d99,9626c07cf4ccf3251a3585a4b367551c7a78f57218970c0d71f73f221adea5d3,351ff6c8d50284fe82f06169bd7020280735c337,sparse_common_feasible_9f8fccc5aaf5b9bb
inst_2cb581ef9182b4e94ad87468822d97c34bab3f5844f008f31be762da257eef0a,max3sat,train,selective,,design_574fee1a0aba0d9a42e3,8,0,8,8,18,0.0,76.0,device_sparse_v1,12,2026082724,112,87,16,routing_pass_callback,46,0.010412099989480339,pass,,,compiler_d2b3b8844e9b97c1d3d3fd40,2.4.2,c1fe6ddb0aa5e0bd75dbc46707e2824bbe199bac82b2d766160294ce56353d99,9626c07cf4ccf3251a3585a4b367551c7a78f57218970c0d71f73f221adea5d3,351ff6c8d50284fe82f06169bd7020280735c337,sparse_common_feasible_9f8fccc5aaf5b9bb
inst_2cb581ef9182b4e94ad87468822d97c34bab3f5844f008f31be762da257eef0a,max3sat,train,selective,,design_574fee1a0aba0d9a42e3,8,0,8,8,18,0.0,76.0,device_sparse_v1,12,2026082725,108,85,14,routing_pass_callback,42,0.008739900004002266,pass,,,compiler_d2b3b8844e9b97c1d3d3fd40,2.4.2,c1fe6ddb0aa5e0bd75dbc46707e2824bbe199bac82b2d766160294ce56353d99,9626c07cf4ccf3251a3585a4b367551c7a78f57218970c0d71f73f221adea5d3,351ff6c8d50284fe82f06169bd7020280735c337,sparse_common_feasible_9f8fccc5aaf5b9bb
inst_341aaea9cc6b648e49be42c5a9a85c286aa8e35d42e20fd993b487fdda2e28cb,cubic_spin_glass,train,all_native,,design_574fee1a0aba0d9a42e3,8,0,8,8,15,0.0,1.0,device_sparse_v1,12,2026082721,41,35,5,routing_pass_callback,9,0.01022979999834206,pass,,,compiler_d2b3b8844e9b97c1d3d3fd40,2.4.2,c1fe6ddb0aa5e0bd75dbc46707e2824bbe199bac82b2d766160294ce56353d99,9626c07cf4ccf3251a3585a4b367551c7a78f57218970c0d71f73f221adea5d3,351ff6c8d50284fe82f06169bd7020280735c337,sparse_common_feasible_9f8fccc5aaf5b9bb
inst_341aaea9cc6b648e49be42c5a9a85c286aa8e35d42e20fd993b487fdda2e28cb,cubic_spin_glass,train,all_native,,design_574fee1a0aba0d9a42e3,8,0,8,8,15,0.0,1.0,device_sparse_v1,12,2026082722,38,27,4,routing_pass_callback,6,0.01430419999815058,pass,,,compiler_d2b3b8844e9b97c1d3d3fd40,2.4.2,c1fe6ddb0aa5e0bd75dbc46707e2824bbe199bac82b2d766160294ce56353d99,9626c07cf4ccf3251a3585a4b367551c7a78f57218970c0d71f73f221adea5d3,351ff6c8d50284fe82f06169bd7020280735c337,sparse_common_feasible_9f8fccc5aaf5b9bb
inst_341aaea9cc6b648e49be42c5a9a85c286aa8e35d42e20fd993b487fdda2e28cb,cubic_spin_glass,train,all_native,,design_574fee1a0aba0d9a42e3,8,0,8,8,15,0.0,1.0,device_sparse_v1,12,2026082723,40,31,4,routing_pass_callback,8,0.012905200012028217,pass,,,compiler_d2b3b8844e9b97c1d3d3fd40,2.4.2,c1fe6ddb0aa5e0bd75dbc46707e2824bbe199bac82b2d766160294ce56353d99,9626c07cf4ccf3251a3585a4b367551c7a78f57218970c0d71f73f221adea5d3,351ff6c8d50284fe82f06169bd7020280735c337,sparse_common_feasible_9f8fccc5aaf5b9bb
inst_341aaea9cc6b648e49be42c5a9a85c286aa8e35d42e20fd993b487fdda2e28cb,cubic_spin_glass,train,all_native,,design_574fee1a0aba0d9a42e3,8,0,8,8,15,0.0,1.0,device_sparse_v1,12,2026082724,38,29,4,routing_pass_callback,6,0.009164200004306622,pass,,,compiler_d2b3b8844e9b97c1d3d3fd40,2.4.2,c1fe6ddb0aa5e0bd75dbc46707e2824bbe199bac82b2d766160294ce56353d99,9626c07cf4ccf3251a3585a4b367551c7a78f57218970c0d71f73f221adea5d3,351ff6c8d50284fe82f06169bd7020280735c337,sparse_common_feasible_9f8fccc5aaf5b9bb
inst_341aaea9cc6b648e49be42c5a9a85c286aa8e35d42e20fd993b487fdda2e28cb,cubic_spin_glass,train,all_native,,design_574fee1a0aba0d9a42e3,8,0,8,8,15,0.0,1.0,device_sparse_v1,12,2026082725,40,31,4,routing_pass_callback,8,0.008790200008661486,pass,,,compiler_d2b3b8844e9b97c1d3d3fd40,2.4.2,c1fe6ddb0aa5e0bd75dbc46707e2824bbe199bac82b2d766160294ce56353d99,9626c07cf4ccf3251a3585a4b367551c7a78f57218970c0d71f73f221adea5d3,351ff6c8d50284fe82f06169bd7020280735c337,sparse_common_feasible_9f8fccc5aaf5b9bb
inst_341aaea9cc6b648e49be42c5a9a85c286aa8e35d42e20fd993b487fdda2e28cb,cubic_spin_glass,train,fully_quadratized,,design_867b4cf0eec1c77edb77,8,4,12,0,31,17.0,43.0,device_sparse_v1,12,2026082721,105,55,15,routing_pass_callback,43,0.011912000001757406,pass,,,compiler_d2b3b8844e9b97c1d3d3fd40,2.4.2,c1fe6ddb0aa5e0bd75dbc46707e2824bbe199bac82b2d766160294ce56353d99,9626c07cf4ccf3251a3585a4b367551c7a78f57218970c0d71f73f221adea5d3,351ff6c8d50284fe82f06169bd7020280735c337,sparse_common_feasible_9f8fccc5aaf5b9bb
inst_341aaea9cc6b648e49be42c5a9a85c286aa8e35d42e20fd993b487fdda2e28cb,cubic_spin_glass,train,fully_quadratized,,design_867b4cf0eec1c77edb77,8,4,12,0,31,17.0,43.0,device_sparse_v1,12,2026082722,97,51,13,routing_pass_callback,35,0.011170300000230782,pass,,,compiler_d2b3b8844e9b97c1d3d3fd40,2.4.2,c1fe6ddb0aa5e0bd75dbc46707e2824bbe199bac82b2d766160294ce56353d99,9626c07cf4ccf3251a3585a4b367551c7a78f57218970c0d71f73f221adea5d3,351ff6c8d50284fe82f06169bd7020280735c337,sparse_common_feasible_9f8fccc5aaf5b9bb
inst_341aaea9cc6b648e49be42c5a9a85c286aa8e35d42e20fd993b487fdda2e28cb,cubic_spin_glass,train,fully_quadratized,,design_867b4cf0eec1c77edb77,8,4,12,0,31,17.0,43.0,device_sparse_v1,12,2026082723,105,63,15,routing_pass_callback,43,0.010503400000743568,pass,,,compiler_d2b3b8844e9b97c1d3d3fd40,2.4.2,c1fe6ddb0aa5e0bd75dbc46707e2824bbe199bac82b2d766160294ce56353d99,9626c07cf4ccf3251a3585a4b367551c7a78f57218970c0d71f73f221adea5d3,351ff6c8d50284fe82f06169bd7020280735c337,sparse_common_feasible_9f8fccc5aaf5b9bb
inst_341aaea9cc6b648e49be42c5a9a85c286aa8e35d42e20fd993b487fdda2e28cb,cubic_spin_glass,train,fully_quadratized,,design_867b4cf0eec1c77edb77,8,4,12,0,31,17.0,43.0,device_sparse_v1,12,2026082724,99,61,13,routing_pass_callback,37,0.011359099997207522,pass,,,compiler_d2b3b8844e9b97c1d3d3fd40,2.4.2,c1fe6ddb0aa5e0bd75dbc46707e2824bbe199bac82b2d766160294ce56353d99,9626c07cf4ccf3251a3585a4b367551c7a78f57218970c0d71f73f221adea5d3,351ff6c8d50284fe82f06169bd7020280735c337,sparse_common_feasible_9f8fccc5aaf5b9bb
inst_341aaea9cc6b648e49be42c5a9a85c286aa8e35d42e20fd993b487fdda2e28cb,cubic_spin_glass,train,fully_quadratized,,design_867b4cf0eec1c77edb77,8,4,12,0,31,17.0,43.0,device_sparse_v1,12,2026082725,105,67,15,routing_pass_callback,43,0.010007200005929917,pass,,,compiler_d2b3b8844e9b97c1d3d3fd40,2.4.2,c1fe6ddb0aa5e0bd75dbc46707e2824bbe199bac82b2d766160294ce56353d99,9626c07cf4ccf3251a3585a4b367551c7a78f57218970c0d71f73f221adea5d3,351ff6c8d50284fe82f06169bd7020280735c337,sparse_common_feasible_9f8fccc5aaf5b9bb
inst_341aaea9cc6b648e49be42c5a9a85c286aa8e35d42e20fd993b487fdda2e28cb,cubic_spin_glass,train,selective,,design_574fee1a0aba0d9a42e3,8,0,8,8,15,0.0,1.0,device_sparse_v1,12,2026082721,41,35,5,routing_pass_callback,9,0.010796300004585646,pass,,,compiler_d2b3b8844e9b97c1d3d3fd40,2.4.2,c1fe6ddb0aa5e0bd75dbc46707e2824bbe199bac82b2d766160294ce56353d99,9626c07cf4ccf3251a3585a4b367551c7a78f57218970c0d71f73f221adea5d3,351ff6c8d50284fe82f06169bd7020280735c337,sparse_common_feasible_9f8fccc5aaf5b9bb
inst_341aaea9cc6b648e49be42c5a9a85c286aa8e35d42e20fd993b487fdda2e28cb,cubic_spin_glass,train,selective,,design_574fee1a0aba0d9a42e3,8,0,8,8,15,0.0,1.0,device_sparse_v1,12,2026082722,38,27,4,routing_pass_callback,6,0.010036300009232946,pass,,,compiler_d2b3b8844e9b97c1d3d3fd40,2.4.2,c1fe6ddb0aa5e0bd75dbc46707e2824bbe199bac82b2d766160294ce56353d99,9626c07cf4ccf3251a3585a4b367551c7a78f57218970c0d71f73f221adea5d3,351ff6c8d50284fe82f06169bd7020280735c337,sparse_common_feasible_9f8fccc5aaf5b9bb
inst_341aaea9cc6b648e49be42c5a9a85c286aa8e35d42e20fd993b487fdda2e28cb,cubic_spin_glass,train,selective,,design_574fee1a0aba0d9a42e3,8,0,8,8,15,0.0,1.0,device_sparse_v1,12,2026082723,40,31,4,routing_pass_callback,8,0.009896200004732236,pass,,,compiler_d2b3b8844e9b97c1d3d3fd40,2.4.2,c1fe6ddb0aa5e0bd75dbc46707e2824bbe199bac82b2d766160294ce56353d99,9626c07cf4ccf3251a3585a4b367551c7a78f57218970c0d71f73f221adea5d3,351ff6c8d50284fe82f06169bd7020280735c337,sparse_common_feasible_9f8fccc5aaf5b9bb
inst_341aaea9cc6b648e49be42c5a9a85c286aa8e35d42e20fd993b487fdda2e28cb,cubic_spin_glass,train,selective,,design_574fee1a0aba0d9a42e3,8,0,8,8,15,0.0,1.0,device_sparse_v1,12,2026082724,38,29,4,routing_pass_callback,6,0.008947900001658127,pass,,,compiler_d2b3b8844e9b97c1d3d3fd40,2.4.2,c1fe6ddb0aa5e0bd75dbc46707e2824bbe199bac82b2d766160294ce56353d99,9626c07cf4ccf3251a3585a4b367551c7a78f57218970c0d71f73f221adea5d3,351ff6c8d50284fe82f06169bd7020280735c337,sparse_common_feasible_9f8fccc5aaf5b9bb
inst_341aaea9cc6b648e49be42c5a9a85c286aa8e35d42e20fd993b487fdda2e28cb,cubic_spin_glass,train,selective,,design_574fee1a0aba0d9a42e3,8,0,8,8,15,0.0,1.0,device_sparse_v1,12,2026082725,40,31,4,routing_pass_callback,8,0.010785099992062896,pass,,,compiler_d2b3b8844e9b97c1d3d3fd40,2.4.2,c1fe6ddb0aa5e0bd75dbc46707e2824bbe199bac82b2d766160294ce56353d99,9626c07cf4ccf3251a3585a4b367551c7a78f57218970c0d71f73f221adea5d3,351ff6c8d50284fe82f06169bd7020280735c337,sparse_common_feasible_9f8fccc5aaf5b9bb
inst_351b2f1044631455ab325f3efabb01e0e041402aa854cb63ffe41759af6edb31,max3sat,train,all_native,,design_a6f025aa56fe7063e921,8,0,8,10,15,0.0,45.0,device_sparse_v1,12,2026082721,126,100,18,routing_pass_callback,48,0.012742299993988127,pass,,,compiler_d2b3b8844e9b97c1d3d3fd40,2.4.2,c1fe6ddb0aa5e0bd75dbc46707e2824bbe199bac82b2d766160294ce56353d99,9626c07cf4ccf3251a3585a4b367551c7a78f57218970c0d71f73f221adea5d3,351ff6c8d50284fe82f06169bd7020280735c337,sparse_common_feasible_9f8fccc5aaf5b9bb
inst_351b2f1044631455ab325f3efabb01e0e041402aa854cb63ffe41759af6edb31,max3sat,train,all_native,,design_a6f025aa56fe7063e921,8,0,8,10,15,0.0,45.0,device_sparse_v1,12,2026082722,134,104,20,routing_pass_callback,56,0.012633799997274764,pass,,,compiler_d2b3b8844e9b97c1d3d3fd40,2.4.2,c1fe6ddb0aa5e0bd75dbc46707e2824bbe199bac82b2d766160294ce56353d99,9626c07cf4ccf3251a3585a4b367551c7a78f57218970c0d71f73f221adea5d3,351ff6c8d50284fe82f06169bd7020280735c337,sparse_common_feasible_9f8fccc5aaf5b9bb
inst_351b2f1044631455ab325f3efabb01e0e041402aa854cb63ffe41759af6edb31,max3sat,train,all_native,,design_a6f025aa56fe7063e921,8,0,8,10,15,0.0,45.0,device_sparse_v1,12,2026082723,137,101,23,routing_pass_callback,59,0.01113949999853503,pass,,,compiler_d2b3b8844e9b97c1d3d3fd40,2.4.2,c1fe6ddb0aa5e0bd75dbc46707e2824bbe199bac82b2d766160294ce56353d99,9626c07cf4ccf3251a3585a4b367551c7a78f57218970c0d71f73f221adea5d3,351ff6c8d50284fe82f06169bd7020280735c337,sparse_common_feasible_9f8fccc5aaf5b9bb
inst_351b2f1044631455ab325f3efabb01e0e041402aa854cb63ffe41759af6edb31,max3sat,train,all_native,,design_a6f025aa56fe7063e921,8,0,8,10,15,0.0,45.0,device_sparse_v1,12,2026082724,131,101,19,routing_pass_callback,53,0.015098799995030276,pass,,,compiler_d2b3b8844e9b97c1d3d3fd40,2.4.2,c1fe6ddb0aa5e0bd75dbc46707e2824bbe199bac82b2d766160294ce56353d99,9626c07cf4ccf3251a3585a4b367551c7a78f57218970c0d71f73f221adea5d3,351ff6c8d50284fe82f06169bd7020280735c337,sparse_common_feasible_9f8fccc5aaf5b9bb
inst_351b2f1044631455ab325f3efabb01e0e041402aa854cb63ffe41759af6edb31,max3sat,train,all_native,,design_a6f025aa56fe7063e921,8,0,8,10,15,0.0,45.0,device_sparse_v1,12,2026082725,139,100,23,routing_pass_callback,61,0.012539000003016554,pass,,,compiler_d2b3b8844e9b97c1d3d3fd40,2.4.2,c1fe6ddb0aa5e0bd75dbc46707e2824bbe199bac82b2d766160294ce56353d99,9626c07cf4ccf3251a3585a4b367551c7a78f57218970c0d71f73f221adea5d3,351ff6c8d50284fe82f06169bd7020280735c337,sparse_common_feasible_9f8fccc5aaf5b9bb
inst_351b2f1044631455ab325f3efabb01e0e041402aa854cb63ffe41759af6edb31,max3sat,train,fully_quadratized,,design_bb40608b111d82d76d40,8,2,10,0,29,17.0,114.0,device_sparse_v1,12,2026082721,92,63,12,routing_pass_callback,34,0.009925200007273816,pass,,,compiler_d2b3b8844e9b97c1d3d3fd40,2.4.2,c1fe6ddb0aa5e0bd75dbc46707e2824bbe199bac82b2d766160294ce56353d99,9626c07cf4ccf3251a3585a4b367551c7a78f57218970c0d71f73f221adea5d3,351ff6c8d50284fe82f06169bd7020280735c337,sparse_common_feasible_9f8fccc5aaf5b9bb
inst_351b2f1044631455ab325f3efabb01e0e041402aa854cb63ffe41759af6edb31,max3sat,train,fully_quadratized,,design_bb40608b111d82d76d40,8,2,10,0,29,17.0,114.0,device_sparse_v1,12,2026082722,86,59,12,routing_pass_callback,28,0.009607200001482852,pass,,,compiler_d2b3b8844e9b97c1d3d3fd40,2.4.2,c1fe6ddb0aa5e0bd75dbc46707e2824bbe199bac82b2d766160294ce56353d99,9626c07cf4ccf3251a3585a4b367551c7a78f57218970c0d71f73f221adea5d3,351ff6c8d50284fe82f06169bd7020280735c337,sparse_common_feasible_9f8fccc5aaf5b9bb
inst_351b2f1044631455ab325f3efabb01e0e041402aa854cb63ffe41759af6edb31,max3sat,train,fully_quadratized,,design_bb40608b111d82d76d40,8,2,10,0,29,17.0,114.0,device_sparse_v1,12,2026082723,92,63,12,routing_pass_callback,34,0.01080379998893477,pass,,,compiler_d2b3b8844e9b97c1d3d3fd40,2.4.2,c1fe6ddb0aa5e0bd75dbc46707e2824bbe199bac82b2d766160294ce56353d99,9626c07cf4ccf3251a3585a4b367551c7a78f57218970c0d71f73f221adea5d3,351ff6c8d50284fe82f06169bd7020280735c337,sparse_common_feasible_9f8fccc5aaf5b9bb
inst_351b2f1044631455ab325f3efabb01e0e041402aa854cb63ffe41759af6edb31,max3sat,train,fully_quadratized,,design_bb40608b111d82d76d40,8,2,10,0,29,17.0,114.0,device_sparse_v1,12,2026082724,84,62,10,routing_pass_callback,26,0.01146840000001248,pass,,,compiler_d2b3b8844e9b97c1d3d3fd40,2.4.2,c1fe6ddb0aa5e0bd75dbc46707e2824bbe199bac82b2d766160294ce56353d99,9626c07cf4ccf3251a3585a4b367551c7a78f57218970c0d71f73f221adea5d3,351ff6c8d50284fe82f06169bd7020280735c337,sparse_common_feasible_9f8fccc5aaf5b9bb
inst_351b2f1044631455ab325f3efabb01e0e041402aa854cb63ffe41759af6edb31,max3sat,train,fully_quadratized,,design_bb40608b111d82d76d40,8,2,10,0,29,17.0,114.0,device_sparse_v1,12,2026082725,94,52,12,routing_pass_callback,36,0.01059950000490062,pass,,,compiler_d2b3b8844e9b97c1d3d3fd40,2.4.2,c1fe6ddb0aa5e0bd75dbc46707e2824bbe199bac82b2d766160294ce56353d99,9626c07cf4ccf3251a3585a4b367551c7a78f57218970c0d71f73f221adea5d3,351ff6c8d50284fe82f06169bd7020280735c337,sparse_common_feasible_9f8fccc5aaf5b9bb
inst_351b2f1044631455ab325f3efabb01e0e041402aa854cb63ffe41759af6edb31,max3sat,train,selective,,design_a6f025aa56fe7063e921,8,0,8,10,15,0.0,45.0,device_sparse_v1,12,2026082721,126,100,18,routing_pass_callback,48,0.011461100002634339,pass,,,compiler_d2b3b8844e9b97c1d3d3fd40,2.4.2,c1fe6ddb0aa5e0bd75dbc46707e2824bbe199bac82b2d766160294ce56353d99,9626c07cf4ccf3251a3585a4b367551c7a78f57218970c0d71f73f221adea5d3,351ff6c8d50284fe82f06169bd7020280735c337,sparse_common_feasible_9f8fccc5aaf5b9bb
inst_351b2f1044631455ab325f3efabb01e0e041402aa854cb63ffe41759af6edb31,max3sat,train,selective,,design_a6f025aa56fe7063e921,8,0,8,10,15,0.0,45.0,device_sparse_v1,12,2026082722,134,104,20,routing_pass_callback,56,0.011557100006029941,pass,,,compiler_d2b3b8844e9b97c1d3d3fd40,2.4.2,c1fe6ddb0aa5e0bd75dbc46707e2824bbe199bac82b2d766160294ce56353d99,9626c07cf4ccf3251a3585a4b367551c7a78f57218970c0d71f73f221adea5d3,351ff6c8d50284fe82f06169bd7020280735c337,sparse_common_feasible_9f8fccc5aaf5b9bb
inst_351b2f1044631455ab325f3efabb01e0e041402aa854cb63ffe41759af6edb31,max3sat,train,selective,,design_a6f025aa56fe7063e921,8,0,8,10,15,0.0,45.0,device_sparse_v1,12,2026082723,137,101,23,routing_pass_callback,59,0.010251799991237931,pass,,,compiler_d2b3b8844e9b97c1d3d3fd40,2.4.2,c1fe6ddb0aa5e0bd75dbc46707e2824bbe199bac82b2d766160294ce56353d99,9626c07cf4ccf3251a3585a4b367551c7a78f57218970c0d71f73f221adea5d3,351ff6c8d50284fe82f06169bd7020280735c337,sparse_common_feasible_9f8fccc5aaf5b9bb
inst_351b2f1044631455ab325f3efabb01e0e041402aa854cb63ffe41759af6edb31,max3sat,train,selective,,design_a6f025aa56fe7063e921,8,0,8,10,15,0.0,45.0,device_sparse_v1,12,2026082724,131,101,19,routing_pass_callback,53,0.011119899994810112,pass,,,compiler_d2b3b8844e9b97c1d3d3fd40,2.4.2,c1fe6ddb0aa5e0bd75dbc46707e2824bbe199bac82b2d766160294ce56353d99,9626c07cf4ccf3251a3585a4b367551c7a78f57218970c0d71f73f221adea5d3,351ff6c8d50284fe82f06169bd7020280735c337,sparse_common_feasible_9f8fccc5aaf5b9bb
inst_351b2f1044631455ab325f3efabb01e0e041402aa854cb63ffe41759af6edb31,max3sat,train,selective,,design_a6f025aa56fe7063e921,8,0,8,10,15,0.0,45.0,device_sparse_v1,12,2026082725,139,100,23,routing_pass_callback,61,0.011631400004262105,pass,,,compiler_d2b3b8844e9b97c1d3d3fd40,2.4.2,c1fe6ddb0aa5e0bd75dbc46707e2824bbe199bac82b2d766160294ce56353d99,9626c07cf4ccf3251a3585a4b367551c7a78f57218970c0d71f73f221adea5d3,351ff6c8d50284fe82f06169bd7020280735c337,sparse_common_feasible_9f8fccc5aaf5b9bb
inst_44d41ee19adf16187d2472123669bbf847d64335b452c13d07c64d022afdbd6a,max3sat,train,all_native,,design_5bf50ca6b5fc9b89a962,8,0,8,11,15,0.0,141.0,device_sparse_v1,12,2026082721,141,100,21,routing_pass_callback,59,0.014472399998339824,pass,,,compiler_d2b3b8844e9b97c1d3d3fd40,2.4.2,c1fe6ddb0aa5e0bd75dbc46707e2824bbe199bac82b2d766160294ce56353d99,9626c07cf4ccf3251a3585a4b367551c7a78f57218970c0d71f73f221adea5d3,351ff6c8d50284fe82f06169bd7020280735c337,sparse_common_feasible_9f8fccc5aaf5b9bb
inst_44d41ee19adf16187d2472123669bbf847d64335b452c13d07c64d022afdbd6a,max3sat,train,all_native,,design_5bf50ca6b5fc9b89a962,8,0,8,11,15,0.0,141.0,device_sparse_v1,12,2026082722,141,117,21,routing_pass_callback,59,0.014320800008135848,pass,,,compiler_d2b3b8844e9b97c1d3d3fd40,2.4.2,c1fe6ddb0aa5e0bd75dbc46707e2824bbe199bac82b2d766160294ce56353d99,9626c07cf4ccf3251a3585a4b367551c7a78f57218970c0d71f73f221adea5d3,351ff6c8d50284fe82f06169bd7020280735c337,sparse_common_feasible_9f8fccc5aaf5b9bb
inst_44d41ee19adf16187d2472123669bbf847d64335b452c13d07c64d022afdbd6a,max3sat,train,all_native,,design_5bf50ca6b5fc9b89a962,8,0,8,11,15,0.0,141.0,device_sparse_v1,12,2026082723,138,106,20,routing_pass_callback,56,0.011339999997289851,pass,,,compiler_d2b3b8844e9b97c1d3d3fd40,2.4.2,c1fe6ddb0aa5e0bd75dbc46707e2824bbe199bac82b2d766160294ce56353d99,9626c07cf4ccf3251a3585a4b367551c7a78f57218970c0d71f73f221adea5d3,351ff6c8d50284fe82f06169bd7020280735c337,sparse_common_feasible_9f8fccc5aaf5b9bb
inst_44d41ee19adf16187d2472123669bbf847d64335b452c13d07c64d022afdbd6a,max3sat,train,all_native,,design_5bf50ca6b5fc9b89a962,8,0,8,11,15,0.0,141.0,device_sparse_v1,12,2026082724,140,98,20,routing_pass_callback,58,0.011825199995655566,pass,,,compiler_d2b3b8844e9b97c1d3d3fd40,2.4.2,c1fe6ddb0aa5e0bd75dbc46707e2824bbe199bac82b2d766160294ce56353d99,9626c07cf4ccf3251a3585a4b367551c7a78f57218970c0d71f73f221adea5d3,351ff6c8d50284fe82f06169bd7020280735c337,sparse_common_feasible_9f8fccc5aaf5b9bb
inst_44d41ee19adf16187d2472123669bbf847d64335b452c13d07c64d022afdbd6a,max3sat,train,all_native,,design_5bf50ca6b5fc9b89a962,8,0,8,11,15,0.0,141.0,device_sparse_v1,12,2026082725,138,109,20,routing_pass_callback,56,0.012973700009752065,pass,,,compiler_d2b3b8844e9b97c1d3d3fd40,2.4.2,c1fe6ddb0aa5e0bd75dbc46707e2824bbe199bac82b2d766160294ce56353d99,9626c07cf4ccf3251a3585a4b367551c7a78f57218970c0d71f73f221adea5d3,351ff6c8d50284fe82f06169bd7020280735c337,sparse_common_feasible_9f8fccc5aaf5b9bb
inst_44d41ee19adf16187d2472123669bbf847d64335b452c13d07c64d022afdbd6a,max3sat,train,fully_quadratized,,design_3dd997257d7294def6fd,8,2,10,0,30,24.0,179.0,device_sparse_v1,12,2026082721,95,61,13,routing_pass_callback,35,0.013293299998622388,pass,,,compiler_d2b3b8844e9b97c1d3d3fd40,2.4.2,c1fe6ddb0aa5e0bd75dbc46707e2824bbe199bac82b2d766160294ce56353d99,9626c07cf4ccf3251a3585a4b367551c7a78f57218970c0d71f73f221adea5d3,351ff6c8d50284fe82f06169bd7020280735c337,sparse_common_feasible_9f8fccc5aaf5b9bb
inst_44d41ee19adf16187d2472123669bbf847d64335b452c13d07c64d022afdbd6a,max3sat,train,fully_quadratized,,design_3dd997257d7294def6fd,8,2,10,0,30,24.0,179.0,device_sparse_v1,12,2026082722,96,64,12,routing_pass_callback,36,0.010133799994946457,pass,,,compiler_d2b3b8844e9b97c1d3d3fd40,2.4.2,c1fe6ddb0aa5e0bd75dbc46707e2824bbe199bac82b2d766160294ce56353d99,9626c07cf4ccf3251a3585a4b367551c7a78f57218970c0d71f73f221adea5d3,351ff6c8d50284fe82f06169bd7020280735c337,sparse_common_feasible_9f8fccc5aaf5b9bb
inst_44d41ee19adf16187d2472123669bbf847d64335b452c13d07c64d022afdbd6a,max3sat,train,fully_quadratized,,design_3dd997257d7294def6fd,8,2,10,0,30,24.0,179.0,device_sparse_v1,12,2026082723,99,73,13,routing_pass_callback,39,0.009873000002698973,pass,,,compiler_d2b3b8844e9b97c1d3d3fd40,2.4.2,c1fe6ddb0aa5e0bd75dbc46707e2824bbe199bac82b2d766160294ce56353d99,9626c07cf4ccf3251a3585a4b367551c7a78f57218970c0d71f73f221adea5d3,351ff6c8d50284fe82f06169bd7020280735c337,sparse_common_feasible_9f8fccc5aaf5b9bb
inst_44d41ee19adf16187d2472123669bbf847d64335b452c13d07c64d022afdbd6a,max3sat,train,fully_quadratized,,design_3dd997257d7294def6fd,8,2,10,0,30,24.0,179.0,device_sparse_v1,12,2026082724,97,56,13,routing_pass_callback,37,0.011633899994194508,pass,,,compiler_d2b3b8844e9b97c1d3d3fd40,2.4.2,c1fe6ddb0aa5e0bd75dbc46707e2824bbe199bac82b2d766160294ce56353d99,9626c07cf4ccf3251a3585a4b367551c7a78f57218970c0d71f73f221adea5d3,351ff6c8d50284fe82f06169bd7020280735c337,sparse_common_feasible_9f8fccc5aaf5b9bb
inst_44d41ee19adf16187d2472123669bbf847d64335b452c13d07c64d022afdbd6a,max3sat,train,fully_quadratized,,design_3dd997257d7294def6fd,8,2,10,0,30,24.0,179.0,device_sparse_v1,12,2026082725,97,72,13,routing_pass_callback,37,0.011208299998543225,pass,,,compiler_d2b3b8844e9b97c1d3d3fd40,2.4.2,c1fe6ddb0aa5e0bd75dbc46707e2824bbe199bac82b2d766160294ce56353d99,9626c07cf4ccf3251a3585a4b367551c7a78f57218970c0d71f73f221adea5d3,351ff6c8d50284fe82f06169bd7020280735c337,sparse_common_feasible_9f8fccc5aaf5b9bb
inst_44d41ee19adf16187d2472123669bbf847d64335b452c13d07c64d022afdbd6a,max3sat,train,selective,,design_5bf50ca6b5fc9b89a962,8,0,8,11,15,0.0,141.0,device_sparse_v1,12,2026082721,141,100,21,routing_pass_callback,59,0.014056200001505204,pass,,,compiler_d2b3b8844e9b97c1d3d3fd40,2.4.2,c1fe6ddb0aa5e0bd75dbc46707e2824bbe199bac82b2d766160294ce56353d99,9626c07cf4ccf3251a3585a4b367551c7a78f57218970c0d71f73f221adea5d3,351ff6c8d50284fe82f06169bd7020280735c337,sparse_common_feasible_9f8fccc5aaf5b9bb
inst_44d41ee19adf16187d2472123669bbf847d64335b452c13d07c64d022afdbd6a,max3sat,train,selective,,design_5bf50ca6b5fc9b89a962,8,0,8,11,15,0.0,141.0,device_sparse_v1,12,2026082722,141,117,21,routing_pass_callback,59,0.013007500005187467,pass,,,compiler_d2b3b8844e9b97c1d3d3fd40,2.4.2,c1fe6ddb0aa5e0bd75dbc46707e2824bbe199bac82b2d766160294ce56353d99,9626c07cf4ccf3251a3585a4b367551c7a78f57218970c0d71f73f221adea5d3,351ff6c8d50284fe82f06169bd7020280735c337,sparse_common_feasible_9f8fccc5aaf5b9bb
inst_44d41ee19adf16187d2472123669bbf847d64335b452c13d07c64d022afdbd6a,max3sat,train,selective,,design_5bf50ca6b5fc9b89a962,8,0,8,11,15,0.0,141.0,device_sparse_v1,12,2026082723,138,106,20,routing_pass_callback,56,0.0126248000015039,pass,,,compiler_d2b3b8844e9b97c1d3d3fd40,2.4.2,c1fe6ddb0aa5e0bd75dbc46707e2824bbe199bac82b2d766160294ce56353d99,9626c07cf4ccf3251a3585a4b367551c7a78f57218970c0d71f73f221adea5d3,351ff6c8d50284fe82f06169bd7020280735c337,sparse_common_feasible_9f8fccc5aaf5b9bb
inst_44d41ee19adf16187d2472123669bbf847d64335b452c13d07c64d022afdbd6a,max3sat,train,selective,,design_5bf50ca6b5fc9b89a962,8,0,8,11,15,0.0,141.0,device_sparse_v1,12,2026082724,140,98,20,routing_pass_callback,58,0.013619399993331172,pass,,,compiler_d2b3b8844e9b97c1d3d3fd40,2.4.2,c1fe6ddb0aa5e0bd75dbc46707e2824bbe199bac82b2d766160294ce56353d99,9626c07cf4ccf3251a3585a4b367551c7a78f57218970c0d71f73f221adea5d3,351ff6c8d50284fe82f06169bd7020280735c337,sparse_common_feasible_9f8fccc5aaf5b9bb
inst_44d41ee19adf16187d2472123669bbf847d64335b452c13d07c64d022afdbd6a,max3sat,train,selective,,design_5bf50ca6b5fc9b89a962,8,0,8,11,15,0.0,141.0,device_sparse_v1,12,2026082725,138,109,20,routing_pass_callback,56,0.011362799996277317,pass,,,compiler_d2b3b8844e9b97c1d3d3fd40,2.4.2,c1fe6ddb0aa5e0bd75dbc46707e2824bbe199bac82b2d766160294ce56353d99,9626c07cf4ccf3251a3585a4b367551c7a78f57218970c0d71f73f221adea5d3,351ff6c8d50284fe82f06169bd7020280735c337,sparse_common_feasible_9f8fccc5aaf5b9bb
inst_4a5cdf12000be45c6e4eed5c6e54361319ac9cc9ed9744d18b2b715e8842bdac,max3sat,train,all_native,,design_a6f025aa56fe7063e921,8,0,8,10,19,0.0,100.0,device_sparse_v1,12,2026082721,125,97,19,routing_pass_callback,51,0.01617909999913536,pass,,,compiler_d2b3b8844e9b97c1d3d3fd40,2.4.2,c1fe6ddb0aa5e0bd75dbc46707e2824bbe199bac82b2d766160294ce56353d99,9626c07cf4ccf3251a3585a4b367551c7a78f57218970c0d71f73f221adea5d3,351ff6c8d50284fe82f06169bd7020280735c337,sparse_common_feasible_9f8fccc5aaf5b9bb
inst_4a5cdf12000be45c6e4eed5c6e54361319ac9cc9ed9744d18b2b715e8842bdac,max3sat,train,all_native,,design_a6f025aa56fe7063e921,8,0,8,10,19,0.0,100.0,device_sparse_v1,12,2026082722,120,92,18,routing_pass_callback,46,0.012987199996132404,pass,,,compiler_d2b3b8844e9b97c1d3d3fd40,2.4.2,c1fe6ddb0aa5e0bd75dbc46707e2824bbe199bac82b2d766160294ce56353d99,9626c07cf4ccf3251a3585a4b367551c7a78f57218970c0d71f73f221adea5d3,351ff6c8d50284fe82f06169bd7020280735c337,sparse_common_feasible_9f8fccc5aaf5b9bb
inst_4a5cdf12000be45c6e4eed5c6e54361319ac9cc9ed9744d18b2b715e8842bdac,max3sat,train,all_native,,design_a6f025aa56fe7063e921,8,0,8,10,19,0.0,100.0,device_sparse_v1,12,2026082723,116,92,16,routing_pass_callback,42,0.012459799996577203,pass,,,compiler_d2b3b8844e9b97c1d3d3fd40,2.4.2,c1fe6ddb0aa5e0bd75dbc46707e2824bbe199bac82b2d766160294ce56353d99,9626c07cf4ccf3251a3585a4b367551c7a78f57218970c0d71f73f221adea5d3,351ff6c8d50284fe82f06169bd7020280735c337,sparse_common_feasible_9f8fccc5aaf5b9bb
inst_4a5cdf12000be45c6e4eed5c6e54361319ac9cc9ed9744d18b2b715e8842bdac,max3sat,train,all_native,,design_a6f025aa56fe7063e921,8,0,8,10,19,0.0,100.0,device_sparse_v1,12,2026082724,118,92,18,routing_pass_callback,44,0.012601299997186288,pass,,,compiler_d2b3b8844e9b97c1d3d3fd40,2.4.2,c1fe6ddb0aa5e0bd75dbc46707e2824bbe199bac82b2d766160294ce56353d99,9626c07cf4ccf3251a3585a4b367551c7a78f57218970c0d71f73f221adea5d3,351ff6c8d50284fe82f06169bd7020280735c337,sparse_common_feasible_9f8fccc5aaf5b9bb
inst_4a5cdf12000be45c6e4eed5c6e54361319ac9cc9ed9744d18b2b715e8842bdac,max3sat,train,all_native,,design_a6f025aa56fe7063e921,8,0,8,10,19,0.0,100.0,device_sparse_v1,12,2026082725,120,93,18,routing_pass_callback,46,0.012938300002133474,pass,,,compiler_d2b3b8844e9b97c1d3d3fd40,2.4.2,c1fe6ddb0aa5e0bd75dbc46707e2824bbe199bac82b2d766160294ce56353d99,9626c07cf4ccf3251a3585a4b367551c7a78f57218970c0d71f73f221adea5d3,351ff6c8d50284fe82f06169bd7020280735c337,sparse_common_feasible_9f8fccc5aaf5b9bb
inst_4a5cdf12000be45c6e4eed5c6e54361319ac9cc9ed9744d18b2b715e8842bdac,max3sat,train,fully_quadratized,,design_557d67647042c157dd50,8,2,10,0,33,24.0,174.0,device_sparse_v1,12,2026082721,105,57,15,routing_pass_callback,39,0.012286400000448339,pass,,,compiler_d2b3b8844e9b97c1d3d3fd40,2.4.2,c1fe6ddb0aa5e0bd75dbc46707e2824bbe199bac82b2d766160294ce56353d99,9626c07cf4ccf3251a3585a4b367551c7a78f57218970c0d71f73f221adea5d3,351ff6c8d50284fe82f06169bd7020280735c337,sparse_common_feasible_9f8fccc5aaf5b9bb
inst_4a5cdf12000be45c6e4eed5c6e54361319ac9cc9ed9744d18b2b715e8842bdac,max3sat,train,fully_quadratized,,design_557d67647042c157dd50,8,2,10,0,33,24.0,174.0,device_sparse_v1,12,2026082722,114,80,16,routing_pass_callback,48,0.012079200008884072,pass,,,compiler_d2b3b8844e9b97c1d3d3fd40,2.4.2,c1fe6ddb0aa5e0bd75dbc46707e2824bbe199bac82b2d766160294ce56353d99,9626c07cf4ccf3251a3585a4b367551c7a78f57218970c0d71f73f221adea5d3,351ff6c8d50284fe82f06169bd7020280735c337,sparse_common_feasible_9f8fccc5aaf5b9bb
inst_4a5cdf12000be45c6e4eed5c6e54361319ac9cc9ed9744d18b2b715e8842bdac,max3sat,train,fully_quadratized,,design_557d67647042c157dd50,8,2,10,0,33,24.0,174.0,device_sparse_v1,12,2026082723,114,82,16,routing_pass_callback,48,0.010872600003494881,pass,,,compiler_d2b3b8844e9b97c1d3d3fd40,2.4.2,c1fe6ddb0aa5e0bd75dbc46707e2824bbe199bac82b2d766160294ce56353d99,9626c07cf4ccf3251a3585a4b367551c7a78f57218970c0d71f73f221adea5d3,351ff6c8d50284fe82f06169bd7020280735c337,sparse_common_feasible_9f8fccc5aaf5b9bb
inst_4a5cdf12000be45c6e4eed5c6e54361319ac9cc9ed9744d18b2b715e8842bdac,max3sat,train,fully_quadratized,,design_557d67647042c157dd50,8,2,10,0,33,24.0,174.0,device_sparse_v1,12,2026082724,107,74,15,routing_pass_callback,41,0.011375799993402325,pass,,,compiler_d2b3b8844e9b97c1d3d3fd40,2.4.2,c1fe6ddb0aa5e0bd75dbc46707e2824bbe199bac82b2d766160294ce56353d99,9626c07cf4ccf3251a3585a4b367551c7a78f57218970c0d71f73f221adea5d3,351ff6c8d50284fe82f06169bd7020280735c337,sparse_common_feasible_9f8fccc5aaf5b9bb
inst_4a5cdf12000be45c6e4eed5c6e54361319ac9cc9ed9744d18b2b715e8842bdac,max3sat,train,fully_quadratized,,design_557d67647042c157dd50,8,2,10,0,33,24.0,174.0,device_sparse_v1,12,2026082725,107,65,15,routing_pass_callback,41,0.010925899987341836,pass,,,compiler_d2b3b8844e9b97c1d3d3fd40,2.4.2,c1fe6ddb0aa5e0bd75dbc46707e2824bbe199bac82b2d766160294ce56353d99,9626c07cf4ccf3251a3585a4b367551c7a78f57218970c0d71f73f221adea5d3,351ff6c8d50284fe82f06169bd7020280735c337,sparse_common_feasible_9f8fccc5aaf5b9bb
inst_4a5cdf12000be45c6e4eed5c6e54361319ac9cc9ed9744d18b2b715e8842bdac,max3sat,train,selective,,design_a6f025aa56fe7063e921,8,0,8,10,19,0.0,100.0,device_sparse_v1,12,2026082721,125,97,19,routing_pass_callback,51,0.014068599994061515,pass,,,compiler_d2b3b8844e9b97c1d3d3fd40,2.4.2,c1fe6ddb0aa5e0bd75dbc46707e2824bbe199bac82b2d766160294ce56353d99,9626c07cf4ccf3251a3585a4b367551c7a78f57218970c0d71f73f221adea5d3,351ff6c8d50284fe82f06169bd7020280735c337,sparse_common_feasible_9f8fccc5aaf5b9bb
inst_4a5cdf12000be45c6e4eed5c6e54361319ac9cc9ed9744d18b2b715e8842bdac,max3sat,train,selective,,design_a6f025aa56fe7063e921,8,0,8,10,19,0.0,100.0,device_sparse_v1,12,2026082722,120,92,18,routing_pass_callback,46,0.010980299994116649,pass,,,compiler_d2b3b8844e9b97c1d3d3fd40,2.4.2,c1fe6ddb0aa5e0bd75dbc46707e2824bbe199bac82b2d766160294ce56353d99,9626c07cf4ccf3251a3585a4b367551c7a78f57218970c0d71f73f221adea5d3,351ff6c8d50284fe82f06169bd7020280735c337,sparse_common_feasible_9f8fccc5aaf5b9bb
inst_4a5cdf12000be45c6e4eed5c6e54361319ac9cc9ed9744d18b2b715e8842bdac,max3sat,train,selective,,design_a6f025aa56fe7063e921,8,0,8,10,19,0.0,100.0,device_sparse_v1,12,2026082723,116,92,16,routing_pass_callback,42,0.009999599991715513,pass,,,compiler_d2b3b8844e9b97c1d3d3fd40,2.4.2,c1fe6ddb0aa5e0bd75dbc46707e2824bbe199bac82b2d766160294ce56353d99,9626c07cf4ccf3251a3585a4b367551c7a78f57218970c0d71f73f221adea5d3,351ff6c8d50284fe82f06169bd7020280735c337,sparse_common_feasible_9f8fccc5aaf5b9bb
inst_4a5cdf12000be45c6e4eed5c6e54361319ac9cc9ed9744d18b2b715e8842bdac,max3sat,train,selective,,design_a6f025aa56fe7063e921,8,0,8,10,19,0.0,100.0,device_sparse_v1,12,2026082724,118,92,18,routing_pass_callback,44,0.012355500002740882,pass,,,compiler_d2b3b8844e9b97c1d3d3fd40,2.4.2,c1fe6ddb0aa5e0bd75dbc46707e2824bbe199bac82b2d766160294ce56353d99,9626c07cf4ccf3251a3585a4b367551c7a78f57218970c0d71f73f221adea5d3,351ff6c8d50284fe82f06169bd7020280735c337,sparse_common_feasible_9f8fccc5aaf5b9bb
inst_4a5cdf12000be45c6e4eed5c6e54361319ac9cc9ed9744d18b2b715e8842bdac,max3sat,train,selective,,design_a6f025aa56fe7063e921,8,0,8,10,19,0.0,100.0,device_sparse_v1,12,2026082725,120,93,18,routing_pass_callback,46,0.010517000002437271,pass,,,compiler_d2b3b8844e9b97c1d3d3fd40,2.4.2,c1fe6ddb0aa5e0bd75dbc46707e2824bbe199bac82b2d766160294ce56353d99,9626c07cf4ccf3251a3585a4b367551c7a78f57218970c0d71f73f221adea5d3,351ff6c8d50284fe82f06169bd7020280735c337,sparse_common_feasible_9f8fccc5aaf5b9bb
inst_53dec71c3e2fae0bd3971cba514a32e1708dd7cd2ca9764224bca5022a248a7e,cubic_spin_glass,train,all_native,,design_574fee1a0aba0d9a42e3,8,0,8,8,16,0.0,1.0,device_sparse_v1,12,2026082721,37,34,3,routing_pass_callback,5,0.0066482000111136585,pass,,,compiler_d2b3b8844e9b97c1d3d3fd40,2.4.2,c1fe6ddb0aa5e0bd75dbc46707e2824bbe199bac82b2d766160294ce56353d99,9626c07cf4ccf3251a3585a4b367551c7a78f57218970c0d71f73f221adea5d3,351ff6c8d50284fe82f06169bd7020280735c337,sparse_common_feasible_9f8fccc5aaf5b9bb
inst_53dec71c3e2fae0bd3971cba514a32e1708dd7cd2ca9764224bca5022a248a7e,cubic_spin_glass,train,all_native,,design_574fee1a0aba0d9a42e3,8,0,8,8,16,0.0,1.0,device_sparse_v1,12,2026082722,35,32,3,routing_pass_callback,3,0.004935699995257892,pass,,,compiler_d2b3b8844e9b97c1d3d3fd40,2.4.2,c1fe6ddb0aa5e0bd75dbc46707e2824bbe199bac82b2d766160294ce56353d99,9626c07cf4ccf3251a3585a4b367551c7a78f57218970c0d71f73f221adea5d3,351ff6c8d50284fe82f06169bd7020280735c337,sparse_common_feasible_9f8fccc5aaf5b9bb
inst_53dec71c3e2fae0bd3971cba514a32e1708dd7cd2ca9764224bca5022a248a7e,cubic_spin_glass,train,all_native,,design_574fee1a0aba0d9a42e3,8,0,8,8,16,0.0,1.0,device_sparse_v1,12,2026082723,35,29,3,routing_pass_callback,3,0.005512999996426515,pass,,,compiler_d2b3b8844e9b97c1d3d3fd40,2.4.2,c1fe6ddb0aa5e0bd75dbc46707e2824bbe199bac82b2d766160294ce56353d99,9626c07cf4ccf3251a3585a4b367551c7a78f57218970c0d71f73f221adea5d3,351ff6c8d50284fe82f06169bd7020280735c337,sparse_common_feasible_9f8fccc5aaf5b9bb
inst_53dec71c3e2fae0bd3971cba514a32e1708dd7cd2ca9764224bca5022a248a7e,cubic_spin_glass,train,all_native,,design_574fee1a0aba0d9a42e3,8,0,8,8,16,0.0,1.0,device_sparse_v1,12,2026082724,33,30,3,routing_pass_callback,1,0.0060864999977638945,pass,,,compiler_d2b3b8844e9b97c1d3d3fd40,2.4.2,c1fe6ddb0aa5e0bd75dbc46707e2824bbe199bac82b2d766160294ce56353d99,9626c07cf4ccf3251a3585a4b367551c7a78f57218970c0d71f73f221adea5d3,351ff6c8d50284fe82f06169bd7020280735c337,sparse_common_feasible_9f8fccc5aaf5b9bb
inst_53dec71c3e2fae0bd3971cba514a32e1708dd7cd2ca9764224bca5022a248a7e,cubic_spin_glass,train,all_native,,design_574fee1a0aba0d9a42e3,8,0,8,8,16,0.0,1.0,device_sparse_v1,12,2026082725,35,30,3,routing_pass_callback,3,0.004078300000401214,pass,,,compiler_d2b3b8844e9b97c1d3d3fd40,2.4.2,c1fe6ddb0aa5e0bd75dbc46707e2824bbe199bac82b2d766160294ce56353d99,9626c07cf4ccf3251a3585a4b367551c7a78f57218970c0d71f73f221adea5d3,351ff6c8d50284fe82f06169bd7020280735c337,sparse_common_feasible_9f8fccc5aaf5b9bb
inst_53dec71c3e2fae0bd3971cba514a32e1708dd7cd2ca9764224bca5022a248a7e,cubic_spin_glass,train,fully_quadratized,,design_995ef6c3c7c7af0b5585,8,2,10,0,28,25.0,33.5,device_sparse_v1,12,2026082721,86,64,12,routing_pass_callback,30,0.005500900006154552,pass,,,compiler_d2b3b8844e9b97c1d3d3fd40,2.4.2,c1fe6ddb0aa5e0bd75dbc46707e2824bbe199bac82b2d766160294ce56353d99,9626c07cf4ccf3251a3585a4b367551c7a78f57218970c0d71f73f221adea5d3,351ff6c8d50284fe82f06169bd7020280735c337,sparse_common_feasible_9f8fccc5aaf5b9bb
inst_53dec71c3e2fae0bd3971cba514a32e1708dd7cd2ca9764224bca5022a248a7e,cubic_spin_glass,train,fully_quadratized,,design_995ef6c3c7c7af0b5585,8,2,10,0,28,25.0,33.5,device_sparse_v1,12,2026082722,93,66,13,routing_pass_callback,37,0.004948600006173365,pass,,,compiler_d2b3b8844e9b97c1d3d3fd40,2.4.2,c1fe6ddb0aa5e0bd75dbc46707e2824bbe199bac82b2d766160294ce56353d99,9626c07cf4ccf3251a3585a4b367551c7a78f57218970c0d71f73f221adea5d3,351ff6c8d50284fe82f06169bd7020280735c337,sparse_common_feasible_9f8fccc5aaf5b9bb
inst_53dec71c3e2fae0bd3971cba514a32e1708dd7cd2ca9764224bca5022a248a7e,cubic_spin_glass,train,fully_quadratized,,design_995ef6c3c7c7af0b5585,8,2,10,0,28,25.0,33.5,device_sparse_v1,12,2026082723,91,55,13,routing_pass_callback,35,0.00644800000009127,pass,,,compiler_d2b3b8844e9b97c1d3d3fd40,2.4.2,c1fe6ddb0aa5e0bd75dbc46707e2824bbe199bac82b2d766160294ce56353d99,9626c07cf4ccf3251a3585a4b367551c7a78f57218970c0d71f73f221adea5d3,351ff6c8d50284fe82f06169bd7020280735c337,sparse_common_feasible_9f8fccc5aaf5b9bb
inst_53dec71c3e2fae0bd3971cba514a32e1708dd7cd2ca9764224bca5022a248a7e,cubic_spin_glass,train,fully_quadratized,,design_995ef6c3c7c7af0b5585,8,2,10,0,28,25.0,33.5,device_sparse_v1,12,2026082724,98,60,14,routing_pass_callback,42,0.005609499989077449,pass,,,compiler_d2b3b8844e9b97c1d3d3fd40,2.4.2,c1fe6ddb0aa5e0bd75dbc46707e2824bbe199bac82b2d766160294ce56353d99,9626c07cf4ccf3251a3585a4b367551c7a78f57218970c0d71f73f221adea5d3,351ff6c8d50284fe82f06169bd7020280735c337,sparse_common_feasible_9f8fccc5aaf5b9bb
inst_53dec71c3e2fae0bd3971cba514a32e1708dd7cd2ca9764224bca5022a248a7e,cubic_spin_glass,train,fully_quadratized,,design_995ef6c3c7c7af0b5585,8,2,10,0,28,25.0,33.5,device_sparse_v1,12,2026082725,77,48,9,routing_pass_callback,21,0.0051582000014605,pass,,,compiler_d2b3b8844e9b97c1d3d3fd40,2.4.2,c1fe6ddb0aa5e0bd75dbc46707e2824bbe199bac82b2d766160294ce56353d99,9626c07cf4ccf3251a3585a4b367551c7a78f57218970c0d71f73f221adea5d3,351ff6c8d50284fe82f06169bd7020280735c337,sparse_common_feasible_9f8fccc5aaf5b9bb
inst_53dec71c3e2fae0bd3971cba514a32e1708dd7cd2ca9764224bca5022a248a7e,cubic_spin_glass,train,selective,,design_574fee1a0aba0d9a42e3,8,0,8,8,16,0.0,1.0,device_sparse_v1,12,2026082721,37,34,3,routing_pass_callback,5,0.00464339999598451,pass,,,compiler_d2b3b8844e9b97c1d3d3fd40,2.4.2,c1fe6ddb0aa5e0bd75dbc46707e2824bbe199bac82b2d766160294ce56353d99,9626c07cf4ccf3251a3585a4b367551c7a78f57218970c0d71f73f221adea5d3,351ff6c8d50284fe82f06169bd7020280735c337,sparse_common_feasible_9f8fccc5aaf5b9bb
inst_53dec71c3e2fae0bd3971cba514a32e1708dd7cd2ca9764224bca5022a248a7e,cubic_spin_glass,train,selective,,design_574fee1a0aba0d9a42e3,8,0,8,8,16,0.0,1.0,device_sparse_v1,12,2026082722,35,32,3,routing_pass_callback,3,0.006497100010165013,pass,,,compiler_d2b3b8844e9b97c1d3d3fd40,2.4.2,c1fe6ddb0aa5e0bd75dbc46707e2824bbe199bac82b2d766160294ce56353d99,9626c07cf4ccf3251a3585a4b367551c7a78f57218970c0d71f73f221adea5d3,351ff6c8d50284fe82f06169bd7020280735c337,sparse_common_feasible_9f8fccc5aaf5b9bb
inst_53dec71c3e2fae0bd3971cba514a32e1708dd7cd2ca9764224bca5022a248a7e,cubic_spin_glass,train,selective,,design_574fee1a0aba0d9a42e3,8,0,8,8,16,0.0,1.0,device_sparse_v1,12,2026082723,35,29,3,routing_pass_callback,3,0.005578999989666045,pass,,,compiler_d2b3b8844e9b97c1d3d3fd40,2.4.2,c1fe6ddb0aa5e0bd75dbc46707e2824bbe199bac82b2d766160294ce56353d99,9626c07cf4ccf3251a3585a4b367551c7a78f57218970c0d71f73f221adea5d3,351ff6c8d50284fe82f06169bd7020280735c337,sparse_common_feasible_9f8fccc5aaf5b9bb
inst_53dec71c3e2fae0bd3971cba514a32e1708dd7cd2ca9764224bca5022a248a7e,cubic_spin_glass,train,selective,,design_574fee1a0aba0d9a42e3,8,0,8,8,16,0.0,1.0,device_sparse_v1,12,2026082724,33,30,3,routing_pass_callback,1,0.006461899989517406,pass,,,compiler_d2b3b8844e9b97c1d3d3fd40,2.4.2,c1fe6ddb0aa5e0bd75dbc46707e2824bbe199bac82b2d766160294ce56353d99,9626c07cf4ccf3251a3585a4b367551c7a78f57218970c0d71f73f221adea5d3,351ff6c8d50284fe82f06169bd7020280735c337,sparse_common_feasible_9f8fccc5aaf5b9bb
inst_53dec71c3e2fae0bd3971cba514a32e1708dd7cd2ca9764224bca5022a248a7e,cubic_spin_glass,train,selective,,design_574fee1a0aba0d9a42e3,8,0,8,8,16,0.0,1.0,device_sparse_v1,12,2026082725,35,30,3,routing_pass_callback,3,0.008160799989127554,pass,,,compiler_d2b3b8844e9b97c1d3d3fd40,2.4.2,c1fe6ddb0aa5e0bd75dbc46707e2824bbe199bac82b2d766160294ce56353d99,9626c07cf4ccf3251a3585a4b367551c7a78f57218970c0d71f73f221adea5d3,351ff6c8d50284fe82f06169bd7020280735c337,sparse_common_feasible_9f8fccc5aaf5b9bb
inst_5683a8170815775476c0c3080ab79c1cfd47561fea54e8872321c0e570d236f8,max3sat,train,all_native,,design_574fee1a0aba0d9a42e3,8,0,8,8,11,0.0,54.0,device_sparse_v1,12,2026082721,72,64,8,routing_pass_callback,14,0.007307799998670816,pass,,,compiler_d2b3b8844e9b97c1d3d3fd40,2.4.2,c1fe6ddb0aa5e0bd75dbc46707e2824bbe199bac82b2d766160294ce56353d99,9626c07cf4ccf3251a3585a4b367551c7a78f57218970c0d71f73f221adea5d3,351ff6c8d50284fe82f06169bd7020280735c337,sparse_common_feasible_9f8fccc5aaf5b9bb
inst_5683a8170815775476c0c3080ab79c1cfd47561fea54e8872321c0e570d236f8,max3sat,train,all_native,,design_574fee1a0aba0d9a42e3,8,0,8,8,11,0.0,54.0,device_sparse_v1,12,2026082722,72,64,8,routing_pass_callback,14,0.007635899994056672,pass,,,compiler_d2b3b8844e9b97c1d3d3fd40,2.4.2,c1fe6ddb0aa5e0bd75dbc46707e2824bbe199bac82b2d766160294ce56353d99,9626c07cf4ccf3251a3585a4b367551c7a78f57218970c0d71f73f221adea5d3,351ff6c8d50284fe82f06169bd7020280735c337,sparse_common_feasible_9f8fccc5aaf5b9bb
inst_5683a8170815775476c0c3080ab79c1cfd47561fea54e8872321c0e570d236f8,max3sat,train,all_native,,design_574fee1a0aba0d9a42e3,8,0,8,8,11,0.0,54.0,device_sparse_v1,12,2026082723,75,61,9,routing_pass_callback,17,0.007944500001030974,pass,,,compiler_d2b3b8844e9b97c1d3d3fd40,2.4.2,c1fe6ddb0aa5e0bd75dbc46707e2824bbe199bac82b2d766160294ce56353d99,9626c07cf4ccf3251a3585a4b367551c7a78f57218970c0d71f73f221adea5d3,351ff6c8d50284fe82f06169bd7020280735c337,sparse_common_feasible_9f8fccc5aaf5b9bb
inst_5683a8170815775476c0c3080ab79c1cfd47561fea54e8872321c0e570d236f8,max3sat,train,all_native,,design_574fee1a0aba0d9a42e3,8,0,8,8,11,0.0,54.0,device_sparse_v1,12,2026082724,74,68,8,routing_pass_callback,16,0.007919600000604987,pass,,,compiler_d2b3b8844e9b97c1d3d3fd40,2.4.2,c1fe6ddb0aa5e0bd75dbc46707e2824bbe199bac82b2d766160294ce56353d99,9626c07cf4ccf3251a3585a4b367551c7a78f57218970c0d71f73f221adea5d3,351ff6c8d50284fe82f06169bd7020280735c337,sparse_common_feasible_9f8fccc5aaf5b9bb
inst_5683a8170815775476c0c3080ab79c1cfd47561fea54e8872321c0e570d236f8,max3sat,train,all_native,,design_574fee1a0aba0d9a42e3,8,0,8,8,11,0.0,54.0,device_sparse_v1,12,2026082725,75,61,9,routing_pass_callback,17,0.00783630000660196,pass,,,compiler_d2b3b8844e9b97c1d3d3fd40,2.4.2,c1fe6ddb0aa5e0bd75dbc46707e2824bbe199bac82b2d766160294ce56353d99,9626c07cf4ccf3251a3585a4b367551c7a78f57218970c0d71f73f221adea5d3,351ff6c8d50284fe82f06169bd7020280735c337,sparse_common_feasible_9f8fccc5aaf5b9bb
inst_5683a8170815775476c0c3080ab79c1cfd47561fea54e8872321c0e570d236f8,max3sat,train,fully_quadratized,,design_ae074786fcec8c431cea,8,2,10,0,24,14.0,86.0,device_sparse_v1,12,2026082721,71,41,9,routing_pass_callback,23,0.007373400003416464,pass,,,compiler_d2b3b8844e9b97c1d3d3fd40,2.4.2,c1fe6ddb0aa5e0bd75dbc46707e2824bbe199bac82b2d766160294ce56353d99,9626c07cf4ccf3251a3585a4b367551c7a78f57218970c0d71f73f221adea5d3,351ff6c8d50284fe82f06169bd7020280735c337,sparse_common_feasible_9f8fccc5aaf5b9bb
inst_5683a8170815775476c0c3080ab79c1cfd47561fea54e8872321c0e570d236f8,max3sat,train,fully_quadratized,,design_ae074786fcec8c431cea,8,2,10,0,24,14.0,86.0,device_sparse_v1,12,2026082722,72,49,10,routing_pass_callback,24,0.005893699999433011,pass,,,compiler_d2b3b8844e9b97c1d3d3fd40,2.4.2,c1fe6ddb0aa5e0bd75dbc46707e2824bbe199bac82b2d766160294ce56353d99,9626c07cf4ccf3251a3585a4b367551c7a78f57218970c0d71f73f221adea5d3,351ff6c8d50284fe82f06169bd7020280735c337,sparse_common_feasible_9f8fccc5aaf5b9bb
inst_5683a8170815775476c0c3080ab79c1cfd47561fea54e8872321c0e570d236f8,max3sat,train,fully_quadratized,,design_ae074786fcec8c431cea,8,2,10,0,24,14.0,86.0,device_sparse_v1,12,2026082723,75,51,9,routing_pass_callback,27,0.005299800002831034,pass,,,compiler_d2b3b8844e9b97c1d3d3fd40,2.4.2,c1fe6ddb0aa5e0bd75dbc46707e2824bbe199bac82b2d766160294ce56353d99,9626c07cf4ccf3251a3585a4b367551c7a78f57218970c0d71f73f221adea5d3,351ff6c8d50284fe82f06169bd7020280735c337,sparse_common_feasible_9f8fccc5aaf5b9bb
inst_5683a8170815775476c0c3080ab79c1cfd47561fea54e8872321c0e570d236f8,max3sat,train,fully_quadratized,,design_ae074786fcec8c431cea,8,2,10,0,24,14.0,86.0,device_sparse_v1,12,2026082724,71,45,9,routing_pass_callback,23,0.007109799989848398,pass,,,compiler_d2b3b8844e9b97c1d3d3fd40,2.4.2,c1fe6ddb0aa5e0bd75dbc46707e2824bbe199bac82b2d766160294ce56353d99,9626c07cf4ccf3251a3585a4b367551c7a78f57218970c0d71f73f221adea5d3,351ff6c8d50284fe82f06169bd7020280735c337,sparse_common_feasible_9f8fccc5aaf5b9bb
inst_5683a8170815775476c0c3080ab79c1cfd47561fea54e8872321c0e570d236f8,max3sat,train,fully_quadratized,,design_ae074786fcec8c431cea,8,2,10,0,24,14.0,86.0,device_sparse_v1,12,2026082725,73,52,9,routing_pass_callback,25,0.005946300007053651,pass,,,compiler_d2b3b8844e9b97c1d3d3fd40,2.4.2,c1fe6ddb0aa5e0bd75dbc46707e2824bbe199bac82b2d766160294ce56353d99,9626c07cf4ccf3251a3585a4b367551c7a78f57218970c0d71f73f221adea5d3,351ff6c8d50284fe82f06169bd7020280735c337,sparse_common_feasible_9f8fccc5aaf5b9bb
inst_5683a8170815775476c0c3080ab79c1cfd47561fea54e8872321c0e570d236f8,max3sat,train,selective,,design_574fee1a0aba0d9a42e3,8,0,8,8,11,0.0,54.0,device_sparse_v1,12,2026082721,72,64,8,routing_pass_callback,14,0.049950600005104207,pass,,,compiler_d2b3b8844e9b97c1d3d3fd40,2.4.2,c1fe6ddb0aa5e0bd75dbc46707e2824bbe199bac82b2d766160294ce56353d99,9626c07cf4ccf3251a3585a4b367551c7a78f57218970c0d71f73f221adea5d3,351ff6c8d50284fe82f06169bd7020280735c337,sparse_common_feasible_9f8fccc5aaf5b9bb
inst_5683a8170815775476c0c3080ab79c1cfd47561fea54e8872321c0e570d236f8,max3sat,train,selective,,design_574fee1a0aba0d9a42e3,8,0,8,8,11,0.0,54.0,device_sparse_v1,12,2026082722,72,64,8,routing_pass_callback,14,0.009252799995010719,pass,,,compiler_d2b3b8844e9b97c1d3d3fd40,2.4.2,c1fe6ddb0aa5e0bd75dbc46707e2824bbe199bac82b2d766160294ce56353d99,9626c07cf4ccf3251a3585a4b367551c7a78f57218970c0d71f73f221adea5d3,351ff6c8d50284fe82f06169bd7020280735c337,sparse_common_feasible_9f8fccc5aaf5b9bb
inst_5683a8170815775476c0c3080ab79c1cfd47561fea54e8872321c0e570d236f8,max3sat,train,selective,,design_574fee1a0aba0d9a42e3,8,0,8,8,11,0.0,54.0,device_sparse_v1,12,2026082723,75,61,9,routing_pass_callback,17,0.007794600009219721,pass,,,compiler_d2b3b8844e9b97c1d3d3fd40,2.4.2,c1fe6ddb0aa5e0bd75dbc46707e2824bbe199bac82b2d766160294ce56353d99,9626c07cf4ccf3251a3585a4b367551c7a78f57218970c0d71f73f221adea5d3,351ff6c8d50284fe82f06169bd7020280735c337,sparse_common_feasible_9f8fccc5aaf5b9bb
inst_5683a8170815775476c0c3080ab79c1cfd47561fea54e8872321c0e570d236f8,max3sat,train,selective,,design_574fee1a0aba0d9a42e3,8,0,8,8,11,0.0,54.0,device_sparse_v1,12,2026082724,74,68,8,routing_pass_callback,16,0.00850580001133494,pass,,,compiler_d2b3b8844e9b97c1d3d3fd40,2.4.2,c1fe6ddb0aa5e0bd75dbc46707e2824bbe199bac82b2d766160294ce56353d99,9626c07cf4ccf3251a3585a4b367551c7a78f57218970c0d71f73f221adea5d3,351ff6c8d50284fe82f06169bd7020280735c337,sparse_common_feasible_9f8fccc5aaf5b9bb
inst_5683a8170815775476c0c3080ab79c1cfd47561fea54e8872321c0e570d236f8,max3sat,train,selective,,design_574fee1a0aba0d9a42e3,8,0,8,8,11,0.0,54.0,device_sparse_v1,12,2026082725,75,61,9,routing_pass_callback,17,0.007640200012247078,pass,,,compiler_d2b3b8844e9b97c1d3d3fd40,2.4.2,c1fe6ddb0aa5e0bd75dbc46707e2824bbe199bac82b2d766160294ce56353d99,9626c07cf4ccf3251a3585a4b367551c7a78f57218970c0d71f73f221adea5d3,351ff6c8d50284fe82f06169bd7020280735c337,sparse_common_feasible_9f8fccc5aaf5b9bb
inst_59d47f0711e495d090f7fe436c47b3444643657d19e1e4fc567b971685dcb3e2,cubic_spin_glass,train,all_native,,design_574fee1a0aba0d9a42e3,8,0,8,8,14,0.0,1.0,device_sparse_v1,12,2026082721,40,31,4,routing_pass_callback,8,0.006190100000821985,pass,,,compiler_d2b3b8844e9b97c1d3d3fd40,2.4.2,c1fe6ddb0aa5e0bd75dbc46707e2824bbe199bac82b2d766160294ce56353d99,9626c07cf4ccf3251a3585a4b367551c7a78f57218970c0d71f73f221adea5d3,351ff6c8d50284fe82f06169bd7020280735c337,sparse_common_feasible_9f8fccc5aaf5b9bb
inst_59d47f0711e495d090f7fe436c47b3444643657d19e1e4fc567b971685dcb3e2,cubic_spin_glass,train,all_native,,design_574fee1a0aba0d9a42e3,8,0,8,8,14,0.0,1.0,device_sparse_v1,12,2026082722,38,30,4,routing_pass_callback,6,0.005493199991178699,pass,,,compiler_d2b3b8844e9b97c1d3d3fd40,2.4.2,c1fe6ddb0aa5e0bd75dbc46707e2824bbe199bac82b2d766160294ce56353d99,9626c07cf4ccf3251a3585a4b367551c7a78f57218970c0d71f73f221adea5d3,351ff6c8d50284fe82f06169bd7020280735c337,sparse_common_feasible_9f8fccc5aaf5b9bb
inst_59d47f0711e495d090f7fe436c47b3444643657d19e1e4fc567b971685dcb3e2,cubic_spin_glass,train,all_native,,design_574fee1a0aba0d9a42e3,8,0,8,8,14,0.0,1.0,device_sparse_v1,12,2026082723,40,32,4,routing_pass_callback,8,0.009382699994603172,pass,,,compiler_d2b3b8844e9b97c1d3d3fd40,2.4.2,c1fe6ddb0aa5e0bd75dbc46707e2824bbe199bac82b2d766160294ce56353d99,9626c07cf4ccf3251a3585a4b367551c7a78f57218970c0d71f73f221adea5d3,351ff6c8d50284fe82f06169bd7020280735c337,sparse_common_feasible_9f8fccc5aaf5b9bb
inst_59d47f0711e495d090f7fe436c47b3444643657d19e1e4fc567b971685dcb3e2,cubic_spin_glass,train,all_native,,design_574fee1a0aba0d9a42e3,8,0,8,8,14,0.0,1.0,device_sparse_v1,12,2026082724,38,30,4,routing_pass_callback,6,0.005732899997383356,pass,,,compiler_d2b3b8844e9b97c1d3d3fd40,2.4.2,c1fe6ddb0aa5e0bd75dbc46707e2824bbe199bac82b2d766160294ce56353d99,9626c07cf4ccf3251a3585a4b367551c7a78f57218970c0d71f73f221adea5d3,351ff6c8d50284fe82f06169bd7020280735c337,sparse_common_feasible_9f8fccc5aaf5b9bb
inst_59d47f0711e495d090f7fe436c47b3444643657d19e1e4fc567b971685dcb3e2,cubic_spin_glass,train,all_native,,design_574fee1a0aba0d9a42e3,8,0,8,8,14,0.0,1.0,device_sparse_v1,12,2026082725,38,30,4,routing_pass_callback,6,0.008808699989458546,pass,,,compiler_d2b3b8844e9b97c1d3d3fd40,2.4.2,c1fe6ddb0aa5e0bd75dbc46707e2824bbe199bac82b2d766160294ce56353d99,9626c07cf4ccf3251a3585a4b367551c7a78f57218970c0d71f73f221adea5d3,351ff6c8d50284fe82f06169bd7020280735c337,sparse_common_feasible_9f8fccc5aaf5b9bb
inst_59d47f0711e495d090f7fe436c47b3444643657d19e1e4fc567b971685dcb3e2,cubic_spin_glass,train,fully_quadratized,,design_469a01300095a790630b,8,2,10,0,26,33.0,33.5,device_sparse_v1,12,2026082721,80,59,10,routing_pass_callback,28,0.010543899988988414,pass,,,compiler_d2b3b8844e9b97c1d3d3fd40,2.4.2,c1fe6ddb0aa5e0bd75dbc46707e2824bbe199bac82b2d766160294ce56353d99,9626c07cf4ccf3251a3585a4b367551c7a78f57218970c0d71f73f221adea5d3,351ff6c8d50284fe82f06169bd7020280735c337,sparse_common_feasible_9f8fccc5aaf5b9bb
inst_59d47f0711e495d090f7fe436c47b3444643657d19e1e4fc567b971685dcb3e2,cubic_spin_glass,train,fully_quadratized,,design_469a01300095a790630b,8,2,10,0,26,33.0,33.5,device_sparse_v1,12,2026082722,82,52,10,routing_pass_callback,30,0.007163699992815964,pass,,,compiler_d2b3b8844e9b97c1d3d3fd40,2.4.2,c1fe6ddb0aa5e0bd75dbc46707e2824bbe199bac82b2d766160294ce56353d99,9626c07cf4ccf3251a3585a4b367551c7a78f57218970c0d71f73f221adea5d3,351ff6c8d50284fe82f06169bd7020280735c337,sparse_common_feasible_9f8fccc5aaf5b9bb
inst_59d47f0711e495d090f7fe436c47b3444643657d19e1e4fc567b971685dcb3e2,cubic_spin_glass,train,fully_quadratized,,design_469a01300095a790630b,8,2,10,0,26,33.0,33.5,device_sparse_v1,12,2026082723,82,50,10,routing_pass_callback,30,0.007787900001858361,pass,,,compiler_d2b3b8844e9b97c1d3d3fd40,2.4.2,c1fe6ddb0aa5e0bd75dbc46707e2824bbe199bac82b2d766160294ce56353d99,9626c07cf4ccf3251a3585a4b367551c7a78f57218970c0d71f73f221adea5d3,351ff6c8d50284fe82f06169bd7020280735c337,sparse_common_feasible_9f8fccc5aaf5b9bb
inst_59d47f0711e495d090f7fe436c47b3444643657d19e1e4fc567b971685dcb3e2,cubic_spin_glass,train,fully_quadratized,,design_469a01300095a790630b,8,2,10,0,26,33.0,33.5,device_sparse_v1,12,2026082724,78,45,10,routing_pass_callback,26,0.007699000008869916,pass,,,compiler_d2b3b8844e9b97c1d3d3fd40,2.4.2,c1fe6ddb0aa5e0bd75dbc46707e2824bbe199bac82b2d766160294ce56353d99,9626c07cf4ccf3251a3585a4b367551c7a78f57218970c0d71f73f221adea5d3,351ff6c8d50284fe82f06169bd7020280735c337,sparse_common_feasible_9f8fccc5aaf5b9bb
inst_59d47f0711e495d090f7fe436c47b3444643657d19e1e4fc567b971685dcb3e2,cubic_spin_glass,train,fully_quadratized,,design_469a01300095a790630b,8,2,10,0,26,33.0,33.5,device_sparse_v1,12,2026082725,77,48,9,routing_pass_callback,25,0.006772599997930229,pass,,,compiler_d2b3b8844e9b97c1d3d3fd40,2.4.2,c1fe6ddb0aa5e0bd75dbc46707e2824bbe199bac82b2d766160294ce56353d99,9626c07cf4ccf3251a3585a4b367551c7a78f57218970c0d71f73f221adea5d3,351ff6c8d50284fe82f06169bd7020280735c337,sparse_common_feasible_9f8fccc5aaf5b9bb
inst_59d47f0711e495d090f7fe436c47b3444643657d19e1e4fc567b971685dcb3e2,cubic_spin_glass,train,selective,,design_574fee1a0aba0d9a42e3,8,0,8,8,14,0.0,1.0,device_sparse_v1,12,2026082721,40,31,4,routing_pass_callback,8,0.00592049999977462,pass,,,compiler_d2b3b8844e9b97c1d3d3fd40,2.4.2,c1fe6ddb0aa5e0bd75dbc46707e2824bbe199bac82b2d766160294ce56353d99,9626c07cf4ccf3251a3585a4b367551c7a78f57218970c0d71f73f221adea5d3,351ff6c8d50284fe82f06169bd7020280735c337,sparse_common_feasible_9f8fccc5aaf5b9bb
inst_59d47f0711e495d090f7fe436c47b3444643657d19e1e4fc567b971685dcb3e2,cubic_spin_glass,train,selective,,design_574fee1a0aba0d9a42e3,8,0,8,8,14,0.0,1.0,device_sparse_v1,12,2026082722,38,30,4,routing_pass_callback,6,0.008184800011804327,pass,,,compiler_d2b3b8844e9b97c1d3d3fd40,2.4.2,c1fe6ddb0aa5e0bd75dbc46707e2824bbe199bac82b2d766160294ce56353d99,9626c07cf4ccf3251a3585a4b367551c7a78f57218970c0d71f73f221adea5d3,351ff6c8d50284fe82f06169bd7020280735c337,sparse_common_feasible_9f8fccc5aaf5b9bb
inst_59d47f0711e495d090f7fe436c47b3444643657d19e1e4fc567b971685dcb3e2,cubic_spin_glass,train,selective,,design_574fee1a0aba0d9a42e3,8,0,8,8,14,0.0,1.0,device_sparse_v1,12,2026082723,40,32,4,routing_pass_callback,8,0.007127699995180592,pass,,,compiler_d2b3b8844e9b97c1d3d3fd40,2.4.2,c1fe6ddb0aa5e0bd75dbc46707e2824bbe199bac82b2d766160294ce56353d99,9626c07cf4ccf3251a3585a4b367551c7a78f57218970c0d71f73f221adea5d3,351ff6c8d50284fe82f06169bd7020280735c337,sparse_common_feasible_9f8fccc5aaf5b9bb
inst_59d47f0711e495d090f7fe436c47b3444643657d19e1e4fc567b971685dcb3e2,cubic_spin_glass,train,selective,,design_574fee1a0aba0d9a42e3,8,0,8,8,14,0.0,1.0,device_sparse_v1,12,2026082724,38,30,4,routing_pass_callback,6,0.006805899989558384,pass,,,compiler_d2b3b8844e9b97c1d3d3fd40,2.4.2,c1fe6ddb0aa5e0bd75dbc46707e2824bbe199bac82b2d766160294ce56353d99,9626c07cf4ccf3251a3585a4b367551c7a78f57218970c0d71f73f221adea5d3,351ff6c8d50284fe82f06169bd7020280735c337,sparse_common_feasible_9f8fccc5aaf5b9bb
inst_59d47f0711e495d090f7fe436c47b3444643657d19e1e4fc567b971685dcb3e2,cubic_spin_glass,train,selective,,design_574fee1a0aba0d9a42e3,8,0,8,8,14,0.0,1.0,device_sparse_v1,12,2026082725,38,30,4,routing_pass_callback,6,0.005965099990135059,pass,,,compiler_d2b3b8844e9b97c1d3d3fd40,2.4.2,c1fe6ddb0aa5e0bd75dbc46707e2824bbe199bac82b2d766160294ce56353d99,9626c07cf4ccf3251a3585a4b367551c7a78f57218970c0d71f73f221adea5d3,351ff6c8d50284fe82f06169bd7020280735c337,sparse_common_feasible_9f8fccc5aaf5b9bb
inst_623ed3fa24dead6f0f9dd1096cce82dc9a048bf774730e23b964d7d43607fd83,cubic_spin_glass,test,all_native,,design_574fee1a0aba0d9a42e3,8,0,8,8,13,0.0,1.0,device_sparse_v1,12,2026082721,48,41,6,routing_pass_callback,16,0.007574799994472414,pass,,,compiler_d2b3b8844e9b97c1d3d3fd40,2.4.2,c1fe6ddb0aa5e0bd75dbc46707e2824bbe199bac82b2d766160294ce56353d99,9626c07cf4ccf3251a3585a4b367551c7a78f57218970c0d71f73f221adea5d3,351ff6c8d50284fe82f06169bd7020280735c337,sparse_common_feasible_9f8fccc5aaf5b9bb
inst_623ed3fa24dead6f0f9dd1096cce82dc9a048bf774730e23b964d7d43607fd83,cubic_spin_glass,test,all_native,,design_574fee1a0aba0d9a42e3,8,0,8,8,13,0.0,1.0,device_sparse_v1,12,2026082722,48,37,6,routing_pass_callback,16,0.00831250000919681,pass,,,compiler_d2b3b8844e9b97c1d3d3fd40,2.4.2,c1fe6ddb0aa5e0bd75dbc46707e2824bbe199bac82b2d766160294ce56353d99,9626c07cf4ccf3251a3585a4b367551c7a78f57218970c0d71f73f221adea5d3,351ff6c8d50284fe82f06169bd7020280735c337,sparse_common_feasible_9f8fccc5aaf5b9bb
inst_623ed3fa24dead6f0f9dd1096cce82dc9a048bf774730e23b964d7d43607fd83,cubic_spin_glass,test,all_native,,design_574fee1a0aba0d9a42e3,8,0,8,8,13,0.0,1.0,device_sparse_v1,12,2026082723,43,32,5,routing_pass_callback,11,0.005551299997023307,pass,,,compiler_d2b3b8844e9b97c1d3d3fd40,2.4.2,c1fe6ddb0aa5e0bd75dbc46707e2824bbe199bac82b2d766160294ce56353d99,9626c07cf4ccf3251a3585a4b367551c7a78f57218970c0d71f73f221adea5d3,351ff6c8d50284fe82f06169bd7020280735c337,sparse_common_feasible_9f8fccc5aaf5b9bb
inst_623ed3fa24dead6f0f9dd1096cce82dc9a048bf774730e23b964d7d43607fd83,cubic_spin_glass,test,all_native,,design_574fee1a0aba0d9a42e3,8,0,8,8,13,0.0,1.0,device_sparse_v1,12,2026082724,49,41,7,routing_pass_callback,17,0.007615800001076423,pass,,,compiler_d2b3b8844e9b97c1d3d3fd40,2.4.2,c1fe6ddb0aa5e0bd75dbc46707e2824bbe199bac82b2d766160294ce56353d99,9626c07cf4ccf3251a3585a4b367551c7a78f57218970c0d71f73f221adea5d3,351ff6c8d50284fe82f06169bd7020280735c337,sparse_common_feasible_9f8fccc5aaf5b9bb
inst_623ed3fa24dead6f0f9dd1096cce82dc9a048bf774730e23b964d7d43607fd83,cubic_spin_glass,test,all_native,,design_574fee1a0aba0d9a42e3,8,0,8,8,13,0.0,1.0,device_sparse_v1,12,2026082725,45,41,5,routing_pass_callback,13,0.006932599993888289,pass,,,compiler_d2b3b8844e9b97c1d3d3fd40,2.4.2,c1fe6ddb0aa5e0bd75dbc46707e2824bbe199bac82b2d766160294ce56353d99,9626c07cf4ccf3251a3585a4b367551c7a78f57218970c0d71f73f221adea5d3,351ff6c8d50284fe82f06169bd7020280735c337,sparse_common_feasible_9f8fccc5aaf5b9bb
inst_623ed3fa24dead6f0f9dd1096cce82dc9a048bf774730e23b964d7d43607fd83,cubic_spin_glass,test,fully_quadratized,,design_d57cc644b39c50b0be19,8,2,10,0,27,25.0,25.5,device_sparse_v1,12,2026082721,90,68,14,routing_pass_callback,36,0.008088600006885827,pass,,,compiler_d2b3b8844e9b97c1d3d3fd40,2.4.2,c1fe6ddb0aa5e0bd75dbc46707e2824bbe199bac82b2d766160294ce56353d99,9626c07cf4ccf3251a3585a4b367551c7a78f57218970c0d71f73f221adea5d3,351ff6c8d50284fe82f06169bd7020280735c337,sparse_common_feasible_9f8fccc5aaf5b9bb
inst_623ed3fa24dead6f0f9dd1096cce82dc9a048bf774730e23b964d7d43607fd83,cubic_spin_glass,test,fully_quadratized,,design_d57cc644b39c50b0be19,8,2,10,0,27,25.0,25.5,device_sparse_v1,12,2026082722,90,54,12,routing_pass_callback,36,0.006395100004738197,pass,,,compiler_d2b3b8844e9b97c1d3d3fd40,2.4.2,c1fe6ddb0aa5e0bd75dbc46707e2824bbe199bac82b2d766160294ce56353d99,9626c07cf4ccf3251a3585a4b367551c7a78f57218970c0d71f73f221adea5d3,351ff6c8d50284fe82f06169bd7020280735c337,sparse_common_feasible_9f8fccc5aaf5b9bb
inst_623ed3fa24dead6f0f9dd1096cce82dc9a048bf774730e23b964d7d43607fd83,cubic_spin_glass,test,fully_quadratized,,design_d57cc644b39c50b0be19,8,2,10,0,27,25.0,25.5,device_sparse_v1,12,2026082723,88,63,12,routing_pass_callback,34,0.007523299995227717,pass,,,compiler_d2b3b8844e9b97c1d3d3fd40,2.4.2,c1fe6ddb0aa5e0bd75dbc46707e2824bbe199bac82b2d766160294ce56353d99,9626c07cf4ccf3251a3585a4b367551c7a78f57218970c0d71f73f221adea5d3,351ff6c8d50284fe82f06169bd7020280735c337,sparse_common_feasible_9f8fccc5aaf5b9bb
inst_623ed3fa24dead6f0f9dd1096cce82dc9a048bf774730e23b964d7d43607fd83,cubic_spin_glass,test,fully_quadratized,,design_d57cc644b39c50b0be19,8,2,10,0,27,25.0,25.5,device_sparse_v1,12,2026082724,72,50,8,routing_pass_callback,18,0.007009699998889118,pass,,,compiler_d2b3b8844e9b97c1d3d3fd40,2.4.2,c1fe6ddb0aa5e0bd75dbc46707e2824bbe199bac82b2d766160294ce56353d99,9626c07cf4ccf3251a3585a4b367551c7a78f57218970c0d71f73f221adea5d3,351ff6c8d50284fe82f06169bd7020280735c337,sparse_common_feasible_9f8fccc5aaf5b9bb
inst_623ed3fa24dead6f0f9dd1096cce82dc9a048bf774730e23b964d7d43607fd83,cubic_spin_glass,test,fully_quadratized,,design_d57cc644b39c50b0be19,8,2,10,0,27,25.0,25.5,device_sparse_v1,12,2026082725,82,58,10,routing_pass_callback,28,0.006391200004145503,pass,,,compiler_d2b3b8844e9b97c1d3d3fd40,2.4.2,c1fe6ddb0aa5e0bd75dbc46707e2824bbe199bac82b2d766160294ce56353d99,9626c07cf4ccf3251a3585a4b367551c7a78f57218970c0d71f73f221adea5d3,351ff6c8d50284fe82f06169bd7020280735c337,sparse_common_feasible_9f8fccc5aaf5b9bb
inst_623ed3fa24dead6f0f9dd1096cce82dc9a048bf774730e23b964d7d43607fd83,cubic_spin_glass,test,selective,,design_574fee1a0aba0d9a42e3,8,0,8,8,13,0.0,1.0,device_sparse_v1,12,2026082721,48,41,6,routing_pass_callback,16,0.006063100008759648,pass,,,compiler_d2b3b8844e9b97c1d3d3fd40,2.4.2,c1fe6ddb0aa5e0bd75dbc46707e2824bbe199bac82b2d766160294ce56353d99,9626c07cf4ccf3251a3585a4b367551c7a78f57218970c0d71f73f221adea5d3,351ff6c8d50284fe82f06169bd7020280735c337,sparse_common_feasible_9f8fccc5aaf5b9bb
inst_623ed3fa24dead6f0f9dd1096cce82dc9a048bf774730e23b964d7d43607fd83,cubic_spin_glass,test,selective,,design_574fee1a0aba0d9a42e3,8,0,8,8,13,0.0,1.0,device_sparse_v1,12,2026082722,48,37,6,routing_pass_callback,16,0.006026799994288012,pass,,,compiler_d2b3b8844e9b97c1d3d3fd40,2.4.2,c1fe6ddb0aa5e0bd75dbc46707e2824bbe199bac82b2d766160294ce56353d99,9626c07cf4ccf3251a3585a4b367551c7a78f57218970c0d71f73f221adea5d3,351ff6c8d50284fe82f06169bd7020280735c337,sparse_common_feasible_9f8fccc5aaf5b9bb
inst_623ed3fa24dead6f0f9dd1096cce82dc9a048bf774730e23b964d7d43607fd83,cubic_spin_glass,test,selective,,design_574fee1a0aba0d9a42e3,8,0,8,8,13,0.0,1.0,device_sparse_v1,12,2026082723,43,32,5,routing_pass_callback,11,0.0059369999944465235,pass,,,compiler_d2b3b8844e9b97c1d3d3fd40,2.4.2,c1fe6ddb0aa5e0bd75dbc46707e2824bbe199bac82b2d766160294ce56353d99,9626c07cf4ccf3251a3585a4b367551c7a78f57218970c0d71f73f221adea5d3,351ff6c8d50284fe82f06169bd7020280735c337,sparse_common_feasible_9f8fccc5aaf5b9bb
inst_623ed3fa24dead6f0f9dd1096cce82dc9a048bf774730e23b964d7d43607fd83,cubic_spin_glass,test,selective,,design_574fee1a0aba0d9a42e3,8,0,8,8,13,0.0,1.0,device_sparse_v1,12,2026082724,49,41,7,routing_pass_callback,17,0.0076508000056492165,pass,,,compiler_d2b3b8844e9b97c1d3d3fd40,2.4.2,c1fe6ddb0aa5e0bd75dbc46707e2824bbe199bac82b2d766160294ce56353d99,9626c07cf4ccf3251a3585a4b367551c7a78f57218970c0d71f73f221adea5d3,351ff6c8d50284fe82f06169bd7020280735c337,sparse_common_feasible_9f8fccc5aaf5b9bb
inst_623ed3fa24dead6f0f9dd1096cce82dc9a048bf774730e23b964d7d43607fd83,cubic_spin_glass,test,selective,,design_574fee1a0aba0d9a42e3,8,0,8,8,13,0.0,1.0,device_sparse_v1,12,2026082725,45,41,5,routing_pass_callback,13,0.005481600004713982,pass,,,compiler_d2b3b8844e9b97c1d3d3fd40,2.4.2,c1fe6ddb0aa5e0bd75dbc46707e2824bbe199bac82b2d766160294ce56353d99,9626c07cf4ccf3251a3585a4b367551c7a78f57218970c0d71f73f221adea5d3,351ff6c8d50284fe82f06169bd7020280735c337,sparse_common_feasible_9f8fccc5aaf5b9bb
inst_67bfa1c14b3388aa4788b1b0b8fb0a628d9e11fad6d7ead7faa4270deca7be29,max3sat,test,all_native,,design_5bf50ca6b5fc9b89a962,8,0,8,11,18,0.0,101.0,device_sparse_v1,12,2026082721,139,104,21,routing_pass_callback,51,0.008907999988878146,pass,,,compiler_d2b3b8844e9b97c1d3d3fd40,2.4.2,c1fe6ddb0aa5e0bd75dbc46707e2824bbe199bac82b2d766160294ce56353d99,9626c07cf4ccf3251a3585a4b367551c7a78f57218970c0d71f73f221adea5d3,351ff6c8d50284fe82f06169bd7020280735c337,sparse_common_feasible_9f8fccc5aaf5b9bb
inst_67bfa1c14b3388aa4788b1b0b8fb0a628d9e11fad6d7ead7faa4270deca7be29,max3sat,test,all_native,,design_5bf50ca6b5fc9b89a962,8,0,8,11,18,0.0,101.0,device_sparse_v1,12,2026082722,148,125,22,routing_pass_callback,60,0.005950999999186024,pass,,,compiler_d2b3b8844e9b97c1d3d3fd40,2.4.2,c1fe6ddb0aa5e0bd75dbc46707e2824bbe199bac82b2d766160294ce56353d99,9626c07cf4ccf3251a3585a4b367551c7a78f57218970c0d71f73f221adea5d3,351ff6c8d50284fe82f06169bd7020280735c337,sparse_common_feasible_9f8fccc5aaf5b9bb
inst_67bfa1c14b3388aa4788b1b0b8fb0a628d9e11fad6d7ead7faa4270deca7be29,max3sat,test,all_native,,design_5bf50ca6b5fc9b89a962,8,0,8,11,18,0.0,101.0,device_sparse_v1,12,2026082723,145,100,21,routing_pass_callback,57,0.005641000010655262,pass,,,compiler_d2b3b8844e9b97c1d3d3fd40,2.4.2,c1fe6ddb0aa5e0bd75dbc46707e2824bbe199bac82b2d766160294ce56353d99,9626c07cf4ccf3251a3585a4b367551c7a78f57218970c0d71f73f221adea5d3,351ff6c8d50284fe82f06169bd7020280735c337,sparse_common_feasible_9f8fccc5aaf5b9bb
inst_67bfa1c14b3388aa4788b1b0b8fb0a628d9e11fad6d7ead7faa4270deca7be29,max3sat,test,all_native,,design_5bf50ca6b5fc9b89a962,8,0,8,11,18,0.0,101.0,device_sparse_v1,12,2026082724,146,100,22,routing_pass_callback,58,0.006128199995146133,pass,,,compiler_d2b3b8844e9b97c1d3d3fd40,2.4.2,c1fe6ddb0aa5e0bd75dbc46707e2824bbe199bac82b2d766160294ce56353d99,9626c07cf4ccf3251a3585a4b367551c7a78f57218970c0d71f73f221adea5d3,351ff6c8d50284fe82f06169bd7020280735c337,sparse_common_feasible_9f8fccc5aaf5b9bb
inst_67bfa1c14b3388aa4788b1b0b8fb0a628d9e11fad6d7ead7faa4270deca7be29,max3sat,test,all_native,,design_5bf50ca6b5fc9b89a962,8,0,8,11,18,0.0,101.0,device_sparse_v1,12,2026082725,148,113,22,routing_pass_callback,60,0.006170399996335618,pass,,,compiler_d2b3b8844e9b97c1d3d3fd40,2.4.2,c1fe6ddb0aa5e0bd75dbc46707e2824bbe199bac82b2d766160294ce56353d99,9626c07cf4ccf3251a3585a4b367551c7a78f57218970c0d71f73f221adea5d3,351ff6c8d50284fe82f06169bd7020280735c337,sparse_common_feasible_9f8fccc5aaf5b9bb
inst_67bfa1c14b3388aa4788b1b0b8fb0a628d9e11fad6d7ead7faa4270deca7be29,max3sat,test,fully_quadratized,,design_d43897f20d354b8e9aa6,8,2,10,0,33,31.0,211.0,device_sparse_v1,12,2026082721,111,57,17,routing_pass_callback,45,0.007668100006412715,pass,,,compiler_d2b3b8844e9b97c1d3d3fd40,2.4.2,c1fe6ddb0aa5e0bd75dbc46707e2824bbe199bac82b2d766160294ce56353d99,9626c07cf4ccf3251a3585a4b367551c7a78f57218970c0d71f73f221adea5d3,351ff6c8d50284fe82f06169bd7020280735c337,sparse_common_feasible_9f8fccc5aaf5b9bb
inst_67bfa1c14b3388aa4788b1b0b8fb0a628d9e11fad6d7ead7faa4270deca7be29,max3sat,test,fully_quadratized,,design_d43897f20d354b8e9aa6,8,2,10,0,33,31.0,211.0,device_sparse_v1,12,2026082722,105,66,15,routing_pass_callback,39,0.007048400002531707,pass,,,compiler_d2b3b8844e9b97c1d3d3fd40,2.4.2,c1fe6ddb0aa5e0bd75dbc46707e2824bbe199bac82b2d766160294ce56353d99,9626c07cf4ccf3251a3585a4b367551c7a78f57218970c0d71f73f221adea5d3,351ff6c8d50284fe82f06169bd7020280735c337,sparse_common_feasible_9f8fccc5aaf5b9bb
inst_67bfa1c14b3388aa4788b1b0b8fb0a628d9e11fad6d7ead7faa4270deca7be29,max3sat,test,fully_quadratized,,design_d43897f20d354b8e9aa6,8,2,10,0,33,31.0,211.0,device_sparse_v1,12,2026082723,103,47,13,routing_pass_callback,37,0.008133199997246265,pass,,,compiler_d2b3b8844e9b97c1d3d3fd40,2.4.2,c1fe6ddb0aa5e0bd75dbc46707e2824bbe199bac82b2d766160294ce56353d99,9626c07cf4ccf3251a3585a4b367551c7a78f57218970c0d71f73f221adea5d3,351ff6c8d50284fe82f06169bd7020280735c337,sparse_common_feasible_9f8fccc5aaf5b9bb
inst_67bfa1c14b3388aa4788b1b0b8fb0a628d9e11fad6d7ead7faa4270deca7be29,max3sat,test,fully_quadratized,,design_d43897f20d354b8e9aa6,8,2,10,0,33,31.0,211.0,device_sparse_v1,12,2026082724,105,57,15,routing_pass_callback,39,0.007440900008077733,pass,,,compiler_d2b3b8844e9b97c1d3d3fd40,2.4.2,c1fe6ddb0aa5e0bd75dbc46707e2824bbe199bac82b2d766160294ce56353d99,9626c07cf4ccf3251a3585a4b367551c7a78f57218970c0d71f73f221adea5d3,351ff6c8d50284fe82f06169bd7020280735c337,sparse_common_feasible_9f8fccc5aaf5b9bb
inst_67bfa1c14b3388aa4788b1b0b8fb0a628d9e11fad6d7ead7faa4270deca7be29,max3sat,test,fully_quadratized,,design_d43897f20d354b8e9aa6,8,2,10,0,33,31.0,211.0,device_sparse_v1,12,2026082725,105,60,15,routing_pass_callback,39,0.009842799991020001,pass,,,compiler_d2b3b8844e9b97c1d3d3fd40,2.4.2,c1fe6ddb0aa5e0bd75dbc46707e2824bbe199bac82b2d766160294ce56353d99,9626c07cf4ccf3251a3585a4b367551c7a78f57218970c0d71f73f221adea5d3,351ff6c8d50284fe82f06169bd7020280735c337,sparse_common_feasible_9f8fccc5aaf5b9bb
inst_67bfa1c14b3388aa4788b1b0b8fb0a628d9e11fad6d7ead7faa4270deca7be29,max3sat,test,selective,,design_5bf50ca6b5fc9b89a962,8,0,8,11,18,0.0,101.0,device_sparse_v1,12,2026082721,139,104,21,routing_pass_callback,51,0.008885999995982274,pass,,,compiler_d2b3b8844e9b97c1d3d3fd40,2.4.2,c1fe6ddb0aa5e0bd75dbc46707e2824bbe199bac82b2d766160294ce56353d99,9626c07cf4ccf3251a3585a4b367551c7a78f57218970c0d71f73f221adea5d3,351ff6c8d50284fe82f06169bd7020280735c337,sparse_common_feasible_9f8fccc5aaf5b9bb
inst_67bfa1c14b3388aa4788b1b0b8fb0a628d9e11fad6d7ead7faa4270deca7be29,max3sat,test,selective,,design_5bf50ca6b5fc9b89a962,8,0,8,11,18,0.0,101.0,device_sparse_v1,12,2026082722,148,125,22,routing_pass_callback,60,0.008803299991996028,pass,,,compiler_d2b3b8844e9b97c1d3d3fd40,2.4.2,c1fe6ddb0aa5e0bd75dbc46707e2824bbe199bac82b2d766160294ce56353d99,9626c07cf4ccf3251a3585a4b367551c7a78f57218970c0d71f73f221adea5d3,351ff6c8d50284fe82f06169bd7020280735c337,sparse_common_feasible_9f8fccc5aaf5b9bb
inst_67bfa1c14b3388aa4788b1b0b8fb0a628d9e11fad6d7ead7faa4270deca7be29,max3sat,test,selective,,design_5bf50ca6b5fc9b89a962,8,0,8,11,18,0.0,101.0,device_sparse_v1,12,2026082723,145,100,21,routing_pass_callback,57,0.00655160000314936,pass,,,compiler_d2b3b8844e9b97c1d3d3fd40,2.4.2,c1fe6ddb0aa5e0bd75dbc46707e2824bbe199bac82b2d766160294ce56353d99,9626c07cf4ccf3251a3585a4b367551c7a78f57218970c0d71f73f221adea5d3,351ff6c8d50284fe82f06169bd7020280735c337,sparse_common_feasible_9f8fccc5aaf5b9bb
inst_67bfa1c14b3388aa4788b1b0b8fb0a628d9e11fad6d7ead7faa4270deca7be29,max3sat,test,selective,,design_5bf50ca6b5fc9b89a962,8,0,8,11,18,0.0,101.0,device_sparse_v1,12,2026082724,146,100,22,routing_pass_callback,58,0.010916200000792742,pass,,,compiler_d2b3b8844e9b97c1d3d3fd40,2.4.2,c1fe6ddb0aa5e0bd75dbc46707e2824bbe199bac82b2d766160294ce56353d99,9626c07cf4ccf3251a3585a4b367551c7a78f57218970c0d71f73f221adea5d3,351ff6c8d50284fe82f06169bd7020280735c337,sparse_common_feasible_9f8fccc5aaf5b9bb
inst_67bfa1c14b3388aa4788b1b0b8fb0a628d9e11fad6d7ead7faa4270deca7be29,max3sat,test,selective,,design_5bf50ca6b5fc9b89a962,8,0,8,11,18,0.0,101.0,device_sparse_v1,12,2026082725,148,113,22,routing_pass_callback,60,0.016523600002983585,pass,,,compiler_d2b3b8844e9b97c1d3d3fd40,2.4.2,c1fe6ddb0aa5e0bd75dbc46707e2824bbe199bac82b2d766160294ce56353d99,9626c07cf4ccf3251a3585a4b367551c7a78f57218970c0d71f73f221adea5d3,351ff6c8d50284fe82f06169bd7020280735c337,sparse_common_feasible_9f8fccc5aaf5b9bb
inst_6de219ee046e11cc6b3925b66cc25f0b4641e502623cd3aa766407f918c53235,cubic_spin_glass,train,all_native,,design_574fee1a0aba0d9a42e3,8,0,8,8,16,0.0,1.0,device_sparse_v1,12,2026082721,50,42,6,routing_pass_callback,18,0.0062864999927114695,pass,,,compiler_d2b3b8844e9b97c1d3d3fd40,2.4.2,c1fe6ddb0aa5e0bd75dbc46707e2824bbe199bac82b2d766160294ce56353d99,9626c07cf4ccf3251a3585a4b367551c7a78f57218970c0d71f73f221adea5d3,351ff6c8d50284fe82f06169bd7020280735c337,sparse_common_feasible_9f8fccc5aaf5b9bb
inst_6de219ee046e11cc6b3925b66cc25f0b4641e502623cd3aa766407f918c53235,cubic_spin_glass,train,all_native,,design_574fee1a0aba0d9a42e3,8,0,8,8,16,0.0,1.0,device_sparse_v1,12,2026082722,53,37,7,routing_pass_callback,21,0.005492699987371452,pass,,,compiler_d2b3b8844e9b97c1d3d3fd40,2.4.2,c1fe6ddb0aa5e0bd75dbc46707e2824bbe199bac82b2d766160294ce56353d99,9626c07cf4ccf3251a3585a4b367551c7a78f57218970c0d71f73f221adea5d3,351ff6c8d50284fe82f06169bd7020280735c337,sparse_common_feasible_9f8fccc5aaf5b9bb
inst_6de219ee046e11cc6b3925b66cc25f0b4641e502623cd3aa766407f918c53235,cubic_spin_glass,train,all_native,,design_574fee1a0aba0d9a42e3,8,0,8,8,16,0.0,1.0,device_sparse_v1,12,2026082723,49,45,7,routing_pass_callback,17,0.005045500001870096,pass,,,compiler_d2b3b8844e9b97c1d3d3fd40,2.4.2,c1fe6ddb0aa5e0bd75dbc46707e2824bbe199bac82b2d766160294ce56353d99,9626c07cf4ccf3251a3585a4b367551c7a78f57218970c0d71f73f221adea5d3,351ff6c8d50284fe82f06169bd7020280735c337,sparse_common_feasible_9f8fccc5aaf5b9bb
inst_6de219ee046e11cc6b3925b66cc25f0b4641e502623cd3aa766407f918c53235,cubic_spin_glass,train,all_native,,design_574fee1a0aba0d9a42e3,8,0,8,8,16,0.0,1.0,device_sparse_v1,12,2026082724,45,42,5,routing_pass_callback,13,0.007125099989934824,pass,,,compiler_d2b3b8844e9b97c1d3d3fd40,2.4.2,c1fe6ddb0aa5e0bd75dbc46707e2824bbe199bac82b2d766160294ce56353d99,9626c07cf4ccf3251a3585a4b367551c7a78f57218970c0d71f73f221adea5d3,351ff6c8d50284fe82f06169bd7020280735c337,sparse_common_feasible_9f8fccc5aaf5b9bb
inst_6de219ee046e11cc6b3925b66cc25f0b4641e502623cd3aa766407f918c53235,cubic_spin_glass,train,all_native,,design_574fee1a0aba0d9a42e3,8,0,8,8,16,0.0,1.0,device_sparse_v1,12,2026082725,53,51,7,routing_pass_callback,21,0.005052100008470006,pass,,,compiler_d2b3b8844e9b97c1d3d3fd40,2.4.2,c1fe6ddb0aa5e0bd75dbc46707e2824bbe199bac82b2d766160294ce56353d99,9626c07cf4ccf3251a3585a4b367551c7a78f57218970c0d71f73f221adea5d3,351ff6c8d50284fe82f06169bd7020280735c337,sparse_common_feasible_9f8fccc5aaf5b9bb
inst_6de219ee046e11cc6b3925b66cc25f0b4641e502623cd3aa766407f918c53235,cubic_spin_glass,train,fully_quadratized,,design_d611ce552cffedeb9daa,8,2,10,0,28,25.0,29.5,device_sparse_v1,12,2026082721,85,50,13,routing_pass_callback,29,0.0057840999943437055,pass,,,compiler_d2b3b8844e9b97c1d3d3fd40,2.4.2,c1fe6ddb0aa5e0bd75dbc46707e2824bbe199bac82b2d766160294ce56353d99,9626c07cf4ccf3251a3585a4b367551c7a78f57218970c0d71f73f221adea5d3,351ff6c8d50284fe82f06169bd7020280735c337,sparse_common_feasible_9f8fccc5aaf5b9bb
inst_6de219ee046e11cc6b3925b66cc25f0b4641e502623cd3aa766407f918c53235,cubic_spin_glass,train,fully_quadratized,,design_d611ce552cffedeb9daa,8,2,10,0,28,25.0,29.5,device_sparse_v1,12,2026082722,84,52,10,routing_pass_callback,28,0.005632200001855381,pass,,,compiler_d2b3b8844e9b97c1d3d3fd40,2.4.2,c1fe6ddb0aa5e0bd75dbc46707e2824bbe199bac82b2d766160294ce56353d99,9626c07cf4ccf3251a3585a4b367551c7a78f57218970c0d71f73f221adea5d3,351ff6c8d50284fe82f06169bd7020280735c337,sparse_common_feasible_9f8fccc5aaf5b9bb
inst_6de219ee046e11cc6b3925b66cc25f0b4641e502623cd3aa766407f918c53235,cubic_spin_glass,train,fully_quadratized,,design_d611ce552cffedeb9daa,8,2,10,0,28,25.0,29.5,device_sparse_v1,12,2026082723,95,61,13,routing_pass_callback,39,0.006081100000301376,pass,,,compiler_d2b3b8844e9b97c1d3d3fd40,2.4.2,c1fe6ddb0aa5e0bd75dbc46707e2824bbe199bac82b2d766160294ce56353d99,9626c07cf4ccf3251a3585a4b367551c7a78f57218970c0d71f73f221adea5d3,351ff6c8d50284fe82f06169bd7020280735c337,sparse_common_feasible_9f8fccc5aaf5b9bb
inst_6de219ee046e11cc6b3925b66cc25f0b4641e502623cd3aa766407f918c53235,cubic_spin_glass,train,fully_quadratized,,design_d611ce552cffedeb9daa,8,2,10,0,28,25.0,29.5,device_sparse_v1,12,2026082724,78,57,8,routing_pass_callback,22,0.005654300010064617,pass,,,compiler_d2b3b8844e9b97c1d3d3fd40,2.4.2,c1fe6ddb0aa5e0bd75dbc46707e2824bbe199bac82b2d766160294ce56353d99,9626c07cf4ccf3251a3585a4b367551c7a78f57218970c0d71f73f221adea5d3,351ff6c8d50284fe82f06169bd7020280735c337,sparse_common_feasible_9f8fccc5aaf5b9bb
inst_6de219ee046e11cc6b3925b66cc25f0b4641e502623cd3aa766407f918c53235,cubic_spin_glass,train,fully_quadratized,,design_d611ce552cffedeb9daa,8,2,10,0,28,25.0,29.5,device_sparse_v1,12,2026082725,81,52,9,routing_pass_callback,25,0.006740600001649,pass,,,compiler_d2b3b8844e9b97c1d3d3fd40,2.4.2,c1fe6ddb0aa5e0bd75dbc46707e2824bbe199bac82b2d766160294ce56353d99,9626c07cf4ccf3251a3585a4b367551c7a78f57218970c0d71f73f221adea5d3,351ff6c8d50284fe82f06169bd7020280735c337,sparse_common_feasible_9f8fccc5aaf5b9bb
inst_6de219ee046e11cc6b3925b66cc25f0b4641e502623cd3aa766407f918c53235,cubic_spin_glass,train,selective,,design_574fee1a0aba0d9a42e3,8,0,8,8,16,0.0,1.0,device_sparse_v1,12,2026082721,50,42,6,routing_pass_callback,18,0.005305300001055002,pass,,,compiler_d2b3b8844e9b97c1d3d3fd40,2.4.2,c1fe6ddb0aa5e0bd75dbc46707e2824bbe199bac82b2d766160294ce56353d99,9626c07cf4ccf3251a3585a4b367551c7a78f57218970c0d71f73f221adea5d3,351ff6c8d50284fe82f06169bd7020280735c337,sparse_common_feasible_9f8fccc5aaf5b9bb
inst_6de219ee046e11cc6b3925b66cc25f0b4641e502623cd3aa766407f918c53235,cubic_spin_glass,train,selective,,design_574fee1a0aba0d9a42e3,8,0,8,8,16,0.0,1.0,device_sparse_v1,12,2026082722,53,37,7,routing_pass_callback,21,0.005233599993516691,pass,,,compiler_d2b3b8844e9b97c1d3d3fd40,2.4.2,c1fe6ddb0aa5e0bd75dbc46707e2824bbe199bac82b2d766160294ce56353d99,9626c07cf4ccf3251a3585a4b367551c7a78f57218970c0d71f73f221adea5d3,351ff6c8d50284fe82f06169bd7020280735c337,sparse_common_feasible_9f8fccc5aaf5b9bb
inst_6de219ee046e11cc6b3925b66cc25f0b4641e502623cd3aa766407f918c53235,cubic_spin_glass,train,selective,,design_574fee1a0aba0d9a42e3,8,0,8,8,16,0.0,1.0,device_sparse_v1,12,2026082723,49,45,7,routing_pass_callback,17,0.005066500001703389,pass,,,compiler_d2b3b8844e9b97c1d3d3fd40,2.4.2,c1fe6ddb0aa5e0bd75dbc46707e2824bbe199bac82b2d766160294ce56353d99,9626c07cf4ccf3251a3585a4b367551c7a78f57218970c0d71f73f221adea5d3,351ff6c8d50284fe82f06169bd7020280735c337,sparse_common_feasible_9f8fccc5aaf5b9bb
inst_6de219ee046e11cc6b3925b66cc25f0b4641e502623cd3aa766407f918c53235,cubic_spin_glass,train,selective,,design_574fee1a0aba0d9a42e3,8,0,8,8,16,0.0,1.0,device_sparse_v1,12,2026082724,45,42,5,routing_pass_callback,13,0.004873700003372505,pass,,,compiler_d2b3b8844e9b97c1d3d3fd40,2.4.2,c1fe6ddb0aa5e0bd75dbc46707e2824bbe199bac82b2d766160294ce56353d99,9626c07cf4ccf3251a3585a4b367551c7a78f57218970c0d71f73f221adea5d3,351ff6c8d50284fe82f06169bd7020280735c337,sparse_common_feasible_9f8fccc5aaf5b9bb
inst_6de219ee046e11cc6b3925b66cc25f0b4641e502623cd3aa766407f918c53235,cubic_spin_glass,train,selective,,design_574fee1a0aba0d9a42e3,8,0,8,8,16,0.0,1.0,device_sparse_v1,12,2026082725,53,51,7,routing_pass_callback,21,0.004890800002613105,pass,,,compiler_d2b3b8844e9b97c1d3d3fd40,2.4.2,c1fe6ddb0aa5e0bd75dbc46707e2824bbe199bac82b2d766160294ce56353d99,9626c07cf4ccf3251a3585a4b367551c7a78f57218970c0d71f73f221adea5d3,351ff6c8d50284fe82f06169bd7020280735c337,sparse_common_feasible_9f8fccc5aaf5b9bb
inst_6ea539895de41953dcf8585c9c5a14620e89386260235c3b1468a17d57ab2b23,cubic_spin_glass,train,all_native,,design_3c032a44a2ff1bb87b0c,8,0,8,16,20,0.0,1.0,device_sparse_v1,12,2026082721,103,81,15,routing_pass_callback,39,0.007717400003457442,pass,,,compiler_d2b3b8844e9b97c1d3d3fd40,2.4.2,c1fe6ddb0aa5e0bd75dbc46707e2824bbe199bac82b2d766160294ce56353d99,9626c07cf4ccf3251a3585a4b367551c7a78f57218970c0d71f73f221adea5d3,351ff6c8d50284fe82f06169bd7020280735c337,sparse_common_feasible_9f8fccc5aaf5b9bb
inst_6ea539895de41953dcf8585c9c5a14620e89386260235c3b1468a17d57ab2b23,cubic_spin_glass,train,all_native,,design_3c032a44a2ff1bb87b0c,8,0,8,16,20,0.0,1.0,device_sparse_v1,12,2026082722,103,81,15,routing_pass_callback,39,0.0061630999989574775,pass,,,compiler_d2b3b8844e9b97c1d3d3fd40,2.4.2,c1fe6ddb0aa5e0bd75dbc46707e2824bbe199bac82b2d766160294ce56353d99,9626c07cf4ccf3251a3585a4b367551c7a78f57218970c0d71f73f221adea5d3,351ff6c8d50284fe82f06169bd7020280735c337,sparse_common_feasible_9f8fccc5aaf5b9bb
inst_6ea539895de41953dcf8585c9c5a14620e89386260235c3b1468a17d57ab2b23,cubic_spin_glass,train,all_native,,design_3c032a44a2ff1bb87b0c,8,0,8,16,20,0.0,1.0,device_sparse_v1,12,2026082723,96,83,14,routing_pass_callback,32,0.0057114999945042655,pass,,,compiler_d2b3b8844e9b97c1d3d3fd40,2.4.2,c1fe6ddb0aa5e0bd75dbc46707e2824bbe199bac82b2d766160294ce56353d99,9626c07cf4ccf3251a3585a4b367551c7a78f57218970c0d71f73f221adea5d3,351ff6c8d50284fe82f06169bd7020280735c337,sparse_common_feasible_9f8fccc5aaf5b9bb
inst_6ea539895de41953dcf8585c9c5a14620e89386260235c3b1468a17d57ab2b23,cubic_spin_glass,train,all_native,,design_3c032a44a2ff1bb87b0c,8,0,8,16,20,0.0,1.0,device_sparse_v1,12,2026082724,87,77,11,routing_pass_callback,23,0.006306299997959286,pass,,,compiler_d2b3b8844e9b97c1d3d3fd40,2.4.2,c1fe6ddb0aa5e0bd75dbc46707e2824bbe199bac82b2d766160294ce56353d99,9626c07cf4ccf3251a3585a4b367551c7a78f57218970c0d71f73f221adea5d3,351ff6c8d50284fe82f06169bd7020280735c337,sparse_common_feasible_9f8fccc5aaf5b9bb
inst_6ea539895de41953dcf8585c9c5a14620e89386260235c3b1468a17d57ab2b23,cubic_spin_glass,train,all_native,,design_3c032a44a2ff1bb87b0c,8,0,8,16,20,0.0,1.0,device_sparse_v1,12,2026082725,95,84,13,routing_pass_callback,31,0.005127299999003299,pass,,,compiler_d2b3b8844e9b97c1d3d3fd40,2.4.2,c1fe6ddb0aa5e0bd75dbc46707e2824bbe199bac82b2d766160294ce56353d99,9626c07cf4ccf3251a3585a4b367551c7a78f57218970c0d71f73f221adea5d3,351ff6c8d50284fe82f06169bd7020280735c337,sparse_common_feasible_9f8fccc5aaf5b9bb
inst_6ea539895de41953dcf8585c9c5a14620e89386260235c3b1468a17d57ab2b23,cubic_spin_glass,train,fully_quadratized,,design_4bb96bdc7684cac93b18,8,3,11,0,44,33.0,64.25,device_sparse_v1,12,2026082721,145,85,19,routing_pass_callback,57,0.005872499998076819,pass,,,compiler_d2b3b8844e9b97c1d3d3fd40,2.4.2,c1fe6ddb0aa5e0bd75dbc46707e2824bbe199bac82b2d766160294ce56353d99,9626c07cf4ccf3251a3585a4b367551c7a78f57218970c0d71f73f221adea5d3,351ff6c8d50284fe82f06169bd7020280735c337,sparse_common_feasible_9f8fccc5aaf5b9bb
inst_6ea539895de41953dcf8585c9c5a14620e89386260235c3b1468a17d57ab2b23,cubic_spin_glass,train,fully_quadratized,,design_4bb96bdc7684cac93b18,8,3,11,0,44,33.0,64.25,device_sparse_v1,12,2026082722,151,106,21,routing_pass_callback,63,0.005654900000081398,pass,,,compiler_d2b3b8844e9b97c1d3d3fd40,2.4.2,c1fe6ddb0aa5e0bd75dbc46707e2824bbe199bac82b2d766160294ce56353d99,9626c07cf4ccf3251a3585a4b367551c7a78f57218970c0d71f73f221adea5d3,351ff6c8d50284fe82f06169bd7020280735c337,sparse_common_feasible_9f8fccc5aaf5b9bb
inst_6ea539895de41953dcf8585c9c5a14620e89386260235c3b1468a17d57ab2b23,cubic_spin_glass,train,fully_quadratized,,design_4bb96bdc7684cac93b18,8,3,11,0,44,33.0,64.25,device_sparse_v1,12,2026082723,152,100,22,routing_pass_callback,64,0.00720279999950435,pass,,,compiler_d2b3b8844e9b97c1d3d3fd40,2.4.2,c1fe6ddb0aa5e0bd75dbc46707e2824bbe199bac82b2d766160294ce56353d99,9626c07cf4ccf3251a3585a4b367551c7a78f57218970c0d71f73f221adea5d3,351ff6c8d50284fe82f06169bd7020280735c337,sparse_common_feasible_9f8fccc5aaf5b9bb
inst_6ea539895de41953dcf8585c9c5a14620e89386260235c3b1468a17d57ab2b23,cubic_spin_glass,train,fully_quadratized,,design_4bb96bdc7684cac93b18,8,3,11,0,44,33.0,64.25,device_sparse_v1,12,2026082724,150,94,22,routing_pass_callback,62,0.005533300005481578,pass,,,compiler_d2b3b8844e9b97c1d3d3fd40,2.4.2,c1fe6ddb0aa5e0bd75dbc46707e2824bbe199bac82b2d766160294ce56353d99,9626c07cf4ccf3251a3585a4b367551c7a78f57218970c0d71f73f221adea5d3,351ff6c8d50284fe82f06169bd7020280735c337,sparse_common_feasible_9f8fccc5aaf5b9bb
inst_6ea539895de41953dcf8585c9c5a14620e89386260235c3b1468a17d57ab2b23,cubic_spin_glass,train,fully_quadratized,,design_4bb96bdc7684cac93b18,8,3,11,0,44,33.0,64.25,device_sparse_v1,12,2026082725,146,81,20,routing_pass_callback,58,0.00874590000603348,pass,,,compiler_d2b3b8844e9b97c1d3d3fd40,2.4.2,c1fe6ddb0aa5e0bd75dbc46707e2824bbe199bac82b2d766160294ce56353d99,9626c07cf4ccf3251a3585a4b367551c7a78f57218970c0d71f73f221adea5d3,351ff6c8d50284fe82f06169bd7020280735c337,sparse_common_feasible_9f8fccc5aaf5b9bb
inst_6ea539895de41953dcf8585c9c5a14620e89386260235c3b1468a17d57ab2b23,cubic_spin_glass,train,selective,,design_3c032a44a2ff1bb87b0c,8,0,8,16,20,0.0,1.0,device_sparse_v1,12,2026082721,103,81,15,routing_pass_callback,39,0.005875000002561137,pass,,,compiler_d2b3b8844e9b97c1d3d3fd40,2.4.2,c1fe6ddb0aa5e0bd75dbc46707e2824bbe199bac82b2d766160294ce56353d99,9626c07cf4ccf3251a3585a4b367551c7a78f57218970c0d71f73f221adea5d3,351ff6c8d50284fe82f06169bd7020280735c337,sparse_common_feasible_9f8fccc5aaf5b9bb
inst_6ea539895de41953dcf8585c9c5a14620e89386260235c3b1468a17d57ab2b23,cubic_spin_glass,train,selective,,design_3c032a44a2ff1bb87b0c,8,0,8,16,20,0.0,1.0,device_sparse_v1,12,2026082722,103,81,15,routing_pass_callback,39,0.00741540000308305,pass,,,compiler_d2b3b8844e9b97c1d3d3fd40,2.4.2,c1fe6ddb0aa5e0bd75dbc46707e2824bbe199bac82b2d766160294ce56353d99,9626c07cf4ccf3251a3585a4b367551c7a78f57218970c0d71f73f221adea5d3,351ff6c8d50284fe82f06169bd7020280735c337,sparse_common_feasible_9f8fccc5aaf5b9bb
inst_6ea539895de41953dcf8585c9c5a14620e89386260235c3b1468a17d57ab2b23,cubic_spin_glass,train,selective,,design_3c032a44a2ff1bb87b0c,8,0,8,16,20,0.0,1.0,device_sparse_v1,12,2026082723,96,83,14,routing_pass_callback,32,0.005764899993664585,pass,,,compiler_d2b3b8844e9b97c1d3d3fd40,2.4.2,c1fe6ddb0aa5e0bd75dbc46707e2824bbe199bac82b2d766160294ce56353d99,9626c07cf4ccf3251a3585a4b367551c7a78f57218970c0d71f73f221adea5d3,351ff6c8d50284fe82f06169bd7020280735c337,sparse_common_feasible_9f8fccc5aaf5b9bb
inst_6ea539895de41953dcf8585c9c5a14620e89386260235c3b1468a17d57ab2b23,cubic_spin_glass,train,selective,,design_3c032a44a2ff1bb87b0c,8,0,8,16,20,0.0,1.0,device_sparse_v1,12,2026082724,87,77,11,routing_pass_callback,23,0.005596500006504357,pass,,,compiler_d2b3b8844e9b97c1d3d3fd40,2.4.2,c1fe6ddb0aa5e0bd75dbc46707e2824bbe199bac82b2d766160294ce56353d99,9626c07cf4ccf3251a3585a4b367551c7a78f57218970c0d71f73f221adea5d3,351ff6c8d50284fe82f06169bd7020280735c337,sparse_common_feasible_9f8fccc5aaf5b9bb
inst_6ea539895de41953dcf8585c9c5a14620e89386260235c3b1468a17d57ab2b23,cubic_spin_glass,train,selective,,design_3c032a44a2ff1bb87b0c,8,0,8,16,20,0.0,1.0,device_sparse_v1,12,2026082725,95,84,13,routing_pass_callback,31,0.006811999992351048,pass,,,compiler_d2b3b8844e9b97c1d3d3fd40,2.4.2,c1fe6ddb0aa5e0bd75dbc46707e2824bbe199bac82b2d766160294ce56353d99,9626c07cf4ccf3251a3585a4b367551c7a78f57218970c0d71f73f221adea5d3,351ff6c8d50284fe82f06169bd7020280735c337,sparse_common_feasible_9f8fccc5aaf5b9bb
inst_7f90e24a78f8a26d1a801c170cc595d5d7669882dcba292c4b15aa6b53b3dacf,cubic_spin_glass,train,all_native,,design_574fee1a0aba0d9a42e3,8,0,8,8,12,0.0,1.0,device_sparse_v1,12,2026082721,44,35,4,routing_pass_callback,12,0.006243199997697957,pass,,,compiler_d2b3b8844e9b97c1d3d3fd40,2.4.2,c1fe6ddb0aa5e0bd75dbc46707e2824bbe199bac82b2d766160294ce56353d99,9626c07cf4ccf3251a3585a4b367551c7a78f57218970c0d71f73f221adea5d3,351ff6c8d50284fe82f06169bd7020280735c337,sparse_common_feasible_9f8fccc5aaf5b9bb
inst_7f90e24a78f8a26d1a801c170cc595d5d7669882dcba292c4b15aa6b53b3dacf,cubic_spin_glass,train,all_native,,design_574fee1a0aba0d9a42e3,8,0,8,8,12,0.0,1.0,device_sparse_v1,12,2026082722,39,37,3,routing_pass_callback,7,0.007377600006293505,pass,,,compiler_d2b3b8844e9b97c1d3d3fd40,2.4.2,c1fe6ddb0aa5e0bd75dbc46707e2824bbe199bac82b2d766160294ce56353d99,9626c07cf4ccf3251a3585a4b367551c7a78f57218970c0d71f73f221adea5d3,351ff6c8d50284fe82f06169bd7020280735c337,sparse_common_feasible_9f8fccc5aaf5b9bb
inst_7f90e24a78f8a26d1a801c170cc595d5d7669882dcba292c4b15aa6b53b3dacf,cubic_spin_glass,train,all_native,,design_574fee1a0aba0d9a42e3,8,0,8,8,12,0.0,1.0,device_sparse_v1,12,2026082723,44,39,4,routing_pass_callback,12,0.00662939999892842,pass,,,compiler_d2b3b8844e9b97c1d3d3fd40,2.4.2,c1fe6ddb0aa5e0bd75dbc46707e2824bbe199bac82b2d766160294ce56353d99,9626c07cf4ccf3251a3585a4b367551c7a78f57218970c0d71f73f221adea5d3,351ff6c8d50284fe82f06169bd7020280735c337,sparse_common_feasible_9f8fccc5aaf5b9bb
inst_7f90e24a78f8a26d1a801c170cc595d5d7669882dcba292c4b15aa6b53b3dacf,cubic_spin_glass,train,all_native,,design_574fee1a0aba0d9a42e3,8,0,8,8,12,0.0,1.0,device_sparse_v1,12,2026082724,41,38,3,routing_pass_callback,9,0.00641170000017155,pass,,,compiler_d2b3b8844e9b97c1d3d3fd40,2.4.2,c1fe6ddb0aa5e0bd75dbc46707e2824bbe199bac82b2d766160294ce56353d99,9626c07cf4ccf3251a3585a4b367551c7a78f57218970c0d71f73f221adea5d3,351ff6c8d50284fe82f06169bd7020280735c337,sparse_common_feasible_9f8fccc5aaf5b9bb
inst_7f90e24a78f8a26d1a801c170cc595d5d7669882dcba292c4b15aa6b53b3dacf,cubic_spin_glass,train,all_native,,design_574fee1a0aba0d9a42e3,8,0,8,8,12,0.0,1.0,device_sparse_v1,12,2026082725,41,35,3,routing_pass_callback,9,0.005005599989090115,pass,,,compiler_d2b3b8844e9b97c1d3d3fd40,2.4.2,c1fe6ddb0aa5e0bd75dbc46707e2824bbe199bac82b2d766160294ce56353d99,9626c07cf4ccf3251a3585a4b367551c7a78f57218970c0d71f73f221adea5d3,351ff6c8d50284fe82f06169bd7020280735c337,sparse_common_feasible_9f8fccc5aaf5b9bb
inst_7f90e24a78f8a26d1a801c170cc595d5d7669882dcba292c4b15aa6b53b3dacf,cubic_spin_glass,train,fully_quadratized,,design_6a9a7523a4acc0f7259c,8,3,11,0,27,17.0,34.25,device_sparse_v1,12,2026082721,91,50,13,routing_pass_callback,37,0.006437400006689131,pass,,,compiler_d2b3b8844e9b97c1d3d3fd40,2.4.2,c1fe6ddb0aa5e0bd75dbc46707e2824bbe199bac82b2d766160294ce56353d99,9626c07cf4ccf3251a3585a4b367551c7a78f57218970c0d71f73f221adea5d3,351ff6c8d50284fe82f06169bd7020280735c337,sparse_common_feasible_9f8fccc5aaf5b9bb
inst_7f90e24a78f8a26d1a801c170cc595d5d7669882dcba292c4b15aa6b53b3dacf,cubic_spin_glass,train,fully_quadratized,,design_6a9a7523a4acc0f7259c,8,3,11,0,27,17.0,34.25,device_sparse_v1,12,2026082722,82,46,10,routing_pass_callback,28,0.005755899997893721,pass,,,compiler_d2b3b8844e9b97c1d3d3fd40,2.4.2,c1fe6ddb0aa5e0bd75dbc46707e2824bbe199bac82b2d766160294ce56353d99,9626c07cf4ccf3251a3585a4b367551c7a78f57218970c0d71f73f221adea5d3,351ff6c8d50284fe82f06169bd7020280735c337,sparse_common_feasible_9f8fccc5aaf5b9bb
inst_7f90e24a78f8a26d1a801c170cc595d5d7669882dcba292c4b15aa6b53b3dacf,cubic_spin_glass,train,fully_quadratized,,design_6a9a7523a4acc0f7259c,8,3,11,0,27,17.0,34.25,device_sparse_v1,12,2026082723,80,40,10,routing_pass_callback,26,0.005663100004312582,pass,,,compiler_d2b3b8844e9b97c1d3d3fd40,2.4.2,c1fe6ddb0aa5e0bd75dbc46707e2824bbe199bac82b2d766160294ce56353d99,9626c07cf4ccf3251a3585a4b367551c7a78f57218970c0d71f73f221adea5d3,351ff6c8d50284fe82f06169bd7020280735c337,sparse_common_feasible_9f8fccc5aaf5b9bb
inst_7f90e24a78f8a26d1a801c170cc595d5d7669882dcba292c4b15aa6b53b3dacf,cubic_spin_glass,train,fully_quadratized,,design_6a9a7523a4acc0f7259c,8,3,11,0,27,17.0,34.25,device_sparse_v1,12,2026082724,88,46,12,routing_pass_callback,34,0.008600899993325584,pass,,,compiler_d2b3b8844e9b97c1d3d3fd40,2.4.2,c1fe6ddb0aa5e0bd75dbc46707e2824bbe199bac82b2d766160294ce56353d99,9626c07cf4ccf3251a3585a4b367551c7a78f57218970c0d71f73f221adea5d3,351ff6c8d50284fe82f06169bd7020280735c337,sparse_common_feasible_9f8fccc5aaf5b9bb
inst_7f90e24a78f8a26d1a801c170cc595d5d7669882dcba292c4b15aa6b53b3dacf,cubic_spin_glass,train,fully_quadratized,,design_6a9a7523a4acc0f7259c,8,3,11,0,27,17.0,34.25,device_sparse_v1,12,2026082725,83,52,11,routing_pass_callback,29,0.00653020000027027,pass,,,compiler_d2b3b8844e9b97c1d3d3fd40,2.4.2,c1fe6ddb0aa5e0bd75dbc46707e2824bbe199bac82b2d766160294ce56353d99,9626c07cf4ccf3251a3585a4b367551c7a78f57218970c0d71f73f221adea5d3,351ff6c8d50284fe82f06169bd7020280735c337,sparse_common_feasible_9f8fccc5aaf5b9bb
inst_7f90e24a78f8a26d1a801c170cc595d5d7669882dcba292c4b15aa6b53b3dacf,cubic_spin_glass,train,selective,,design_574fee1a0aba0d9a42e3,8,0,8,8,12,0.0,1.0,device_sparse_v1,12,2026082721,44,35,4,routing_pass_callback,12,0.005116000000271015,pass,,,compiler_d2b3b8844e9b97c1d3d3fd40,2.4.2,c1fe6ddb0aa5e0bd75dbc46707e2824bbe199bac82b2d766160294ce56353d99,9626c07cf4ccf3251a3585a4b367551c7a78f57218970c0d71f73f221adea5d3,351ff6c8d50284fe82f06169bd7020280735c337,sparse_common_feasible_9f8fccc5aaf5b9bb
inst_7f90e24a78f8a26d1a801c170cc595d5d7669882dcba292c4b15aa6b53b3dacf,cubic_spin_glass,train,selective,,design_574fee1a0aba0d9a42e3,8,0,8,8,12,0.0,1.0,device_sparse_v1,12,2026082722,39,37,3,routing_pass_callback,7,0.00597830000333488,pass,,,compiler_d2b3b8844e9b97c1d3d3fd40,2.4.2,c1fe6ddb0aa5e0bd75dbc46707e2824bbe199bac82b2d766160294ce56353d99,9626c07cf4ccf3251a3585a4b367551c7a78f57218970c0d71f73f221adea5d3,351ff6c8d50284fe82f06169bd7020280735c337,sparse_common_feasible_9f8fccc5aaf5b9bb
inst_7f90e24a78f8a26d1a801c170cc595d5d7669882dcba292c4b15aa6b53b3dacf,cubic_spin_glass,train,selective,,design_574fee1a0aba0d9a42e3,8,0,8,8,12,0.0,1.0,device_sparse_v1,12,2026082723,44,39,4,routing_pass_callback,12,0.006487999999080785,pass,,,compiler_d2b3b8844e9b97c1d3d3fd40,2.4.2,c1fe6ddb0aa5e0bd75dbc46707e2824bbe199bac82b2d766160294ce56353d99,9626c07cf4ccf3251a3585a4b367551c7a78f57218970c0d71f73f221adea5d3,351ff6c8d50284fe82f06169bd7020280735c337,sparse_common_feasible_9f8fccc5aaf5b9bb
inst_7f90e24a78f8a26d1a801c170cc595d5d7669882dcba292c4b15aa6b53b3dacf,cubic_spin_glass,train,selective,,design_574fee1a0aba0d9a42e3,8,0,8,8,12,0.0,1.0,device_sparse_v1,12,2026082724,41,38,3,routing_pass_callback,9,0.007168199997977354,pass,,,compiler_d2b3b8844e9b97c1d3d3fd40,2.4.2,c1fe6ddb0aa5e0bd75dbc46707e2824bbe199bac82b2d766160294ce56353d99,9626c07cf4ccf3251a3585a4b367551c7a78f57218970c0d71f73f221adea5d3,351ff6c8d50284fe82f06169bd7020280735c337,sparse_common_feasible_9f8fccc5aaf5b9bb
inst_7f90e24a78f8a26d1a801c170cc595d5d7669882dcba292c4b15aa6b53b3dacf,cubic_spin_glass,train,selective,,design_574fee1a0aba0d9a42e3,8,0,8,8,12,0.0,1.0,device_sparse_v1,12,2026082725,41,35,3,routing_pass_callback,9,0.005993300001136959,pass,,,compiler_d2b3b8844e9b97c1d3d3fd40,2.4.2,c1fe6ddb0aa5e0bd75dbc46707e2824bbe199bac82b2d766160294ce56353d99,9626c07cf4ccf3251a3585a4b367551c7a78f57218970c0d71f73f221adea5d3,351ff6c8d50284fe82f06169bd7020280735c337,sparse_common_feasible_9f8fccc5aaf5b9bb
inst_9450ef3d9ff004e2fb5b0139c1d3d736da4d25de602cb1d4c57e69a5aa03741b,max3sat,train,all_native,,design_a6f025aa56fe7063e921,8,0,8,10,17,0.0,142.0,device_sparse_v1,12,2026082721,131,113,19,routing_pass_callback,55,0.008053800003835931,pass,,,compiler_d2b3b8844e9b97c1d3d3fd40,2.4.2,c1fe6ddb0aa5e0bd75dbc46707e2824bbe199bac82b2d766160294ce56353d99,9626c07cf4ccf3251a3585a4b367551c7a78f57218970c0d71f73f221adea5d3,351ff6c8d50284fe82f06169bd7020280735c337,sparse_common_feasible_9f8fccc5aaf5b9bb
inst_9450ef3d9ff004e2fb5b0139c1d3d736da4d25de602cb1d4c57e69a5aa03741b,max3sat,train,all_native,,design_a6f025aa56fe7063e921,8,0,8,10,17,0.0,142.0,device_sparse_v1,12,2026082722,129,99,19,routing_pass_callback,53,0.008000599991646595,pass,,,compiler_d2b3b8844e9b97c1d3d3fd40,2.4.2,c1fe6ddb0aa5e0bd75dbc46707e2824bbe199bac82b2d766160294ce56353d99,9626c07cf4ccf3251a3585a4b367551c7a78f57218970c0d71f73f221adea5d3,351ff6c8d50284fe82f06169bd7020280735c337,sparse_common_feasible_9f8fccc5aaf5b9bb
inst_9450ef3d9ff004e2fb5b0139c1d3d736da4d25de602cb1d4c57e69a5aa03741b,max3sat,train,all_native,,design_a6f025aa56fe7063e921,8,0,8,10,17,0.0,142.0,device_sparse_v1,12,2026082723,126,98,18,routing_pass_callback,50,0.006582300004083663,pass,,,compiler_d2b3b8844e9b97c1d3d3fd40,2.4.2,c1fe6ddb0aa5e0bd75dbc46707e2824bbe199bac82b2d766160294ce56353d99,9626c07cf4ccf3251a3585a4b367551c7a78f57218970c0d71f73f221adea5d3,351ff6c8d50284fe82f06169bd7020280735c337,sparse_common_feasible_9f8fccc5aaf5b9bb
inst_9450ef3d9ff004e2fb5b0139c1d3d736da4d25de602cb1d4c57e69a5aa03741b,max3sat,train,all_native,,design_a6f025aa56fe7063e921,8,0,8,10,17,0.0,142.0,device_sparse_v1,12,2026082724,119,89,17,routing_pass_callback,43,0.006500999996205792,pass,,,compiler_d2b3b8844e9b97c1d3d3fd40,2.4.2,c1fe6ddb0aa5e0bd75dbc46707e2824bbe199bac82b2d766160294ce56353d99,9626c07cf4ccf3251a3585a4b367551c7a78f57218970c0d71f73f221adea5d3,351ff6c8d50284fe82f06169bd7020280735c337,sparse_common_feasible_9f8fccc5aaf5b9bb
inst_9450ef3d9ff004e2fb5b0139c1d3d736da4d25de602cb1d4c57e69a5aa03741b,max3sat,train,all_native,,design_a6f025aa56fe7063e921,8,0,8,10,17,0.0,142.0,device_sparse_v1,12,2026082725,126,111,18,routing_pass_callback,50,0.00663689999782946,pass,,,compiler_d2b3b8844e9b97c1d3d3fd40,2.4.2,c1fe6ddb0aa5e0bd75dbc46707e2824bbe199bac82b2d766160294ce56353d99,9626c07cf4ccf3251a3585a4b367551c7a78f57218970c0d71f73f221adea5d3,351ff6c8d50284fe82f06169bd7020280735c337,sparse_common_feasible_9f8fccc5aaf5b9bb
inst_9450ef3d9ff004e2fb5b0139c1d3d736da4d25de602cb1d4c57e69a5aa03741b,max3sat,train,fully_quadratized,,design_c32af6968408e253c674,8,2,10,0,31,25.0,201.0,device_sparse_v1,12,2026082721,94,66,14,routing_pass_callback,32,0.006341600004816428,pass,,,compiler_d2b3b8844e9b97c1d3d3fd40,2.4.2,c1fe6ddb0aa5e0bd75dbc46707e2824bbe199bac82b2d766160294ce56353d99,9626c07cf4ccf3251a3585a4b367551c7a78f57218970c0d71f73f221adea5d3,351ff6c8d50284fe82f06169bd7020280735c337,sparse_common_feasible_9f8fccc5aaf5b9bb
inst_9450ef3d9ff004e2fb5b0139c1d3d736da4d25de602cb1d4c57e69a5aa03741b,max3sat,train,fully_quadratized,,design_c32af6968408e253c674,8,2,10,0,31,25.0,201.0,device_sparse_v1,12,2026082722,98,66,12,routing_pass_callback,36,0.005908800012548454,pass,,,compiler_d2b3b8844e9b97c1d3d3fd40,2.4.2,c1fe6ddb0aa5e0bd75dbc46707e2824bbe199bac82b2d766160294ce56353d99,9626c07cf4ccf3251a3585a4b367551c7a78f57218970c0d71f73f221adea5d3,351ff6c8d50284fe82f06169bd7020280735c337,sparse_common_feasible_9f8fccc5aaf5b9bb
inst_9450ef3d9ff004e2fb5b0139c1d3d736da4d25de602cb1d4c57e69a5aa03741b,max3sat,train,fully_quadratized,,design_c32af6968408e253c674,8,2,10,0,31,25.0,201.0,device_sparse_v1,12,2026082723,102,66,14,routing_pass_callback,40,0.005477200000314042,pass,,,compiler_d2b3b8844e9b97c1d3d3fd40,2.4.2,c1fe6ddb0aa5e0bd75dbc46707e2824bbe199bac82b2d766160294ce56353d99,9626c07cf4ccf3251a3585a4b367551c7a78f57218970c0d71f73f221adea5d3,351ff6c8d50284fe82f06169bd7020280735c337,sparse_common_feasible_9f8fccc5aaf5b9bb
inst_9450ef3d9ff004e2fb5b0139c1d3d736da4d25de602cb1d4c57e69a5aa03741b,max3sat,train,fully_quadratized,,design_c32af6968408e253c674,8,2,10,0,31,25.0,201.0,device_sparse_v1,12,2026082724,102,65,14,routing_pass_callback,40,0.0067457000113790855,pass,,,compiler_d2b3b8844e9b97c1d3d3fd40,2.4.2,c1fe6ddb0aa5e0bd75dbc46707e2824bbe199bac82b2d766160294ce56353d99,9626c07cf4ccf3251a3585a4b367551c7a78f57218970c0d71f73f221adea5d3,351ff6c8d50284fe82f06169bd7020280735c337,sparse_common_feasible_9f8fccc5aaf5b9bb
inst_9450ef3d9ff004e2fb5b0139c1d3d736da4d25de602cb1d4c57e69a5aa03741b,max3sat,train,fully_quadratized,,design_c32af6968408e253c674,8,2,10,0,31,25.0,201.0,device_sparse_v1,12,2026082725,101,58,13,routing_pass_callback,39,0.007068399994750507,pass,,,compiler_d2b3b8844e9b97c1d3d3fd40,2.4.2,c1fe6ddb0aa5e0bd75dbc46707e2824bbe199bac82b2d766160294ce56353d99,9626c07cf4ccf3251a3585a4b367551c7a78f57218970c0d71f73f221adea5d3,351ff6c8d50284fe82f06169bd7020280735c337,sparse_common_feasible_9f8fccc5aaf5b9bb
inst_9450ef3d9ff004e2fb5b0139c1d3d736da4d25de602cb1d4c57e69a5aa03741b,max3sat,train,selective,,design_a6f025aa56fe7063e921,8,0,8,10,17,0.0,142.0,device_sparse_v1,12,2026082721,131,113,19,routing_pass_callback,55,0.007016600007773377,pass,,,compiler_d2b3b8844e9b97c1d3d3fd40,2.4.2,c1fe6ddb0aa5e0bd75dbc46707e2824bbe199bac82b2d766160294ce56353d99,9626c07cf4ccf3251a3585a4b367551c7a78f57218970c0d71f73f221adea5d3,351ff6c8d50284fe82f06169bd7020280735c337,sparse_common_feasible_9f8fccc5aaf5b9bb
inst_9450ef3d9ff004e2fb5b0139c1d3d736da4d25de602cb1d4c57e69a5aa03741b,max3sat,train,selective,,design_a6f025aa56fe7063e921,8,0,8,10,17,0.0,142.0,device_sparse_v1,12,2026082722,129,99,19,routing_pass_callback,53,0.007531600000220351,pass,,,compiler_d2b3b8844e9b97c1d3d3fd40,2.4.2,c1fe6ddb0aa5e0bd75dbc46707e2824bbe199bac82b2d766160294ce56353d99,9626c07cf4ccf3251a3585a4b367551c7a78f57218970c0d71f73f221adea5d3,351ff6c8d50284fe82f06169bd7020280735c337,sparse_common_feasible_9f8fccc5aaf5b9bb
inst_9450ef3d9ff004e2fb5b0139c1d3d736da4d25de602cb1d4c57e69a5aa03741b,max3sat,train,selective,,design_a6f025aa56fe7063e921,8,0,8,10,17,0.0,142.0,device_sparse_v1,12,2026082723,126,98,18,routing_pass_callback,50,0.006189199993968941,pass,,,compiler_d2b3b8844e9b97c1d3d3fd40,2.4.2,c1fe6ddb0aa5e0bd75dbc46707e2824bbe199bac82b2d766160294ce56353d99,9626c07cf4ccf3251a3585a4b367551c7a78f57218970c0d71f73f221adea5d3,351ff6c8d50284fe82f06169bd7020280735c337,sparse_common_feasible_9f8fccc5aaf5b9bb
inst_9450ef3d9ff004e2fb5b0139c1d3d736da4d25de602cb1d4c57e69a5aa03741b,max3sat,train,selective,,design_a6f025aa56fe7063e921,8,0,8,10,17,0.0,142.0,device_sparse_v1,12,2026082724,119,89,17,routing_pass_callback,43,0.006005100003676489,pass,,,compiler_d2b3b8844e9b97c1d3d3fd40,2.4.2,c1fe6ddb0aa5e0bd75dbc46707e2824bbe199bac82b2d766160294ce56353d99,9626c07cf4ccf3251a3585a4b367551c7a78f57218970c0d71f73f221adea5d3,351ff6c8d50284fe82f06169bd7020280735c337,sparse_common_feasible_9f8fccc5aaf5b9bb
inst_9450ef3d9ff004e2fb5b0139c1d3d736da4d25de602cb1d4c57e69a5aa03741b,max3sat,train,selective,,design_a6f025aa56fe7063e921,8,0,8,10,17,0.0,142.0,device_sparse_v1,12,2026082725,126,111,18,routing_pass_callback,50,0.0059375999990152195,pass,,,compiler_d2b3b8844e9b97c1d3d3fd40,2.4.2,c1fe6ddb0aa5e0bd75dbc46707e2824bbe199bac82b2d766160294ce56353d99,9626c07cf4ccf3251a3585a4b367551c7a78f57218970c0d71f73f221adea5d3,351ff6c8d50284fe82f06169bd7020280735c337,sparse_common_feasible_9f8fccc5aaf5b9bb
inst_c32cb33b55efb0ee1a708f9936b9c45d95c8b4a9c07a53a564b24913ae6b0e3c,max3sat,test,all_native,,design_c9ac51d80592c85014fe,8,0,8,9,19,0.0,160.0,device_sparse_v1,12,2026082721,104,86,12,routing_pass_callback,26,0.007429099990986288,pass,,,compiler_d2b3b8844e9b97c1d3d3fd40,2.4.2,c1fe6ddb0aa5e0bd75dbc46707e2824bbe199bac82b2d766160294ce56353d99,9626c07cf4ccf3251a3585a4b367551c7a78f57218970c0d71f73f221adea5d3,351ff6c8d50284fe82f06169bd7020280735c337,sparse_common_feasible_9f8fccc5aaf5b9bb
inst_c32cb33b55efb0ee1a708f9936b9c45d95c8b4a9c07a53a564b24913ae6b0e3c,max3sat,test,all_native,,design_c9ac51d80592c85014fe,8,0,8,9,19,0.0,160.0,device_sparse_v1,12,2026082722,111,89,15,routing_pass_callback,33,0.008959399987361394,pass,,,compiler_d2b3b8844e9b97c1d3d3fd40,2.4.2,c1fe6ddb0aa5e0bd75dbc46707e2824bbe199bac82b2d766160294ce56353d99,9626c07cf4ccf3251a3585a4b367551c7a78f57218970c0d71f73f221adea5d3,351ff6c8d50284fe82f06169bd7020280735c337,sparse_common_feasible_9f8fccc5aaf5b9bb
inst_c32cb33b55efb0ee1a708f9936b9c45d95c8b4a9c07a53a564b24913ae6b0e3c,max3sat,test,all_native,,design_c9ac51d80592c85014fe,8,0,8,9,19,0.0,160.0,device_sparse_v1,12,2026082723,120,92,18,routing_pass_callback,42,0.00815609999699518,pass,,,compiler_d2b3b8844e9b97c1d3d3fd40,2.4.2,c1fe6ddb0aa5e0bd75dbc46707e2824bbe199bac82b2d766160294ce56353d99,9626c07cf4ccf3251a3585a4b367551c7a78f57218970c0d71f73f221adea5d3,351ff6c8d50284fe82f06169bd7020280735c337,sparse_common_feasible_9f8fccc5aaf5b9bb
inst_c32cb33b55efb0ee1a708f9936b9c45d95c8b4a9c07a53a564b24913ae6b0e3c,max3sat,test,all_native,,design_c9ac51d80592c85014fe,8,0,8,9,19,0.0,160.0,device_sparse_v1,12,2026082724,111,89,15,routing_pass_callback,33,0.0075788000103784725,pass,,,compiler_d2b3b8844e9b97c1d3d3fd40,2.4.2,c1fe6ddb0aa5e0bd75dbc46707e2824bbe199bac82b2d766160294ce56353d99,9626c07cf4ccf3251a3585a4b367551c7a78f57218970c0d71f73f221adea5d3,351ff6c8d50284fe82f06169bd7020280735c337,sparse_common_feasible_9f8fccc5aaf5b9bb
inst_c32cb33b55efb0ee1a708f9936b9c45d95c8b4a9c07a53a564b24913ae6b0e3c,max3sat,test,all_native,,design_c9ac51d80592c85014fe,8,0,8,9,19,0.0,160.0,device_sparse_v1,12,2026082725,113,95,15,routing_pass_callback,35,0.007549400004791096,pass,,,compiler_d2b3b8844e9b97c1d3d3fd40,2.4.2,c1fe6ddb0aa5e0bd75dbc46707e2824bbe199bac82b2d766160294ce56353d99,9626c07cf4ccf3251a3585a4b367551c7a78f57218970c0d71f73f221adea5d3,351ff6c8d50284fe82f06169bd7020280735c337,sparse_common_feasible_9f8fccc5aaf5b9bb
inst_c32cb33b55efb0ee1a708f9936b9c45d95c8b4a9c07a53a564b24913ae6b0e3c,max3sat,test,fully_quadratized,,design_63c298899c2b01111bfd,8,2,10,0,32,14.0,157.0,device_sparse_v1,12,2026082721,99,68,13,routing_pass_callback,35,0.007744200003799051,pass,,,compiler_d2b3b8844e9b97c1d3d3fd40,2.4.2,c1fe6ddb0aa5e0bd75dbc46707e2824bbe199bac82b2d766160294ce56353d99,9626c07cf4ccf3251a3585a4b367551c7a78f57218970c0d71f73f221adea5d3,351ff6c8d50284fe82f06169bd7020280735c337,sparse_common_feasible_9f8fccc5aaf5b9bb
inst_c32cb33b55efb0ee1a708f9936b9c45d95c8b4a9c07a53a564b24913ae6b0e3c,max3sat,test,fully_quadratized,,design_63c298899c2b01111bfd,8,2,10,0,32,14.0,157.0,device_sparse_v1,12,2026082722,107,75,15,routing_pass_callback,43,0.007141900001442991,pass,,,compiler_d2b3b8844e9b97c1d3d3fd40,2.4.2,c1fe6ddb0aa5e0bd75dbc46707e2824bbe199bac82b2d766160294ce56353d99,9626c07cf4ccf3251a3585a4b367551c7a78f57218970c0d71f73f221adea5d3,351ff6c8d50284fe82f06169bd7020280735c337,sparse_common_feasible_9f8fccc5aaf5b9bb
inst_c32cb33b55efb0ee1a708f9936b9c45d95c8b4a9c07a53a564b24913ae6b0e3c,max3sat,test,fully_quadratized,,design_63c298899c2b01111bfd,8,2,10,0,32,14.0,157.0,device_sparse_v1,12,2026082723,103,65,13,routing_pass_callback,39,0.0057136000104947016,pass,,,compiler_d2b3b8844e9b97c1d3d3fd40,2.4.2,c1fe6ddb0aa5e0bd75dbc46707e2824bbe199bac82b2d766160294ce56353d99,9626c07cf4ccf3251a3585a4b367551c7a78f57218970c0d71f73f221adea5d3,351ff6c8d50284fe82f06169bd7020280735c337,sparse_common_feasible_9f8fccc5aaf5b9bb
inst_c32cb33b55efb0ee1a708f9936b9c45d95c8b4a9c07a53a564b24913ae6b0e3c,max3sat,test,fully_quadratized,,design_63c298899c2b01111bfd,8,2,10,0,32,14.0,157.0,device_sparse_v1,12,2026082724,106,65,14,routing_pass_callback,42,0.00564940000185743,pass,,,compiler_d2b3b8844e9b97c1d3d3fd40,2.4.2,c1fe6ddb0aa5e0bd75dbc46707e2824bbe199bac82b2d766160294ce56353d99,9626c07cf4ccf3251a3585a4b367551c7a78f57218970c0d71f73f221adea5d3,351ff6c8d50284fe82f06169bd7020280735c337,sparse_common_feasible_9f8fccc5aaf5b9bb
inst_c32cb33b55efb0ee1a708f9936b9c45d95c8b4a9c07a53a564b24913ae6b0e3c,max3sat,test,fully_quadratized,,design_63c298899c2b01111bfd,8,2,10,0,32,14.0,157.0,device_sparse_v1,12,2026082725,109,70,15,routing_pass_callback,45,0.0074348999914946035,pass,,,compiler_d2b3b8844e9b97c1d3d3fd40,2.4.2,c1fe6ddb0aa5e0bd75dbc46707e2824bbe199bac82b2d766160294ce56353d99,9626c07cf4ccf3251a3585a4b367551c7a78f57218970c0d71f73f221adea5d3,351ff6c8d50284fe82f06169bd7020280735c337,sparse_common_feasible_9f8fccc5aaf5b9bb
inst_c32cb33b55efb0ee1a708f9936b9c45d95c8b4a9c07a53a564b24913ae6b0e3c,max3sat,test,selective,,design_c9ac51d80592c85014fe,8,0,8,9,19,0.0,160.0,device_sparse_v1,12,2026082721,104,86,12,routing_pass_callback,26,0.006969000009121373,pass,,,compiler_d2b3b8844e9b97c1d3d3fd40,2.4.2,c1fe6ddb0aa5e0bd75dbc46707e2824bbe199bac82b2d766160294ce56353d99,9626c07cf4ccf3251a3585a4b367551c7a78f57218970c0d71f73f221adea5d3,351ff6c8d50284fe82f06169bd7020280735c337,sparse_common_feasible_9f8fccc5aaf5b9bb
inst_c32cb33b55efb0ee1a708f9936b9c45d95c8b4a9c07a53a564b24913ae6b0e3c,max3sat,test,selective,,design_c9ac51d80592c85014fe,8,0,8,9,19,0.0,160.0,device_sparse_v1,12,2026082722,111,89,15,routing_pass_callback,33,0.007711999991443008,pass,,,compiler_d2b3b8844e9b97c1d3d3fd40,2.4.2,c1fe6ddb0aa5e0bd75dbc46707e2824bbe199bac82b2d766160294ce56353d99,9626c07cf4ccf3251a3585a4b367551c7a78f57218970c0d71f73f221adea5d3,351ff6c8d50284fe82f06169bd7020280735c337,sparse_common_feasible_9f8fccc5aaf5b9bb
inst_c32cb33b55efb0ee1a708f9936b9c45d95c8b4a9c07a53a564b24913ae6b0e3c,max3sat,test,selective,,design_c9ac51d80592c85014fe,8,0,8,9,19,0.0,160.0,device_sparse_v1,12,2026082723,120,92,18,routing_pass_callback,42,0.008307299998705275,pass,,,compiler_d2b3b8844e9b97c1d3d3fd40,2.4.2,c1fe6ddb0aa5e0bd75dbc46707e2824bbe199bac82b2d766160294ce56353d99,9626c07cf4ccf3251a3585a4b367551c7a78f57218970c0d71f73f221adea5d3,351ff6c8d50284fe82f06169bd7020280735c337,sparse_common_feasible_9f8fccc5aaf5b9bb
inst_c32cb33b55efb0ee1a708f9936b9c45d95c8b4a9c07a53a564b24913ae6b0e3c,max3sat,test,selective,,design_c9ac51d80592c85014fe,8,0,8,9,19,0.0,160.0,device_sparse_v1,12,2026082724,111,89,15,routing_pass_callback,33,0.008735499999602325,pass,,,compiler_d2b3b8844e9b97c1d3d3fd40,2.4.2,c1fe6ddb0aa5e0bd75dbc46707e2824bbe199bac82b2d766160294ce56353d99,9626c07cf4ccf3251a3585a4b367551c7a78f57218970c0d71f73f221adea5d3,351ff6c8d50284fe82f06169bd7020280735c337,sparse_common_feasible_9f8fccc5aaf5b9bb
inst_c32cb33b55efb0ee1a708f9936b9c45d95c8b4a9c07a53a564b24913ae6b0e3c,max3sat,test,selective,,design_c9ac51d80592c85014fe,8,0,8,9,19,0.0,160.0,device_sparse_v1,12,2026082725,113,95,15,routing_pass_callback,35,0.007720499997958541,pass,,,compiler_d2b3b8844e9b97c1d3d3fd40,2.4.2,c1fe6ddb0aa5e0bd75dbc46707e2824bbe199bac82b2d766160294ce56353d99,9626c07cf4ccf3251a3585a4b367551c7a78f57218970c0d71f73f221adea5d3,351ff6c8d50284fe82f06169bd7020280735c337,sparse_common_feasible_9f8fccc5aaf5b9bb
inst_ccb599d971d1da8d223cf442b00bd17f867272a51c5c1f8e79983c9f8942e2eb,max3sat,train,all_native,,design_5bf50ca6b5fc9b89a962,8,0,8,11,15,0.0,47.0,device_sparse_v1,12,2026082721,130,96,18,routing_pass_callback,46,0.009013100003357977,pass,,,compiler_d2b3b8844e9b97c1d3d3fd40,2.4.2,c1fe6ddb0aa5e0bd75dbc46707e2824bbe199bac82b2d766160294ce56353d99,9626c07cf4ccf3251a3585a4b367551c7a78f57218970c0d71f73f221adea5d3,351ff6c8d50284fe82f06169bd7020280735c337,sparse_common_feasible_9f8fccc5aaf5b9bb
inst_ccb599d971d1da8d223cf442b00bd17f867272a51c5c1f8e79983c9f8942e2eb,max3sat,train,all_native,,design_5bf50ca6b5fc9b89a962,8,0,8,11,15,0.0,47.0,device_sparse_v1,12,2026082722,119,91,15,routing_pass_callback,35,0.009538199999951757,pass,,,compiler_d2b3b8844e9b97c1d3d3fd40,2.4.2,c1fe6ddb0aa5e0bd75dbc46707e2824bbe199bac82b2d766160294ce56353d99,9626c07cf4ccf3251a3585a4b367551c7a78f57218970c0d71f73f221adea5d3,351ff6c8d50284fe82f06169bd7020280735c337,sparse_common_feasible_9f8fccc5aaf5b9bb
inst_ccb599d971d1da8d223cf442b00bd17f867272a51c5c1f8e79983c9f8942e2eb,max3sat,train,all_native,,design_5bf50ca6b5fc9b89a962,8,0,8,11,15,0.0,47.0,device_sparse_v1,12,2026082723,117,93,13,routing_pass_callback,33,0.008634300000267103,pass,,,compiler_d2b3b8844e9b97c1d3d3fd40,2.4.2,c1fe6ddb0aa5e0bd75dbc46707e2824bbe199bac82b2d766160294ce56353d99,9626c07cf4ccf3251a3585a4b367551c7a78f57218970c0d71f73f221adea5d3,351ff6c8d50284fe82f06169bd7020280735c337,sparse_common_feasible_9f8fccc5aaf5b9bb
inst_ccb599d971d1da8d223cf442b00bd17f867272a51c5c1f8e79983c9f8942e2eb,max3sat,train,all_native,,design_5bf50ca6b5fc9b89a962,8,0,8,11,15,0.0,47.0,device_sparse_v1,12,2026082724,132,104,20,routing_pass_callback,48,0.006862200010800734,pass,,,compiler_d2b3b8844e9b97c1d3d3fd40,2.4.2,c1fe6ddb0aa5e0bd75dbc46707e2824bbe199bac82b2d766160294ce56353d99,9626c07cf4ccf3251a3585a4b367551c7a78f57218970c0d71f73f221adea5d3,351ff6c8d50284fe82f06169bd7020280735c337,sparse_common_feasible_9f8fccc5aaf5b9bb
inst_ccb599d971d1da8d223cf442b00bd17f867272a51c5c1f8e79983c9f8942e2eb,max3sat,train,all_native,,design_5bf50ca6b5fc9b89a962,8,0,8,11,15,0.0,47.0,device_sparse_v1,12,2026082725,118,92,16,routing_pass_callback,34,0.006548000004841015,pass,,,compiler_d2b3b8844e9b97c1d3d3fd40,2.4.2,c1fe6ddb0aa5e0bd75dbc46707e2824bbe199bac82b2d766160294ce56353d99,9626c07cf4ccf3251a3585a4b367551c7a78f57218970c0d71f73f221adea5d3,351ff6c8d50284fe82f06169bd7020280735c337,sparse_common_feasible_9f8fccc5aaf5b9bb
inst_ccb599d971d1da8d223cf442b00bd17f867272a51c5c1f8e79983c9f8942e2eb,max3sat,train,fully_quadratized,,design_577e5c374a6d82a15c9a,8,2,10,0,30,14.0,104.0,device_sparse_v1,12,2026082721,96,49,12,routing_pass_callback,36,0.008095999990473501,pass,,,compiler_d2b3b8844e9b97c1d3d3fd40,2.4.2,c1fe6ddb0aa5e0bd75dbc46707e2824bbe199bac82b2d766160294ce56353d99,9626c07cf4ccf3251a3585a4b367551c7a78f57218970c0d71f73f221adea5d3,351ff6c8d50284fe82f06169bd7020280735c337,sparse_common_feasible_9f8fccc5aaf5b9bb
inst_ccb599d971d1da8d223cf442b00bd17f867272a51c5c1f8e79983c9f8942e2eb,max3sat,train,fully_quadratized,,design_577e5c374a6d82a15c9a,8,2,10,0,30,14.0,104.0,device_sparse_v1,12,2026082722,94,59,12,routing_pass_callback,34,0.009728799996082671,pass,,,compiler_d2b3b8844e9b97c1d3d3fd40,2.4.2,c1fe6ddb0aa5e0bd75dbc46707e2824bbe199bac82b2d766160294ce56353d99,9626c07cf4ccf3251a3585a4b367551c7a78f57218970c0d71f73f221adea5d3,351ff6c8d50284fe82f06169bd7020280735c337,sparse_common_feasible_9f8fccc5aaf5b9bb
inst_ccb599d971d1da8d223cf442b00bd17f867272a51c5c1f8e79983c9f8942e2eb,max3sat,train,fully_quadratized,,design_577e5c374a6d82a15c9a,8,2,10,0,30,14.0,104.0,device_sparse_v1,12,2026082723,96,56,12,routing_pass_callback,36,0.00763320000260137,pass,,,compiler_d2b3b8844e9b97c1d3d3fd40,2.4.2,c1fe6ddb0aa5e0bd75dbc46707e2824bbe199bac82b2d766160294ce56353d99,9626c07cf4ccf3251a3585a4b367551c7a78f57218970c0d71f73f221adea5d3,351ff6c8d50284fe82f06169bd7020280735c337,sparse_common_feasible_9f8fccc5aaf5b9bb
inst_ccb599d971d1da8d223cf442b00bd17f867272a51c5c1f8e79983c9f8942e2eb,max3sat,train,fully_quadratized,,design_577e5c374a6d82a15c9a,8,2,10,0,30,14.0,104.0,device_sparse_v1,12,2026082724,96,65,14,routing_pass_callback,36,0.007782699991366826,pass,,,compiler_d2b3b8844e9b97c1d3d3fd40,2.4.2,c1fe6ddb0aa5e0bd75dbc46707e2824bbe199bac82b2d766160294ce56353d99,9626c07cf4ccf3251a3585a4b367551c7a78f57218970c0d71f73f221adea5d3,351ff6c8d50284fe82f06169bd7020280735c337,sparse_common_feasible_9f8fccc5aaf5b9bb
inst_ccb599d971d1da8d223cf442b00bd17f867272a51c5c1f8e79983c9f8942e2eb,max3sat,train,fully_quadratized,,design_577e5c374a6d82a15c9a,8,2,10,0,30,14.0,104.0,device_sparse_v1,12,2026082725,100,71,14,routing_pass_callback,40,0.006320299988146871,pass,,,compiler_d2b3b8844e9b97c1d3d3fd40,2.4.2,c1fe6ddb0aa5e0bd75dbc46707e2824bbe199bac82b2d766160294ce56353d99,9626c07cf4ccf3251a3585a4b367551c7a78f57218970c0d71f73f221adea5d3,351ff6c8d50284fe82f06169bd7020280735c337,sparse_common_feasible_9f8fccc5aaf5b9bb
inst_ccb599d971d1da8d223cf442b00bd17f867272a51c5c1f8e79983c9f8942e2eb,max3sat,train,selective,,design_e87a86420b5f771106d9,8,2,10,1,29,11.0,93.5,device_sparse_v1,12,2026082721,100,61,14,routing_pass_callback,38,0.009395799992489628,pass,,,compiler_d2b3b8844e9b97c1d3d3fd40,2.4.2,c1fe6ddb0aa5e0bd75dbc46707e2824bbe199bac82b2d766160294ce56353d99,9626c07cf4ccf3251a3585a4b367551c7a78f57218970c0d71f73f221adea5d3,351ff6c8d50284fe82f06169bd7020280735c337,sparse_common_feasible_9f8fccc5aaf5b9bb
inst_ccb599d971d1da8d223cf442b00bd17f867272a51c5c1f8e79983c9f8942e2eb,max3sat,train,selective,,design_e87a86420b5f771106d9,8,2,10,1,29,11.0,93.5,device_sparse_v1,12,2026082722,91,56,13,routing_pass_callback,29,0.008366900001419708,pass,,,compiler_d2b3b8844e9b97c1d3d3fd40,2.4.2,c1fe6ddb0aa5e0bd75dbc46707e2824bbe199bac82b2d766160294ce56353d99,9626c07cf4ccf3251a3585a4b367551c7a78f57218970c0d71f73f221adea5d3,351ff6c8d50284fe82f06169bd7020280735c337,sparse_common_feasible_9f8fccc5aaf5b9bb
inst_ccb599d971d1da8d223cf442b00bd17f867272a51c5c1f8e79983c9f8942e2eb,max3sat,train,selective,,design_e87a86420b5f771106d9,8,2,10,1,29,11.0,93.5,device_sparse_v1,12,2026082723,101,65,15,routing_pass_callback,39,0.007645300007425249,pass,,,compiler_d2b3b8844e9b97c1d3d3fd40,2.4.2,c1fe6ddb0aa5e0bd75dbc46707e2824bbe199bac82b2d766160294ce56353d99,9626c07cf4ccf3251a3585a4b367551c7a78f57218970c0d71f73f221adea5d3,351ff6c8d50284fe82f06169bd7020280735c337,sparse_common_feasible_9f8fccc5aaf5b9bb
inst_ccb599d971d1da8d223cf442b00bd17f867272a51c5c1f8e79983c9f8942e2eb,max3sat,train,selective,,design_e87a86420b5f771106d9,8,2,10,1,29,11.0,93.5,device_sparse_v1,12,2026082724,102,68,14,routing_pass_callback,40,0.008335500009707175,pass,,,compiler_d2b3b8844e9b97c1d3d3fd40,2.4.2,c1fe6ddb0aa5e0bd75dbc46707e2824bbe199bac82b2d766160294ce56353d99,9626c07cf4ccf3251a3585a4b367551c7a78f57218970c0d71f73f221adea5d3,351ff6c8d50284fe82f06169bd7020280735c337,sparse_common_feasible_9f8fccc5aaf5b9bb
inst_ccb599d971d1da8d223cf442b00bd17f867272a51c5c1f8e79983c9f8942e2eb,max3sat,train,selective,,design_e87a86420b5f771106d9,8,2,10,1,29,11.0,93.5,device_sparse_v1,12,2026082725,97,58,13,routing_pass_callback,35,0.009173700003884733,pass,,,compiler_d2b3b8844e9b97c1d3d3fd40,2.4.2,c1fe6ddb0aa5e0bd75dbc46707e2824bbe199bac82b2d766160294ce56353d99,9626c07cf4ccf3251a3585a4b367551c7a78f57218970c0d71f73f221adea5d3,351ff6c8d50284fe82f06169bd7020280735c337,sparse_common_feasible_9f8fccc5aaf5b9bb
inst_ece5bba3739bc03a15ddcd6bbe4055bbd33c8ec145b5e5027ddc9b2d78213107,cubic_spin_glass,validation,all_native,,design_3c032a44a2ff1bb87b0c,8,0,8,16,16,0.0,1.0,device_sparse_v1,12,2026082721,88,75,12,routing_pass_callback,24,0.00655679999908898,pass,,,compiler_d2b3b8844e9b97c1d3d3fd40,2.4.2,c1fe6ddb0aa5e0bd75dbc46707e2824bbe199bac82b2d766160294ce56353d99,9626c07cf4ccf3251a3585a4b367551c7a78f57218970c0d71f73f221adea5d3,351ff6c8d50284fe82f06169bd7020280735c337,sparse_common_feasible_9f8fccc5aaf5b9bb
inst_ece5bba3739bc03a15ddcd6bbe4055bbd33c8ec145b5e5027ddc9b2d78213107,cubic_spin_glass,validation,all_native,,design_3c032a44a2ff1bb87b0c,8,0,8,16,16,0.0,1.0,device_sparse_v1,12,2026082722,86,75,12,routing_pass_callback,22,0.005167300012544729,pass,,,compiler_d2b3b8844e9b97c1d3d3fd40,2.4.2,c1fe6ddb0aa5e0bd75dbc46707e2824bbe199bac82b2d766160294ce56353d99,9626c07cf4ccf3251a3585a4b367551c7a78f57218970c0d71f73f221adea5d3,351ff6c8d50284fe82f06169bd7020280735c337,sparse_common_feasible_9f8fccc5aaf5b9bb
inst_ece5bba3739bc03a15ddcd6bbe4055bbd33c8ec145b5e5027ddc9b2d78213107,cubic_spin_glass,validation,all_native,,design_3c032a44a2ff1bb87b0c,8,0,8,16,16,0.0,1.0,device_sparse_v1,12,2026082723,91,71,13,routing_pass_callback,27,0.005416500003775582,pass,,,compiler_d2b3b8844e9b97c1d3d3fd40,2.4.2,c1fe6ddb0aa5e0bd75dbc46707e2824bbe199bac82b2d766160294ce56353d99,9626c07cf4ccf3251a3585a4b367551c7a78f57218970c0d71f73f221adea5d3,351ff6c8d50284fe82f06169bd7020280735c337,sparse_common_feasible_9f8fccc5aaf5b9bb
inst_ece5bba3739bc03a15ddcd6bbe4055bbd33c8ec145b5e5027ddc9b2d78213107,cubic_spin_glass,validation,all_native,,design_3c032a44a2ff1bb87b0c,8,0,8,16,16,0.0,1.0,device_sparse_v1,12,2026082724,91,84,13,routing_pass_callback,27,0.00485599999956321,pass,,,compiler_d2b3b8844e9b97c1d3d3fd40,2.4.2,c1fe6ddb0aa5e0bd75dbc46707e2824bbe199bac82b2d766160294ce56353d99,9626c07cf4ccf3251a3585a4b367551c7a78f57218970c0d71f73f221adea5d3,351ff6c8d50284fe82f06169bd7020280735c337,sparse_common_feasible_9f8fccc5aaf5b9bb
inst_ece5bba3739bc03a15ddcd6bbe4055bbd33c8ec145b5e5027ddc9b2d78213107,cubic_spin_glass,validation,all_native,,design_3c032a44a2ff1bb87b0c,8,0,8,16,16,0.0,1.0,device_sparse_v1,12,2026082725,88,75,12,routing_pass_callback,24,0.004633100004866719,pass,,,compiler_d2b3b8844e9b97c1d3d3fd40,2.4.2,c1fe6ddb0aa5e0bd75dbc46707e2824bbe199bac82b2d766160294ce56353d99,9626c07cf4ccf3251a3585a4b367551c7a78f57218970c0d71f73f221adea5d3,351ff6c8d50284fe82f06169bd7020280735c337,sparse_common_feasible_9f8fccc5aaf5b9bb
inst_ece5bba3739bc03a15ddcd6bbe4055bbd33c8ec145b5e5027ddc9b2d78213107,cubic_spin_glass,validation,fully_quadratized,,design_a25271c7fea954950a66,8,3,11,0,40,41.0,58.25,device_sparse_v1,12,2026082721,133,86,19,routing_pass_callback,53,0.0071336999972118065,pass,,,compiler_d2b3b8844e9b97c1d3d3fd40,2.4.2,c1fe6ddb0aa5e0bd75dbc46707e2824bbe199bac82b2d766160294ce56353d99,9626c07cf4ccf3251a3585a4b367551c7a78f57218970c0d71f73f221adea5d3,351ff6c8d50284fe82f06169bd7020280735c337,sparse_common_feasible_9f8fccc5aaf5b9bb
inst_ece5bba3739bc03a15ddcd6bbe4055bbd33c8ec145b5e5027ddc9b2d78213107,cubic_spin_glass,validation,fully_quadratized,,design_a25271c7fea954950a66,8,3,11,0,40,41.0,58.25,device_sparse_v1,12,2026082722,128,78,18,routing_pass_callback,48,0.008860900008585304,pass,,,compiler_d2b3b8844e9b97c1d3d3fd40,2.4.2,c1fe6ddb0aa5e0bd75dbc46707e2824bbe199bac82b2d766160294ce56353d99,9626c07cf4ccf3251a3585a4b367551c7a78f57218970c0d71f73f221adea5d3,351ff6c8d50284fe82f06169bd7020280735c337,sparse_common_feasible_9f8fccc5aaf5b9bb
inst_ece5bba3739bc03a15ddcd6bbe4055bbd33c8ec145b5e5027ddc9b2d78213107,cubic_spin_glass,validation,fully_quadratized,,design_a25271c7fea954950a66,8,3,11,0,40,41.0,58.25,device_sparse_v1,12,2026082723,136,88,20,routing_pass_callback,56,0.008157400006894022,pass,,,compiler_d2b3b8844e9b97c1d3d3fd40,2.4.2,c1fe6ddb0aa5e0bd75dbc46707e2824bbe199bac82b2d766160294ce56353d99,9626c07cf4ccf3251a3585a4b367551c7a78f57218970c0d71f73f221adea5d3,351ff6c8d50284fe82f06169bd7020280735c337,sparse_common_feasible_9f8fccc5aaf5b9bb
inst_ece5bba3739bc03a15ddcd6bbe4055bbd33c8ec145b5e5027ddc9b2d78213107,cubic_spin_glass,validation,fully_quadratized,,design_a25271c7fea954950a66,8,3,11,0,40,41.0,58.25,device_sparse_v1,12,2026082724,140,88,20,routing_pass_callback,60,0.006631399999605492,pass,,,compiler_d2b3b8844e9b97c1d3d3fd40,2.4.2,c1fe6ddb0aa5e0bd75dbc46707e2824bbe199bac82b2d766160294ce56353d99,9626c07cf4ccf3251a3585a4b367551c7a78f57218970c0d71f73f221adea5d3,351ff6c8d50284fe82f06169bd7020280735c337,sparse_common_feasible_9f8fccc5aaf5b9bb
inst_ece5bba3739bc03a15ddcd6bbe4055bbd33c8ec145b5e5027ddc9b2d78213107,cubic_spin_glass,validation,fully_quadratized,,design_a25271c7fea954950a66,8,3,11,0,40,41.0,58.25,device_sparse_v1,12,2026082725,133,84,19,routing_pass_callback,53,0.00735539999732282,pass,,,compiler_d2b3b8844e9b97c1d3d3fd40,2.4.2,c1fe6ddb0aa5e0bd75dbc46707e2824bbe199bac82b2d766160294ce56353d99,9626c07cf4ccf3251a3585a4b367551c7a78f57218970c0d71f73f221adea5d3,351ff6c8d50284fe82f06169bd7020280735c337,sparse_common_feasible_9f8fccc5aaf5b9bb
inst_ece5bba3739bc03a15ddcd6bbe4055bbd33c8ec145b5e5027ddc9b2d78213107,cubic_spin_glass,validation,selective,,design_3c032a44a2ff1bb87b0c,8,0,8,16,16,0.0,1.0,device_sparse_v1,12,2026082721,88,75,12,routing_pass_callback,24,0.007503600005293265,pass,,,compiler_d2b3b8844e9b97c1d3d3fd40,2.4.2,c1fe6ddb0aa5e0bd75dbc46707e2824bbe199bac82b2d766160294ce56353d99,9626c07cf4ccf3251a3585a4b367551c7a78f57218970c0d71f73f221adea5d3,351ff6c8d50284fe82f06169bd7020280735c337,sparse_common_feasible_9f8fccc5aaf5b9bb
inst_ece5bba3739bc03a15ddcd6bbe4055bbd33c8ec145b5e5027ddc9b2d78213107,cubic_spin_glass,validation,selective,,design_3c032a44a2ff1bb87b0c,8,0,8,16,16,0.0,1.0,device_sparse_v1,12,2026082722,86,75,12,routing_pass_callback,22,0.00640269998984877,pass,,,compiler_d2b3b8844e9b97c1d3d3fd40,2.4.2,c1fe6ddb0aa5e0bd75dbc46707e2824bbe199bac82b2d766160294ce56353d99,9626c07cf4ccf3251a3585a4b367551c7a78f57218970c0d71f73f221adea5d3,351ff6c8d50284fe82f06169bd7020280735c337,sparse_common_feasible_9f8fccc5aaf5b9bb
inst_ece5bba3739bc03a15ddcd6bbe4055bbd33c8ec145b5e5027ddc9b2d78213107,cubic_spin_glass,validation,selective,,design_3c032a44a2ff1bb87b0c,8,0,8,16,16,0.0,1.0,device_sparse_v1,12,2026082723,91,71,13,routing_pass_callback,27,0.006234399988898076,pass,,,compiler_d2b3b8844e9b97c1d3d3fd40,2.4.2,c1fe6ddb0aa5e0bd75dbc46707e2824bbe199bac82b2d766160294ce56353d99,9626c07cf4ccf3251a3585a4b367551c7a78f57218970c0d71f73f221adea5d3,351ff6c8d50284fe82f06169bd7020280735c337,sparse_common_feasible_9f8fccc5aaf5b9bb
inst_ece5bba3739bc03a15ddcd6bbe4055bbd33c8ec145b5e5027ddc9b2d78213107,cubic_spin_glass,validation,selective,,design_3c032a44a2ff1bb87b0c,8,0,8,16,16,0.0,1.0,device_sparse_v1,12,2026082724,91,84,13,routing_pass_callback,27,0.007015399998635985,pass,,,compiler_d2b3b8844e9b97c1d3d3fd40,2.4.2,c1fe6ddb0aa5e0bd75dbc46707e2824bbe199bac82b2d766160294ce56353d99,9626c07cf4ccf3251a3585a4b367551c7a78f57218970c0d71f73f221adea5d3,351ff6c8d50284fe82f06169bd7020280735c337,sparse_common_feasible_9f8fccc5aaf5b9bb
inst_ece5bba3739bc03a15ddcd6bbe4055bbd33c8ec145b5e5027ddc9b2d78213107,cubic_spin_glass,validation,selective,,design_3c032a44a2ff1bb87b0c,8,0,8,16,16,0.0,1.0,device_sparse_v1,12,2026082725,88,75,12,routing_pass_callback,24,0.007605100006912835,pass,,,compiler_d2b3b8844e9b97c1d3d3fd40,2.4.2,c1fe6ddb0aa5e0bd75dbc46707e2824bbe199bac82b2d766160294ce56353d99,9626c07cf4ccf3251a3585a4b367551c7a78f57218970c0d71f73f221adea5d3,351ff6c8d50284fe82f06169bd7020280735c337,sparse_common_feasible_9f8fccc5aaf5b9bb
inst_ee30c9f5c123b7e1b93abed350ca64e7dc66b77042c74c2583df52d2313c7c61,cubic_spin_glass,train,all_native,,design_3c032a44a2ff1bb87b0c,8,0,8,16,24,0.0,1.0,device_sparse_v1,12,2026082721,111,84,17,routing_pass_callback,47,0.007144899995182641,pass,,,compiler_d2b3b8844e9b97c1d3d3fd40,2.4.2,c1fe6ddb0aa5e0bd75dbc46707e2824bbe199bac82b2d766160294ce56353d99,9626c07cf4ccf3251a3585a4b367551c7a78f57218970c0d71f73f221adea5d3,351ff6c8d50284fe82f06169bd7020280735c337,sparse_common_feasible_9f8fccc5aaf5b9bb
inst_ee30c9f5c123b7e1b93abed350ca64e7dc66b77042c74c2583df52d2313c7c61,cubic_spin_glass,train,all_native,,design_3c032a44a2ff1bb87b0c,8,0,8,16,24,0.0,1.0,device_sparse_v1,12,2026082722,113,78,17,routing_pass_callback,49,0.008773100009420887,pass,,,compiler_d2b3b8844e9b97c1d3d3fd40,2.4.2,c1fe6ddb0aa5e0bd75dbc46707e2824bbe199bac82b2d766160294ce56353d99,9626c07cf4ccf3251a3585a4b367551c7a78f57218970c0d71f73f221adea5d3,351ff6c8d50284fe82f06169bd7020280735c337,sparse_common_feasible_9f8fccc5aaf5b9bb
inst_ee30c9f5c123b7e1b93abed350ca64e7dc66b77042c74c2583df52d2313c7c61,cubic_spin_glass,train,all_native,,design_3c032a44a2ff1bb87b0c,8,0,8,16,24,0.0,1.0,device_sparse_v1,12,2026082723,114,84,18,routing_pass_callback,50,0.008518999995430931,pass,,,compiler_d2b3b8844e9b97c1d3d3fd40,2.4.2,c1fe6ddb0aa5e0bd75dbc46707e2824bbe199bac82b2d766160294ce56353d99,9626c07cf4ccf3251a3585a4b367551c7a78f57218970c0d71f73f221adea5d3,351ff6c8d50284fe82f06169bd7020280735c337,sparse_common_feasible_9f8fccc5aaf5b9bb
inst_ee30c9f5c123b7e1b93abed350ca64e7dc66b77042c74c2583df52d2313c7c61,cubic_spin_glass,train,all_native,,design_3c032a44a2ff1bb87b0c,8,0,8,16,24,0.0,1.0,device_sparse_v1,12,2026082724,108,90,16,routing_pass_callback,44,0.007977100001880899,pass,,,compiler_d2b3b8844e9b97c1d3d3fd40,2.4.2,c1fe6ddb0aa5e0bd75dbc46707e2824bbe199bac82b2d766160294ce56353d99,9626c07cf4ccf3251a3585a4b367551c7a78f57218970c0d71f73f221adea5d3,351ff6c8d50284fe82f06169bd7020280735c337,sparse_common_feasible_9f8fccc5aaf5b9bb
inst_ee30c9f5c123b7e1b93abed350ca64e7dc66b77042c74c2583df52d2313c7c61,cubic_spin_glass,train,all_native,,design_3c032a44a2ff1bb87b0c,8,0,8,16,24,0.0,1.0,device_sparse_v1,12,2026082725,115,95,19,routing_pass_callback,51,0.005586100000073202,pass,,,compiler_d2b3b8844e9b97c1d3d3fd40,2.4.2,c1fe6ddb0aa5e0bd75dbc46707e2824bbe199bac82b2d766160294ce56353d99,9626c07cf4ccf3251a3585a4b367551c7a78f57218970c0d71f73f221adea5d3,351ff6c8d50284fe82f06169bd7020280735c337,sparse_common_feasible_9f8fccc5aaf5b9bb
inst_ee30c9f5c123b7e1b93abed350ca64e7dc66b77042c74c2583df52d2313c7c61,cubic_spin_glass,train,fully_quadratized,,design_a8132b03448034361bc3,8,3,11,0,46,41.0,82.25,device_sparse_v1,12,2026082721,156,82,24,routing_pass_callback,64,0.006989199988311157,pass,,,compiler_d2b3b8844e9b97c1d3d3fd40,2.4.2,c1fe6ddb0aa5e0bd75dbc46707e2824bbe199bac82b2d766160294ce56353d99,9626c07cf4ccf3251a3585a4b367551c7a78f57218970c0d71f73f221adea5d3,351ff6c8d50284fe82f06169bd7020280735c337,sparse_common_feasible_9f8fccc5aaf5b9bb
inst_ee30c9f5c123b7e1b93abed350ca64e7dc66b77042c74c2583df52d2313c7c61,cubic_spin_glass,train,fully_quadratized,,design_a8132b03448034361bc3,8,3,11,0,46,41.0,82.25,device_sparse_v1,12,2026082722,161,108,25,routing_pass_callback,69,0.006777800008421764,pass,,,compiler_d2b3b8844e9b97c1d3d3fd40,2.4.2,c1fe6ddb0aa5e0bd75dbc46707e2824bbe199bac82b2d766160294ce56353d99,9626c07cf4ccf3251a3585a4b367551c7a78f57218970c0d71f73f221adea5d3,351ff6c8d50284fe82f06169bd7020280735c337,sparse_common_feasible_9f8fccc5aaf5b9bb
inst_ee30c9f5c123b7e1b93abed350ca64e7dc66b77042c74c2583df52d2313c7c61,cubic_spin_glass,train,fully_quadratized,,design_a8132b03448034361bc3,8,3,11,0,46,41.0,82.25,device_sparse_v1,12,2026082723,160,87,24,routing_pass_callback,68,0.00919640000211075,pass,,,compiler_d2b3b8844e9b97c1d3d3fd40,2.4.2,c1fe6ddb0aa5e0bd75dbc46707e2824bbe199bac82b2d766160294ce56353d99,9626c07cf4ccf3251a3585a4b367551c7a78f57218970c0d71f73f221adea5d3,351ff6c8d50284fe82f06169bd7020280735c337,sparse_common_feasible_9f8fccc5aaf5b9bb
inst_ee30c9f5c123b7e1b93abed350ca64e7dc66b77042c74c2583df52d2313c7c61,cubic_spin_glass,train,fully_quadratized,,design_a8132b03448034361bc3,8,3,11,0,46,41.0,82.25,device_sparse_v1,12,2026082724,156,86,24,routing_pass_callback,64,0.008912400007830001,pass,,,compiler_d2b3b8844e9b97c1d3d3fd40,2.4.2,c1fe6ddb0aa5e0bd75dbc46707e2824bbe199bac82b2d766160294ce56353d99,9626c07cf4ccf3251a3585a4b367551c7a78f57218970c0d71f73f221adea5d3,351ff6c8d50284fe82f06169bd7020280735c337,sparse_common_feasible_9f8fccc5aaf5b9bb
inst_ee30c9f5c123b7e1b93abed350ca64e7dc66b77042c74c2583df52d2313c7c61,cubic_spin_glass,train,fully_quadratized,,design_a8132b03448034361bc3,8,3,11,0,46,41.0,82.25,device_sparse_v1,12,2026082725,159,97,23,routing_pass_callback,67,0.007460599998012185,pass,,,compiler_d2b3b8844e9b97c1d3d3fd40,2.4.2,c1fe6ddb0aa5e0bd75dbc46707e2824bbe199bac82b2d766160294ce56353d99,9626c07cf4ccf3251a3585a4b367551c7a78f57218970c0d71f73f221adea5d3,351ff6c8d50284fe82f06169bd7020280735c337,sparse_common_feasible_9f8fccc5aaf5b9bb
inst_ee30c9f5c123b7e1b93abed350ca64e7dc66b77042c74c2583df52d2313c7c61,cubic_spin_glass,train,selective,,design_3c032a44a2ff1bb87b0c,8,0,8,16,24,0.0,1.0,device_sparse_v1,12,2026082721,111,84,17,routing_pass_callback,47,0.006459399999585003,pass,,,compiler_d2b3b8844e9b97c1d3d3fd40,2.4.2,c1fe6ddb0aa5e0bd75dbc46707e2824bbe199bac82b2d766160294ce56353d99,9626c07cf4ccf3251a3585a4b367551c7a78f57218970c0d71f73f221adea5d3,351ff6c8d50284fe82f06169bd7020280735c337,sparse_common_feasible_9f8fccc5aaf5b9bb
inst_ee30c9f5c123b7e1b93abed350ca64e7dc66b77042c74c2583df52d2313c7c61,cubic_spin_glass,train,selective,,design_3c032a44a2ff1bb87b0c,8,0,8,16,24,0.0,1.0,device_sparse_v1,12,2026082722,113,78,17,routing_pass_callback,49,0.008965799992438406,pass,,,compiler_d2b3b8844e9b97c1d3d3fd40,2.4.2,c1fe6ddb0aa5e0bd75dbc46707e2824bbe199bac82b2d766160294ce56353d99,9626c07cf4ccf3251a3585a4b367551c7a78f57218970c0d71f73f221adea5d3,351ff6c8d50284fe82f06169bd7020280735c337,sparse_common_feasible_9f8fccc5aaf5b9bb
inst_ee30c9f5c123b7e1b93abed350ca64e7dc66b77042c74c2583df52d2313c7c61,cubic_spin_glass,train,selective,,design_3c032a44a2ff1bb87b0c,8,0,8,16,24,0.0,1.0,device_sparse_v1,12,2026082723,114,84,18,routing_pass_callback,50,0.007496699996409006,pass,,,compiler_d2b3b8844e9b97c1d3d3fd40,2.4.2,c1fe6ddb0aa5e0bd75dbc46707e2824bbe199bac82b2d766160294ce56353d99,9626c07cf4ccf3251a3585a4b367551c7a78f57218970c0d71f73f221adea5d3,351ff6c8d50284fe82f06169bd7020280735c337,sparse_common_feasible_9f8fccc5aaf5b9bb
inst_ee30c9f5c123b7e1b93abed350ca64e7dc66b77042c74c2583df52d2313c7c61,cubic_spin_glass,train,selective,,design_3c032a44a2ff1bb87b0c,8,0,8,16,24,0.0,1.0,device_sparse_v1,12,2026082724,108,90,16,routing_pass_callback,44,0.008205899997847155,pass,,,compiler_d2b3b8844e9b97c1d3d3fd40,2.4.2,c1fe6ddb0aa5e0bd75dbc46707e2824bbe199bac82b2d766160294ce56353d99,9626c07cf4ccf3251a3585a4b367551c7a78f57218970c0d71f73f221adea5d3,351ff6c8d50284fe82f06169bd7020280735c337,sparse_common_feasible_9f8fccc5aaf5b9bb
inst_ee30c9f5c123b7e1b93abed350ca64e7dc66b77042c74c2583df52d2313c7c61,cubic_spin_glass,train,selective,,design_3c032a44a2ff1bb87b0c,8,0,8,16,24,0.0,1.0,device_sparse_v1,12,2026082725,115,95,19,routing_pass_callback,51,0.007941300005768426,pass,,,compiler_d2b3b8844e9b97c1d3d3fd40,2.4.2,c1fe6ddb0aa5e0bd75dbc46707e2824bbe199bac82b2d766160294ce56353d99,9626c07cf4ccf3251a3585a4b367551c7a78f57218970c0d71f73f221adea5d3,351ff6c8d50284fe82f06169bd7020280735c337,sparse_common_feasible_9f8fccc5aaf5b9bb
inst_fcd3827382c69a628f6d42b430b9c2a8f1f0b2d308717bc8dae03c0a4793ec88,max3sat,train,all_native,,design_a6f025aa56fe7063e921,8,0,8,10,17,0.0,84.0,device_sparse_v1,12,2026082721,115,87,17,routing_pass_callback,43,0.010424799998872913,pass,,,compiler_d2b3b8844e9b97c1d3d3fd40,2.4.2,c1fe6ddb0aa5e0bd75dbc46707e2824bbe199bac82b2d766160294ce56353d99,9626c07cf4ccf3251a3585a4b367551c7a78f57218970c0d71f73f221adea5d3,351ff6c8d50284fe82f06169bd7020280735c337,sparse_common_feasible_9f8fccc5aaf5b9bb
inst_fcd3827382c69a628f6d42b430b9c2a8f1f0b2d308717bc8dae03c0a4793ec88,max3sat,train,all_native,,design_a6f025aa56fe7063e921,8,0,8,10,17,0.0,84.0,device_sparse_v1,12,2026082722,109,85,15,routing_pass_callback,37,0.011796099992352538,pass,,,compiler_d2b3b8844e9b97c1d3d3fd40,2.4.2,c1fe6ddb0aa5e0bd75dbc46707e2824bbe199bac82b2d766160294ce56353d99,9626c07cf4ccf3251a3585a4b367551c7a78f57218970c0d71f73f221adea5d3,351ff6c8d50284fe82f06169bd7020280735c337,sparse_common_feasible_9f8fccc5aaf5b9bb
inst_fcd3827382c69a628f6d42b430b9c2a8f1f0b2d308717bc8dae03c0a4793ec88,max3sat,train,all_native,,design_a6f025aa56fe7063e921,8,0,8,10,17,0.0,84.0,device_sparse_v1,12,2026082723,123,94,19,routing_pass_callback,51,0.01044529999489896,pass,,,compiler_d2b3b8844e9b97c1d3d3fd40,2.4.2,c1fe6ddb0aa5e0bd75dbc46707e2824bbe199bac82b2d766160294ce56353d99,9626c07cf4ccf3251a3585a4b367551c7a78f57218970c0d71f73f221adea5d3,351ff6c8d50284fe82f06169bd7020280735c337,sparse_common_feasible_9f8fccc5aaf5b9bb
inst_fcd3827382c69a628f6d42b430b9c2a8f1f0b2d308717bc8dae03c0a4793ec88,max3sat,train,all_native,,design_a6f025aa56fe7063e921,8,0,8,10,17,0.0,84.0,device_sparse_v1,12,2026082724,112,91,16,routing_pass_callback,40,0.010898400010773912,pass,,,compiler_d2b3b8844e9b97c1d3d3fd40,2.4.2,c1fe6ddb0aa5e0bd75dbc46707e2824bbe199bac82b2d766160294ce56353d99,9626c07cf4ccf3251a3585a4b367551c7a78f57218970c0d71f73f221adea5d3,351ff6c8d50284fe82f06169bd7020280735c337,sparse_common_feasible_9f8fccc5aaf5b9bb
inst_fcd3827382c69a628f6d42b430b9c2a8f1f0b2d308717bc8dae03c0a4793ec88,max3sat,train,all_native,,design_a6f025aa56fe7063e921,8,0,8,10,17,0.0,84.0,device_sparse_v1,12,2026082725,100,84,14,routing_pass_callback,28,0.009006299995235167,pass,,,compiler_d2b3b8844e9b97c1d3d3fd40,2.4.2,c1fe6ddb0aa5e0bd75dbc46707e2824bbe199bac82b2d766160294ce56353d99,9626c07cf4ccf3251a3585a4b367551c7a78f57218970c0d71f73f221adea5d3,351ff6c8d50284fe82f06169bd7020280735c337,sparse_common_feasible_9f8fccc5aaf5b9bb
inst_fcd3827382c69a628f6d42b430b9c2a8f1f0b2d308717bc8dae03c0a4793ec88,max3sat,train,fully_quadratized,,design_24a27e6c3f0a100de327,8,2,10,0,31,11.0,110.0,device_sparse_v1,12,2026082721,96,70,12,routing_pass_callback,34,0.008235599991166964,pass,,,compiler_d2b3b8844e9b97c1d3d3fd40,2.4.2,c1fe6ddb0aa5e0bd75dbc46707e2824bbe199bac82b2d766160294ce56353d99,9626c07cf4ccf3251a3585a4b367551c7a78f57218970c0d71f73f221adea5d3,351ff6c8d50284fe82f06169bd7020280735c337,sparse_common_feasible_9f8fccc5aaf5b9bb
inst_fcd3827382c69a628f6d42b430b9c2a8f1f0b2d308717bc8dae03c0a4793ec88,max3sat,train,fully_quadratized,,design_24a27e6c3f0a100de327,8,2,10,0,31,11.0,110.0,device_sparse_v1,12,2026082722,97,56,13,routing_pass_callback,35,0.008256500004790723,pass,,,compiler_d2b3b8844e9b97c1d3d3fd40,2.4.2,c1fe6ddb0aa5e0bd75dbc46707e2824bbe199bac82b2d766160294ce56353d99,9626c07cf4ccf3251a3585a4b367551c7a78f57218970c0d71f73f221adea5d3,351ff6c8d50284fe82f06169bd7020280735c337,sparse_common_feasible_9f8fccc5aaf5b9bb
inst_fcd3827382c69a628f6d42b430b9c2a8f1f0b2d308717bc8dae03c0a4793ec88,max3sat,train,fully_quadratized,,design_24a27e6c3f0a100de327,8,2,10,0,31,11.0,110.0,device_sparse_v1,12,2026082723,91,56,13,routing_pass_callback,29,0.007480099986423738,pass,,,compiler_d2b3b8844e9b97c1d3d3fd40,2.4.2,c1fe6ddb0aa5e0bd75dbc46707e2824bbe199bac82b2d766160294ce56353d99,9626c07cf4ccf3251a3585a4b367551c7a78f57218970c0d71f73f221adea5d3,351ff6c8d50284fe82f06169bd7020280735c337,sparse_common_feasible_9f8fccc5aaf5b9bb
inst_fcd3827382c69a628f6d42b430b9c2a8f1f0b2d308717bc8dae03c0a4793ec88,max3sat,train,fully_quadratized,,design_24a27e6c3f0a100de327,8,2,10,0,31,11.0,110.0,device_sparse_v1,12,2026082724,96,56,12,routing_pass_callback,34,0.00724209999316372,pass,,,compiler_d2b3b8844e9b97c1d3d3fd40,2.4.2,c1fe6ddb0aa5e0bd75dbc46707e2824bbe199bac82b2d766160294ce56353d99,9626c07cf4ccf3251a3585a4b367551c7a78f57218970c0d71f73f221adea5d3,351ff6c8d50284fe82f06169bd7020280735c337,sparse_common_feasible_9f8fccc5aaf5b9bb
inst_fcd3827382c69a628f6d42b430b9c2a8f1f0b2d308717bc8dae03c0a4793ec88,max3sat,train,fully_quadratized,,design_24a27e6c3f0a100de327,8,2,10,0,31,11.0,110.0,device_sparse_v1,12,2026082725,101,73,13,routing_pass_callback,39,0.007342899989453144,pass,,,compiler_d2b3b8844e9b97c1d3d3fd40,2.4.2,c1fe6ddb0aa5e0bd75dbc46707e2824bbe199bac82b2d766160294ce56353d99,9626c07cf4ccf3251a3585a4b367551c7a78f57218970c0d71f73f221adea5d3,351ff6c8d50284fe82f06169bd7020280735c337,sparse_common_feasible_9f8fccc5aaf5b9bb
inst_fcd3827382c69a628f6d42b430b9c2a8f1f0b2d308717bc8dae03c0a4793ec88,max3sat,train,selective,,design_a6f025aa56fe7063e921,8,0,8,10,17,0.0,84.0,device_sparse_v1,12,2026082721,115,87,17,routing_pass_callback,43,0.00752499999362044,pass,,,compiler_d2b3b8844e9b97c1d3d3fd40,2.4.2,c1fe6ddb0aa5e0bd75dbc46707e2824bbe199bac82b2d766160294ce56353d99,9626c07cf4ccf3251a3585a4b367551c7a78f57218970c0d71f73f221adea5d3,351ff6c8d50284fe82f06169bd7020280735c337,sparse_common_feasible_9f8fccc5aaf5b9bb
inst_fcd3827382c69a628f6d42b430b9c2a8f1f0b2d308717bc8dae03c0a4793ec88,max3sat,train,selective,,design_a6f025aa56fe7063e921,8,0,8,10,17,0.0,84.0,device_sparse_v1,12,2026082722,109,85,15,routing_pass_callback,37,0.008127599998260848,pass,,,compiler_d2b3b8844e9b97c1d3d3fd40,2.4.2,c1fe6ddb0aa5e0bd75dbc46707e2824bbe199bac82b2d766160294ce56353d99,9626c07cf4ccf3251a3585a4b367551c7a78f57218970c0d71f73f221adea5d3,351ff6c8d50284fe82f06169bd7020280735c337,sparse_common_feasible_9f8fccc5aaf5b9bb
inst_fcd3827382c69a628f6d42b430b9c2a8f1f0b2d308717bc8dae03c0a4793ec88,max3sat,train,selective,,design_a6f025aa56fe7063e921,8,0,8,10,17,0.0,84.0,device_sparse_v1,12,2026082723,123,94,19,routing_pass_callback,51,0.008337499995832331,pass,,,compiler_d2b3b8844e9b97c1d3d3fd40,2.4.2,c1fe6ddb0aa5e0bd75dbc46707e2824bbe199bac82b2d766160294ce56353d99,9626c07cf4ccf3251a3585a4b367551c7a78f57218970c0d71f73f221adea5d3,351ff6c8d50284fe82f06169bd7020280735c337,sparse_common_feasible_9f8fccc5aaf5b9bb
inst_fcd3827382c69a628f6d42b430b9c2a8f1f0b2d308717bc8dae03c0a4793ec88,max3sat,train,selective,,design_a6f025aa56fe7063e921,8,0,8,10,17,0.0,84.0,device_sparse_v1,12,2026082724,112,91,16,routing_pass_callback,40,0.009228399998391978,pass,,,compiler_d2b3b8844e9b97c1d3d3fd40,2.4.2,c1fe6ddb0aa5e0bd75dbc46707e2824bbe199bac82b2d766160294ce56353d99,9626c07cf4ccf3251a3585a4b367551c7a78f57218970c0d71f73f221adea5d3,351ff6c8d50284fe82f06169bd7020280735c337,sparse_common_feasible_9f8fccc5aaf5b9bb
inst_fcd3827382c69a628f6d42b430b9c2a8f1f0b2d308717bc8dae03c0a4793ec88,max3sat,train,selective,,design_a6f025aa56fe7063e921,8,0,8,10,17,0.0,84.0,device_sparse_v1,12,2026082725,100,84,14,routing_pass_callback,28,0.008206200000131503,pass,,,compiler_d2b3b8844e9b97c1d3d3fd40,2.4.2,c1fe6ddb0aa5e0bd75dbc46707e2824bbe199bac82b2d766160294ce56353d99,9626c07cf4ccf3251a3585a4b367551c7a78f57218970c0d71f73f221adea5d3,351ff6c8d50284fe82f06169bd7020280735c337,sparse_common_feasible_9f8fccc5aaf5b9bb
