family,instance_id,n_design_draws,representation,routing_overhead,swap_count,topology_id,two_qubit_depth,two_qubit_gates
cubic_spin_glass,inst_0366081022d366132ff6b1386c720f91dd3afb46164783328f155336aede2b17,1,all_native,0.0,0.0,all_to_all_reference,254.0,320.0
cubic_spin_glass,inst_0366081022d366132ff6b1386c720f91dd3afb46164783328f155336aede2b17,1,fully_quadratized,0.0,0.0,all_to_all_reference,94.0,546.0
cubic_spin_glass,inst_0366081022d366132ff6b1386c720f91dd3afb46164783328f155336aede2b17,5,matched_random_selective,0.0,0.0,all_to_all_reference,240.2,392.0
cubic_spin_glass,inst_0366081022d366132ff6b1386c720f91dd3afb46164783328f155336aede2b17,1,selective,0.0,0.0,all_to_all_reference,167.0,384.0
cubic_spin_glass,inst_041b2d91ccdc07271608f44a7f021336dab5e35d5c3753501859d4ba17b039f0,1,all_native,0.0,0.0,all_to_all_reference,115.0,128.0
cubic_spin_glass,inst_041b2d91ccdc07271608f44a7f021336dab5e35d5c3753501859d4ba17b039f0,1,fully_quadratized,0.0,0.0,all_to_all_reference,40.0,136.0
cubic_spin_glass,inst_041b2d91ccdc07271608f44a7f021336dab5e35d5c3753501859d4ba17b039f0,5,matched_random_selective,0.0,0.0,all_to_all_reference,104.6,153.2
cubic_spin_glass,inst_041b2d91ccdc07271608f44a7f021336dab5e35d5c3753501859d4ba17b039f0,1,selective,0.0,0.0,all_to_all_reference,80.0,134.0
cubic_spin_glass,inst_045300c745f73b669876b3afdc81d7417e52170ce23c2a4519e917c0df3a8b14,1,all_native,0.0,0.0,all_to_all_reference,158.0,192.0
cubic_spin_glass,inst_045300c745f73b669876b3afdc81d7417e52170ce23c2a4519e917c0df3a8b14,1,fully_quadratized,0.0,0.0,all_to_all_reference,64.0,262.0
cubic_spin_glass,inst_045300c745f73b669876b3afdc81d7417e52170ce23c2a4519e917c0df3a8b14,5,matched_random_selective,0.0,0.0,all_to_all_reference,147.4,249.2
cubic_spin_glass,inst_045300c745f73b669876b3afdc81d7417e52170ce23c2a4519e917c0df3a8b14,1,selective,0.0,0.0,all_to_all_reference,94.0,228.0
cubic_spin_glass,inst_05aaf3936982b612481791b8cbe696e666dbac6b7c6371ca8f9309f2a7262b26,1,all_native,0.0,0.0,all_to_all_reference,28.0,32.0
cubic_spin_glass,inst_05aaf3936982b612481791b8cbe696e666dbac6b7c6371ca8f9309f2a7262b26,1,fully_quadratized,0.0,0.0,all_to_all_reference,32.0,74.0
cubic_spin_glass,inst_05aaf3936982b612481791b8cbe696e666dbac6b7c6371ca8f9309f2a7262b26,5,matched_random_selective,0.0,0.0,all_to_all_reference,28.0,32.0
cubic_spin_glass,inst_05aaf3936982b612481791b8cbe696e666dbac6b7c6371ca8f9309f2a7262b26,1,selective,0.0,0.0,all_to_all_reference,28.0,32.0
cubic_spin_glass,inst_072f29754f95706f7e005ffc71c91edbc139dd5aa24177bed97dbe718ea7f2bf,1,all_native,0.0,0.0,all_to_all_reference,58.0,80.0
cubic_spin_glass,inst_072f29754f95706f7e005ffc71c91edbc139dd5aa24177bed97dbe718ea7f2bf,1,fully_quadratized,0.0,0.0,all_to_all_reference,52.0,196.0
cubic_spin_glass,inst_072f29754f95706f7e005ffc71c91edbc139dd5aa24177bed97dbe718ea7f2bf,5,matched_random_selective,0.0,0.0,all_to_all_reference,58.0,80.0
cubic_spin_glass,inst_072f29754f95706f7e005ffc71c91edbc139dd5aa24177bed97dbe718ea7f2bf,1,selective,0.0,0.0,all_to_all_reference,58.0,80.0
cubic_spin_glass,inst_09df17a7dbe096483467d57e9c9d266ad5eb41ac3c025e192b9df142b00904b3,1,all_native,0.0,0.0,all_to_all_reference,126.0,160.0
cubic_spin_glass,inst_09df17a7dbe096483467d57e9c9d266ad5eb41ac3c025e192b9df142b00904b3,1,fully_quadratized,0.0,0.0,all_to_all_reference,62.0,224.0
cubic_spin_glass,inst_09df17a7dbe096483467d57e9c9d266ad5eb41ac3c025e192b9df142b00904b3,5,matched_random_selective,0.0,0.0,all_to_all_reference,126.0,174.4
cubic_spin_glass,inst_09df17a7dbe096483467d57e9c9d266ad5eb41ac3c025e192b9df142b00904b3,1,selective,0.0,0.0,all_to_all_reference,91.0,176.0
cubic_spin_glass,inst_0acf907b55a053afe21f59b938b915b2995d1239482407859acb7f7817e7ba44,1,all_native,0.0,0.0,all_to_all_reference,39.0,48.0
cubic_spin_glass,inst_0acf907b55a053afe21f59b938b915b2995d1239482407859acb7f7817e7ba44,1,fully_quadratized,0.0,0.0,all_to_all_reference,34.0,112.0
cubic_spin_glass,inst_0acf907b55a053afe21f59b938b915b2995d1239482407859acb7f7817e7ba44,5,matched_random_selective,0.0,0.0,all_to_all_reference,39.0,48.0
cubic_spin_glass,inst_0acf907b55a053afe21f59b938b915b2995d1239482407859acb7f7817e7ba44,1,selective,0.0,0.0,all_to_all_reference,39.0,48.0
cubic_spin_glass,inst_13030ed96c3ca324374d60f8d25452134295fce62c10aca2ac1f801aa32741cc,1,all_native,0.0,0.0,all_to_all_reference,115.0,128.0
cubic_spin_glass,inst_13030ed96c3ca324374d60f8d25452134295fce62c10aca2ac1f801aa32741cc,1,fully_quadratized,0.0,0.0,all_to_all_reference,40.0,134.0
cubic_spin_glass,inst_13030ed96c3ca324374d60f8d25452134295fce62c10aca2ac1f801aa32741cc,5,matched_random_selective,0.0,0.0,all_to_all_reference,107.6,160.4
cubic_spin_glass,inst_13030ed96c3ca324374d60f8d25452134295fce62c10aca2ac1f801aa32741cc,1,selective,0.0,0.0,all_to_all_reference,75.0,136.0
cubic_spin_glass,inst_16c9f5951f44e0cdcb5bd2aaf536929247d827649204d1d7616835284c4f9cdc,1,all_native,0.0,0.0,all_to_all_reference,43.0,80.0
cubic_spin_glass,inst_16c9f5951f44e0cdcb5bd2aaf536929247d827649204d1d7616835284c4f9cdc,1,fully_quadratized,0.0,0.0,all_to_all_reference,44.0,208.0
cubic_spin_glass,inst_16c9f5951f44e0cdcb5bd2aaf536929247d827649204d1d7616835284c4f9cdc,5,matched_random_selective,0.0,0.0,all_to_all_reference,43.0,80.0
cubic_spin_glass,inst_16c9f5951f44e0cdcb5bd2aaf536929247d827649204d1d7616835284c4f9cdc,1,selective,0.0,0.0,all_to_all_reference,43.0,80.0
cubic_spin_glass,inst_197b36f95eb8e50c23f40079363564c5b46bf91fe6289146a90e6138187c5952,1,all_native,0.0,0.0,all_to_all_reference,73.0,96.0
cubic_spin_glass,inst_197b36f95eb8e50c23f40079363564c5b46bf91fe6289146a90e6138187c5952,1,fully_quadratized,0.0,0.0,all_to_all_reference,48.0,126.0
cubic_spin_glass,inst_197b36f95eb8e50c23f40079363564c5b46bf91fe6289146a90e6138187c5952,5,matched_random_selective,0.0,0.0,all_to_all_reference,73.0,96.0
cubic_spin_glass,inst_197b36f95eb8e50c23f40079363564c5b46bf91fe6289146a90e6138187c5952,1,selective,0.0,0.0,all_to_all_reference,73.0,96.0
cubic_spin_glass,inst_1e8d2ca8dea323e76f3e0aedd094066ab28417574610dbcc8dead14c8acc86d1,1,all_native,0.0,0.0,all_to_all_reference,38.0,48.0
cubic_spin_glass,inst_1e8d2ca8dea323e76f3e0aedd094066ab28417574610dbcc8dead14c8acc86d1,1,fully_quadratized,0.0,0.0,all_to_all_reference,34.0,112.0
cubic_spin_glass,inst_1e8d2ca8dea323e76f3e0aedd094066ab28417574610dbcc8dead14c8acc86d1,5,matched_random_selective,0.0,0.0,all_to_all_reference,38.0,48.0
cubic_spin_glass,inst_1e8d2ca8dea323e76f3e0aedd094066ab28417574610dbcc8dead14c8acc86d1,1,selective,0.0,0.0,all_to_all_reference,38.0,48.0
cubic_spin_glass,inst_1f1fc2972a067dd5ad79a2770384dc5867b18b0cf6ed6f50bf88e0b0af724532,1,all_native,0.0,0.0,all_to_all_reference,126.0,128.0
cubic_spin_glass,inst_1f1fc2972a067dd5ad79a2770384dc5867b18b0cf6ed6f50bf88e0b0af724532,1,fully_quadratized,0.0,0.0,all_to_all_reference,40.0,126.0
cubic_spin_glass,inst_1f1fc2972a067dd5ad79a2770384dc5867b18b0cf6ed6f50bf88e0b0af724532,5,matched_random_selective,0.0,0.0,all_to_all_reference,92.2,163.2
cubic_spin_glass,inst_1f1fc2972a067dd5ad79a2770384dc5867b18b0cf6ed6f50bf88e0b0af724532,1,selective,0.0,0.0,all_to_all_reference,65.0,148.0
cubic_spin_glass,inst_23322d07d78ec2442f79a933696c3d2708be62e01712e6cae79bb131a75b314c,1,all_native,0.0,0.0,all_to_all_reference,102.0,128.0
cubic_spin_glass,inst_23322d07d78ec2442f79a933696c3d2708be62e01712e6cae79bb131a75b314c,1,fully_quadratized,0.0,0.0,all_to_all_reference,60.0,176.0
cubic_spin_glass,inst_23322d07d78ec2442f79a933696c3d2708be62e01712e6cae79bb131a75b314c,5,matched_random_selective,0.0,0.0,all_to_all_reference,104.4,143.2
cubic_spin_glass,inst_23322d07d78ec2442f79a933696c3d2708be62e01712e6cae79bb131a75b314c,1,selective,0.0,0.0,all_to_all_reference,72.0,154.0
cubic_spin_glass,inst_2578bb3c4c83da80aec8fb5980e49dedc3450aae4bbc14c0eabca47881b8a912,1,all_native,0.0,0.0,all_to_all_reference,102.0,128.0
cubic_spin_glass,inst_2578bb3c4c83da80aec8fb5980e49dedc3450aae4bbc14c0eabca47881b8a912,1,fully_quadratized,0.0,0.0,all_to_all_reference,52.0,170.0
cubic_spin_glass,inst_2578bb3c4c83da80aec8fb5980e49dedc3450aae4bbc14c0eabca47881b8a912,5,matched_random_selective,0.0,0.0,all_to_all_reference,102.8,150.4
cubic_spin_glass,inst_2578bb3c4c83da80aec8fb5980e49dedc3450aae4bbc14c0eabca47881b8a912,1,selective,0.0,0.0,all_to_all_reference,47.0,136.0
cubic_spin_glass,inst_28501defa541901199d0158698324fd95f401371b2edf79721692768a6c991e2,1,all_native,0.0,0.0,all_to_all_reference,137.0,192.0
cubic_spin_glass,inst_28501defa541901199d0158698324fd95f401371b2edf79721692768a6c991e2,1,fully_quadratized,0.0,0.0,all_to_all_reference,48.0,192.0
cubic_spin_glass,inst_28501defa541901199d0158698324fd95f401371b2edf79721692768a6c991e2,5,matched_random_selective,0.0,0.0,all_to_all_reference,131.4,234.4
cubic_spin_glass,inst_28501defa541901199d0158698324fd95f401371b2edf79721692768a6c991e2,1,selective,0.0,0.0,all_to_all_reference,73.0,212.0
cubic_spin_glass,inst_29626af5a49c14ecc2c2040c11341eeaa8dded055a83fdf07387d51f5846dda9,1,all_native,0.0,0.0,all_to_all_reference,197.0,256.0
cubic_spin_glass,inst_29626af5a49c14ecc2c2040c11341eeaa8dded055a83fdf07387d51f5846dda9,1,fully_quadratized,0.0,0.0,all_to_all_reference,66.0,292.0
cubic_spin_glass,inst_29626af5a49c14ecc2c2040c11341eeaa8dded055a83fdf07387d51f5846dda9,5,matched_random_selective,0.0,0.0,all_to_all_reference,193.6,300.4
cubic_spin_glass,inst_29626af5a49c14ecc2c2040c11341eeaa8dded055a83fdf07387d51f5846dda9,1,selective,0.0,0.0,all_to_all_reference,137.0,294.0
cubic_spin_glass,inst_2b120f46ab783ce0aa9b4822502780d50c164c50f8bccaebc930a325a4ae0290,1,all_native,0.0,0.0,all_to_all_reference,105.0,128.0
cubic_spin_glass,inst_2b120f46ab783ce0aa9b4822502780d50c164c50f8bccaebc930a325a4ae0290,1,fully_quadratized,0.0,0.0,all_to_all_reference,38.0,134.0
cubic_spin_glass,inst_2b120f46ab783ce0aa9b4822502780d50c164c50f8bccaebc930a325a4ae0290,5,matched_random_selective,0.0,0.0,all_to_all_reference,103.6,151.6
cubic_spin_glass,inst_2b120f46ab783ce0aa9b4822502780d50c164c50f8bccaebc930a325a4ae0290,1,selective,0.0,0.0,all_to_all_reference,86.0,136.0
cubic_spin_glass,inst_33ce7979cf1de88d35d3c355c345fd7635ea96da4c2a6583f60e1e979f21938a,1,all_native,0.0,0.0,all_to_all_reference,112.0,128.0
cubic_spin_glass,inst_33ce7979cf1de88d35d3c355c345fd7635ea96da4c2a6583f60e1e979f21938a,1,fully_quadratized,0.0,0.0,all_to_all_reference,48.0,150.0
cubic_spin_glass,inst_33ce7979cf1de88d35d3c355c345fd7635ea96da4c2a6583f60e1e979f21938a,5,matched_random_selective,0.0,0.0,all_to_all_reference,93.4,166.8
cubic_spin_glass,inst_33ce7979cf1de88d35d3c355c345fd7635ea96da4c2a6583f60e1e979f21938a,1,selective,0.0,0.0,all_to_all_reference,76.0,148.0
cubic_spin_glass,inst_340b7c11203c8b094cacd70e68df48254aa477b67ecdea9afb9cc374b8dcb4a7,1,all_native,0.0,0.0,all_to_all_reference,262.0,320.0
cubic_spin_glass,inst_340b7c11203c8b094cacd70e68df48254aa477b67ecdea9afb9cc374b8dcb4a7,1,fully_quadratized,0.0,0.0,all_to_all_reference,84.0,426.0
cubic_spin_glass,inst_340b7c11203c8b094cacd70e68df48254aa477b67ecdea9afb9cc374b8dcb4a7,5,matched_random_selective,0.0,0.0,all_to_all_reference,257.2,360.4
cubic_spin_glass,inst_340b7c11203c8b094cacd70e68df48254aa477b67ecdea9afb9cc374b8dcb4a7,1,selective,0.0,0.0,all_to_all_reference,117.0,368.0
cubic_spin_glass,inst_341aaea9cc6b648e49be42c5a9a85c286aa8e35d42e20fd993b487fdda2e28cb,1,all_native,0.0,0.0,all_to_all_reference,25.0,32.0
cubic_spin_glass,inst_341aaea9cc6b648e49be42c5a9a85c286aa8e35d42e20fd993b487fdda2e28cb,1,fully_quadratized,0.0,0.0,all_to_all_reference,28.0,62.0
cubic_spin_glass,inst_341aaea9cc6b648e49be42c5a9a85c286aa8e35d42e20fd993b487fdda2e28cb,5,matched_random_selective,0.0,0.0,all_to_all_reference,25.0,32.0
cubic_spin_glass,inst_341aaea9cc6b648e49be42c5a9a85c286aa8e35d42e20fd993b487fdda2e28cb,1,selective,0.0,0.0,all_to_all_reference,25.0,32.0
cubic_spin_glass,inst_457a1b897247007214daca60d4caf6ae6d0341f6d1e25c03ef72a4651794688d,1,all_native,0.0,0.0,all_to_all_reference,51.0,64.0
cubic_spin_glass,inst_457a1b897247007214daca60d4caf6ae6d0341f6d1e25c03ef72a4651794688d,1,fully_quadratized,0.0,0.0,all_to_all_reference,40.0,104.0
cubic_spin_glass,inst_457a1b897247007214daca60d4caf6ae6d0341f6d1e25c03ef72a4651794688d,5,matched_random_selective,0.0,0.0,all_to_all_reference,51.0,64.0
cubic_spin_glass,inst_457a1b897247007214daca60d4caf6ae6d0341f6d1e25c03ef72a4651794688d,1,selective,0.0,0.0,all_to_all_reference,51.0,64.0
cubic_spin_glass,inst_475335f157ee1891b40b8f710155777516f4d877098145d0ddce1fce297c55df,1,all_native,0.0,0.0,all_to_all_reference,103.0,128.0
cubic_spin_glass,inst_475335f157ee1891b40b8f710155777516f4d877098145d0ddce1fce297c55df,1,fully_quadratized,0.0,0.0,all_to_all_reference,48.0,152.0
cubic_spin_glass,inst_475335f157ee1891b40b8f710155777516f4d877098145d0ddce1fce297c55df,5,matched_random_selective,0.0,0.0,all_to_all_reference,93.4,156.4
cubic_spin_glass,inst_475335f157ee1891b40b8f710155777516f4d877098145d0ddce1fce297c55df,1,selective,0.0,0.0,all_to_all_reference,75.0,140.0
cubic_spin_glass,inst_495d19a3dc95e6442e097c14165743aa29452a251454dd12686b0b682caddf2c,1,all_native,0.0,0.0,all_to_all_reference,102.0,160.0
cubic_spin_glass,inst_495d19a3dc95e6442e097c14165743aa29452a251454dd12686b0b682caddf2c,1,fully_quadratized,0.0,0.0,all_to_all_reference,60.0,240.0
cubic_spin_glass,inst_495d19a3dc95e6442e097c14165743aa29452a251454dd12686b0b682caddf2c,5,matched_random_selective,0.0,0.0,all_to_all_reference,106.8,168.4
cubic_spin_glass,inst_495d19a3dc95e6442e097c14165743aa29452a251454dd12686b0b682caddf2c,1,selective,0.0,0.0,all_to_all_reference,71.0,180.0
cubic_spin_glass,inst_532ca52e0bd47ef393cd0da8c1c69dadce16850b3ef6b9be0dad7c95b2678c55,1,all_native,0.0,0.0,all_to_all_reference,77.0,96.0
cubic_spin_glass,inst_532ca52e0bd47ef393cd0da8c1c69dadce16850b3ef6b9be0dad7c95b2678c55,1,fully_quadratized,0.0,0.0,all_to_all_reference,44.0,130.0
cubic_spin_glass,inst_532ca52e0bd47ef393cd0da8c1c69dadce16850b3ef6b9be0dad7c95b2678c55,5,matched_random_selective,0.0,0.0,all_to_all_reference,78.0,118.4
cubic_spin_glass,inst_532ca52e0bd47ef393cd0da8c1c69dadce16850b3ef6b9be0dad7c95b2678c55,1,selective,0.0,0.0,all_to_all_reference,54.0,108.0
cubic_spin_glass,inst_53dec71c3e2fae0bd3971cba514a32e1708dd7cd2ca9764224bca5022a248a7e,1,all_native,0.0,0.0,all_to_all_reference,29.0,32.0
cubic_spin_glass,inst_53dec71c3e2fae0bd3971cba514a32e1708dd7cd2ca9764224bca5022a248a7e,1,fully_quadratized,0.0,0.0,all_to_all_reference,28.0,56.0
cubic_spin_glass,inst_53dec71c3e2fae0bd3971cba514a32e1708dd7cd2ca9764224bca5022a248a7e,5,matched_random_selective,0.0,0.0,all_to_all_reference,29.0,32.0
cubic_spin_glass,inst_53dec71c3e2fae0bd3971cba514a32e1708dd7cd2ca9764224bca5022a248a7e,1,selective,0.0,0.0,all_to_all_reference,29.0,32.0
cubic_spin_glass,inst_55970a6e9882c541702aea4a808a177a8682c2746c2513cea2cf4365dad37c3c,1,all_native,0.0,0.0,all_to_all_reference,56.0,64.0
cubic_spin_glass,inst_55970a6e9882c541702aea4a808a177a8682c2746c2513cea2cf4365dad37c3c,1,fully_quadratized,0.0,0.0,all_to_all_reference,38.0,114.0
cubic_spin_glass,inst_55970a6e9882c541702aea4a808a177a8682c2746c2513cea2cf4365dad37c3c,5,matched_random_selective,0.0,0.0,all_to_all_reference,56.0,64.0
cubic_spin_glass,inst_55970a6e9882c541702aea4a808a177a8682c2746c2513cea2cf4365dad37c3c,1,selective,0.0,0.0,all_to_all_reference,56.0,64.0
cubic_spin_glass,inst_58ad673a89921951e0c8e74f76be469f6804253269d061917d2f9cddbfde19f0,1,all_native,0.0,0.0,all_to_all_reference,109.0,128.0
cubic_spin_glass,inst_58ad673a89921951e0c8e74f76be469f6804253269d061917d2f9cddbfde19f0,1,fully_quadratized,0.0,0.0,all_to_all_reference,48.0,156.0
cubic_spin_glass,inst_58ad673a89921951e0c8e74f76be469f6804253269d061917d2f9cddbfde19f0,5,matched_random_selective,0.0,0.0,all_to_all_reference,99.6,161.2
cubic_spin_glass,inst_58ad673a89921951e0c8e74f76be469f6804253269d061917d2f9cddbfde19f0,1,selective,0.0,0.0,all_to_all_reference,72.0,148.0
cubic_spin_glass,inst_59d47f0711e495d090f7fe436c47b3444643657d19e1e4fc567b971685dcb3e2,1,all_native,0.0,0.0,all_to_all_reference,23.0,32.0
cubic_spin_glass,inst_59d47f0711e495d090f7fe436c47b3444643657d19e1e4fc567b971685dcb3e2,1,fully_quadratized,0.0,0.0,all_to_all_reference,24.0,52.0
cubic_spin_glass,inst_59d47f0711e495d090f7fe436c47b3444643657d19e1e4fc567b971685dcb3e2,5,matched_random_selective,0.0,0.0,all_to_all_reference,23.0,32.0
cubic_spin_glass,inst_59d47f0711e495d090f7fe436c47b3444643657d19e1e4fc567b971685dcb3e2,1,selective,0.0,0.0,all_to_all_reference,23.0,32.0
cubic_spin_glass,inst_5e7c8d0ae78fb3fcd9e50f45870af4ef1698195119adfcdb8c7bf1699215879b,1,all_native,0.0,0.0,all_to_all_reference,27.0,32.0
cubic_spin_glass,inst_5e7c8d0ae78fb3fcd9e50f45870af4ef1698195119adfcdb8c7bf1699215879b,1,fully_quadratized,0.0,0.0,all_to_all_reference,26.0,70.0
cubic_spin_glass,inst_5e7c8d0ae78fb3fcd9e50f45870af4ef1698195119adfcdb8c7bf1699215879b,5,matched_random_selective,0.0,0.0,all_to_all_reference,27.0,32.0
cubic_spin_glass,inst_5e7c8d0ae78fb3fcd9e50f45870af4ef1698195119adfcdb8c7bf1699215879b,1,selective,0.0,0.0,all_to_all_reference,27.0,32.0
cubic_spin_glass,inst_5e84026f5ef89b88de9d4b994118f120646ed7435887f0713ffd0b2f2cd5428d,1,all_native,0.0,0.0,all_to_all_reference,44.0,80.0
cubic_spin_glass,inst_5e84026f5ef89b88de9d4b994118f120646ed7435887f0713ffd0b2f2cd5428d,1,fully_quadratized,0.0,0.0,all_to_all_reference,50.0,132.0
cubic_spin_glass,inst_5e84026f5ef89b88de9d4b994118f120646ed7435887f0713ffd0b2f2cd5428d,5,matched_random_selective,0.0,0.0,all_to_all_reference,44.0,80.0
cubic_spin_glass,inst_5e84026f5ef89b88de9d4b994118f120646ed7435887f0713ffd0b2f2cd5428d,1,selective,0.0,0.0,all_to_all_reference,44.0,80.0
cubic_spin_glass,inst_5f65d193d7b5370c9379fde1b52bfef9bc19e4da666d19b2e186471b1e77bf32,1,all_native,0.0,0.0,all_to_all_reference,50.0,64.0
cubic_spin_glass,inst_5f65d193d7b5370c9379fde1b52bfef9bc19e4da666d19b2e186471b1e77bf32,1,fully_quadratized,0.0,0.0,all_to_all_reference,46.0,104.0
cubic_spin_glass,inst_5f65d193d7b5370c9379fde1b52bfef9bc19e4da666d19b2e186471b1e77bf32,5,matched_random_selective,0.0,0.0,all_to_all_reference,50.0,64.0
cubic_spin_glass,inst_5f65d193d7b5370c9379fde1b52bfef9bc19e4da666d19b2e186471b1e77bf32,1,selective,0.0,0.0,all_to_all_reference,50.0,64.0
cubic_spin_glass,inst_6188a8a06666ee362b7faa5959f7d36cf41943034d8c1f96a7e40d30b687a953,1,all_native,0.0,0.0,all_to_all_reference,105.0,160.0
cubic_spin_glass,inst_6188a8a06666ee362b7faa5959f7d36cf41943034d8c1f96a7e40d30b687a953,1,fully_quadratized,0.0,0.0,all_to_all_reference,68.0,358.0
cubic_spin_glass,inst_6188a8a06666ee362b7faa5959f7d36cf41943034d8c1f96a7e40d30b687a953,5,matched_random_selective,0.0,0.0,all_to_all_reference,106.0,168.8
cubic_spin_glass,inst_6188a8a06666ee362b7faa5959f7d36cf41943034d8c1f96a7e40d30b687a953,1,selective,0.0,0.0,all_to_all_reference,88.0,170.0
cubic_spin_glass,inst_620a5d32d7187d6870f30ec729690f838c6c03717c12d08920f9cb1a5c444ccd,1,all_native,0.0,0.0,all_to_all_reference,76.0,80.0
cubic_spin_glass,inst_620a5d32d7187d6870f30ec729690f838c6c03717c12d08920f9cb1a5c444ccd,1,fully_quadratized,0.0,0.0,all_to_all_reference,54.0,132.0
cubic_spin_glass,inst_620a5d32d7187d6870f30ec729690f838c6c03717c12d08920f9cb1a5c444ccd,5,matched_random_selective,0.0,0.0,all_to_all_reference,74.6,88.0
cubic_spin_glass,inst_620a5d32d7187d6870f30ec729690f838c6c03717c12d08920f9cb1a5c444ccd,1,selective,0.0,0.0,all_to_all_reference,55.0,88.0
cubic_spin_glass,inst_623ed3fa24dead6f0f9dd1096cce82dc9a048bf774730e23b964d7d43607fd83,1,all_native,0.0,0.0,all_to_all_reference,27.0,32.0
cubic_spin_glass,inst_623ed3fa24dead6f0f9dd1096cce82dc9a048bf774730e23b964d7d43607fd83,1,fully_quadratized,0.0,0.0,all_to_all_reference,30.0,54.0
cubic_spin_glass,inst_623ed3fa24dead6f0f9dd1096cce82dc9a048bf774730e23b964d7d43607fd83,5,matched_random_selective,0.0,0.0,all_to_all_reference,27.0,32.0
cubic_spin_glass,inst_623ed3fa24dead6f0f9dd1096cce82dc9a048bf774730e23b964d7d43607fd83,1,selective,0.0,0.0,all_to_all_reference,27.0,32.0
cubic_spin_glass,inst_629843195526c2b817edb433d2bf81dc1c9d7d1b6b358890ba16bbbcd422ab15,1,all_native,0.0,0.0,all_to_all_reference,36.0,48.0
cubic_spin_glass,inst_629843195526c2b817edb433d2bf81dc1c9d7d1b6b358890ba16bbbcd422ab15,1,fully_quadratized,0.0,0.0,all_to_all_reference,40.0,114.0
cubic_spin_glass,inst_629843195526c2b817edb433d2bf81dc1c9d7d1b6b358890ba16bbbcd422ab15,5,matched_random_selective,0.0,0.0,all_to_all_reference,36.0,48.0
cubic_spin_glass,inst_629843195526c2b817edb433d2bf81dc1c9d7d1b6b358890ba16bbbcd422ab15,1,selective,0.0,0.0,all_to_all_reference,36.0,48.0
cubic_spin_glass,inst_64ff32844bde505ea188f6df7a2e54fe41e88061d38144bbd304285bc823e766,1,all_native,0.0,0.0,all_to_all_reference,31.0,48.0
cubic_spin_glass,inst_64ff32844bde505ea188f6df7a2e54fe41e88061d38144bbd304285bc823e766,1,fully_quadratized,0.0,0.0,all_to_all_reference,46.0,84.0
cubic_spin_glass,inst_64ff32844bde505ea188f6df7a2e54fe41e88061d38144bbd304285bc823e766,5,matched_random_selective,0.0,0.0,all_to_all_reference,31.0,48.0
cubic_spin_glass,inst_64ff32844bde505ea188f6df7a2e54fe41e88061d38144bbd304285bc823e766,1,selective,0.0,0.0,all_to_all_reference,31.0,48.0
cubic_spin_glass,inst_67f4e4fa7cd1382fcc03d558ad19ac0420a74e3749bd90c0167e795417192422,1,all_native,0.0,0.0,all_to_all_reference,123.0,160.0
cubic_spin_glass,inst_67f4e4fa7cd1382fcc03d558ad19ac0420a74e3749bd90c0167e795417192422,1,fully_quadratized,0.0,0.0,all_to_all_reference,78.0,368.0
cubic_spin_glass,inst_67f4e4fa7cd1382fcc03d558ad19ac0420a74e3749bd90c0167e795417192422,5,matched_random_selective,0.0,0.0,all_to_all_reference,120.4,193.2
cubic_spin_glass,inst_67f4e4fa7cd1382fcc03d558ad19ac0420a74e3749bd90c0167e795417192422,1,selective,0.0,0.0,all_to_all_reference,70.0,192.0
cubic_spin_glass,inst_6969ca061e6a5a0b4350ccfb99da5386eb70d23ece3e7ffa0101e3a9c6305d74,1,all_native,0.0,0.0,all_to_all_reference,51.0,64.0
cubic_spin_glass,inst_6969ca061e6a5a0b4350ccfb99da5386eb70d23ece3e7ffa0101e3a9c6305d74,1,fully_quadratized,0.0,0.0,all_to_all_reference,38.0,114.0
cubic_spin_glass,inst_6969ca061e6a5a0b4350ccfb99da5386eb70d23ece3e7ffa0101e3a9c6305d74,5,matched_random_selective,0.0,0.0,all_to_all_reference,51.0,64.0
cubic_spin_glass,inst_6969ca061e6a5a0b4350ccfb99da5386eb70d23ece3e7ffa0101e3a9c6305d74,1,selective,0.0,0.0,all_to_all_reference,51.0,64.0
cubic_spin_glass,inst_6a06eec6c612c29ba46b89da361fc8b89d4e4e985e548b9c5d20da503d9b6f95,1,all_native,0.0,0.0,all_to_all_reference,170.0,192.0
cubic_spin_glass,inst_6a06eec6c612c29ba46b89da361fc8b89d4e4e985e548b9c5d20da503d9b6f95,1,fully_quadratized,0.0,0.0,all_to_all_reference,58.0,266.0
cubic_spin_glass,inst_6a06eec6c612c29ba46b89da361fc8b89d4e4e985e548b9c5d20da503d9b6f95,5,matched_random_selective,0.0,0.0,all_to_all_reference,148.6,246.4
cubic_spin_glass,inst_6a06eec6c612c29ba46b89da361fc8b89d4e4e985e548b9c5d20da503d9b6f95,1,selective,0.0,0.0,all_to_all_reference,103.0,226.0
cubic_spin_glass,inst_6ad9548a92747aff9a6795f1c5b99d2304f005ac72fb8084bdc0b85e2e6b4c72,1,all_native,0.0,0.0,all_to_all_reference,115.0,128.0
cubic_spin_glass,inst_6ad9548a92747aff9a6795f1c5b99d2304f005ac72fb8084bdc0b85e2e6b4c72,1,fully_quadratized,0.0,0.0,all_to_all_reference,40.0,132.0
cubic_spin_glass,inst_6ad9548a92747aff9a6795f1c5b99d2304f005ac72fb8084bdc0b85e2e6b4c72,5,matched_random_selective,0.0,0.0,all_to_all_reference,105.4,157.2
cubic_spin_glass,inst_6ad9548a92747aff9a6795f1c5b99d2304f005ac72fb8084bdc0b85e2e6b4c72,1,selective,0.0,0.0,all_to_all_reference,75.0,138.0
cubic_spin_glass,inst_6b16c179affcc9148d858478cbc1dac715c4665ff957ce51abd50e9aa1408c4b,1,all_native,0.0,0.0,all_to_all_reference,72.0,80.0
cubic_spin_glass,inst_6b16c179affcc9148d858478cbc1dac715c4665ff957ce51abd50e9aa1408c4b,1,fully_quadratized,0.0,0.0,all_to_all_reference,50.0,132.0
cubic_spin_glass,inst_6b16c179affcc9148d858478cbc1dac715c4665ff957ce51abd50e9aa1408c4b,5,matched_random_selective,0.0,0.0,all_to_all_reference,72.8,88.0
cubic_spin_glass,inst_6b16c179affcc9148d858478cbc1dac715c4665ff957ce51abd50e9aa1408c4b,1,selective,0.0,0.0,all_to_all_reference,52.0,88.0
cubic_spin_glass,inst_6b39d1a73c909fe62fea28132fe796da14083eef65020e77cf56f6f6be6b578d,1,all_native,0.0,0.0,all_to_all_reference,24.0,32.0
cubic_spin_glass,inst_6b39d1a73c909fe62fea28132fe796da14083eef65020e77cf56f6f6be6b578d,1,fully_quadratized,0.0,0.0,all_to_all_reference,26.0,66.0
cubic_spin_glass,inst_6b39d1a73c909fe62fea28132fe796da14083eef65020e77cf56f6f6be6b578d,5,matched_random_selective,0.0,0.0,all_to_all_reference,24.0,32.0
cubic_spin_glass,inst_6b39d1a73c909fe62fea28132fe796da14083eef65020e77cf56f6f6be6b578d,1,selective,0.0,0.0,all_to_all_reference,24.0,32.0
cubic_spin_glass,inst_6c945daac216f453a50715a1baa7e8a40f19ae2e62bd0a5f5ec4ecd7e3881303,1,all_native,0.0,0.0,all_to_all_reference,39.0,64.0
cubic_spin_glass,inst_6c945daac216f453a50715a1baa7e8a40f19ae2e62bd0a5f5ec4ecd7e3881303,1,fully_quadratized,0.0,0.0,all_to_all_reference,42.0,152.0
cubic_spin_glass,inst_6c945daac216f453a50715a1baa7e8a40f19ae2e62bd0a5f5ec4ecd7e3881303,5,matched_random_selective,0.0,0.0,all_to_all_reference,39.0,64.0
cubic_spin_glass,inst_6c945daac216f453a50715a1baa7e8a40f19ae2e62bd0a5f5ec4ecd7e3881303,1,selective,0.0,0.0,all_to_all_reference,39.0,64.0
cubic_spin_glass,inst_6de219ee046e11cc6b3925b66cc25f0b4641e502623cd3aa766407f918c53235,1,all_native,0.0,0.0,all_to_all_reference,31.0,32.0
cubic_spin_glass,inst_6de219ee046e11cc6b3925b66cc25f0b4641e502623cd3aa766407f918c53235,1,fully_quadratized,0.0,0.0,all_to_all_reference,26.0,56.0
cubic_spin_glass,inst_6de219ee046e11cc6b3925b66cc25f0b4641e502623cd3aa766407f918c53235,5,matched_random_selective,0.0,0.0,all_to_all_reference,31.0,32.0
cubic_spin_glass,inst_6de219ee046e11cc6b3925b66cc25f0b4641e502623cd3aa766407f918c53235,1,selective,0.0,0.0,all_to_all_reference,31.0,32.0
cubic_spin_glass,inst_6e8e29b178b0429786c8a2bff968eb63511358e6ddec0fe591285ea24a8d1c6d,1,all_native,0.0,0.0,all_to_all_reference,31.0,48.0
cubic_spin_glass,inst_6e8e29b178b0429786c8a2bff968eb63511358e6ddec0fe591285ea24a8d1c6d,1,fully_quadratized,0.0,0.0,all_to_all_reference,36.0,82.0
cubic_spin_glass,inst_6e8e29b178b0429786c8a2bff968eb63511358e6ddec0fe591285ea24a8d1c6d,5,matched_random_selective,0.0,0.0,all_to_all_reference,31.0,48.0
cubic_spin_glass,inst_6e8e29b178b0429786c8a2bff968eb63511358e6ddec0fe591285ea24a8d1c6d,1,selective,0.0,0.0,all_to_all_reference,31.0,48.0
cubic_spin_glass,inst_6ea539895de41953dcf8585c9c5a14620e89386260235c3b1468a17d57ab2b23,1,all_native,0.0,0.0,all_to_all_reference,57.0,64.0
cubic_spin_glass,inst_6ea539895de41953dcf8585c9c5a14620e89386260235c3b1468a17d57ab2b23,1,fully_quadratized,0.0,0.0,all_to_all_reference,30.0,88.0
cubic_spin_glass,inst_6ea539895de41953dcf8585c9c5a14620e89386260235c3b1468a17d57ab2b23,5,matched_random_selective,0.0,0.0,all_to_all_reference,57.0,64.0
cubic_spin_glass,inst_6ea539895de41953dcf8585c9c5a14620e89386260235c3b1468a17d57ab2b23,1,selective,0.0,0.0,all_to_all_reference,57.0,64.0
cubic_spin_glass,inst_70cd92fd1145b443443914cb7d2dd37eebe868cb4f6e2e0cd99cc6f5fceb49f1,1,all_native,0.0,0.0,all_to_all_reference,62.0,64.0
cubic_spin_glass,inst_70cd92fd1145b443443914cb7d2dd37eebe868cb4f6e2e0cd99cc6f5fceb49f1,1,fully_quadratized,0.0,0.0,all_to_all_reference,40.0,110.0
cubic_spin_glass,inst_70cd92fd1145b443443914cb7d2dd37eebe868cb4f6e2e0cd99cc6f5fceb49f1,5,matched_random_selective,0.0,0.0,all_to_all_reference,62.0,64.0
cubic_spin_glass,inst_70cd92fd1145b443443914cb7d2dd37eebe868cb4f6e2e0cd99cc6f5fceb49f1,1,selective,0.0,0.0,all_to_all_reference,62.0,64.0
cubic_spin_glass,inst_7716434047cb9a3a78813351309803842d97d8ee66b37f8923c41d7969c1c58a,1,all_native,0.0,0.0,all_to_all_reference,108.0,128.0
cubic_spin_glass,inst_7716434047cb9a3a78813351309803842d97d8ee66b37f8923c41d7969c1c58a,1,fully_quadratized,0.0,0.0,all_to_all_reference,48.0,150.0
cubic_spin_glass,inst_7716434047cb9a3a78813351309803842d97d8ee66b37f8923c41d7969c1c58a,5,matched_random_selective,0.0,0.0,all_to_all_reference,99.4,157.6
cubic_spin_glass,inst_7716434047cb9a3a78813351309803842d97d8ee66b37f8923c41d7969c1c58a,1,selective,0.0,0.0,all_to_all_reference,77.0,140.0
cubic_spin_glass,inst_7c46ab9828c14c80ecbb7d6d499d693814b74054db5e4e07d7a39ee4b775bb50,1,all_native,0.0,0.0,all_to_all_reference,96.0,96.0
cubic_spin_glass,inst_7c46ab9828c14c80ecbb7d6d499d693814b74054db5e4e07d7a39ee4b775bb50,1,fully_quadratized,0.0,0.0,all_to_all_reference,50.0,128.0
cubic_spin_glass,inst_7c46ab9828c14c80ecbb7d6d499d693814b74054db5e4e07d7a39ee4b775bb50,5,matched_random_selective,0.0,0.0,all_to_all_reference,98.4,112.4
cubic_spin_glass,inst_7c46ab9828c14c80ecbb7d6d499d693814b74054db5e4e07d7a39ee4b775bb50,1,selective,0.0,0.0,all_to_all_reference,65.0,116.0
cubic_spin_glass,inst_7efab38b2e0155b0b8445fdfed32c7e06e3901e3e22e1d8f40f9b35350aa66a9,1,all_native,0.0,0.0,all_to_all_reference,230.0,320.0
cubic_spin_glass,inst_7efab38b2e0155b0b8445fdfed32c7e06e3901e3e22e1d8f40f9b35350aa66a9,1,fully_quadratized,0.0,0.0,all_to_all_reference,100.0,554.0
cubic_spin_glass,inst_7efab38b2e0155b0b8445fdfed32c7e06e3901e3e22e1d8f40f9b35350aa66a9,5,matched_random_selective,0.0,0.0,all_to_all_reference,226.6,337.6
cubic_spin_glass,inst_7efab38b2e0155b0b8445fdfed32c7e06e3901e3e22e1d8f40f9b35350aa66a9,1,selective,0.0,0.0,all_to_all_reference,207.0,338.0
cubic_spin_glass,inst_7f7a436339b87b34cb27d5c721ed3c7eefb780ae1f65c12c15de9645b48ed437,1,all_native,0.0,0.0,all_to_all_reference,86.0,128.0
cubic_spin_glass,inst_7f7a436339b87b34cb27d5c721ed3c7eefb780ae1f65c12c15de9645b48ed437,1,fully_quadratized,0.0,0.0,all_to_all_reference,58.0,242.0
cubic_spin_glass,inst_7f7a436339b87b34cb27d5c721ed3c7eefb780ae1f65c12c15de9645b48ed437,5,matched_random_selective,0.0,0.0,all_to_all_reference,86.0,128.0
cubic_spin_glass,inst_7f7a436339b87b34cb27d5c721ed3c7eefb780ae1f65c12c15de9645b48ed437,1,selective,0.0,0.0,all_to_all_reference,86.0,128.0
cubic_spin_glass,inst_7f90e24a78f8a26d1a801c170cc595d5d7669882dcba292c4b15aa6b53b3dacf,1,all_native,0.0,0.0,all_to_all_reference,32.0,32.0
cubic_spin_glass,inst_7f90e24a78f8a26d1a801c170cc595d5d7669882dcba292c4b15aa6b53b3dacf,1,fully_quadratized,0.0,0.0,all_to_all_reference,28.0,54.0
cubic_spin_glass,inst_7f90e24a78f8a26d1a801c170cc595d5d7669882dcba292c4b15aa6b53b3dacf,5,matched_random_selective,0.0,0.0,all_to_all_reference,32.0,32.0
cubic_spin_glass,inst_7f90e24a78f8a26d1a801c170cc595d5d7669882dcba292c4b15aa6b53b3dacf,1,selective,0.0,0.0,all_to_all_reference,32.0,32.0
cubic_spin_glass,inst_7fb1bfed3cb150b9c82f88f49613843c766218e213329cc38e12264c97c15eba,1,all_native,0.0,0.0,all_to_all_reference,192.0,256.0
cubic_spin_glass,inst_7fb1bfed3cb150b9c82f88f49613843c766218e213329cc38e12264c97c15eba,1,fully_quadratized,0.0,0.0,all_to_all_reference,84.0,400.0
cubic_spin_glass,inst_7fb1bfed3cb150b9c82f88f49613843c766218e213329cc38e12264c97c15eba,5,matched_random_selective,0.0,0.0,all_to_all_reference,192.2,315.6
cubic_spin_glass,inst_7fb1bfed3cb150b9c82f88f49613843c766218e213329cc38e12264c97c15eba,1,selective,0.0,0.0,all_to_all_reference,129.0,306.0
cubic_spin_glass,inst_8603e288413e6a8d06805f7acb84ae33701f1b6b8cd108dd5b9386188f286531,1,all_native,0.0,0.0,all_to_all_reference,103.0,160.0
cubic_spin_glass,inst_8603e288413e6a8d06805f7acb84ae33701f1b6b8cd108dd5b9386188f286531,1,fully_quadratized,0.0,0.0,all_to_all_reference,72.0,354.0
cubic_spin_glass,inst_8603e288413e6a8d06805f7acb84ae33701f1b6b8cd108dd5b9386188f286531,5,matched_random_selective,0.0,0.0,all_to_all_reference,105.4,168.4
cubic_spin_glass,inst_8603e288413e6a8d06805f7acb84ae33701f1b6b8cd108dd5b9386188f286531,1,selective,0.0,0.0,all_to_all_reference,91.0,168.0
cubic_spin_glass,inst_8c4d9776efa0c93c2c9988f4c062d82692051281f1990acd2fc48a9536215c36,1,all_native,0.0,0.0,all_to_all_reference,122.0,128.0
cubic_spin_glass,inst_8c4d9776efa0c93c2c9988f4c062d82692051281f1990acd2fc48a9536215c36,1,fully_quadratized,0.0,0.0,all_to_all_reference,62.0,194.0
cubic_spin_glass,inst_8c4d9776efa0c93c2c9988f4c062d82692051281f1990acd2fc48a9536215c36,5,matched_random_selective,0.0,0.0,all_to_all_reference,125.6,143.6
cubic_spin_glass,inst_8c4d9776efa0c93c2c9988f4c062d82692051281f1990acd2fc48a9536215c36,1,selective,0.0,0.0,all_to_all_reference,74.0,146.0
cubic_spin_glass,inst_90ea5a2894cc294c32ec161d76b831ad4079fdcbaaad0e421851b5fa6f8561ba,1,all_native,0.0,0.0,all_to_all_reference,174.0,192.0
cubic_spin_glass,inst_90ea5a2894cc294c32ec161d76b831ad4079fdcbaaad0e421851b5fa6f8561ba,1,fully_quadratized,0.0,0.0,all_to_all_reference,50.0,216.0
cubic_spin_glass,inst_90ea5a2894cc294c32ec161d76b831ad4079fdcbaaad0e421851b5fa6f8561ba,5,matched_random_selective,0.0,0.0,all_to_all_reference,162.6,226.4
cubic_spin_glass,inst_90ea5a2894cc294c32ec161d76b831ad4079fdcbaaad0e421851b5fa6f8561ba,1,selective,0.0,0.0,all_to_all_reference,93.0,218.0
cubic_spin_glass,inst_92eb60bbccda5c5e3e2562b302edd076ac50a62aeb4d3709272c6303eeb1a61b,1,all_native,0.0,0.0,all_to_all_reference,147.0,192.0
cubic_spin_glass,inst_92eb60bbccda5c5e3e2562b302edd076ac50a62aeb4d3709272c6303eeb1a61b,1,fully_quadratized,0.0,0.0,all_to_all_reference,64.0,274.0
cubic_spin_glass,inst_92eb60bbccda5c5e3e2562b302edd076ac50a62aeb4d3709272c6303eeb1a61b,5,matched_random_selective,0.0,0.0,all_to_all_reference,147.0,192.0
cubic_spin_glass,inst_92eb60bbccda5c5e3e2562b302edd076ac50a62aeb4d3709272c6303eeb1a61b,1,selective,0.0,0.0,all_to_all_reference,147.0,192.0
cubic_spin_glass,inst_9ba2a7792551103e6e69b98c0de1119c32118930928fc10d75a1e7d657dd1bcf,1,all_native,0.0,0.0,all_to_all_reference,49.0,64.0
cubic_spin_glass,inst_9ba2a7792551103e6e69b98c0de1119c32118930928fc10d75a1e7d657dd1bcf,1,fully_quadratized,0.0,0.0,all_to_all_reference,34.0,104.0
cubic_spin_glass,inst_9ba2a7792551103e6e69b98c0de1119c32118930928fc10d75a1e7d657dd1bcf,5,matched_random_selective,0.0,0.0,all_to_all_reference,49.0,64.0
cubic_spin_glass,inst_9ba2a7792551103e6e69b98c0de1119c32118930928fc10d75a1e7d657dd1bcf,1,selective,0.0,0.0,all_to_all_reference,49.0,64.0
cubic_spin_glass,inst_9bce13272818b61594dbc28dec9d8b84d5c90a5cff1574a18f881703e17ad0f7,1,all_native,0.0,0.0,all_to_all_reference,42.0,80.0
cubic_spin_glass,inst_9bce13272818b61594dbc28dec9d8b84d5c90a5cff1574a18f881703e17ad0f7,1,fully_quadratized,0.0,0.0,all_to_all_reference,58.0,208.0
cubic_spin_glass,inst_9bce13272818b61594dbc28dec9d8b84d5c90a5cff1574a18f881703e17ad0f7,5,matched_random_selective,0.0,0.0,all_to_all_reference,42.0,80.0
cubic_spin_glass,inst_9bce13272818b61594dbc28dec9d8b84d5c90a5cff1574a18f881703e17ad0f7,1,selective,0.0,0.0,all_to_all_reference,42.0,80.0
cubic_spin_glass,inst_a281a70cf3027da7a09f4adaf7e6e96f50074205fe7b5bd1aab52f03a994e7f0,1,all_native,0.0,0.0,all_to_all_reference,53.0,64.0
cubic_spin_glass,inst_a281a70cf3027da7a09f4adaf7e6e96f50074205fe7b5bd1aab52f03a994e7f0,1,fully_quadratized,0.0,0.0,all_to_all_reference,34.0,100.0
cubic_spin_glass,inst_a281a70cf3027da7a09f4adaf7e6e96f50074205fe7b5bd1aab52f03a994e7f0,5,matched_random_selective,0.0,0.0,all_to_all_reference,53.0,64.0
cubic_spin_glass,inst_a281a70cf3027da7a09f4adaf7e6e96f50074205fe7b5bd1aab52f03a994e7f0,1,selective,0.0,0.0,all_to_all_reference,53.0,64.0
cubic_spin_glass,inst_a4679bc36e70ceabe07c23d07c304c011669cd7cd6dd39977860e971d22b5bae,1,all_native,0.0,0.0,all_to_all_reference,58.0,64.0
cubic_spin_glass,inst_a4679bc36e70ceabe07c23d07c304c011669cd7cd6dd39977860e971d22b5bae,1,fully_quadratized,0.0,0.0,all_to_all_reference,38.0,106.0
cubic_spin_glass,inst_a4679bc36e70ceabe07c23d07c304c011669cd7cd6dd39977860e971d22b5bae,5,matched_random_selective,0.0,0.0,all_to_all_reference,58.0,64.0
cubic_spin_glass,inst_a4679bc36e70ceabe07c23d07c304c011669cd7cd6dd39977860e971d22b5bae,1,selective,0.0,0.0,all_to_all_reference,58.0,64.0
cubic_spin_glass,inst_af9b682406075901b4f377cea9bb6dda351c54f44f95fadd7be931c5565e5ee7,1,all_native,0.0,0.0,all_to_all_reference,43.0,64.0
cubic_spin_glass,inst_af9b682406075901b4f377cea9bb6dda351c54f44f95fadd7be931c5565e5ee7,1,fully_quadratized,0.0,0.0,all_to_all_reference,42.0,104.0
cubic_spin_glass,inst_af9b682406075901b4f377cea9bb6dda351c54f44f95fadd7be931c5565e5ee7,5,matched_random_selective,0.0,0.0,all_to_all_reference,43.0,64.0
cubic_spin_glass,inst_af9b682406075901b4f377cea9bb6dda351c54f44f95fadd7be931c5565e5ee7,1,selective,0.0,0.0,all_to_all_reference,43.0,64.0
cubic_spin_glass,inst_b4ee1e445e988b3bd6d55f528563578e122178c9757b5377ac9192f99996b923,1,all_native,0.0,0.0,all_to_all_reference,239.0,320.0
cubic_spin_glass,inst_b4ee1e445e988b3bd6d55f528563578e122178c9757b5377ac9192f99996b923,1,fully_quadratized,0.0,0.0,all_to_all_reference,84.0,396.0
cubic_spin_glass,inst_b4ee1e445e988b3bd6d55f528563578e122178c9757b5377ac9192f99996b923,5,matched_random_selective,0.0,0.0,all_to_all_reference,229.2,378.4
cubic_spin_glass,inst_b4ee1e445e988b3bd6d55f528563578e122178c9757b5377ac9192f99996b923,1,selective,0.0,0.0,all_to_all_reference,117.0,374.0
cubic_spin_glass,inst_b6bffeaedeb53019eec1c8bec5d768c3b2d9013ec18b83f60ee9a2ef0ca455da,1,all_native,0.0,0.0,all_to_all_reference,46.0,64.0
cubic_spin_glass,inst_b6bffeaedeb53019eec1c8bec5d768c3b2d9013ec18b83f60ee9a2ef0ca455da,1,fully_quadratized,0.0,0.0,all_to_all_reference,44.0,108.0
cubic_spin_glass,inst_b6bffeaedeb53019eec1c8bec5d768c3b2d9013ec18b83f60ee9a2ef0ca455da,5,matched_random_selective,0.0,0.0,all_to_all_reference,46.0,64.0
cubic_spin_glass,inst_b6bffeaedeb53019eec1c8bec5d768c3b2d9013ec18b83f60ee9a2ef0ca455da,1,selective,0.0,0.0,all_to_all_reference,46.0,64.0
cubic_spin_glass,inst_b732278acd92c203b9a27e0bcc5d32b417c737bd33781646533636e270b41e97,1,all_native,0.0,0.0,all_to_all_reference,36.0,64.0
cubic_spin_glass,inst_b732278acd92c203b9a27e0bcc5d32b417c737bd33781646533636e270b41e97,1,fully_quadratized,0.0,0.0,all_to_all_reference,38.0,148.0
cubic_spin_glass,inst_b732278acd92c203b9a27e0bcc5d32b417c737bd33781646533636e270b41e97,5,matched_random_selective,0.0,0.0,all_to_all_reference,36.0,64.0
cubic_spin_glass,inst_b732278acd92c203b9a27e0bcc5d32b417c737bd33781646533636e270b41e97,1,selective,0.0,0.0,all_to_all_reference,36.0,64.0
cubic_spin_glass,inst_badadd6b960880e69de1e4a1077d644ec987b1efaeac187f421a7f530b78f797,1,all_native,0.0,0.0,all_to_all_reference,186.0,256.0
cubic_spin_glass,inst_badadd6b960880e69de1e4a1077d644ec987b1efaeac187f421a7f530b78f797,1,fully_quadratized,0.0,0.0,all_to_all_reference,84.0,398.0
cubic_spin_glass,inst_badadd6b960880e69de1e4a1077d644ec987b1efaeac187f421a7f530b78f797,5,matched_random_selective,0.0,0.0,all_to_all_reference,176.6,288.0
cubic_spin_glass,inst_badadd6b960880e69de1e4a1077d644ec987b1efaeac187f421a7f530b78f797,1,selective,0.0,0.0,all_to_all_reference,149.0,288.0
cubic_spin_glass,inst_bb9ea8526f4f8c3163389b1dd29737c6dc55d4b10908c16cd989bbf99598ae9b,1,all_native,0.0,0.0,all_to_all_reference,176.0,192.0
cubic_spin_glass,inst_bb9ea8526f4f8c3163389b1dd29737c6dc55d4b10908c16cd989bbf99598ae9b,1,fully_quadratized,0.0,0.0,all_to_all_reference,54.0,214.0
cubic_spin_glass,inst_bb9ea8526f4f8c3163389b1dd29737c6dc55d4b10908c16cd989bbf99598ae9b,5,matched_random_selective,0.0,0.0,all_to_all_reference,157.4,229.6
cubic_spin_glass,inst_bb9ea8526f4f8c3163389b1dd29737c6dc55d4b10908c16cd989bbf99598ae9b,1,selective,0.0,0.0,all_to_all_reference,80.0,216.0
cubic_spin_glass,inst_bd91654b426322e8e5eeb5aeae69692f9e01419f8ff43e2242b156e1ee054dd2,1,all_native,0.0,0.0,all_to_all_reference,114.0,128.0
cubic_spin_glass,inst_bd91654b426322e8e5eeb5aeae69692f9e01419f8ff43e2242b156e1ee054dd2,1,fully_quadratized,0.0,0.0,all_to_all_reference,40.0,136.0
cubic_spin_glass,inst_bd91654b426322e8e5eeb5aeae69692f9e01419f8ff43e2242b156e1ee054dd2,5,matched_random_selective,0.0,0.0,all_to_all_reference,94.6,161.2
cubic_spin_glass,inst_bd91654b426322e8e5eeb5aeae69692f9e01419f8ff43e2242b156e1ee054dd2,1,selective,0.0,0.0,all_to_all_reference,59.0,134.0
cubic_spin_glass,inst_c2e05f7c3075c3aad73660a0712a836e2e081e148a56e82b9e52e010e4099cc2,1,all_native,0.0,0.0,all_to_all_reference,109.0,128.0
cubic_spin_glass,inst_c2e05f7c3075c3aad73660a0712a836e2e081e148a56e82b9e52e010e4099cc2,1,fully_quadratized,0.0,0.0,all_to_all_reference,46.0,152.0
cubic_spin_glass,inst_c2e05f7c3075c3aad73660a0712a836e2e081e148a56e82b9e52e010e4099cc2,5,matched_random_selective,0.0,0.0,all_to_all_reference,96.4,161.2
cubic_spin_glass,inst_c2e05f7c3075c3aad73660a0712a836e2e081e148a56e82b9e52e010e4099cc2,1,selective,0.0,0.0,all_to_all_reference,77.0,144.0
cubic_spin_glass,inst_c4e35a1cfc403513d25de62f5a1ade08c0f44afc5635ef5ba336e817a5f95387,1,all_native,0.0,0.0,all_to_all_reference,227.0,320.0
cubic_spin_glass,inst_c4e35a1cfc403513d25de62f5a1ade08c0f44afc5635ef5ba336e817a5f95387,1,fully_quadratized,0.0,0.0,all_to_all_reference,96.0,530.0
cubic_spin_glass,inst_c4e35a1cfc403513d25de62f5a1ade08c0f44afc5635ef5ba336e817a5f95387,5,matched_random_selective,0.0,0.0,all_to_all_reference,214.8,363.2
cubic_spin_glass,inst_c4e35a1cfc403513d25de62f5a1ade08c0f44afc5635ef5ba336e817a5f95387,1,selective,0.0,0.0,all_to_all_reference,145.0,366.0
cubic_spin_glass,inst_c4f7f15fb4d34d0c48ee7c85dea7e846efc521f79aba3f47e9cb971bff038a3c,1,all_native,0.0,0.0,all_to_all_reference,220.0,256.0
cubic_spin_glass,inst_c4f7f15fb4d34d0c48ee7c85dea7e846efc521f79aba3f47e9cb971bff038a3c,1,fully_quadratized,0.0,0.0,all_to_all_reference,64.0,298.0
cubic_spin_glass,inst_c4f7f15fb4d34d0c48ee7c85dea7e846efc521f79aba3f47e9cb971bff038a3c,5,matched_random_selective,0.0,0.0,all_to_all_reference,219.8,292.8
cubic_spin_glass,inst_c4f7f15fb4d34d0c48ee7c85dea7e846efc521f79aba3f47e9cb971bff038a3c,1,selective,0.0,0.0,all_to_all_reference,109.0,294.0
cubic_spin_glass,inst_c953f174f2a63e6344fc92986f80da94e87d4acd3ab259c8f9d9332832f86a3e,1,all_native,0.0,0.0,all_to_all_reference,204.0,256.0
cubic_spin_glass,inst_c953f174f2a63e6344fc92986f80da94e87d4acd3ab259c8f9d9332832f86a3e,1,fully_quadratized,0.0,0.0,all_to_all_reference,68.0,310.0
cubic_spin_glass,inst_c953f174f2a63e6344fc92986f80da94e87d4acd3ab259c8f9d9332832f86a3e,5,matched_random_selective,0.0,0.0,all_to_all_reference,203.0,287.6
cubic_spin_glass,inst_c953f174f2a63e6344fc92986f80da94e87d4acd3ab259c8f9d9332832f86a3e,1,selective,0.0,0.0,all_to_all_reference,124.0,276.0
cubic_spin_glass,inst_cd62fc2eb91018e6a9da61c7b64c837ad5b988a267bd06e44091a7bb226c6327,1,all_native,0.0,0.0,all_to_all_reference,39.0,48.0
cubic_spin_glass,inst_cd62fc2eb91018e6a9da61c7b64c837ad5b988a267bd06e44091a7bb226c6327,1,fully_quadratized,0.0,0.0,all_to_all_reference,38.0,80.0
cubic_spin_glass,inst_cd62fc2eb91018e6a9da61c7b64c837ad5b988a267bd06e44091a7bb226c6327,5,matched_random_selective,0.0,0.0,all_to_all_reference,39.0,48.0
cubic_spin_glass,inst_cd62fc2eb91018e6a9da61c7b64c837ad5b988a267bd06e44091a7bb226c6327,1,selective,0.0,0.0,all_to_all_reference,39.0,48.0
cubic_spin_glass,inst_d00ca93e6523bcec641670bd2f915a9e935326dd3a40ad48fc79f3a9c5c91ded,1,all_native,0.0,0.0,all_to_all_reference,76.0,96.0
cubic_spin_glass,inst_d00ca93e6523bcec641670bd2f915a9e935326dd3a40ad48fc79f3a9c5c91ded,1,fully_quadratized,0.0,0.0,all_to_all_reference,58.0,182.0
cubic_spin_glass,inst_d00ca93e6523bcec641670bd2f915a9e935326dd3a40ad48fc79f3a9c5c91ded,5,matched_random_selective,0.0,0.0,all_to_all_reference,80.4,112.4
cubic_spin_glass,inst_d00ca93e6523bcec641670bd2f915a9e935326dd3a40ad48fc79f3a9c5c91ded,1,selective,0.0,0.0,all_to_all_reference,53.0,116.0
cubic_spin_glass,inst_d39931f25d0a580985f2d689473d0b69f872405923e4b602501f05ec114e6507,1,all_native,0.0,0.0,all_to_all_reference,66.0,96.0
cubic_spin_glass,inst_d39931f25d0a580985f2d689473d0b69f872405923e4b602501f05ec114e6507,1,fully_quadratized,0.0,0.0,all_to_all_reference,54.0,186.0
cubic_spin_glass,inst_d39931f25d0a580985f2d689473d0b69f872405923e4b602501f05ec114e6507,5,matched_random_selective,0.0,0.0,all_to_all_reference,66.0,96.0
cubic_spin_glass,inst_d39931f25d0a580985f2d689473d0b69f872405923e4b602501f05ec114e6507,1,selective,0.0,0.0,all_to_all_reference,66.0,96.0
cubic_spin_glass,inst_d3c6a9aaeb39e276f75da8011cade132a868ef0f7cc911933833f479a8fae9b6,1,all_native,0.0,0.0,all_to_all_reference,45.0,64.0
cubic_spin_glass,inst_d3c6a9aaeb39e276f75da8011cade132a868ef0f7cc911933833f479a8fae9b6,1,fully_quadratized,0.0,0.0,all_to_all_reference,44.0,148.0
cubic_spin_glass,inst_d3c6a9aaeb39e276f75da8011cade132a868ef0f7cc911933833f479a8fae9b6,5,matched_random_selective,0.0,0.0,all_to_all_reference,45.0,64.0
cubic_spin_glass,inst_d3c6a9aaeb39e276f75da8011cade132a868ef0f7cc911933833f479a8fae9b6,1,selective,0.0,0.0,all_to_all_reference,45.0,64.0
cubic_spin_glass,inst_d91125199706c8108c27d3f20dd2ffc9a38c519cb4e58c97770db6ccd427a96c,1,all_native,0.0,0.0,all_to_all_reference,112.0,128.0
cubic_spin_glass,inst_d91125199706c8108c27d3f20dd2ffc9a38c519cb4e58c97770db6ccd427a96c,1,fully_quadratized,0.0,0.0,all_to_all_reference,48.0,158.0
cubic_spin_glass,inst_d91125199706c8108c27d3f20dd2ffc9a38c519cb4e58c97770db6ccd427a96c,5,matched_random_selective,0.0,0.0,all_to_all_reference,94.4,159.2
cubic_spin_glass,inst_d91125199706c8108c27d3f20dd2ffc9a38c519cb4e58c97770db6ccd427a96c,1,selective,0.0,0.0,all_to_all_reference,75.0,148.0
cubic_spin_glass,inst_da3101c770b48b4f0db791033edb8e7a538edbef1506d2019f202beb0c200cca,1,all_native,0.0,0.0,all_to_all_reference,107.0,128.0
cubic_spin_glass,inst_da3101c770b48b4f0db791033edb8e7a538edbef1506d2019f202beb0c200cca,1,fully_quadratized,0.0,0.0,all_to_all_reference,46.0,150.0
cubic_spin_glass,inst_da3101c770b48b4f0db791033edb8e7a538edbef1506d2019f202beb0c200cca,5,matched_random_selective,0.0,0.0,all_to_all_reference,102.2,151.2
cubic_spin_glass,inst_da3101c770b48b4f0db791033edb8e7a538edbef1506d2019f202beb0c200cca,1,selective,0.0,0.0,all_to_all_reference,73.0,148.0
cubic_spin_glass,inst_da6cc0814f1cda7d2b8acf79563c59341898d86355f6e7d54acdb51463c602cf,1,all_native,0.0,0.0,all_to_all_reference,110.0,128.0
cubic_spin_glass,inst_da6cc0814f1cda7d2b8acf79563c59341898d86355f6e7d54acdb51463c602cf,1,fully_quadratized,0.0,0.0,all_to_all_reference,38.0,134.0
cubic_spin_glass,inst_da6cc0814f1cda7d2b8acf79563c59341898d86355f6e7d54acdb51463c602cf,5,matched_random_selective,0.0,0.0,all_to_all_reference,105.4,152.0
cubic_spin_glass,inst_da6cc0814f1cda7d2b8acf79563c59341898d86355f6e7d54acdb51463c602cf,1,selective,0.0,0.0,all_to_all_reference,77.0,132.0
cubic_spin_glass,inst_e6863527db589505432cd6b1d26c66dd8cc456c8b9660f4d19bbc5c14d7738e4,1,all_native,0.0,0.0,all_to_all_reference,24.0,32.0
cubic_spin_glass,inst_e6863527db589505432cd6b1d26c66dd8cc456c8b9660f4d19bbc5c14d7738e4,1,fully_quadratized,0.0,0.0,all_to_all_reference,24.0,68.0
cubic_spin_glass,inst_e6863527db589505432cd6b1d26c66dd8cc456c8b9660f4d19bbc5c14d7738e4,5,matched_random_selective,0.0,0.0,all_to_all_reference,24.0,32.0
cubic_spin_glass,inst_e6863527db589505432cd6b1d26c66dd8cc456c8b9660f4d19bbc5c14d7738e4,1,selective,0.0,0.0,all_to_all_reference,24.0,32.0
cubic_spin_glass,inst_ea1372732b45bea8ab2adc28dfcd62f4d328d838401c7ec158552a1e109c1c0d,1,all_native,0.0,0.0,all_to_all_reference,28.0,32.0
cubic_spin_glass,inst_ea1372732b45bea8ab2adc28dfcd62f4d328d838401c7ec158552a1e109c1c0d,1,fully_quadratized,0.0,0.0,all_to_all_reference,28.0,70.0
cubic_spin_glass,inst_ea1372732b45bea8ab2adc28dfcd62f4d328d838401c7ec158552a1e109c1c0d,5,matched_random_selective,0.0,0.0,all_to_all_reference,28.0,32.0
cubic_spin_glass,inst_ea1372732b45bea8ab2adc28dfcd62f4d328d838401c7ec158552a1e109c1c0d,1,selective,0.0,0.0,all_to_all_reference,28.0,32.0
cubic_spin_glass,inst_ece5bba3739bc03a15ddcd6bbe4055bbd33c8ec145b5e5027ddc9b2d78213107,1,all_native,0.0,0.0,all_to_all_reference,64.0,64.0
cubic_spin_glass,inst_ece5bba3739bc03a15ddcd6bbe4055bbd33c8ec145b5e5027ddc9b2d78213107,1,fully_quadratized,0.0,0.0,all_to_all_reference,34.0,80.0
cubic_spin_glass,inst_ece5bba3739bc03a15ddcd6bbe4055bbd33c8ec145b5e5027ddc9b2d78213107,5,matched_random_selective,0.0,0.0,all_to_all_reference,65.6,80.0
cubic_spin_glass,inst_ece5bba3739bc03a15ddcd6bbe4055bbd33c8ec145b5e5027ddc9b2d78213107,1,selective,0.0,0.0,all_to_all_reference,38.0,82.0
cubic_spin_glass,inst_ee30c9f5c123b7e1b93abed350ca64e7dc66b77042c74c2583df52d2313c7c61,1,all_native,0.0,0.0,all_to_all_reference,52.0,64.0
cubic_spin_glass,inst_ee30c9f5c123b7e1b93abed350ca64e7dc66b77042c74c2583df52d2313c7c61,1,fully_quadratized,0.0,0.0,all_to_all_reference,34.0,92.0
cubic_spin_glass,inst_ee30c9f5c123b7e1b93abed350ca64e7dc66b77042c74c2583df52d2313c7c61,5,matched_random_selective,0.0,0.0,all_to_all_reference,52.0,64.0
cubic_spin_glass,inst_ee30c9f5c123b7e1b93abed350ca64e7dc66b77042c74c2583df52d2313c7c61,1,selective,0.0,0.0,all_to_all_reference,52.0,64.0
cubic_spin_glass,inst_eea12da1e1e88a4c6e8507aad613af99cbc02e7026129f640f22f3660eb2ebc6,1,all_native,0.0,0.0,all_to_all_reference,81.0,96.0
cubic_spin_glass,inst_eea12da1e1e88a4c6e8507aad613af99cbc02e7026129f640f22f3660eb2ebc6,1,fully_quadratized,0.0,0.0,all_to_all_reference,50.0,182.0
cubic_spin_glass,inst_eea12da1e1e88a4c6e8507aad613af99cbc02e7026129f640f22f3660eb2ebc6,5,matched_random_selective,0.0,0.0,all_to_all_reference,80.0,112.4
cubic_spin_glass,inst_eea12da1e1e88a4c6e8507aad613af99cbc02e7026129f640f22f3660eb2ebc6,1,selective,0.0,0.0,all_to_all_reference,60.0,110.0
cubic_spin_glass,inst_f34c63f8cfd94227a08f5c94c23fc2ab0b44f082c3ebb7d7c987fd86a735be25,1,all_native,0.0,0.0,all_to_all_reference,140.0,160.0
cubic_spin_glass,inst_f34c63f8cfd94227a08f5c94c23fc2ab0b44f082c3ebb7d7c987fd86a735be25,1,fully_quadratized,0.0,0.0,all_to_all_reference,68.0,218.0
cubic_spin_glass,inst_f34c63f8cfd94227a08f5c94c23fc2ab0b44f082c3ebb7d7c987fd86a735be25,5,matched_random_selective,0.0,0.0,all_to_all_reference,142.2,177.2
cubic_spin_glass,inst_f34c63f8cfd94227a08f5c94c23fc2ab0b44f082c3ebb7d7c987fd86a735be25,1,selective,0.0,0.0,all_to_all_reference,108.0,176.0
cubic_spin_glass,inst_f37842a047e83492990313eec01ec5d49bc57873228193dd2f82f533032af864,1,all_native,0.0,0.0,all_to_all_reference,93.0,128.0
cubic_spin_glass,inst_f37842a047e83492990313eec01ec5d49bc57873228193dd2f82f533032af864,1,fully_quadratized,0.0,0.0,all_to_all_reference,68.0,264.0
cubic_spin_glass,inst_f37842a047e83492990313eec01ec5d49bc57873228193dd2f82f533032af864,5,matched_random_selective,0.0,0.0,all_to_all_reference,93.0,128.0
cubic_spin_glass,inst_f37842a047e83492990313eec01ec5d49bc57873228193dd2f82f533032af864,1,selective,0.0,0.0,all_to_all_reference,93.0,128.0
cubic_spin_glass,inst_f3a85e8bbaaeb5c96e59011403ee2f0f58abac7e6fd87e4ccbd3e0d68b1a179c,1,all_native,0.0,0.0,all_to_all_reference,207.0,256.0
cubic_spin_glass,inst_f3a85e8bbaaeb5c96e59011403ee2f0f58abac7e6fd87e4ccbd3e0d68b1a179c,1,fully_quadratized,0.0,0.0,all_to_all_reference,82.0,386.0
cubic_spin_glass,inst_f3a85e8bbaaeb5c96e59011403ee2f0f58abac7e6fd87e4ccbd3e0d68b1a179c,5,matched_random_selective,0.0,0.0,all_to_all_reference,193.6,299.2
cubic_spin_glass,inst_f3a85e8bbaaeb5c96e59011403ee2f0f58abac7e6fd87e4ccbd3e0d68b1a179c,1,selective,0.0,0.0,all_to_all_reference,155.0,292.0
cubic_spin_glass,inst_f4773a42848780f4cb4b292631096ceb1e1a30b6c917199603ba97c16bfa190b,1,all_native,0.0,0.0,all_to_all_reference,257.0,320.0
cubic_spin_glass,inst_f4773a42848780f4cb4b292631096ceb1e1a30b6c917199603ba97c16bfa190b,1,fully_quadratized,0.0,0.0,all_to_all_reference,80.0,376.0
cubic_spin_glass,inst_f4773a42848780f4cb4b292631096ceb1e1a30b6c917199603ba97c16bfa190b,5,matched_random_selective,0.0,0.0,all_to_all_reference,254.8,354.4
cubic_spin_glass,inst_f4773a42848780f4cb4b292631096ceb1e1a30b6c917199603ba97c16bfa190b,1,selective,0.0,0.0,all_to_all_reference,174.0,354.0
cubic_spin_glass,inst_f9f59e0f30c74cb657e83170cba09f9012a39197b2b021dae1850ae012f1678f,1,all_native,0.0,0.0,all_to_all_reference,70.0,128.0
cubic_spin_glass,inst_f9f59e0f30c74cb657e83170cba09f9012a39197b2b021dae1850ae012f1678f,1,fully_quadratized,0.0,0.0,all_to_all_reference,64.0,274.0
cubic_spin_glass,inst_f9f59e0f30c74cb657e83170cba09f9012a39197b2b021dae1850ae012f1678f,5,matched_random_selective,0.0,0.0,all_to_all_reference,70.0,128.0
cubic_spin_glass,inst_f9f59e0f30c74cb657e83170cba09f9012a39197b2b021dae1850ae012f1678f,1,selective,0.0,0.0,all_to_all_reference,70.0,128.0
cubic_spin_glass,inst_fb8a9da4adf31a021767c9fabc43d7ddf89cfad0c621ca87f56cfb9907a6f495,1,all_native,0.0,0.0,all_to_all_reference,57.0,64.0
cubic_spin_glass,inst_fb8a9da4adf31a021767c9fabc43d7ddf89cfad0c621ca87f56cfb9907a6f495,1,fully_quadratized,0.0,0.0,all_to_all_reference,34.0,102.0
cubic_spin_glass,inst_fb8a9da4adf31a021767c9fabc43d7ddf89cfad0c621ca87f56cfb9907a6f495,5,matched_random_selective,0.0,0.0,all_to_all_reference,57.0,64.0
cubic_spin_glass,inst_fb8a9da4adf31a021767c9fabc43d7ddf89cfad0c621ca87f56cfb9907a6f495,1,selective,0.0,0.0,all_to_all_reference,57.0,64.0
max3sat,inst_0252ede428af7d5ba638c993716885266bdf345dcd87961e7c927bacd016606c,1,all_native,0.0,0.0,all_to_all_reference,261.0,398.0
max3sat,inst_0252ede428af7d5ba638c993716885266bdf345dcd87961e7c927bacd016606c,1,fully_quadratized,0.0,0.0,all_to_all_reference,70.0,328.0
max3sat,inst_0252ede428af7d5ba638c993716885266bdf345dcd87961e7c927bacd016606c,5,matched_random_selective,0.0,0.0,all_to_all_reference,168.6,403.6
max3sat,inst_0252ede428af7d5ba638c993716885266bdf345dcd87961e7c927bacd016606c,1,selective,0.0,0.0,all_to_all_reference,115.0,368.0
max3sat,inst_04a1b89230c5a6026d670ebcad2bd30c736104ed6ac28632205ec9169547e9f9,1,all_native,0.0,0.0,all_to_all_reference,49.0,66.0
max3sat,inst_04a1b89230c5a6026d670ebcad2bd30c736104ed6ac28632205ec9169547e9f9,1,fully_quadratized,0.0,0.0,all_to_all_reference,30.0,56.0
max3sat,inst_04a1b89230c5a6026d670ebcad2bd30c736104ed6ac28632205ec9169547e9f9,5,matched_random_selective,0.0,0.0,all_to_all_reference,41.8,67.6
max3sat,inst_04a1b89230c5a6026d670ebcad2bd30c736104ed6ac28632205ec9169547e9f9,1,selective,0.0,0.0,all_to_all_reference,28.0,56.0
max3sat,inst_0a73f63fb3161b683c1ecca2d45ca1ed0133a0bb6ac68f9b778657cfc7aa7e0f,1,all_native,0.0,0.0,all_to_all_reference,284.0,564.0
max3sat,inst_0a73f63fb3161b683c1ecca2d45ca1ed0133a0bb6ac68f9b778657cfc7aa7e0f,1,fully_quadratized,0.0,0.0,all_to_all_reference,88.0,484.0
max3sat,inst_0a73f63fb3161b683c1ecca2d45ca1ed0133a0bb6ac68f9b778657cfc7aa7e0f,5,matched_random_selective,0.0,0.0,all_to_all_reference,213.4,595.2
max3sat,inst_0a73f63fb3161b683c1ecca2d45ca1ed0133a0bb6ac68f9b778657cfc7aa7e0f,1,selective,0.0,0.0,all_to_all_reference,120.0,506.0
max3sat,inst_0cb8147f35cb319c98db07725be6b560d9ac23b0be515d6aabe4baafcfed6cea,1,all_native,0.0,0.0,all_to_all_reference,60.0,86.0
max3sat,inst_0cb8147f35cb319c98db07725be6b560d9ac23b0be515d6aabe4baafcfed6cea,1,fully_quadratized,0.0,0.0,all_to_all_reference,26.0,74.0
max3sat,inst_0cb8147f35cb319c98db07725be6b560d9ac23b0be515d6aabe4baafcfed6cea,5,matched_random_selective,0.0,0.0,all_to_all_reference,50.6,90.8
max3sat,inst_0cb8147f35cb319c98db07725be6b560d9ac23b0be515d6aabe4baafcfed6cea,1,selective,0.0,0.0,all_to_all_reference,36.0,80.0
max3sat,inst_1b8063bafe8fb16b92612498609bbac8bbb284b59e73fc2d63cadf82b323441f,1,all_native,0.0,0.0,all_to_all_reference,38.0,62.0
max3sat,inst_1b8063bafe8fb16b92612498609bbac8bbb284b59e73fc2d63cadf82b323441f,1,fully_quadratized,0.0,0.0,all_to_all_reference,26.0,54.0
max3sat,inst_1b8063bafe8fb16b92612498609bbac8bbb284b59e73fc2d63cadf82b323441f,5,matched_random_selective,0.0,0.0,all_to_all_reference,34.8,63.6
max3sat,inst_1b8063bafe8fb16b92612498609bbac8bbb284b59e73fc2d63cadf82b323441f,1,selective,0.0,0.0,all_to_all_reference,28.0,60.0
max3sat,inst_1be426e4fa90403494acd53c7f303758b784d3ffcb50ec5c77ffe22230f0f215,1,all_native,0.0,0.0,all_to_all_reference,99.0,174.0
max3sat,inst_1be426e4fa90403494acd53c7f303758b784d3ffcb50ec5c77ffe22230f0f215,1,fully_quadratized,0.0,0.0,all_to_all_reference,44.0,112.0
max3sat,inst_1be426e4fa90403494acd53c7f303758b784d3ffcb50ec5c77ffe22230f0f215,5,matched_random_selective,0.0,0.0,all_to_all_reference,91.6,176.8
max3sat,inst_1be426e4fa90403494acd53c7f303758b784d3ffcb50ec5c77ffe22230f0f215,1,selective,0.0,0.0,all_to_all_reference,40.0,124.0
max3sat,inst_1e91fd044da82237969da768df48589b6b1ab5771c97bb11bdb53a8fb4803ec9,1,all_native,0.0,0.0,all_to_all_reference,172.0,276.0
max3sat,inst_1e91fd044da82237969da768df48589b6b1ab5771c97bb11bdb53a8fb4803ec9,1,fully_quadratized,0.0,0.0,all_to_all_reference,58.0,232.0
max3sat,inst_1e91fd044da82237969da768df48589b6b1ab5771c97bb11bdb53a8fb4803ec9,5,matched_random_selective,0.0,0.0,all_to_all_reference,131.0,292.0
max3sat,inst_1e91fd044da82237969da768df48589b6b1ab5771c97bb11bdb53a8fb4803ec9,1,selective,0.0,0.0,all_to_all_reference,88.0,260.0
max3sat,inst_1f433b01487e58f130026b4b39df5b281f3248354e8bd1e1058204938b94c351,1,all_native,0.0,0.0,all_to_all_reference,96.0,182.0
max3sat,inst_1f433b01487e58f130026b4b39df5b281f3248354e8bd1e1058204938b94c351,1,fully_quadratized,0.0,0.0,all_to_all_reference,46.0,138.0
max3sat,inst_1f433b01487e58f130026b4b39df5b281f3248354e8bd1e1058204938b94c351,5,matched_random_selective,0.0,0.0,all_to_all_reference,92.4,183.2
max3sat,inst_1f433b01487e58f130026b4b39df5b281f3248354e8bd1e1058204938b94c351,1,selective,0.0,0.0,all_to_all_reference,50.0,140.0
max3sat,inst_1fd1e3af188a3ea1adf4c52be504c18998f9987176e8145c96535d8607f79e50,1,all_native,0.0,0.0,all_to_all_reference,85.0,152.0
max3sat,inst_1fd1e3af188a3ea1adf4c52be504c18998f9987176e8145c96535d8607f79e50,1,fully_quadratized,0.0,0.0,all_to_all_reference,42.0,144.0
max3sat,inst_1fd1e3af188a3ea1adf4c52be504c18998f9987176e8145c96535d8607f79e50,5,matched_random_selective,0.0,0.0,all_to_all_reference,71.8,160.0
max3sat,inst_1fd1e3af188a3ea1adf4c52be504c18998f9987176e8145c96535d8607f79e50,1,selective,0.0,0.0,all_to_all_reference,54.0,144.0
max3sat,inst_1fdccd0ea073b5ce489dd04bf55aa58692c93d7a6e8030ea54f69d187a8b67bc,1,all_native,0.0,0.0,all_to_all_reference,166.0,254.0
max3sat,inst_1fdccd0ea073b5ce489dd04bf55aa58692c93d7a6e8030ea54f69d187a8b67bc,1,fully_quadratized,0.0,0.0,all_to_all_reference,58.0,176.0
max3sat,inst_1fdccd0ea073b5ce489dd04bf55aa58692c93d7a6e8030ea54f69d187a8b67bc,5,matched_random_selective,0.0,0.0,all_to_all_reference,162.4,259.2
max3sat,inst_1fdccd0ea073b5ce489dd04bf55aa58692c93d7a6e8030ea54f69d187a8b67bc,1,selective,0.0,0.0,all_to_all_reference,58.0,172.0
max3sat,inst_2435c007116b03470f62d34cb88efdb456703104ba682192d46d894aa479d642,1,all_native,0.0,0.0,all_to_all_reference,106.0,138.0
max3sat,inst_2435c007116b03470f62d34cb88efdb456703104ba682192d46d894aa479d642,1,fully_quadratized,0.0,0.0,all_to_all_reference,42.0,98.0
max3sat,inst_2435c007116b03470f62d34cb88efdb456703104ba682192d46d894aa479d642,5,matched_random_selective,0.0,0.0,all_to_all_reference,99.6,141.2
max3sat,inst_2435c007116b03470f62d34cb88efdb456703104ba682192d46d894aa479d642,1,selective,0.0,0.0,all_to_all_reference,44.0,102.0
max3sat,inst_282c742887e5c98fde17b21ba08676c33dcd0d2b564db9120176704b8a84467b,1,all_native,0.0,0.0,all_to_all_reference,149.0,332.0
max3sat,inst_282c742887e5c98fde17b21ba08676c33dcd0d2b564db9120176704b8a84467b,1,fully_quadratized,0.0,0.0,all_to_all_reference,54.0,278.0
max3sat,inst_282c742887e5c98fde17b21ba08676c33dcd0d2b564db9120176704b8a84467b,5,matched_random_selective,0.0,0.0,all_to_all_reference,114.6,344.4
max3sat,inst_282c742887e5c98fde17b21ba08676c33dcd0d2b564db9120176704b8a84467b,1,selective,0.0,0.0,all_to_all_reference,68.0,298.0
max3sat,inst_28ff20a6c0731a37ed804a7e8e137c72f43ecb16c06242490c2839e435a3c9c9,1,all_native,0.0,0.0,all_to_all_reference,135.0,258.0
max3sat,inst_28ff20a6c0731a37ed804a7e8e137c72f43ecb16c06242490c2839e435a3c9c9,1,fully_quadratized,0.0,0.0,all_to_all_reference,54.0,220.0
max3sat,inst_28ff20a6c0731a37ed804a7e8e137c72f43ecb16c06242490c2839e435a3c9c9,5,matched_random_selective,0.0,0.0,all_to_all_reference,101.6,264.4
max3sat,inst_28ff20a6c0731a37ed804a7e8e137c72f43ecb16c06242490c2839e435a3c9c9,1,selective,0.0,0.0,all_to_all_reference,59.0,238.0
max3sat,inst_2ad6fd57820320548db69f878d4c4679c0dba001302d3d027eb6a3bd18976999,1,all_native,0.0,0.0,all_to_all_reference,155.0,242.0
max3sat,inst_2ad6fd57820320548db69f878d4c4679c0dba001302d3d027eb6a3bd18976999,1,fully_quadratized,0.0,0.0,all_to_all_reference,56.0,180.0
max3sat,inst_2ad6fd57820320548db69f878d4c4679c0dba001302d3d027eb6a3bd18976999,5,matched_random_selective,0.0,0.0,all_to_all_reference,151.4,245.2
max3sat,inst_2ad6fd57820320548db69f878d4c4679c0dba001302d3d027eb6a3bd18976999,1,selective,0.0,0.0,all_to_all_reference,64.0,188.0
max3sat,inst_2cb581ef9182b4e94ad87468822d97c34bab3f5844f008f31be762da257eef0a,1,all_native,0.0,0.0,all_to_all_reference,46.0,66.0
max3sat,inst_2cb581ef9182b4e94ad87468822d97c34bab3f5844f008f31be762da257eef0a,1,fully_quadratized,0.0,0.0,all_to_all_reference,28.0,60.0
max3sat,inst_2cb581ef9182b4e94ad87468822d97c34bab3f5844f008f31be762da257eef0a,5,matched_random_selective,0.0,0.0,all_to_all_reference,42.0,66.8
max3sat,inst_2cb581ef9182b4e94ad87468822d97c34bab3f5844f008f31be762da257eef0a,1,selective,0.0,0.0,all_to_all_reference,29.0,60.0
max3sat,inst_2e816cce0a2319003b1016e03a990097cba6aa784390cb4cad82f3363dce05c1,1,all_native,0.0,0.0,all_to_all_reference,262.0,422.0
max3sat,inst_2e816cce0a2319003b1016e03a990097cba6aa784390cb4cad82f3363dce05c1,1,fully_quadratized,0.0,0.0,all_to_all_reference,76.0,374.0
max3sat,inst_2e816cce0a2319003b1016e03a990097cba6aa784390cb4cad82f3363dce05c1,5,matched_random_selective,0.0,0.0,all_to_all_reference,168.8,446.4
max3sat,inst_2e816cce0a2319003b1016e03a990097cba6aa784390cb4cad82f3363dce05c1,1,selective,0.0,0.0,all_to_all_reference,89.0,380.0
max3sat,inst_2f15d2f234c8f1df4c005ad0920e30245530206ef3ff58661a368393a9143cfb,1,all_native,0.0,0.0,all_to_all_reference,90.0,140.0
max3sat,inst_2f15d2f234c8f1df4c005ad0920e30245530206ef3ff58661a368393a9143cfb,1,fully_quadratized,0.0,0.0,all_to_all_reference,46.0,102.0
max3sat,inst_2f15d2f234c8f1df4c005ad0920e30245530206ef3ff58661a368393a9143cfb,5,matched_random_selective,0.0,0.0,all_to_all_reference,80.4,140.4
max3sat,inst_2f15d2f234c8f1df4c005ad0920e30245530206ef3ff58661a368393a9143cfb,1,selective,0.0,0.0,all_to_all_reference,44.0,102.0
max3sat,inst_31e7ab3ba7da728558cbbe0bd81fc3184ec0cb15f0d2b97364cc4ec16800c671,1,all_native,0.0,0.0,all_to_all_reference,193.0,410.0
max3sat,inst_31e7ab3ba7da728558cbbe0bd81fc3184ec0cb15f0d2b97364cc4ec16800c671,1,fully_quadratized,0.0,0.0,all_to_all_reference,72.0,360.0
max3sat,inst_31e7ab3ba7da728558cbbe0bd81fc3184ec0cb15f0d2b97364cc4ec16800c671,5,matched_random_selective,0.0,0.0,all_to_all_reference,157.0,426.0
max3sat,inst_31e7ab3ba7da728558cbbe0bd81fc3184ec0cb15f0d2b97364cc4ec16800c671,1,selective,0.0,0.0,all_to_all_reference,91.0,376.0
max3sat,inst_351b2f1044631455ab325f3efabb01e0e041402aa854cb63ffe41759af6edb31,1,all_native,0.0,0.0,all_to_all_reference,57.0,78.0
max3sat,inst_351b2f1044631455ab325f3efabb01e0e041402aa854cb63ffe41759af6edb31,1,fully_quadratized,0.0,0.0,all_to_all_reference,30.0,58.0
max3sat,inst_351b2f1044631455ab325f3efabb01e0e041402aa854cb63ffe41759af6edb31,5,matched_random_selective,0.0,0.0,all_to_all_reference,52.8,81.6
max3sat,inst_351b2f1044631455ab325f3efabb01e0e041402aa854cb63ffe41759af6edb31,1,selective,0.0,0.0,all_to_all_reference,32.0,64.0
max3sat,inst_383684e2b457379b22ad997ff9ba9dd2a89f56020635a4f5957cd64397e30d27,1,all_native,0.0,0.0,all_to_all_reference,164.0,292.0
max3sat,inst_383684e2b457379b22ad997ff9ba9dd2a89f56020635a4f5957cd64397e30d27,1,fully_quadratized,0.0,0.0,all_to_all_reference,58.0,238.0
max3sat,inst_383684e2b457379b22ad997ff9ba9dd2a89f56020635a4f5957cd64397e30d27,5,matched_random_selective,0.0,0.0,all_to_all_reference,124.6,292.0
max3sat,inst_383684e2b457379b22ad997ff9ba9dd2a89f56020635a4f5957cd64397e30d27,1,selective,0.0,0.0,all_to_all_reference,82.0,260.0
max3sat,inst_389e9c8eec6e70d1760446aec874ba73c33d282a4aafd97bdf661c4173973bd4,1,all_native,0.0,0.0,all_to_all_reference,78.0,140.0
max3sat,inst_389e9c8eec6e70d1760446aec874ba73c33d282a4aafd97bdf661c4173973bd4,1,fully_quadratized,0.0,0.0,all_to_all_reference,36.0,106.0
max3sat,inst_389e9c8eec6e70d1760446aec874ba73c33d282a4aafd97bdf661c4173973bd4,5,matched_random_selective,0.0,0.0,all_to_all_reference,72.0,146.0
max3sat,inst_389e9c8eec6e70d1760446aec874ba73c33d282a4aafd97bdf661c4173973bd4,1,selective,0.0,0.0,all_to_all_reference,44.0,114.0
max3sat,inst_4292cef2fb4c9eb999019c1773bb594d1728cdf303bdeb10a83a3e7bef71dbf2,1,all_native,0.0,0.0,all_to_all_reference,105.0,156.0
max3sat,inst_4292cef2fb4c9eb999019c1773bb594d1728cdf303bdeb10a83a3e7bef71dbf2,1,fully_quadratized,0.0,0.0,all_to_all_reference,42.0,136.0
max3sat,inst_4292cef2fb4c9eb999019c1773bb594d1728cdf303bdeb10a83a3e7bef71dbf2,5,matched_random_selective,0.0,0.0,all_to_all_reference,78.8,158.0
max3sat,inst_4292cef2fb4c9eb999019c1773bb594d1728cdf303bdeb10a83a3e7bef71dbf2,1,selective,0.0,0.0,all_to_all_reference,55.0,150.0
max3sat,inst_44d41ee19adf16187d2472123669bbf847d64335b452c13d07c64d022afdbd6a,1,all_native,0.0,0.0,all_to_all_reference,59.0,82.0
max3sat,inst_44d41ee19adf16187d2472123669bbf847d64335b452c13d07c64d022afdbd6a,1,fully_quadratized,0.0,0.0,all_to_all_reference,28.0,60.0
max3sat,inst_44d41ee19adf16187d2472123669bbf847d64335b452c13d07c64d022afdbd6a,5,matched_random_selective,0.0,0.0,all_to_all_reference,50.8,82.8
max3sat,inst_44d41ee19adf16187d2472123669bbf847d64335b452c13d07c64d022afdbd6a,1,selective,0.0,0.0,all_to_all_reference,34.0,66.0
max3sat,inst_44fe959f979ed41d00ed5d00c8ad559cb9fcc3a1f54352020e9bee9224ecc496,1,all_native,0.0,0.0,all_to_all_reference,66.0,124.0
max3sat,inst_44fe959f979ed41d00ed5d00c8ad559cb9fcc3a1f54352020e9bee9224ecc496,1,fully_quadratized,0.0,0.0,all_to_all_reference,40.0,78.0
max3sat,inst_44fe959f979ed41d00ed5d00c8ad559cb9fcc3a1f54352020e9bee9224ecc496,5,matched_random_selective,0.0,0.0,all_to_all_reference,64.6,123.6
max3sat,inst_44fe959f979ed41d00ed5d00c8ad559cb9fcc3a1f54352020e9bee9224ecc496,1,selective,0.0,0.0,all_to_all_reference,36.0,82.0
max3sat,inst_4a5cdf12000be45c6e4eed5c6e54361319ac9cc9ed9744d18b2b715e8842bdac,1,all_native,0.0,0.0,all_to_all_reference,53.0,74.0
max3sat,inst_4a5cdf12000be45c6e4eed5c6e54361319ac9cc9ed9744d18b2b715e8842bdac,1,fully_quadratized,0.0,0.0,all_to_all_reference,30.0,66.0
max3sat,inst_4a5cdf12000be45c6e4eed5c6e54361319ac9cc9ed9744d18b2b715e8842bdac,5,matched_random_selective,0.0,0.0,all_to_all_reference,48.6,78.4
max3sat,inst_4a5cdf12000be45c6e4eed5c6e54361319ac9cc9ed9744d18b2b715e8842bdac,1,selective,0.0,0.0,all_to_all_reference,28.0,66.0
max3sat,inst_4de883a02a19b7c89e5a750e6dcb1d4f9e6df46511c418ac80e3e264607c4b3d,1,all_native,0.0,0.0,all_to_all_reference,307.0,544.0
max3sat,inst_4de883a02a19b7c89e5a750e6dcb1d4f9e6df46511c418ac80e3e264607c4b3d,1,fully_quadratized,0.0,0.0,all_to_all_reference,90.0,466.0
max3sat,inst_4de883a02a19b7c89e5a750e6dcb1d4f9e6df46511c418ac80e3e264607c4b3d,5,matched_random_selective,0.0,0.0,all_to_all_reference,224.8,566.8
max3sat,inst_4de883a02a19b7c89e5a750e6dcb1d4f9e6df46511c418ac80e3e264607c4b3d,1,selective,0.0,0.0,all_to_all_reference,122.0,502.0
max3sat,inst_4e00bf13ed9a31011cbd47075adf6f3eab16dfa39555e92093a024fe8a1e926c,1,all_native,0.0,0.0,all_to_all_reference,139.0,174.0
max3sat,inst_4e00bf13ed9a31011cbd47075adf6f3eab16dfa39555e92093a024fe8a1e926c,1,fully_quadratized,0.0,0.0,all_to_all_reference,54.0,132.0
max3sat,inst_4e00bf13ed9a31011cbd47075adf6f3eab16dfa39555e92093a024fe8a1e926c,5,matched_random_selective,0.0,0.0,all_to_all_reference,130.6,177.6
max3sat,inst_4e00bf13ed9a31011cbd47075adf6f3eab16dfa39555e92093a024fe8a1e926c,1,selective,0.0,0.0,all_to_all_reference,58.0,144.0
max3sat,inst_4e8508f5359b84174b076d2999c2a153f2bb1b3a2567a06b1ebfe41d5c34d5c4,1,all_native,0.0,0.0,all_to_all_reference,128.0,170.0
max3sat,inst_4e8508f5359b84174b076d2999c2a153f2bb1b3a2567a06b1ebfe41d5c34d5c4,1,fully_quadratized,0.0,0.0,all_to_all_reference,44.0,104.0
max3sat,inst_4e8508f5359b84174b076d2999c2a153f2bb1b3a2567a06b1ebfe41d5c34d5c4,5,matched_random_selective,0.0,0.0,all_to_all_reference,114.8,172.8
max3sat,inst_4e8508f5359b84174b076d2999c2a153f2bb1b3a2567a06b1ebfe41d5c34d5c4,1,selective,0.0,0.0,all_to_all_reference,40.0,110.0
max3sat,inst_4fd1ba0267f29040b461532cd91b707bc0c1ae9e3f7403a5242d350656e5f63e,1,all_native,0.0,0.0,all_to_all_reference,98.0,138.0
max3sat,inst_4fd1ba0267f29040b461532cd91b707bc0c1ae9e3f7403a5242d350656e5f63e,1,fully_quadratized,0.0,0.0,all_to_all_reference,40.0,108.0
max3sat,inst_4fd1ba0267f29040b461532cd91b707bc0c1ae9e3f7403a5242d350656e5f63e,5,matched_random_selective,0.0,0.0,all_to_all_reference,77.6,140.4
max3sat,inst_4fd1ba0267f29040b461532cd91b707bc0c1ae9e3f7403a5242d350656e5f63e,1,selective,0.0,0.0,all_to_all_reference,54.0,126.0
max3sat,inst_4fea6db13cc5470bdb568c7a901f9b644950b3a9904281c86cd3d07aabe5be3d,1,all_native,0.0,0.0,all_to_all_reference,359.0,586.0
max3sat,inst_4fea6db13cc5470bdb568c7a901f9b644950b3a9904281c86cd3d07aabe5be3d,1,fully_quadratized,0.0,0.0,all_to_all_reference,92.0,486.0
max3sat,inst_4fea6db13cc5470bdb568c7a901f9b644950b3a9904281c86cd3d07aabe5be3d,5,matched_random_selective,0.0,0.0,all_to_all_reference,261.0,586.0
max3sat,inst_4fea6db13cc5470bdb568c7a901f9b644950b3a9904281c86cd3d07aabe5be3d,1,selective,0.0,0.0,all_to_all_reference,182.0,528.0
max3sat,inst_514ba25a028dc5cc4b3e64e92354a8517183f6f7354585b35ad695552a02d87b,1,all_native,0.0,0.0,all_to_all_reference,140.0,192.0
max3sat,inst_514ba25a028dc5cc4b3e64e92354a8517183f6f7354585b35ad695552a02d87b,1,fully_quadratized,0.0,0.0,all_to_all_reference,48.0,160.0
max3sat,inst_514ba25a028dc5cc4b3e64e92354a8517183f6f7354585b35ad695552a02d87b,5,matched_random_selective,0.0,0.0,all_to_all_reference,102.2,196.8
max3sat,inst_514ba25a028dc5cc4b3e64e92354a8517183f6f7354585b35ad695552a02d87b,1,selective,0.0,0.0,all_to_all_reference,65.0,176.0
max3sat,inst_51faf0087471c6aa5bc4e424dbdc809b6058f9d679d5ef1e8c40e464f97f530a,1,all_native,0.0,0.0,all_to_all_reference,137.0,186.0
max3sat,inst_51faf0087471c6aa5bc4e424dbdc809b6058f9d679d5ef1e8c40e464f97f530a,1,fully_quadratized,0.0,0.0,all_to_all_reference,58.0,112.0
max3sat,inst_51faf0087471c6aa5bc4e424dbdc809b6058f9d679d5ef1e8c40e464f97f530a,5,matched_random_selective,0.0,0.0,all_to_all_reference,127.0,191.2
max3sat,inst_51faf0087471c6aa5bc4e424dbdc809b6058f9d679d5ef1e8c40e464f97f530a,1,selective,0.0,0.0,all_to_all_reference,60.0,134.0
max3sat,inst_5671b7942728848d4cb1ba3ce249889b0b8e15bc2c97a8f008abb86493c57490,1,all_native,0.0,0.0,all_to_all_reference,100.0,116.0
max3sat,inst_5671b7942728848d4cb1ba3ce249889b0b8e15bc2c97a8f008abb86493c57490,1,fully_quadratized,0.0,0.0,all_to_all_reference,46.0,92.0
max3sat,inst_5671b7942728848d4cb1ba3ce249889b0b8e15bc2c97a8f008abb86493c57490,5,matched_random_selective,0.0,0.0,all_to_all_reference,94.0,119.2
max3sat,inst_5671b7942728848d4cb1ba3ce249889b0b8e15bc2c97a8f008abb86493c57490,1,selective,0.0,0.0,all_to_all_reference,50.0,92.0
max3sat,inst_5683a8170815775476c0c3080ab79c1cfd47561fea54e8872321c0e570d236f8,1,all_native,0.0,0.0,all_to_all_reference,50.0,58.0
max3sat,inst_5683a8170815775476c0c3080ab79c1cfd47561fea54e8872321c0e570d236f8,1,fully_quadratized,0.0,0.0,all_to_all_reference,22.0,48.0
max3sat,inst_5683a8170815775476c0c3080ab79c1cfd47561fea54e8872321c0e570d236f8,5,matched_random_selective,0.0,0.0,all_to_all_reference,47.6,58.4
max3sat,inst_5683a8170815775476c0c3080ab79c1cfd47561fea54e8872321c0e570d236f8,1,selective,0.0,0.0,all_to_all_reference,36.0,50.0
max3sat,inst_571f081da361f3f25f937f197426b28f55d2c0673008ff8a95108c7a2d7f493b,1,all_native,0.0,0.0,all_to_all_reference,139.0,176.0
max3sat,inst_571f081da361f3f25f937f197426b28f55d2c0673008ff8a95108c7a2d7f493b,1,fully_quadratized,0.0,0.0,all_to_all_reference,58.0,136.0
max3sat,inst_571f081da361f3f25f937f197426b28f55d2c0673008ff8a95108c7a2d7f493b,5,matched_random_selective,0.0,0.0,all_to_all_reference,130.2,178.0
max3sat,inst_571f081da361f3f25f937f197426b28f55d2c0673008ff8a95108c7a2d7f493b,1,selective,0.0,0.0,all_to_all_reference,68.0,146.0
max3sat,inst_5c8c712e1fd5638aad21aef795e3bed14481f8229fbaa95833e0226595749b66,1,all_native,0.0,0.0,all_to_all_reference,329.0,554.0
max3sat,inst_5c8c712e1fd5638aad21aef795e3bed14481f8229fbaa95833e0226595749b66,1,fully_quadratized,0.0,0.0,all_to_all_reference,88.0,450.0
max3sat,inst_5c8c712e1fd5638aad21aef795e3bed14481f8229fbaa95833e0226595749b66,5,matched_random_selective,0.0,0.0,all_to_all_reference,219.2,569.2
max3sat,inst_5c8c712e1fd5638aad21aef795e3bed14481f8229fbaa95833e0226595749b66,1,selective,0.0,0.0,all_to_all_reference,109.0,498.0
max3sat,inst_6483eb8d9af8fdd362f04ce3d7675db45d9e1a5927ecd5e5f48e37b58962cc09,1,all_native,0.0,0.0,all_to_all_reference,110.0,182.0
max3sat,inst_6483eb8d9af8fdd362f04ce3d7675db45d9e1a5927ecd5e5f48e37b58962cc09,1,fully_quadratized,0.0,0.0,all_to_all_reference,50.0,156.0
max3sat,inst_6483eb8d9af8fdd362f04ce3d7675db45d9e1a5927ecd5e5f48e37b58962cc09,5,matched_random_selective,0.0,0.0,all_to_all_reference,80.0,190.0
max3sat,inst_6483eb8d9af8fdd362f04ce3d7675db45d9e1a5927ecd5e5f48e37b58962cc09,1,selective,0.0,0.0,all_to_all_reference,52.0,164.0
max3sat,inst_65427f0ab483e773c37c684098f0ae7da76014c3314db691eb56799de98b918d,1,all_native,0.0,0.0,all_to_all_reference,73.0,106.0
max3sat,inst_65427f0ab483e773c37c684098f0ae7da76014c3314db691eb56799de98b918d,1,fully_quadratized,0.0,0.0,all_to_all_reference,36.0,100.0
max3sat,inst_65427f0ab483e773c37c684098f0ae7da76014c3314db691eb56799de98b918d,5,matched_random_selective,0.0,0.0,all_to_all_reference,52.4,113.6
max3sat,inst_65427f0ab483e773c37c684098f0ae7da76014c3314db691eb56799de98b918d,1,selective,0.0,0.0,all_to_all_reference,37.0,100.0
max3sat,inst_67bfa1c14b3388aa4788b1b0b8fb0a628d9e11fad6d7ead7faa4270deca7be29,1,all_native,0.0,0.0,all_to_all_reference,57.0,88.0
max3sat,inst_67bfa1c14b3388aa4788b1b0b8fb0a628d9e11fad6d7ead7faa4270deca7be29,1,fully_quadratized,0.0,0.0,all_to_all_reference,24.0,66.0
max3sat,inst_67bfa1c14b3388aa4788b1b0b8fb0a628d9e11fad6d7ead7faa4270deca7be29,5,matched_random_selective,0.0,0.0,all_to_all_reference,53.4,87.6
max3sat,inst_67bfa1c14b3388aa4788b1b0b8fb0a628d9e11fad6d7ead7faa4270deca7be29,1,selective,0.0,0.0,all_to_all_reference,34.0,76.0
max3sat,inst_6d08b4cb6adfe9fef1cbd72e0844d093ec9b6bbc548d03e358316eda6e525702,1,all_native,0.0,0.0,all_to_all_reference,81.0,128.0
max3sat,inst_6d08b4cb6adfe9fef1cbd72e0844d093ec9b6bbc548d03e358316eda6e525702,1,fully_quadratized,0.0,0.0,all_to_all_reference,38.0,90.0
max3sat,inst_6d08b4cb6adfe9fef1cbd72e0844d093ec9b6bbc548d03e358316eda6e525702,5,matched_random_selective,0.0,0.0,all_to_all_reference,74.2,132.8
max3sat,inst_6d08b4cb6adfe9fef1cbd72e0844d093ec9b6bbc548d03e358316eda6e525702,1,selective,0.0,0.0,all_to_all_reference,42.0,102.0
max3sat,inst_70386662ce4299b736f2e3c495ef2708cd597b5b14cffe32a5027158a7a4a610,1,all_native,0.0,0.0,all_to_all_reference,177.0,292.0
max3sat,inst_70386662ce4299b736f2e3c495ef2708cd597b5b14cffe32a5027158a7a4a610,1,fully_quadratized,0.0,0.0,all_to_all_reference,60.0,260.0
max3sat,inst_70386662ce4299b736f2e3c495ef2708cd597b5b14cffe32a5027158a7a4a610,5,matched_random_selective,0.0,0.0,all_to_all_reference,123.2,315.2
max3sat,inst_70386662ce4299b736f2e3c495ef2708cd597b5b14cffe32a5027158a7a4a610,1,selective,0.0,0.0,all_to_all_reference,66.0,266.0
max3sat,inst_724e0f606e662c6fc85b188f6d894ad9f45246f9367864a6c0b04d899083b597,1,all_native,0.0,0.0,all_to_all_reference,136.0,188.0
max3sat,inst_724e0f606e662c6fc85b188f6d894ad9f45246f9367864a6c0b04d899083b597,1,fully_quadratized,0.0,0.0,all_to_all_reference,48.0,164.0
max3sat,inst_724e0f606e662c6fc85b188f6d894ad9f45246f9367864a6c0b04d899083b597,5,matched_random_selective,0.0,0.0,all_to_all_reference,87.4,195.6
max3sat,inst_724e0f606e662c6fc85b188f6d894ad9f45246f9367864a6c0b04d899083b597,1,selective,0.0,0.0,all_to_all_reference,56.0,176.0
max3sat,inst_79109a0aeb80dc43411828163b5e828f667c41be7b72649f61aa8c0c3d211456,1,all_native,0.0,0.0,all_to_all_reference,142.0,180.0
max3sat,inst_79109a0aeb80dc43411828163b5e828f667c41be7b72649f61aa8c0c3d211456,1,fully_quadratized,0.0,0.0,all_to_all_reference,46.0,160.0
max3sat,inst_79109a0aeb80dc43411828163b5e828f667c41be7b72649f61aa8c0c3d211456,5,matched_random_selective,0.0,0.0,all_to_all_reference,117.0,188.4
max3sat,inst_79109a0aeb80dc43411828163b5e828f667c41be7b72649f61aa8c0c3d211456,1,selective,0.0,0.0,all_to_all_reference,84.0,168.0
max3sat,inst_7c746f95778d619e64c9d1d603b4f4ea5d9114e9ad069b562d10c0f26e807114,1,all_native,0.0,0.0,all_to_all_reference,89.0,146.0
max3sat,inst_7c746f95778d619e64c9d1d603b4f4ea5d9114e9ad069b562d10c0f26e807114,1,fully_quadratized,0.0,0.0,all_to_all_reference,44.0,90.0
max3sat,inst_7c746f95778d619e64c9d1d603b4f4ea5d9114e9ad069b562d10c0f26e807114,5,matched_random_selective,0.0,0.0,all_to_all_reference,83.4,147.6
max3sat,inst_7c746f95778d619e64c9d1d603b4f4ea5d9114e9ad069b562d10c0f26e807114,1,selective,0.0,0.0,all_to_all_reference,38.0,92.0
max3sat,inst_7df90454db3288ecbd0880a8fbcf3d08e406d14be6f78d4c241e304924acb233,1,all_native,0.0,0.0,all_to_all_reference,138.0,186.0
max3sat,inst_7df90454db3288ecbd0880a8fbcf3d08e406d14be6f78d4c241e304924acb233,1,fully_quadratized,0.0,0.0,all_to_all_reference,48.0,158.0
max3sat,inst_7df90454db3288ecbd0880a8fbcf3d08e406d14be6f78d4c241e304924acb233,5,matched_random_selective,0.0,0.0,all_to_all_reference,100.0,186.0
max3sat,inst_7df90454db3288ecbd0880a8fbcf3d08e406d14be6f78d4c241e304924acb233,1,selective,0.0,0.0,all_to_all_reference,71.0,172.0
max3sat,inst_7f9711ab9dcd95d41f2b9204480f254d29eb7b481c76fe9902e66f6be89a57f9,1,all_native,0.0,0.0,all_to_all_reference,170.0,252.0
max3sat,inst_7f9711ab9dcd95d41f2b9204480f254d29eb7b481c76fe9902e66f6be89a57f9,1,fully_quadratized,0.0,0.0,all_to_all_reference,74.0,176.0
max3sat,inst_7f9711ab9dcd95d41f2b9204480f254d29eb7b481c76fe9902e66f6be89a57f9,5,matched_random_selective,0.0,0.0,all_to_all_reference,162.4,253.2
max3sat,inst_7f9711ab9dcd95d41f2b9204480f254d29eb7b481c76fe9902e66f6be89a57f9,1,selective,0.0,0.0,all_to_all_reference,78.0,184.0
max3sat,inst_880a9ce347d5f6df07a021bcc3777e532027fab32c40375218c981d4b93f4575,1,all_native,0.0,0.0,all_to_all_reference,73.0,104.0
max3sat,inst_880a9ce347d5f6df07a021bcc3777e532027fab32c40375218c981d4b93f4575,1,fully_quadratized,0.0,0.0,all_to_all_reference,32.0,92.0
max3sat,inst_880a9ce347d5f6df07a021bcc3777e532027fab32c40375218c981d4b93f4575,5,matched_random_selective,0.0,0.0,all_to_all_reference,56.8,105.2
max3sat,inst_880a9ce347d5f6df07a021bcc3777e532027fab32c40375218c981d4b93f4575,1,selective,0.0,0.0,all_to_all_reference,42.0,96.0
max3sat,inst_88c738dc8822be6f692c1ca3216ff6f77f84863f52ae46d3be776ae165da4f38,1,all_native,0.0,0.0,all_to_all_reference,132.0,174.0
max3sat,inst_88c738dc8822be6f692c1ca3216ff6f77f84863f52ae46d3be776ae165da4f38,1,fully_quadratized,0.0,0.0,all_to_all_reference,52.0,128.0
max3sat,inst_88c738dc8822be6f692c1ca3216ff6f77f84863f52ae46d3be776ae165da4f38,5,matched_random_selective,0.0,0.0,all_to_all_reference,127.0,178.4
max3sat,inst_88c738dc8822be6f692c1ca3216ff6f77f84863f52ae46d3be776ae165da4f38,1,selective,0.0,0.0,all_to_all_reference,53.0,134.0
max3sat,inst_8da79e9eb8f997c1fc0ee150f0bf39f847d1db5235c9e861fd3510f60be375ea,1,all_native,0.0,0.0,all_to_all_reference,180.0,264.0
max3sat,inst_8da79e9eb8f997c1fc0ee150f0bf39f847d1db5235c9e861fd3510f60be375ea,1,fully_quadratized,0.0,0.0,all_to_all_reference,60.0,232.0
max3sat,inst_8da79e9eb8f997c1fc0ee150f0bf39f847d1db5235c9e861fd3510f60be375ea,5,matched_random_selective,0.0,0.0,all_to_all_reference,117.2,275.6
max3sat,inst_8da79e9eb8f997c1fc0ee150f0bf39f847d1db5235c9e861fd3510f60be375ea,1,selective,0.0,0.0,all_to_all_reference,69.0,240.0
max3sat,inst_8ec9bffe895168e3d6057479112fc26184f086ae1cc1fcd5532cb16027fbfa29,1,all_native,0.0,0.0,all_to_all_reference,106.0,140.0
max3sat,inst_8ec9bffe895168e3d6057479112fc26184f086ae1cc1fcd5532cb16027fbfa29,1,fully_quadratized,0.0,0.0,all_to_all_reference,42.0,132.0
max3sat,inst_8ec9bffe895168e3d6057479112fc26184f086ae1cc1fcd5532cb16027fbfa29,5,matched_random_selective,0.0,0.0,all_to_all_reference,81.6,145.6
max3sat,inst_8ec9bffe895168e3d6057479112fc26184f086ae1cc1fcd5532cb16027fbfa29,1,selective,0.0,0.0,all_to_all_reference,58.0,132.0
max3sat,inst_91de1c566768e2107a255c2b5e9b3d207ee6f17de18234b7d98081ef44b0556e,1,all_native,0.0,0.0,all_to_all_reference,218.0,350.0
max3sat,inst_91de1c566768e2107a255c2b5e9b3d207ee6f17de18234b7d98081ef44b0556e,1,fully_quadratized,0.0,0.0,all_to_all_reference,68.0,286.0
max3sat,inst_91de1c566768e2107a255c2b5e9b3d207ee6f17de18234b7d98081ef44b0556e,5,matched_random_selective,0.0,0.0,all_to_all_reference,155.6,362.8
max3sat,inst_91de1c566768e2107a255c2b5e9b3d207ee6f17de18234b7d98081ef44b0556e,1,selective,0.0,0.0,all_to_all_reference,93.0,310.0
max3sat,inst_93750e2faed9c9245b47a162edd68b576dfcc2011e0800d2b1edac661d13e0b1,1,all_native,0.0,0.0,all_to_all_reference,147.0,328.0
max3sat,inst_93750e2faed9c9245b47a162edd68b576dfcc2011e0800d2b1edac661d13e0b1,1,fully_quadratized,0.0,0.0,all_to_all_reference,64.0,288.0
max3sat,inst_93750e2faed9c9245b47a162edd68b576dfcc2011e0800d2b1edac661d13e0b1,5,matched_random_selective,0.0,0.0,all_to_all_reference,104.6,338.4
max3sat,inst_93750e2faed9c9245b47a162edd68b576dfcc2011e0800d2b1edac661d13e0b1,1,selective,0.0,0.0,all_to_all_reference,68.0,284.0
max3sat,inst_9450ef3d9ff004e2fb5b0139c1d3d736da4d25de602cb1d4c57e69a5aa03741b,1,all_native,0.0,0.0,all_to_all_reference,56.0,76.0
max3sat,inst_9450ef3d9ff004e2fb5b0139c1d3d736da4d25de602cb1d4c57e69a5aa03741b,1,fully_quadratized,0.0,0.0,all_to_all_reference,28.0,62.0
max3sat,inst_9450ef3d9ff004e2fb5b0139c1d3d736da4d25de602cb1d4c57e69a5aa03741b,5,matched_random_selective,0.0,0.0,all_to_all_reference,50.2,78.0
max3sat,inst_9450ef3d9ff004e2fb5b0139c1d3d736da4d25de602cb1d4c57e69a5aa03741b,1,selective,0.0,0.0,all_to_all_reference,35.0,68.0
max3sat,inst_988a4cdc6171530ec091f734c342662ae559dec88cdad95e95eee1c75eb9022a,1,all_native,0.0,0.0,all_to_all_reference,95.0,158.0
max3sat,inst_988a4cdc6171530ec091f734c342662ae559dec88cdad95e95eee1c75eb9022a,1,fully_quadratized,0.0,0.0,all_to_all_reference,40.0,104.0
max3sat,inst_988a4cdc6171530ec091f734c342662ae559dec88cdad95e95eee1c75eb9022a,5,matched_random_selective,0.0,0.0,all_to_all_reference,89.4,159.2
max3sat,inst_988a4cdc6171530ec091f734c342662ae559dec88cdad95e95eee1c75eb9022a,1,selective,0.0,0.0,all_to_all_reference,45.0,108.0
max3sat,inst_9e9a0b918ddcd2a552104d1597a4bf1a0f02a66b3d265a3acbcad1a257316d47,1,all_native,0.0,0.0,all_to_all_reference,432.0,764.0
max3sat,inst_9e9a0b918ddcd2a552104d1597a4bf1a0f02a66b3d265a3acbcad1a257316d47,1,fully_quadratized,0.0,0.0,all_to_all_reference,106.0,634.0
max3sat,inst_9e9a0b918ddcd2a552104d1597a4bf1a0f02a66b3d265a3acbcad1a257316d47,5,matched_random_selective,0.0,0.0,all_to_all_reference,284.0,789.6
max3sat,inst_9e9a0b918ddcd2a552104d1597a4bf1a0f02a66b3d265a3acbcad1a257316d47,1,selective,0.0,0.0,all_to_all_reference,152.0,692.0
max3sat,inst_a407acb5f955147a44dfba4f02be7931dbe34e43e005579bdb9007aad4d94062,1,all_native,0.0,0.0,all_to_all_reference,131.0,166.0
max3sat,inst_a407acb5f955147a44dfba4f02be7931dbe34e43e005579bdb9007aad4d94062,1,fully_quadratized,0.0,0.0,all_to_all_reference,44.0,138.0
max3sat,inst_a407acb5f955147a44dfba4f02be7931dbe34e43e005579bdb9007aad4d94062,5,matched_random_selective,0.0,0.0,all_to_all_reference,103.4,172.0
max3sat,inst_a407acb5f955147a44dfba4f02be7931dbe34e43e005579bdb9007aad4d94062,1,selective,0.0,0.0,all_to_all_reference,68.0,148.0
max3sat,inst_a46160035a30aefe3892d2b049a43bad55098d26bc175c664ebbfea2da0bcad6,1,all_native,0.0,0.0,all_to_all_reference,73.0,108.0
max3sat,inst_a46160035a30aefe3892d2b049a43bad55098d26bc175c664ebbfea2da0bcad6,1,fully_quadratized,0.0,0.0,all_to_all_reference,36.0,104.0
max3sat,inst_a46160035a30aefe3892d2b049a43bad55098d26bc175c664ebbfea2da0bcad6,5,matched_random_selective,0.0,0.0,all_to_all_reference,58.8,111.6
max3sat,inst_a46160035a30aefe3892d2b049a43bad55098d26bc175c664ebbfea2da0bcad6,1,selective,0.0,0.0,all_to_all_reference,43.0,102.0
max3sat,inst_a77c9a2a22c7fb46c8daf505f15f1eb531030ee724e832dfad977be3359a0493,1,all_native,0.0,0.0,all_to_all_reference,93.0,188.0
max3sat,inst_a77c9a2a22c7fb46c8daf505f15f1eb531030ee724e832dfad977be3359a0493,1,fully_quadratized,0.0,0.0,all_to_all_reference,48.0,128.0
max3sat,inst_a77c9a2a22c7fb46c8daf505f15f1eb531030ee724e832dfad977be3359a0493,5,matched_random_selective,0.0,0.0,all_to_all_reference,89.4,190.8
max3sat,inst_a77c9a2a22c7fb46c8daf505f15f1eb531030ee724e832dfad977be3359a0493,1,selective,0.0,0.0,all_to_all_reference,48.0,138.0
max3sat,inst_a7b03ca0a70026a3c0068bb3d0a6dfb3f855921d7f87601023f686c95d18ed53,1,all_native,0.0,0.0,all_to_all_reference,133.0,176.0
max3sat,inst_a7b03ca0a70026a3c0068bb3d0a6dfb3f855921d7f87601023f686c95d18ed53,1,fully_quadratized,0.0,0.0,all_to_all_reference,44.0,152.0
max3sat,inst_a7b03ca0a70026a3c0068bb3d0a6dfb3f855921d7f87601023f686c95d18ed53,5,matched_random_selective,0.0,0.0,all_to_all_reference,95.4,178.8
max3sat,inst_a7b03ca0a70026a3c0068bb3d0a6dfb3f855921d7f87601023f686c95d18ed53,1,selective,0.0,0.0,all_to_all_reference,66.0,162.0
max3sat,inst_aaba8c0130b46ce253b0dc858f515be46b77f177d84efe9e95abb5d612190ebf,1,all_native,0.0,0.0,all_to_all_reference,96.0,136.0
max3sat,inst_aaba8c0130b46ce253b0dc858f515be46b77f177d84efe9e95abb5d612190ebf,1,fully_quadratized,0.0,0.0,all_to_all_reference,36.0,114.0
max3sat,inst_aaba8c0130b46ce253b0dc858f515be46b77f177d84efe9e95abb5d612190ebf,5,matched_random_selective,0.0,0.0,all_to_all_reference,72.0,140.4
max3sat,inst_aaba8c0130b46ce253b0dc858f515be46b77f177d84efe9e95abb5d612190ebf,1,selective,0.0,0.0,all_to_all_reference,44.0,122.0
max3sat,inst_b14e10b59e6aea194761d2eedde57c8d806845debe65a98c7d82fcd34f43ca0a,1,all_native,0.0,0.0,all_to_all_reference,74.0,106.0
max3sat,inst_b14e10b59e6aea194761d2eedde57c8d806845debe65a98c7d82fcd34f43ca0a,1,fully_quadratized,0.0,0.0,all_to_all_reference,34.0,90.0
max3sat,inst_b14e10b59e6aea194761d2eedde57c8d806845debe65a98c7d82fcd34f43ca0a,5,matched_random_selective,0.0,0.0,all_to_all_reference,52.2,108.4
max3sat,inst_b14e10b59e6aea194761d2eedde57c8d806845debe65a98c7d82fcd34f43ca0a,1,selective,0.0,0.0,all_to_all_reference,33.0,94.0
max3sat,inst_b42f45e7b9183b2c37d9ff53ece3fa020875e9212ea871615be79b4e6f4f5119,1,all_native,0.0,0.0,all_to_all_reference,159.0,210.0
max3sat,inst_b42f45e7b9183b2c37d9ff53ece3fa020875e9212ea871615be79b4e6f4f5119,1,fully_quadratized,0.0,0.0,all_to_all_reference,66.0,144.0
max3sat,inst_b42f45e7b9183b2c37d9ff53ece3fa020875e9212ea871615be79b4e6f4f5119,5,matched_random_selective,0.0,0.0,all_to_all_reference,147.8,210.0
max3sat,inst_b42f45e7b9183b2c37d9ff53ece3fa020875e9212ea871615be79b4e6f4f5119,1,selective,0.0,0.0,all_to_all_reference,62.0,150.0
max3sat,inst_b495f40cacb80e7ae9a159b9be70c178135bbf1ac9f1dba424c37b8eafdeefd4,1,all_native,0.0,0.0,all_to_all_reference,143.0,228.0
max3sat,inst_b495f40cacb80e7ae9a159b9be70c178135bbf1ac9f1dba424c37b8eafdeefd4,1,fully_quadratized,0.0,0.0,all_to_all_reference,58.0,132.0
max3sat,inst_b495f40cacb80e7ae9a159b9be70c178135bbf1ac9f1dba424c37b8eafdeefd4,5,matched_random_selective,0.0,0.0,all_to_all_reference,135.4,230.4
max3sat,inst_b495f40cacb80e7ae9a159b9be70c178135bbf1ac9f1dba424c37b8eafdeefd4,1,selective,0.0,0.0,all_to_all_reference,56.0,136.0
max3sat,inst_b5a6d609aee43c8b525af00209476dde731caaa09d42f6c0ee326d1b1dc31caa,1,all_native,0.0,0.0,all_to_all_reference,103.0,134.0
max3sat,inst_b5a6d609aee43c8b525af00209476dde731caaa09d42f6c0ee326d1b1dc31caa,1,fully_quadratized,0.0,0.0,all_to_all_reference,40.0,112.0
max3sat,inst_b5a6d609aee43c8b525af00209476dde731caaa09d42f6c0ee326d1b1dc31caa,5,matched_random_selective,0.0,0.0,all_to_all_reference,80.4,138.8
max3sat,inst_b5a6d609aee43c8b525af00209476dde731caaa09d42f6c0ee326d1b1dc31caa,1,selective,0.0,0.0,all_to_all_reference,48.0,122.0
max3sat,inst_bad108426f15da32dab503d42c5642c5b518605ab19b47a4444ceadbfa396063,1,all_native,0.0,0.0,all_to_all_reference,84.0,142.0
max3sat,inst_bad108426f15da32dab503d42c5642c5b518605ab19b47a4444ceadbfa396063,1,fully_quadratized,0.0,0.0,all_to_all_reference,38.0,90.0
max3sat,inst_bad108426f15da32dab503d42c5642c5b518605ab19b47a4444ceadbfa396063,5,matched_random_selective,0.0,0.0,all_to_all_reference,79.6,143.6
max3sat,inst_bad108426f15da32dab503d42c5642c5b518605ab19b47a4444ceadbfa396063,1,selective,0.0,0.0,all_to_all_reference,38.0,102.0
max3sat,inst_c32cb33b55efb0ee1a708f9936b9c45d95c8b4a9c07a53a564b24913ae6b0e3c,1,all_native,0.0,0.0,all_to_all_reference,62.0,78.0
max3sat,inst_c32cb33b55efb0ee1a708f9936b9c45d95c8b4a9c07a53a564b24913ae6b0e3c,1,fully_quadratized,0.0,0.0,all_to_all_reference,32.0,64.0
max3sat,inst_c32cb33b55efb0ee1a708f9936b9c45d95c8b4a9c07a53a564b24913ae6b0e3c,5,matched_random_selective,0.0,0.0,all_to_all_reference,48.8,78.8
max3sat,inst_c32cb33b55efb0ee1a708f9936b9c45d95c8b4a9c07a53a564b24913ae6b0e3c,1,selective,0.0,0.0,all_to_all_reference,34.0,66.0
max3sat,inst_c3ee41c0264643625e0eba9d472b30ff36b702de794e26ce06ff2eb31cab4421,1,all_native,0.0,0.0,all_to_all_reference,111.0,246.0
max3sat,inst_c3ee41c0264643625e0eba9d472b30ff36b702de794e26ce06ff2eb31cab4421,1,fully_quadratized,0.0,0.0,all_to_all_reference,46.0,214.0
max3sat,inst_c3ee41c0264643625e0eba9d472b30ff36b702de794e26ce06ff2eb31cab4421,5,matched_random_selective,0.0,0.0,all_to_all_reference,80.8,254.4
max3sat,inst_c3ee41c0264643625e0eba9d472b30ff36b702de794e26ce06ff2eb31cab4421,1,selective,0.0,0.0,all_to_all_reference,63.0,228.0
max3sat,inst_c48354249e2c91ecf73b39e126eec777bf9c93960e96d8924c6b6668619a825d,1,all_native,0.0,0.0,all_to_all_reference,136.0,192.0
max3sat,inst_c48354249e2c91ecf73b39e126eec777bf9c93960e96d8924c6b6668619a825d,1,fully_quadratized,0.0,0.0,all_to_all_reference,46.0,156.0
max3sat,inst_c48354249e2c91ecf73b39e126eec777bf9c93960e96d8924c6b6668619a825d,5,matched_random_selective,0.0,0.0,all_to_all_reference,100.2,194.0
max3sat,inst_c48354249e2c91ecf73b39e126eec777bf9c93960e96d8924c6b6668619a825d,1,selective,0.0,0.0,all_to_all_reference,67.0,172.0
max3sat,inst_c509325172b5b725870efeab7b1ee663cf118c3d5f52498275e25d6bbec8fcc5,1,all_native,0.0,0.0,all_to_all_reference,261.0,438.0
max3sat,inst_c509325172b5b725870efeab7b1ee663cf118c3d5f52498275e25d6bbec8fcc5,1,fully_quadratized,0.0,0.0,all_to_all_reference,74.0,376.0
max3sat,inst_c509325172b5b725870efeab7b1ee663cf118c3d5f52498275e25d6bbec8fcc5,5,matched_random_selective,0.0,0.0,all_to_all_reference,180.0,451.6
max3sat,inst_c509325172b5b725870efeab7b1ee663cf118c3d5f52498275e25d6bbec8fcc5,1,selective,0.0,0.0,all_to_all_reference,123.0,406.0
max3sat,inst_c5bac017b3e56ce9614f19eed76797e511f81cea2eccb992920a1a9b1902b35f,1,all_native,0.0,0.0,all_to_all_reference,278.0,586.0
max3sat,inst_c5bac017b3e56ce9614f19eed76797e511f81cea2eccb992920a1a9b1902b35f,1,fully_quadratized,0.0,0.0,all_to_all_reference,90.0,476.0
max3sat,inst_c5bac017b3e56ce9614f19eed76797e511f81cea2eccb992920a1a9b1902b35f,5,matched_random_selective,0.0,0.0,all_to_all_reference,184.4,615.6
max3sat,inst_c5bac017b3e56ce9614f19eed76797e511f81cea2eccb992920a1a9b1902b35f,1,selective,0.0,0.0,all_to_all_reference,125.0,560.0
max3sat,inst_ccb599d971d1da8d223cf442b00bd17f867272a51c5c1f8e79983c9f8942e2eb,1,all_native,0.0,0.0,all_to_all_reference,62.0,84.0
max3sat,inst_ccb599d971d1da8d223cf442b00bd17f867272a51c5c1f8e79983c9f8942e2eb,1,fully_quadratized,0.0,0.0,all_to_all_reference,26.0,60.0
max3sat,inst_ccb599d971d1da8d223cf442b00bd17f867272a51c5c1f8e79983c9f8942e2eb,5,matched_random_selective,0.0,0.0,all_to_all_reference,53.4,84.4
max3sat,inst_ccb599d971d1da8d223cf442b00bd17f867272a51c5c1f8e79983c9f8942e2eb,1,selective,0.0,0.0,all_to_all_reference,36.0,70.0
max3sat,inst_ce1381fba0e0749fbb1c4e403906dd932f3e490f5396e27cb97b99d9196bf5d8,1,all_native,0.0,0.0,all_to_all_reference,137.0,204.0
max3sat,inst_ce1381fba0e0749fbb1c4e403906dd932f3e490f5396e27cb97b99d9196bf5d8,1,fully_quadratized,0.0,0.0,all_to_all_reference,58.0,142.0
max3sat,inst_ce1381fba0e0749fbb1c4e403906dd932f3e490f5396e27cb97b99d9196bf5d8,5,matched_random_selective,0.0,0.0,all_to_all_reference,128.0,204.4
max3sat,inst_ce1381fba0e0749fbb1c4e403906dd932f3e490f5396e27cb97b99d9196bf5d8,1,selective,0.0,0.0,all_to_all_reference,62.0,148.0
max3sat,inst_d11e45c41a0ff1ded85963a8b0d3c48fb95e655fe90cb4d8e70151bb71db3e2a,1,all_native,0.0,0.0,all_to_all_reference,106.0,130.0
max3sat,inst_d11e45c41a0ff1ded85963a8b0d3c48fb95e655fe90cb4d8e70151bb71db3e2a,1,fully_quadratized,0.0,0.0,all_to_all_reference,48.0,104.0
max3sat,inst_d11e45c41a0ff1ded85963a8b0d3c48fb95e655fe90cb4d8e70151bb71db3e2a,5,matched_random_selective,0.0,0.0,all_to_all_reference,98.0,134.0
max3sat,inst_d11e45c41a0ff1ded85963a8b0d3c48fb95e655fe90cb4d8e70151bb71db3e2a,1,selective,0.0,0.0,all_to_all_reference,56.0,110.0
max3sat,inst_d14cd6885001ea20ec547911c34c72177f32f5b9a45bc6fab58ee35ad20fc8dc,1,all_native,0.0,0.0,all_to_all_reference,63.0,94.0
max3sat,inst_d14cd6885001ea20ec547911c34c72177f32f5b9a45bc6fab58ee35ad20fc8dc,1,fully_quadratized,0.0,0.0,all_to_all_reference,30.0,64.0
max3sat,inst_d14cd6885001ea20ec547911c34c72177f32f5b9a45bc6fab58ee35ad20fc8dc,5,matched_random_selective,0.0,0.0,all_to_all_reference,54.4,94.4
max3sat,inst_d14cd6885001ea20ec547911c34c72177f32f5b9a45bc6fab58ee35ad20fc8dc,1,selective,0.0,0.0,all_to_all_reference,30.0,72.0
max3sat,inst_d28d32be2aa609b3d4a6fd9bbfb880e2b75cff8400d2467930452c7f49defb3d,1,all_native,0.0,0.0,all_to_all_reference,111.0,188.0
max3sat,inst_d28d32be2aa609b3d4a6fd9bbfb880e2b75cff8400d2467930452c7f49defb3d,1,fully_quadratized,0.0,0.0,all_to_all_reference,46.0,158.0
max3sat,inst_d28d32be2aa609b3d4a6fd9bbfb880e2b75cff8400d2467930452c7f49defb3d,5,matched_random_selective,0.0,0.0,all_to_all_reference,95.8,192.4
max3sat,inst_d28d32be2aa609b3d4a6fd9bbfb880e2b75cff8400d2467930452c7f49defb3d,1,selective,0.0,0.0,all_to_all_reference,63.0,164.0
max3sat,inst_d8d3130ca62f78d970e6558b2f60e1cac4ac8fb32dab01f61ab1ad5e2251a4ca,1,all_native,0.0,0.0,all_to_all_reference,79.0,102.0
max3sat,inst_d8d3130ca62f78d970e6558b2f60e1cac4ac8fb32dab01f61ab1ad5e2251a4ca,1,fully_quadratized,0.0,0.0,all_to_all_reference,26.0,64.0
max3sat,inst_d8d3130ca62f78d970e6558b2f60e1cac4ac8fb32dab01f61ab1ad5e2251a4ca,5,matched_random_selective,0.0,0.0,all_to_all_reference,73.8,102.8
max3sat,inst_d8d3130ca62f78d970e6558b2f60e1cac4ac8fb32dab01f61ab1ad5e2251a4ca,1,selective,0.0,0.0,all_to_all_reference,40.0,76.0
max3sat,inst_d8ec562ca5ef40d9f7ef8722b8b48c9dc29bb61f474bb6de5cb9b2bcd9af7966,1,all_native,0.0,0.0,all_to_all_reference,133.0,244.0
max3sat,inst_d8ec562ca5ef40d9f7ef8722b8b48c9dc29bb61f474bb6de5cb9b2bcd9af7966,1,fully_quadratized,0.0,0.0,all_to_all_reference,52.0,222.0
max3sat,inst_d8ec562ca5ef40d9f7ef8722b8b48c9dc29bb61f474bb6de5cb9b2bcd9af7966,5,matched_random_selective,0.0,0.0,all_to_all_reference,98.2,256.4
max3sat,inst_d8ec562ca5ef40d9f7ef8722b8b48c9dc29bb61f474bb6de5cb9b2bcd9af7966,1,selective,0.0,0.0,all_to_all_reference,62.0,220.0
max3sat,inst_e0a112f4b4528d8a718c887e04382c8c83e8e7a3c92be26028e535beb12cb41a,1,all_native,0.0,0.0,all_to_all_reference,314.0,576.0
max3sat,inst_e0a112f4b4528d8a718c887e04382c8c83e8e7a3c92be26028e535beb12cb41a,1,fully_quadratized,0.0,0.0,all_to_all_reference,90.0,490.0
max3sat,inst_e0a112f4b4528d8a718c887e04382c8c83e8e7a3c92be26028e535beb12cb41a,5,matched_random_selective,0.0,0.0,all_to_all_reference,199.0,602.8
max3sat,inst_e0a112f4b4528d8a718c887e04382c8c83e8e7a3c92be26028e535beb12cb41a,1,selective,0.0,0.0,all_to_all_reference,116.0,538.0
max3sat,inst_e12133f263eeb656788fdd262f62163f5f4192f5a79ff33af3ca871d47682d87,1,all_native,0.0,0.0,all_to_all_reference,433.0,772.0
max3sat,inst_e12133f263eeb656788fdd262f62163f5f4192f5a79ff33af3ca871d47682d87,1,fully_quadratized,0.0,0.0,all_to_all_reference,102.0,628.0
max3sat,inst_e12133f263eeb656788fdd262f62163f5f4192f5a79ff33af3ca871d47682d87,5,matched_random_selective,0.0,0.0,all_to_all_reference,261.6,810.0
max3sat,inst_e12133f263eeb656788fdd262f62163f5f4192f5a79ff33af3ca871d47682d87,1,selective,0.0,0.0,all_to_all_reference,167.0,746.0
max3sat,inst_e1f8e13043f499d41df3b5c890c92c00a77684a2c4285714cb80815404be8ce3,1,all_native,0.0,0.0,all_to_all_reference,396.0,772.0
max3sat,inst_e1f8e13043f499d41df3b5c890c92c00a77684a2c4285714cb80815404be8ce3,1,fully_quadratized,0.0,0.0,all_to_all_reference,112.0,652.0
max3sat,inst_e1f8e13043f499d41df3b5c890c92c00a77684a2c4285714cb80815404be8ce3,5,matched_random_selective,0.0,0.0,all_to_all_reference,255.0,801.6
max3sat,inst_e1f8e13043f499d41df3b5c890c92c00a77684a2c4285714cb80815404be8ce3,1,selective,0.0,0.0,all_to_all_reference,150.0,712.0
max3sat,inst_e69f844d025a2b0d7429ca4fdb825e3dc3659eac383d56cf62b921b8a85a5599,1,all_native,0.0,0.0,all_to_all_reference,68.0,104.0
max3sat,inst_e69f844d025a2b0d7429ca4fdb825e3dc3659eac383d56cf62b921b8a85a5599,1,fully_quadratized,0.0,0.0,all_to_all_reference,38.0,94.0
max3sat,inst_e69f844d025a2b0d7429ca4fdb825e3dc3659eac383d56cf62b921b8a85a5599,5,matched_random_selective,0.0,0.0,all_to_all_reference,56.8,106.8
max3sat,inst_e69f844d025a2b0d7429ca4fdb825e3dc3659eac383d56cf62b921b8a85a5599,1,selective,0.0,0.0,all_to_all_reference,43.0,98.0
max3sat,inst_edc6a7be57895210f8297e4c3332ad4cb3f2fe67ab75d9c0a5f1d571795b9415,1,all_native,0.0,0.0,all_to_all_reference,97.0,142.0
max3sat,inst_edc6a7be57895210f8297e4c3332ad4cb3f2fe67ab75d9c0a5f1d571795b9415,1,fully_quadratized,0.0,0.0,all_to_all_reference,40.0,126.0
max3sat,inst_edc6a7be57895210f8297e4c3332ad4cb3f2fe67ab75d9c0a5f1d571795b9415,5,matched_random_selective,0.0,0.0,all_to_all_reference,73.4,146.0
max3sat,inst_edc6a7be57895210f8297e4c3332ad4cb3f2fe67ab75d9c0a5f1d571795b9415,1,selective,0.0,0.0,all_to_all_reference,48.0,128.0
max3sat,inst_ef15628e3860089c2ab159ded8e1fa9dbfbc8b813be7872196abc3ec5dbbb6b7,1,all_native,0.0,0.0,all_to_all_reference,175.0,256.0
max3sat,inst_ef15628e3860089c2ab159ded8e1fa9dbfbc8b813be7872196abc3ec5dbbb6b7,1,fully_quadratized,0.0,0.0,all_to_all_reference,62.0,164.0
max3sat,inst_ef15628e3860089c2ab159ded8e1fa9dbfbc8b813be7872196abc3ec5dbbb6b7,5,matched_random_selective,0.0,0.0,all_to_all_reference,149.2,250.4
max3sat,inst_ef15628e3860089c2ab159ded8e1fa9dbfbc8b813be7872196abc3ec5dbbb6b7,1,selective,0.0,0.0,all_to_all_reference,62.0,176.0
max3sat,inst_ef49f2fe7a33b84b6f96e5521c5c8fdf75a20c6927b1ee95513546942ddcb745,1,all_native,0.0,0.0,all_to_all_reference,194.0,274.0
max3sat,inst_ef49f2fe7a33b84b6f96e5521c5c8fdf75a20c6927b1ee95513546942ddcb745,1,fully_quadratized,0.0,0.0,all_to_all_reference,76.0,200.0
max3sat,inst_ef49f2fe7a33b84b6f96e5521c5c8fdf75a20c6927b1ee95513546942ddcb745,5,matched_random_selective,0.0,0.0,all_to_all_reference,188.4,279.6
max3sat,inst_ef49f2fe7a33b84b6f96e5521c5c8fdf75a20c6927b1ee95513546942ddcb745,1,selective,0.0,0.0,all_to_all_reference,74.0,200.0
max3sat,inst_ef8b06cb660f7d79dd26817980f7262c71e0993a3de1c210c321cc575edbe07f,1,all_native,0.0,0.0,all_to_all_reference,139.0,184.0
max3sat,inst_ef8b06cb660f7d79dd26817980f7262c71e0993a3de1c210c321cc575edbe07f,1,fully_quadratized,0.0,0.0,all_to_all_reference,46.0,150.0
max3sat,inst_ef8b06cb660f7d79dd26817980f7262c71e0993a3de1c210c321cc575edbe07f,5,matched_random_selective,0.0,0.0,all_to_all_reference,102.4,188.0
max3sat,inst_ef8b06cb660f7d79dd26817980f7262c71e0993a3de1c210c321cc575edbe07f,1,selective,0.0,0.0,all_to_all_reference,60.0,164.0
max3sat,inst_f29b35824bf56c712844358d17dd46d00aa5d95ac0b138e8f6c349d586ccae67,1,all_native,0.0,0.0,all_to_all_reference,143.0,328.0
max3sat,inst_f29b35824bf56c712844358d17dd46d00aa5d95ac0b138e8f6c349d586ccae67,1,fully_quadratized,0.0,0.0,all_to_all_reference,54.0,288.0
max3sat,inst_f29b35824bf56c712844358d17dd46d00aa5d95ac0b138e8f6c349d586ccae67,5,matched_random_selective,0.0,0.0,all_to_all_reference,107.6,338.8
max3sat,inst_f29b35824bf56c712844358d17dd46d00aa5d95ac0b138e8f6c349d586ccae67,1,selective,0.0,0.0,all_to_all_reference,57.0,284.0
max3sat,inst_f3e37072d51c70def0bd0fed6f54a322c49d92f70b611a5840d4fdf28984f698,1,all_native,0.0,0.0,all_to_all_reference,64.0,102.0
max3sat,inst_f3e37072d51c70def0bd0fed6f54a322c49d92f70b611a5840d4fdf28984f698,1,fully_quadratized,0.0,0.0,all_to_all_reference,36.0,90.0
max3sat,inst_f3e37072d51c70def0bd0fed6f54a322c49d92f70b611a5840d4fdf28984f698,5,matched_random_selective,0.0,0.0,all_to_all_reference,54.2,106.8
max3sat,inst_f3e37072d51c70def0bd0fed6f54a322c49d92f70b611a5840d4fdf28984f698,1,selective,0.0,0.0,all_to_all_reference,40.0,92.0
max3sat,inst_f8d57f764e7fdeef8a546e03dc838d094048a6bdb09a5be2ae77cbd88353843c,1,all_native,0.0,0.0,all_to_all_reference,209.0,338.0
max3sat,inst_f8d57f764e7fdeef8a546e03dc838d094048a6bdb09a5be2ae77cbd88353843c,1,fully_quadratized,0.0,0.0,all_to_all_reference,68.0,294.0
max3sat,inst_f8d57f764e7fdeef8a546e03dc838d094048a6bdb09a5be2ae77cbd88353843c,5,matched_random_selective,0.0,0.0,all_to_all_reference,149.2,352.4
max3sat,inst_f8d57f764e7fdeef8a546e03dc838d094048a6bdb09a5be2ae77cbd88353843c,1,selective,0.0,0.0,all_to_all_reference,89.0,318.0
max3sat,inst_fcd3827382c69a628f6d42b430b9c2a8f1f0b2d308717bc8dae03c0a4793ec88,1,all_native,0.0,0.0,all_to_all_reference,57.0,72.0
max3sat,inst_fcd3827382c69a628f6d42b430b9c2a8f1f0b2d308717bc8dae03c0a4793ec88,1,fully_quadratized,0.0,0.0,all_to_all_reference,30.0,62.0
max3sat,inst_fcd3827382c69a628f6d42b430b9c2a8f1f0b2d308717bc8dae03c0a4793ec88,5,matched_random_selective,0.0,0.0,all_to_all_reference,55.2,74.4
max3sat,inst_fcd3827382c69a628f6d42b430b9c2a8f1f0b2d308717bc8dae03c0a4793ec88,1,selective,0.0,0.0,all_to_all_reference,38.0,64.0
max3sat,inst_fe233b0fa65362c539986f27b2b50fec37a4040aa0be75b4b087e35a6e16696e,1,all_native,0.0,0.0,all_to_all_reference,97.0,182.0
max3sat,inst_fe233b0fa65362c539986f27b2b50fec37a4040aa0be75b4b087e35a6e16696e,1,fully_quadratized,0.0,0.0,all_to_all_reference,42.0,158.0
max3sat,inst_fe233b0fa65362c539986f27b2b50fec37a4040aa0be75b4b087e35a6e16696e,5,matched_random_selective,0.0,0.0,all_to_all_reference,81.2,188.0
max3sat,inst_fe233b0fa65362c539986f27b2b50fec37a4040aa0be75b4b087e35a6e16696e,1,selective,0.0,0.0,all_to_all_reference,44.0,156.0
cubic_spin_glass,inst_041b2d91ccdc07271608f44a7f021336dab5e35d5c3753501859d4ba17b039f0,1,all_native,92.0,36.0,device_sparse_v1,171.0,220.0
cubic_spin_glass,inst_041b2d91ccdc07271608f44a7f021336dab5e35d5c3753501859d4ba17b039f0,5,matched_random_selective,121.2,45.4,device_sparse_v1,185.0,274.4
cubic_spin_glass,inst_041b2d91ccdc07271608f44a7f021336dab5e35d5c3753501859d4ba17b039f0,1,selective,100.0,40.0,device_sparse_v1,168.0,234.0
cubic_spin_glass,inst_045300c745f73b669876b3afdc81d7417e52170ce23c2a4519e917c0df3a8b14,1,all_native,188.0,70.0,device_sparse_v1,264.0,380.0
cubic_spin_glass,inst_05aaf3936982b612481791b8cbe696e666dbac6b7c6371ca8f9309f2a7262b26,1,all_native,11.0,5.0,device_sparse_v1,35.0,43.0
cubic_spin_glass,inst_05aaf3936982b612481791b8cbe696e666dbac6b7c6371ca8f9309f2a7262b26,5,matched_random_selective,11.0,5.0,device_sparse_v1,35.0,43.0
cubic_spin_glass,inst_05aaf3936982b612481791b8cbe696e666dbac6b7c6371ca8f9309f2a7262b26,1,selective,11.0,5.0,device_sparse_v1,35.0,43.0
cubic_spin_glass,inst_0acf907b55a053afe21f59b938b915b2995d1239482407859acb7f7817e7ba44,1,all_native,27.0,11.0,device_sparse_v1,55.0,75.0
cubic_spin_glass,inst_0acf907b55a053afe21f59b938b915b2995d1239482407859acb7f7817e7ba44,5,matched_random_selective,27.0,11.0,device_sparse_v1,55.0,75.0
cubic_spin_glass,inst_0acf907b55a053afe21f59b938b915b2995d1239482407859acb7f7817e7ba44,1,selective,27.0,11.0,device_sparse_v1,55.0,75.0
cubic_spin_glass,inst_13030ed96c3ca324374d60f8d25452134295fce62c10aca2ac1f801aa32741cc,1,all_native,95.0,37.0,device_sparse_v1,188.0,223.0
cubic_spin_glass,inst_13030ed96c3ca324374d60f8d25452134295fce62c10aca2ac1f801aa32741cc,5,matched_random_selective,129.6,48.2,device_sparse_v1,202.2,290.0
cubic_spin_glass,inst_13030ed96c3ca324374d60f8d25452134295fce62c10aca2ac1f801aa32741cc,1,selective,106.0,38.0,device_sparse_v1,144.0,242.0
cubic_spin_glass,inst_197b36f95eb8e50c23f40079363564c5b46bf91fe6289146a90e6138187c5952,1,all_native,46.0,22.0,device_sparse_v1,104.0,142.0
cubic_spin_glass,inst_197b36f95eb8e50c23f40079363564c5b46bf91fe6289146a90e6138187c5952,5,matched_random_selective,46.0,22.0,device_sparse_v1,104.0,142.0
cubic_spin_glass,inst_197b36f95eb8e50c23f40079363564c5b46bf91fe6289146a90e6138187c5952,1,selective,46.0,22.0,device_sparse_v1,104.0,142.0
cubic_spin_glass,inst_1e8d2ca8dea323e76f3e0aedd094066ab28417574610dbcc8dead14c8acc86d1,1,all_native,24.0,8.0,device_sparse_v1,48.0,72.0
cubic_spin_glass,inst_1e8d2ca8dea323e76f3e0aedd094066ab28417574610dbcc8dead14c8acc86d1,5,matched_random_selective,24.0,8.0,device_sparse_v1,48.0,72.0
cubic_spin_glass,inst_1e8d2ca8dea323e76f3e0aedd094066ab28417574610dbcc8dead14c8acc86d1,1,selective,24.0,8.0,device_sparse_v1,48.0,72.0
cubic_spin_glass,inst_1f1fc2972a067dd5ad79a2770384dc5867b18b0cf6ed6f50bf88e0b0af724532,1,all_native,107.0,41.0,device_sparse_v1,199.0,235.0
cubic_spin_glass,inst_28501defa541901199d0158698324fd95f401371b2edf79721692768a6c991e2,1,all_native,159.0,61.0,device_sparse_v1,240.0,351.0
cubic_spin_glass,inst_2b120f46ab783ce0aa9b4822502780d50c164c50f8bccaebc930a325a4ae0290,1,all_native,89.0,36.0,device_sparse_v1,164.0,217.0
cubic_spin_glass,inst_2b120f46ab783ce0aa9b4822502780d50c164c50f8bccaebc930a325a4ae0290,5,matched_random_selective,115.2,44.0,device_sparse_v1,185.6,266.8
cubic_spin_glass,inst_2b120f46ab783ce0aa9b4822502780d50c164c50f8bccaebc930a325a4ae0290,1,selective,96.0,38.0,device_sparse_v1,151.0,232.0
cubic_spin_glass,inst_33ce7979cf1de88d35d3c355c345fd7635ea96da4c2a6583f60e1e979f21938a,1,all_native,75.0,31.0,device_sparse_v1,160.0,203.0
cubic_spin_glass,inst_341aaea9cc6b648e49be42c5a9a85c286aa8e35d42e20fd993b487fdda2e28cb,1,all_native,8.0,4.0,device_sparse_v1,31.0,40.0
cubic_spin_glass,inst_341aaea9cc6b648e49be42c5a9a85c286aa8e35d42e20fd993b487fdda2e28cb,1,fully_quadratized,43.0,15.0,device_sparse_v1,61.0,105.0
cubic_spin_glass,inst_341aaea9cc6b648e49be42c5a9a85c286aa8e35d42e20fd993b487fdda2e28cb,5,matched_random_selective,8.0,4.0,device_sparse_v1,31.0,40.0
cubic_spin_glass,inst_341aaea9cc6b648e49be42c5a9a85c286aa8e35d42e20fd993b487fdda2e28cb,1,selective,8.0,4.0,device_sparse_v1,31.0,40.0
cubic_spin_glass,inst_457a1b897247007214daca60d4caf6ae6d0341f6d1e25c03ef72a4651794688d,1,all_native,36.0,14.0,device_sparse_v1,79.0,100.0
cubic_spin_glass,inst_457a1b897247007214daca60d4caf6ae6d0341f6d1e25c03ef72a4651794688d,5,matched_random_selective,36.0,14.0,device_sparse_v1,79.0,100.0
cubic_spin_glass,inst_457a1b897247007214daca60d4caf6ae6d0341f6d1e25c03ef72a4651794688d,1,selective,36.0,14.0,device_sparse_v1,79.0,100.0
cubic_spin_glass,inst_475335f157ee1891b40b8f710155777516f4d877098145d0ddce1fce297c55df,1,all_native,87.0,36.0,device_sparse_v1,176.0,215.0
cubic_spin_glass,inst_475335f157ee1891b40b8f710155777516f4d877098145d0ddce1fce297c55df,5,matched_random_selective,125.2,47.0,device_sparse_v1,184.0,281.6
cubic_spin_glass,inst_475335f157ee1891b40b8f710155777516f4d877098145d0ddce1fce297c55df,1,selective,105.0,41.0,device_sparse_v1,159.0,245.0
cubic_spin_glass,inst_532ca52e0bd47ef393cd0da8c1c69dadce16850b3ef6b9be0dad7c95b2678c55,1,all_native,51.0,25.0,device_sparse_v1,111.0,147.0
cubic_spin_glass,inst_53dec71c3e2fae0bd3971cba514a32e1708dd7cd2ca9764224bca5022a248a7e,1,all_native,3.0,3.0,device_sparse_v1,30.0,35.0
cubic_spin_glass,inst_53dec71c3e2fae0bd3971cba514a32e1708dd7cd2ca9764224bca5022a248a7e,1,fully_quadratized,35.0,13.0,device_sparse_v1,60.0,91.0
cubic_spin_glass,inst_53dec71c3e2fae0bd3971cba514a32e1708dd7cd2ca9764224bca5022a248a7e,5,matched_random_selective,3.0,3.0,device_sparse_v1,30.0,35.0
cubic_spin_glass,inst_53dec71c3e2fae0bd3971cba514a32e1708dd7cd2ca9764224bca5022a248a7e,1,selective,3.0,3.0,device_sparse_v1,30.0,35.0
cubic_spin_glass,inst_55970a6e9882c541702aea4a808a177a8682c2746c2513cea2cf4365dad37c3c,1,all_native,46.0,18.0,device_sparse_v1,84.0,110.0
cubic_spin_glass,inst_55970a6e9882c541702aea4a808a177a8682c2746c2513cea2cf4365dad37c3c,5,matched_random_selective,46.0,18.0,device_sparse_v1,84.0,110.0
cubic_spin_glass,inst_55970a6e9882c541702aea4a808a177a8682c2746c2513cea2cf4365dad37c3c,1,selective,46.0,18.0,device_sparse_v1,84.0,110.0
cubic_spin_glass,inst_58ad673a89921951e0c8e74f76be469f6804253269d061917d2f9cddbfde19f0,1,all_native,94.0,38.0,device_sparse_v1,173.0,222.0
cubic_spin_glass,inst_59d47f0711e495d090f7fe436c47b3444643657d19e1e4fc567b971685dcb3e2,1,all_native,6.0,4.0,device_sparse_v1,30.0,38.0
cubic_spin_glass,inst_59d47f0711e495d090f7fe436c47b3444643657d19e1e4fc567b971685dcb3e2,1,fully_quadratized,28.0,10.0,device_sparse_v1,50.0,80.0
cubic_spin_glass,inst_59d47f0711e495d090f7fe436c47b3444643657d19e1e4fc567b971685dcb3e2,5,matched_random_selective,6.0,4.0,device_sparse_v1,30.0,38.0
cubic_spin_glass,inst_59d47f0711e495d090f7fe436c47b3444643657d19e1e4fc567b971685dcb3e2,1,selective,6.0,4.0,device_sparse_v1,30.0,38.0
cubic_spin_glass,inst_5e7c8d0ae78fb3fcd9e50f45870af4ef1698195119adfcdb8c7bf1699215879b,1,all_native,13.0,5.0,device_sparse_v1,36.0,45.0
cubic_spin_glass,inst_5e7c8d0ae78fb3fcd9e50f45870af4ef1698195119adfcdb8c7bf1699215879b,5,matched_random_selective,13.0,5.0,device_sparse_v1,36.0,45.0
cubic_spin_glass,inst_5e7c8d0ae78fb3fcd9e50f45870af4ef1698195119adfcdb8c7bf1699215879b,1,selective,13.0,5.0,device_sparse_v1,36.0,45.0
cubic_spin_glass,inst_623ed3fa24dead6f0f9dd1096cce82dc9a048bf774730e23b964d7d43607fd83,1,all_native,16.0,6.0,device_sparse_v1,41.0,48.0
cubic_spin_glass,inst_623ed3fa24dead6f0f9dd1096cce82dc9a048bf774730e23b964d7d43607fd83,1,fully_quadratized,34.0,12.0,device_sparse_v1,58.0,88.0
cubic_spin_glass,inst_623ed3fa24dead6f0f9dd1096cce82dc9a048bf774730e23b964d7d43607fd83,5,matched_random_selective,16.0,6.0,device_sparse_v1,41.0,48.0
cubic_spin_glass,inst_623ed3fa24dead6f0f9dd1096cce82dc9a048bf774730e23b964d7d43607fd83,1,selective,16.0,6.0,device_sparse_v1,41.0,48.0
cubic_spin_glass,inst_629843195526c2b817edb433d2bf81dc1c9d7d1b6b358890ba16bbbcd422ab15,1,all_native,28.0,10.0,device_sparse_v1,57.0,76.0
cubic_spin_glass,inst_629843195526c2b817edb433d2bf81dc1c9d7d1b6b358890ba16bbbcd422ab15,5,matched_random_selective,28.0,10.0,device_sparse_v1,57.0,76.0
cubic_spin_glass,inst_629843195526c2b817edb433d2bf81dc1c9d7d1b6b358890ba16bbbcd422ab15,1,selective,28.0,10.0,device_sparse_v1,57.0,76.0
cubic_spin_glass,inst_64ff32844bde505ea188f6df7a2e54fe41e88061d38144bbd304285bc823e766,1,all_native,29.0,11.0,device_sparse_v1,54.0,77.0
cubic_spin_glass,inst_64ff32844bde505ea188f6df7a2e54fe41e88061d38144bbd304285bc823e766,5,matched_random_selective,29.0,11.0,device_sparse_v1,54.0,77.0
cubic_spin_glass,inst_64ff32844bde505ea188f6df7a2e54fe41e88061d38144bbd304285bc823e766,1,selective,29.0,11.0,device_sparse_v1,54.0,77.0
cubic_spin_glass,inst_6969ca061e6a5a0b4350ccfb99da5386eb70d23ece3e7ffa0101e3a9c6305d74,1,all_native,44.0,17.0,device_sparse_v1,79.0,108.0
cubic_spin_glass,inst_6969ca061e6a5a0b4350ccfb99da5386eb70d23ece3e7ffa0101e3a9c6305d74,5,matched_random_selective,44.0,17.0,device_sparse_v1,79.0,108.0
cubic_spin_glass,inst_6969ca061e6a5a0b4350ccfb99da5386eb70d23ece3e7ffa0101e3a9c6305d74,1,selective,44.0,17.0,device_sparse_v1,79.0,108.0
cubic_spin_glass,inst_6a06eec6c612c29ba46b89da361fc8b89d4e4e985e548b9c5d20da503d9b6f95,1,all_native,209.0,75.0,device_sparse_v1,295.0,401.0
cubic_spin_glass,inst_6ad9548a92747aff9a6795f1c5b99d2304f005ac72fb8084bdc0b85e2e6b4c72,1,all_native,75.0,32.0,device_sparse_v1,168.0,203.0
cubic_spin_glass,inst_6ad9548a92747aff9a6795f1c5b99d2304f005ac72fb8084bdc0b85e2e6b4c72,5,matched_random_selective,108.8,42.6,device_sparse_v1,179.4,266.0
cubic_spin_glass,inst_6ad9548a92747aff9a6795f1c5b99d2304f005ac72fb8084bdc0b85e2e6b4c72,1,selective,105.0,39.0,device_sparse_v1,154.0,243.0
cubic_spin_glass,inst_6b39d1a73c909fe62fea28132fe796da14083eef65020e77cf56f6f6be6b578d,1,all_native,11.0,5.0,device_sparse_v1,31.0,43.0
cubic_spin_glass,inst_6b39d1a73c909fe62fea28132fe796da14083eef65020e77cf56f6f6be6b578d,5,matched_random_selective,11.0,5.0,device_sparse_v1,31.0,43.0
cubic_spin_glass,inst_6b39d1a73c909fe62fea28132fe796da14083eef65020e77cf56f6f6be6b578d,1,selective,11.0,5.0,device_sparse_v1,31.0,43.0
cubic_spin_glass,inst_6de219ee046e11cc6b3925b66cc25f0b4641e502623cd3aa766407f918c53235,1,all_native,18.0,7.0,device_sparse_v1,42.0,50.0
cubic_spin_glass,inst_6de219ee046e11cc6b3925b66cc25f0b4641e502623cd3aa766407f918c53235,1,fully_quadratized,28.0,10.0,device_sparse_v1,52.0,84.0
cubic_spin_glass,inst_6de219ee046e11cc6b3925b66cc25f0b4641e502623cd3aa766407f918c53235,5,matched_random_selective,18.0,7.0,device_sparse_v1,42.0,50.0
cubic_spin_glass,inst_6de219ee046e11cc6b3925b66cc25f0b4641e502623cd3aa766407f918c53235,1,selective,18.0,7.0,device_sparse_v1,42.0,50.0
cubic_spin_glass,inst_6e8e29b178b0429786c8a2bff968eb63511358e6ddec0fe591285ea24a8d1c6d,1,all_native,17.0,9.0,device_sparse_v1,43.0,65.0
cubic_spin_glass,inst_6e8e29b178b0429786c8a2bff968eb63511358e6ddec0fe591285ea24a8d1c6d,5,matched_random_selective,17.0,9.0,device_sparse_v1,43.0,65.0
cubic_spin_glass,inst_6e8e29b178b0429786c8a2bff968eb63511358e6ddec0fe591285ea24a8d1c6d,1,selective,17.0,9.0,device_sparse_v1,43.0,65.0
cubic_spin_glass,inst_6ea539895de41953dcf8585c9c5a14620e89386260235c3b1468a17d57ab2b23,1,all_native,32.0,14.0,device_sparse_v1,81.0,96.0
cubic_spin_glass,inst_6ea539895de41953dcf8585c9c5a14620e89386260235c3b1468a17d57ab2b23,1,fully_quadratized,62.0,21.0,device_sparse_v1,94.0,150.0
cubic_spin_glass,inst_6ea539895de41953dcf8585c9c5a14620e89386260235c3b1468a17d57ab2b23,5,matched_random_selective,32.0,14.0,device_sparse_v1,81.0,96.0
cubic_spin_glass,inst_6ea539895de41953dcf8585c9c5a14620e89386260235c3b1468a17d57ab2b23,1,selective,32.0,14.0,device_sparse_v1,81.0,96.0
cubic_spin_glass,inst_70cd92fd1145b443443914cb7d2dd37eebe868cb4f6e2e0cd99cc6f5fceb49f1,1,all_native,35.0,15.0,device_sparse_v1,81.0,99.0
cubic_spin_glass,inst_70cd92fd1145b443443914cb7d2dd37eebe868cb4f6e2e0cd99cc6f5fceb49f1,5,matched_random_selective,35.0,15.0,device_sparse_v1,81.0,99.0
cubic_spin_glass,inst_70cd92fd1145b443443914cb7d2dd37eebe868cb4f6e2e0cd99cc6f5fceb49f1,1,selective,35.0,15.0,device_sparse_v1,81.0,99.0
cubic_spin_glass,inst_7716434047cb9a3a78813351309803842d97d8ee66b37f8923c41d7969c1c58a,1,all_native,100.0,39.0,device_sparse_v1,185.0,228.0
cubic_spin_glass,inst_7716434047cb9a3a78813351309803842d97d8ee66b37f8923c41d7969c1c58a,5,matched_random_selective,136.8,49.6,device_sparse_v1,192.2,294.4
cubic_spin_glass,inst_7716434047cb9a3a78813351309803842d97d8ee66b37f8923c41d7969c1c58a,1,selective,107.0,40.0,device_sparse_v1,167.0,247.0
cubic_spin_glass,inst_7c46ab9828c14c80ecbb7d6d499d693814b74054db5e4e07d7a39ee4b775bb50,1,all_native,79.0,30.0,device_sparse_v1,136.0,175.0
cubic_spin_glass,inst_7f90e24a78f8a26d1a801c170cc595d5d7669882dcba292c4b15aa6b53b3dacf,1,all_native,9.0,3.0,device_sparse_v1,37.0,41.0
cubic_spin_glass,inst_7f90e24a78f8a26d1a801c170cc595d5d7669882dcba292c4b15aa6b53b3dacf,1,fully_quadratized,29.0,11.0,device_sparse_v1,46.0,83.0
cubic_spin_glass,inst_7f90e24a78f8a26d1a801c170cc595d5d7669882dcba292c4b15aa6b53b3dacf,5,matched_random_selective,9.0,3.0,device_sparse_v1,37.0,41.0
cubic_spin_glass,inst_7f90e24a78f8a26d1a801c170cc595d5d7669882dcba292c4b15aa6b53b3dacf,1,selective,9.0,3.0,device_sparse_v1,37.0,41.0
cubic_spin_glass,inst_90ea5a2894cc294c32ec161d76b831ad4079fdcbaaad0e421851b5fa6f8561ba,1,all_native,159.0,61.0,device_sparse_v1,287.0,351.0
cubic_spin_glass,inst_92eb60bbccda5c5e3e2562b302edd076ac50a62aeb4d3709272c6303eeb1a61b,1,all_native,156.0,60.0,device_sparse_v1,239.0,348.0
cubic_spin_glass,inst_92eb60bbccda5c5e3e2562b302edd076ac50a62aeb4d3709272c6303eeb1a61b,5,matched_random_selective,156.0,60.0,device_sparse_v1,239.0,348.0
cubic_spin_glass,inst_92eb60bbccda5c5e3e2562b302edd076ac50a62aeb4d3709272c6303eeb1a61b,1,selective,156.0,60.0,device_sparse_v1,239.0,348.0
cubic_spin_glass,inst_9ba2a7792551103e6e69b98c0de1119c32118930928fc10d75a1e7d657dd1bcf,1,all_native,37.0,15.0,device_sparse_v1,76.0,101.0
cubic_spin_glass,inst_9ba2a7792551103e6e69b98c0de1119c32118930928fc10d75a1e7d657dd1bcf,5,matched_random_selective,37.0,15.0,device_sparse_v1,76.0,101.0
cubic_spin_glass,inst_9ba2a7792551103e6e69b98c0de1119c32118930928fc10d75a1e7d657dd1bcf,1,selective,37.0,15.0,device_sparse_v1,76.0,101.0
cubic_spin_glass,inst_a281a70cf3027da7a09f4adaf7e6e96f50074205fe7b5bd1aab52f03a994e7f0,1,all_native,28.0,13.0,device_sparse_v1,70.0,92.0
cubic_spin_glass,inst_a281a70cf3027da7a09f4adaf7e6e96f50074205fe7b5bd1aab52f03a994e7f0,5,matched_random_selective,28.0,13.0,device_sparse_v1,70.0,92.0
cubic_spin_glass,inst_a281a70cf3027da7a09f4adaf7e6e96f50074205fe7b5bd1aab52f03a994e7f0,1,selective,28.0,13.0,device_sparse_v1,70.0,92.0
cubic_spin_glass,inst_a4679bc36e70ceabe07c23d07c304c011669cd7cd6dd39977860e971d22b5bae,1,all_native,41.0,17.0,device_sparse_v1,82.0,105.0
cubic_spin_glass,inst_a4679bc36e70ceabe07c23d07c304c011669cd7cd6dd39977860e971d22b5bae,5,matched_random_selective,41.0,17.0,device_sparse_v1,82.0,105.0
cubic_spin_glass,inst_a4679bc36e70ceabe07c23d07c304c011669cd7cd6dd39977860e971d22b5bae,1,selective,41.0,17.0,device_sparse_v1,82.0,105.0
cubic_spin_glass,inst_bb9ea8526f4f8c3163389b1dd29737c6dc55d4b10908c16cd989bbf99598ae9b,1,all_native,163.0,65.0,device_sparse_v1,264.0,355.0
cubic_spin_glass,inst_bd91654b426322e8e5eeb5aeae69692f9e01419f8ff43e2242b156e1ee054dd2,1,all_native,79.0,31.0,device_sparse_v1,175.0,207.0
cubic_spin_glass,inst_c2e05f7c3075c3aad73660a0712a836e2e081e148a56e82b9e52e010e4099cc2,1,all_native,93.0,35.0,device_sparse_v1,177.0,221.0
cubic_spin_glass,inst_cd62fc2eb91018e6a9da61c7b64c837ad5b988a267bd06e44091a7bb226c6327,1,all_native,7.0,7.0,device_sparse_v1,46.0,55.0
cubic_spin_glass,inst_cd62fc2eb91018e6a9da61c7b64c837ad5b988a267bd06e44091a7bb226c6327,5,matched_random_selective,7.0,7.0,device_sparse_v1,46.0,55.0
cubic_spin_glass,inst_cd62fc2eb91018e6a9da61c7b64c837ad5b988a267bd06e44091a7bb226c6327,1,selective,7.0,7.0,device_sparse_v1,46.0,55.0
cubic_spin_glass,inst_d00ca93e6523bcec641670bd2f915a9e935326dd3a40ad48fc79f3a9c5c91ded,1,all_native,81.0,31.0,device_sparse_v1,128.0,177.0
cubic_spin_glass,inst_d39931f25d0a580985f2d689473d0b69f872405923e4b602501f05ec114e6507,1,all_native,76.0,30.0,device_sparse_v1,110.0,172.0
cubic_spin_glass,inst_d39931f25d0a580985f2d689473d0b69f872405923e4b602501f05ec114e6507,5,matched_random_selective,76.0,30.0,device_sparse_v1,110.0,172.0
cubic_spin_glass,inst_d39931f25d0a580985f2d689473d0b69f872405923e4b602501f05ec114e6507,1,selective,76.0,30.0,device_sparse_v1,110.0,172.0
cubic_spin_glass,inst_d91125199706c8108c27d3f20dd2ffc9a38c519cb4e58c97770db6ccd427a96c,1,all_native,94.0,38.0,device_sparse_v1,184.0,222.0
cubic_spin_glass,inst_da3101c770b48b4f0db791033edb8e7a538edbef1506d2019f202beb0c200cca,1,all_native,98.0,37.0,device_sparse_v1,184.0,226.0
cubic_spin_glass,inst_da3101c770b48b4f0db791033edb8e7a538edbef1506d2019f202beb0c200cca,5,matched_random_selective,124.8,45.8,device_sparse_v1,197.0,276.0
cubic_spin_glass,inst_da3101c770b48b4f0db791033edb8e7a538edbef1506d2019f202beb0c200cca,1,selective,114.0,44.0,device_sparse_v1,165.0,262.0
cubic_spin_glass,inst_da6cc0814f1cda7d2b8acf79563c59341898d86355f6e7d54acdb51463c602cf,1,all_native,93.0,37.0,device_sparse_v1,173.0,221.0
cubic_spin_glass,inst_da6cc0814f1cda7d2b8acf79563c59341898d86355f6e7d54acdb51463c602cf,5,matched_random_selective,120.8,44.8,device_sparse_v1,189.6,272.8
cubic_spin_glass,inst_da6cc0814f1cda7d2b8acf79563c59341898d86355f6e7d54acdb51463c602cf,1,selective,107.0,39.0,device_sparse_v1,158.0,239.0
cubic_spin_glass,inst_e6863527db589505432cd6b1d26c66dd8cc456c8b9660f4d19bbc5c14d7738e4,1,all_native,3.0,3.0,device_sparse_v1,23.0,35.0
cubic_spin_glass,inst_e6863527db589505432cd6b1d26c66dd8cc456c8b9660f4d19bbc5c14d7738e4,5,matched_random_selective,3.0,3.0,device_sparse_v1,23.0,35.0
cubic_spin_glass,inst_e6863527db589505432cd6b1d26c66dd8cc456c8b9660f4d19bbc5c14d7738e4,1,selective,3.0,3.0,device_sparse_v1,23.0,35.0
cubic_spin_glass,inst_ea1372732b45bea8ab2adc28dfcd62f4d328d838401c7ec158552a1e109c1c0d,1,all_native,16.0,6.0,device_sparse_v1,36.0,48.0
cubic_spin_glass,inst_ea1372732b45bea8ab2adc28dfcd62f4d328d838401c7ec158552a1e109c1c0d,5,matched_random_selective,16.0,6.0,device_sparse_v1,36.0,48.0
cubic_spin_glass,inst_ea1372732b45bea8ab2adc28dfcd62f4d328d838401c7ec158552a1e109c1c0d,1,selective,16.0,6.0,device_sparse_v1,36.0,48.0
cubic_spin_glass,inst_ece5bba3739bc03a15ddcd6bbe4055bbd33c8ec145b5e5027ddc9b2d78213107,1,all_native,24.0,12.0,device_sparse_v1,75.0,88.0
cubic_spin_glass,inst_ece5bba3739bc03a15ddcd6bbe4055bbd33c8ec145b5e5027ddc9b2d78213107,1,fully_quadratized,53.0,19.0,device_sparse_v1,86.0,133.0
cubic_spin_glass,inst_ece5bba3739bc03a15ddcd6bbe4055bbd33c8ec145b5e5027ddc9b2d78213107,5,matched_random_selective,39.6,17.6,device_sparse_v1,92.2,119.6
cubic_spin_glass,inst_ece5bba3739bc03a15ddcd6bbe4055bbd33c8ec145b5e5027ddc9b2d78213107,1,selective,46.0,20.0,device_sparse_v1,82.0,128.0
cubic_spin_glass,inst_ee30c9f5c123b7e1b93abed350ca64e7dc66b77042c74c2583df52d2313c7c61,1,all_native,49.0,17.0,device_sparse_v1,84.0,113.0
cubic_spin_glass,inst_ee30c9f5c123b7e1b93abed350ca64e7dc66b77042c74c2583df52d2313c7c61,1,fully_quadratized,67.0,24.0,device_sparse_v1,87.0,159.0
cubic_spin_glass,inst_ee30c9f5c123b7e1b93abed350ca64e7dc66b77042c74c2583df52d2313c7c61,5,matched_random_selective,49.0,17.0,device_sparse_v1,84.0,113.0
cubic_spin_glass,inst_ee30c9f5c123b7e1b93abed350ca64e7dc66b77042c74c2583df52d2313c7c61,1,selective,49.0,17.0,device_sparse_v1,84.0,113.0
cubic_spin_glass,inst_eea12da1e1e88a4c6e8507aad613af99cbc02e7026129f640f22f3660eb2ebc6,1,all_native,72.0,29.0,device_sparse_v1,124.0,168.0
cubic_spin_glass,inst_fb8a9da4adf31a021767c9fabc43d7ddf89cfad0c621ca87f56cfb9907a6f495,1,all_native,36.0,14.0,device_sparse_v1,77.0,100.0
cubic_spin_glass,inst_fb8a9da4adf31a021767c9fabc43d7ddf89cfad0c621ca87f56cfb9907a6f495,5,matched_random_selective,36.0,14.0,device_sparse_v1,77.0,100.0
cubic_spin_glass,inst_fb8a9da4adf31a021767c9fabc43d7ddf89cfad0c621ca87f56cfb9907a6f495,1,selective,36.0,14.0,device_sparse_v1,77.0,100.0
max3sat,inst_0252ede428af7d5ba638c993716885266bdf345dcd87961e7c927bacd016606c,1,all_native,415.0,151.0,device_sparse_v1,525.0,813.0
max3sat,inst_04a1b89230c5a6026d670ebcad2bd30c736104ed6ac28632205ec9169547e9f9,1,all_native,33.0,13.0,device_sparse_v1,82.0,99.0
max3sat,inst_04a1b89230c5a6026d670ebcad2bd30c736104ed6ac28632205ec9169547e9f9,1,fully_quadratized,33.0,12.0,device_sparse_v1,55.0,89.0
max3sat,inst_04a1b89230c5a6026d670ebcad2bd30c736104ed6ac28632205ec9169547e9f9,5,matched_random_selective,41.2,15.2,device_sparse_v1,75.0,108.8
max3sat,inst_04a1b89230c5a6026d670ebcad2bd30c736104ed6ac28632205ec9169547e9f9,1,selective,35.0,13.0,device_sparse_v1,62.0,91.0
max3sat,inst_0cb8147f35cb319c98db07725be6b560d9ac23b0be515d6aabe4baafcfed6cea,1,all_native,53.0,19.0,device_sparse_v1,104.0,139.0
max3sat,inst_0cb8147f35cb319c98db07725be6b560d9ac23b0be515d6aabe4baafcfed6cea,5,matched_random_selective,67.8,24.6,device_sparse_v1,100.2,158.6
max3sat,inst_0cb8147f35cb319c98db07725be6b560d9ac23b0be515d6aabe4baafcfed6cea,1,selective,58.0,21.0,device_sparse_v1,81.0,138.0
max3sat,inst_1b8063bafe8fb16b92612498609bbac8bbb284b59e73fc2d63cadf82b323441f,1,all_native,29.0,12.0,device_sparse_v1,60.0,91.0
max3sat,inst_1b8063bafe8fb16b92612498609bbac8bbb284b59e73fc2d63cadf82b323441f,1,fully_quadratized,30.0,10.0,device_sparse_v1,50.0,84.0
max3sat,inst_1b8063bafe8fb16b92612498609bbac8bbb284b59e73fc2d63cadf82b323441f,5,matched_random_selective,33.0,12.2,device_sparse_v1,58.6,96.6
max3sat,inst_1b8063bafe8fb16b92612498609bbac8bbb284b59e73fc2d63cadf82b323441f,1,selective,34.0,12.0,device_sparse_v1,55.0,94.0
max3sat,inst_1e91fd044da82237969da768df48589b6b1ab5771c97bb11bdb53a8fb4803ec9,1,all_native,271.0,101.0,device_sparse_v1,353.0,547.0
max3sat,inst_1fd1e3af188a3ea1adf4c52be504c18998f9987176e8145c96535d8607f79e50,1,all_native,104.0,42.0,device_sparse_v1,154.0,256.0
max3sat,inst_2435c007116b03470f62d34cb88efdb456703104ba682192d46d894aa479d642,1,all_native,93.0,39.0,device_sparse_v1,167.0,231.0
max3sat,inst_2cb581ef9182b4e94ad87468822d97c34bab3f5844f008f31be762da257eef0a,1,all_native,45.0,15.0,device_sparse_v1,86.0,111.0
max3sat,inst_2cb581ef9182b4e94ad87468822d97c34bab3f5844f008f31be762da257eef0a,1,fully_quadratized,35.0,13.0,device_sparse_v1,61.0,95.0
max3sat,inst_2cb581ef9182b4e94ad87468822d97c34bab3f5844f008f31be762da257eef0a,5,matched_random_selective,36.8,13.4,device_sparse_v1,78.4,103.6
max3sat,inst_2cb581ef9182b4e94ad87468822d97c34bab3f5844f008f31be762da257eef0a,1,selective,37.0,13.0,device_sparse_v1,64.0,97.0
max3sat,inst_2f15d2f234c8f1df4c005ad0920e30245530206ef3ff58661a368393a9143cfb,1,all_native,129.0,47.0,device_sparse_v1,189.0,269.0
max3sat,inst_351b2f1044631455ab325f3efabb01e0e041402aa854cb63ffe41759af6edb31,1,all_native,56.0,20.0,device_sparse_v1,101.0,134.0
max3sat,inst_351b2f1044631455ab325f3efabb01e0e041402aa854cb63ffe41759af6edb31,1,fully_quadratized,34.0,12.0,device_sparse_v1,62.0,92.0
max3sat,inst_351b2f1044631455ab325f3efabb01e0e041402aa854cb63ffe41759af6edb31,5,matched_random_selective,55.8,20.4,device_sparse_v1,94.4,137.4
max3sat,inst_351b2f1044631455ab325f3efabb01e0e041402aa854cb63ffe41759af6edb31,1,selective,41.0,14.0,device_sparse_v1,68.0,105.0
max3sat,inst_383684e2b457379b22ad997ff9ba9dd2a89f56020635a4f5957cd64397e30d27,1,all_native,277.0,104.0,device_sparse_v1,357.0,569.0
max3sat,inst_389e9c8eec6e70d1760446aec874ba73c33d282a4aafd97bdf661c4173973bd4,1,all_native,106.0,38.0,device_sparse_v1,166.0,246.0
max3sat,inst_4292cef2fb4c9eb999019c1773bb594d1728cdf303bdeb10a83a3e7bef71dbf2,1,all_native,102.0,41.0,device_sparse_v1,182.0,258.0
max3sat,inst_44d41ee19adf16187d2472123669bbf847d64335b452c13d07c64d022afdbd6a,1,all_native,58.0,20.0,device_sparse_v1,106.0,140.0
max3sat,inst_44d41ee19adf16187d2472123669bbf847d64335b452c13d07c64d022afdbd6a,1,fully_quadratized,37.0,13.0,device_sparse_v1,64.0,97.0
max3sat,inst_44d41ee19adf16187d2472123669bbf847d64335b452c13d07c64d022afdbd6a,5,matched_random_selective,59.4,20.6,device_sparse_v1,99.2,142.2
max3sat,inst_44d41ee19adf16187d2472123669bbf847d64335b452c13d07c64d022afdbd6a,1,selective,40.0,14.0,device_sparse_v1,69.0,106.0
max3sat,inst_44fe959f979ed41d00ed5d00c8ad559cb9fcc3a1f54352020e9bee9224ecc496,1,all_native,109.0,40.0,device_sparse_v1,151.0,233.0
max3sat,inst_4a5cdf12000be45c6e4eed5c6e54361319ac9cc9ed9744d18b2b715e8842bdac,1,all_native,46.0,18.0,device_sparse_v1,92.0,120.0
max3sat,inst_4a5cdf12000be45c6e4eed5c6e54361319ac9cc9ed9744d18b2b715e8842bdac,1,fully_quadratized,41.0,15.0,device_sparse_v1,74.0,107.0
max3sat,inst_4a5cdf12000be45c6e4eed5c6e54361319ac9cc9ed9744d18b2b715e8842bdac,5,matched_random_selective,53.8,20.2,device_sparse_v1,92.8,132.2
max3sat,inst_4a5cdf12000be45c6e4eed5c6e54361319ac9cc9ed9744d18b2b715e8842bdac,1,selective,44.0,16.0,device_sparse_v1,67.0,110.0
max3sat,inst_4fd1ba0267f29040b461532cd91b707bc0c1ae9e3f7403a5242d350656e5f63e,1,all_native,100.0,38.0,device_sparse_v1,171.0,238.0
max3sat,inst_4fd1ba0267f29040b461532cd91b707bc0c1ae9e3f7403a5242d350656e5f63e,5,matched_random_selective,115.4,42.2,device_sparse_v1,159.0,255.8
max3sat,inst_4fd1ba0267f29040b461532cd91b707bc0c1ae9e3f7403a5242d350656e5f63e,1,selective,107.0,39.0,device_sparse_v1,143.0,233.0
max3sat,inst_514ba25a028dc5cc4b3e64e92354a8517183f6f7354585b35ad695552a02d87b,1,all_native,153.0,59.0,device_sparse_v1,258.0,345.0
max3sat,inst_5671b7942728848d4cb1ba3ce249889b0b8e15bc2c97a8f008abb86493c57490,1,all_native,67.0,31.0,device_sparse_v1,133.0,183.0
max3sat,inst_5683a8170815775476c0c3080ab79c1cfd47561fea54e8872321c0e570d236f8,1,all_native,16.0,8.0,device_sparse_v1,64.0,74.0
max3sat,inst_5683a8170815775476c0c3080ab79c1cfd47561fea54e8872321c0e570d236f8,1,fully_quadratized,24.0,9.0,device_sparse_v1,49.0,72.0
max3sat,inst_5683a8170815775476c0c3080ab79c1cfd47561fea54e8872321c0e570d236f8,5,matched_random_selective,23.0,10.6,device_sparse_v1,63.6,81.4
max3sat,inst_5683a8170815775476c0c3080ab79c1cfd47561fea54e8872321c0e570d236f8,1,selective,26.0,9.0,device_sparse_v1,62.0,76.0
max3sat,inst_6483eb8d9af8fdd362f04ce3d7675db45d9e1a5927ecd5e5f48e37b58962cc09,1,all_native,170.0,60.0,device_sparse_v1,246.0,352.0
max3sat,inst_65427f0ab483e773c37c684098f0ae7da76014c3314db691eb56799de98b918d,1,all_native,74.0,29.0,device_sparse_v1,135.0,180.0
max3sat,inst_67bfa1c14b3388aa4788b1b0b8fb0a628d9e11fad6d7ead7faa4270deca7be29,1,all_native,58.0,22.0,device_sparse_v1,104.0,146.0
max3sat,inst_67bfa1c14b3388aa4788b1b0b8fb0a628d9e11fad6d7ead7faa4270deca7be29,1,fully_quadratized,39.0,15.0,device_sparse_v1,57.0,105.0
max3sat,inst_67bfa1c14b3388aa4788b1b0b8fb0a628d9e11fad6d7ead7faa4270deca7be29,5,matched_random_selective,57.8,21.0,device_sparse_v1,100.0,145.4
max3sat,inst_67bfa1c14b3388aa4788b1b0b8fb0a628d9e11fad6d7ead7faa4270deca7be29,1,selective,51.0,18.0,device_sparse_v1,76.0,127.0
max3sat,inst_6d08b4cb6adfe9fef1cbd72e0844d093ec9b6bbc548d03e358316eda6e525702,1,all_native,108.0,38.0,device_sparse_v1,156.0,236.0
max3sat,inst_70386662ce4299b736f2e3c495ef2708cd597b5b14cffe32a5027158a7a4a610,1,all_native,258.0,98.0,device_sparse_v1,360.0,550.0
max3sat,inst_724e0f606e662c6fc85b188f6d894ad9f45246f9367864a6c0b04d899083b597,1,all_native,134.0,54.0,device_sparse_v1,258.0,322.0
max3sat,inst_79109a0aeb80dc43411828163b5e828f667c41be7b72649f61aa8c0c3d211456,1,all_native,148.0,54.0,device_sparse_v1,252.0,328.0
max3sat,inst_7df90454db3288ecbd0880a8fbcf3d08e406d14be6f78d4c241e304924acb233,1,all_native,130.0,53.0,device_sparse_v1,239.0,316.0
max3sat,inst_880a9ce347d5f6df07a021bcc3777e532027fab32c40375218c981d4b93f4575,1,all_native,69.0,27.0,device_sparse_v1,120.0,173.0
max3sat,inst_880a9ce347d5f6df07a021bcc3777e532027fab32c40375218c981d4b93f4575,5,matched_random_selective,84.6,30.4,device_sparse_v1,115.2,189.8
max3sat,inst_880a9ce347d5f6df07a021bcc3777e532027fab32c40375218c981d4b93f4575,1,selective,78.0,28.0,device_sparse_v1,97.0,174.0
max3sat,inst_8da79e9eb8f997c1fc0ee150f0bf39f847d1db5235c9e861fd3510f60be375ea,1,all_native,255.0,95.0,device_sparse_v1,339.0,519.0
max3sat,inst_8ec9bffe895168e3d6057479112fc26184f086ae1cc1fcd5532cb16027fbfa29,1,all_native,93.0,37.0,device_sparse_v1,175.0,233.0
max3sat,inst_91de1c566768e2107a255c2b5e9b3d207ee6f17de18234b7d98081ef44b0556e,1,all_native,319.0,121.0,device_sparse_v1,441.0,669.0
max3sat,inst_9450ef3d9ff004e2fb5b0139c1d3d736da4d25de602cb1d4c57e69a5aa03741b,1,all_native,50.0,18.0,device_sparse_v1,99.0,126.0
max3sat,inst_9450ef3d9ff004e2fb5b0139c1d3d736da4d25de602cb1d4c57e69a5aa03741b,1,fully_quadratized,39.0,14.0,device_sparse_v1,66.0,101.0
max3sat,inst_9450ef3d9ff004e2fb5b0139c1d3d736da4d25de602cb1d4c57e69a5aa03741b,5,matched_random_selective,51.8,19.4,device_sparse_v1,93.2,129.8
max3sat,inst_9450ef3d9ff004e2fb5b0139c1d3d736da4d25de602cb1d4c57e69a5aa03741b,1,selective,47.0,17.0,device_sparse_v1,79.0,115.0
max3sat,inst_a407acb5f955147a44dfba4f02be7931dbe34e43e005579bdb9007aad4d94062,1,all_native,120.0,46.0,device_sparse_v1,223.0,286.0
max3sat,inst_a46160035a30aefe3892d2b049a43bad55098d26bc175c664ebbfea2da0bcad6,1,all_native,75.0,27.0,device_sparse_v1,138.0,183.0
max3sat,inst_a46160035a30aefe3892d2b049a43bad55098d26bc175c664ebbfea2da0bcad6,5,matched_random_selective,93.2,33.0,device_sparse_v1,130.2,204.8
max3sat,inst_a46160035a30aefe3892d2b049a43bad55098d26bc175c664ebbfea2da0bcad6,1,selective,84.0,30.0,device_sparse_v1,109.0,186.0
max3sat,inst_a7b03ca0a70026a3c0068bb3d0a6dfb3f855921d7f87601023f686c95d18ed53,1,all_native,145.0,53.0,device_sparse_v1,243.0,321.0
max3sat,inst_aaba8c0130b46ce253b0dc858f515be46b77f177d84efe9e95abb5d612190ebf,1,all_native,121.0,43.0,device_sparse_v1,193.0,257.0
max3sat,inst_b14e10b59e6aea194761d2eedde57c8d806845debe65a98c7d82fcd34f43ca0a,1,all_native,82.0,30.0,device_sparse_v1,139.0,188.0
max3sat,inst_b5a6d609aee43c8b525af00209476dde731caaa09d42f6c0ee326d1b1dc31caa,1,all_native,89.0,33.0,device_sparse_v1,169.0,223.0
max3sat,inst_bad108426f15da32dab503d42c5642c5b518605ab19b47a4444ceadbfa396063,1,all_native,128.0,46.0,device_sparse_v1,178.0,270.0
max3sat,inst_c32cb33b55efb0ee1a708f9936b9c45d95c8b4a9c07a53a564b24913ae6b0e3c,1,all_native,33.0,15.0,device_sparse_v1,89.0,111.0
max3sat,inst_c32cb33b55efb0ee1a708f9936b9c45d95c8b4a9c07a53a564b24913ae6b0e3c,1,fully_quadratized,42.0,14.0,device_sparse_v1,68.0,106.0
max3sat,inst_c32cb33b55efb0ee1a708f9936b9c45d95c8b4a9c07a53a564b24913ae6b0e3c,5,matched_random_selective,43.8,17.8,device_sparse_v1,85.2,122.6
max3sat,inst_c32cb33b55efb0ee1a708f9936b9c45d95c8b4a9c07a53a564b24913ae6b0e3c,1,selective,45.0,16.0,device_sparse_v1,74.0,111.0
max3sat,inst_c48354249e2c91ecf73b39e126eec777bf9c93960e96d8924c6b6668619a825d,1,all_native,122.0,52.0,device_sparse_v1,245.0,314.0
max3sat,inst_ccb599d971d1da8d223cf442b00bd17f867272a51c5c1f8e79983c9f8942e2eb,1,all_native,35.0,16.0,device_sparse_v1,93.0,119.0
max3sat,inst_ccb599d971d1da8d223cf442b00bd17f867272a51c5c1f8e79983c9f8942e2eb,1,fully_quadratized,36.0,12.0,device_sparse_v1,59.0,96.0
max3sat,inst_ccb599d971d1da8d223cf442b00bd17f867272a51c5c1f8e79983c9f8942e2eb,5,matched_random_selective,52.6,20.0,device_sparse_v1,92.0,137.0
max3sat,inst_ccb599d971d1da8d223cf442b00bd17f867272a51c5c1f8e79983c9f8942e2eb,1,selective,41.0,15.0,device_sparse_v1,71.0,111.0
max3sat,inst_d11e45c41a0ff1ded85963a8b0d3c48fb95e655fe90cb4d8e70151bb71db3e2a,1,all_native,114.0,42.0,device_sparse_v1,167.0,244.0
max3sat,inst_d14cd6885001ea20ec547911c34c72177f32f5b9a45bc6fab58ee35ad20fc8dc,1,all_native,70.0,26.0,device_sparse_v1,118.0,164.0
max3sat,inst_d28d32be2aa609b3d4a6fd9bbfb880e2b75cff8400d2467930452c7f49defb3d,1,all_native,169.0,63.0,device_sparse_v1,227.0,357.0
max3sat,inst_d8d3130ca62f78d970e6558b2f60e1cac4ac8fb32dab01f61ab1ad5e2251a4ca,1,all_native,58.0,24.0,device_sparse_v1,112.0,160.0
max3sat,inst_e69f844d025a2b0d7429ca4fdb825e3dc3659eac383d56cf62b921b8a85a5599,1,all_native,70.0,28.0,device_sparse_v1,130.0,174.0
max3sat,inst_e69f844d025a2b0d7429ca4fdb825e3dc3659eac383d56cf62b921b8a85a5599,5,matched_random_selective,81.2,30.4,device_sparse_v1,118.2,188.0
max3sat,inst_e69f844d025a2b0d7429ca4fdb825e3dc3659eac383d56cf62b921b8a85a5599,1,selective,71.0,27.0,device_sparse_v1,98.0,169.0
max3sat,inst_edc6a7be57895210f8297e4c3332ad4cb3f2fe67ab75d9c0a5f1d571795b9415,1,all_native,100.0,37.0,device_sparse_v1,190.0,242.0
max3sat,inst_ef8b06cb660f7d79dd26817980f7262c71e0993a3de1c210c321cc575edbe07f,1,all_native,133.0,49.0,device_sparse_v1,245.0,317.0
max3sat,inst_f3e37072d51c70def0bd0fed6f54a322c49d92f70b611a5840d4fdf28984f698,1,all_native,80.0,30.0,device_sparse_v1,134.0,182.0
max3sat,inst_f3e37072d51c70def0bd0fed6f54a322c49d92f70b611a5840d4fdf28984f698,5,matched_random_selective,89.0,31.4,device_sparse_v1,119.8,195.8
max3sat,inst_f3e37072d51c70def0bd0fed6f54a322c49d92f70b611a5840d4fdf28984f698,1,selective,76.0,26.0,device_sparse_v1,105.0,168.0
max3sat,inst_f8d57f764e7fdeef8a546e03dc838d094048a6bdb09a5be2ae77cbd88353843c,1,all_native,323.0,119.0,device_sparse_v1,431.0,661.0
max3sat,inst_fcd3827382c69a628f6d42b430b9c2a8f1f0b2d308717bc8dae03c0a4793ec88,1,all_native,40.0,16.0,device_sparse_v1,87.0,112.0
max3sat,inst_fcd3827382c69a628f6d42b430b9c2a8f1f0b2d308717bc8dae03c0a4793ec88,1,fully_quadratized,34.0,13.0,device_sparse_v1,56.0,96.0
max3sat,inst_fcd3827382c69a628f6d42b430b9c2a8f1f0b2d308717bc8dae03c0a4793ec88,5,matched_random_selective,45.6,18.2,device_sparse_v1,94.4,120.0
max3sat,inst_fcd3827382c69a628f6d42b430b9c2a8f1f0b2d308717bc8dae03c0a4793ec88,1,selective,38.0,14.0,device_sparse_v1,73.0,102.0
max3sat,inst_fe233b0fa65362c539986f27b2b50fec37a4040aa0be75b4b087e35a6e16696e,1,all_native,186.0,66.0,device_sparse_v1,222.0,368.0
cubic_spin_glass,inst_041b2d91ccdc07271608f44a7f021336dab5e35d5c3753501859d4ba17b039f0,5,matched_random_selective,244.0,92.2,heavy_hex_d3_19,253.6,397.2
cubic_spin_glass,inst_041b2d91ccdc07271608f44a7f021336dab5e35d5c3753501859d4ba17b039f0,1,selective,202.0,77.0,heavy_hex_d3_19,207.0,336.0
cubic_spin_glass,inst_05aaf3936982b612481791b8cbe696e666dbac6b7c6371ca8f9309f2a7262b26,5,matched_random_selective,33.0,13.0,heavy_hex_d3_19,51.0,65.0
cubic_spin_glass,inst_05aaf3936982b612481791b8cbe696e666dbac6b7c6371ca8f9309f2a7262b26,1,selective,33.0,13.0,heavy_hex_d3_19,51.0,65.0
cubic_spin_glass,inst_0acf907b55a053afe21f59b938b915b2995d1239482407859acb7f7817e7ba44,5,matched_random_selective,57.0,21.0,heavy_hex_d3_19,71.0,105.0
cubic_spin_glass,inst_0acf907b55a053afe21f59b938b915b2995d1239482407859acb7f7817e7ba44,1,selective,57.0,21.0,heavy_hex_d3_19,71.0,105.0
cubic_spin_glass,inst_13030ed96c3ca324374d60f8d25452134295fce62c10aca2ac1f801aa32741cc,5,matched_random_selective,259.2,95.2,heavy_hex_d3_19,268.8,419.6
cubic_spin_glass,inst_13030ed96c3ca324374d60f8d25452134295fce62c10aca2ac1f801aa32741cc,1,selective,199.0,73.0,heavy_hex_d3_19,189.0,335.0
cubic_spin_glass,inst_197b36f95eb8e50c23f40079363564c5b46bf91fe6289146a90e6138187c5952,5,matched_random_selective,117.0,47.0,heavy_hex_d3_19,132.0,213.0
cubic_spin_glass,inst_197b36f95eb8e50c23f40079363564c5b46bf91fe6289146a90e6138187c5952,1,selective,117.0,47.0,heavy_hex_d3_19,132.0,213.0
cubic_spin_glass,inst_1e8d2ca8dea323e76f3e0aedd094066ab28417574610dbcc8dead14c8acc86d1,5,matched_random_selective,52.0,18.0,heavy_hex_d3_19,55.0,100.0
cubic_spin_glass,inst_1e8d2ca8dea323e76f3e0aedd094066ab28417574610dbcc8dead14c8acc86d1,1,selective,52.0,18.0,heavy_hex_d3_19,55.0,100.0
cubic_spin_glass,inst_1f1fc2972a067dd5ad79a2770384dc5867b18b0cf6ed6f50bf88e0b0af724532,5,matched_random_selective,272.2,98.0,heavy_hex_d3_19,237.0,435.4
cubic_spin_glass,inst_1f1fc2972a067dd5ad79a2770384dc5867b18b0cf6ed6f50bf88e0b0af724532,1,selective,227.0,83.0,heavy_hex_d3_19,191.0,375.0
cubic_spin_glass,inst_23322d07d78ec2442f79a933696c3d2708be62e01712e6cae79bb131a75b314c,5,matched_random_selective,209.0,85.2,heavy_hex_d3_19,214.0,352.2
cubic_spin_glass,inst_23322d07d78ec2442f79a933696c3d2708be62e01712e6cae79bb131a75b314c,1,selective,238.0,91.0,heavy_hex_d3_19,195.0,392.0
cubic_spin_glass,inst_2578bb3c4c83da80aec8fb5980e49dedc3450aae4bbc14c0eabca47881b8a912,5,matched_random_selective,222.4,84.2,heavy_hex_d3_19,217.2,372.8
cubic_spin_glass,inst_2578bb3c4c83da80aec8fb5980e49dedc3450aae4bbc14c0eabca47881b8a912,1,selective,219.0,79.0,heavy_hex_d3_19,162.0,355.0
cubic_spin_glass,inst_28501defa541901199d0158698324fd95f401371b2edf79721692768a6c991e2,5,matched_random_selective,431.2,156.8,heavy_hex_d3_19,364.0,665.6
cubic_spin_glass,inst_28501defa541901199d0158698324fd95f401371b2edf79721692768a6c991e2,1,selective,378.0,136.0,heavy_hex_d3_19,256.0,590.0
cubic_spin_glass,inst_2b120f46ab783ce0aa9b4822502780d50c164c50f8bccaebc930a325a4ae0290,5,matched_random_selective,224.6,86.2,heavy_hex_d3_19,250.0,376.2
cubic_spin_glass,inst_2b120f46ab783ce0aa9b4822502780d50c164c50f8bccaebc930a325a4ae0290,1,selective,193.0,73.0,heavy_hex_d3_19,205.0,329.0
cubic_spin_glass,inst_33ce7979cf1de88d35d3c355c345fd7635ea96da4c2a6583f60e1e979f21938a,5,matched_random_selective,266.0,97.2,heavy_hex_d3_19,236.6,432.8
cubic_spin_glass,inst_33ce7979cf1de88d35d3c355c345fd7635ea96da4c2a6583f60e1e979f21938a,1,selective,197.0,73.0,heavy_hex_d3_19,205.0,345.0
cubic_spin_glass,inst_341aaea9cc6b648e49be42c5a9a85c286aa8e35d42e20fd993b487fdda2e28cb,5,matched_random_selective,19.0,9.0,heavy_hex_d3_19,37.0,51.0
cubic_spin_glass,inst_341aaea9cc6b648e49be42c5a9a85c286aa8e35d42e20fd993b487fdda2e28cb,1,selective,19.0,9.0,heavy_hex_d3_19,37.0,51.0
cubic_spin_glass,inst_457a1b897247007214daca60d4caf6ae6d0341f6d1e25c03ef72a4651794688d,5,matched_random_selective,80.0,31.0,heavy_hex_d3_19,112.0,144.0
cubic_spin_glass,inst_457a1b897247007214daca60d4caf6ae6d0341f6d1e25c03ef72a4651794688d,1,selective,80.0,31.0,heavy_hex_d3_19,112.0,144.0
cubic_spin_glass,inst_475335f157ee1891b40b8f710155777516f4d877098145d0ddce1fce297c55df,5,matched_random_selective,237.4,88.8,heavy_hex_d3_19,244.0,393.8
cubic_spin_glass,inst_475335f157ee1891b40b8f710155777516f4d877098145d0ddce1fce297c55df,1,selective,204.0,74.0,heavy_hex_d3_19,210.0,344.0
cubic_spin_glass,inst_532ca52e0bd47ef393cd0da8c1c69dadce16850b3ef6b9be0dad7c95b2678c55,5,matched_random_selective,159.0,63.0,heavy_hex_d3_19,161.8,277.4
cubic_spin_glass,inst_532ca52e0bd47ef393cd0da8c1c69dadce16850b3ef6b9be0dad7c95b2678c55,1,selective,133.0,53.0,heavy_hex_d3_19,141.0,241.0
cubic_spin_glass,inst_53dec71c3e2fae0bd3971cba514a32e1708dd7cd2ca9764224bca5022a248a7e,5,matched_random_selective,13.0,7.0,heavy_hex_d3_19,42.0,45.0
cubic_spin_glass,inst_53dec71c3e2fae0bd3971cba514a32e1708dd7cd2ca9764224bca5022a248a7e,1,selective,13.0,7.0,heavy_hex_d3_19,42.0,45.0
cubic_spin_glass,inst_55970a6e9882c541702aea4a808a177a8682c2746c2513cea2cf4365dad37c3c,5,matched_random_selective,86.0,32.0,heavy_hex_d3_19,119.0,150.0
cubic_spin_glass,inst_55970a6e9882c541702aea4a808a177a8682c2746c2513cea2cf4365dad37c3c,1,selective,86.0,32.0,heavy_hex_d3_19,119.0,150.0
cubic_spin_glass,inst_58ad673a89921951e0c8e74f76be469f6804253269d061917d2f9cddbfde19f0,5,matched_random_selective,256.6,94.4,heavy_hex_d3_19,250.4,417.8
cubic_spin_glass,inst_58ad673a89921951e0c8e74f76be469f6804253269d061917d2f9cddbfde19f0,1,selective,216.0,78.0,heavy_hex_d3_19,208.0,364.0
cubic_spin_glass,inst_59d47f0711e495d090f7fe436c47b3444643657d19e1e4fc567b971685dcb3e2,5,matched_random_selective,23.0,11.0,heavy_hex_d3_19,45.0,55.0
cubic_spin_glass,inst_59d47f0711e495d090f7fe436c47b3444643657d19e1e4fc567b971685dcb3e2,1,selective,23.0,11.0,heavy_hex_d3_19,45.0,55.0
cubic_spin_glass,inst_5e7c8d0ae78fb3fcd9e50f45870af4ef1698195119adfcdb8c7bf1699215879b,5,matched_random_selective,28.0,10.0,heavy_hex_d3_19,56.0,60.0
cubic_spin_glass,inst_5e7c8d0ae78fb3fcd9e50f45870af4ef1698195119adfcdb8c7bf1699215879b,1,selective,28.0,10.0,heavy_hex_d3_19,56.0,60.0
cubic_spin_glass,inst_5f65d193d7b5370c9379fde1b52bfef9bc19e4da666d19b2e186471b1e77bf32,5,matched_random_selective,79.0,31.0,heavy_hex_d3_19,95.0,143.0
cubic_spin_glass,inst_5f65d193d7b5370c9379fde1b52bfef9bc19e4da666d19b2e186471b1e77bf32,1,selective,79.0,31.0,heavy_hex_d3_19,95.0,143.0
cubic_spin_glass,inst_623ed3fa24dead6f0f9dd1096cce82dc9a048bf774730e23b964d7d43607fd83,5,matched_random_selective,21.0,9.0,heavy_hex_d3_19,47.0,53.0
cubic_spin_glass,inst_623ed3fa24dead6f0f9dd1096cce82dc9a048bf774730e23b964d7d43607fd83,1,selective,21.0,9.0,heavy_hex_d3_19,47.0,53.0
cubic_spin_glass,inst_629843195526c2b817edb433d2bf81dc1c9d7d1b6b358890ba16bbbcd422ab15,5,matched_random_selective,57.0,23.0,heavy_hex_d3_19,70.0,105.0
cubic_spin_glass,inst_629843195526c2b817edb433d2bf81dc1c9d7d1b6b358890ba16bbbcd422ab15,1,selective,57.0,23.0,heavy_hex_d3_19,70.0,105.0
cubic_spin_glass,inst_64ff32844bde505ea188f6df7a2e54fe41e88061d38144bbd304285bc823e766,5,matched_random_selective,62.0,23.0,heavy_hex_d3_19,62.0,110.0
cubic_spin_glass,inst_64ff32844bde505ea188f6df7a2e54fe41e88061d38144bbd304285bc823e766,1,selective,62.0,23.0,heavy_hex_d3_19,62.0,110.0
cubic_spin_glass,inst_6969ca061e6a5a0b4350ccfb99da5386eb70d23ece3e7ffa0101e3a9c6305d74,5,matched_random_selective,76.0,30.0,heavy_hex_d3_19,102.0,140.0
cubic_spin_glass,inst_6969ca061e6a5a0b4350ccfb99da5386eb70d23ece3e7ffa0101e3a9c6305d74,1,selective,76.0,30.0,heavy_hex_d3_19,102.0,140.0
cubic_spin_glass,inst_6a06eec6c612c29ba46b89da361fc8b89d4e4e985e548b9c5d20da503d9b6f95,5,matched_random_selective,509.6,182.6,heavy_hex_d3_19,392.2,756.0
cubic_spin_glass,inst_6a06eec6c612c29ba46b89da361fc8b89d4e4e985e548b9c5d20da503d9b6f95,1,selective,444.0,160.0,heavy_hex_d3_19,320.0,670.0
cubic_spin_glass,inst_6ad9548a92747aff9a6795f1c5b99d2304f005ac72fb8084bdc0b85e2e6b4c72,5,matched_random_selective,234.8,88.6,heavy_hex_d3_19,239.0,392.0
cubic_spin_glass,inst_6ad9548a92747aff9a6795f1c5b99d2304f005ac72fb8084bdc0b85e2e6b4c72,1,selective,214.0,78.0,heavy_hex_d3_19,204.0,352.0
cubic_spin_glass,inst_6b39d1a73c909fe62fea28132fe796da14083eef65020e77cf56f6f6be6b578d,5,matched_random_selective,26.0,10.0,heavy_hex_d3_19,44.0,58.0
cubic_spin_glass,inst_6b39d1a73c909fe62fea28132fe796da14083eef65020e77cf56f6f6be6b578d,1,selective,26.0,10.0,heavy_hex_d3_19,44.0,58.0
cubic_spin_glass,inst_6c945daac216f453a50715a1baa7e8a40f19ae2e62bd0a5f5ec4ecd7e3881303,5,matched_random_selective,104.0,38.0,heavy_hex_d3_19,80.0,168.0
cubic_spin_glass,inst_6c945daac216f453a50715a1baa7e8a40f19ae2e62bd0a5f5ec4ecd7e3881303,1,selective,104.0,38.0,heavy_hex_d3_19,80.0,168.0
cubic_spin_glass,inst_6de219ee046e11cc6b3925b66cc25f0b4641e502623cd3aa766407f918c53235,5,matched_random_selective,35.0,13.0,heavy_hex_d3_19,54.0,67.0
cubic_spin_glass,inst_6de219ee046e11cc6b3925b66cc25f0b4641e502623cd3aa766407f918c53235,1,selective,35.0,13.0,heavy_hex_d3_19,54.0,67.0
cubic_spin_glass,inst_6e8e29b178b0429786c8a2bff968eb63511358e6ddec0fe591285ea24a8d1c6d,5,matched_random_selective,39.0,17.0,heavy_hex_d3_19,49.0,87.0
cubic_spin_glass,inst_6e8e29b178b0429786c8a2bff968eb63511358e6ddec0fe591285ea24a8d1c6d,1,selective,39.0,17.0,heavy_hex_d3_19,49.0,87.0
cubic_spin_glass,inst_6ea539895de41953dcf8585c9c5a14620e89386260235c3b1468a17d57ab2b23,5,matched_random_selective,69.0,27.0,heavy_hex_d3_19,107.0,133.0
cubic_spin_glass,inst_6ea539895de41953dcf8585c9c5a14620e89386260235c3b1468a17d57ab2b23,1,selective,69.0,27.0,heavy_hex_d3_19,107.0,133.0
cubic_spin_glass,inst_70cd92fd1145b443443914cb7d2dd37eebe868cb4f6e2e0cd99cc6f5fceb49f1,5,matched_random_selective,79.0,31.0,heavy_hex_d3_19,117.0,143.0
cubic_spin_glass,inst_70cd92fd1145b443443914cb7d2dd37eebe868cb4f6e2e0cd99cc6f5fceb49f1,1,selective,79.0,31.0,heavy_hex_d3_19,117.0,143.0
cubic_spin_glass,inst_7716434047cb9a3a78813351309803842d97d8ee66b37f8923c41d7969c1c58a,5,matched_random_selective,260.8,96.0,heavy_hex_d3_19,263.0,418.4
cubic_spin_glass,inst_7716434047cb9a3a78813351309803842d97d8ee66b37f8923c41d7969c1c58a,1,selective,207.0,78.0,heavy_hex_d3_19,206.0,347.0
cubic_spin_glass,inst_7c46ab9828c14c80ecbb7d6d499d693814b74054db5e4e07d7a39ee4b775bb50,5,matched_random_selective,174.4,67.8,heavy_hex_d3_19,198.6,286.8
cubic_spin_glass,inst_7c46ab9828c14c80ecbb7d6d499d693814b74054db5e4e07d7a39ee4b775bb50,1,selective,168.0,61.0,heavy_hex_d3_19,147.0,284.0
cubic_spin_glass,inst_7f7a436339b87b34cb27d5c721ed3c7eefb780ae1f65c12c15de9645b48ed437,5,matched_random_selective,234.0,86.0,heavy_hex_d3_19,203.0,362.0
cubic_spin_glass,inst_7f7a436339b87b34cb27d5c721ed3c7eefb780ae1f65c12c15de9645b48ed437,1,selective,234.0,86.0,heavy_hex_d3_19,203.0,362.0
cubic_spin_glass,inst_7f90e24a78f8a26d1a801c170cc595d5d7669882dcba292c4b15aa6b53b3dacf,5,matched_random_selective,34.0,12.0,heavy_hex_d3_19,54.0,66.0
cubic_spin_glass,inst_7f90e24a78f8a26d1a801c170cc595d5d7669882dcba292c4b15aa6b53b3dacf,1,selective,34.0,12.0,heavy_hex_d3_19,54.0,66.0
cubic_spin_glass,inst_8c4d9776efa0c93c2c9988f4c062d82692051281f1990acd2fc48a9536215c36,5,matched_random_selective,204.0,82.6,heavy_hex_d3_19,232.2,347.6
cubic_spin_glass,inst_8c4d9776efa0c93c2c9988f4c062d82692051281f1990acd2fc48a9536215c36,1,selective,175.0,72.0,heavy_hex_d3_19,156.0,321.0
cubic_spin_glass,inst_90ea5a2894cc294c32ec161d76b831ad4079fdcbaaad0e421851b5fa6f8561ba,5,matched_random_selective,386.0,142.6,heavy_hex_d3_19,364.6,612.4
cubic_spin_glass,inst_90ea5a2894cc294c32ec161d76b831ad4079fdcbaaad0e421851b5fa6f8561ba,1,selective,366.0,136.0,heavy_hex_d3_19,273.0,584.0
cubic_spin_glass,inst_92eb60bbccda5c5e3e2562b302edd076ac50a62aeb4d3709272c6303eeb1a61b,5,matched_random_selective,339.0,128.0,heavy_hex_d3_19,350.0,531.0
cubic_spin_glass,inst_92eb60bbccda5c5e3e2562b302edd076ac50a62aeb4d3709272c6303eeb1a61b,1,selective,339.0,128.0,heavy_hex_d3_19,350.0,531.0
cubic_spin_glass,inst_9ba2a7792551103e6e69b98c0de1119c32118930928fc10d75a1e7d657dd1bcf,5,matched_random_selective,75.0,31.0,heavy_hex_d3_19,99.0,139.0
cubic_spin_glass,inst_9ba2a7792551103e6e69b98c0de1119c32118930928fc10d75a1e7d657dd1bcf,1,selective,75.0,31.0,heavy_hex_d3_19,99.0,139.0
cubic_spin_glass,inst_a281a70cf3027da7a09f4adaf7e6e96f50074205fe7b5bd1aab52f03a994e7f0,5,matched_random_selective,58.0,24.0,heavy_hex_d3_19,91.0,122.0
cubic_spin_glass,inst_a281a70cf3027da7a09f4adaf7e6e96f50074205fe7b5bd1aab52f03a994e7f0,1,selective,58.0,24.0,heavy_hex_d3_19,91.0,122.0
cubic_spin_glass,inst_a4679bc36e70ceabe07c23d07c304c011669cd7cd6dd39977860e971d22b5bae,5,matched_random_selective,82.0,34.0,heavy_hex_d3_19,128.0,146.0
cubic_spin_glass,inst_a4679bc36e70ceabe07c23d07c304c011669cd7cd6dd39977860e971d22b5bae,1,selective,82.0,34.0,heavy_hex_d3_19,128.0,146.0
cubic_spin_glass,inst_af9b682406075901b4f377cea9bb6dda351c54f44f95fadd7be931c5565e5ee7,5,matched_random_selective,58.0,26.0,heavy_hex_d3_19,70.0,122.0
cubic_spin_glass,inst_af9b682406075901b4f377cea9bb6dda351c54f44f95fadd7be931c5565e5ee7,1,selective,58.0,26.0,heavy_hex_d3_19,70.0,122.0
cubic_spin_glass,inst_b6bffeaedeb53019eec1c8bec5d768c3b2d9013ec18b83f60ee9a2ef0ca455da,5,matched_random_selective,44.0,20.0,heavy_hex_d3_19,69.0,108.0
cubic_spin_glass,inst_b6bffeaedeb53019eec1c8bec5d768c3b2d9013ec18b83f60ee9a2ef0ca455da,1,selective,44.0,20.0,heavy_hex_d3_19,69.0,108.0
cubic_spin_glass,inst_b732278acd92c203b9a27e0bcc5d32b417c737bd33781646533636e270b41e97,5,matched_random_selective,104.0,38.0,heavy_hex_d3_19,85.0,168.0
cubic_spin_glass,inst_b732278acd92c203b9a27e0bcc5d32b417c737bd33781646533636e270b41e97,1,selective,104.0,38.0,heavy_hex_d3_19,85.0,168.0
cubic_spin_glass,inst_bb9ea8526f4f8c3163389b1dd29737c6dc55d4b10908c16cd989bbf99598ae9b,5,matched_random_selective,414.6,156.0,heavy_hex_d3_19,358.6,644.2
cubic_spin_glass,inst_bb9ea8526f4f8c3163389b1dd29737c6dc55d4b10908c16cd989bbf99598ae9b,1,selective,392.0,144.0,heavy_hex_d3_19,277.0,608.0
cubic_spin_glass,inst_bd91654b426322e8e5eeb5aeae69692f9e01419f8ff43e2242b156e1ee054dd2,5,matched_random_selective,256.4,94.6,heavy_hex_d3_19,237.0,417.6
cubic_spin_glass,inst_bd91654b426322e8e5eeb5aeae69692f9e01419f8ff43e2242b156e1ee054dd2,1,selective,202.0,73.0,heavy_hex_d3_19,152.0,336.0
cubic_spin_glass,inst_c2e05f7c3075c3aad73660a0712a836e2e081e148a56e82b9e52e010e4099cc2,5,matched_random_selective,260.0,94.4,heavy_hex_d3_19,248.8,421.2
cubic_spin_glass,inst_c2e05f7c3075c3aad73660a0712a836e2e081e148a56e82b9e52e010e4099cc2,1,selective,222.0,81.0,heavy_hex_d3_19,209.0,366.0
cubic_spin_glass,inst_cd62fc2eb91018e6a9da61c7b64c837ad5b988a267bd06e44091a7bb226c6327,5,matched_random_selective,27.0,15.0,heavy_hex_d3_19,53.0,75.0
cubic_spin_glass,inst_cd62fc2eb91018e6a9da61c7b64c837ad5b988a267bd06e44091a7bb226c6327,1,selective,27.0,15.0,heavy_hex_d3_19,53.0,75.0
cubic_spin_glass,inst_d00ca93e6523bcec641670bd2f915a9e935326dd3a40ad48fc79f3a9c5c91ded,5,matched_random_selective,195.8,71.4,heavy_hex_d3_19,188.4,308.2
cubic_spin_glass,inst_d00ca93e6523bcec641670bd2f915a9e935326dd3a40ad48fc79f3a9c5c91ded,1,selective,185.0,69.0,heavy_hex_d3_19,151.0,301.0
cubic_spin_glass,inst_d39931f25d0a580985f2d689473d0b69f872405923e4b602501f05ec114e6507,5,matched_random_selective,158.0,62.0,heavy_hex_d3_19,146.0,254.0
cubic_spin_glass,inst_d39931f25d0a580985f2d689473d0b69f872405923e4b602501f05ec114e6507,1,selective,158.0,62.0,heavy_hex_d3_19,146.0,254.0
cubic_spin_glass,inst_d3c6a9aaeb39e276f75da8011cade132a868ef0f7cc911933833f479a8fae9b6,5,matched_random_selective,103.0,37.0,heavy_hex_d3_19,98.0,167.0
cubic_spin_glass,inst_d3c6a9aaeb39e276f75da8011cade132a868ef0f7cc911933833f479a8fae9b6,1,selective,103.0,37.0,heavy_hex_d3_19,98.0,167.0
cubic_spin_glass,inst_d91125199706c8108c27d3f20dd2ffc9a38c519cb4e58c97770db6ccd427a96c,5,matched_random_selective,262.6,96.4,heavy_hex_d3_19,249.8,421.8
cubic_spin_glass,inst_d91125199706c8108c27d3f20dd2ffc9a38c519cb4e58c97770db6ccd427a96c,1,selective,211.0,79.0,heavy_hex_d3_19,205.0,359.0
cubic_spin_glass,inst_da3101c770b48b4f0db791033edb8e7a538edbef1506d2019f202beb0c200cca,5,matched_random_selective,237.6,88.0,heavy_hex_d3_19,244.4,388.8
cubic_spin_glass,inst_da3101c770b48b4f0db791033edb8e7a538edbef1506d2019f202beb0c200cca,1,selective,199.0,79.0,heavy_hex_d3_19,200.0,347.0
cubic_spin_glass,inst_da6cc0814f1cda7d2b8acf79563c59341898d86355f6e7d54acdb51463c602cf,5,matched_random_selective,244.0,90.4,heavy_hex_d3_19,261.6,396.0
cubic_spin_glass,inst_da6cc0814f1cda7d2b8acf79563c59341898d86355f6e7d54acdb51463c602cf,1,selective,189.0,70.0,heavy_hex_d3_19,192.0,321.0
cubic_spin_glass,inst_e6863527db589505432cd6b1d26c66dd8cc456c8b9660f4d19bbc5c14d7738e4,5,matched_random_selective,19.0,9.0,heavy_hex_d3_19,33.0,51.0
cubic_spin_glass,inst_e6863527db589505432cd6b1d26c66dd8cc456c8b9660f4d19bbc5c14d7738e4,1,selective,19.0,9.0,heavy_hex_d3_19,33.0,51.0
cubic_spin_glass,inst_ea1372732b45bea8ab2adc28dfcd62f4d328d838401c7ec158552a1e109c1c0d,5,matched_random_selective,32.0,12.0,heavy_hex_d3_19,42.0,64.0
cubic_spin_glass,inst_ea1372732b45bea8ab2adc28dfcd62f4d328d838401c7ec158552a1e109c1c0d,1,selective,32.0,12.0,heavy_hex_d3_19,42.0,64.0
cubic_spin_glass,inst_ece5bba3739bc03a15ddcd6bbe4055bbd33c8ec145b5e5027ddc9b2d78213107,5,matched_random_selective,80.2,33.4,heavy_hex_d3_19,113.6,160.2
cubic_spin_glass,inst_ece5bba3739bc03a15ddcd6bbe4055bbd33c8ec145b5e5027ddc9b2d78213107,1,selective,101.0,41.0,heavy_hex_d3_19,92.0,183.0
cubic_spin_glass,inst_ee30c9f5c123b7e1b93abed350ca64e7dc66b77042c74c2583df52d2313c7c61,5,matched_random_selective,102.0,39.0,heavy_hex_d3_19,126.0,166.0
cubic_spin_glass,inst_ee30c9f5c123b7e1b93abed350ca64e7dc66b77042c74c2583df52d2313c7c61,1,selective,102.0,39.0,heavy_hex_d3_19,126.0,166.0
cubic_spin_glass,inst_eea12da1e1e88a4c6e8507aad613af99cbc02e7026129f640f22f3660eb2ebc6,5,matched_random_selective,192.0,71.0,heavy_hex_d3_19,179.2,304.4
cubic_spin_glass,inst_eea12da1e1e88a4c6e8507aad613af99cbc02e7026129f640f22f3660eb2ebc6,1,selective,171.0,65.0,heavy_hex_d3_19,151.0,281.0
cubic_spin_glass,inst_f37842a047e83492990313eec01ec5d49bc57873228193dd2f82f533032af864,5,matched_random_selective,259.0,95.0,heavy_hex_d3_19,215.0,387.0
cubic_spin_glass,inst_f37842a047e83492990313eec01ec5d49bc57873228193dd2f82f533032af864,1,selective,259.0,95.0,heavy_hex_d3_19,215.0,387.0
cubic_spin_glass,inst_f9f59e0f30c74cb657e83170cba09f9012a39197b2b021dae1850ae012f1678f,5,matched_random_selective,266.0,97.0,heavy_hex_d3_19,192.0,394.0
cubic_spin_glass,inst_f9f59e0f30c74cb657e83170cba09f9012a39197b2b021dae1850ae012f1678f,1,selective,266.0,97.0,heavy_hex_d3_19,192.0,394.0
cubic_spin_glass,inst_fb8a9da4adf31a021767c9fabc43d7ddf89cfad0c621ca87f56cfb9907a6f495,5,matched_random_selective,84.0,32.0,heavy_hex_d3_19,119.0,148.0
cubic_spin_glass,inst_fb8a9da4adf31a021767c9fabc43d7ddf89cfad0c621ca87f56cfb9907a6f495,1,selective,84.0,32.0,heavy_hex_d3_19,119.0,148.0
max3sat,inst_04a1b89230c5a6026d670ebcad2bd30c736104ed6ac28632205ec9169547e9f9,5,matched_random_selective,82.4,29.6,heavy_hex_d3_19,94.2,150.0
max3sat,inst_04a1b89230c5a6026d670ebcad2bd30c736104ed6ac28632205ec9169547e9f9,1,selective,69.0,25.0,heavy_hex_d3_19,76.0,125.0
max3sat,inst_0cb8147f35cb319c98db07725be6b560d9ac23b0be515d6aabe4baafcfed6cea,5,matched_random_selective,129.8,47.0,heavy_hex_d3_19,127.2,220.6
max3sat,inst_0cb8147f35cb319c98db07725be6b560d9ac23b0be515d6aabe4baafcfed6cea,1,selective,114.0,41.0,heavy_hex_d3_19,108.0,194.0
max3sat,inst_1b8063bafe8fb16b92612498609bbac8bbb284b59e73fc2d63cadf82b323441f,5,matched_random_selective,64.4,24.4,heavy_hex_d3_19,75.4,128.0
max3sat,inst_1b8063bafe8fb16b92612498609bbac8bbb284b59e73fc2d63cadf82b323441f,1,selective,69.0,25.0,heavy_hex_d3_19,74.0,129.0
max3sat,inst_1f433b01487e58f130026b4b39df5b281f3248354e8bd1e1058204938b94c351,5,matched_random_selective,330.8,119.8,heavy_hex_d3_19,263.4,514.0
max3sat,inst_1f433b01487e58f130026b4b39df5b281f3248354e8bd1e1058204938b94c351,1,selective,253.0,89.0,heavy_hex_d3_19,166.0,393.0
max3sat,inst_1fd1e3af188a3ea1adf4c52be504c18998f9987176e8145c96535d8607f79e50,5,matched_random_selective,284.0,102.6,heavy_hex_d3_19,213.8,444.0
max3sat,inst_1fd1e3af188a3ea1adf4c52be504c18998f9987176e8145c96535d8607f79e50,1,selective,257.0,91.0,heavy_hex_d3_19,173.0,401.0
max3sat,inst_2435c007116b03470f62d34cb88efdb456703104ba682192d46d894aa479d642,5,matched_random_selective,215.4,81.4,heavy_hex_d3_19,209.2,356.6
max3sat,inst_2435c007116b03470f62d34cb88efdb456703104ba682192d46d894aa479d642,1,selective,166.0,59.0,heavy_hex_d3_19,140.0,268.0
max3sat,inst_2cb581ef9182b4e94ad87468822d97c34bab3f5844f008f31be762da257eef0a,5,matched_random_selective,79.6,29.2,heavy_hex_d3_19,101.0,146.4
max3sat,inst_2cb581ef9182b4e94ad87468822d97c34bab3f5844f008f31be762da257eef0a,1,selective,65.0,24.0,heavy_hex_d3_19,74.0,125.0
max3sat,inst_2f15d2f234c8f1df4c005ad0920e30245530206ef3ff58661a368393a9143cfb,5,matched_random_selective,248.4,89.8,heavy_hex_d3_19,225.4,388.8
max3sat,inst_2f15d2f234c8f1df4c005ad0920e30245530206ef3ff58661a368393a9143cfb,1,selective,157.0,57.0,heavy_hex_d3_19,142.0,259.0
max3sat,inst_351b2f1044631455ab325f3efabb01e0e041402aa854cb63ffe41759af6edb31,5,matched_random_selective,108.0,39.4,heavy_hex_d3_19,127.4,189.6
max3sat,inst_351b2f1044631455ab325f3efabb01e0e041402aa854cb63ffe41759af6edb31,1,selective,65.0,25.0,heavy_hex_d3_19,86.0,129.0
max3sat,inst_389e9c8eec6e70d1760446aec874ba73c33d282a4aafd97bdf661c4173973bd4,5,matched_random_selective,223.6,80.4,heavy_hex_d3_19,206.0,369.6
max3sat,inst_389e9c8eec6e70d1760446aec874ba73c33d282a4aafd97bdf661c4173973bd4,1,selective,169.0,63.0,heavy_hex_d3_19,132.0,283.0
max3sat,inst_4292cef2fb4c9eb999019c1773bb594d1728cdf303bdeb10a83a3e7bef71dbf2,5,matched_random_selective,259.2,94.6,heavy_hex_d3_19,229.2,417.2
max3sat,inst_4292cef2fb4c9eb999019c1773bb594d1728cdf303bdeb10a83a3e7bef71dbf2,1,selective,279.0,96.0,heavy_hex_d3_19,222.0,429.0
max3sat,inst_44d41ee19adf16187d2472123669bbf847d64335b452c13d07c64d022afdbd6a,5,matched_random_selective,106.2,38.4,heavy_hex_d3_19,120.4,189.0
max3sat,inst_44d41ee19adf16187d2472123669bbf847d64335b452c13d07c64d022afdbd6a,1,selective,64.0,24.0,heavy_hex_d3_19,72.0,130.0
max3sat,inst_44fe959f979ed41d00ed5d00c8ad559cb9fcc3a1f54352020e9bee9224ecc496,5,matched_random_selective,225.2,80.6,heavy_hex_d3_19,189.0,348.8
max3sat,inst_44fe959f979ed41d00ed5d00c8ad559cb9fcc3a1f54352020e9bee9224ecc496,1,selective,137.0,48.0,heavy_hex_d3_19,108.0,219.0
max3sat,inst_4a5cdf12000be45c6e4eed5c6e54361319ac9cc9ed9744d18b2b715e8842bdac,5,matched_random_selective,96.6,35.8,heavy_hex_d3_19,114.6,175.0
max3sat,inst_4a5cdf12000be45c6e4eed5c6e54361319ac9cc9ed9744d18b2b715e8842bdac,1,selective,84.0,30.0,heavy_hex_d3_19,96.0,150.0
max3sat,inst_4e00bf13ed9a31011cbd47075adf6f3eab16dfa39555e92093a024fe8a1e926c,5,matched_random_selective,352.8,128.8,heavy_hex_d3_19,305.4,530.4
max3sat,inst_4e00bf13ed9a31011cbd47075adf6f3eab16dfa39555e92093a024fe8a1e926c,1,selective,236.0,89.0,heavy_hex_d3_19,175.0,380.0
max3sat,inst_4e8508f5359b84174b076d2999c2a153f2bb1b3a2567a06b1ebfe41d5c34d5c4,5,matched_random_selective,347.4,124.6,heavy_hex_d3_19,282.2,520.2
max3sat,inst_4e8508f5359b84174b076d2999c2a153f2bb1b3a2567a06b1ebfe41d5c34d5c4,1,selective,212.0,75.0,heavy_hex_d3_19,131.0,322.0
max3sat,inst_4fd1ba0267f29040b461532cd91b707bc0c1ae9e3f7403a5242d350656e5f63e,5,matched_random_selective,223.0,81.2,heavy_hex_d3_19,204.8,363.4
max3sat,inst_4fd1ba0267f29040b461532cd91b707bc0c1ae9e3f7403a5242d350656e5f63e,1,selective,203.0,74.0,heavy_hex_d3_19,180.0,329.0
max3sat,inst_514ba25a028dc5cc4b3e64e92354a8517183f6f7354585b35ad695552a02d87b,5,matched_random_selective,347.2,124.6,heavy_hex_d3_19,294.0,544.0
max3sat,inst_514ba25a028dc5cc4b3e64e92354a8517183f6f7354585b35ad695552a02d87b,1,selective,308.0,107.0,heavy_hex_d3_19,234.0,484.0
max3sat,inst_5671b7942728848d4cb1ba3ce249889b0b8e15bc2c97a8f008abb86493c57490,5,matched_random_selective,171.4,66.2,heavy_hex_d3_19,174.0,290.6
max3sat,inst_5671b7942728848d4cb1ba3ce249889b0b8e15bc2c97a8f008abb86493c57490,1,selective,151.0,55.0,heavy_hex_d3_19,143.0,243.0
max3sat,inst_5683a8170815775476c0c3080ab79c1cfd47561fea54e8872321c0e570d236f8,5,matched_random_selective,51.0,20.2,heavy_hex_d3_19,80.2,109.4
max3sat,inst_5683a8170815775476c0c3080ab79c1cfd47561fea54e8872321c0e570d236f8,1,selective,47.0,17.0,heavy_hex_d3_19,69.0,97.0
max3sat,inst_571f081da361f3f25f937f197426b28f55d2c0673008ff8a95108c7a2d7f493b,5,matched_random_selective,369.0,133.6,heavy_hex_d3_19,301.8,547.0
max3sat,inst_571f081da361f3f25f937f197426b28f55d2c0673008ff8a95108c7a2d7f493b,1,selective,278.0,98.0,heavy_hex_d3_19,178.0,424.0
max3sat,inst_65427f0ab483e773c37c684098f0ae7da76014c3314db691eb56799de98b918d,5,matched_random_selective,188.2,67.0,heavy_hex_d3_19,160.4,301.8
max3sat,inst_65427f0ab483e773c37c684098f0ae7da76014c3314db691eb56799de98b918d,1,selective,152.0,54.0,heavy_hex_d3_19,108.0,252.0
max3sat,inst_67bfa1c14b3388aa4788b1b0b8fb0a628d9e11fad6d7ead7faa4270deca7be29,5,matched_random_selective,101.8,38.4,heavy_hex_d3_19,122.0,189.4
max3sat,inst_67bfa1c14b3388aa4788b1b0b8fb0a628d9e11fad6d7ead7faa4270deca7be29,1,selective,108.0,38.0,heavy_hex_d3_19,109.0,184.0
max3sat,inst_6d08b4cb6adfe9fef1cbd72e0844d093ec9b6bbc548d03e358316eda6e525702,5,matched_random_selective,225.4,78.8,heavy_hex_d3_19,197.6,358.2
max3sat,inst_6d08b4cb6adfe9fef1cbd72e0844d093ec9b6bbc548d03e358316eda6e525702,1,selective,177.0,61.0,heavy_hex_d3_19,136.0,279.0
max3sat,inst_724e0f606e662c6fc85b188f6d894ad9f45246f9367864a6c0b04d899083b597,5,matched_random_selective,363.0,129.6,heavy_hex_d3_19,263.0,558.6
max3sat,inst_724e0f606e662c6fc85b188f6d894ad9f45246f9367864a6c0b04d899083b597,1,selective,327.0,115.0,heavy_hex_d3_19,223.0,503.0
max3sat,inst_79109a0aeb80dc43411828163b5e828f667c41be7b72649f61aa8c0c3d211456,5,matched_random_selective,309.4,114.0,heavy_hex_d3_19,290.8,497.8
max3sat,inst_79109a0aeb80dc43411828163b5e828f667c41be7b72649f61aa8c0c3d211456,1,selective,304.0,108.0,heavy_hex_d3_19,259.0,472.0
max3sat,inst_7c746f95778d619e64c9d1d603b4f4ea5d9114e9ad069b562d10c0f26e807114,5,matched_random_selective,244.6,88.8,heavy_hex_d3_19,194.8,392.2
max3sat,inst_7c746f95778d619e64c9d1d603b4f4ea5d9114e9ad069b562d10c0f26e807114,1,selective,150.0,54.0,heavy_hex_d3_19,104.0,242.0
max3sat,inst_7df90454db3288ecbd0880a8fbcf3d08e406d14be6f78d4c241e304924acb233,5,matched_random_selective,318.0,114.2,heavy_hex_d3_19,277.0,504.0
max3sat,inst_7df90454db3288ecbd0880a8fbcf3d08e406d14be6f78d4c241e304924acb233,1,selective,269.0,99.0,heavy_hex_d3_19,219.0,441.0
max3sat,inst_880a9ce347d5f6df07a021bcc3777e532027fab32c40375218c981d4b93f4575,5,matched_random_selective,162.0,57.2,heavy_hex_d3_19,152.0,267.2
max3sat,inst_880a9ce347d5f6df07a021bcc3777e532027fab32c40375218c981d4b93f4575,1,selective,149.0,53.0,heavy_hex_d3_19,123.0,245.0
max3sat,inst_88c738dc8822be6f692c1ca3216ff6f77f84863f52ae46d3be776ae165da4f38,5,matched_random_selective,340.2,123.2,heavy_hex_d3_19,291.6,518.6
max3sat,inst_88c738dc8822be6f692c1ca3216ff6f77f84863f52ae46d3be776ae165da4f38,1,selective,236.0,86.0,heavy_hex_d3_19,176.0,370.0
max3sat,inst_8ec9bffe895168e3d6057479112fc26184f086ae1cc1fcd5532cb16027fbfa29,5,matched_random_selective,236.4,84.8,heavy_hex_d3_19,212.0,382.0
max3sat,inst_8ec9bffe895168e3d6057479112fc26184f086ae1cc1fcd5532cb16027fbfa29,1,selective,210.0,74.0,heavy_hex_d3_19,177.0,342.0
max3sat,inst_9450ef3d9ff004e2fb5b0139c1d3d736da4d25de602cb1d4c57e69a5aa03741b,5,matched_random_selective,100.8,36.4,heavy_hex_d3_19,121.6,178.8
max3sat,inst_9450ef3d9ff004e2fb5b0139c1d3d736da4d25de602cb1d4c57e69a5aa03741b,1,selective,85.0,31.0,heavy_hex_d3_19,93.0,153.0
max3sat,inst_988a4cdc6171530ec091f734c342662ae559dec88cdad95e95eee1c75eb9022a,5,matched_random_selective,278.2,97.8,heavy_hex_d3_19,226.6,437.4
max3sat,inst_988a4cdc6171530ec091f734c342662ae559dec88cdad95e95eee1c75eb9022a,1,selective,159.0,57.0,heavy_hex_d3_19,113.0,267.0
max3sat,inst_a407acb5f955147a44dfba4f02be7931dbe34e43e005579bdb9007aad4d94062,5,matched_random_selective,278.8,102.2,heavy_hex_d3_19,267.0,450.8
max3sat,inst_a407acb5f955147a44dfba4f02be7931dbe34e43e005579bdb9007aad4d94062,1,selective,223.0,83.0,heavy_hex_d3_19,190.0,371.0
max3sat,inst_a46160035a30aefe3892d2b049a43bad55098d26bc175c664ebbfea2da0bcad6,5,matched_random_selective,171.6,61.6,heavy_hex_d3_19,163.6,283.2
max3sat,inst_a46160035a30aefe3892d2b049a43bad55098d26bc175c664ebbfea2da0bcad6,1,selective,155.0,55.0,heavy_hex_d3_19,125.0,257.0
max3sat,inst_a77c9a2a22c7fb46c8daf505f15f1eb531030ee724e832dfad977be3359a0493,5,matched_random_selective,367.2,130.2,heavy_hex_d3_19,293.2,558.0
max3sat,inst_a77c9a2a22c7fb46c8daf505f15f1eb531030ee724e832dfad977be3359a0493,1,selective,237.0,83.0,heavy_hex_d3_19,153.0,375.0
max3sat,inst_a7b03ca0a70026a3c0068bb3d0a6dfb3f855921d7f87601023f686c95d18ed53,5,matched_random_selective,312.0,112.0,heavy_hex_d3_19,271.8,490.8
max3sat,inst_a7b03ca0a70026a3c0068bb3d0a6dfb3f855921d7f87601023f686c95d18ed53,1,selective,283.0,100.0,heavy_hex_d3_19,204.0,445.0
max3sat,inst_aaba8c0130b46ce253b0dc858f515be46b77f177d84efe9e95abb5d612190ebf,5,matched_random_selective,242.8,86.2,heavy_hex_d3_19,208.8,383.2
max3sat,inst_aaba8c0130b46ce253b0dc858f515be46b77f177d84efe9e95abb5d612190ebf,1,selective,185.0,65.0,heavy_hex_d3_19,136.0,307.0
max3sat,inst_b14e10b59e6aea194761d2eedde57c8d806845debe65a98c7d82fcd34f43ca0a,5,matched_random_selective,178.0,64.4,heavy_hex_d3_19,153.0,286.4
max3sat,inst_b14e10b59e6aea194761d2eedde57c8d806845debe65a98c7d82fcd34f43ca0a,1,selective,155.0,55.0,heavy_hex_d3_19,115.0,249.0
max3sat,inst_b5a6d609aee43c8b525af00209476dde731caaa09d42f6c0ee326d1b1dc31caa,5,matched_random_selective,227.6,82.4,heavy_hex_d3_19,207.0,366.4
max3sat,inst_b5a6d609aee43c8b525af00209476dde731caaa09d42f6c0ee326d1b1dc31caa,1,selective,196.0,69.0,heavy_hex_d3_19,158.0,318.0
max3sat,inst_bad108426f15da32dab503d42c5642c5b518605ab19b47a4444ceadbfa396063,5,matched_random_selective,246.0,87.0,heavy_hex_d3_19,221.8,389.6
max3sat,inst_bad108426f15da32dab503d42c5642c5b518605ab19b47a4444ceadbfa396063,1,selective,164.0,58.0,heavy_hex_d3_19,134.0,266.0
max3sat,inst_c32cb33b55efb0ee1a708f9936b9c45d95c8b4a9c07a53a564b24913ae6b0e3c,5,matched_random_selective,95.4,36.2,heavy_hex_d3_19,108.4,174.2
max3sat,inst_c32cb33b55efb0ee1a708f9936b9c45d95c8b4a9c07a53a564b24913ae6b0e3c,1,selective,88.0,32.0,heavy_hex_d3_19,89.0,154.0
max3sat,inst_c48354249e2c91ecf73b39e126eec777bf9c93960e96d8924c6b6668619a825d,5,matched_random_selective,314.8,115.6,heavy_hex_d3_19,276.6,508.8
max3sat,inst_c48354249e2c91ecf73b39e126eec777bf9c93960e96d8924c6b6668619a825d,1,selective,281.0,99.0,heavy_hex_d3_19,220.0,453.0
max3sat,inst_ccb599d971d1da8d223cf442b00bd17f867272a51c5c1f8e79983c9f8942e2eb,5,matched_random_selective,98.4,38.0,heavy_hex_d3_19,122.6,182.8
max3sat,inst_ccb599d971d1da8d223cf442b00bd17f867272a51c5c1f8e79983c9f8942e2eb,1,selective,80.0,28.0,heavy_hex_d3_19,89.0,150.0
max3sat,inst_ce1381fba0e0749fbb1c4e403906dd932f3e490f5396e27cb97b99d9196bf5d8,5,matched_random_selective,390.0,142.8,heavy_hex_d3_19,307.0,594.4
max3sat,inst_ce1381fba0e0749fbb1c4e403906dd932f3e490f5396e27cb97b99d9196bf5d8,1,selective,293.0,103.0,heavy_hex_d3_19,200.0,441.0
max3sat,inst_d11e45c41a0ff1ded85963a8b0d3c48fb95e655fe90cb4d8e70151bb71db3e2a,5,matched_random_selective,246.6,89.4,heavy_hex_d3_19,228.0,380.6
max3sat,inst_d11e45c41a0ff1ded85963a8b0d3c48fb95e655fe90cb4d8e70151bb71db3e2a,1,selective,188.0,68.0,heavy_hex_d3_19,160.0,298.0
max3sat,inst_d14cd6885001ea20ec547911c34c72177f32f5b9a45bc6fab58ee35ad20fc8dc,5,matched_random_selective,133.6,48.6,heavy_hex_d3_19,131.4,228.0
max3sat,inst_d14cd6885001ea20ec547911c34c72177f32f5b9a45bc6fab58ee35ad20fc8dc,1,selective,98.0,34.0,heavy_hex_d3_19,79.0,170.0
max3sat,inst_d28d32be2aa609b3d4a6fd9bbfb880e2b75cff8400d2467930452c7f49defb3d,5,matched_random_selective,366.6,131.4,heavy_hex_d3_19,278.8,559.0
max3sat,inst_d28d32be2aa609b3d4a6fd9bbfb880e2b75cff8400d2467930452c7f49defb3d,1,selective,333.0,115.0,heavy_hex_d3_19,209.0,497.0
max3sat,inst_d8d3130ca62f78d970e6558b2f60e1cac4ac8fb32dab01f61ab1ad5e2251a4ca,5,matched_random_selective,150.4,55.8,heavy_hex_d3_19,145.4,253.2
max3sat,inst_d8d3130ca62f78d970e6558b2f60e1cac4ac8fb32dab01f61ab1ad5e2251a4ca,1,selective,97.0,35.0,heavy_hex_d3_19,84.0,173.0
max3sat,inst_e69f844d025a2b0d7429ca4fdb825e3dc3659eac383d56cf62b921b8a85a5599,5,matched_random_selective,165.4,59.0,heavy_hex_d3_19,158.4,272.2
max3sat,inst_e69f844d025a2b0d7429ca4fdb825e3dc3659eac383d56cf62b921b8a85a5599,1,selective,146.0,53.0,heavy_hex_d3_19,133.0,244.0
max3sat,inst_edc6a7be57895210f8297e4c3332ad4cb3f2fe67ab75d9c0a5f1d571795b9415,5,matched_random_selective,251.0,88.8,heavy_hex_d3_19,218.0,397.0
max3sat,inst_edc6a7be57895210f8297e4c3332ad4cb3f2fe67ab75d9c0a5f1d571795b9415,1,selective,223.0,79.0,heavy_hex_d3_19,173.0,351.0
max3sat,inst_ef8b06cb660f7d79dd26817980f7262c71e0993a3de1c210c321cc575edbe07f,5,matched_random_selective,329.6,119.2,heavy_hex_d3_19,283.6,517.6
max3sat,inst_ef8b06cb660f7d79dd26817980f7262c71e0993a3de1c210c321cc575edbe07f,1,selective,293.0,103.0,heavy_hex_d3_19,212.0,457.0
max3sat,inst_f3e37072d51c70def0bd0fed6f54a322c49d92f70b611a5840d4fdf28984f698,5,matched_random_selective,165.6,59.8,heavy_hex_d3_19,148.2,272.4
max3sat,inst_f3e37072d51c70def0bd0fed6f54a322c49d92f70b611a5840d4fdf28984f698,1,selective,139.0,49.0,heavy_hex_d3_19,111.0,231.0
max3sat,inst_fcd3827382c69a628f6d42b430b9c2a8f1f0b2d308717bc8dae03c0a4793ec88,5,matched_random_selective,88.6,34.2,heavy_hex_d3_19,113.2,163.0
max3sat,inst_fcd3827382c69a628f6d42b430b9c2a8f1f0b2d308717bc8dae03c0a4793ec88,1,selective,66.0,23.0,heavy_hex_d3_19,84.0,130.0
max3sat,inst_fe233b0fa65362c539986f27b2b50fec37a4040aa0be75b4b087e35a6e16696e,5,matched_random_selective,390.2,138.8,heavy_hex_d3_19,268.8,578.2
max3sat,inst_fe233b0fa65362c539986f27b2b50fec37a4040aa0be75b4b087e35a6e16696e,1,selective,319.0,111.0,heavy_hex_d3_19,177.0,475.0
cubic_spin_glass,inst_041b2d91ccdc07271608f44a7f021336dab5e35d5c3753501859d4ba17b039f0,5,matched_random_selective,330.2,122.2,line_12,278.8,483.4
cubic_spin_glass,inst_041b2d91ccdc07271608f44a7f021336dab5e35d5c3753501859d4ba17b039f0,1,selective,274.0,100.0,line_12,233.0,408.0
cubic_spin_glass,inst_05aaf3936982b612481791b8cbe696e666dbac6b7c6371ca8f9309f2a7262b26,5,matched_random_selective,51.0,19.0,line_12,62.0,83.0
cubic_spin_glass,inst_05aaf3936982b612481791b8cbe696e666dbac6b7c6371ca8f9309f2a7262b26,1,selective,51.0,19.0,line_12,62.0,83.0
cubic_spin_glass,inst_0acf907b55a053afe21f59b938b915b2995d1239482407859acb7f7817e7ba44,5,matched_random_selective,100.0,36.0,line_12,82.0,148.0
cubic_spin_glass,inst_0acf907b55a053afe21f59b938b915b2995d1239482407859acb7f7817e7ba44,1,selective,100.0,36.0,line_12,82.0,148.0
cubic_spin_glass,inst_13030ed96c3ca324374d60f8d25452134295fce62c10aca2ac1f801aa32741cc,5,matched_random_selective,347.4,125.0,line_12,280.4,507.8
cubic_spin_glass,inst_13030ed96c3ca324374d60f8d25452134295fce62c10aca2ac1f801aa32741cc,1,selective,273.0,99.0,line_12,210.0,409.0
cubic_spin_glass,inst_197b36f95eb8e50c23f40079363564c5b46bf91fe6289146a90e6138187c5952,5,matched_random_selective,184.0,72.0,line_12,165.0,280.0
cubic_spin_glass,inst_197b36f95eb8e50c23f40079363564c5b46bf91fe6289146a90e6138187c5952,1,selective,184.0,72.0,line_12,165.0,280.0
cubic_spin_glass,inst_1e8d2ca8dea323e76f3e0aedd094066ab28417574610dbcc8dead14c8acc86d1,5,matched_random_selective,92.0,32.0,line_12,80.0,140.0
cubic_spin_glass,inst_1e8d2ca8dea323e76f3e0aedd094066ab28417574610dbcc8dead14c8acc86d1,1,selective,92.0,32.0,line_12,80.0,140.0
cubic_spin_glass,inst_2b120f46ab783ce0aa9b4822502780d50c164c50f8bccaebc930a325a4ae0290,5,matched_random_selective,282.2,105.4,line_12,258.8,433.8
cubic_spin_glass,inst_2b120f46ab783ce0aa9b4822502780d50c164c50f8bccaebc930a325a4ae0290,1,selective,240.0,90.0,line_12,221.0,376.0
cubic_spin_glass,inst_341aaea9cc6b648e49be42c5a9a85c286aa8e35d42e20fd993b487fdda2e28cb,5,matched_random_selective,28.0,12.0,line_12,39.0,60.0
cubic_spin_glass,inst_341aaea9cc6b648e49be42c5a9a85c286aa8e35d42e20fd993b487fdda2e28cb,1,selective,28.0,12.0,line_12,39.0,60.0
cubic_spin_glass,inst_457a1b897247007214daca60d4caf6ae6d0341f6d1e25c03ef72a4651794688d,5,matched_random_selective,99.0,37.0,line_12,108.0,163.0
cubic_spin_glass,inst_457a1b897247007214daca60d4caf6ae6d0341f6d1e25c03ef72a4651794688d,1,selective,99.0,37.0,line_12,108.0,163.0
cubic_spin_glass,inst_475335f157ee1891b40b8f710155777516f4d877098145d0ddce1fce297c55df,5,matched_random_selective,331.0,121.4,line_12,255.0,487.4
cubic_spin_glass,inst_475335f157ee1891b40b8f710155777516f4d877098145d0ddce1fce297c55df,1,selective,259.0,96.0,line_12,204.0,399.0
cubic_spin_glass,inst_53dec71c3e2fae0bd3971cba514a32e1708dd7cd2ca9764224bca5022a248a7e,5,matched_random_selective,19.0,9.0,line_12,43.0,51.0
cubic_spin_glass,inst_53dec71c3e2fae0bd3971cba514a32e1708dd7cd2ca9764224bca5022a248a7e,1,selective,19.0,9.0,line_12,43.0,51.0
cubic_spin_glass,inst_55970a6e9882c541702aea4a808a177a8682c2746c2513cea2cf4365dad37c3c,5,matched_random_selective,105.0,39.0,line_12,127.0,169.0
cubic_spin_glass,inst_55970a6e9882c541702aea4a808a177a8682c2746c2513cea2cf4365dad37c3c,1,selective,105.0,39.0,line_12,127.0,169.0
cubic_spin_glass,inst_59d47f0711e495d090f7fe436c47b3444643657d19e1e4fc567b971685dcb3e2,5,matched_random_selective,26.0,12.0,line_12,34.0,58.0
cubic_spin_glass,inst_59d47f0711e495d090f7fe436c47b3444643657d19e1e4fc567b971685dcb3e2,1,selective,26.0,12.0,line_12,34.0,58.0
cubic_spin_glass,inst_5e7c8d0ae78fb3fcd9e50f45870af4ef1698195119adfcdb8c7bf1699215879b,5,matched_random_selective,44.0,16.0,line_12,47.0,76.0
cubic_spin_glass,inst_5e7c8d0ae78fb3fcd9e50f45870af4ef1698195119adfcdb8c7bf1699215879b,1,selective,44.0,16.0,line_12,47.0,76.0
cubic_spin_glass,inst_623ed3fa24dead6f0f9dd1096cce82dc9a048bf774730e23b964d7d43607fd83,5,matched_random_selective,40.0,16.0,line_12,51.0,72.0
cubic_spin_glass,inst_623ed3fa24dead6f0f9dd1096cce82dc9a048bf774730e23b964d7d43607fd83,1,selective,40.0,16.0,line_12,51.0,72.0
cubic_spin_glass,inst_629843195526c2b817edb433d2bf81dc1c9d7d1b6b358890ba16bbbcd422ab15,5,matched_random_selective,79.0,29.0,line_12,85.0,127.0
cubic_spin_glass,inst_629843195526c2b817edb433d2bf81dc1c9d7d1b6b358890ba16bbbcd422ab15,1,selective,79.0,29.0,line_12,85.0,127.0
cubic_spin_glass,inst_64ff32844bde505ea188f6df7a2e54fe41e88061d38144bbd304285bc823e766,5,matched_random_selective,90.0,32.0,line_12,70.0,138.0
cubic_spin_glass,inst_64ff32844bde505ea188f6df7a2e54fe41e88061d38144bbd304285bc823e766,1,selective,90.0,32.0,line_12,70.0,138.0
cubic_spin_glass,inst_6969ca061e6a5a0b4350ccfb99da5386eb70d23ece3e7ffa0101e3a9c6305d74,5,matched_random_selective,125.0,45.0,line_12,136.0,189.0
cubic_spin_glass,inst_6969ca061e6a5a0b4350ccfb99da5386eb70d23ece3e7ffa0101e3a9c6305d74,1,selective,125.0,45.0,line_12,136.0,189.0
cubic_spin_glass,inst_6ad9548a92747aff9a6795f1c5b99d2304f005ac72fb8084bdc0b85e2e6b4c72,5,matched_random_selective,319.4,117.8,line_12,262.4,476.6
cubic_spin_glass,inst_6ad9548a92747aff9a6795f1c5b99d2304f005ac72fb8084bdc0b85e2e6b4c72,1,selective,242.0,88.0,line_12,180.0,380.0
cubic_spin_glass,inst_6b39d1a73c909fe62fea28132fe796da14083eef65020e77cf56f6f6be6b578d,5,matched_random_selective,30.0,12.0,line_12,44.0,62.0
cubic_spin_glass,inst_6b39d1a73c909fe62fea28132fe796da14083eef65020e77cf56f6f6be6b578d,1,selective,30.0,12.0,line_12,44.0,62.0
cubic_spin_glass,inst_6de219ee046e11cc6b3925b66cc25f0b4641e502623cd3aa766407f918c53235,5,matched_random_selective,52.0,18.0,line_12,63.0,84.0
cubic_spin_glass,inst_6de219ee046e11cc6b3925b66cc25f0b4641e502623cd3aa766407f918c53235,1,selective,52.0,18.0,line_12,63.0,84.0
cubic_spin_glass,inst_6e8e29b178b0429786c8a2bff968eb63511358e6ddec0fe591285ea24a8d1c6d,5,matched_random_selective,61.0,23.0,line_12,53.0,109.0
cubic_spin_glass,inst_6e8e29b178b0429786c8a2bff968eb63511358e6ddec0fe591285ea24a8d1c6d,1,selective,61.0,23.0,line_12,53.0,109.0
cubic_spin_glass,inst_6ea539895de41953dcf8585c9c5a14620e89386260235c3b1468a17d57ab2b23,5,matched_random_selective,126.0,46.0,line_12,149.0,190.0
cubic_spin_glass,inst_6ea539895de41953dcf8585c9c5a14620e89386260235c3b1468a17d57ab2b23,1,selective,126.0,46.0,line_12,149.0,190.0
cubic_spin_glass,inst_70cd92fd1145b443443914cb7d2dd37eebe868cb4f6e2e0cd99cc6f5fceb49f1,5,matched_random_selective,102.0,40.0,line_12,129.0,166.0
cubic_spin_glass,inst_70cd92fd1145b443443914cb7d2dd37eebe868cb4f6e2e0cd99cc6f5fceb49f1,1,selective,102.0,40.0,line_12,129.0,166.0
cubic_spin_glass,inst_7716434047cb9a3a78813351309803842d97d8ee66b37f8923c41d7969c1c58a,5,matched_random_selective,325.0,119.4,line_12,263.6,482.6
cubic_spin_glass,inst_7716434047cb9a3a78813351309803842d97d8ee66b37f8923c41d7969c1c58a,1,selective,265.0,99.0,line_12,221.0,405.0
cubic_spin_glass,inst_7f90e24a78f8a26d1a801c170cc595d5d7669882dcba292c4b15aa6b53b3dacf,5,matched_random_selective,41.0,17.0,line_12,54.0,73.0
cubic_spin_glass,inst_7f90e24a78f8a26d1a801c170cc595d5d7669882dcba292c4b15aa6b53b3dacf,1,selective,41.0,17.0,line_12,54.0,73.0
cubic_spin_glass,inst_92eb60bbccda5c5e3e2562b302edd076ac50a62aeb4d3709272c6303eeb1a61b,5,matched_random_selective,473.0,173.0,line_12,393.0,665.0
cubic_spin_glass,inst_92eb60bbccda5c5e3e2562b302edd076ac50a62aeb4d3709272c6303eeb1a61b,1,selective,473.0,173.0,line_12,393.0,665.0
cubic_spin_glass,inst_9ba2a7792551103e6e69b98c0de1119c32118930928fc10d75a1e7d657dd1bcf,5,matched_random_selective,90.0,36.0,line_12,111.0,154.0
cubic_spin_glass,inst_9ba2a7792551103e6e69b98c0de1119c32118930928fc10d75a1e7d657dd1bcf,1,selective,90.0,36.0,line_12,111.0,154.0
cubic_spin_glass,inst_a281a70cf3027da7a09f4adaf7e6e96f50074205fe7b5bd1aab52f03a994e7f0,5,matched_random_selective,89.0,37.0,line_12,103.0,153.0
cubic_spin_glass,inst_a281a70cf3027da7a09f4adaf7e6e96f50074205fe7b5bd1aab52f03a994e7f0,1,selective,89.0,37.0,line_12,103.0,153.0
cubic_spin_glass,inst_a4679bc36e70ceabe07c23d07c304c011669cd7cd6dd39977860e971d22b5bae,5,matched_random_selective,113.0,43.0,line_12,133.0,177.0
cubic_spin_glass,inst_a4679bc36e70ceabe07c23d07c304c011669cd7cd6dd39977860e971d22b5bae,1,selective,113.0,43.0,line_12,133.0,177.0
cubic_spin_glass,inst_cd62fc2eb91018e6a9da61c7b64c837ad5b988a267bd06e44091a7bb226c6327,5,matched_random_selective,57.0,23.0,line_12,61.0,105.0
cubic_spin_glass,inst_cd62fc2eb91018e6a9da61c7b64c837ad5b988a267bd06e44091a7bb226c6327,1,selective,57.0,23.0,line_12,61.0,105.0
cubic_spin_glass,inst_d39931f25d0a580985f2d689473d0b69f872405923e4b602501f05ec114e6507,5,matched_random_selective,223.0,83.0,line_12,183.0,319.0
cubic_spin_glass,inst_d39931f25d0a580985f2d689473d0b69f872405923e4b602501f05ec114e6507,1,selective,223.0,83.0,line_12,183.0,319.0
cubic_spin_glass,inst_da3101c770b48b4f0db791033edb8e7a538edbef1506d2019f202beb0c200cca,5,matched_random_selective,302.8,110.8,line_12,272.2,454.0
cubic_spin_glass,inst_da3101c770b48b4f0db791033edb8e7a538edbef1506d2019f202beb0c200cca,1,selective,260.0,98.0,line_12,194.0,408.0
cubic_spin_glass,inst_da6cc0814f1cda7d2b8acf79563c59341898d86355f6e7d54acdb51463c602cf,5,matched_random_selective,309.4,115.2,line_12,274.8,461.4
cubic_spin_glass,inst_da6cc0814f1cda7d2b8acf79563c59341898d86355f6e7d54acdb51463c602cf,1,selective,263.0,93.0,line_12,242.0,395.0
cubic_spin_glass,inst_e6863527db589505432cd6b1d26c66dd8cc456c8b9660f4d19bbc5c14d7738e4,5,matched_random_selective,31.0,15.0,line_12,42.0,63.0
cubic_spin_glass,inst_e6863527db589505432cd6b1d26c66dd8cc456c8b9660f4d19bbc5c14d7738e4,1,selective,31.0,15.0,line_12,42.0,63.0
cubic_spin_glass,inst_ea1372732b45bea8ab2adc28dfcd62f4d328d838401c7ec158552a1e109c1c0d,5,matched_random_selective,40.0,14.0,line_12,43.0,72.0
cubic_spin_glass,inst_ea1372732b45bea8ab2adc28dfcd62f4d328d838401c7ec158552a1e109c1c0d,1,selective,40.0,14.0,line_12,43.0,72.0
cubic_spin_glass,inst_ece5bba3739bc03a15ddcd6bbe4055bbd33c8ec145b5e5027ddc9b2d78213107,5,matched_random_selective,117.8,46.8,line_12,124.2,197.8
cubic_spin_glass,inst_ece5bba3739bc03a15ddcd6bbe4055bbd33c8ec145b5e5027ddc9b2d78213107,1,selective,164.0,60.0,line_12,115.0,246.0
cubic_spin_glass,inst_ee30c9f5c123b7e1b93abed350ca64e7dc66b77042c74c2583df52d2313c7c61,5,matched_random_selective,147.0,53.0,line_12,140.0,211.0
cubic_spin_glass,inst_ee30c9f5c123b7e1b93abed350ca64e7dc66b77042c74c2583df52d2313c7c61,1,selective,147.0,53.0,line_12,140.0,211.0
cubic_spin_glass,inst_fb8a9da4adf31a021767c9fabc43d7ddf89cfad0c621ca87f56cfb9907a6f495,5,matched_random_selective,95.0,35.0,line_12,102.0,159.0
cubic_spin_glass,inst_fb8a9da4adf31a021767c9fabc43d7ddf89cfad0c621ca87f56cfb9907a6f495,1,selective,95.0,35.0,line_12,102.0,159.0
max3sat,inst_04a1b89230c5a6026d670ebcad2bd30c736104ed6ac28632205ec9169547e9f9,5,matched_random_selective,118.4,42.8,line_12,104.0,186.0
max3sat,inst_04a1b89230c5a6026d670ebcad2bd30c736104ed6ac28632205ec9169547e9f9,1,selective,99.0,35.0,line_12,76.0,155.0
max3sat,inst_0cb8147f35cb319c98db07725be6b560d9ac23b0be515d6aabe4baafcfed6cea,5,matched_random_selective,189.8,67.8,line_12,150.4,280.6
max3sat,inst_0cb8147f35cb319c98db07725be6b560d9ac23b0be515d6aabe4baafcfed6cea,1,selective,166.0,59.0,line_12,115.0,246.0
max3sat,inst_1b8063bafe8fb16b92612498609bbac8bbb284b59e73fc2d63cadf82b323441f,5,matched_random_selective,98.0,36.0,line_12,81.4,161.6
max3sat,inst_1b8063bafe8fb16b92612498609bbac8bbb284b59e73fc2d63cadf82b323441f,1,selective,81.0,31.0,line_12,74.0,141.0
max3sat,inst_2cb581ef9182b4e94ad87468822d97c34bab3f5844f008f31be762da257eef0a,5,matched_random_selective,116.2,42.0,line_12,110.0,183.0
max3sat,inst_2cb581ef9182b4e94ad87468822d97c34bab3f5844f008f31be762da257eef0a,1,selective,97.0,35.0,line_12,89.0,157.0
max3sat,inst_351b2f1044631455ab325f3efabb01e0e041402aa854cb63ffe41759af6edb31,5,matched_random_selective,158.0,57.4,line_12,138.8,239.6
max3sat,inst_351b2f1044631455ab325f3efabb01e0e041402aa854cb63ffe41759af6edb31,1,selective,110.0,40.0,line_12,116.0,174.0
max3sat,inst_44d41ee19adf16187d2472123669bbf847d64335b452c13d07c64d022afdbd6a,5,matched_random_selective,144.6,51.2,line_12,126.2,227.4
max3sat,inst_44d41ee19adf16187d2472123669bbf847d64335b452c13d07c64d022afdbd6a,1,selective,90.0,34.0,line_12,89.0,156.0
max3sat,inst_4a5cdf12000be45c6e4eed5c6e54361319ac9cc9ed9744d18b2b715e8842bdac,5,matched_random_selective,130.2,49.0,line_12,125.0,208.6
max3sat,inst_4a5cdf12000be45c6e4eed5c6e54361319ac9cc9ed9744d18b2b715e8842bdac,1,selective,112.0,40.0,line_12,93.0,178.0
max3sat,inst_4fd1ba0267f29040b461532cd91b707bc0c1ae9e3f7403a5242d350656e5f63e,5,matched_random_selective,303.2,109.8,line_12,228.4,443.6
max3sat,inst_4fd1ba0267f29040b461532cd91b707bc0c1ae9e3f7403a5242d350656e5f63e,1,selective,277.0,101.0,line_12,184.0,403.0
max3sat,inst_5683a8170815775476c0c3080ab79c1cfd47561fea54e8872321c0e570d236f8,5,matched_random_selective,91.2,34.4,line_12,104.0,149.6
max3sat,inst_5683a8170815775476c0c3080ab79c1cfd47561fea54e8872321c0e570d236f8,1,selective,79.0,29.0,line_12,80.0,129.0
max3sat,inst_67bfa1c14b3388aa4788b1b0b8fb0a628d9e11fad6d7ead7faa4270deca7be29,5,matched_random_selective,154.6,57.8,line_12,138.6,242.2
max3sat,inst_67bfa1c14b3388aa4788b1b0b8fb0a628d9e11fad6d7ead7faa4270deca7be29,1,selective,118.0,43.0,line_12,104.0,194.0
max3sat,inst_880a9ce347d5f6df07a021bcc3777e532027fab32c40375218c981d4b93f4575,5,matched_random_selective,238.6,84.4,line_12,177.6,343.8
max3sat,inst_880a9ce347d5f6df07a021bcc3777e532027fab32c40375218c981d4b93f4575,1,selective,207.0,75.0,line_12,129.0,303.0
max3sat,inst_9450ef3d9ff004e2fb5b0139c1d3d736da4d25de602cb1d4c57e69a5aa03741b,5,matched_random_selective,144.6,53.4,line_12,135.2,222.6
max3sat,inst_9450ef3d9ff004e2fb5b0139c1d3d736da4d25de602cb1d4c57e69a5aa03741b,1,selective,138.0,48.0,line_12,113.0,206.0
max3sat,inst_a46160035a30aefe3892d2b049a43bad55098d26bc175c664ebbfea2da0bcad6,5,matched_random_selective,239.0,83.8,line_12,168.8,350.6
max3sat,inst_a46160035a30aefe3892d2b049a43bad55098d26bc175c664ebbfea2da0bcad6,1,selective,220.0,78.0,line_12,158.0,322.0
max3sat,inst_c32cb33b55efb0ee1a708f9936b9c45d95c8b4a9c07a53a564b24913ae6b0e3c,5,matched_random_selective,154.6,55.8,line_12,133.0,233.4
max3sat,inst_c32cb33b55efb0ee1a708f9936b9c45d95c8b4a9c07a53a564b24913ae6b0e3c,1,selective,116.0,42.0,line_12,97.0,182.0
max3sat,inst_ccb599d971d1da8d223cf442b00bd17f867272a51c5c1f8e79983c9f8942e2eb,5,matched_random_selective,150.4,54.6,line_12,133.4,234.8
max3sat,inst_ccb599d971d1da8d223cf442b00bd17f867272a51c5c1f8e79983c9f8942e2eb,1,selective,104.0,38.0,line_12,91.0,174.0
max3sat,inst_e69f844d025a2b0d7429ca4fdb825e3dc3659eac383d56cf62b921b8a85a5599,5,matched_random_selective,238.2,85.6,line_12,173.8,345.0
max3sat,inst_e69f844d025a2b0d7429ca4fdb825e3dc3659eac383d56cf62b921b8a85a5599,1,selective,195.0,71.0,line_12,145.0,293.0
max3sat,inst_f3e37072d51c70def0bd0fed6f54a322c49d92f70b611a5840d4fdf28984f698,5,matched_random_selective,229.6,83.0,line_12,168.0,336.4
max3sat,inst_f3e37072d51c70def0bd0fed6f54a322c49d92f70b611a5840d4fdf28984f698,1,selective,200.0,70.0,line_12,123.0,292.0
max3sat,inst_fcd3827382c69a628f6d42b430b9c2a8f1f0b2d308717bc8dae03c0a4793ec88,5,matched_random_selective,127.8,47.8,line_12,134.0,202.2
max3sat,inst_fcd3827382c69a628f6d42b430b9c2a8f1f0b2d308717bc8dae03c0a4793ec88,1,selective,102.0,37.0,line_12,93.0,166.0
cubic_spin_glass,inst_041b2d91ccdc07271608f44a7f021336dab5e35d5c3753501859d4ba17b039f0,5,matched_random_selective,304.6,113.0,ring_12,265.2,457.8
cubic_spin_glass,inst_041b2d91ccdc07271608f44a7f021336dab5e35d5c3753501859d4ba17b039f0,1,selective,270.0,97.0,ring_12,232.0,404.0
cubic_spin_glass,inst_05aaf3936982b612481791b8cbe696e666dbac6b7c6371ca8f9309f2a7262b26,5,matched_random_selective,54.0,20.0,ring_12,63.0,86.0
cubic_spin_glass,inst_05aaf3936982b612481791b8cbe696e666dbac6b7c6371ca8f9309f2a7262b26,1,selective,54.0,20.0,ring_12,63.0,86.0
cubic_spin_glass,inst_0acf907b55a053afe21f59b938b915b2995d1239482407859acb7f7817e7ba44,5,matched_random_selective,68.0,26.0,ring_12,78.0,116.0
cubic_spin_glass,inst_0acf907b55a053afe21f59b938b915b2995d1239482407859acb7f7817e7ba44,1,selective,68.0,26.0,ring_12,78.0,116.0
cubic_spin_glass,inst_13030ed96c3ca324374d60f8d25452134295fce62c10aca2ac1f801aa32741cc,5,matched_random_selective,308.8,113.0,ring_12,266.8,469.2
cubic_spin_glass,inst_13030ed96c3ca324374d60f8d25452134295fce62c10aca2ac1f801aa32741cc,1,selective,221.0,81.0,ring_12,188.0,357.0
cubic_spin_glass,inst_197b36f95eb8e50c23f40079363564c5b46bf91fe6289146a90e6138187c5952,5,matched_random_selective,154.0,60.0,ring_12,137.0,250.0
cubic_spin_glass,inst_197b36f95eb8e50c23f40079363564c5b46bf91fe6289146a90e6138187c5952,1,selective,154.0,60.0,ring_12,137.0,250.0
cubic_spin_glass,inst_1e8d2ca8dea323e76f3e0aedd094066ab28417574610dbcc8dead14c8acc86d1,5,matched_random_selective,79.0,29.0,ring_12,65.0,127.0
cubic_spin_glass,inst_1e8d2ca8dea323e76f3e0aedd094066ab28417574610dbcc8dead14c8acc86d1,1,selective,79.0,29.0,ring_12,65.0,127.0
cubic_spin_glass,inst_2b120f46ab783ce0aa9b4822502780d50c164c50f8bccaebc930a325a4ae0290,5,matched_random_selective,274.4,103.2,ring_12,251.2,426.0
cubic_spin_glass,inst_2b120f46ab783ce0aa9b4822502780d50c164c50f8bccaebc930a325a4ae0290,1,selective,229.0,85.0,ring_12,205.0,365.0
cubic_spin_glass,inst_341aaea9cc6b648e49be42c5a9a85c286aa8e35d42e20fd993b487fdda2e28cb,5,matched_random_selective,28.0,12.0,ring_12,38.0,60.0
cubic_spin_glass,inst_341aaea9cc6b648e49be42c5a9a85c286aa8e35d42e20fd993b487fdda2e28cb,1,selective,28.0,12.0,ring_12,38.0,60.0
cubic_spin_glass,inst_457a1b897247007214daca60d4caf6ae6d0341f6d1e25c03ef72a4651794688d,5,matched_random_selective,87.0,33.0,ring_12,101.0,151.0
cubic_spin_glass,inst_457a1b897247007214daca60d4caf6ae6d0341f6d1e25c03ef72a4651794688d,1,selective,87.0,33.0,ring_12,101.0,151.0
cubic_spin_glass,inst_475335f157ee1891b40b8f710155777516f4d877098145d0ddce1fce297c55df,5,matched_random_selective,280.8,103.2,ring_12,244.4,437.2
cubic_spin_glass,inst_475335f157ee1891b40b8f710155777516f4d877098145d0ddce1fce297c55df,1,selective,249.0,93.0,ring_12,223.0,389.0
cubic_spin_glass,inst_53dec71c3e2fae0bd3971cba514a32e1708dd7cd2ca9764224bca5022a248a7e,5,matched_random_selective,19.0,9.0,ring_12,43.0,51.0
cubic_spin_glass,inst_53dec71c3e2fae0bd3971cba514a32e1708dd7cd2ca9764224bca5022a248a7e,1,selective,19.0,9.0,ring_12,43.0,51.0
cubic_spin_glass,inst_55970a6e9882c541702aea4a808a177a8682c2746c2513cea2cf4365dad37c3c,5,matched_random_selective,105.0,39.0,ring_12,126.0,169.0
cubic_spin_glass,inst_55970a6e9882c541702aea4a808a177a8682c2746c2513cea2cf4365dad37c3c,1,selective,105.0,39.0,ring_12,126.0,169.0
cubic_spin_glass,inst_59d47f0711e495d090f7fe436c47b3444643657d19e1e4fc567b971685dcb3e2,5,matched_random_selective,26.0,12.0,ring_12,34.0,58.0
cubic_spin_glass,inst_59d47f0711e495d090f7fe436c47b3444643657d19e1e4fc567b971685dcb3e2,1,selective,26.0,12.0,ring_12,34.0,58.0
cubic_spin_glass,inst_5e7c8d0ae78fb3fcd9e50f45870af4ef1698195119adfcdb8c7bf1699215879b,5,matched_random_selective,44.0,16.0,ring_12,53.0,76.0
cubic_spin_glass,inst_5e7c8d0ae78fb3fcd9e50f45870af4ef1698195119adfcdb8c7bf1699215879b,1,selective,44.0,16.0,ring_12,53.0,76.0
cubic_spin_glass,inst_623ed3fa24dead6f0f9dd1096cce82dc9a048bf774730e23b964d7d43607fd83,5,matched_random_selective,43.0,17.0,ring_12,51.0,75.0
cubic_spin_glass,inst_623ed3fa24dead6f0f9dd1096cce82dc9a048bf774730e23b964d7d43607fd83,1,selective,43.0,17.0,ring_12,51.0,75.0
cubic_spin_glass,inst_629843195526c2b817edb433d2bf81dc1c9d7d1b6b358890ba16bbbcd422ab15,5,matched_random_selective,63.0,25.0,ring_12,71.0,111.0
cubic_spin_glass,inst_629843195526c2b817edb433d2bf81dc1c9d7d1b6b358890ba16bbbcd422ab15,1,selective,63.0,25.0,ring_12,71.0,111.0
cubic_spin_glass,inst_64ff32844bde505ea188f6df7a2e54fe41e88061d38144bbd304285bc823e766,5,matched_random_selective,72.0,28.0,ring_12,67.0,120.0
cubic_spin_glass,inst_64ff32844bde505ea188f6df7a2e54fe41e88061d38144bbd304285bc823e766,1,selective,72.0,28.0,ring_12,67.0,120.0
cubic_spin_glass,inst_6969ca061e6a5a0b4350ccfb99da5386eb70d23ece3e7ffa0101e3a9c6305d74,5,matched_random_selective,119.0,44.0,ring_12,129.0,183.0
cubic_spin_glass,inst_6969ca061e6a5a0b4350ccfb99da5386eb70d23ece3e7ffa0101e3a9c6305d74,1,selective,119.0,44.0,ring_12,129.0,183.0
cubic_spin_glass,inst_6ad9548a92747aff9a6795f1c5b99d2304f005ac72fb8084bdc0b85e2e6b4c72,5,matched_random_selective,274.2,102.6,ring_12,235.2,431.4
cubic_spin_glass,inst_6ad9548a92747aff9a6795f1c5b99d2304f005ac72fb8084bdc0b85e2e6b4c72,1,selective,242.0,89.0,ring_12,188.0,380.0
cubic_spin_glass,inst_6b39d1a73c909fe62fea28132fe796da14083eef65020e77cf56f6f6be6b578d,5,matched_random_selective,30.0,12.0,ring_12,44.0,62.0
cubic_spin_glass,inst_6b39d1a73c909fe62fea28132fe796da14083eef65020e77cf56f6f6be6b578d,1,selective,30.0,12.0,ring_12,44.0,62.0
cubic_spin_glass,inst_6de219ee046e11cc6b3925b66cc25f0b4641e502623cd3aa766407f918c53235,5,matched_random_selective,52.0,18.0,ring_12,68.0,84.0
cubic_spin_glass,inst_6de219ee046e11cc6b3925b66cc25f0b4641e502623cd3aa766407f918c53235,1,selective,52.0,18.0,ring_12,68.0,84.0
cubic_spin_glass,inst_6e8e29b178b0429786c8a2bff968eb63511358e6ddec0fe591285ea24a8d1c6d,5,matched_random_selective,50.0,22.0,ring_12,55.0,98.0
cubic_spin_glass,inst_6e8e29b178b0429786c8a2bff968eb63511358e6ddec0fe591285ea24a8d1c6d,1,selective,50.0,22.0,ring_12,55.0,98.0
cubic_spin_glass,inst_6ea539895de41953dcf8585c9c5a14620e89386260235c3b1468a17d57ab2b23,5,matched_random_selective,126.0,46.0,ring_12,148.0,190.0
cubic_spin_glass,inst_6ea539895de41953dcf8585c9c5a14620e89386260235c3b1468a17d57ab2b23,1,selective,126.0,46.0,ring_12,148.0,190.0
cubic_spin_glass,inst_70cd92fd1145b443443914cb7d2dd37eebe868cb4f6e2e0cd99cc6f5fceb49f1,5,matched_random_selective,99.0,37.0,ring_12,122.0,163.0
cubic_spin_glass,inst_70cd92fd1145b443443914cb7d2dd37eebe868cb4f6e2e0cd99cc6f5fceb49f1,1,selective,99.0,37.0,ring_12,122.0,163.0
cubic_spin_glass,inst_7716434047cb9a3a78813351309803842d97d8ee66b37f8923c41d7969c1c58a,5,matched_random_selective,289.8,106.8,ring_12,246.4,447.4
cubic_spin_glass,inst_7716434047cb9a3a78813351309803842d97d8ee66b37f8923c41d7969c1c58a,1,selective,271.0,101.0,ring_12,207.0,411.0
cubic_spin_glass,inst_7f90e24a78f8a26d1a801c170cc595d5d7669882dcba292c4b15aa6b53b3dacf,5,matched_random_selective,41.0,17.0,ring_12,54.0,73.0
cubic_spin_glass,inst_7f90e24a78f8a26d1a801c170cc595d5d7669882dcba292c4b15aa6b53b3dacf,1,selective,41.0,17.0,ring_12,54.0,73.0
cubic_spin_glass,inst_92eb60bbccda5c5e3e2562b302edd076ac50a62aeb4d3709272c6303eeb1a61b,5,matched_random_selective,402.0,148.0,ring_12,349.0,594.0
cubic_spin_glass,inst_92eb60bbccda5c5e3e2562b302edd076ac50a62aeb4d3709272c6303eeb1a61b,1,selective,402.0,148.0,ring_12,349.0,594.0
cubic_spin_glass,inst_9ba2a7792551103e6e69b98c0de1119c32118930928fc10d75a1e7d657dd1bcf,5,matched_random_selective,97.0,37.0,ring_12,113.0,161.0
cubic_spin_glass,inst_9ba2a7792551103e6e69b98c0de1119c32118930928fc10d75a1e7d657dd1bcf,1,selective,97.0,37.0,ring_12,113.0,161.0
cubic_spin_glass,inst_a281a70cf3027da7a09f4adaf7e6e96f50074205fe7b5bd1aab52f03a994e7f0,5,matched_random_selective,86.0,34.0,ring_12,112.0,150.0
cubic_spin_glass,inst_a281a70cf3027da7a09f4adaf7e6e96f50074205fe7b5bd1aab52f03a994e7f0,1,selective,86.0,34.0,ring_12,112.0,150.0
cubic_spin_glass,inst_a4679bc36e70ceabe07c23d07c304c011669cd7cd6dd39977860e971d22b5bae,5,matched_random_selective,124.0,46.0,ring_12,128.0,188.0
cubic_spin_glass,inst_a4679bc36e70ceabe07c23d07c304c011669cd7cd6dd39977860e971d22b5bae,1,selective,124.0,46.0,ring_12,128.0,188.0
cubic_spin_glass,inst_cd62fc2eb91018e6a9da61c7b64c837ad5b988a267bd06e44091a7bb226c6327,5,matched_random_selective,48.0,21.0,ring_12,74.0,96.0
cubic_spin_glass,inst_cd62fc2eb91018e6a9da61c7b64c837ad5b988a267bd06e44091a7bb226c6327,1,selective,48.0,21.0,ring_12,74.0,96.0
cubic_spin_glass,inst_d39931f25d0a580985f2d689473d0b69f872405923e4b602501f05ec114e6507,5,matched_random_selective,183.0,73.0,ring_12,161.0,279.0
cubic_spin_glass,inst_d39931f25d0a580985f2d689473d0b69f872405923e4b602501f05ec114e6507,1,selective,183.0,73.0,ring_12,161.0,279.0
cubic_spin_glass,inst_da3101c770b48b4f0db791033edb8e7a538edbef1506d2019f202beb0c200cca,5,matched_random_selective,277.4,102.4,ring_12,251.0,428.6
cubic_spin_glass,inst_da3101c770b48b4f0db791033edb8e7a538edbef1506d2019f202beb0c200cca,1,selective,265.0,99.0,ring_12,218.0,413.0
cubic_spin_glass,inst_da6cc0814f1cda7d2b8acf79563c59341898d86355f6e7d54acdb51463c602cf,5,matched_random_selective,297.6,109.2,ring_12,259.8,449.6
cubic_spin_glass,inst_da6cc0814f1cda7d2b8acf79563c59341898d86355f6e7d54acdb51463c602cf,1,selective,240.0,90.0,ring_12,196.0,372.0
cubic_spin_glass,inst_e6863527db589505432cd6b1d26c66dd8cc456c8b9660f4d19bbc5c14d7738e4,5,matched_random_selective,33.0,15.0,ring_12,35.0,65.0
cubic_spin_glass,inst_e6863527db589505432cd6b1d26c66dd8cc456c8b9660f4d19bbc5c14d7738e4,1,selective,33.0,15.0,ring_12,35.0,65.0
cubic_spin_glass,inst_ea1372732b45bea8ab2adc28dfcd62f4d328d838401c7ec158552a1e109c1c0d,5,matched_random_selective,40.0,14.0,ring_12,43.0,72.0
cubic_spin_glass,inst_ea1372732b45bea8ab2adc28dfcd62f4d328d838401c7ec158552a1e109c1c0d,1,selective,40.0,14.0,ring_12,43.0,72.0
cubic_spin_glass,inst_ece5bba3739bc03a15ddcd6bbe4055bbd33c8ec145b5e5027ddc9b2d78213107,5,matched_random_selective,122.8,48.4,ring_12,126.6,202.8
cubic_spin_glass,inst_ece5bba3739bc03a15ddcd6bbe4055bbd33c8ec145b5e5027ddc9b2d78213107,1,selective,124.0,50.0,ring_12,94.0,206.0
cubic_spin_glass,inst_ee30c9f5c123b7e1b93abed350ca64e7dc66b77042c74c2583df52d2313c7c61,5,matched_random_selective,125.0,49.0,ring_12,116.0,189.0
cubic_spin_glass,inst_ee30c9f5c123b7e1b93abed350ca64e7dc66b77042c74c2583df52d2313c7c61,1,selective,125.0,49.0,ring_12,116.0,189.0
cubic_spin_glass,inst_fb8a9da4adf31a021767c9fabc43d7ddf89cfad0c621ca87f56cfb9907a6f495,5,matched_random_selective,94.0,36.0,ring_12,114.0,158.0
cubic_spin_glass,inst_fb8a9da4adf31a021767c9fabc43d7ddf89cfad0c621ca87f56cfb9907a6f495,1,selective,94.0,36.0,ring_12,114.0,158.0
max3sat,inst_04a1b89230c5a6026d670ebcad2bd30c736104ed6ac28632205ec9169547e9f9,5,matched_random_selective,112.8,40.6,ring_12,94.4,180.4
max3sat,inst_04a1b89230c5a6026d670ebcad2bd30c736104ed6ac28632205ec9169547e9f9,1,selective,97.0,35.0,ring_12,77.0,153.0
max3sat,inst_0cb8147f35cb319c98db07725be6b560d9ac23b0be515d6aabe4baafcfed6cea,5,matched_random_selective,170.8,61.2,ring_12,133.8,261.6
max3sat,inst_0cb8147f35cb319c98db07725be6b560d9ac23b0be515d6aabe4baafcfed6cea,1,selective,146.0,53.0,ring_12,103.0,226.0
max3sat,inst_1b8063bafe8fb16b92612498609bbac8bbb284b59e73fc2d63cadf82b323441f,5,matched_random_selective,88.6,32.6,ring_12,79.6,152.2
max3sat,inst_1b8063bafe8fb16b92612498609bbac8bbb284b59e73fc2d63cadf82b323441f,1,selective,84.0,30.0,ring_12,74.0,144.0
max3sat,inst_2cb581ef9182b4e94ad87468822d97c34bab3f5844f008f31be762da257eef0a,5,matched_random_selective,121.2,43.6,ring_12,118.0,188.0
max3sat,inst_2cb581ef9182b4e94ad87468822d97c34bab3f5844f008f31be762da257eef0a,1,selective,97.0,35.0,ring_12,84.0,157.0
max3sat,inst_351b2f1044631455ab325f3efabb01e0e041402aa854cb63ffe41759af6edb31,5,matched_random_selective,146.2,52.8,ring_12,136.0,227.8
max3sat,inst_351b2f1044631455ab325f3efabb01e0e041402aa854cb63ffe41759af6edb31,1,selective,102.0,38.0,ring_12,91.0,166.0
max3sat,inst_44d41ee19adf16187d2472123669bbf847d64335b452c13d07c64d022afdbd6a,5,matched_random_selective,143.4,51.2,ring_12,124.2,226.2
max3sat,inst_44d41ee19adf16187d2472123669bbf847d64335b452c13d07c64d022afdbd6a,1,selective,89.0,33.0,ring_12,85.0,155.0
max3sat,inst_4a5cdf12000be45c6e4eed5c6e54361319ac9cc9ed9744d18b2b715e8842bdac,5,matched_random_selective,127.4,49.0,ring_12,114.0,205.8
max3sat,inst_4a5cdf12000be45c6e4eed5c6e54361319ac9cc9ed9744d18b2b715e8842bdac,1,selective,87.0,33.0,ring_12,84.0,153.0
max3sat,inst_4fd1ba0267f29040b461532cd91b707bc0c1ae9e3f7403a5242d350656e5f63e,5,matched_random_selective,253.8,93.4,ring_12,204.6,394.2
max3sat,inst_4fd1ba0267f29040b461532cd91b707bc0c1ae9e3f7403a5242d350656e5f63e,1,selective,239.0,87.0,ring_12,175.0,365.0
max3sat,inst_5683a8170815775476c0c3080ab79c1cfd47561fea54e8872321c0e570d236f8,5,matched_random_selective,89.8,33.8,ring_12,100.6,148.2
max3sat,inst_5683a8170815775476c0c3080ab79c1cfd47561fea54e8872321c0e570d236f8,1,selective,72.0,28.0,ring_12,75.0,122.0
max3sat,inst_67bfa1c14b3388aa4788b1b0b8fb0a628d9e11fad6d7ead7faa4270deca7be29,5,matched_random_selective,144.2,53.0,ring_12,128.6,231.8
max3sat,inst_67bfa1c14b3388aa4788b1b0b8fb0a628d9e11fad6d7ead7faa4270deca7be29,1,selective,127.0,44.0,ring_12,104.0,203.0
max3sat,inst_880a9ce347d5f6df07a021bcc3777e532027fab32c40375218c981d4b93f4575,5,matched_random_selective,197.0,69.8,ring_12,153.8,302.2
max3sat,inst_880a9ce347d5f6df07a021bcc3777e532027fab32c40375218c981d4b93f4575,1,selective,157.0,59.0,ring_12,113.0,253.0
max3sat,inst_9450ef3d9ff004e2fb5b0139c1d3d736da4d25de602cb1d4c57e69a5aa03741b,5,matched_random_selective,139.8,50.8,ring_12,126.6,217.8
max3sat,inst_9450ef3d9ff004e2fb5b0139c1d3d736da4d25de602cb1d4c57e69a5aa03741b,1,selective,106.0,38.0,ring_12,87.0,174.0
max3sat,inst_a46160035a30aefe3892d2b049a43bad55098d26bc175c664ebbfea2da0bcad6,5,matched_random_selective,199.0,71.0,ring_12,151.8,310.6
max3sat,inst_a46160035a30aefe3892d2b049a43bad55098d26bc175c664ebbfea2da0bcad6,1,selective,174.0,61.0,ring_12,119.0,276.0
max3sat,inst_c32cb33b55efb0ee1a708f9936b9c45d95c8b4a9c07a53a564b24913ae6b0e3c,5,matched_random_selective,139.8,51.2,ring_12,118.2,218.6
max3sat,inst_c32cb33b55efb0ee1a708f9936b9c45d95c8b4a9c07a53a564b24913ae6b0e3c,1,selective,109.0,41.0,ring_12,88.0,175.0
max3sat,inst_ccb599d971d1da8d223cf442b00bd17f867272a51c5c1f8e79983c9f8942e2eb,5,matched_random_selective,144.4,53.4,ring_12,121.6,228.8
max3sat,inst_ccb599d971d1da8d223cf442b00bd17f867272a51c5c1f8e79983c9f8942e2eb,1,selective,124.0,44.0,ring_12,97.0,194.0
max3sat,inst_e69f844d025a2b0d7429ca4fdb825e3dc3659eac383d56cf62b921b8a85a5599,5,matched_random_selective,201.2,71.2,ring_12,151.2,308.0
max3sat,inst_e69f844d025a2b0d7429ca4fdb825e3dc3659eac383d56cf62b921b8a85a5599,1,selective,173.0,63.0,ring_12,116.0,271.0
max3sat,inst_f3e37072d51c70def0bd0fed6f54a322c49d92f70b611a5840d4fdf28984f698,5,matched_random_selective,193.4,70.0,ring_12,140.6,300.2
max3sat,inst_f3e37072d51c70def0bd0fed6f54a322c49d92f70b611a5840d4fdf28984f698,1,selective,163.0,59.0,ring_12,97.0,255.0
max3sat,inst_fcd3827382c69a628f6d42b430b9c2a8f1f0b2d308717bc8dae03c0a4793ec88,5,matched_random_selective,127.6,47.0,ring_12,129.2,202.0
max3sat,inst_fcd3827382c69a628f6d42b430b9c2a8f1f0b2d308717bc8dae03c0a4793ec88,1,selective,97.0,35.0,ring_12,85.0,161.0
