scope,study,family,representation,budget_key,depth_stratum,policy,metric,n_instances,mean,sd,ci95_low,ci95_high,df,ci_status,zero_depth_instance_count,ci_unit,ci_method,multiplicity
all_designs_diagnostic,original_e4,cubic_spin_glass,all_native,equal_2q_budget_128,all_scheduled,cold,original_objective_mean,7,-2.5524583440151365,0.8782792270408796,-3.364731152979952,-1.7401855350503206,6,estimated,0,raw_instance,two_sided_Student_t_95_df_n_minus_1,unadjusted_exploratory
all_designs_diagnostic,original_e4,cubic_spin_glass,all_native,equal_2q_budget_128,all_scheduled,cold,encoded_energy_mean,7,-2.5524583440151365,0.8782792270408796,-3.364731152979952,-1.7401855350503206,6,estimated,0,raw_instance,two_sided_Student_t_95_df_n_minus_1,unadjusted_exploratory
all_designs_diagnostic,original_e4,cubic_spin_glass,all_native,equal_2q_budget_128,all_scheduled,cold,optimum_hit_rate,7,0.17282883368308902,0.21253831711186966,-0.023736325252495916,0.36939399261867395,6,estimated,0,raw_instance,two_sided_Student_t_95_df_n_minus_1,unadjusted_exploratory
all_designs_diagnostic,original_e4,cubic_spin_glass,all_native,equal_2q_budget_128,all_scheduled,cold,auxiliary_inconsistency_rate,7,0.0,0.0,0.0,0.0,6,estimated,0,raw_instance,two_sided_Student_t_95_df_n_minus_1,unadjusted_exploratory
all_designs_diagnostic,original_e4,cubic_spin_glass,all_native,equal_2q_budget_128,all_scheduled,cold,statevector_norm,7,0.9999999999999998,4.697799798169678e-16,0.9999999999999993,1.0000000000000002,6,estimated,0,raw_instance,two_sided_Student_t_95_df_n_minus_1,unadjusted_exploratory
all_designs_diagnostic,original_e4,cubic_spin_glass,all_native,equal_2q_budget_128,all_scheduled,original_only,original_objective_mean,7,-2.2104398530139298,0.5561067958862512,-2.7247528588001,-1.6961268472277597,6,estimated,0,raw_instance,two_sided_Student_t_95_df_n_minus_1,unadjusted_exploratory
all_designs_diagnostic,original_e4,cubic_spin_glass,all_native,equal_2q_budget_128,all_scheduled,original_only,encoded_energy_mean,7,-2.2104398530139298,0.5561067958862512,-2.7247528588001,-1.6961268472277597,6,estimated,0,raw_instance,two_sided_Student_t_95_df_n_minus_1,unadjusted_exploratory
all_designs_diagnostic,original_e4,cubic_spin_glass,all_native,equal_2q_budget_128,all_scheduled,original_only,optimum_hit_rate,7,0.1767736777316166,0.20390460672185654,-0.011806630857555372,0.3653539863207885,6,estimated,0,raw_instance,two_sided_Student_t_95_df_n_minus_1,unadjusted_exploratory
all_designs_diagnostic,original_e4,cubic_spin_glass,all_native,equal_2q_budget_128,all_scheduled,original_only,auxiliary_inconsistency_rate,7,0.0,0.0,0.0,0.0,6,estimated,0,raw_instance,two_sided_Student_t_95_df_n_minus_1,unadjusted_exploratory
all_designs_diagnostic,original_e4,cubic_spin_glass,all_native,equal_2q_budget_128,all_scheduled,original_only,statevector_norm,7,1.0000000000000004,5.041323079304965e-16,1.0,1.0000000000000009,6,estimated,0,raw_instance,two_sided_Student_t_95_df_n_minus_1,unadjusted_exploratory
all_designs_diagnostic,original_e4,cubic_spin_glass,all_native,equal_2q_budget_128,positive_depth_only,cold,original_objective_mean,7,-2.5524583440151365,0.8782792270408796,-3.364731152979952,-1.7401855350503206,6,estimated,0,raw_instance,two_sided_Student_t_95_df_n_minus_1,unadjusted_exploratory
all_designs_diagnostic,original_e4,cubic_spin_glass,all_native,equal_2q_budget_128,positive_depth_only,cold,encoded_energy_mean,7,-2.5524583440151365,0.8782792270408796,-3.364731152979952,-1.7401855350503206,6,estimated,0,raw_instance,two_sided_Student_t_95_df_n_minus_1,unadjusted_exploratory
all_designs_diagnostic,original_e4,cubic_spin_glass,all_native,equal_2q_budget_128,positive_depth_only,cold,optimum_hit_rate,7,0.17282883368308902,0.21253831711186966,-0.023736325252495916,0.36939399261867395,6,estimated,0,raw_instance,two_sided_Student_t_95_df_n_minus_1,unadjusted_exploratory
all_designs_diagnostic,original_e4,cubic_spin_glass,all_native,equal_2q_budget_128,positive_depth_only,cold,auxiliary_inconsistency_rate,7,0.0,0.0,0.0,0.0,6,estimated,0,raw_instance,two_sided_Student_t_95_df_n_minus_1,unadjusted_exploratory
all_designs_diagnostic,original_e4,cubic_spin_glass,all_native,equal_2q_budget_128,positive_depth_only,cold,statevector_norm,7,0.9999999999999998,4.697799798169678e-16,0.9999999999999993,1.0000000000000002,6,estimated,0,raw_instance,two_sided_Student_t_95_df_n_minus_1,unadjusted_exploratory
all_designs_diagnostic,original_e4,cubic_spin_glass,all_native,equal_2q_budget_128,positive_depth_only,original_only,original_objective_mean,7,-2.2104398530139298,0.5561067958862512,-2.7247528588001,-1.6961268472277597,6,estimated,0,raw_instance,two_sided_Student_t_95_df_n_minus_1,unadjusted_exploratory
all_designs_diagnostic,original_e4,cubic_spin_glass,all_native,equal_2q_budget_128,positive_depth_only,original_only,encoded_energy_mean,7,-2.2104398530139298,0.5561067958862512,-2.7247528588001,-1.6961268472277597,6,estimated,0,raw_instance,two_sided_Student_t_95_df_n_minus_1,unadjusted_exploratory
all_designs_diagnostic,original_e4,cubic_spin_glass,all_native,equal_2q_budget_128,positive_depth_only,original_only,optimum_hit_rate,7,0.1767736777316166,0.20390460672185654,-0.011806630857555372,0.3653539863207885,6,estimated,0,raw_instance,two_sided_Student_t_95_df_n_minus_1,unadjusted_exploratory
all_designs_diagnostic,original_e4,cubic_spin_glass,all_native,equal_2q_budget_128,positive_depth_only,original_only,auxiliary_inconsistency_rate,7,0.0,0.0,0.0,0.0,6,estimated,0,raw_instance,two_sided_Student_t_95_df_n_minus_1,unadjusted_exploratory
all_designs_diagnostic,original_e4,cubic_spin_glass,all_native,equal_2q_budget_128,positive_depth_only,original_only,statevector_norm,7,1.0000000000000004,5.041323079304965e-16,1.0,1.0000000000000009,6,estimated,0,raw_instance,two_sided_Student_t_95_df_n_minus_1,unadjusted_exploratory
all_designs_diagnostic,original_e4,cubic_spin_glass,all_native,equal_2q_budget_256,all_scheduled,cold,original_objective_mean,7,-2.943898081938928,0.9012530093383164,-3.777418095784313,-2.110378068093543,6,estimated,0,raw_instance,two_sided_Student_t_95_df_n_minus_1,unadjusted_exploratory
all_designs_diagnostic,original_e4,cubic_spin_glass,all_native,equal_2q_budget_256,all_scheduled,cold,encoded_energy_mean,7,-2.943898081938928,0.9012530093383164,-3.777418095784313,-2.110378068093543,6,estimated,0,raw_instance,two_sided_Student_t_95_df_n_minus_1,unadjusted_exploratory
all_designs_diagnostic,original_e4,cubic_spin_glass,all_native,equal_2q_budget_256,all_scheduled,cold,optimum_hit_rate,7,0.18199768917602013,0.18498162612552058,0.010918218736874319,0.35307715961516595,6,estimated,0,raw_instance,two_sided_Student_t_95_df_n_minus_1,unadjusted_exploratory
all_designs_diagnostic,original_e4,cubic_spin_glass,all_native,equal_2q_budget_256,all_scheduled,cold,auxiliary_inconsistency_rate,7,0.0,0.0,0.0,0.0,6,estimated,0,raw_instance,two_sided_Student_t_95_df_n_minus_1,unadjusted_exploratory
all_designs_diagnostic,original_e4,cubic_spin_glass,all_native,equal_2q_budget_256,all_scheduled,cold,statevector_norm,7,1.0,5.224287381113247e-16,0.9999999999999996,1.0000000000000004,6,estimated,0,raw_instance,two_sided_Student_t_95_df_n_minus_1,unadjusted_exploratory
all_designs_diagnostic,original_e4,cubic_spin_glass,all_native,equal_2q_budget_256,all_scheduled,original_only,original_objective_mean,7,-2.737634505558708,1.3473089999310843,-3.983687505815608,-1.4915815053018084,6,estimated,0,raw_instance,two_sided_Student_t_95_df_n_minus_1,unadjusted_exploratory
all_designs_diagnostic,original_e4,cubic_spin_glass,all_native,equal_2q_budget_256,all_scheduled,original_only,encoded_energy_mean,7,-2.737634505558708,1.3473089999310843,-3.983687505815608,-1.4915815053018084,6,estimated,0,raw_instance,two_sided_Student_t_95_df_n_minus_1,unadjusted_exploratory
all_designs_diagnostic,original_e4,cubic_spin_glass,all_native,equal_2q_budget_256,all_scheduled,original_only,optimum_hit_rate,7,0.18546264895256953,0.14167465903198823,0.05443544290242658,0.3164898550027125,6,estimated,0,raw_instance,two_sided_Student_t_95_df_n_minus_1,unadjusted_exploratory
all_designs_diagnostic,original_e4,cubic_spin_glass,all_native,equal_2q_budget_256,all_scheduled,original_only,auxiliary_inconsistency_rate,7,0.0,0.0,0.0,0.0,6,estimated,0,raw_instance,two_sided_Student_t_95_df_n_minus_1,unadjusted_exploratory
all_designs_diagnostic,original_e4,cubic_spin_glass,all_native,equal_2q_budget_256,all_scheduled,original_only,statevector_norm,7,1.0000000000000004,6.441845274070438e-16,0.9999999999999999,1.000000000000001,6,estimated,0,raw_instance,two_sided_Student_t_95_df_n_minus_1,unadjusted_exploratory
all_designs_diagnostic,original_e4,cubic_spin_glass,all_native,equal_2q_budget_256,positive_depth_only,cold,original_objective_mean,7,-2.943898081938928,0.9012530093383164,-3.777418095784313,-2.110378068093543,6,estimated,0,raw_instance,two_sided_Student_t_95_df_n_minus_1,unadjusted_exploratory
all_designs_diagnostic,original_e4,cubic_spin_glass,all_native,equal_2q_budget_256,positive_depth_only,cold,encoded_energy_mean,7,-2.943898081938928,0.9012530093383164,-3.777418095784313,-2.110378068093543,6,estimated,0,raw_instance,two_sided_Student_t_95_df_n_minus_1,unadjusted_exploratory
all_designs_diagnostic,original_e4,cubic_spin_glass,all_native,equal_2q_budget_256,positive_depth_only,cold,optimum_hit_rate,7,0.18199768917602013,0.18498162612552058,0.010918218736874319,0.35307715961516595,6,estimated,0,raw_instance,two_sided_Student_t_95_df_n_minus_1,unadjusted_exploratory
all_designs_diagnostic,original_e4,cubic_spin_glass,all_native,equal_2q_budget_256,positive_depth_only,cold,auxiliary_inconsistency_rate,7,0.0,0.0,0.0,0.0,6,estimated,0,raw_instance,two_sided_Student_t_95_df_n_minus_1,unadjusted_exploratory
all_designs_diagnostic,original_e4,cubic_spin_glass,all_native,equal_2q_budget_256,positive_depth_only,cold,statevector_norm,7,1.0,5.224287381113247e-16,0.9999999999999996,1.0000000000000004,6,estimated,0,raw_instance,two_sided_Student_t_95_df_n_minus_1,unadjusted_exploratory
all_designs_diagnostic,original_e4,cubic_spin_glass,all_native,equal_2q_budget_256,positive_depth_only,original_only,original_objective_mean,7,-2.737634505558708,1.3473089999310843,-3.983687505815608,-1.4915815053018084,6,estimated,0,raw_instance,two_sided_Student_t_95_df_n_minus_1,unadjusted_exploratory
all_designs_diagnostic,original_e4,cubic_spin_glass,all_native,equal_2q_budget_256,positive_depth_only,original_only,encoded_energy_mean,7,-2.737634505558708,1.3473089999310843,-3.983687505815608,-1.4915815053018084,6,estimated,0,raw_instance,two_sided_Student_t_95_df_n_minus_1,unadjusted_exploratory
all_designs_diagnostic,original_e4,cubic_spin_glass,all_native,equal_2q_budget_256,positive_depth_only,original_only,optimum_hit_rate,7,0.18546264895256953,0.14167465903198823,0.05443544290242658,0.3164898550027125,6,estimated,0,raw_instance,two_sided_Student_t_95_df_n_minus_1,unadjusted_exploratory
all_designs_diagnostic,original_e4,cubic_spin_glass,all_native,equal_2q_budget_256,positive_depth_only,original_only,auxiliary_inconsistency_rate,7,0.0,0.0,0.0,0.0,6,estimated,0,raw_instance,two_sided_Student_t_95_df_n_minus_1,unadjusted_exploratory
all_designs_diagnostic,original_e4,cubic_spin_glass,all_native,equal_2q_budget_256,positive_depth_only,original_only,statevector_norm,7,1.0000000000000004,6.441845274070438e-16,0.9999999999999999,1.000000000000001,6,estimated,0,raw_instance,two_sided_Student_t_95_df_n_minus_1,unadjusted_exploratory
all_designs_diagnostic,original_e4,cubic_spin_glass,all_native,equal_layer_p1,all_scheduled,cold,original_objective_mean,7,-2.347479639815545,0.8531609918196278,-3.136521955730734,-1.5584373239003562,6,estimated,0,raw_instance,two_sided_Student_t_95_df_n_minus_1,unadjusted_exploratory
all_designs_diagnostic,original_e4,cubic_spin_glass,all_native,equal_layer_p1,all_scheduled,cold,encoded_energy_mean,7,-2.347479639815545,0.8531609918196278,-3.136521955730734,-1.5584373239003562,6,estimated,0,raw_instance,two_sided_Student_t_95_df_n_minus_1,unadjusted_exploratory
all_designs_diagnostic,original_e4,cubic_spin_glass,all_native,equal_layer_p1,all_scheduled,cold,optimum_hit_rate,7,0.12794741884084462,0.1528615530522506,-0.013425938580822527,0.2693207762625118,6,estimated,0,raw_instance,two_sided_Student_t_95_df_n_minus_1,unadjusted_exploratory
all_designs_diagnostic,original_e4,cubic_spin_glass,all_native,equal_layer_p1,all_scheduled,cold,auxiliary_inconsistency_rate,7,0.0,0.0,0.0,0.0,6,estimated,0,raw_instance,two_sided_Student_t_95_df_n_minus_1,unadjusted_exploratory
all_designs_diagnostic,original_e4,cubic_spin_glass,all_native,equal_layer_p1,all_scheduled,cold,statevector_norm,7,1.0000000000000002,1.3917382147355022e-16,1.0,1.0000000000000004,6,estimated,0,raw_instance,two_sided_Student_t_95_df_n_minus_1,unadjusted_exploratory
all_designs_diagnostic,original_e4,cubic_spin_glass,all_native,equal_layer_p1,all_scheduled,original_only,original_objective_mean,7,-1.8863731181257477,0.6526668438271908,-2.489989273707482,-1.2827569625440132,6,estimated,0,raw_instance,two_sided_Student_t_95_df_n_minus_1,unadjusted_exploratory
all_designs_diagnostic,original_e4,cubic_spin_glass,all_native,equal_layer_p1,all_scheduled,original_only,encoded_energy_mean,7,-1.8863731181257477,0.6526668438271908,-2.489989273707482,-1.2827569625440132,6,estimated,0,raw_instance,two_sided_Student_t_95_df_n_minus_1,unadjusted_exploratory
all_designs_diagnostic,original_e4,cubic_spin_glass,all_native,equal_layer_p1,all_scheduled,original_only,optimum_hit_rate,7,0.11590336003395409,0.11198063741680116,0.012338543625081022,0.21946817644282715,6,estimated,0,raw_instance,two_sided_Student_t_95_df_n_minus_1,unadjusted_exploratory
all_designs_diagnostic,original_e4,cubic_spin_glass,all_native,equal_layer_p1,all_scheduled,original_only,auxiliary_inconsistency_rate,7,0.0,0.0,0.0,0.0,6,estimated,0,raw_instance,two_sided_Student_t_95_df_n_minus_1,unadjusted_exploratory
all_designs_diagnostic,original_e4,cubic_spin_glass,all_native,equal_layer_p1,all_scheduled,original_only,statevector_norm,7,1.0000000000000002,5.768888059150692e-16,0.9999999999999997,1.0000000000000007,6,estimated,0,raw_instance,two_sided_Student_t_95_df_n_minus_1,unadjusted_exploratory
all_designs_diagnostic,original_e4,cubic_spin_glass,all_native,equal_layer_p1,positive_depth_only,cold,original_objective_mean,7,-2.347479639815545,0.8531609918196278,-3.136521955730734,-1.5584373239003562,6,estimated,0,raw_instance,two_sided_Student_t_95_df_n_minus_1,unadjusted_exploratory
all_designs_diagnostic,original_e4,cubic_spin_glass,all_native,equal_layer_p1,positive_depth_only,cold,encoded_energy_mean,7,-2.347479639815545,0.8531609918196278,-3.136521955730734,-1.5584373239003562,6,estimated,0,raw_instance,two_sided_Student_t_95_df_n_minus_1,unadjusted_exploratory
all_designs_diagnostic,original_e4,cubic_spin_glass,all_native,equal_layer_p1,positive_depth_only,cold,optimum_hit_rate,7,0.12794741884084462,0.1528615530522506,-0.013425938580822527,0.2693207762625118,6,estimated,0,raw_instance,two_sided_Student_t_95_df_n_minus_1,unadjusted_exploratory
all_designs_diagnostic,original_e4,cubic_spin_glass,all_native,equal_layer_p1,positive_depth_only,cold,auxiliary_inconsistency_rate,7,0.0,0.0,0.0,0.0,6,estimated,0,raw_instance,two_sided_Student_t_95_df_n_minus_1,unadjusted_exploratory
all_designs_diagnostic,original_e4,cubic_spin_glass,all_native,equal_layer_p1,positive_depth_only,cold,statevector_norm,7,1.0000000000000002,1.3917382147355022e-16,1.0,1.0000000000000004,6,estimated,0,raw_instance,two_sided_Student_t_95_df_n_minus_1,unadjusted_exploratory
all_designs_diagnostic,original_e4,cubic_spin_glass,all_native,equal_layer_p1,positive_depth_only,original_only,original_objective_mean,7,-1.8863731181257477,0.6526668438271908,-2.489989273707482,-1.2827569625440132,6,estimated,0,raw_instance,two_sided_Student_t_95_df_n_minus_1,unadjusted_exploratory
all_designs_diagnostic,original_e4,cubic_spin_glass,all_native,equal_layer_p1,positive_depth_only,original_only,encoded_energy_mean,7,-1.8863731181257477,0.6526668438271908,-2.489989273707482,-1.2827569625440132,6,estimated,0,raw_instance,two_sided_Student_t_95_df_n_minus_1,unadjusted_exploratory
all_designs_diagnostic,original_e4,cubic_spin_glass,all_native,equal_layer_p1,positive_depth_only,original_only,optimum_hit_rate,7,0.11590336003395409,0.11198063741680116,0.012338543625081022,0.21946817644282715,6,estimated,0,raw_instance,two_sided_Student_t_95_df_n_minus_1,unadjusted_exploratory
all_designs_diagnostic,original_e4,cubic_spin_glass,all_native,equal_layer_p1,positive_depth_only,original_only,auxiliary_inconsistency_rate,7,0.0,0.0,0.0,0.0,6,estimated,0,raw_instance,two_sided_Student_t_95_df_n_minus_1,unadjusted_exploratory
all_designs_diagnostic,original_e4,cubic_spin_glass,all_native,equal_layer_p1,positive_depth_only,original_only,statevector_norm,7,1.0000000000000002,5.768888059150692e-16,0.9999999999999997,1.0000000000000007,6,estimated,0,raw_instance,two_sided_Student_t_95_df_n_minus_1,unadjusted_exploratory
all_designs_diagnostic,original_e4,cubic_spin_glass,all_native,equal_layer_p2,all_scheduled,cold,original_objective_mean,7,-2.6185070455065143,1.103921169053985,-3.6394638451843777,-1.597550245828651,6,estimated,0,raw_instance,two_sided_Student_t_95_df_n_minus_1,unadjusted_exploratory
all_designs_diagnostic,original_e4,cubic_spin_glass,all_native,equal_layer_p2,all_scheduled,cold,encoded_energy_mean,7,-2.6185070455065143,1.103921169053985,-3.6394638451843777,-1.597550245828651,6,estimated,0,raw_instance,two_sided_Student_t_95_df_n_minus_1,unadjusted_exploratory
all_designs_diagnostic,original_e4,cubic_spin_glass,all_native,equal_layer_p2,all_scheduled,cold,optimum_hit_rate,7,0.1608773613755725,0.17774800896892007,-0.003512128991330854,0.3252668517424758,6,estimated,0,raw_instance,two_sided_Student_t_95_df_n_minus_1,unadjusted_exploratory
all_designs_diagnostic,original_e4,cubic_spin_glass,all_native,equal_layer_p2,all_scheduled,cold,auxiliary_inconsistency_rate,7,0.0,0.0,0.0,0.0,6,estimated,0,raw_instance,two_sided_Student_t_95_df_n_minus_1,unadjusted_exploratory
all_designs_diagnostic,original_e4,cubic_spin_glass,all_native,equal_layer_p2,all_scheduled,cold,statevector_norm,7,1.0000000000000002,4.2724872656102426e-16,0.9999999999999998,1.0000000000000007,6,estimated,0,raw_instance,two_sided_Student_t_95_df_n_minus_1,unadjusted_exploratory
all_designs_diagnostic,original_e4,cubic_spin_glass,all_native,equal_layer_p2,all_scheduled,original_only,original_objective_mean,7,-2.652076946090112,1.222974842419631,-3.7831400294018382,-1.521013862778386,6,estimated,0,raw_instance,two_sided_Student_t_95_df_n_minus_1,unadjusted_exploratory
all_designs_diagnostic,original_e4,cubic_spin_glass,all_native,equal_layer_p2,all_scheduled,original_only,encoded_energy_mean,7,-2.652076946090112,1.222974842419631,-3.7831400294018382,-1.521013862778386,6,estimated,0,raw_instance,two_sided_Student_t_95_df_n_minus_1,unadjusted_exploratory
all_designs_diagnostic,original_e4,cubic_spin_glass,all_native,equal_layer_p2,all_scheduled,original_only,optimum_hit_rate,7,0.19744151147143743,0.1783249509380663,0.03251843877734295,0.3623645841655319,6,estimated,0,raw_instance,two_sided_Student_t_95_df_n_minus_1,unadjusted_exploratory
all_designs_diagnostic,original_e4,cubic_spin_glass,all_native,equal_layer_p2,all_scheduled,original_only,auxiliary_inconsistency_rate,7,0.0,0.0,0.0,0.0,6,estimated,0,raw_instance,two_sided_Student_t_95_df_n_minus_1,unadjusted_exploratory
all_designs_diagnostic,original_e4,cubic_spin_glass,all_native,equal_layer_p2,all_scheduled,original_only,statevector_norm,7,1.0000000000000002,5.047141111338362e-16,0.9999999999999998,1.0000000000000007,6,estimated,0,raw_instance,two_sided_Student_t_95_df_n_minus_1,unadjusted_exploratory
all_designs_diagnostic,original_e4,cubic_spin_glass,all_native,equal_layer_p2,positive_depth_only,cold,original_objective_mean,7,-2.6185070455065143,1.103921169053985,-3.6394638451843777,-1.597550245828651,6,estimated,0,raw_instance,two_sided_Student_t_95_df_n_minus_1,unadjusted_exploratory
all_designs_diagnostic,original_e4,cubic_spin_glass,all_native,equal_layer_p2,positive_depth_only,cold,encoded_energy_mean,7,-2.6185070455065143,1.103921169053985,-3.6394638451843777,-1.597550245828651,6,estimated,0,raw_instance,two_sided_Student_t_95_df_n_minus_1,unadjusted_exploratory
all_designs_diagnostic,original_e4,cubic_spin_glass,all_native,equal_layer_p2,positive_depth_only,cold,optimum_hit_rate,7,0.1608773613755725,0.17774800896892007,-0.003512128991330854,0.3252668517424758,6,estimated,0,raw_instance,two_sided_Student_t_95_df_n_minus_1,unadjusted_exploratory
all_designs_diagnostic,original_e4,cubic_spin_glass,all_native,equal_layer_p2,positive_depth_only,cold,auxiliary_inconsistency_rate,7,0.0,0.0,0.0,0.0,6,estimated,0,raw_instance,two_sided_Student_t_95_df_n_minus_1,unadjusted_exploratory
all_designs_diagnostic,original_e4,cubic_spin_glass,all_native,equal_layer_p2,positive_depth_only,cold,statevector_norm,7,1.0000000000000002,4.2724872656102426e-16,0.9999999999999998,1.0000000000000007,6,estimated,0,raw_instance,two_sided_Student_t_95_df_n_minus_1,unadjusted_exploratory
all_designs_diagnostic,original_e4,cubic_spin_glass,all_native,equal_layer_p2,positive_depth_only,original_only,original_objective_mean,7,-2.652076946090112,1.222974842419631,-3.7831400294018382,-1.521013862778386,6,estimated,0,raw_instance,two_sided_Student_t_95_df_n_minus_1,unadjusted_exploratory
all_designs_diagnostic,original_e4,cubic_spin_glass,all_native,equal_layer_p2,positive_depth_only,original_only,encoded_energy_mean,7,-2.652076946090112,1.222974842419631,-3.7831400294018382,-1.521013862778386,6,estimated,0,raw_instance,two_sided_Student_t_95_df_n_minus_1,unadjusted_exploratory
all_designs_diagnostic,original_e4,cubic_spin_glass,all_native,equal_layer_p2,positive_depth_only,original_only,optimum_hit_rate,7,0.19744151147143743,0.1783249509380663,0.03251843877734295,0.3623645841655319,6,estimated,0,raw_instance,two_sided_Student_t_95_df_n_minus_1,unadjusted_exploratory
all_designs_diagnostic,original_e4,cubic_spin_glass,all_native,equal_layer_p2,positive_depth_only,original_only,auxiliary_inconsistency_rate,7,0.0,0.0,0.0,0.0,6,estimated,0,raw_instance,two_sided_Student_t_95_df_n_minus_1,unadjusted_exploratory
all_designs_diagnostic,original_e4,cubic_spin_glass,all_native,equal_layer_p2,positive_depth_only,original_only,statevector_norm,7,1.0000000000000002,5.047141111338362e-16,0.9999999999999998,1.0000000000000007,6,estimated,0,raw_instance,two_sided_Student_t_95_df_n_minus_1,unadjusted_exploratory
all_designs_diagnostic,original_e4,cubic_spin_glass,fully_quadratized,equal_2q_budget_128,all_scheduled,cold,original_objective_mean,7,-0.4387751963358694,0.4259928625370985,-0.8327528840671381,-0.04479750860460069,6,estimated,2,raw_instance,two_sided_Student_t_95_df_n_minus_1,unadjusted_exploratory
all_designs_diagnostic,original_e4,cubic_spin_glass,fully_quadratized,equal_2q_budget_128,all_scheduled,cold,encoded_energy_mean,7,48.45835179357184,20.95770490019632,29.075707522121032,67.84099606502265,6,estimated,2,raw_instance,two_sided_Student_t_95_df_n_minus_1,unadjusted_exploratory
all_designs_diagnostic,original_e4,cubic_spin_glass,fully_quadratized,equal_2q_budget_128,all_scheduled,cold,optimum_hit_rate,7,0.06240670799891785,0.07886274046127734,-0.010529162217403916,0.13534257821523962,6,estimated,2,raw_instance,two_sided_Student_t_95_df_n_minus_1,unadjusted_exploratory
all_designs_diagnostic,original_e4,cubic_spin_glass,fully_quadratized,equal_2q_budget_128,all_scheduled,cold,auxiliary_inconsistency_rate,7,0.8932008346261044,0.06431124322901735,0.8337228547567002,0.9526788144955087,6,estimated,2,raw_instance,two_sided_Student_t_95_df_n_minus_1,unadjusted_exploratory
all_designs_diagnostic,original_e4,cubic_spin_glass,fully_quadratized,equal_2q_budget_128,all_scheduled,cold,statevector_norm,7,0.9999999999999998,2.9967209075635457e-16,0.9999999999999996,1.0,6,estimated,2,raw_instance,two_sided_Student_t_95_df_n_minus_1,unadjusted_exploratory
all_designs_diagnostic,original_e4,cubic_spin_glass,fully_quadratized,equal_2q_budget_128,all_scheduled,independence,original_objective_mean,7,-0.46097040956212065,0.2383704515730906,-0.6814263082241458,-0.24051451090009549,6,estimated,2,raw_instance,two_sided_Student_t_95_df_n_minus_1,unadjusted_exploratory
all_designs_diagnostic,original_e4,cubic_spin_glass,fully_quadratized,equal_2q_budget_128,all_scheduled,independence,encoded_energy_mean,7,42.382647306761484,18.79145713232772,25.0034480732274,59.761846540295565,6,estimated,2,raw_instance,two_sided_Student_t_95_df_n_minus_1,unadjusted_exploratory
all_designs_diagnostic,original_e4,cubic_spin_glass,fully_quadratized,equal_2q_budget_128,all_scheduled,independence,optimum_hit_rate,7,0.07117456303901772,0.0746473137061585,0.0021373123345137385,0.1402118137435217,6,estimated,2,raw_instance,two_sided_Student_t_95_df_n_minus_1,unadjusted_exploratory
all_designs_diagnostic,original_e4,cubic_spin_glass,fully_quadratized,equal_2q_budget_128,all_scheduled,independence,auxiliary_inconsistency_rate,7,0.8529750170075961,0.12018523008603772,0.7418222179518983,0.964127816063294,6,estimated,2,raw_instance,two_sided_Student_t_95_df_n_minus_1,unadjusted_exploratory
all_designs_diagnostic,original_e4,cubic_spin_glass,fully_quadratized,equal_2q_budget_128,all_scheduled,independence,statevector_norm,7,1.0,3.417646347701869e-16,0.9999999999999997,1.0000000000000002,6,estimated,2,raw_instance,two_sided_Student_t_95_df_n_minus_1,unadjusted_exploratory
all_designs_diagnostic,original_e4,cubic_spin_glass,fully_quadratized,equal_2q_budget_128,all_scheduled,original_only,original_objective_mean,7,-0.42003538853618727,0.19864418617710342,-0.6037506195501794,-0.23632015752219512,6,estimated,2,raw_instance,two_sided_Student_t_95_df_n_minus_1,unadjusted_exploratory
all_designs_diagnostic,original_e4,cubic_spin_glass,fully_quadratized,equal_2q_budget_128,all_scheduled,original_only,encoded_energy_mean,7,46.36762551025944,19.161034741859496,28.646623995876343,64.08862702464253,6,estimated,2,raw_instance,two_sided_Student_t_95_df_n_minus_1,unadjusted_exploratory
all_designs_diagnostic,original_e4,cubic_spin_glass,fully_quadratized,equal_2q_budget_128,all_scheduled,original_only,optimum_hit_rate,7,0.07415341261475715,0.07782806522873792,0.0021744573881394558,0.14613236784137484,6,estimated,2,raw_instance,two_sided_Student_t_95_df_n_minus_1,unadjusted_exploratory
all_designs_diagnostic,original_e4,cubic_spin_glass,fully_quadratized,equal_2q_budget_128,all_scheduled,original_only,auxiliary_inconsistency_rate,7,0.8864121805027613,0.068855852136763,0.8227311384072601,0.9500932225982625,6,estimated,2,raw_instance,two_sided_Student_t_95_df_n_minus_1,unadjusted_exploratory
all_designs_diagnostic,original_e4,cubic_spin_glass,fully_quadratized,equal_2q_budget_128,all_scheduled,original_only,statevector_norm,7,1.0000000000000004,6.500800384324989e-16,0.9999999999999999,1.000000000000001,6,estimated,2,raw_instance,two_sided_Student_t_95_df_n_minus_1,unadjusted_exploratory
all_designs_diagnostic,original_e4,cubic_spin_glass,fully_quadratized,equal_2q_budget_128,all_scheduled,pair,original_objective_mean,7,-0.4479138386907708,0.21569260405383017,-0.6473962264936031,-0.24843145088793855,6,estimated,2,raw_instance,two_sided_Student_t_95_df_n_minus_1,unadjusted_exploratory
all_designs_diagnostic,original_e4,cubic_spin_glass,fully_quadratized,equal_2q_budget_128,all_scheduled,pair,encoded_energy_mean,7,47.16376066891062,20.031788124861148,28.637446590424897,65.69007474739634,6,estimated,2,raw_instance,two_sided_Student_t_95_df_n_minus_1,unadjusted_exploratory
all_designs_diagnostic,original_e4,cubic_spin_glass,fully_quadratized,equal_2q_budget_128,all_scheduled,pair,optimum_hit_rate,7,0.07484324022994607,0.07829236997253528,0.0024348747351034816,0.14725160572478865,6,estimated,2,raw_instance,two_sided_Student_t_95_df_n_minus_1,unadjusted_exploratory
all_designs_diagnostic,original_e4,cubic_spin_glass,fully_quadratized,equal_2q_budget_128,all_scheduled,pair,auxiliary_inconsistency_rate,7,0.8851089747754392,0.06888515870816603,0.821400828621978,0.9488171209289002,6,estimated,2,raw_instance,two_sided_Student_t_95_df_n_minus_1,unadjusted_exploratory
all_designs_diagnostic,original_e4,cubic_spin_glass,fully_quadratized,equal_2q_budget_128,all_scheduled,pair,statevector_norm,7,0.9999999999999999,7.320419533594108e-16,0.9999999999999992,1.0000000000000007,6,estimated,2,raw_instance,two_sided_Student_t_95_df_n_minus_1,unadjusted_exploratory
all_designs_diagnostic,original_e4,cubic_spin_glass,fully_quadratized,equal_2q_budget_128,positive_depth_only,cold,original_objective_mean,5,-0.6142852748702172,0.3707267286764207,-1.0746033070395837,-0.15396724270085066,4,estimated,0,raw_instance,two_sided_Student_t_95_df_n_minus_1,unadjusted_exploratory
all_designs_diagnostic,original_e4,cubic_spin_glass,fully_quadratized,equal_2q_budget_128,positive_depth_only,cold,encoded_energy_mean,5,38.09169251100058,9.429179261555076,26.38382008931809,49.79956493268307,4,estimated,0,raw_instance,two_sided_Student_t_95_df_n_minus_1,unadjusted_exploratory
all_designs_diagnostic,original_e4,cubic_spin_glass,fully_quadratized,equal_2q_budget_128,positive_depth_only,cold,optimum_hit_rate,5,0.08190064119848499,0.08754731085395304,-0.026803702828422135,0.1906049852253921,4,estimated,0,raw_instance,two_sided_Student_t_95_df_n_minus_1,unadjusted_exploratory
all_designs_diagnostic,original_e4,cubic_spin_glass,fully_quadratized,equal_2q_budget_128,positive_depth_only,cold,auxiliary_inconsistency_rate,5,0.8786061684765464,0.06145444618002108,0.8023003951252634,0.9549119418278293,4,estimated,0,raw_instance,two_sided_Student_t_95_df_n_minus_1,unadjusted_exploratory
all_designs_diagnostic,original_e4,cubic_spin_glass,fully_quadratized,equal_2q_budget_128,positive_depth_only,cold,statevector_norm,5,0.9999999999999997,3.1791949213824894e-16,0.9999999999999992,1.0,4,estimated,0,raw_instance,two_sided_Student_t_95_df_n_minus_1,unadjusted_exploratory
all_designs_diagnostic,original_e4,cubic_spin_glass,fully_quadratized,equal_2q_budget_128,positive_depth_only,independence,original_objective_mean,5,-0.5564696844980797,0.14366232066685544,-0.7348500159685186,-0.3780893530276407,4,estimated,0,raw_instance,two_sided_Student_t_95_df_n_minus_1,unadjusted_exploratory
all_designs_diagnostic,original_e4,cubic_spin_glass,fully_quadratized,equal_2q_budget_128,positive_depth_only,independence,encoded_energy_mean,5,35.243113636873474,11.455892610834224,21.018744214712093,49.467483059034855,4,estimated,0,raw_instance,two_sided_Student_t_95_df_n_minus_1,unadjusted_exploratory
all_designs_diagnostic,original_e4,cubic_spin_glass,fully_quadratized,equal_2q_budget_128,positive_depth_only,independence,optimum_hit_rate,5,0.07903921421484426,0.08619547247164408,-0.02798660076135981,0.18606502919104834,4,estimated,0,raw_instance,two_sided_Student_t_95_df_n_minus_1,unadjusted_exploratory
all_designs_diagnostic,original_e4,cubic_spin_glass,fully_quadratized,equal_2q_budget_128,positive_depth_only,independence,auxiliary_inconsistency_rate,5,0.848401211889555,0.1207306869154953,0.6984942644681742,0.9983081593109357,4,estimated,0,raw_instance,two_sided_Student_t_95_df_n_minus_1,unadjusted_exploratory
all_designs_diagnostic,original_e4,cubic_spin_glass,fully_quadratized,equal_2q_budget_128,positive_depth_only,independence,statevector_norm,5,0.9999999999999998,2.164223099578636e-16,0.9999999999999996,1.0,4,estimated,0,raw_instance,two_sided_Student_t_95_df_n_minus_1,unadjusted_exploratory
all_designs_diagnostic,original_e4,cubic_spin_glass,fully_quadratized,equal_2q_budget_128,positive_depth_only,original_only,original_objective_mean,5,-0.4991606550617732,0.08430229469738507,-0.6038357793534803,-0.3944855307700661,4,estimated,0,raw_instance,two_sided_Student_t_95_df_n_minus_1,unadjusted_exploratory
all_designs_diagnostic,original_e4,cubic_spin_glass,fully_quadratized,equal_2q_budget_128,positive_depth_only,original_only,encoded_energy_mean,5,37.64689793658541,13.067538491487426,21.421405846563548,53.87239002660728,4,estimated,0,raw_instance,two_sided_Student_t_95_df_n_minus_1,unadjusted_exploratory
all_designs_diagnostic,original_e4,cubic_spin_glass,fully_quadratized,equal_2q_budget_128,positive_depth_only,original_only,optimum_hit_rate,5,0.08320960362087945,0.08982722743658254,-0.028325630745586486,0.19474483798734538,4,estimated,0,raw_instance,two_sided_Student_t_95_df_n_minus_1,unadjusted_exploratory
all_designs_diagnostic,original_e4,cubic_spin_glass,fully_quadratized,equal_2q_budget_128,positive_depth_only,original_only,auxiliary_inconsistency_rate,5,0.8691020527038653,0.06561557694467746,0.7876295530902904,0.9505745523174403,4,estimated,0,raw_instance,two_sided_Student_t_95_df_n_minus_1,unadjusted_exploratory
all_designs_diagnostic,original_e4,cubic_spin_glass,fully_quadratized,equal_2q_budget_128,positive_depth_only,original_only,statevector_norm,5,1.0000000000000004,7.431033801933001e-16,0.9999999999999996,1.0000000000000013,4,estimated,0,raw_instance,two_sided_Student_t_95_df_n_minus_1,unadjusted_exploratory
all_designs_diagnostic,original_e4,cubic_spin_glass,fully_quadratized,equal_2q_budget_128,positive_depth_only,pair,original_objective_mean,5,-0.5381904852781901,0.09714884003250732,-0.6588167024138111,-0.4175642681425692,4,estimated,0,raw_instance,two_sided_Student_t_95_df_n_minus_1,unadjusted_exploratory
all_designs_diagnostic,original_e4,cubic_spin_glass,fully_quadratized,equal_2q_budget_128,positive_depth_only,pair,encoded_energy_mean,5,38.11704271425264,13.403524572254453,21.47436880384478,54.7597166246605,4,estimated,0,raw_instance,two_sided_Student_t_95_df_n_minus_1,unadjusted_exploratory
all_designs_diagnostic,original_e4,cubic_spin_glass,fully_quadratized,equal_2q_budget_128,positive_depth_only,pair,optimum_hit_rate,5,0.08417536228214396,0.09030760563868567,-0.02795634040339527,0.1963070649676832,4,estimated,0,raw_instance,two_sided_Student_t_95_df_n_minus_1,unadjusted_exploratory
all_designs_diagnostic,original_e4,cubic_spin_glass,fully_quadratized,equal_2q_budget_128,positive_depth_only,pair,auxiliary_inconsistency_rate,5,0.8688733144960358,0.06840586425146189,0.7839362155889816,0.9538104134030899,4,estimated,0,raw_instance,two_sided_Student_t_95_df_n_minus_1,unadjusted_exploratory
all_designs_diagnostic,original_e4,cubic_spin_glass,fully_quadratized,equal_2q_budget_128,positive_depth_only,pair,statevector_norm,5,0.9999999999999998,8.440616121040728e-16,0.9999999999999988,1.0000000000000009,4,estimated,0,raw_instance,two_sided_Student_t_95_df_n_minus_1,unadjusted_exploratory
all_designs_diagnostic,original_e4,cubic_spin_glass,fully_quadratized,equal_2q_budget_128,zero_depth_only,cold,original_objective_mean,2,5.204170427930421e-18,7.359808400080195e-18,-6.092108451129938e-17,7.132942536716022e-17,1,estimated,2,raw_instance,two_sided_Student_t_95_df_n_minus_1,unadjusted_exploratory
all_designs_diagnostic,original_e4,cubic_spin_glass,fully_quadratized,equal_2q_budget_128,zero_depth_only,cold,encoded_energy_mean,2,74.37499999999999,19.975766568519983,-105.1001418984677,253.85014189846765,1,estimated,2,raw_instance,two_sided_Student_t_95_df_n_minus_1,unadjusted_exploratory
all_designs_diagnostic,original_e4,cubic_spin_glass,fully_quadratized,equal_2q_budget_128,zero_depth_only,cold,optimum_hit_rate,2,0.013671875,0.0027621358640099523,-0.011144931125341206,0.038488681125341206,1,estimated,2,raw_instance,two_sided_Student_t_95_df_n_minus_1,unadjusted_exploratory
all_designs_diagnostic,original_e4,cubic_spin_glass,fully_quadratized,equal_2q_budget_128,zero_depth_only,cold,auxiliary_inconsistency_rate,2,0.9296875,0.07733980419227872,0.23481692849044566,1.6245580715095542,1,estimated,2,raw_instance,two_sided_Student_t_95_df_n_minus_1,unadjusted_exploratory
all_designs_diagnostic,original_e4,cubic_spin_glass,fully_quadratized,equal_2q_budget_128,zero_depth_only,cold,statevector_norm,2,1.0,7.850462293418876e-17,0.9999999999999993,1.0000000000000007,1,estimated,2,raw_instance,two_sided_Student_t_95_df_n_minus_1,unadjusted_exploratory
all_designs_diagnostic,original_e4,cubic_spin_glass,fully_quadratized,equal_2q_budget_128,zero_depth_only,independence,original_objective_mean,2,-0.2222222222222231,0.3142696805273556,-3.0458232747054987,2.6013788302610523,1,estimated,2,raw_instance,two_sided_Student_t_95_df_n_minus_1,unadjusted_exploratory
all_designs_diagnostic,original_e4,cubic_spin_glass,fully_quadratized,equal_2q_budget_128,zero_depth_only,independence,encoded_energy_mean,2,60.23148148148151,26.49031515445161,-177.77455723408724,298.2375201970503,1,estimated,2,raw_instance,two_sided_Student_t_95_df_n_minus_1,unadjusted_exploratory
all_designs_diagnostic,original_e4,cubic_spin_glass,fully_quadratized,equal_2q_budget_128,zero_depth_only,independence,optimum_hit_rate,2,0.051512935099451346,0.051305631716011504,-0.40944987705779556,0.5124757472566982,1,estimated,2,raw_instance,two_sided_Student_t_95_df_n_minus_1,unadjusted_exploratory
all_designs_diagnostic,original_e4,cubic_spin_glass,fully_quadratized,equal_2q_budget_128,zero_depth_only,independence,auxiliary_inconsistency_rate,2,0.8644095298026995,0.16732378043972623,-0.638934991890562,2.367754051495961,1,estimated,2,raw_instance,two_sided_Student_t_95_df_n_minus_1,unadjusted_exploratory
all_designs_diagnostic,original_e4,cubic_spin_glass,fully_quadratized,equal_2q_budget_128,zero_depth_only,independence,statevector_norm,2,1.0000000000000004,0.0,1.0000000000000004,1.0000000000000004,1,estimated,2,raw_instance,two_sided_Student_t_95_df_n_minus_1,unadjusted_exploratory
all_designs_diagnostic,original_e4,cubic_spin_glass,fully_quadratized,equal_2q_budget_128,zero_depth_only,original_only,original_objective_mean,2,-0.22222222222222268,0.3142696805273551,-3.045823274705494,2.6013788302610483,1,estimated,2,raw_instance,two_sided_Student_t_95_df_n_minus_1,unadjusted_exploratory
all_designs_diagnostic,original_e4,cubic_spin_glass,fully_quadratized,equal_2q_budget_128,zero_depth_only,original_only,encoded_energy_mean,2,68.1694444444445,13.745370152065206,-55.327806588542686,191.6666954774317,1,estimated,2,raw_instance,two_sided_Student_t_95_df_n_minus_1,unadjusted_exploratory
all_designs_diagnostic,original_e4,cubic_spin_glass,fully_quadratized,equal_2q_budget_128,zero_depth_only,original_only,optimum_hit_rate,2,0.051512935099451373,0.05130563171601154,-0.40944987705779584,0.5124757472566985,1,estimated,2,raw_instance,two_sided_Student_t_95_df_n_minus_1,unadjusted_exploratory
all_designs_diagnostic,original_e4,cubic_spin_glass,fully_quadratized,equal_2q_budget_128,zero_depth_only,original_only,auxiliary_inconsistency_rate,2,0.9296875000000011,0.0773398041922795,0.23481692849043978,1.6245580715095624,1,estimated,2,raw_instance,two_sided_Student_t_95_df_n_minus_1,unadjusted_exploratory
all_designs_diagnostic,original_e4,cubic_spin_glass,fully_quadratized,equal_2q_budget_128,zero_depth_only,original_only,statevector_norm,2,1.0000000000000007,3.1401849173675503e-16,0.9999999999999979,1.0000000000000036,1,estimated,2,raw_instance,two_sided_Student_t_95_df_n_minus_1,unadjusted_exploratory
all_designs_diagnostic,original_e4,cubic_spin_glass,fully_quadratized,equal_2q_budget_128,zero_depth_only,pair,original_objective_mean,2,-0.22222222222222246,0.3142696805273548,-3.0458232747054907,2.601378830261046,1,estimated,2,raw_instance,two_sided_Student_t_95_df_n_minus_1,unadjusted_exploratory
all_designs_diagnostic,original_e4,cubic_spin_glass,fully_quadratized,equal_2q_budget_128,zero_depth_only,pair,encoded_energy_mean,2,69.78055555555555,16.02382533588845,-74.18780310793461,213.74891421904573,1,estimated,2,raw_instance,two_sided_Student_t_95_df_n_minus_1,unadjusted_exploratory
all_designs_diagnostic,original_e4,cubic_spin_glass,fully_quadratized,equal_2q_budget_128,zero_depth_only,pair,optimum_hit_rate,2,0.05151293509945136,0.051305631716011525,-0.4094498770577957,0.5124757472566984,1,estimated,2,raw_instance,two_sided_Student_t_95_df_n_minus_1,unadjusted_exploratory
all_designs_diagnostic,original_e4,cubic_spin_glass,fully_quadratized,equal_2q_budget_128,zero_depth_only,pair,auxiliary_inconsistency_rate,2,0.9256981254739476,0.07169797663214887,0.2815173634617022,1.569878887486193,1,estimated,2,raw_instance,two_sided_Student_t_95_df_n_minus_1,unadjusted_exploratory
all_designs_diagnostic,original_e4,cubic_spin_glass,fully_quadratized,equal_2q_budget_128,zero_depth_only,pair,statevector_norm,2,1.0,5.495323605393213e-16,0.9999999999999951,1.0000000000000049,1,estimated,2,raw_instance,two_sided_Student_t_95_df_n_minus_1,unadjusted_exploratory
all_designs_diagnostic,original_e4,cubic_spin_glass,fully_quadratized,equal_2q_budget_256,all_scheduled,cold,original_objective_mean,7,-0.5373584273587053,0.532295129340137,-1.0296493145793346,-0.04506754013807607,6,estimated,0,raw_instance,two_sided_Student_t_95_df_n_minus_1,unadjusted_exploratory
all_designs_diagnostic,original_e4,cubic_spin_glass,fully_quadratized,equal_2q_budget_256,all_scheduled,cold,encoded_energy_mean,7,47.12638960761301,22.58102784455653,26.242422012923523,68.01035720230249,6,estimated,0,raw_instance,two_sided_Student_t_95_df_n_minus_1,unadjusted_exploratory
all_designs_diagnostic,original_e4,cubic_spin_glass,fully_quadratized,equal_2q_budget_256,all_scheduled,cold,optimum_hit_rate,7,0.05692436833955105,0.06475161842994089,-0.002960890662092104,0.11680962734119421,6,estimated,0,raw_instance,two_sided_Student_t_95_df_n_minus_1,unadjusted_exploratory
all_designs_diagnostic,original_e4,cubic_spin_glass,fully_quadratized,equal_2q_budget_256,all_scheduled,cold,auxiliary_inconsistency_rate,7,0.8901336223342107,0.07144570083455527,0.8240573696817692,0.9562098749866521,6,estimated,0,raw_instance,two_sided_Student_t_95_df_n_minus_1,unadjusted_exploratory
all_designs_diagnostic,original_e4,cubic_spin_glass,fully_quadratized,equal_2q_budget_256,all_scheduled,cold,statevector_norm,7,0.9999999999999998,6.581558765046538e-16,0.9999999999999992,1.0000000000000004,6,estimated,0,raw_instance,two_sided_Student_t_95_df_n_minus_1,unadjusted_exploratory
all_designs_diagnostic,original_e4,cubic_spin_glass,fully_quadratized,equal_2q_budget_256,all_scheduled,independence,original_objective_mean,7,-0.7613720520553713,0.5426818755122995,-1.2632690773121837,-0.2594750267985588,6,estimated,0,raw_instance,two_sided_Student_t_95_df_n_minus_1,unadjusted_exploratory
all_designs_diagnostic,original_e4,cubic_spin_glass,fully_quadratized,equal_2q_budget_256,all_scheduled,independence,encoded_energy_mean,7,51.39739839546088,34.08863406304201,19.870670116286817,82.92412667463495,6,estimated,0,raw_instance,two_sided_Student_t_95_df_n_minus_1,unadjusted_exploratory
all_designs_diagnostic,original_e4,cubic_spin_glass,fully_quadratized,equal_2q_budget_256,all_scheduled,independence,optimum_hit_rate,7,0.08000331004626327,0.07641664981679518,0.009329696362491369,0.15067692373003516,6,estimated,0,raw_instance,two_sided_Student_t_95_df_n_minus_1,unadjusted_exploratory
all_designs_diagnostic,original_e4,cubic_spin_glass,fully_quadratized,equal_2q_budget_256,all_scheduled,independence,auxiliary_inconsistency_rate,7,0.8787138591684985,0.0805075464520707,0.8042567971247835,0.9531709212122136,6,estimated,0,raw_instance,two_sided_Student_t_95_df_n_minus_1,unadjusted_exploratory
all_designs_diagnostic,original_e4,cubic_spin_glass,fully_quadratized,equal_2q_budget_256,all_scheduled,independence,statevector_norm,7,1.0000000000000007,7.190987546735146e-16,1.0,1.0000000000000013,6,estimated,0,raw_instance,two_sided_Student_t_95_df_n_minus_1,unadjusted_exploratory
all_designs_diagnostic,original_e4,cubic_spin_glass,fully_quadratized,equal_2q_budget_256,all_scheduled,original_only,original_objective_mean,7,-0.6882747510220172,0.5236566289560027,-1.1725763578905362,-0.20397314415349832,6,estimated,0,raw_instance,two_sided_Student_t_95_df_n_minus_1,unadjusted_exploratory
all_designs_diagnostic,original_e4,cubic_spin_glass,fully_quadratized,equal_2q_budget_256,all_scheduled,original_only,encoded_energy_mean,7,48.8801121358099,23.305825630839053,27.3258183900867,70.43440588153311,6,estimated,0,raw_instance,two_sided_Student_t_95_df_n_minus_1,unadjusted_exploratory
all_designs_diagnostic,original_e4,cubic_spin_glass,fully_quadratized,equal_2q_budget_256,all_scheduled,original_only,optimum_hit_rate,7,0.08256552066640932,0.07860253422585574,0.009870301080603064,0.1552607402522156,6,estimated,0,raw_instance,two_sided_Student_t_95_df_n_minus_1,unadjusted_exploratory
all_designs_diagnostic,original_e4,cubic_spin_glass,fully_quadratized,equal_2q_budget_256,all_scheduled,original_only,auxiliary_inconsistency_rate,7,0.8915291189382603,0.07805772985130724,0.8193377593619202,0.9637204785146003,6,estimated,0,raw_instance,two_sided_Student_t_95_df_n_minus_1,unadjusted_exploratory
all_designs_diagnostic,original_e4,cubic_spin_glass,fully_quadratized,equal_2q_budget_256,all_scheduled,original_only,statevector_norm,7,1.0000000000000007,1.0409177895118866e-15,0.9999999999999997,1.0000000000000016,6,estimated,0,raw_instance,two_sided_Student_t_95_df_n_minus_1,unadjusted_exploratory
all_designs_diagnostic,original_e4,cubic_spin_glass,fully_quadratized,equal_2q_budget_256,all_scheduled,pair,original_objective_mean,7,-0.48069733713872215,0.20269829673870976,-0.6681619950688272,-0.29323267920861706,6,estimated,0,raw_instance,two_sided_Student_t_95_df_n_minus_1,unadjusted_exploratory
all_designs_diagnostic,original_e4,cubic_spin_glass,fully_quadratized,equal_2q_budget_256,all_scheduled,pair,encoded_energy_mean,7,46.00155702018698,19.49732317260223,27.969540580422922,64.03357345995104,6,estimated,0,raw_instance,two_sided_Student_t_95_df_n_minus_1,unadjusted_exploratory
all_designs_diagnostic,original_e4,cubic_spin_glass,fully_quadratized,equal_2q_budget_256,all_scheduled,pair,optimum_hit_rate,7,0.0701915787390216,0.059504446201529046,0.01515914466351765,0.12522401281452555,6,estimated,0,raw_instance,two_sided_Student_t_95_df_n_minus_1,unadjusted_exploratory
all_designs_diagnostic,original_e4,cubic_spin_glass,fully_quadratized,equal_2q_budget_256,all_scheduled,pair,auxiliary_inconsistency_rate,7,0.8864608742107443,0.0748630777226588,0.8172240750729399,0.9556976733485486,6,estimated,0,raw_instance,two_sided_Student_t_95_df_n_minus_1,unadjusted_exploratory
all_designs_diagnostic,original_e4,cubic_spin_glass,fully_quadratized,equal_2q_budget_256,all_scheduled,pair,statevector_norm,7,0.9999999999999999,5.768888059150692e-16,0.9999999999999993,1.0000000000000004,6,estimated,0,raw_instance,two_sided_Student_t_95_df_n_minus_1,unadjusted_exploratory
all_designs_diagnostic,original_e4,cubic_spin_glass,fully_quadratized,equal_2q_budget_256,positive_depth_only,cold,original_objective_mean,7,-0.5373584273587053,0.532295129340137,-1.0296493145793346,-0.04506754013807607,6,estimated,0,raw_instance,two_sided_Student_t_95_df_n_minus_1,unadjusted_exploratory
all_designs_diagnostic,original_e4,cubic_spin_glass,fully_quadratized,equal_2q_budget_256,positive_depth_only,cold,encoded_energy_mean,7,47.12638960761301,22.58102784455653,26.242422012923523,68.01035720230249,6,estimated,0,raw_instance,two_sided_Student_t_95_df_n_minus_1,unadjusted_exploratory
all_designs_diagnostic,original_e4,cubic_spin_glass,fully_quadratized,equal_2q_budget_256,positive_depth_only,cold,optimum_hit_rate,7,0.05692436833955105,0.06475161842994089,-0.002960890662092104,0.11680962734119421,6,estimated,0,raw_instance,two_sided_Student_t_95_df_n_minus_1,unadjusted_exploratory
all_designs_diagnostic,original_e4,cubic_spin_glass,fully_quadratized,equal_2q_budget_256,positive_depth_only,cold,auxiliary_inconsistency_rate,7,0.8901336223342107,0.07144570083455527,0.8240573696817692,0.9562098749866521,6,estimated,0,raw_instance,two_sided_Student_t_95_df_n_minus_1,unadjusted_exploratory
all_designs_diagnostic,original_e4,cubic_spin_glass,fully_quadratized,equal_2q_budget_256,positive_depth_only,cold,statevector_norm,7,0.9999999999999998,6.581558765046538e-16,0.9999999999999992,1.0000000000000004,6,estimated,0,raw_instance,two_sided_Student_t_95_df_n_minus_1,unadjusted_exploratory
all_designs_diagnostic,original_e4,cubic_spin_glass,fully_quadratized,equal_2q_budget_256,positive_depth_only,independence,original_objective_mean,7,-0.7613720520553713,0.5426818755122995,-1.2632690773121837,-0.2594750267985588,6,estimated,0,raw_instance,two_sided_Student_t_95_df_n_minus_1,unadjusted_exploratory
all_designs_diagnostic,original_e4,cubic_spin_glass,fully_quadratized,equal_2q_budget_256,positive_depth_only,independence,encoded_energy_mean,7,51.39739839546088,34.08863406304201,19.870670116286817,82.92412667463495,6,estimated,0,raw_instance,two_sided_Student_t_95_df_n_minus_1,unadjusted_exploratory
all_designs_diagnostic,original_e4,cubic_spin_glass,fully_quadratized,equal_2q_budget_256,positive_depth_only,independence,optimum_hit_rate,7,0.08000331004626327,0.07641664981679518,0.009329696362491369,0.15067692373003516,6,estimated,0,raw_instance,two_sided_Student_t_95_df_n_minus_1,unadjusted_exploratory
all_designs_diagnostic,original_e4,cubic_spin_glass,fully_quadratized,equal_2q_budget_256,positive_depth_only,independence,auxiliary_inconsistency_rate,7,0.8787138591684985,0.0805075464520707,0.8042567971247835,0.9531709212122136,6,estimated,0,raw_instance,two_sided_Student_t_95_df_n_minus_1,unadjusted_exploratory
all_designs_diagnostic,original_e4,cubic_spin_glass,fully_quadratized,equal_2q_budget_256,positive_depth_only,independence,statevector_norm,7,1.0000000000000007,7.190987546735146e-16,1.0,1.0000000000000013,6,estimated,0,raw_instance,two_sided_Student_t_95_df_n_minus_1,unadjusted_exploratory
all_designs_diagnostic,original_e4,cubic_spin_glass,fully_quadratized,equal_2q_budget_256,positive_depth_only,original_only,original_objective_mean,7,-0.6882747510220172,0.5236566289560027,-1.1725763578905362,-0.20397314415349832,6,estimated,0,raw_instance,two_sided_Student_t_95_df_n_minus_1,unadjusted_exploratory
all_designs_diagnostic,original_e4,cubic_spin_glass,fully_quadratized,equal_2q_budget_256,positive_depth_only,original_only,encoded_energy_mean,7,48.8801121358099,23.305825630839053,27.3258183900867,70.43440588153311,6,estimated,0,raw_instance,two_sided_Student_t_95_df_n_minus_1,unadjusted_exploratory
all_designs_diagnostic,original_e4,cubic_spin_glass,fully_quadratized,equal_2q_budget_256,positive_depth_only,original_only,optimum_hit_rate,7,0.08256552066640932,0.07860253422585574,0.009870301080603064,0.1552607402522156,6,estimated,0,raw_instance,two_sided_Student_t_95_df_n_minus_1,unadjusted_exploratory
all_designs_diagnostic,original_e4,cubic_spin_glass,fully_quadratized,equal_2q_budget_256,positive_depth_only,original_only,auxiliary_inconsistency_rate,7,0.8915291189382603,0.07805772985130724,0.8193377593619202,0.9637204785146003,6,estimated,0,raw_instance,two_sided_Student_t_95_df_n_minus_1,unadjusted_exploratory
all_designs_diagnostic,original_e4,cubic_spin_glass,fully_quadratized,equal_2q_budget_256,positive_depth_only,original_only,statevector_norm,7,1.0000000000000007,1.0409177895118866e-15,0.9999999999999997,1.0000000000000016,6,estimated,0,raw_instance,two_sided_Student_t_95_df_n_minus_1,unadjusted_exploratory
all_designs_diagnostic,original_e4,cubic_spin_glass,fully_quadratized,equal_2q_budget_256,positive_depth_only,pair,original_objective_mean,7,-0.48069733713872215,0.20269829673870976,-0.6681619950688272,-0.29323267920861706,6,estimated,0,raw_instance,two_sided_Student_t_95_df_n_minus_1,unadjusted_exploratory
all_designs_diagnostic,original_e4,cubic_spin_glass,fully_quadratized,equal_2q_budget_256,positive_depth_only,pair,encoded_energy_mean,7,46.00155702018698,19.49732317260223,27.969540580422922,64.03357345995104,6,estimated,0,raw_instance,two_sided_Student_t_95_df_n_minus_1,unadjusted_exploratory
all_designs_diagnostic,original_e4,cubic_spin_glass,fully_quadratized,equal_2q_budget_256,positive_depth_only,pair,optimum_hit_rate,7,0.0701915787390216,0.059504446201529046,0.01515914466351765,0.12522401281452555,6,estimated,0,raw_instance,two_sided_Student_t_95_df_n_minus_1,unadjusted_exploratory
all_designs_diagnostic,original_e4,cubic_spin_glass,fully_quadratized,equal_2q_budget_256,positive_depth_only,pair,auxiliary_inconsistency_rate,7,0.8864608742107443,0.0748630777226588,0.8172240750729399,0.9556976733485486,6,estimated,0,raw_instance,two_sided_Student_t_95_df_n_minus_1,unadjusted_exploratory
all_designs_diagnostic,original_e4,cubic_spin_glass,fully_quadratized,equal_2q_budget_256,positive_depth_only,pair,statevector_norm,7,0.9999999999999999,5.768888059150692e-16,0.9999999999999993,1.0000000000000004,6,estimated,0,raw_instance,two_sided_Student_t_95_df_n_minus_1,unadjusted_exploratory
all_designs_diagnostic,original_e4,cubic_spin_glass,fully_quadratized,equal_layer_p1,all_scheduled,cold,original_objective_mean,7,-0.5142755310842249,0.3011733114215655,-0.7928143876593261,-0.23573667450912367,6,estimated,0,raw_instance,two_sided_Student_t_95_df_n_minus_1,unadjusted_exploratory
all_designs_diagnostic,original_e4,cubic_spin_glass,fully_quadratized,equal_layer_p1,all_scheduled,cold,encoded_energy_mean,7,50.96744321385633,27.051499004754547,25.948979373679276,75.98590705403338,6,estimated,0,raw_instance,two_sided_Student_t_95_df_n_minus_1,unadjusted_exploratory
all_designs_diagnostic,original_e4,cubic_spin_glass,fully_quadratized,equal_layer_p1,all_scheduled,cold,optimum_hit_rate,7,0.05705796954645907,0.06864408279203507,-0.0064272185709464,0.12054315766386454,6,estimated,0,raw_instance,two_sided_Student_t_95_df_n_minus_1,unadjusted_exploratory
all_designs_diagnostic,original_e4,cubic_spin_glass,fully_quadratized,equal_layer_p1,all_scheduled,cold,auxiliary_inconsistency_rate,7,0.887249286998997,0.0777307004505328,0.8153603791735382,0.9591381948244557,6,estimated,0,raw_instance,two_sided_Student_t_95_df_n_minus_1,unadjusted_exploratory
all_designs_diagnostic,original_e4,cubic_spin_glass,fully_quadratized,equal_layer_p1,all_scheduled,cold,statevector_norm,7,0.9999999999999999,2.7516642255067785e-16,0.9999999999999997,1.0000000000000002,6,estimated,0,raw_instance,two_sided_Student_t_95_df_n_minus_1,unadjusted_exploratory
all_designs_diagnostic,original_e4,cubic_spin_glass,fully_quadratized,equal_layer_p1,all_scheduled,independence,original_objective_mean,7,-0.7017890478235241,0.38705976362491257,-1.0597596245570118,-0.3438184710900365,6,estimated,0,raw_instance,two_sided_Student_t_95_df_n_minus_1,unadjusted_exploratory
all_designs_diagnostic,original_e4,cubic_spin_glass,fully_quadratized,equal_layer_p1,all_scheduled,independence,encoded_energy_mean,7,42.74842575768894,19.126756068219482,25.059126728879797,60.43772478649809,6,estimated,0,raw_instance,two_sided_Student_t_95_df_n_minus_1,unadjusted_exploratory
all_designs_diagnostic,original_e4,cubic_spin_glass,fully_quadratized,equal_layer_p1,all_scheduled,independence,optimum_hit_rate,7,0.07017822915017795,0.0663216226217315,0.008840958446915737,0.13151549985344016,6,estimated,0,raw_instance,two_sided_Student_t_95_df_n_minus_1,unadjusted_exploratory
all_designs_diagnostic,original_e4,cubic_spin_glass,fully_quadratized,equal_layer_p1,all_scheduled,independence,auxiliary_inconsistency_rate,7,0.8517746628474399,0.0936157520238272,0.765194532612607,0.9383547930822728,6,estimated,0,raw_instance,two_sided_Student_t_95_df_n_minus_1,unadjusted_exploratory
all_designs_diagnostic,original_e4,cubic_spin_glass,fully_quadratized,equal_layer_p1,all_scheduled,independence,statevector_norm,7,0.9999999999999999,3.321846093942574e-16,0.9999999999999996,1.0000000000000002,6,estimated,0,raw_instance,two_sided_Student_t_95_df_n_minus_1,unadjusted_exploratory
all_designs_diagnostic,original_e4,cubic_spin_glass,fully_quadratized,equal_layer_p1,all_scheduled,original_only,original_objective_mean,7,-0.5101960980114301,0.20041031730983777,-0.6955447278945037,-0.3248474681283564,6,estimated,0,raw_instance,two_sided_Student_t_95_df_n_minus_1,unadjusted_exploratory
all_designs_diagnostic,original_e4,cubic_spin_glass,fully_quadratized,equal_layer_p1,all_scheduled,original_only,encoded_energy_mean,7,47.373406218149384,20.664879464659432,28.261580305754244,66.48523213054452,6,estimated,0,raw_instance,two_sided_Student_t_95_df_n_minus_1,unadjusted_exploratory
all_designs_diagnostic,original_e4,cubic_spin_glass,fully_quadratized,equal_layer_p1,all_scheduled,original_only,optimum_hit_rate,7,0.07160856492308738,0.06701832839969019,0.009626948843251465,0.1335901810029233,6,estimated,0,raw_instance,two_sided_Student_t_95_df_n_minus_1,unadjusted_exploratory
all_designs_diagnostic,original_e4,cubic_spin_glass,fully_quadratized,equal_layer_p1,all_scheduled,original_only,auxiliary_inconsistency_rate,7,0.8986351984774436,0.05459956410181735,0.8481390237578592,0.9491313731970279,6,estimated,0,raw_instance,two_sided_Student_t_95_df_n_minus_1,unadjusted_exploratory
all_designs_diagnostic,original_e4,cubic_spin_glass,fully_quadratized,equal_layer_p1,all_scheduled,original_only,statevector_norm,7,1.0000000000000004,7.439717224646009e-16,0.9999999999999998,1.000000000000001,6,estimated,0,raw_instance,two_sided_Student_t_95_df_n_minus_1,unadjusted_exploratory
all_designs_diagnostic,original_e4,cubic_spin_glass,fully_quadratized,equal_layer_p1,all_scheduled,pair,original_objective_mean,7,-0.5314775969537585,0.1894091178095652,-0.7066518142526065,-0.35630337965491055,6,estimated,0,raw_instance,two_sided_Student_t_95_df_n_minus_1,unadjusted_exploratory
all_designs_diagnostic,original_e4,cubic_spin_glass,fully_quadratized,equal_layer_p1,all_scheduled,pair,encoded_energy_mean,7,46.31436135627174,19.81243216597013,27.990917703734603,64.63780500880887,6,estimated,0,raw_instance,two_sided_Student_t_95_df_n_minus_1,unadjusted_exploratory
all_designs_diagnostic,original_e4,cubic_spin_glass,fully_quadratized,equal_layer_p1,all_scheduled,pair,optimum_hit_rate,7,0.06843518727175903,0.06837576454414981,0.005198152145106383,0.13167222239841167,6,estimated,0,raw_instance,two_sided_Student_t_95_df_n_minus_1,unadjusted_exploratory
all_designs_diagnostic,original_e4,cubic_spin_glass,fully_quadratized,equal_layer_p1,all_scheduled,pair,auxiliary_inconsistency_rate,7,0.8910305717232252,0.05752138653395841,0.8378321619499349,0.9442289814965155,6,estimated,0,raw_instance,two_sided_Student_t_95_df_n_minus_1,unadjusted_exploratory
all_designs_diagnostic,original_e4,cubic_spin_glass,fully_quadratized,equal_layer_p1,all_scheduled,pair,statevector_norm,7,1.0,5.471238798733026e-16,0.9999999999999994,1.0000000000000004,6,estimated,0,raw_instance,two_sided_Student_t_95_df_n_minus_1,unadjusted_exploratory
all_designs_diagnostic,original_e4,cubic_spin_glass,fully_quadratized,equal_layer_p1,positive_depth_only,cold,original_objective_mean,7,-0.5142755310842249,0.3011733114215655,-0.7928143876593261,-0.23573667450912367,6,estimated,0,raw_instance,two_sided_Student_t_95_df_n_minus_1,unadjusted_exploratory
all_designs_diagnostic,original_e4,cubic_spin_glass,fully_quadratized,equal_layer_p1,positive_depth_only,cold,encoded_energy_mean,7,50.96744321385633,27.051499004754547,25.948979373679276,75.98590705403338,6,estimated,0,raw_instance,two_sided_Student_t_95_df_n_minus_1,unadjusted_exploratory
all_designs_diagnostic,original_e4,cubic_spin_glass,fully_quadratized,equal_layer_p1,positive_depth_only,cold,optimum_hit_rate,7,0.05705796954645907,0.06864408279203507,-0.0064272185709464,0.12054315766386454,6,estimated,0,raw_instance,two_sided_Student_t_95_df_n_minus_1,unadjusted_exploratory
all_designs_diagnostic,original_e4,cubic_spin_glass,fully_quadratized,equal_layer_p1,positive_depth_only,cold,auxiliary_inconsistency_rate,7,0.887249286998997,0.0777307004505328,0.8153603791735382,0.9591381948244557,6,estimated,0,raw_instance,two_sided_Student_t_95_df_n_minus_1,unadjusted_exploratory
all_designs_diagnostic,original_e4,cubic_spin_glass,fully_quadratized,equal_layer_p1,positive_depth_only,cold,statevector_norm,7,0.9999999999999999,2.7516642255067785e-16,0.9999999999999997,1.0000000000000002,6,estimated,0,raw_instance,two_sided_Student_t_95_df_n_minus_1,unadjusted_exploratory
all_designs_diagnostic,original_e4,cubic_spin_glass,fully_quadratized,equal_layer_p1,positive_depth_only,independence,original_objective_mean,7,-0.7017890478235241,0.38705976362491257,-1.0597596245570118,-0.3438184710900365,6,estimated,0,raw_instance,two_sided_Student_t_95_df_n_minus_1,unadjusted_exploratory
all_designs_diagnostic,original_e4,cubic_spin_glass,fully_quadratized,equal_layer_p1,positive_depth_only,independence,encoded_energy_mean,7,42.74842575768894,19.126756068219482,25.059126728879797,60.43772478649809,6,estimated,0,raw_instance,two_sided_Student_t_95_df_n_minus_1,unadjusted_exploratory
all_designs_diagnostic,original_e4,cubic_spin_glass,fully_quadratized,equal_layer_p1,positive_depth_only,independence,optimum_hit_rate,7,0.07017822915017795,0.0663216226217315,0.008840958446915737,0.13151549985344016,6,estimated,0,raw_instance,two_sided_Student_t_95_df_n_minus_1,unadjusted_exploratory
all_designs_diagnostic,original_e4,cubic_spin_glass,fully_quadratized,equal_layer_p1,positive_depth_only,independence,auxiliary_inconsistency_rate,7,0.8517746628474399,0.0936157520238272,0.765194532612607,0.9383547930822728,6,estimated,0,raw_instance,two_sided_Student_t_95_df_n_minus_1,unadjusted_exploratory
all_designs_diagnostic,original_e4,cubic_spin_glass,fully_quadratized,equal_layer_p1,positive_depth_only,independence,statevector_norm,7,0.9999999999999999,3.321846093942574e-16,0.9999999999999996,1.0000000000000002,6,estimated,0,raw_instance,two_sided_Student_t_95_df_n_minus_1,unadjusted_exploratory
all_designs_diagnostic,original_e4,cubic_spin_glass,fully_quadratized,equal_layer_p1,positive_depth_only,original_only,original_objective_mean,7,-0.5101960980114301,0.20041031730983777,-0.6955447278945037,-0.3248474681283564,6,estimated,0,raw_instance,two_sided_Student_t_95_df_n_minus_1,unadjusted_exploratory
all_designs_diagnostic,original_e4,cubic_spin_glass,fully_quadratized,equal_layer_p1,positive_depth_only,original_only,encoded_energy_mean,7,47.373406218149384,20.664879464659432,28.261580305754244,66.48523213054452,6,estimated,0,raw_instance,two_sided_Student_t_95_df_n_minus_1,unadjusted_exploratory
all_designs_diagnostic,original_e4,cubic_spin_glass,fully_quadratized,equal_layer_p1,positive_depth_only,original_only,optimum_hit_rate,7,0.07160856492308738,0.06701832839969019,0.009626948843251465,0.1335901810029233,6,estimated,0,raw_instance,two_sided_Student_t_95_df_n_minus_1,unadjusted_exploratory
all_designs_diagnostic,original_e4,cubic_spin_glass,fully_quadratized,equal_layer_p1,positive_depth_only,original_only,auxiliary_inconsistency_rate,7,0.8986351984774436,0.05459956410181735,0.8481390237578592,0.9491313731970279,6,estimated,0,raw_instance,two_sided_Student_t_95_df_n_minus_1,unadjusted_exploratory
all_designs_diagnostic,original_e4,cubic_spin_glass,fully_quadratized,equal_layer_p1,positive_depth_only,original_only,statevector_norm,7,1.0000000000000004,7.439717224646009e-16,0.9999999999999998,1.000000000000001,6,estimated,0,raw_instance,two_sided_Student_t_95_df_n_minus_1,unadjusted_exploratory
all_designs_diagnostic,original_e4,cubic_spin_glass,fully_quadratized,equal_layer_p1,positive_depth_only,pair,original_objective_mean,7,-0.5314775969537585,0.1894091178095652,-0.7066518142526065,-0.35630337965491055,6,estimated,0,raw_instance,two_sided_Student_t_95_df_n_minus_1,unadjusted_exploratory
all_designs_diagnostic,original_e4,cubic_spin_glass,fully_quadratized,equal_layer_p1,positive_depth_only,pair,encoded_energy_mean,7,46.31436135627174,19.81243216597013,27.990917703734603,64.63780500880887,6,estimated,0,raw_instance,two_sided_Student_t_95_df_n_minus_1,unadjusted_exploratory
all_designs_diagnostic,original_e4,cubic_spin_glass,fully_quadratized,equal_layer_p1,positive_depth_only,pair,optimum_hit_rate,7,0.06843518727175903,0.06837576454414981,0.005198152145106383,0.13167222239841167,6,estimated,0,raw_instance,two_sided_Student_t_95_df_n_minus_1,unadjusted_exploratory
all_designs_diagnostic,original_e4,cubic_spin_glass,fully_quadratized,equal_layer_p1,positive_depth_only,pair,auxiliary_inconsistency_rate,7,0.8910305717232252,0.05752138653395841,0.8378321619499349,0.9442289814965155,6,estimated,0,raw_instance,two_sided_Student_t_95_df_n_minus_1,unadjusted_exploratory
all_designs_diagnostic,original_e4,cubic_spin_glass,fully_quadratized,equal_layer_p1,positive_depth_only,pair,statevector_norm,7,1.0,5.471238798733026e-16,0.9999999999999994,1.0000000000000004,6,estimated,0,raw_instance,two_sided_Student_t_95_df_n_minus_1,unadjusted_exploratory
all_designs_diagnostic,original_e4,cubic_spin_glass,fully_quadratized,equal_layer_p2,all_scheduled,cold,original_objective_mean,7,-0.5761941475704752,0.4838279794398955,-1.0236603972727727,-0.12872789786817762,6,estimated,0,raw_instance,two_sided_Student_t_95_df_n_minus_1,unadjusted_exploratory
all_designs_diagnostic,original_e4,cubic_spin_glass,fully_quadratized,equal_layer_p2,all_scheduled,cold,encoded_energy_mean,7,49.77848739157792,21.967619525488274,29.46182787276163,70.0951469103942,6,estimated,0,raw_instance,two_sided_Student_t_95_df_n_minus_1,unadjusted_exploratory
all_designs_diagnostic,original_e4,cubic_spin_glass,fully_quadratized,equal_layer_p2,all_scheduled,cold,optimum_hit_rate,7,0.06290275255044481,0.07346231785963281,-0.005038559783625343,0.13084406488451494,6,estimated,0,raw_instance,two_sided_Student_t_95_df_n_minus_1,unadjusted_exploratory
all_designs_diagnostic,original_e4,cubic_spin_glass,fully_quadratized,equal_layer_p2,all_scheduled,cold,auxiliary_inconsistency_rate,7,0.9106279227816005,0.05458564015475229,0.8601446255652592,0.9611112199979419,6,estimated,0,raw_instance,two_sided_Student_t_95_df_n_minus_1,unadjusted_exploratory
all_designs_diagnostic,original_e4,cubic_spin_glass,fully_quadratized,equal_layer_p2,all_scheduled,cold,statevector_norm,7,0.9999999999999997,3.921491049484037e-16,0.9999999999999993,1.0,6,estimated,0,raw_instance,two_sided_Student_t_95_df_n_minus_1,unadjusted_exploratory
all_designs_diagnostic,original_e4,cubic_spin_glass,fully_quadratized,equal_layer_p2,all_scheduled,independence,original_objective_mean,7,-0.6712032081675703,0.34285317805317506,-0.9882895121873787,-0.35411690414776187,6,estimated,0,raw_instance,two_sided_Student_t_95_df_n_minus_1,unadjusted_exploratory
all_designs_diagnostic,original_e4,cubic_spin_glass,fully_quadratized,equal_layer_p2,all_scheduled,independence,encoded_energy_mean,7,50.594277074279255,23.614313834439077,28.754679325050297,72.4338748235082,6,estimated,0,raw_instance,two_sided_Student_t_95_df_n_minus_1,unadjusted_exploratory
all_designs_diagnostic,original_e4,cubic_spin_glass,fully_quadratized,equal_layer_p2,all_scheduled,independence,optimum_hit_rate,7,0.07287601398058079,0.08003257118960883,-0.00114176921109016,0.14689379717225173,6,estimated,0,raw_instance,two_sided_Student_t_95_df_n_minus_1,unadjusted_exploratory
all_designs_diagnostic,original_e4,cubic_spin_glass,fully_quadratized,equal_layer_p2,all_scheduled,independence,auxiliary_inconsistency_rate,7,0.8888410547279465,0.08040932798614576,0.8144748296148484,0.9632072798410446,6,estimated,0,raw_instance,two_sided_Student_t_95_df_n_minus_1,unadjusted_exploratory
all_designs_diagnostic,original_e4,cubic_spin_glass,fully_quadratized,equal_layer_p2,all_scheduled,independence,statevector_norm,7,0.9999999999999998,7.042533749685405e-16,0.9999999999999991,1.0000000000000004,6,estimated,0,raw_instance,two_sided_Student_t_95_df_n_minus_1,unadjusted_exploratory
all_designs_diagnostic,original_e4,cubic_spin_glass,fully_quadratized,equal_layer_p2,all_scheduled,original_only,original_objective_mean,7,-0.6858094373787982,0.42305099864879836,-1.0770663548008421,-0.29455251995675424,6,estimated,0,raw_instance,two_sided_Student_t_95_df_n_minus_1,unadjusted_exploratory
all_designs_diagnostic,original_e4,cubic_spin_glass,fully_quadratized,equal_layer_p2,all_scheduled,original_only,encoded_energy_mean,7,49.195254561376544,26.047953486076548,25.104915527392464,73.28559359536062,6,estimated,0,raw_instance,two_sided_Student_t_95_df_n_minus_1,unadjusted_exploratory
all_designs_diagnostic,original_e4,cubic_spin_glass,fully_quadratized,equal_layer_p2,all_scheduled,original_only,optimum_hit_rate,7,0.06725407158244566,0.07452801096192929,-0.001672842486295248,0.13618098565118658,6,estimated,0,raw_instance,two_sided_Student_t_95_df_n_minus_1,unadjusted_exploratory
all_designs_diagnostic,original_e4,cubic_spin_glass,fully_quadratized,equal_layer_p2,all_scheduled,original_only,auxiliary_inconsistency_rate,7,0.8958123186257703,0.07701414753498226,0.8245861117177034,0.9670385255338372,6,estimated,0,raw_instance,two_sided_Student_t_95_df_n_minus_1,unadjusted_exploratory
all_designs_diagnostic,original_e4,cubic_spin_glass,fully_quadratized,equal_layer_p2,all_scheduled,original_only,statevector_norm,7,1.0000000000000007,9.844056985084304e-16,0.9999999999999998,1.0000000000000016,6,estimated,0,raw_instance,two_sided_Student_t_95_df_n_minus_1,unadjusted_exploratory
all_designs_diagnostic,original_e4,cubic_spin_glass,fully_quadratized,equal_layer_p2,all_scheduled,pair,original_objective_mean,7,-0.5543624186803404,0.31671004149583204,-0.847270354007392,-0.26145448335328875,6,estimated,0,raw_instance,two_sided_Student_t_95_df_n_minus_1,unadjusted_exploratory
all_designs_diagnostic,original_e4,cubic_spin_glass,fully_quadratized,equal_layer_p2,all_scheduled,pair,encoded_energy_mean,7,49.37167755241975,21.881273870449945,29.134874445551397,69.60848065928809,6,estimated,0,raw_instance,two_sided_Student_t_95_df_n_minus_1,unadjusted_exploratory
all_designs_diagnostic,original_e4,cubic_spin_glass,fully_quadratized,equal_layer_p2,all_scheduled,pair,optimum_hit_rate,7,0.06665647583016461,0.08762140626765327,-0.014379809218122569,0.1476927608784518,6,estimated,0,raw_instance,two_sided_Student_t_95_df_n_minus_1,unadjusted_exploratory
all_designs_diagnostic,original_e4,cubic_spin_glass,fully_quadratized,equal_layer_p2,all_scheduled,pair,auxiliary_inconsistency_rate,7,0.901148197950745,0.07658770715749812,0.8303163826127054,0.9719800132887846,6,estimated,0,raw_instance,two_sided_Student_t_95_df_n_minus_1,unadjusted_exploratory
all_designs_diagnostic,original_e4,cubic_spin_glass,fully_quadratized,equal_layer_p2,all_scheduled,pair,statevector_norm,7,1.0000000000000002,8.514008143568236e-16,0.9999999999999994,1.000000000000001,6,estimated,0,raw_instance,two_sided_Student_t_95_df_n_minus_1,unadjusted_exploratory
all_designs_diagnostic,original_e4,cubic_spin_glass,fully_quadratized,equal_layer_p2,positive_depth_only,cold,original_objective_mean,7,-0.5761941475704752,0.4838279794398955,-1.0236603972727727,-0.12872789786817762,6,estimated,0,raw_instance,two_sided_Student_t_95_df_n_minus_1,unadjusted_exploratory
all_designs_diagnostic,original_e4,cubic_spin_glass,fully_quadratized,equal_layer_p2,positive_depth_only,cold,encoded_energy_mean,7,49.77848739157792,21.967619525488274,29.46182787276163,70.0951469103942,6,estimated,0,raw_instance,two_sided_Student_t_95_df_n_minus_1,unadjusted_exploratory
all_designs_diagnostic,original_e4,cubic_spin_glass,fully_quadratized,equal_layer_p2,positive_depth_only,cold,optimum_hit_rate,7,0.06290275255044481,0.07346231785963281,-0.005038559783625343,0.13084406488451494,6,estimated,0,raw_instance,two_sided_Student_t_95_df_n_minus_1,unadjusted_exploratory
all_designs_diagnostic,original_e4,cubic_spin_glass,fully_quadratized,equal_layer_p2,positive_depth_only,cold,auxiliary_inconsistency_rate,7,0.9106279227816005,0.05458564015475229,0.8601446255652592,0.9611112199979419,6,estimated,0,raw_instance,two_sided_Student_t_95_df_n_minus_1,unadjusted_exploratory
all_designs_diagnostic,original_e4,cubic_spin_glass,fully_quadratized,equal_layer_p2,positive_depth_only,cold,statevector_norm,7,0.9999999999999997,3.921491049484037e-16,0.9999999999999993,1.0,6,estimated,0,raw_instance,two_sided_Student_t_95_df_n_minus_1,unadjusted_exploratory
all_designs_diagnostic,original_e4,cubic_spin_glass,fully_quadratized,equal_layer_p2,positive_depth_only,independence,original_objective_mean,7,-0.6712032081675703,0.34285317805317506,-0.9882895121873787,-0.35411690414776187,6,estimated,0,raw_instance,two_sided_Student_t_95_df_n_minus_1,unadjusted_exploratory
all_designs_diagnostic,original_e4,cubic_spin_glass,fully_quadratized,equal_layer_p2,positive_depth_only,independence,encoded_energy_mean,7,50.594277074279255,23.614313834439077,28.754679325050297,72.4338748235082,6,estimated,0,raw_instance,two_sided_Student_t_95_df_n_minus_1,unadjusted_exploratory
all_designs_diagnostic,original_e4,cubic_spin_glass,fully_quadratized,equal_layer_p2,positive_depth_only,independence,optimum_hit_rate,7,0.07287601398058079,0.08003257118960883,-0.00114176921109016,0.14689379717225173,6,estimated,0,raw_instance,two_sided_Student_t_95_df_n_minus_1,unadjusted_exploratory
all_designs_diagnostic,original_e4,cubic_spin_glass,fully_quadratized,equal_layer_p2,positive_depth_only,independence,auxiliary_inconsistency_rate,7,0.8888410547279465,0.08040932798614576,0.8144748296148484,0.9632072798410446,6,estimated,0,raw_instance,two_sided_Student_t_95_df_n_minus_1,unadjusted_exploratory
all_designs_diagnostic,original_e4,cubic_spin_glass,fully_quadratized,equal_layer_p2,positive_depth_only,independence,statevector_norm,7,0.9999999999999998,7.042533749685405e-16,0.9999999999999991,1.0000000000000004,6,estimated,0,raw_instance,two_sided_Student_t_95_df_n_minus_1,unadjusted_exploratory
all_designs_diagnostic,original_e4,cubic_spin_glass,fully_quadratized,equal_layer_p2,positive_depth_only,original_only,original_objective_mean,7,-0.6858094373787982,0.42305099864879836,-1.0770663548008421,-0.29455251995675424,6,estimated,0,raw_instance,two_sided_Student_t_95_df_n_minus_1,unadjusted_exploratory
all_designs_diagnostic,original_e4,cubic_spin_glass,fully_quadratized,equal_layer_p2,positive_depth_only,original_only,encoded_energy_mean,7,49.195254561376544,26.047953486076548,25.104915527392464,73.28559359536062,6,estimated,0,raw_instance,two_sided_Student_t_95_df_n_minus_1,unadjusted_exploratory
all_designs_diagnostic,original_e4,cubic_spin_glass,fully_quadratized,equal_layer_p2,positive_depth_only,original_only,optimum_hit_rate,7,0.06725407158244566,0.07452801096192929,-0.001672842486295248,0.13618098565118658,6,estimated,0,raw_instance,two_sided_Student_t_95_df_n_minus_1,unadjusted_exploratory
all_designs_diagnostic,original_e4,cubic_spin_glass,fully_quadratized,equal_layer_p2,positive_depth_only,original_only,auxiliary_inconsistency_rate,7,0.8958123186257703,0.07701414753498226,0.8245861117177034,0.9670385255338372,6,estimated,0,raw_instance,two_sided_Student_t_95_df_n_minus_1,unadjusted_exploratory
all_designs_diagnostic,original_e4,cubic_spin_glass,fully_quadratized,equal_layer_p2,positive_depth_only,original_only,statevector_norm,7,1.0000000000000007,9.844056985084304e-16,0.9999999999999998,1.0000000000000016,6,estimated,0,raw_instance,two_sided_Student_t_95_df_n_minus_1,unadjusted_exploratory
all_designs_diagnostic,original_e4,cubic_spin_glass,fully_quadratized,equal_layer_p2,positive_depth_only,pair,original_objective_mean,7,-0.5543624186803404,0.31671004149583204,-0.847270354007392,-0.26145448335328875,6,estimated,0,raw_instance,two_sided_Student_t_95_df_n_minus_1,unadjusted_exploratory
all_designs_diagnostic,original_e4,cubic_spin_glass,fully_quadratized,equal_layer_p2,positive_depth_only,pair,encoded_energy_mean,7,49.37167755241975,21.881273870449945,29.134874445551397,69.60848065928809,6,estimated,0,raw_instance,two_sided_Student_t_95_df_n_minus_1,unadjusted_exploratory
all_designs_diagnostic,original_e4,cubic_spin_glass,fully_quadratized,equal_layer_p2,positive_depth_only,pair,optimum_hit_rate,7,0.06665647583016461,0.08762140626765327,-0.014379809218122569,0.1476927608784518,6,estimated,0,raw_instance,two_sided_Student_t_95_df_n_minus_1,unadjusted_exploratory
all_designs_diagnostic,original_e4,cubic_spin_glass,fully_quadratized,equal_layer_p2,positive_depth_only,pair,auxiliary_inconsistency_rate,7,0.901148197950745,0.07658770715749812,0.8303163826127054,0.9719800132887846,6,estimated,0,raw_instance,two_sided_Student_t_95_df_n_minus_1,unadjusted_exploratory
all_designs_diagnostic,original_e4,cubic_spin_glass,fully_quadratized,equal_layer_p2,positive_depth_only,pair,statevector_norm,7,1.0000000000000002,8.514008143568236e-16,0.9999999999999994,1.000000000000001,6,estimated,0,raw_instance,two_sided_Student_t_95_df_n_minus_1,unadjusted_exploratory
all_designs_diagnostic,original_e4,cubic_spin_glass,matched_random_selective,equal_2q_budget_128,all_scheduled,cold,original_objective_mean,7,-1.815658089148258,1.282325519115775,-3.0016113934622117,-0.6297047848343043,6,estimated,2,raw_instance,two_sided_Student_t_95_df_n_minus_1,unadjusted_exploratory
all_designs_diagnostic,original_e4,cubic_spin_glass,matched_random_selective,equal_2q_budget_128,all_scheduled,cold,encoded_energy_mean,7,6.027199053708883,15.069492103072985,-7.909756647130512,19.96415475454828,6,estimated,2,raw_instance,two_sided_Student_t_95_df_n_minus_1,unadjusted_exploratory
all_designs_diagnostic,original_e4,cubic_spin_glass,matched_random_selective,equal_2q_budget_128,all_scheduled,cold,optimum_hit_rate,7,0.1635951482692041,0.21031842915847782,-0.03091695673094394,0.3581072532693521,6,estimated,2,raw_instance,two_sided_Student_t_95_df_n_minus_1,unadjusted_exploratory
all_designs_diagnostic,original_e4,cubic_spin_glass,matched_random_selective,equal_2q_budget_128,all_scheduled,cold,auxiliary_inconsistency_rate,7,0.24999999999999994,0.42695628191498314,-0.14486870204675256,0.6448687020467525,6,estimated,2,raw_instance,two_sided_Student_t_95_df_n_minus_1,unadjusted_exploratory
all_designs_diagnostic,original_e4,cubic_spin_glass,matched_random_selective,equal_2q_budget_128,all_scheduled,cold,statevector_norm,7,1.0000000000000002,2.5177491625509456e-16,1.0,1.0000000000000004,6,estimated,2,raw_instance,two_sided_Student_t_95_df_n_minus_1,unadjusted_exploratory
all_designs_diagnostic,original_e4,cubic_spin_glass,matched_random_selective,equal_2q_budget_128,all_scheduled,independence,original_objective_mean,2,-0.2222222222222227,0.3142696805273551,-3.045823274705494,2.6013788302610483,1,estimated,2,raw_instance,two_sided_Student_t_95_df_n_minus_1,unadjusted_exploratory
all_designs_diagnostic,original_e4,cubic_spin_glass,matched_random_selective,equal_2q_budget_128,all_scheduled,independence,encoded_energy_mean,2,21.625564814814823,10.188086165325931,-69.91075765489464,113.16188728452428,1,estimated,2,raw_instance,two_sided_Student_t_95_df_n_minus_1,unadjusted_exploratory
all_designs_diagnostic,original_e4,cubic_spin_glass,matched_random_selective,equal_2q_budget_128,all_scheduled,independence,optimum_hit_rate,2,0.05151293509945135,0.05130563171601151,-0.40944987705779556,0.5124757472566983,1,estimated,2,raw_instance,two_sided_Student_t_95_df_n_minus_1,unadjusted_exploratory
all_designs_diagnostic,original_e4,cubic_spin_glass,matched_random_selective,equal_2q_budget_128,all_scheduled,independence,auxiliary_inconsistency_rate,2,0.8197278584936112,0.07067384102830013,0.18474858981047237,1.45470712717675,1,estimated,2,raw_instance,two_sided_Student_t_95_df_n_minus_1,unadjusted_exploratory
all_designs_diagnostic,original_e4,cubic_spin_glass,matched_random_selective,equal_2q_budget_128,all_scheduled,independence,statevector_norm,2,1.0000000000000004,0.0,1.0000000000000004,1.0000000000000004,1,estimated,2,raw_instance,two_sided_Student_t_95_df_n_minus_1,unadjusted_exploratory
all_designs_diagnostic,original_e4,cubic_spin_glass,matched_random_selective,equal_2q_budget_128,all_scheduled,original_only,original_objective_mean,7,-1.6076038642904724,0.971157232573587,-2.5057745017844724,-0.7094332267964722,6,estimated,2,raw_instance,two_sided_Student_t_95_df_n_minus_1,unadjusted_exploratory
all_designs_diagnostic,original_e4,cubic_spin_glass,matched_random_selective,equal_2q_budget_128,all_scheduled,original_only,encoded_energy_mean,7,5.500464918778315,13.297331819194138,-6.797515878177631,17.79844571573426,6,estimated,2,raw_instance,two_sided_Student_t_95_df_n_minus_1,unadjusted_exploratory
all_designs_diagnostic,original_e4,cubic_spin_glass,matched_random_selective,equal_2q_budget_128,all_scheduled,original_only,optimum_hit_rate,7,0.16319974504602325,0.19452488402108217,-0.01670576688293529,0.3431052569749818,6,estimated,2,raw_instance,two_sided_Student_t_95_df_n_minus_1,unadjusted_exploratory
all_designs_diagnostic,original_e4,cubic_spin_glass,matched_random_selective,equal_2q_budget_128,all_scheduled,original_only,auxiliary_inconsistency_rate,7,0.2500000000000001,0.42695628191498347,-0.14486870204675273,0.644868702046753,6,estimated,2,raw_instance,two_sided_Student_t_95_df_n_minus_1,unadjusted_exploratory
all_designs_diagnostic,original_e4,cubic_spin_glass,matched_random_selective,equal_2q_budget_128,all_scheduled,original_only,statevector_norm,7,1.0000000000000004,8.392497208503152e-17,1.0000000000000004,1.0000000000000004,6,estimated,2,raw_instance,two_sided_Student_t_95_df_n_minus_1,unadjusted_exploratory
all_designs_diagnostic,original_e4,cubic_spin_glass,matched_random_selective,equal_2q_budget_128,all_scheduled,pair,original_objective_mean,2,-0.22222222222222274,0.3142696805273551,-3.045823274705494,2.6013788302610483,1,estimated,2,raw_instance,two_sided_Student_t_95_df_n_minus_1,unadjusted_exploratory
all_designs_diagnostic,original_e4,cubic_spin_glass,matched_random_selective,equal_2q_budget_128,all_scheduled,pair,encoded_energy_mean,2,24.344907407407412,6.6042463905821265,-34.9918922100898,83.68170702490463,1,estimated,2,raw_instance,two_sided_Student_t_95_df_n_minus_1,unadjusted_exploratory
all_designs_diagnostic,original_e4,cubic_spin_glass,matched_random_selective,equal_2q_budget_128,all_scheduled,pair,optimum_hit_rate,2,0.051512935099451346,0.051305631716011504,-0.40944987705779556,0.5124757472566982,1,estimated,2,raw_instance,two_sided_Student_t_95_df_n_minus_1,unadjusted_exploratory
all_designs_diagnostic,original_e4,cubic_spin_glass,matched_random_selective,equal_2q_budget_128,all_scheduled,pair,auxiliary_inconsistency_rate,2,0.8537813722501653,0.0018121340146317986,0.8374999940963166,0.8700627504040139,1,estimated,2,raw_instance,two_sided_Student_t_95_df_n_minus_1,unadjusted_exploratory
all_designs_diagnostic,original_e4,cubic_spin_glass,matched_random_selective,equal_2q_budget_128,all_scheduled,pair,statevector_norm,2,1.0000000000000002,3.1401849173675503e-16,0.9999999999999974,1.000000000000003,1,estimated,2,raw_instance,two_sided_Student_t_95_df_n_minus_1,unadjusted_exploratory
all_designs_diagnostic,original_e4,cubic_spin_glass,matched_random_selective,equal_2q_budget_128,positive_depth_only,cold,original_objective_mean,5,-2.5419213248075616,0.39863278563191423,-3.0368893032303883,-2.046953346384735,4,estimated,0,raw_instance,two_sided_Student_t_95_df_n_minus_1,unadjusted_exploratory
all_designs_diagnostic,original_e4,cubic_spin_glass,matched_random_selective,equal_2q_budget_128,positive_depth_only,cold,encoded_energy_mean,5,-2.5419213248075616,0.39863278563191423,-3.0368893032303883,-2.046953346384735,4,estimated,0,raw_instance,two_sided_Student_t_95_df_n_minus_1,unadjusted_exploratory
all_designs_diagnostic,original_e4,cubic_spin_glass,matched_random_selective,equal_2q_budget_128,positive_depth_only,cold,optimum_hit_rate,5,0.22356445757688573,0.22497769580443958,-0.0557822477023249,0.5029111628560964,4,estimated,0,raw_instance,two_sided_Student_t_95_df_n_minus_1,unadjusted_exploratory
all_designs_diagnostic,original_e4,cubic_spin_glass,matched_random_selective,equal_2q_budget_128,positive_depth_only,cold,auxiliary_inconsistency_rate,5,0.0,0.0,0.0,0.0,4,estimated,0,raw_instance,two_sided_Student_t_95_df_n_minus_1,unadjusted_exploratory
all_designs_diagnostic,original_e4,cubic_spin_glass,matched_random_selective,equal_2q_budget_128,positive_depth_only,cold,statevector_norm,5,1.0000000000000004,9.930136612989092e-17,1.0000000000000002,1.0000000000000007,4,estimated,0,raw_instance,two_sided_Student_t_95_df_n_minus_1,unadjusted_exploratory
all_designs_diagnostic,original_e4,cubic_spin_glass,matched_random_selective,equal_2q_budget_128,positive_depth_only,original_only,original_objective_mean,5,-2.161756521117772,0.21570950748515214,-2.429595250632351,-1.8939177916031933,4,estimated,0,raw_instance,two_sided_Student_t_95_df_n_minus_1,unadjusted_exploratory
all_designs_diagnostic,original_e4,cubic_spin_glass,matched_random_selective,equal_2q_budget_128,positive_depth_only,original_only,encoded_energy_mean,5,-2.161756521117772,0.21570950748515214,-2.429595250632351,-1.8939177916031933,4,estimated,0,raw_instance,two_sided_Student_t_95_df_n_minus_1,unadjusted_exploratory
all_designs_diagnostic,original_e4,cubic_spin_glass,matched_random_selective,equal_2q_budget_128,positive_depth_only,original_only,optimum_hit_rate,5,0.20787446902465204,0.21764665936432218,-0.062369552237344944,0.478118490286649,4,estimated,0,raw_instance,two_sided_Student_t_95_df_n_minus_1,unadjusted_exploratory
all_designs_diagnostic,original_e4,cubic_spin_glass,matched_random_selective,equal_2q_budget_128,positive_depth_only,original_only,auxiliary_inconsistency_rate,5,0.0,0.0,0.0,0.0,4,estimated,0,raw_instance,two_sided_Student_t_95_df_n_minus_1,unadjusted_exploratory
all_designs_diagnostic,original_e4,cubic_spin_glass,matched_random_selective,equal_2q_budget_128,positive_depth_only,original_only,statevector_norm,5,1.0000000000000004,9.930136612989092e-17,1.0000000000000002,1.0000000000000007,4,estimated,0,raw_instance,two_sided_Student_t_95_df_n_minus_1,unadjusted_exploratory
all_designs_diagnostic,original_e4,cubic_spin_glass,matched_random_selective,equal_2q_budget_128,zero_depth_only,cold,original_objective_mean,2,5.204170427930421e-18,7.359808400080195e-18,-6.092108451129938e-17,7.132942536716022e-17,1,estimated,2,raw_instance,two_sided_Student_t_95_df_n_minus_1,unadjusted_exploratory
all_designs_diagnostic,original_e4,cubic_spin_glass,matched_random_selective,equal_2q_budget_128,zero_depth_only,cold,encoded_energy_mean,2,27.449999999999996,8.768124086713186,-51.32846936428307,106.22846936428306,1,estimated,2,raw_instance,two_sided_Student_t_95_df_n_minus_1,unadjusted_exploratory
all_designs_diagnostic,original_e4,cubic_spin_glass,matched_random_selective,equal_2q_budget_128,zero_depth_only,cold,optimum_hit_rate,2,0.013671874999999997,0.00276213586400995,-0.011144931125341189,0.03848868112534118,1,estimated,2,raw_instance,two_sided_Student_t_95_df_n_minus_1,unadjusted_exploratory
all_designs_diagnostic,original_e4,cubic_spin_glass,matched_random_selective,equal_2q_budget_128,zero_depth_only,cold,auxiliary_inconsistency_rate,2,0.8749999999999998,0.0,0.8749999999999998,0.8749999999999998,1,estimated,2,raw_instance,two_sided_Student_t_95_df_n_minus_1,unadjusted_exploratory
all_designs_diagnostic,original_e4,cubic_spin_glass,matched_random_selective,equal_2q_budget_128,zero_depth_only,cold,statevector_norm,2,0.9999999999999998,0.0,0.9999999999999998,0.9999999999999998,1,estimated,2,raw_instance,two_sided_Student_t_95_df_n_minus_1,unadjusted_exploratory
all_designs_diagnostic,original_e4,cubic_spin_glass,matched_random_selective,equal_2q_budget_128,zero_depth_only,independence,original_objective_mean,2,-0.2222222222222227,0.3142696805273551,-3.045823274705494,2.6013788302610483,1,estimated,2,raw_instance,two_sided_Student_t_95_df_n_minus_1,unadjusted_exploratory
all_designs_diagnostic,original_e4,cubic_spin_glass,matched_random_selective,equal_2q_budget_128,zero_depth_only,independence,encoded_energy_mean,2,21.625564814814823,10.188086165325931,-69.91075765489464,113.16188728452428,1,estimated,2,raw_instance,two_sided_Student_t_95_df_n_minus_1,unadjusted_exploratory
all_designs_diagnostic,original_e4,cubic_spin_glass,matched_random_selective,equal_2q_budget_128,zero_depth_only,independence,optimum_hit_rate,2,0.05151293509945135,0.05130563171601151,-0.40944987705779556,0.5124757472566983,1,estimated,2,raw_instance,two_sided_Student_t_95_df_n_minus_1,unadjusted_exploratory
all_designs_diagnostic,original_e4,cubic_spin_glass,matched_random_selective,equal_2q_budget_128,zero_depth_only,independence,auxiliary_inconsistency_rate,2,0.8197278584936112,0.07067384102830013,0.18474858981047237,1.45470712717675,1,estimated,2,raw_instance,two_sided_Student_t_95_df_n_minus_1,unadjusted_exploratory
all_designs_diagnostic,original_e4,cubic_spin_glass,matched_random_selective,equal_2q_budget_128,zero_depth_only,independence,statevector_norm,2,1.0000000000000004,0.0,1.0000000000000004,1.0000000000000004,1,estimated,2,raw_instance,two_sided_Student_t_95_df_n_minus_1,unadjusted_exploratory
all_designs_diagnostic,original_e4,cubic_spin_glass,matched_random_selective,equal_2q_budget_128,zero_depth_only,original_only,original_objective_mean,2,-0.22222222222222263,0.31426968052735504,-3.045823274705493,2.6013788302610474,1,estimated,2,raw_instance,two_sided_Student_t_95_df_n_minus_1,unadjusted_exploratory
all_designs_diagnostic,original_e4,cubic_spin_glass,matched_random_selective,equal_2q_budget_128,zero_depth_only,original_only,encoded_energy_mean,2,24.656018518518533,5.771431737184651,-27.198238309898148,76.51027534693522,1,estimated,2,raw_instance,two_sided_Student_t_95_df_n_minus_1,unadjusted_exploratory
all_designs_diagnostic,original_e4,cubic_spin_glass,matched_random_selective,equal_2q_budget_128,zero_depth_only,original_only,optimum_hit_rate,2,0.051512935099451373,0.051305631716011546,-0.40944987705779584,0.5124757472566985,1,estimated,2,raw_instance,two_sided_Student_t_95_df_n_minus_1,unadjusted_exploratory
all_designs_diagnostic,original_e4,cubic_spin_glass,matched_random_selective,equal_2q_budget_128,zero_depth_only,original_only,auxiliary_inconsistency_rate,2,0.8750000000000004,1.5700924586837752e-16,0.874999999999999,0.8750000000000019,1,estimated,2,raw_instance,two_sided_Student_t_95_df_n_minus_1,unadjusted_exploratory
all_designs_diagnostic,original_e4,cubic_spin_glass,matched_random_selective,equal_2q_budget_128,zero_depth_only,original_only,statevector_norm,2,1.0000000000000004,0.0,1.0000000000000004,1.0000000000000004,1,estimated,2,raw_instance,two_sided_Student_t_95_df_n_minus_1,unadjusted_exploratory
all_designs_diagnostic,original_e4,cubic_spin_glass,matched_random_selective,equal_2q_budget_128,zero_depth_only,pair,original_objective_mean,2,-0.22222222222222274,0.3142696805273551,-3.045823274705494,2.6013788302610483,1,estimated,2,raw_instance,two_sided_Student_t_95_df_n_minus_1,unadjusted_exploratory
all_designs_diagnostic,original_e4,cubic_spin_glass,matched_random_selective,equal_2q_budget_128,zero_depth_only,pair,encoded_energy_mean,2,24.344907407407412,6.6042463905821265,-34.9918922100898,83.68170702490463,1,estimated,2,raw_instance,two_sided_Student_t_95_df_n_minus_1,unadjusted_exploratory
all_designs_diagnostic,original_e4,cubic_spin_glass,matched_random_selective,equal_2q_budget_128,zero_depth_only,pair,optimum_hit_rate,2,0.051512935099451346,0.051305631716011504,-0.40944987705779556,0.5124757472566982,1,estimated,2,raw_instance,two_sided_Student_t_95_df_n_minus_1,unadjusted_exploratory
all_designs_diagnostic,original_e4,cubic_spin_glass,matched_random_selective,equal_2q_budget_128,zero_depth_only,pair,auxiliary_inconsistency_rate,2,0.8537813722501653,0.0018121340146317986,0.8374999940963166,0.8700627504040139,1,estimated,2,raw_instance,two_sided_Student_t_95_df_n_minus_1,unadjusted_exploratory
all_designs_diagnostic,original_e4,cubic_spin_glass,matched_random_selective,equal_2q_budget_128,zero_depth_only,pair,statevector_norm,2,1.0000000000000002,3.1401849173675503e-16,0.9999999999999974,1.000000000000003,1,estimated,2,raw_instance,two_sided_Student_t_95_df_n_minus_1,unadjusted_exploratory
all_designs_diagnostic,original_e4,cubic_spin_glass,matched_random_selective,equal_2q_budget_256,all_scheduled,cold,original_objective_mean,7,-2.1427516081284033,0.8595302505620379,-2.9376845059114474,-1.3478187103453592,6,estimated,0,raw_instance,two_sided_Student_t_95_df_n_minus_1,unadjusted_exploratory
all_designs_diagnostic,original_e4,cubic_spin_glass,matched_random_selective,equal_2q_budget_256,all_scheduled,cold,encoded_energy_mean,7,5.862591480273401,15.024680489040405,-8.032920389852695,19.758103350399495,6,estimated,0,raw_instance,two_sided_Student_t_95_df_n_minus_1,unadjusted_exploratory
all_designs_diagnostic,original_e4,cubic_spin_glass,matched_random_selective,equal_2q_budget_256,all_scheduled,cold,optimum_hit_rate,7,0.16979044991848988,0.1970479227912025,-0.012448483689856044,0.35202938352683577,6,estimated,0,raw_instance,two_sided_Student_t_95_df_n_minus_1,unadjusted_exploratory
all_designs_diagnostic,original_e4,cubic_spin_glass,matched_random_selective,equal_2q_budget_256,all_scheduled,cold,auxiliary_inconsistency_rate,7,0.24234378886733662,0.4138901954526352,-0.14044079866755746,0.6251283764022307,6,estimated,0,raw_instance,two_sided_Student_t_95_df_n_minus_1,unadjusted_exploratory
all_designs_diagnostic,original_e4,cubic_spin_glass,matched_random_selective,equal_2q_budget_256,all_scheduled,cold,statevector_norm,7,1.0,3.168098221133537e-16,0.9999999999999997,1.0000000000000002,6,estimated,0,raw_instance,two_sided_Student_t_95_df_n_minus_1,unadjusted_exploratory
all_designs_diagnostic,original_e4,cubic_spin_glass,matched_random_selective,equal_2q_budget_256,all_scheduled,independence,original_objective_mean,2,-1.1964868826096526,0.07108458829479578,-1.8351565690640368,-0.5578171961552685,1,estimated,0,raw_instance,two_sided_Student_t_95_df_n_minus_1,unadjusted_exploratory
all_designs_diagnostic,original_e4,cubic_spin_glass,matched_random_selective,equal_2q_budget_256,all_scheduled,independence,encoded_energy_mean,2,24.10320889159683,5.170351131744945,-22.350552962889005,70.55697074608267,1,estimated,0,raw_instance,two_sided_Student_t_95_df_n_minus_1,unadjusted_exploratory
all_designs_diagnostic,original_e4,cubic_spin_glass,matched_random_selective,equal_2q_budget_256,all_scheduled,independence,optimum_hit_rate,2,0.06079005078660067,0.0389351090488749,-0.28902802490073815,0.41060812647393946,1,estimated,0,raw_instance,two_sided_Student_t_95_df_n_minus_1,unadjusted_exploratory
all_designs_diagnostic,original_e4,cubic_spin_glass,matched_random_selective,equal_2q_budget_256,all_scheduled,independence,auxiliary_inconsistency_rate,2,0.836354757294089,0.006304845529151421,0.7797079676897485,0.8930015468984296,1,estimated,0,raw_instance,two_sided_Student_t_95_df_n_minus_1,unadjusted_exploratory
all_designs_diagnostic,original_e4,cubic_spin_glass,matched_random_selective,equal_2q_budget_256,all_scheduled,independence,statevector_norm,2,1.0,1.5700924586837752e-16,0.9999999999999986,1.0000000000000013,1,estimated,0,raw_instance,two_sided_Student_t_95_df_n_minus_1,unadjusted_exploratory
all_designs_diagnostic,original_e4,cubic_spin_glass,matched_random_selective,equal_2q_budget_256,all_scheduled,original_only,original_objective_mean,7,-1.851227918851049,0.7028337526584061,-2.501240726771592,-1.201215110930506,6,estimated,0,raw_instance,two_sided_Student_t_95_df_n_minus_1,unadjusted_exploratory
all_designs_diagnostic,original_e4,cubic_spin_glass,matched_random_selective,equal_2q_budget_256,all_scheduled,original_only,encoded_energy_mean,7,5.65688861735702,13.58793813872169,-6.909858198648336,18.223635433362375,6,estimated,0,raw_instance,two_sided_Student_t_95_df_n_minus_1,unadjusted_exploratory
all_designs_diagnostic,original_e4,cubic_spin_glass,matched_random_selective,equal_2q_budget_256,all_scheduled,original_only,optimum_hit_rate,7,0.17037027048194014,0.17852614310211812,0.005261126070327415,0.3354794148935529,6,estimated,0,raw_instance,two_sided_Student_t_95_df_n_minus_1,unadjusted_exploratory
all_designs_diagnostic,original_e4,cubic_spin_glass,matched_random_selective,equal_2q_budget_256,all_scheduled,original_only,auxiliary_inconsistency_rate,7,0.23914171483994476,0.4085516770581871,-0.13870556665552633,0.6169889963354158,6,estimated,0,raw_instance,two_sided_Student_t_95_df_n_minus_1,unadjusted_exploratory
all_designs_diagnostic,original_e4,cubic_spin_glass,matched_random_selective,equal_2q_budget_256,all_scheduled,original_only,statevector_norm,7,1.0000000000000007,3.494075217911089e-16,1.0000000000000004,1.0000000000000009,6,estimated,0,raw_instance,two_sided_Student_t_95_df_n_minus_1,unadjusted_exploratory
all_designs_diagnostic,original_e4,cubic_spin_glass,matched_random_selective,equal_2q_budget_256,all_scheduled,pair,original_objective_mean,2,-0.9751450115600162,0.03684052415925262,-1.3061439886663888,-0.6441460344536436,1,estimated,0,raw_instance,two_sided_Student_t_95_df_n_minus_1,unadjusted_exploratory
all_designs_diagnostic,original_e4,cubic_spin_glass,matched_random_selective,equal_2q_budget_256,all_scheduled,pair,encoded_energy_mean,2,24.76887550245229,7.301781858280522,-40.83503164330732,90.3727826482119,1,estimated,0,raw_instance,two_sided_Student_t_95_df_n_minus_1,unadjusted_exploratory
all_designs_diagnostic,original_e4,cubic_spin_glass,matched_random_selective,equal_2q_budget_256,all_scheduled,pair,optimum_hit_rate,2,0.04950439472919084,0.030738590076498637,-0.22667087978730388,0.32567966924568553,1,estimated,0,raw_instance,two_sided_Student_t_95_df_n_minus_1,unadjusted_exploratory
all_designs_diagnostic,original_e4,cubic_spin_glass,matched_random_selective,equal_2q_budget_256,all_scheduled,pair,auxiliary_inconsistency_rate,2,0.8447683403601647,0.004678828997206791,0.802730729672638,0.8868059510476913,1,estimated,0,raw_instance,two_sided_Student_t_95_df_n_minus_1,unadjusted_exploratory
all_designs_diagnostic,original_e4,cubic_spin_glass,matched_random_selective,equal_2q_budget_256,all_scheduled,pair,statevector_norm,2,1.0000000000000002,3.1401849173675503e-16,0.9999999999999974,1.000000000000003,1,estimated,0,raw_instance,two_sided_Student_t_95_df_n_minus_1,unadjusted_exploratory
all_designs_diagnostic,original_e4,cubic_spin_glass,matched_random_selective,equal_2q_budget_256,positive_depth_only,cold,original_objective_mean,7,-2.1427516081284033,0.8595302505620379,-2.9376845059114474,-1.3478187103453592,6,estimated,0,raw_instance,two_sided_Student_t_95_df_n_minus_1,unadjusted_exploratory
all_designs_diagnostic,original_e4,cubic_spin_glass,matched_random_selective,equal_2q_budget_256,positive_depth_only,cold,encoded_energy_mean,7,5.862591480273401,15.024680489040405,-8.032920389852695,19.758103350399495,6,estimated,0,raw_instance,two_sided_Student_t_95_df_n_minus_1,unadjusted_exploratory
all_designs_diagnostic,original_e4,cubic_spin_glass,matched_random_selective,equal_2q_budget_256,positive_depth_only,cold,optimum_hit_rate,7,0.16979044991848988,0.1970479227912025,-0.012448483689856044,0.35202938352683577,6,estimated,0,raw_instance,two_sided_Student_t_95_df_n_minus_1,unadjusted_exploratory
all_designs_diagnostic,original_e4,cubic_spin_glass,matched_random_selective,equal_2q_budget_256,positive_depth_only,cold,auxiliary_inconsistency_rate,7,0.24234378886733662,0.4138901954526352,-0.14044079866755746,0.6251283764022307,6,estimated,0,raw_instance,two_sided_Student_t_95_df_n_minus_1,unadjusted_exploratory
all_designs_diagnostic,original_e4,cubic_spin_glass,matched_random_selective,equal_2q_budget_256,positive_depth_only,cold,statevector_norm,7,1.0,3.168098221133537e-16,0.9999999999999997,1.0000000000000002,6,estimated,0,raw_instance,two_sided_Student_t_95_df_n_minus_1,unadjusted_exploratory
all_designs_diagnostic,original_e4,cubic_spin_glass,matched_random_selective,equal_2q_budget_256,positive_depth_only,independence,original_objective_mean,2,-1.1964868826096526,0.07108458829479578,-1.8351565690640368,-0.5578171961552685,1,estimated,0,raw_instance,two_sided_Student_t_95_df_n_minus_1,unadjusted_exploratory
all_designs_diagnostic,original_e4,cubic_spin_glass,matched_random_selective,equal_2q_budget_256,positive_depth_only,independence,encoded_energy_mean,2,24.10320889159683,5.170351131744945,-22.350552962889005,70.55697074608267,1,estimated,0,raw_instance,two_sided_Student_t_95_df_n_minus_1,unadjusted_exploratory
all_designs_diagnostic,original_e4,cubic_spin_glass,matched_random_selective,equal_2q_budget_256,positive_depth_only,independence,optimum_hit_rate,2,0.06079005078660067,0.0389351090488749,-0.28902802490073815,0.41060812647393946,1,estimated,0,raw_instance,two_sided_Student_t_95_df_n_minus_1,unadjusted_exploratory
all_designs_diagnostic,original_e4,cubic_spin_glass,matched_random_selective,equal_2q_budget_256,positive_depth_only,independence,auxiliary_inconsistency_rate,2,0.836354757294089,0.006304845529151421,0.7797079676897485,0.8930015468984296,1,estimated,0,raw_instance,two_sided_Student_t_95_df_n_minus_1,unadjusted_exploratory
all_designs_diagnostic,original_e4,cubic_spin_glass,matched_random_selective,equal_2q_budget_256,positive_depth_only,independence,statevector_norm,2,1.0,1.5700924586837752e-16,0.9999999999999986,1.0000000000000013,1,estimated,0,raw_instance,two_sided_Student_t_95_df_n_minus_1,unadjusted_exploratory
all_designs_diagnostic,original_e4,cubic_spin_glass,matched_random_selective,equal_2q_budget_256,positive_depth_only,original_only,original_objective_mean,7,-1.851227918851049,0.7028337526584061,-2.501240726771592,-1.201215110930506,6,estimated,0,raw_instance,two_sided_Student_t_95_df_n_minus_1,unadjusted_exploratory
all_designs_diagnostic,original_e4,cubic_spin_glass,matched_random_selective,equal_2q_budget_256,positive_depth_only,original_only,encoded_energy_mean,7,5.65688861735702,13.58793813872169,-6.909858198648336,18.223635433362375,6,estimated,0,raw_instance,two_sided_Student_t_95_df_n_minus_1,unadjusted_exploratory
all_designs_diagnostic,original_e4,cubic_spin_glass,matched_random_selective,equal_2q_budget_256,positive_depth_only,original_only,optimum_hit_rate,7,0.17037027048194014,0.17852614310211812,0.005261126070327415,0.3354794148935529,6,estimated,0,raw_instance,two_sided_Student_t_95_df_n_minus_1,unadjusted_exploratory
all_designs_diagnostic,original_e4,cubic_spin_glass,matched_random_selective,equal_2q_budget_256,positive_depth_only,original_only,auxiliary_inconsistency_rate,7,0.23914171483994476,0.4085516770581871,-0.13870556665552633,0.6169889963354158,6,estimated,0,raw_instance,two_sided_Student_t_95_df_n_minus_1,unadjusted_exploratory
all_designs_diagnostic,original_e4,cubic_spin_glass,matched_random_selective,equal_2q_budget_256,positive_depth_only,original_only,statevector_norm,7,1.0000000000000007,3.494075217911089e-16,1.0000000000000004,1.0000000000000009,6,estimated,0,raw_instance,two_sided_Student_t_95_df_n_minus_1,unadjusted_exploratory
all_designs_diagnostic,original_e4,cubic_spin_glass,matched_random_selective,equal_2q_budget_256,positive_depth_only,pair,original_objective_mean,2,-0.9751450115600162,0.03684052415925262,-1.3061439886663888,-0.6441460344536436,1,estimated,0,raw_instance,two_sided_Student_t_95_df_n_minus_1,unadjusted_exploratory
all_designs_diagnostic,original_e4,cubic_spin_glass,matched_random_selective,equal_2q_budget_256,positive_depth_only,pair,encoded_energy_mean,2,24.76887550245229,7.301781858280522,-40.83503164330732,90.3727826482119,1,estimated,0,raw_instance,two_sided_Student_t_95_df_n_minus_1,unadjusted_exploratory
all_designs_diagnostic,original_e4,cubic_spin_glass,matched_random_selective,equal_2q_budget_256,positive_depth_only,pair,optimum_hit_rate,2,0.04950439472919084,0.030738590076498637,-0.22667087978730388,0.32567966924568553,1,estimated,0,raw_instance,two_sided_Student_t_95_df_n_minus_1,unadjusted_exploratory
all_designs_diagnostic,original_e4,cubic_spin_glass,matched_random_selective,equal_2q_budget_256,positive_depth_only,pair,auxiliary_inconsistency_rate,2,0.8447683403601647,0.004678828997206791,0.802730729672638,0.8868059510476913,1,estimated,0,raw_instance,two_sided_Student_t_95_df_n_minus_1,unadjusted_exploratory
all_designs_diagnostic,original_e4,cubic_spin_glass,matched_random_selective,equal_2q_budget_256,positive_depth_only,pair,statevector_norm,2,1.0000000000000002,3.1401849173675503e-16,0.9999999999999974,1.000000000000003,1,estimated,0,raw_instance,two_sided_Student_t_95_df_n_minus_1,unadjusted_exploratory
all_designs_diagnostic,original_e4,cubic_spin_glass,matched_random_selective,equal_layer_p1,all_scheduled,cold,original_objective_mean,7,-1.7413811791155143,0.6176251174909778,-2.312589143081478,-1.1701732151495507,6,estimated,0,raw_instance,two_sided_Student_t_95_df_n_minus_1,unadjusted_exploratory
all_designs_diagnostic,original_e4,cubic_spin_glass,matched_random_selective,equal_layer_p1,all_scheduled,cold,encoded_energy_mean,7,6.848842494784017,15.690361980587417,-7.662322072533347,21.36000706210138,6,estimated,0,raw_instance,two_sided_Student_t_95_df_n_minus_1,unadjusted_exploratory
all_designs_diagnostic,original_e4,cubic_spin_glass,matched_random_selective,equal_layer_p1,all_scheduled,cold,optimum_hit_rate,7,0.1272410736115216,0.15015645730999483,-0.01163048751412707,0.2661126347371703,6,estimated,0,raw_instance,two_sided_Student_t_95_df_n_minus_1,unadjusted_exploratory
all_designs_diagnostic,original_e4,cubic_spin_glass,matched_random_selective,equal_layer_p1,all_scheduled,cold,auxiliary_inconsistency_rate,7,0.25193645077895704,0.4302635286140964,-0.14599094431610926,0.6498638458740233,6,estimated,0,raw_instance,two_sided_Student_t_95_df_n_minus_1,unadjusted_exploratory
all_designs_diagnostic,original_e4,cubic_spin_glass,matched_random_selective,equal_layer_p1,all_scheduled,cold,statevector_norm,7,0.9999999999999999,1.8921932981504835e-16,0.9999999999999997,1.0,6,estimated,0,raw_instance,two_sided_Student_t_95_df_n_minus_1,unadjusted_exploratory
all_designs_diagnostic,original_e4,cubic_spin_glass,matched_random_selective,equal_layer_p1,all_scheduled,independence,original_objective_mean,2,-1.238522870473835,0.08574581592280749,-2.008918460908789,-0.46812728003888104,1,estimated,0,raw_instance,two_sided_Student_t_95_df_n_minus_1,unadjusted_exploratory
all_designs_diagnostic,original_e4,cubic_spin_glass,matched_random_selective,equal_layer_p1,all_scheduled,independence,encoded_energy_mean,2,25.15238727925007,9.999627694578429,-64.69070301018957,114.99547756868972,1,estimated,0,raw_instance,two_sided_Student_t_95_df_n_minus_1,unadjusted_exploratory
all_designs_diagnostic,original_e4,cubic_spin_glass,matched_random_selective,equal_layer_p1,all_scheduled,independence,optimum_hit_rate,2,0.06569716985114553,0.04582393781043083,-0.34601457661240814,0.4774089163146992,1,estimated,0,raw_instance,two_sided_Student_t_95_df_n_minus_1,unadjusted_exploratory
all_designs_diagnostic,original_e4,cubic_spin_glass,matched_random_selective,equal_layer_p1,all_scheduled,independence,auxiliary_inconsistency_rate,2,0.8543654822785259,0.07641794609877386,0.16777747712628832,1.5409534874307635,1,estimated,0,raw_instance,two_sided_Student_t_95_df_n_minus_1,unadjusted_exploratory
all_designs_diagnostic,original_e4,cubic_spin_glass,matched_random_selective,equal_layer_p1,all_scheduled,independence,statevector_norm,2,1.0000000000000004,1.5700924586837752e-16,0.999999999999999,1.0000000000000018,1,estimated,0,raw_instance,two_sided_Student_t_95_df_n_minus_1,unadjusted_exploratory
all_designs_diagnostic,original_e4,cubic_spin_glass,matched_random_selective,equal_layer_p1,all_scheduled,original_only,original_objective_mean,7,-1.6909726654126234,0.4172591285143303,-2.076872996365994,-1.3050723344592525,6,estimated,0,raw_instance,two_sided_Student_t_95_df_n_minus_1,unadjusted_exploratory
all_designs_diagnostic,original_e4,cubic_spin_glass,matched_random_selective,equal_layer_p1,all_scheduled,original_only,encoded_energy_mean,7,5.781900788340254,13.266867159480652,-6.487904897605718,18.051706474286227,6,estimated,0,raw_instance,two_sided_Student_t_95_df_n_minus_1,unadjusted_exploratory
all_designs_diagnostic,original_e4,cubic_spin_glass,matched_random_selective,equal_layer_p1,all_scheduled,original_only,optimum_hit_rate,7,0.1338964740532737,0.141765828938163,0.0027849499030304647,0.26500799820351695,6,estimated,0,raw_instance,two_sided_Student_t_95_df_n_minus_1,unadjusted_exploratory
all_designs_diagnostic,original_e4,cubic_spin_glass,matched_random_selective,equal_layer_p1,all_scheduled,original_only,auxiliary_inconsistency_rate,7,0.2453952079193536,0.4191996880063011,-0.14229984122952466,0.6330902570682319,6,estimated,0,raw_instance,two_sided_Student_t_95_df_n_minus_1,unadjusted_exploratory
all_designs_diagnostic,original_e4,cubic_spin_glass,matched_random_selective,equal_layer_p1,all_scheduled,original_only,statevector_norm,7,1.0000000000000004,4.519498061120574e-16,1.0,1.0000000000000009,6,estimated,0,raw_instance,two_sided_Student_t_95_df_n_minus_1,unadjusted_exploratory
all_designs_diagnostic,original_e4,cubic_spin_glass,matched_random_selective,equal_layer_p1,all_scheduled,pair,original_objective_mean,2,-1.0927068375869955,0.09264146625112506,-1.925057388143848,-0.260356287030143,1,estimated,0,raw_instance,two_sided_Student_t_95_df_n_minus_1,unadjusted_exploratory
all_designs_diagnostic,original_e4,cubic_spin_glass,matched_random_selective,equal_layer_p1,all_scheduled,pair,encoded_energy_mean,2,25.682104683649104,7.221713922219096,-39.20242059824811,90.56662996554631,1,estimated,0,raw_instance,two_sided_Student_t_95_df_n_minus_1,unadjusted_exploratory
all_designs_diagnostic,original_e4,cubic_spin_glass,matched_random_selective,equal_layer_p1,all_scheduled,pair,optimum_hit_rate,2,0.05510717795320704,0.032310915800661505,-0.23519488271123215,0.3454092386176462,1,estimated,0,raw_instance,two_sided_Student_t_95_df_n_minus_1,unadjusted_exploratory
all_designs_diagnostic,original_e4,cubic_spin_glass,matched_random_selective,equal_layer_p1,all_scheduled,pair,auxiliary_inconsistency_rate,2,0.8615414345888877,0.015354370423460367,0.7235878896743728,0.9994949795034025,1,estimated,0,raw_instance,two_sided_Student_t_95_df_n_minus_1,unadjusted_exploratory
all_designs_diagnostic,original_e4,cubic_spin_glass,matched_random_selective,equal_layer_p1,all_scheduled,pair,statevector_norm,2,1.0000000000000004,1.5700924586837752e-16,0.999999999999999,1.0000000000000018,1,estimated,0,raw_instance,two_sided_Student_t_95_df_n_minus_1,unadjusted_exploratory
all_designs_diagnostic,original_e4,cubic_spin_glass,matched_random_selective,equal_layer_p1,positive_depth_only,cold,original_objective_mean,7,-1.7413811791155143,0.6176251174909778,-2.312589143081478,-1.1701732151495507,6,estimated,0,raw_instance,two_sided_Student_t_95_df_n_minus_1,unadjusted_exploratory
all_designs_diagnostic,original_e4,cubic_spin_glass,matched_random_selective,equal_layer_p1,positive_depth_only,cold,encoded_energy_mean,7,6.848842494784017,15.690361980587417,-7.662322072533347,21.36000706210138,6,estimated,0,raw_instance,two_sided_Student_t_95_df_n_minus_1,unadjusted_exploratory
all_designs_diagnostic,original_e4,cubic_spin_glass,matched_random_selective,equal_layer_p1,positive_depth_only,cold,optimum_hit_rate,7,0.1272410736115216,0.15015645730999483,-0.01163048751412707,0.2661126347371703,6,estimated,0,raw_instance,two_sided_Student_t_95_df_n_minus_1,unadjusted_exploratory
all_designs_diagnostic,original_e4,cubic_spin_glass,matched_random_selective,equal_layer_p1,positive_depth_only,cold,auxiliary_inconsistency_rate,7,0.25193645077895704,0.4302635286140964,-0.14599094431610926,0.6498638458740233,6,estimated,0,raw_instance,two_sided_Student_t_95_df_n_minus_1,unadjusted_exploratory
all_designs_diagnostic,original_e4,cubic_spin_glass,matched_random_selective,equal_layer_p1,positive_depth_only,cold,statevector_norm,7,0.9999999999999999,1.8921932981504835e-16,0.9999999999999997,1.0,6,estimated,0,raw_instance,two_sided_Student_t_95_df_n_minus_1,unadjusted_exploratory
all_designs_diagnostic,original_e4,cubic_spin_glass,matched_random_selective,equal_layer_p1,positive_depth_only,independence,original_objective_mean,2,-1.238522870473835,0.08574581592280749,-2.008918460908789,-0.46812728003888104,1,estimated,0,raw_instance,two_sided_Student_t_95_df_n_minus_1,unadjusted_exploratory
all_designs_diagnostic,original_e4,cubic_spin_glass,matched_random_selective,equal_layer_p1,positive_depth_only,independence,encoded_energy_mean,2,25.15238727925007,9.999627694578429,-64.69070301018957,114.99547756868972,1,estimated,0,raw_instance,two_sided_Student_t_95_df_n_minus_1,unadjusted_exploratory
all_designs_diagnostic,original_e4,cubic_spin_glass,matched_random_selective,equal_layer_p1,positive_depth_only,independence,optimum_hit_rate,2,0.06569716985114553,0.04582393781043083,-0.34601457661240814,0.4774089163146992,1,estimated,0,raw_instance,two_sided_Student_t_95_df_n_minus_1,unadjusted_exploratory
all_designs_diagnostic,original_e4,cubic_spin_glass,matched_random_selective,equal_layer_p1,positive_depth_only,independence,auxiliary_inconsistency_rate,2,0.8543654822785259,0.07641794609877386,0.16777747712628832,1.5409534874307635,1,estimated,0,raw_instance,two_sided_Student_t_95_df_n_minus_1,unadjusted_exploratory
all_designs_diagnostic,original_e4,cubic_spin_glass,matched_random_selective,equal_layer_p1,positive_depth_only,independence,statevector_norm,2,1.0000000000000004,1.5700924586837752e-16,0.999999999999999,1.0000000000000018,1,estimated,0,raw_instance,two_sided_Student_t_95_df_n_minus_1,unadjusted_exploratory
all_designs_diagnostic,original_e4,cubic_spin_glass,matched_random_selective,equal_layer_p1,positive_depth_only,original_only,original_objective_mean,7,-1.6909726654126234,0.4172591285143303,-2.076872996365994,-1.3050723344592525,6,estimated,0,raw_instance,two_sided_Student_t_95_df_n_minus_1,unadjusted_exploratory
all_designs_diagnostic,original_e4,cubic_spin_glass,matched_random_selective,equal_layer_p1,positive_depth_only,original_only,encoded_energy_mean,7,5.781900788340254,13.266867159480652,-6.487904897605718,18.051706474286227,6,estimated,0,raw_instance,two_sided_Student_t_95_df_n_minus_1,unadjusted_exploratory
all_designs_diagnostic,original_e4,cubic_spin_glass,matched_random_selective,equal_layer_p1,positive_depth_only,original_only,optimum_hit_rate,7,0.1338964740532737,0.141765828938163,0.0027849499030304647,0.26500799820351695,6,estimated,0,raw_instance,two_sided_Student_t_95_df_n_minus_1,unadjusted_exploratory
all_designs_diagnostic,original_e4,cubic_spin_glass,matched_random_selective,equal_layer_p1,positive_depth_only,original_only,auxiliary_inconsistency_rate,7,0.2453952079193536,0.4191996880063011,-0.14229984122952466,0.6330902570682319,6,estimated,0,raw_instance,two_sided_Student_t_95_df_n_minus_1,unadjusted_exploratory
all_designs_diagnostic,original_e4,cubic_spin_glass,matched_random_selective,equal_layer_p1,positive_depth_only,original_only,statevector_norm,7,1.0000000000000004,4.519498061120574e-16,1.0,1.0000000000000009,6,estimated,0,raw_instance,two_sided_Student_t_95_df_n_minus_1,unadjusted_exploratory
all_designs_diagnostic,original_e4,cubic_spin_glass,matched_random_selective,equal_layer_p1,positive_depth_only,pair,original_objective_mean,2,-1.0927068375869955,0.09264146625112506,-1.925057388143848,-0.260356287030143,1,estimated,0,raw_instance,two_sided_Student_t_95_df_n_minus_1,unadjusted_exploratory
all_designs_diagnostic,original_e4,cubic_spin_glass,matched_random_selective,equal_layer_p1,positive_depth_only,pair,encoded_energy_mean,2,25.682104683649104,7.221713922219096,-39.20242059824811,90.56662996554631,1,estimated,0,raw_instance,two_sided_Student_t_95_df_n_minus_1,unadjusted_exploratory
all_designs_diagnostic,original_e4,cubic_spin_glass,matched_random_selective,equal_layer_p1,positive_depth_only,pair,optimum_hit_rate,2,0.05510717795320704,0.032310915800661505,-0.23519488271123215,0.3454092386176462,1,estimated,0,raw_instance,two_sided_Student_t_95_df_n_minus_1,unadjusted_exploratory
all_designs_diagnostic,original_e4,cubic_spin_glass,matched_random_selective,equal_layer_p1,positive_depth_only,pair,auxiliary_inconsistency_rate,2,0.8615414345888877,0.015354370423460367,0.7235878896743728,0.9994949795034025,1,estimated,0,raw_instance,two_sided_Student_t_95_df_n_minus_1,unadjusted_exploratory
all_designs_diagnostic,original_e4,cubic_spin_glass,matched_random_selective,equal_layer_p1,positive_depth_only,pair,statevector_norm,2,1.0000000000000004,1.5700924586837752e-16,0.999999999999999,1.0000000000000018,1,estimated,0,raw_instance,two_sided_Student_t_95_df_n_minus_1,unadjusted_exploratory
all_designs_diagnostic,original_e4,cubic_spin_glass,matched_random_selective,equal_layer_p2,all_scheduled,cold,original_objective_mean,7,-2.0478804708673333,0.6291513657258864,-2.6297484365074104,-1.4660125052272561,6,estimated,0,raw_instance,two_sided_Student_t_95_df_n_minus_1,unadjusted_exploratory
all_designs_diagnostic,original_e4,cubic_spin_glass,matched_random_selective,equal_layer_p2,all_scheduled,cold,encoded_energy_mean,7,6.0376430247969575,15.121405464362924,-7.947324527512339,20.022610577106253,6,estimated,0,raw_instance,two_sided_Student_t_95_df_n_minus_1,unadjusted_exploratory
all_designs_diagnostic,original_e4,cubic_spin_glass,matched_random_selective,equal_layer_p2,all_scheduled,cold,optimum_hit_rate,7,0.15264409542327012,0.18192027828452642,-0.015604100481009603,0.3208922913275498,6,estimated,0,raw_instance,two_sided_Student_t_95_df_n_minus_1,unadjusted_exploratory
all_designs_diagnostic,original_e4,cubic_spin_glass,matched_random_selective,equal_layer_p2,all_scheduled,cold,auxiliary_inconsistency_rate,7,0.24599868507423053,0.42024582347835143,-0.1426638780181382,0.6346612481665993,6,estimated,0,raw_instance,two_sided_Student_t_95_df_n_minus_1,unadjusted_exploratory
all_designs_diagnostic,original_e4,cubic_spin_glass,matched_random_selective,equal_layer_p2,all_scheduled,cold,statevector_norm,7,1.0000000000000002,2.772912913452514e-16,1.0,1.0000000000000004,6,estimated,0,raw_instance,two_sided_Student_t_95_df_n_minus_1,unadjusted_exploratory
all_designs_diagnostic,original_e4,cubic_spin_glass,matched_random_selective,equal_layer_p2,all_scheduled,independence,original_objective_mean,2,-1.151087941899644,0.20922910466862013,-3.0309368638863288,0.7287609800870407,1,estimated,0,raw_instance,two_sided_Student_t_95_df_n_minus_1,unadjusted_exploratory
all_designs_diagnostic,original_e4,cubic_spin_glass,matched_random_selective,equal_layer_p2,all_scheduled,independence,encoded_energy_mean,2,24.07972246910464,7.197142228097529,-40.584034900130646,88.74347983833992,1,estimated,0,raw_instance,two_sided_Student_t_95_df_n_minus_1,unadjusted_exploratory
all_designs_diagnostic,original_e4,cubic_spin_glass,matched_random_selective,equal_layer_p2,all_scheduled,independence,optimum_hit_rate,2,0.04448344033447606,0.019215039913727743,-0.12815684374532121,0.2171237244142733,1,estimated,0,raw_instance,two_sided_Student_t_95_df_n_minus_1,unadjusted_exploratory
all_designs_diagnostic,original_e4,cubic_spin_glass,matched_random_selective,equal_layer_p2,all_scheduled,independence,auxiliary_inconsistency_rate,2,0.8403066981904754,0.011250149343423239,0.7392281166569991,0.9413852797239518,1,estimated,0,raw_instance,two_sided_Student_t_95_df_n_minus_1,unadjusted_exploratory
all_designs_diagnostic,original_e4,cubic_spin_glass,matched_random_selective,equal_layer_p2,all_scheduled,independence,statevector_norm,2,1.0000000000000004,1.5700924586837752e-16,0.999999999999999,1.0000000000000018,1,estimated,0,raw_instance,two_sided_Student_t_95_df_n_minus_1,unadjusted_exploratory
all_designs_diagnostic,original_e4,cubic_spin_glass,matched_random_selective,equal_layer_p2,all_scheduled,original_only,original_objective_mean,7,-1.876722593283525,0.5712477139230069,-2.4050386127416203,-1.3484065738254296,6,estimated,0,raw_instance,two_sided_Student_t_95_df_n_minus_1,unadjusted_exploratory
all_designs_diagnostic,original_e4,cubic_spin_glass,matched_random_selective,equal_layer_p2,all_scheduled,original_only,encoded_energy_mean,7,5.241725946873994,13.025513451094492,-6.804864788030245,17.288316681778234,6,estimated,0,raw_instance,two_sided_Student_t_95_df_n_minus_1,unadjusted_exploratory
all_designs_diagnostic,original_e4,cubic_spin_glass,matched_random_selective,equal_layer_p2,all_scheduled,original_only,optimum_hit_rate,7,0.14805439721481933,0.17537302983563358,-0.014138603798319938,0.3102473982279586,6,estimated,0,raw_instance,two_sided_Student_t_95_df_n_minus_1,unadjusted_exploratory
all_designs_diagnostic,original_e4,cubic_spin_glass,matched_random_selective,equal_layer_p2,all_scheduled,original_only,auxiliary_inconsistency_rate,7,0.2386817865418982,0.4077321410957248,-0.1384075506030959,0.6157711236868924,6,estimated,0,raw_instance,two_sided_Student_t_95_df_n_minus_1,unadjusted_exploratory
all_designs_diagnostic,original_e4,cubic_spin_glass,matched_random_selective,equal_layer_p2,all_scheduled,original_only,statevector_norm,7,1.0000000000000002,3.1025765556947777e-16,0.9999999999999999,1.0000000000000004,6,estimated,0,raw_instance,two_sided_Student_t_95_df_n_minus_1,unadjusted_exploratory
all_designs_diagnostic,original_e4,cubic_spin_glass,matched_random_selective,equal_layer_p2,all_scheduled,pair,original_objective_mean,2,-1.1223210663585812,0.31239148331442157,-3.9290471864006724,1.68440505368351,1,estimated,0,raw_instance,two_sided_Student_t_95_df_n_minus_1,unadjusted_exploratory
all_designs_diagnostic,original_e4,cubic_spin_glass,matched_random_selective,equal_layer_p2,all_scheduled,pair,encoded_energy_mean,2,24.481869455469173,9.630658933314393,-62.04616803953491,111.00990695047327,1,estimated,0,raw_instance,two_sided_Student_t_95_df_n_minus_1,unadjusted_exploratory
all_designs_diagnostic,original_e4,cubic_spin_glass,matched_random_selective,equal_layer_p2,all_scheduled,pair,optimum_hit_rate,2,0.036561855946549426,0.012125744527280283,-0.07238363619230058,0.14550734808539945,1,estimated,0,raw_instance,two_sided_Student_t_95_df_n_minus_1,unadjusted_exploratory
all_designs_diagnostic,original_e4,cubic_spin_glass,matched_random_selective,equal_layer_p2,all_scheduled,pair,auxiliary_inconsistency_rate,2,0.8397581931238285,0.021968734312806645,0.6423769464719842,1.0371394397756728,1,estimated,0,raw_instance,two_sided_Student_t_95_df_n_minus_1,unadjusted_exploratory
all_designs_diagnostic,original_e4,cubic_spin_glass,matched_random_selective,equal_layer_p2,all_scheduled,pair,statevector_norm,2,1.0,4.710277376051325e-16,0.9999999999999958,1.0000000000000042,1,estimated,0,raw_instance,two_sided_Student_t_95_df_n_minus_1,unadjusted_exploratory
all_designs_diagnostic,original_e4,cubic_spin_glass,matched_random_selective,equal_layer_p2,positive_depth_only,cold,original_objective_mean,7,-2.0478804708673333,0.6291513657258864,-2.6297484365074104,-1.4660125052272561,6,estimated,0,raw_instance,two_sided_Student_t_95_df_n_minus_1,unadjusted_exploratory
all_designs_diagnostic,original_e4,cubic_spin_glass,matched_random_selective,equal_layer_p2,positive_depth_only,cold,encoded_energy_mean,7,6.0376430247969575,15.121405464362924,-7.947324527512339,20.022610577106253,6,estimated,0,raw_instance,two_sided_Student_t_95_df_n_minus_1,unadjusted_exploratory
all_designs_diagnostic,original_e4,cubic_spin_glass,matched_random_selective,equal_layer_p2,positive_depth_only,cold,optimum_hit_rate,7,0.15264409542327012,0.18192027828452642,-0.015604100481009603,0.3208922913275498,6,estimated,0,raw_instance,two_sided_Student_t_95_df_n_minus_1,unadjusted_exploratory
all_designs_diagnostic,original_e4,cubic_spin_glass,matched_random_selective,equal_layer_p2,positive_depth_only,cold,auxiliary_inconsistency_rate,7,0.24599868507423053,0.42024582347835143,-0.1426638780181382,0.6346612481665993,6,estimated,0,raw_instance,two_sided_Student_t_95_df_n_minus_1,unadjusted_exploratory
all_designs_diagnostic,original_e4,cubic_spin_glass,matched_random_selective,equal_layer_p2,positive_depth_only,cold,statevector_norm,7,1.0000000000000002,2.772912913452514e-16,1.0,1.0000000000000004,6,estimated,0,raw_instance,two_sided_Student_t_95_df_n_minus_1,unadjusted_exploratory
all_designs_diagnostic,original_e4,cubic_spin_glass,matched_random_selective,equal_layer_p2,positive_depth_only,independence,original_objective_mean,2,-1.151087941899644,0.20922910466862013,-3.0309368638863288,0.7287609800870407,1,estimated,0,raw_instance,two_sided_Student_t_95_df_n_minus_1,unadjusted_exploratory
all_designs_diagnostic,original_e4,cubic_spin_glass,matched_random_selective,equal_layer_p2,positive_depth_only,independence,encoded_energy_mean,2,24.07972246910464,7.197142228097529,-40.584034900130646,88.74347983833992,1,estimated,0,raw_instance,two_sided_Student_t_95_df_n_minus_1,unadjusted_exploratory
all_designs_diagnostic,original_e4,cubic_spin_glass,matched_random_selective,equal_layer_p2,positive_depth_only,independence,optimum_hit_rate,2,0.04448344033447606,0.019215039913727743,-0.12815684374532121,0.2171237244142733,1,estimated,0,raw_instance,two_sided_Student_t_95_df_n_minus_1,unadjusted_exploratory
all_designs_diagnostic,original_e4,cubic_spin_glass,matched_random_selective,equal_layer_p2,positive_depth_only,independence,auxiliary_inconsistency_rate,2,0.8403066981904754,0.011250149343423239,0.7392281166569991,0.9413852797239518,1,estimated,0,raw_instance,two_sided_Student_t_95_df_n_minus_1,unadjusted_exploratory
all_designs_diagnostic,original_e4,cubic_spin_glass,matched_random_selective,equal_layer_p2,positive_depth_only,independence,statevector_norm,2,1.0000000000000004,1.5700924586837752e-16,0.999999999999999,1.0000000000000018,1,estimated,0,raw_instance,two_sided_Student_t_95_df_n_minus_1,unadjusted_exploratory
all_designs_diagnostic,original_e4,cubic_spin_glass,matched_random_selective,equal_layer_p2,positive_depth_only,original_only,original_objective_mean,7,-1.876722593283525,0.5712477139230069,-2.4050386127416203,-1.3484065738254296,6,estimated,0,raw_instance,two_sided_Student_t_95_df_n_minus_1,unadjusted_exploratory
all_designs_diagnostic,original_e4,cubic_spin_glass,matched_random_selective,equal_layer_p2,positive_depth_only,original_only,encoded_energy_mean,7,5.241725946873994,13.025513451094492,-6.804864788030245,17.288316681778234,6,estimated,0,raw_instance,two_sided_Student_t_95_df_n_minus_1,unadjusted_exploratory
all_designs_diagnostic,original_e4,cubic_spin_glass,matched_random_selective,equal_layer_p2,positive_depth_only,original_only,optimum_hit_rate,7,0.14805439721481933,0.17537302983563358,-0.014138603798319938,0.3102473982279586,6,estimated,0,raw_instance,two_sided_Student_t_95_df_n_minus_1,unadjusted_exploratory
all_designs_diagnostic,original_e4,cubic_spin_glass,matched_random_selective,equal_layer_p2,positive_depth_only,original_only,auxiliary_inconsistency_rate,7,0.2386817865418982,0.4077321410957248,-0.1384075506030959,0.6157711236868924,6,estimated,0,raw_instance,two_sided_Student_t_95_df_n_minus_1,unadjusted_exploratory
all_designs_diagnostic,original_e4,cubic_spin_glass,matched_random_selective,equal_layer_p2,positive_depth_only,original_only,statevector_norm,7,1.0000000000000002,3.1025765556947777e-16,0.9999999999999999,1.0000000000000004,6,estimated,0,raw_instance,two_sided_Student_t_95_df_n_minus_1,unadjusted_exploratory
all_designs_diagnostic,original_e4,cubic_spin_glass,matched_random_selective,equal_layer_p2,positive_depth_only,pair,original_objective_mean,2,-1.1223210663585812,0.31239148331442157,-3.9290471864006724,1.68440505368351,1,estimated,0,raw_instance,two_sided_Student_t_95_df_n_minus_1,unadjusted_exploratory
all_designs_diagnostic,original_e4,cubic_spin_glass,matched_random_selective,equal_layer_p2,positive_depth_only,pair,encoded_energy_mean,2,24.481869455469173,9.630658933314393,-62.04616803953491,111.00990695047327,1,estimated,0,raw_instance,two_sided_Student_t_95_df_n_minus_1,unadjusted_exploratory
all_designs_diagnostic,original_e4,cubic_spin_glass,matched_random_selective,equal_layer_p2,positive_depth_only,pair,optimum_hit_rate,2,0.036561855946549426,0.012125744527280283,-0.07238363619230058,0.14550734808539945,1,estimated,0,raw_instance,two_sided_Student_t_95_df_n_minus_1,unadjusted_exploratory
all_designs_diagnostic,original_e4,cubic_spin_glass,matched_random_selective,equal_layer_p2,positive_depth_only,pair,auxiliary_inconsistency_rate,2,0.8397581931238285,0.021968734312806645,0.6423769464719842,1.0371394397756728,1,estimated,0,raw_instance,two_sided_Student_t_95_df_n_minus_1,unadjusted_exploratory
all_designs_diagnostic,original_e4,cubic_spin_glass,matched_random_selective,equal_layer_p2,positive_depth_only,pair,statevector_norm,2,1.0,4.710277376051325e-16,0.9999999999999958,1.0000000000000042,1,estimated,0,raw_instance,two_sided_Student_t_95_df_n_minus_1,unadjusted_exploratory
all_designs_diagnostic,original_e4,cubic_spin_glass,selective,equal_2q_budget_128,all_scheduled,cold,original_objective_mean,7,-1.7491316786706599,1.376735441384356,-3.022399598193748,-0.47586375914757184,6,estimated,2,raw_instance,two_sided_Student_t_95_df_n_minus_1,unadjusted_exploratory
all_designs_diagnostic,original_e4,cubic_spin_glass,selective,equal_2q_budget_128,all_scheduled,cold,encoded_energy_mean,7,7.036582607043623,16.216345512879098,-7.961035593799008,22.034200807886254,6,estimated,2,raw_instance,two_sided_Student_t_95_df_n_minus_1,unadjusted_exploratory
all_designs_diagnostic,original_e4,cubic_spin_glass,selective,equal_2q_budget_128,all_scheduled,cold,optimum_hit_rate,7,0.15833479371777764,0.21172445948140745,-0.03747767244853811,0.3541472598840934,6,estimated,2,raw_instance,two_sided_Student_t_95_df_n_minus_1,unadjusted_exploratory
all_designs_diagnostic,original_e4,cubic_spin_glass,selective,equal_2q_budget_128,all_scheduled,cold,auxiliary_inconsistency_rate,7,0.24999999999999997,0.4269562819149832,-0.1448687020467526,0.6448687020467525,6,estimated,2,raw_instance,two_sided_Student_t_95_df_n_minus_1,unadjusted_exploratory
all_designs_diagnostic,original_e4,cubic_spin_glass,selective,equal_2q_budget_128,all_scheduled,cold,statevector_norm,7,0.9999999999999999,3.130825179953953e-16,0.9999999999999996,1.0000000000000002,6,estimated,2,raw_instance,two_sided_Student_t_95_df_n_minus_1,unadjusted_exploratory
all_designs_diagnostic,original_e4,cubic_spin_glass,selective,equal_2q_budget_128,all_scheduled,independence,original_objective_mean,2,-0.2222222222222227,0.31426968052735504,-3.045823274705493,2.6013788302610474,1,estimated,2,raw_instance,two_sided_Student_t_95_df_n_minus_1,unadjusted_exploratory
all_designs_diagnostic,original_e4,cubic_spin_glass,selective,equal_2q_budget_128,all_scheduled,independence,encoded_energy_mean,2,23.26851851851852,2.5010628741968635,0.797360142505859,45.73967689453118,1,estimated,2,raw_instance,two_sided_Student_t_95_df_n_minus_1,unadjusted_exploratory
all_designs_diagnostic,original_e4,cubic_spin_glass,selective,equal_2q_budget_128,all_scheduled,independence,optimum_hit_rate,2,0.051512935099451346,0.051305631716011504,-0.40944987705779556,0.5124757472566982,1,estimated,2,raw_instance,two_sided_Student_t_95_df_n_minus_1,unadjusted_exploratory
all_designs_diagnostic,original_e4,cubic_spin_glass,selective,equal_2q_budget_128,all_scheduled,independence,auxiliary_inconsistency_rate,2,0.8076012281643212,0.08698470980735008,0.026074617802661293,1.589127838525981,1,estimated,2,raw_instance,two_sided_Student_t_95_df_n_minus_1,unadjusted_exploratory
all_designs_diagnostic,original_e4,cubic_spin_glass,selective,equal_2q_budget_128,all_scheduled,independence,statevector_norm,2,1.0000000000000002,3.1401849173675503e-16,0.9999999999999974,1.000000000000003,1,estimated,2,raw_instance,two_sided_Student_t_95_df_n_minus_1,unadjusted_exploratory
all_designs_diagnostic,original_e4,cubic_spin_glass,selective,equal_2q_budget_128,all_scheduled,original_only,original_objective_mean,7,-1.4920852876254076,0.9179335460965617,-2.3410322249713182,-0.6431383502794967,6,estimated,2,raw_instance,two_sided_Student_t_95_df_n_minus_1,unadjusted_exploratory
all_designs_diagnostic,original_e4,cubic_spin_glass,selective,equal_2q_budget_128,all_scheduled,original_only,encoded_energy_mean,7,6.412412066871951,14.4116380729163,-6.916130131163145,19.740954264907046,6,estimated,2,raw_instance,two_sided_Student_t_95_df_n_minus_1,unadjusted_exploratory
all_designs_diagnostic,original_e4,cubic_spin_glass,selective,equal_2q_budget_128,all_scheduled,original_only,optimum_hit_rate,7,0.14813010417364508,0.16590079246883252,-0.005302538383748917,0.3015627467310391,6,estimated,2,raw_instance,two_sided_Student_t_95_df_n_minus_1,unadjusted_exploratory
all_designs_diagnostic,original_e4,cubic_spin_glass,selective,equal_2q_budget_128,all_scheduled,original_only,auxiliary_inconsistency_rate,7,0.2500000000000001,0.4269562819149835,-0.14486870204675278,0.644868702046753,6,estimated,2,raw_instance,two_sided_Student_t_95_df_n_minus_1,unadjusted_exploratory
all_designs_diagnostic,original_e4,cubic_spin_glass,selective,equal_2q_budget_128,all_scheduled,original_only,statevector_norm,7,1.0000000000000002,2.8971341217725906e-16,1.0,1.0000000000000004,6,estimated,2,raw_instance,two_sided_Student_t_95_df_n_minus_1,unadjusted_exploratory
all_designs_diagnostic,original_e4,cubic_spin_glass,selective,equal_2q_budget_128,all_scheduled,pair,original_objective_mean,2,-0.22222222222222263,0.31426968052735504,-3.045823274705493,2.6013788302610474,1,estimated,2,raw_instance,two_sided_Student_t_95_df_n_minus_1,unadjusted_exploratory
all_designs_diagnostic,original_e4,cubic_spin_glass,selective,equal_2q_budget_128,all_scheduled,pair,encoded_energy_mean,2,26.69351851851852,3.756832139304098,-7.060279063041978,60.44731610007902,1,estimated,2,raw_instance,two_sided_Student_t_95_df_n_minus_1,unadjusted_exploratory
all_designs_diagnostic,original_e4,cubic_spin_glass,selective,equal_2q_budget_128,all_scheduled,pair,optimum_hit_rate,2,0.05151293509945134,0.05130563171601149,-0.4094498770577954,0.5124757472566981,1,estimated,2,raw_instance,two_sided_Student_t_95_df_n_minus_1,unadjusted_exploratory
all_designs_diagnostic,original_e4,cubic_spin_glass,selective,equal_2q_budget_128,all_scheduled,pair,auxiliary_inconsistency_rate,2,0.862511431184271,0.017661503393834464,0.7038291189498043,1.0211937434187377,1,estimated,2,raw_instance,two_sided_Student_t_95_df_n_minus_1,unadjusted_exploratory
all_designs_diagnostic,original_e4,cubic_spin_glass,selective,equal_2q_budget_128,all_scheduled,pair,statevector_norm,2,1.0000000000000002,3.925231146709438e-16,0.9999999999999967,1.0000000000000038,1,estimated,2,raw_instance,two_sided_Student_t_95_df_n_minus_1,unadjusted_exploratory
all_designs_diagnostic,original_e4,cubic_spin_glass,selective,equal_2q_budget_128,positive_depth_only,cold,original_objective_mean,5,-2.448784350138924,0.8375425797027863,-3.4887308183185803,-1.4088378819592673,4,estimated,0,raw_instance,two_sided_Student_t_95_df_n_minus_1,unadjusted_exploratory
all_designs_diagnostic,original_e4,cubic_spin_glass,selective,equal_2q_budget_128,positive_depth_only,cold,encoded_energy_mean,5,-2.448784350138924,0.8375425797027863,-3.4887308183185803,-1.4088378819592673,4,estimated,0,raw_instance,two_sided_Student_t_95_df_n_minus_1,unadjusted_exploratory
all_designs_diagnostic,original_e4,cubic_spin_glass,selective,equal_2q_budget_128,positive_depth_only,cold,optimum_hit_rate,5,0.21619996120488869,0.22932468408142628,-0.06854424291847014,0.5009441653282475,4,estimated,0,raw_instance,two_sided_Student_t_95_df_n_minus_1,unadjusted_exploratory
all_designs_diagnostic,original_e4,cubic_spin_glass,selective,equal_2q_budget_128,positive_depth_only,cold,auxiliary_inconsistency_rate,5,0.0,0.0,0.0,0.0,4,estimated,0,raw_instance,two_sided_Student_t_95_df_n_minus_1,unadjusted_exploratory
all_designs_diagnostic,original_e4,cubic_spin_glass,selective,equal_2q_budget_128,positive_depth_only,cold,statevector_norm,5,0.9999999999999998,3.797547027170516e-16,0.9999999999999993,1.0000000000000002,4,estimated,0,raw_instance,two_sided_Student_t_95_df_n_minus_1,unadjusted_exploratory
all_designs_diagnostic,original_e4,cubic_spin_glass,selective,equal_2q_budget_128,positive_depth_only,original_only,original_objective_mean,5,-2.000030513786682,0.3323027100954789,-2.4126388254177806,-1.587422202155583,4,estimated,0,raw_instance,two_sided_Student_t_95_df_n_minus_1,unadjusted_exploratory
all_designs_diagnostic,original_e4,cubic_spin_glass,selective,equal_2q_budget_128,positive_depth_only,original_only,encoded_energy_mean,5,-2.000030513786682,0.3323027100954789,-2.4126388254177806,-1.587422202155583,4,estimated,0,raw_instance,two_sided_Student_t_95_df_n_minus_1,unadjusted_exploratory
all_designs_diagnostic,original_e4,cubic_spin_glass,selective,equal_2q_budget_128,positive_depth_only,original_only,optimum_hit_rate,5,0.18677697180332256,0.18464053807140315,-0.042484536928910216,0.41603848053555537,4,estimated,0,raw_instance,two_sided_Student_t_95_df_n_minus_1,unadjusted_exploratory
all_designs_diagnostic,original_e4,cubic_spin_glass,selective,equal_2q_budget_128,positive_depth_only,original_only,auxiliary_inconsistency_rate,5,0.0,0.0,0.0,0.0,4,estimated,0,raw_instance,two_sided_Student_t_95_df_n_minus_1,unadjusted_exploratory
all_designs_diagnostic,original_e4,cubic_spin_glass,selective,equal_2q_budget_128,positive_depth_only,original_only,statevector_norm,5,1.0000000000000002,3.1006841635969763e-16,0.9999999999999999,1.0000000000000007,4,estimated,0,raw_instance,two_sided_Student_t_95_df_n_minus_1,unadjusted_exploratory
all_designs_diagnostic,original_e4,cubic_spin_glass,selective,equal_2q_budget_128,zero_depth_only,cold,original_objective_mean,2,5.204170427930421e-18,7.359808400080195e-18,-6.092108451129938e-17,7.132942536716022e-17,1,estimated,2,raw_instance,two_sided_Student_t_95_df_n_minus_1,unadjusted_exploratory
all_designs_diagnostic,original_e4,cubic_spin_glass,selective,equal_2q_budget_128,zero_depth_only,cold,encoded_energy_mean,2,30.74999999999999,0.7071067811865476,24.396897631912644,37.103102368087335,1,estimated,2,raw_instance,two_sided_Student_t_95_df_n_minus_1,unadjusted_exploratory
all_designs_diagnostic,original_e4,cubic_spin_glass,selective,equal_2q_budget_128,zero_depth_only,cold,optimum_hit_rate,2,0.013671874999999998,0.0027621358640099515,-0.011144931125341201,0.0384886811253412,1,estimated,2,raw_instance,two_sided_Student_t_95_df_n_minus_1,unadjusted_exploratory
all_designs_diagnostic,original_e4,cubic_spin_glass,selective,equal_2q_budget_128,zero_depth_only,cold,auxiliary_inconsistency_rate,2,0.8749999999999999,0.0,0.8749999999999999,0.8749999999999999,1,estimated,2,raw_instance,two_sided_Student_t_95_df_n_minus_1,unadjusted_exploratory
all_designs_diagnostic,original_e4,cubic_spin_glass,selective,equal_2q_budget_128,zero_depth_only,cold,statevector_norm,2,0.9999999999999999,0.0,0.9999999999999999,0.9999999999999999,1,estimated,2,raw_instance,two_sided_Student_t_95_df_n_minus_1,unadjusted_exploratory
all_designs_diagnostic,original_e4,cubic_spin_glass,selective,equal_2q_budget_128,zero_depth_only,independence,original_objective_mean,2,-0.2222222222222227,0.31426968052735504,-3.045823274705493,2.6013788302610474,1,estimated,2,raw_instance,two_sided_Student_t_95_df_n_minus_1,unadjusted_exploratory
all_designs_diagnostic,original_e4,cubic_spin_glass,selective,equal_2q_budget_128,zero_depth_only,independence,encoded_energy_mean,2,23.26851851851852,2.5010628741968635,0.797360142505859,45.73967689453118,1,estimated,2,raw_instance,two_sided_Student_t_95_df_n_minus_1,unadjusted_exploratory
all_designs_diagnostic,original_e4,cubic_spin_glass,selective,equal_2q_budget_128,zero_depth_only,independence,optimum_hit_rate,2,0.051512935099451346,0.051305631716011504,-0.40944987705779556,0.5124757472566982,1,estimated,2,raw_instance,two_sided_Student_t_95_df_n_minus_1,unadjusted_exploratory
all_designs_diagnostic,original_e4,cubic_spin_glass,selective,equal_2q_budget_128,zero_depth_only,independence,auxiliary_inconsistency_rate,2,0.8076012281643212,0.08698470980735008,0.026074617802661293,1.589127838525981,1,estimated,2,raw_instance,two_sided_Student_t_95_df_n_minus_1,unadjusted_exploratory
all_designs_diagnostic,original_e4,cubic_spin_glass,selective,equal_2q_budget_128,zero_depth_only,independence,statevector_norm,2,1.0000000000000002,3.1401849173675503e-16,0.9999999999999974,1.000000000000003,1,estimated,2,raw_instance,two_sided_Student_t_95_df_n_minus_1,unadjusted_exploratory
all_designs_diagnostic,original_e4,cubic_spin_glass,selective,equal_2q_budget_128,zero_depth_only,original_only,original_objective_mean,2,-0.22222222222222263,0.31426968052735504,-3.045823274705493,2.6013788302610474,1,estimated,2,raw_instance,two_sided_Student_t_95_df_n_minus_1,unadjusted_exploratory
all_designs_diagnostic,original_e4,cubic_spin_glass,selective,equal_2q_budget_128,zero_depth_only,original_only,encoded_energy_mean,2,27.44351851851853,2.6961719675242595,3.2193744890892084,51.667662547947856,1,estimated,2,raw_instance,two_sided_Student_t_95_df_n_minus_1,unadjusted_exploratory
all_designs_diagnostic,original_e4,cubic_spin_glass,selective,equal_2q_budget_128,zero_depth_only,original_only,optimum_hit_rate,2,0.051512935099451373,0.05130563171601154,-0.40944987705779584,0.5124757472566985,1,estimated,2,raw_instance,two_sided_Student_t_95_df_n_minus_1,unadjusted_exploratory
all_designs_diagnostic,original_e4,cubic_spin_glass,selective,equal_2q_budget_128,zero_depth_only,original_only,auxiliary_inconsistency_rate,2,0.8750000000000004,7.850462293418876e-17,0.8749999999999998,0.8750000000000011,1,estimated,2,raw_instance,two_sided_Student_t_95_df_n_minus_1,unadjusted_exploratory
all_designs_diagnostic,original_e4,cubic_spin_glass,selective,equal_2q_budget_128,zero_depth_only,original_only,statevector_norm,2,1.0000000000000004,0.0,1.0000000000000004,1.0000000000000004,1,estimated,2,raw_instance,two_sided_Student_t_95_df_n_minus_1,unadjusted_exploratory
all_designs_diagnostic,original_e4,cubic_spin_glass,selective,equal_2q_budget_128,zero_depth_only,pair,original_objective_mean,2,-0.22222222222222263,0.31426968052735504,-3.045823274705493,2.6013788302610474,1,estimated,2,raw_instance,two_sided_Student_t_95_df_n_minus_1,unadjusted_exploratory
all_designs_diagnostic,original_e4,cubic_spin_glass,selective,equal_2q_budget_128,zero_depth_only,pair,encoded_energy_mean,2,26.69351851851852,3.756832139304098,-7.060279063041978,60.44731610007902,1,estimated,2,raw_instance,two_sided_Student_t_95_df_n_minus_1,unadjusted_exploratory
all_designs_diagnostic,original_e4,cubic_spin_glass,selective,equal_2q_budget_128,zero_depth_only,pair,optimum_hit_rate,2,0.05151293509945134,0.05130563171601149,-0.4094498770577954,0.5124757472566981,1,estimated,2,raw_instance,two_sided_Student_t_95_df_n_minus_1,unadjusted_exploratory
all_designs_diagnostic,original_e4,cubic_spin_glass,selective,equal_2q_budget_128,zero_depth_only,pair,auxiliary_inconsistency_rate,2,0.862511431184271,0.017661503393834464,0.7038291189498043,1.0211937434187377,1,estimated,2,raw_instance,two_sided_Student_t_95_df_n_minus_1,unadjusted_exploratory
all_designs_diagnostic,original_e4,cubic_spin_glass,selective,equal_2q_budget_128,zero_depth_only,pair,statevector_norm,2,1.0000000000000002,3.925231146709438e-16,0.9999999999999967,1.0000000000000038,1,estimated,2,raw_instance,two_sided_Student_t_95_df_n_minus_1,unadjusted_exploratory
all_designs_diagnostic,original_e4,cubic_spin_glass,selective,equal_2q_budget_256,all_scheduled,cold,original_objective_mean,7,-1.7667939292521766,0.7844435200192662,-2.492283183537636,-1.0413046749667174,6,estimated,0,raw_instance,two_sided_Student_t_95_df_n_minus_1,unadjusted_exploratory
all_designs_diagnostic,original_e4,cubic_spin_glass,selective,equal_2q_budget_256,all_scheduled,cold,encoded_energy_mean,7,8.11404285746919,17.509690617818954,-8.079720064785022,24.307805779723402,6,estimated,0,raw_instance,two_sided_Student_t_95_df_n_minus_1,unadjusted_exploratory
all_designs_diagnostic,original_e4,cubic_spin_glass,selective,equal_2q_budget_256,all_scheduled,cold,optimum_hit_rate,7,0.1396063373245663,0.15005449837588072,0.0008290724856361009,0.27838360216349645,6,estimated,0,raw_instance,two_sided_Student_t_95_df_n_minus_1,unadjusted_exploratory
all_designs_diagnostic,original_e4,cubic_spin_glass,selective,equal_2q_budget_256,all_scheduled,cold,auxiliary_inconsistency_rate,7,0.25540705383867424,0.4362190516187619,-0.14802828138626728,0.6588423890636157,6,estimated,0,raw_instance,two_sided_Student_t_95_df_n_minus_1,unadjusted_exploratory
all_designs_diagnostic,original_e4,cubic_spin_glass,selective,equal_2q_budget_256,all_scheduled,cold,statevector_norm,7,1.0,7.15826388411802e-16,0.9999999999999993,1.0000000000000007,6,estimated,0,raw_instance,two_sided_Student_t_95_df_n_minus_1,unadjusted_exploratory
all_designs_diagnostic,original_e4,cubic_spin_glass,selective,equal_2q_budget_256,all_scheduled,independence,original_objective_mean,2,-0.9548895319816717,0.06589110291645005,-1.5468976036224784,-0.362881460340865,1,estimated,0,raw_instance,two_sided_Student_t_95_df_n_minus_1,unadjusted_exploratory
all_designs_diagnostic,original_e4,cubic_spin_glass,selective,equal_2q_budget_256,all_scheduled,independence,encoded_energy_mean,2,31.637236375777107,6.1253494552308405,-23.39684498897666,86.67131774053087,1,estimated,0,raw_instance,two_sided_Student_t_95_df_n_minus_1,unadjusted_exploratory
all_designs_diagnostic,original_e4,cubic_spin_glass,selective,equal_2q_budget_256,all_scheduled,independence,optimum_hit_rate,2,0.04825760954372818,0.027068808483004535,-0.194945985514583,0.2914612046020394,1,estimated,0,raw_instance,two_sided_Student_t_95_df_n_minus_1,unadjusted_exploratory
all_designs_diagnostic,original_e4,cubic_spin_glass,selective,equal_2q_budget_256,all_scheduled,independence,auxiliary_inconsistency_rate,2,0.8348857791854589,0.055344320222388436,0.33763679046125117,1.3321347679096667,1,estimated,0,raw_instance,two_sided_Student_t_95_df_n_minus_1,unadjusted_exploratory
all_designs_diagnostic,original_e4,cubic_spin_glass,selective,equal_2q_budget_256,all_scheduled,independence,statevector_norm,2,1.0,2.3551386880256624e-16,0.9999999999999979,1.0000000000000022,1,estimated,0,raw_instance,two_sided_Student_t_95_df_n_minus_1,unadjusted_exploratory
all_designs_diagnostic,original_e4,cubic_spin_glass,selective,equal_2q_budget_256,all_scheduled,original_only,original_objective_mean,7,-1.5084568350109981,0.5534592890883135,-2.0203213053914526,-0.9965923646305439,6,estimated,0,raw_instance,two_sided_Student_t_95_df_n_minus_1,unadjusted_exploratory
all_designs_diagnostic,original_e4,cubic_spin_glass,selective,equal_2q_budget_256,all_scheduled,original_only,encoded_energy_mean,7,8.773638072744385,18.195236116730346,-8.054148689456602,25.60142483494537,6,estimated,0,raw_instance,two_sided_Student_t_95_df_n_minus_1,unadjusted_exploratory
all_designs_diagnostic,original_e4,cubic_spin_glass,selective,equal_2q_budget_256,all_scheduled,original_only,optimum_hit_rate,7,0.14673642628399639,0.1528646605824213,0.005360194876263102,0.28811265769172967,6,estimated,0,raw_instance,two_sided_Student_t_95_df_n_minus_1,unadjusted_exploratory
all_designs_diagnostic,original_e4,cubic_spin_glass,selective,equal_2q_budget_256,all_scheduled,original_only,auxiliary_inconsistency_rate,7,0.2580886583684759,0.4413097904837743,-0.15005482505156975,0.6662321417885215,6,estimated,0,raw_instance,two_sided_Student_t_95_df_n_minus_1,unadjusted_exploratory
all_designs_diagnostic,original_e4,cubic_spin_glass,selective,equal_2q_budget_256,all_scheduled,original_only,statevector_norm,7,1.000000000000001,6.748875911976808e-16,1.0000000000000004,1.0000000000000018,6,estimated,0,raw_instance,two_sided_Student_t_95_df_n_minus_1,unadjusted_exploratory
all_designs_diagnostic,original_e4,cubic_spin_glass,selective,equal_2q_budget_256,all_scheduled,pair,original_objective_mean,2,-0.8426824418685814,0.2093783679095084,-2.7238724408670922,1.0385075571299294,1,estimated,0,raw_instance,two_sided_Student_t_95_df_n_minus_1,unadjusted_exploratory
all_designs_diagnostic,original_e4,cubic_spin_glass,selective,equal_2q_budget_256,all_scheduled,pair,encoded_energy_mean,2,37.58292369359863,2.4244196197889414,15.800377637580723,59.36546974961654,1,estimated,0,raw_instance,two_sided_Student_t_95_df_n_minus_1,unadjusted_exploratory
all_designs_diagnostic,original_e4,cubic_spin_glass,selective,equal_2q_budget_256,all_scheduled,pair,optimum_hit_rate,2,0.042513327591628174,0.02285933324715273,-0.1628696330153783,0.24789628819863466,1,estimated,0,raw_instance,two_sided_Student_t_95_df_n_minus_1,unadjusted_exploratory
all_designs_diagnostic,original_e4,cubic_spin_glass,selective,equal_2q_budget_256,all_scheduled,pair,auxiliary_inconsistency_rate,2,0.90415021788068,0.05224685730255001,0.43473082934509877,1.373569606416261,1,estimated,0,raw_instance,two_sided_Student_t_95_df_n_minus_1,unadjusted_exploratory
all_designs_diagnostic,original_e4,cubic_spin_glass,selective,equal_2q_budget_256,all_scheduled,pair,statevector_norm,2,1.0,1.2560739669470201e-15,0.9999999999999887,1.0000000000000113,1,estimated,0,raw_instance,two_sided_Student_t_95_df_n_minus_1,unadjusted_exploratory
all_designs_diagnostic,original_e4,cubic_spin_glass,selective,equal_2q_budget_256,positive_depth_only,cold,original_objective_mean,7,-1.7667939292521766,0.7844435200192662,-2.492283183537636,-1.0413046749667174,6,estimated,0,raw_instance,two_sided_Student_t_95_df_n_minus_1,unadjusted_exploratory
all_designs_diagnostic,original_e4,cubic_spin_glass,selective,equal_2q_budget_256,positive_depth_only,cold,encoded_energy_mean,7,8.11404285746919,17.509690617818954,-8.079720064785022,24.307805779723402,6,estimated,0,raw_instance,two_sided_Student_t_95_df_n_minus_1,unadjusted_exploratory
all_designs_diagnostic,original_e4,cubic_spin_glass,selective,equal_2q_budget_256,positive_depth_only,cold,optimum_hit_rate,7,0.1396063373245663,0.15005449837588072,0.0008290724856361009,0.27838360216349645,6,estimated,0,raw_instance,two_sided_Student_t_95_df_n_minus_1,unadjusted_exploratory
all_designs_diagnostic,original_e4,cubic_spin_glass,selective,equal_2q_budget_256,positive_depth_only,cold,auxiliary_inconsistency_rate,7,0.25540705383867424,0.4362190516187619,-0.14802828138626728,0.6588423890636157,6,estimated,0,raw_instance,two_sided_Student_t_95_df_n_minus_1,unadjusted_exploratory
all_designs_diagnostic,original_e4,cubic_spin_glass,selective,equal_2q_budget_256,positive_depth_only,cold,statevector_norm,7,1.0,7.15826388411802e-16,0.9999999999999993,1.0000000000000007,6,estimated,0,raw_instance,two_sided_Student_t_95_df_n_minus_1,unadjusted_exploratory
all_designs_diagnostic,original_e4,cubic_spin_glass,selective,equal_2q_budget_256,positive_depth_only,independence,original_objective_mean,2,-0.9548895319816717,0.06589110291645005,-1.5468976036224784,-0.362881460340865,1,estimated,0,raw_instance,two_sided_Student_t_95_df_n_minus_1,unadjusted_exploratory
all_designs_diagnostic,original_e4,cubic_spin_glass,selective,equal_2q_budget_256,positive_depth_only,independence,encoded_energy_mean,2,31.637236375777107,6.1253494552308405,-23.39684498897666,86.67131774053087,1,estimated,0,raw_instance,two_sided_Student_t_95_df_n_minus_1,unadjusted_exploratory
all_designs_diagnostic,original_e4,cubic_spin_glass,selective,equal_2q_budget_256,positive_depth_only,independence,optimum_hit_rate,2,0.04825760954372818,0.027068808483004535,-0.194945985514583,0.2914612046020394,1,estimated,0,raw_instance,two_sided_Student_t_95_df_n_minus_1,unadjusted_exploratory
all_designs_diagnostic,original_e4,cubic_spin_glass,selective,equal_2q_budget_256,positive_depth_only,independence,auxiliary_inconsistency_rate,2,0.8348857791854589,0.055344320222388436,0.33763679046125117,1.3321347679096667,1,estimated,0,raw_instance,two_sided_Student_t_95_df_n_minus_1,unadjusted_exploratory
all_designs_diagnostic,original_e4,cubic_spin_glass,selective,equal_2q_budget_256,positive_depth_only,independence,statevector_norm,2,1.0,2.3551386880256624e-16,0.9999999999999979,1.0000000000000022,1,estimated,0,raw_instance,two_sided_Student_t_95_df_n_minus_1,unadjusted_exploratory
all_designs_diagnostic,original_e4,cubic_spin_glass,selective,equal_2q_budget_256,positive_depth_only,original_only,original_objective_mean,7,-1.5084568350109981,0.5534592890883135,-2.0203213053914526,-0.9965923646305439,6,estimated,0,raw_instance,two_sided_Student_t_95_df_n_minus_1,unadjusted_exploratory
all_designs_diagnostic,original_e4,cubic_spin_glass,selective,equal_2q_budget_256,positive_depth_only,original_only,encoded_energy_mean,7,8.773638072744385,18.195236116730346,-8.054148689456602,25.60142483494537,6,estimated,0,raw_instance,two_sided_Student_t_95_df_n_minus_1,unadjusted_exploratory
all_designs_diagnostic,original_e4,cubic_spin_glass,selective,equal_2q_budget_256,positive_depth_only,original_only,optimum_hit_rate,7,0.14673642628399639,0.1528646605824213,0.005360194876263102,0.28811265769172967,6,estimated,0,raw_instance,two_sided_Student_t_95_df_n_minus_1,unadjusted_exploratory
all_designs_diagnostic,original_e4,cubic_spin_glass,selective,equal_2q_budget_256,positive_depth_only,original_only,auxiliary_inconsistency_rate,7,0.2580886583684759,0.4413097904837743,-0.15005482505156975,0.6662321417885215,6,estimated,0,raw_instance,two_sided_Student_t_95_df_n_minus_1,unadjusted_exploratory
all_designs_diagnostic,original_e4,cubic_spin_glass,selective,equal_2q_budget_256,positive_depth_only,original_only,statevector_norm,7,1.000000000000001,6.748875911976808e-16,1.0000000000000004,1.0000000000000018,6,estimated,0,raw_instance,two_sided_Student_t_95_df_n_minus_1,unadjusted_exploratory
all_designs_diagnostic,original_e4,cubic_spin_glass,selective,equal_2q_budget_256,positive_depth_only,pair,original_objective_mean,2,-0.8426824418685814,0.2093783679095084,-2.7238724408670922,1.0385075571299294,1,estimated,0,raw_instance,two_sided_Student_t_95_df_n_minus_1,unadjusted_exploratory
all_designs_diagnostic,original_e4,cubic_spin_glass,selective,equal_2q_budget_256,positive_depth_only,pair,encoded_energy_mean,2,37.58292369359863,2.4244196197889414,15.800377637580723,59.36546974961654,1,estimated,0,raw_instance,two_sided_Student_t_95_df_n_minus_1,unadjusted_exploratory
all_designs_diagnostic,original_e4,cubic_spin_glass,selective,equal_2q_budget_256,positive_depth_only,pair,optimum_hit_rate,2,0.042513327591628174,0.02285933324715273,-0.1628696330153783,0.24789628819863466,1,estimated,0,raw_instance,two_sided_Student_t_95_df_n_minus_1,unadjusted_exploratory
all_designs_diagnostic,original_e4,cubic_spin_glass,selective,equal_2q_budget_256,positive_depth_only,pair,auxiliary_inconsistency_rate,2,0.90415021788068,0.05224685730255001,0.43473082934509877,1.373569606416261,1,estimated,0,raw_instance,two_sided_Student_t_95_df_n_minus_1,unadjusted_exploratory
all_designs_diagnostic,original_e4,cubic_spin_glass,selective,equal_2q_budget_256,positive_depth_only,pair,statevector_norm,2,1.0,1.2560739669470201e-15,0.9999999999999887,1.0000000000000113,1,estimated,0,raw_instance,two_sided_Student_t_95_df_n_minus_1,unadjusted_exploratory
all_designs_diagnostic,original_e4,cubic_spin_glass,selective,equal_layer_p1,all_scheduled,cold,original_objective_mean,7,-1.5843048236968584,0.579906586372532,-2.1206289645251255,-1.0479806828685914,6,estimated,0,raw_instance,two_sided_Student_t_95_df_n_minus_1,unadjusted_exploratory
all_designs_diagnostic,original_e4,cubic_spin_glass,selective,equal_layer_p1,all_scheduled,cold,encoded_energy_mean,7,7.735288316464804,16.25852362418733,-7.3013381312933285,22.771914764222938,6,estimated,0,raw_instance,two_sided_Student_t_95_df_n_minus_1,unadjusted_exploratory
all_designs_diagnostic,original_e4,cubic_spin_glass,selective,equal_layer_p1,all_scheduled,cold,optimum_hit_rate,7,0.11056594244688693,0.13395468622172735,-0.01332147957255532,0.2344533644663292,6,estimated,0,raw_instance,two_sided_Student_t_95_df_n_minus_1,unadjusted_exploratory
all_designs_diagnostic,original_e4,cubic_spin_glass,selective,equal_layer_p1,all_scheduled,cold,auxiliary_inconsistency_rate,7,0.2568786965215155,0.4387098993134057,-0.14886028860352513,0.6626176816465561,6,estimated,0,raw_instance,two_sided_Student_t_95_df_n_minus_1,unadjusted_exploratory
all_designs_diagnostic,original_e4,cubic_spin_glass,selective,equal_layer_p1,all_scheduled,cold,statevector_norm,7,1.0,2.4706842805607947e-16,0.9999999999999998,1.0000000000000002,6,estimated,0,raw_instance,two_sided_Student_t_95_df_n_minus_1,unadjusted_exploratory
all_designs_diagnostic,original_e4,cubic_spin_glass,selective,equal_layer_p1,all_scheduled,independence,original_objective_mean,2,-1.4231857735819209,0.4966489702932706,-5.885399732248377,3.039028185084535,1,estimated,0,raw_instance,two_sided_Student_t_95_df_n_minus_1,unadjusted_exploratory
all_designs_diagnostic,original_e4,cubic_spin_glass,selective,equal_layer_p1,all_scheduled,independence,encoded_energy_mean,2,30.03454352051875,2.1183711773309053,11.0017336235388,49.067353417498694,1,estimated,0,raw_instance,two_sided_Student_t_95_df_n_minus_1,unadjusted_exploratory
all_designs_diagnostic,original_e4,cubic_spin_glass,selective,equal_layer_p1,all_scheduled,independence,optimum_hit_rate,2,0.08034254034974803,0.07518575019692675,-0.5951746238626865,0.7558597045621824,1,estimated,0,raw_instance,two_sided_Student_t_95_df_n_minus_1,unadjusted_exploratory
all_designs_diagnostic,original_e4,cubic_spin_glass,selective,equal_layer_p1,all_scheduled,independence,auxiliary_inconsistency_rate,2,0.8786534057730173,0.0998163642300806,-0.018161045503890527,1.7754678570499252,1,estimated,0,raw_instance,two_sided_Student_t_95_df_n_minus_1,unadjusted_exploratory
all_designs_diagnostic,original_e4,cubic_spin_glass,selective,equal_layer_p1,all_scheduled,independence,statevector_norm,2,1.0000000000000002,8.635508522760763e-16,0.9999999999999925,1.000000000000008,1,estimated,0,raw_instance,two_sided_Student_t_95_df_n_minus_1,unadjusted_exploratory
all_designs_diagnostic,original_e4,cubic_spin_glass,selective,equal_layer_p1,all_scheduled,original_only,original_objective_mean,7,-1.342051787985137,0.5196201191391968,-1.8226202459115388,-0.8614833300587352,6,estimated,0,raw_instance,two_sided_Student_t_95_df_n_minus_1,unadjusted_exploratory
all_designs_diagnostic,original_e4,cubic_spin_glass,selective,equal_layer_p1,all_scheduled,original_only,encoded_energy_mean,7,7.6043869422162995,15.43682482652811,-6.672294866128656,21.881068750561255,6,estimated,0,raw_instance,two_sided_Student_t_95_df_n_minus_1,unadjusted_exploratory
all_designs_diagnostic,original_e4,cubic_spin_glass,selective,equal_layer_p1,all_scheduled,original_only,optimum_hit_rate,7,0.12312854995570574,0.12666750190162787,0.005980649371917404,0.2402764505394941,6,estimated,0,raw_instance,two_sided_Student_t_95_df_n_minus_1,unadjusted_exploratory
all_designs_diagnostic,original_e4,cubic_spin_glass,selective,equal_layer_p1,all_scheduled,original_only,auxiliary_inconsistency_rate,7,0.26057197555782674,0.4455963093283908,-0.1515358765907477,0.6726798277064012,6,estimated,0,raw_instance,two_sided_Student_t_95_df_n_minus_1,unadjusted_exploratory
all_designs_diagnostic,original_e4,cubic_spin_glass,selective,equal_layer_p1,all_scheduled,original_only,statevector_norm,7,1.0000000000000004,4.4143790728945693e-16,1.0,1.0000000000000009,6,estimated,0,raw_instance,two_sided_Student_t_95_df_n_minus_1,unadjusted_exploratory
all_designs_diagnostic,original_e4,cubic_spin_glass,selective,equal_layer_p1,all_scheduled,pair,original_objective_mean,2,-1.1105249751703488,0.8896750785667382,-9.103938415479995,6.882888465139297,1,estimated,0,raw_instance,two_sided_Student_t_95_df_n_minus_1,unadjusted_exploratory
all_designs_diagnostic,original_e4,cubic_spin_glass,selective,equal_layer_p1,all_scheduled,pair,encoded_energy_mean,2,29.886770881317215,1.5089771586166294,16.329149013075106,43.44439274955933,1,estimated,0,raw_instance,two_sided_Student_t_95_df_n_minus_1,unadjusted_exploratory
all_designs_diagnostic,original_e4,cubic_spin_glass,selective,equal_layer_p1,all_scheduled,pair,optimum_hit_rate,2,0.0710131546681443,0.07279812329838753,-0.5830520329732767,0.7250783423095652,1,estimated,0,raw_instance,two_sided_Student_t_95_df_n_minus_1,unadjusted_exploratory
all_designs_diagnostic,original_e4,cubic_spin_glass,selective,equal_layer_p1,all_scheduled,pair,auxiliary_inconsistency_rate,2,0.903322375984609,0.04363344042367289,0.5112914676990582,1.2953532842701598,1,estimated,0,raw_instance,two_sided_Student_t_95_df_n_minus_1,unadjusted_exploratory
all_designs_diagnostic,original_e4,cubic_spin_glass,selective,equal_layer_p1,all_scheduled,pair,statevector_norm,2,1.0000000000000002,7.065416064076988e-16,0.9999999999999939,1.0000000000000067,1,estimated,0,raw_instance,two_sided_Student_t_95_df_n_minus_1,unadjusted_exploratory
all_designs_diagnostic,original_e4,cubic_spin_glass,selective,equal_layer_p1,positive_depth_only,cold,original_objective_mean,7,-1.5843048236968584,0.579906586372532,-2.1206289645251255,-1.0479806828685914,6,estimated,0,raw_instance,two_sided_Student_t_95_df_n_minus_1,unadjusted_exploratory
all_designs_diagnostic,original_e4,cubic_spin_glass,selective,equal_layer_p1,positive_depth_only,cold,encoded_energy_mean,7,7.735288316464804,16.25852362418733,-7.3013381312933285,22.771914764222938,6,estimated,0,raw_instance,two_sided_Student_t_95_df_n_minus_1,unadjusted_exploratory
all_designs_diagnostic,original_e4,cubic_spin_glass,selective,equal_layer_p1,positive_depth_only,cold,optimum_hit_rate,7,0.11056594244688693,0.13395468622172735,-0.01332147957255532,0.2344533644663292,6,estimated,0,raw_instance,two_sided_Student_t_95_df_n_minus_1,unadjusted_exploratory
all_designs_diagnostic,original_e4,cubic_spin_glass,selective,equal_layer_p1,positive_depth_only,cold,auxiliary_inconsistency_rate,7,0.2568786965215155,0.4387098993134057,-0.14886028860352513,0.6626176816465561,6,estimated,0,raw_instance,two_sided_Student_t_95_df_n_minus_1,unadjusted_exploratory
all_designs_diagnostic,original_e4,cubic_spin_glass,selective,equal_layer_p1,positive_depth_only,cold,statevector_norm,7,1.0,2.4706842805607947e-16,0.9999999999999998,1.0000000000000002,6,estimated,0,raw_instance,two_sided_Student_t_95_df_n_minus_1,unadjusted_exploratory
all_designs_diagnostic,original_e4,cubic_spin_glass,selective,equal_layer_p1,positive_depth_only,independence,original_objective_mean,2,-1.4231857735819209,0.4966489702932706,-5.885399732248377,3.039028185084535,1,estimated,0,raw_instance,two_sided_Student_t_95_df_n_minus_1,unadjusted_exploratory
all_designs_diagnostic,original_e4,cubic_spin_glass,selective,equal_layer_p1,positive_depth_only,independence,encoded_energy_mean,2,30.03454352051875,2.1183711773309053,11.0017336235388,49.067353417498694,1,estimated,0,raw_instance,two_sided_Student_t_95_df_n_minus_1,unadjusted_exploratory
all_designs_diagnostic,original_e4,cubic_spin_glass,selective,equal_layer_p1,positive_depth_only,independence,optimum_hit_rate,2,0.08034254034974803,0.07518575019692675,-0.5951746238626865,0.7558597045621824,1,estimated,0,raw_instance,two_sided_Student_t_95_df_n_minus_1,unadjusted_exploratory
all_designs_diagnostic,original_e4,cubic_spin_glass,selective,equal_layer_p1,positive_depth_only,independence,auxiliary_inconsistency_rate,2,0.8786534057730173,0.0998163642300806,-0.018161045503890527,1.7754678570499252,1,estimated,0,raw_instance,two_sided_Student_t_95_df_n_minus_1,unadjusted_exploratory
all_designs_diagnostic,original_e4,cubic_spin_glass,selective,equal_layer_p1,positive_depth_only,independence,statevector_norm,2,1.0000000000000002,8.635508522760763e-16,0.9999999999999925,1.000000000000008,1,estimated,0,raw_instance,two_sided_Student_t_95_df_n_minus_1,unadjusted_exploratory
all_designs_diagnostic,original_e4,cubic_spin_glass,selective,equal_layer_p1,positive_depth_only,original_only,original_objective_mean,7,-1.342051787985137,0.5196201191391968,-1.8226202459115388,-0.8614833300587352,6,estimated,0,raw_instance,two_sided_Student_t_95_df_n_minus_1,unadjusted_exploratory
all_designs_diagnostic,original_e4,cubic_spin_glass,selective,equal_layer_p1,positive_depth_only,original_only,encoded_energy_mean,7,7.6043869422162995,15.43682482652811,-6.672294866128656,21.881068750561255,6,estimated,0,raw_instance,two_sided_Student_t_95_df_n_minus_1,unadjusted_exploratory
all_designs_diagnostic,original_e4,cubic_spin_glass,selective,equal_layer_p1,positive_depth_only,original_only,optimum_hit_rate,7,0.12312854995570574,0.12666750190162787,0.005980649371917404,0.2402764505394941,6,estimated,0,raw_instance,two_sided_Student_t_95_df_n_minus_1,unadjusted_exploratory
all_designs_diagnostic,original_e4,cubic_spin_glass,selective,equal_layer_p1,positive_depth_only,original_only,auxiliary_inconsistency_rate,7,0.26057197555782674,0.4455963093283908,-0.1515358765907477,0.6726798277064012,6,estimated,0,raw_instance,two_sided_Student_t_95_df_n_minus_1,unadjusted_exploratory
all_designs_diagnostic,original_e4,cubic_spin_glass,selective,equal_layer_p1,positive_depth_only,original_only,statevector_norm,7,1.0000000000000004,4.4143790728945693e-16,1.0,1.0000000000000009,6,estimated,0,raw_instance,two_sided_Student_t_95_df_n_minus_1,unadjusted_exploratory
all_designs_diagnostic,original_e4,cubic_spin_glass,selective,equal_layer_p1,positive_depth_only,pair,original_objective_mean,2,-1.1105249751703488,0.8896750785667382,-9.103938415479995,6.882888465139297,1,estimated,0,raw_instance,two_sided_Student_t_95_df_n_minus_1,unadjusted_exploratory
all_designs_diagnostic,original_e4,cubic_spin_glass,selective,equal_layer_p1,positive_depth_only,pair,encoded_energy_mean,2,29.886770881317215,1.5089771586166294,16.329149013075106,43.44439274955933,1,estimated,0,raw_instance,two_sided_Student_t_95_df_n_minus_1,unadjusted_exploratory
all_designs_diagnostic,original_e4,cubic_spin_glass,selective,equal_layer_p1,positive_depth_only,pair,optimum_hit_rate,2,0.0710131546681443,0.07279812329838753,-0.5830520329732767,0.7250783423095652,1,estimated,0,raw_instance,two_sided_Student_t_95_df_n_minus_1,unadjusted_exploratory
all_designs_diagnostic,original_e4,cubic_spin_glass,selective,equal_layer_p1,positive_depth_only,pair,auxiliary_inconsistency_rate,2,0.903322375984609,0.04363344042367289,0.5112914676990582,1.2953532842701598,1,estimated,0,raw_instance,two_sided_Student_t_95_df_n_minus_1,unadjusted_exploratory
all_designs_diagnostic,original_e4,cubic_spin_glass,selective,equal_layer_p1,positive_depth_only,pair,statevector_norm,2,1.0000000000000002,7.065416064076988e-16,0.9999999999999939,1.0000000000000067,1,estimated,0,raw_instance,two_sided_Student_t_95_df_n_minus_1,unadjusted_exploratory
all_designs_diagnostic,original_e4,cubic_spin_glass,selective,equal_layer_p2,all_scheduled,cold,original_objective_mean,7,-1.9665089999815384,0.6640109928678557,-2.580616743571818,-1.3524012563912589,6,estimated,0,raw_instance,two_sided_Student_t_95_df_n_minus_1,unadjusted_exploratory
all_designs_diagnostic,original_e4,cubic_spin_glass,selective,equal_layer_p2,all_scheduled,cold,encoded_energy_mean,7,6.35463641671746,14.735743758369296,-7.273653546514543,19.98292637994946,6,estimated,0,raw_instance,two_sided_Student_t_95_df_n_minus_1,unadjusted_exploratory
all_designs_diagnostic,original_e4,cubic_spin_glass,selective,equal_layer_p2,all_scheduled,cold,optimum_hit_rate,7,0.14071101367917624,0.15351266183342874,-0.0012645189304560656,0.2826865462888085,6,estimated,0,raw_instance,two_sided_Student_t_95_df_n_minus_1,unadjusted_exploratory
all_designs_diagnostic,original_e4,cubic_spin_glass,selective,equal_layer_p2,all_scheduled,cold,auxiliary_inconsistency_rate,7,0.25143266481274185,0.42977251727033483,-0.14604062052867062,0.6489059501541543,6,estimated,0,raw_instance,two_sided_Student_t_95_df_n_minus_1,unadjusted_exploratory
all_designs_diagnostic,original_e4,cubic_spin_glass,selective,equal_layer_p2,all_scheduled,cold,statevector_norm,7,1.0,3.204937810639273e-16,0.9999999999999997,1.0000000000000002,6,estimated,0,raw_instance,two_sided_Student_t_95_df_n_minus_1,unadjusted_exploratory
all_designs_diagnostic,original_e4,cubic_spin_glass,selective,equal_layer_p2,all_scheduled,independence,original_objective_mean,2,-1.266360463572334,0.4125491794028239,-4.972967779964501,2.4402468528198327,1,estimated,0,raw_instance,two_sided_Student_t_95_df_n_minus_1,unadjusted_exploratory
all_designs_diagnostic,original_e4,cubic_spin_glass,selective,equal_layer_p2,all_scheduled,independence,encoded_energy_mean,2,32.26856709062502,6.03123755067571,-21.919952359574467,86.4570865408245,1,estimated,0,raw_instance,two_sided_Student_t_95_df_n_minus_1,unadjusted_exploratory
all_designs_diagnostic,original_e4,cubic_spin_glass,selective,equal_layer_p2,all_scheduled,independence,optimum_hit_rate,2,0.05320263457505301,0.04573496209780028,-0.35770969682750114,0.4641149659776072,1,estimated,0,raw_instance,two_sided_Student_t_95_df_n_minus_1,unadjusted_exploratory
all_designs_diagnostic,original_e4,cubic_spin_glass,selective,equal_layer_p2,all_scheduled,independence,auxiliary_inconsistency_rate,2,0.9011414384615419,0.035818851615386525,0.5793218249683336,1.2229610519547502,1,estimated,0,raw_instance,two_sided_Student_t_95_df_n_minus_1,unadjusted_exploratory
all_designs_diagnostic,original_e4,cubic_spin_glass,selective,equal_layer_p2,all_scheduled,independence,statevector_norm,2,1.0000000000000004,7.850462293418876e-16,0.9999999999999933,1.0000000000000075,1,estimated,0,raw_instance,two_sided_Student_t_95_df_n_minus_1,unadjusted_exploratory
all_designs_diagnostic,original_e4,cubic_spin_glass,selective,equal_layer_p2,all_scheduled,original_only,original_objective_mean,7,-1.8228444445569634,0.6975233935557108,-2.4679459894393365,-1.1777428996745902,6,estimated,0,raw_instance,two_sided_Student_t_95_df_n_minus_1,unadjusted_exploratory
all_designs_diagnostic,original_e4,cubic_spin_glass,selective,equal_layer_p2,all_scheduled,original_only,encoded_energy_mean,7,7.339890955991438,16.303758009891833,-7.7385703210632855,22.41835223304616,6,estimated,0,raw_instance,two_sided_Student_t_95_df_n_minus_1,unadjusted_exploratory
all_designs_diagnostic,original_e4,cubic_spin_glass,selective,equal_layer_p2,all_scheduled,original_only,optimum_hit_rate,7,0.13197137333018114,0.15453516068239095,-0.010949812992573943,0.27489255965293624,6,estimated,0,raw_instance,two_sided_Student_t_95_df_n_minus_1,unadjusted_exploratory
all_designs_diagnostic,original_e4,cubic_spin_glass,selective,equal_layer_p2,all_scheduled,original_only,auxiliary_inconsistency_rate,7,0.25684722878617217,0.43865059161854103,-0.14883690586943032,0.6625313634417747,6,estimated,0,raw_instance,two_sided_Student_t_95_df_n_minus_1,unadjusted_exploratory
all_designs_diagnostic,original_e4,cubic_spin_glass,selective,equal_layer_p2,all_scheduled,original_only,statevector_norm,7,1.0000000000000007,9.126237785049872e-16,0.9999999999999998,1.0000000000000016,6,estimated,0,raw_instance,two_sided_Student_t_95_df_n_minus_1,unadjusted_exploratory
all_designs_diagnostic,original_e4,cubic_spin_glass,selective,equal_layer_p2,all_scheduled,pair,original_objective_mean,2,-1.3056107359842772,0.7365629083464775,-7.923365906439619,5.312144434471065,1,estimated,0,raw_instance,two_sided_Student_t_95_df_n_minus_1,unadjusted_exploratory
all_designs_diagnostic,original_e4,cubic_spin_glass,selective,equal_layer_p2,all_scheduled,pair,encoded_energy_mean,2,32.355189535989474,0.060081688289445344,31.815376983902436,32.89500208807651,1,estimated,0,raw_instance,two_sided_Student_t_95_df_n_minus_1,unadjusted_exploratory
all_designs_diagnostic,original_e4,cubic_spin_glass,selective,equal_layer_p2,all_scheduled,pair,optimum_hit_rate,2,0.05264667651031018,0.04164110076485437,-0.32148377014590285,0.4267771231665232,1,estimated,0,raw_instance,two_sided_Student_t_95_df_n_minus_1,unadjusted_exploratory
all_designs_diagnostic,original_e4,cubic_spin_glass,selective,equal_layer_p2,all_scheduled,pair,auxiliary_inconsistency_rate,2,0.8942907797209791,0.008133202939614694,0.8212168505343641,0.9673647089075942,1,estimated,0,raw_instance,two_sided_Student_t_95_df_n_minus_1,unadjusted_exploratory
all_designs_diagnostic,original_e4,cubic_spin_glass,selective,equal_layer_p2,all_scheduled,pair,statevector_norm,2,1.0000000000000013,1.7271017045521525e-15,0.9999999999999858,1.0000000000000169,1,estimated,0,raw_instance,two_sided_Student_t_95_df_n_minus_1,unadjusted_exploratory
all_designs_diagnostic,original_e4,cubic_spin_glass,selective,equal_layer_p2,positive_depth_only,cold,original_objective_mean,7,-1.9665089999815384,0.6640109928678557,-2.580616743571818,-1.3524012563912589,6,estimated,0,raw_instance,two_sided_Student_t_95_df_n_minus_1,unadjusted_exploratory
all_designs_diagnostic,original_e4,cubic_spin_glass,selective,equal_layer_p2,positive_depth_only,cold,encoded_energy_mean,7,6.35463641671746,14.735743758369296,-7.273653546514543,19.98292637994946,6,estimated,0,raw_instance,two_sided_Student_t_95_df_n_minus_1,unadjusted_exploratory
all_designs_diagnostic,original_e4,cubic_spin_glass,selective,equal_layer_p2,positive_depth_only,cold,optimum_hit_rate,7,0.14071101367917624,0.15351266183342874,-0.0012645189304560656,0.2826865462888085,6,estimated,0,raw_instance,two_sided_Student_t_95_df_n_minus_1,unadjusted_exploratory
all_designs_diagnostic,original_e4,cubic_spin_glass,selective,equal_layer_p2,positive_depth_only,cold,auxiliary_inconsistency_rate,7,0.25143266481274185,0.42977251727033483,-0.14604062052867062,0.6489059501541543,6,estimated,0,raw_instance,two_sided_Student_t_95_df_n_minus_1,unadjusted_exploratory
all_designs_diagnostic,original_e4,cubic_spin_glass,selective,equal_layer_p2,positive_depth_only,cold,statevector_norm,7,1.0,3.204937810639273e-16,0.9999999999999997,1.0000000000000002,6,estimated,0,raw_instance,two_sided_Student_t_95_df_n_minus_1,unadjusted_exploratory
all_designs_diagnostic,original_e4,cubic_spin_glass,selective,equal_layer_p2,positive_depth_only,independence,original_objective_mean,2,-1.266360463572334,0.4125491794028239,-4.972967779964501,2.4402468528198327,1,estimated,0,raw_instance,two_sided_Student_t_95_df_n_minus_1,unadjusted_exploratory
all_designs_diagnostic,original_e4,cubic_spin_glass,selective,equal_layer_p2,positive_depth_only,independence,encoded_energy_mean,2,32.26856709062502,6.03123755067571,-21.919952359574467,86.4570865408245,1,estimated,0,raw_instance,two_sided_Student_t_95_df_n_minus_1,unadjusted_exploratory
all_designs_diagnostic,original_e4,cubic_spin_glass,selective,equal_layer_p2,positive_depth_only,independence,optimum_hit_rate,2,0.05320263457505301,0.04573496209780028,-0.35770969682750114,0.4641149659776072,1,estimated,0,raw_instance,two_sided_Student_t_95_df_n_minus_1,unadjusted_exploratory
all_designs_diagnostic,original_e4,cubic_spin_glass,selective,equal_layer_p2,positive_depth_only,independence,auxiliary_inconsistency_rate,2,0.9011414384615419,0.035818851615386525,0.5793218249683336,1.2229610519547502,1,estimated,0,raw_instance,two_sided_Student_t_95_df_n_minus_1,unadjusted_exploratory
all_designs_diagnostic,original_e4,cubic_spin_glass,selective,equal_layer_p2,positive_depth_only,independence,statevector_norm,2,1.0000000000000004,7.850462293418876e-16,0.9999999999999933,1.0000000000000075,1,estimated,0,raw_instance,two_sided_Student_t_95_df_n_minus_1,unadjusted_exploratory
all_designs_diagnostic,original_e4,cubic_spin_glass,selective,equal_layer_p2,positive_depth_only,original_only,original_objective_mean,7,-1.8228444445569634,0.6975233935557108,-2.4679459894393365,-1.1777428996745902,6,estimated,0,raw_instance,two_sided_Student_t_95_df_n_minus_1,unadjusted_exploratory
all_designs_diagnostic,original_e4,cubic_spin_glass,selective,equal_layer_p2,positive_depth_only,original_only,encoded_energy_mean,7,7.339890955991438,16.303758009891833,-7.7385703210632855,22.41835223304616,6,estimated,0,raw_instance,two_sided_Student_t_95_df_n_minus_1,unadjusted_exploratory
all_designs_diagnostic,original_e4,cubic_spin_glass,selective,equal_layer_p2,positive_depth_only,original_only,optimum_hit_rate,7,0.13197137333018114,0.15453516068239095,-0.010949812992573943,0.27489255965293624,6,estimated,0,raw_instance,two_sided_Student_t_95_df_n_minus_1,unadjusted_exploratory
all_designs_diagnostic,original_e4,cubic_spin_glass,selective,equal_layer_p2,positive_depth_only,original_only,auxiliary_inconsistency_rate,7,0.25684722878617217,0.43865059161854103,-0.14883690586943032,0.6625313634417747,6,estimated,0,raw_instance,two_sided_Student_t_95_df_n_minus_1,unadjusted_exploratory
all_designs_diagnostic,original_e4,cubic_spin_glass,selective,equal_layer_p2,positive_depth_only,original_only,statevector_norm,7,1.0000000000000007,9.126237785049872e-16,0.9999999999999998,1.0000000000000016,6,estimated,0,raw_instance,two_sided_Student_t_95_df_n_minus_1,unadjusted_exploratory
all_designs_diagnostic,original_e4,cubic_spin_glass,selective,equal_layer_p2,positive_depth_only,pair,original_objective_mean,2,-1.3056107359842772,0.7365629083464775,-7.923365906439619,5.312144434471065,1,estimated,0,raw_instance,two_sided_Student_t_95_df_n_minus_1,unadjusted_exploratory
all_designs_diagnostic,original_e4,cubic_spin_glass,selective,equal_layer_p2,positive_depth_only,pair,encoded_energy_mean,2,32.355189535989474,0.060081688289445344,31.815376983902436,32.89500208807651,1,estimated,0,raw_instance,two_sided_Student_t_95_df_n_minus_1,unadjusted_exploratory
all_designs_diagnostic,original_e4,cubic_spin_glass,selective,equal_layer_p2,positive_depth_only,pair,optimum_hit_rate,2,0.05264667651031018,0.04164110076485437,-0.32148377014590285,0.4267771231665232,1,estimated,0,raw_instance,two_sided_Student_t_95_df_n_minus_1,unadjusted_exploratory
all_designs_diagnostic,original_e4,cubic_spin_glass,selective,equal_layer_p2,positive_depth_only,pair,auxiliary_inconsistency_rate,2,0.8942907797209791,0.008133202939614694,0.8212168505343641,0.9673647089075942,1,estimated,0,raw_instance,two_sided_Student_t_95_df_n_minus_1,unadjusted_exploratory
all_designs_diagnostic,original_e4,cubic_spin_glass,selective,equal_layer_p2,positive_depth_only,pair,statevector_norm,2,1.0000000000000013,1.7271017045521525e-15,0.9999999999999858,1.0000000000000169,1,estimated,0,raw_instance,two_sided_Student_t_95_df_n_minus_1,unadjusted_exploratory
all_designs_diagnostic,original_e4,max3sat,all_native,equal_2q_budget_128,all_scheduled,cold,original_objective_mean,7,9.858150840812984,5.540293051965672,4.73423436726653,14.982067314359437,6,estimated,4,raw_instance,two_sided_Student_t_95_df_n_minus_1,unadjusted_exploratory
all_designs_diagnostic,original_e4,max3sat,all_native,equal_2q_budget_128,all_scheduled,cold,encoded_energy_mean,7,9.858150840812984,5.540293051965672,4.73423436726653,14.982067314359437,6,estimated,4,raw_instance,two_sided_Student_t_95_df_n_minus_1,unadjusted_exploratory
all_designs_diagnostic,original_e4,max3sat,all_native,equal_2q_budget_128,all_scheduled,cold,optimum_hit_rate,7,0.0924810577850003,0.0834978506226107,0.015258425642983617,0.169703689927017,6,estimated,4,raw_instance,two_sided_Student_t_95_df_n_minus_1,unadjusted_exploratory
all_designs_diagnostic,original_e4,max3sat,all_native,equal_2q_budget_128,all_scheduled,cold,auxiliary_inconsistency_rate,7,0.0,0.0,0.0,0.0,6,estimated,4,raw_instance,two_sided_Student_t_95_df_n_minus_1,unadjusted_exploratory
all_designs_diagnostic,original_e4,max3sat,all_native,equal_2q_budget_128,all_scheduled,cold,statevector_norm,7,1.0,1.2588745812754728e-16,0.9999999999999999,1.0000000000000002,6,estimated,4,raw_instance,two_sided_Student_t_95_df_n_minus_1,unadjusted_exploratory
all_designs_diagnostic,original_e4,max3sat,all_native,equal_2q_budget_128,all_scheduled,original_only,original_objective_mean,7,9.196510629172774,5.365710408564621,4.234056171105907,14.158965087239642,6,estimated,4,raw_instance,two_sided_Student_t_95_df_n_minus_1,unadjusted_exploratory
all_designs_diagnostic,original_e4,max3sat,all_native,equal_2q_budget_128,all_scheduled,original_only,encoded_energy_mean,7,9.196510629172774,5.365710408564621,4.234056171105907,14.158965087239642,6,estimated,4,raw_instance,two_sided_Student_t_95_df_n_minus_1,unadjusted_exploratory
all_designs_diagnostic,original_e4,max3sat,all_native,equal_2q_budget_128,all_scheduled,original_only,optimum_hit_rate,7,0.1069296817561937,0.07972682097145328,0.033194670353831224,0.18066469315855618,6,estimated,4,raw_instance,two_sided_Student_t_95_df_n_minus_1,unadjusted_exploratory
all_designs_diagnostic,original_e4,max3sat,all_native,equal_2q_budget_128,all_scheduled,original_only,auxiliary_inconsistency_rate,7,0.0,0.0,0.0,0.0,6,estimated,4,raw_instance,two_sided_Student_t_95_df_n_minus_1,unadjusted_exploratory
all_designs_diagnostic,original_e4,max3sat,all_native,equal_2q_budget_128,all_scheduled,original_only,statevector_norm,7,0.9999999999999999,1.8609152215798857e-16,0.9999999999999997,1.0,6,estimated,4,raw_instance,two_sided_Student_t_95_df_n_minus_1,unadjusted_exploratory
all_designs_diagnostic,original_e4,max3sat,all_native,equal_2q_budget_128,positive_depth_only,cold,original_objective_mean,3,4.835685295230298,1.3496743659096617,1.482908304291393,8.188462286169202,2,estimated,0,raw_instance,two_sided_Student_t_95_df_n_minus_1,unadjusted_exploratory
all_designs_diagnostic,original_e4,max3sat,all_native,equal_2q_budget_128,positive_depth_only,cold,encoded_energy_mean,3,4.835685295230298,1.3496743659096617,1.482908304291393,8.188462286169202,2,estimated,0,raw_instance,two_sided_Student_t_95_df_n_minus_1,unadjusted_exploratory
all_designs_diagnostic,original_e4,max3sat,all_native,equal_2q_budget_128,positive_depth_only,cold,optimum_hit_rate,3,0.1728203848316674,0.04878747234507796,0.051625584918282924,0.29401518474505184,2,estimated,0,raw_instance,two_sided_Student_t_95_df_n_minus_1,unadjusted_exploratory
all_designs_diagnostic,original_e4,max3sat,all_native,equal_2q_budget_128,positive_depth_only,cold,auxiliary_inconsistency_rate,3,0.0,0.0,0.0,0.0,2,estimated,0,raw_instance,two_sided_Student_t_95_df_n_minus_1,unadjusted_exploratory
all_designs_diagnostic,original_e4,max3sat,all_native,equal_2q_budget_128,positive_depth_only,cold,statevector_norm,3,0.9999999999999999,1.6958936828758672e-16,0.9999999999999994,1.0000000000000002,2,estimated,0,raw_instance,two_sided_Student_t_95_df_n_minus_1,unadjusted_exploratory
all_designs_diagnostic,original_e4,max3sat,all_native,equal_2q_budget_128,positive_depth_only,original_only,original_objective_mean,3,4.835685295230298,1.3496743659096617,1.482908304291393,8.188462286169202,2,estimated,0,raw_instance,two_sided_Student_t_95_df_n_minus_1,unadjusted_exploratory
all_designs_diagnostic,original_e4,max3sat,all_native,equal_2q_budget_128,positive_depth_only,original_only,encoded_energy_mean,3,4.835685295230298,1.3496743659096617,1.482908304291393,8.188462286169202,2,estimated,0,raw_instance,two_sided_Student_t_95_df_n_minus_1,unadjusted_exploratory
all_designs_diagnostic,original_e4,max3sat,all_native,equal_2q_budget_128,positive_depth_only,original_only,optimum_hit_rate,3,0.1728203848316674,0.04878747234507796,0.051625584918282924,0.29401518474505184,2,estimated,0,raw_instance,two_sided_Student_t_95_df_n_minus_1,unadjusted_exploratory
all_designs_diagnostic,original_e4,max3sat,all_native,equal_2q_budget_128,positive_depth_only,original_only,auxiliary_inconsistency_rate,3,0.0,0.0,0.0,0.0,2,estimated,0,raw_instance,two_sided_Student_t_95_df_n_minus_1,unadjusted_exploratory
all_designs_diagnostic,original_e4,max3sat,all_native,equal_2q_budget_128,positive_depth_only,original_only,statevector_norm,3,0.9999999999999999,1.6958936828758672e-16,0.9999999999999994,1.0000000000000002,2,estimated,0,raw_instance,two_sided_Student_t_95_df_n_minus_1,unadjusted_exploratory
all_designs_diagnostic,original_e4,max3sat,all_native,equal_2q_budget_128,zero_depth_only,cold,original_objective_mean,4,13.625,4.003904344511741,7.2538947060496115,19.99610529395039,3,estimated,4,raw_instance,two_sided_Student_t_95_df_n_minus_1,unadjusted_exploratory
all_designs_diagnostic,original_e4,max3sat,all_native,equal_2q_budget_128,zero_depth_only,cold,encoded_energy_mean,4,13.625,4.003904344511741,7.2538947060496115,19.99610529395039,3,estimated,4,raw_instance,two_sided_Student_t_95_df_n_minus_1,unadjusted_exploratory
all_designs_diagnostic,original_e4,max3sat,all_native,equal_2q_budget_128,zero_depth_only,cold,optimum_hit_rate,4,0.0322265625,0.032584619156880726,-0.019622837922445895,0.0840759629224459,3,estimated,4,raw_instance,two_sided_Student_t_95_df_n_minus_1,unadjusted_exploratory
all_designs_diagnostic,original_e4,max3sat,all_native,equal_2q_budget_128,zero_depth_only,cold,auxiliary_inconsistency_rate,4,0.0,0.0,0.0,0.0,3,estimated,4,raw_instance,two_sided_Student_t_95_df_n_minus_1,unadjusted_exploratory
all_designs_diagnostic,original_e4,max3sat,all_native,equal_2q_budget_128,zero_depth_only,cold,statevector_norm,4,1.0,0.0,1.0,1.0,3,estimated,4,raw_instance,two_sided_Student_t_95_df_n_minus_1,unadjusted_exploratory
all_designs_diagnostic,original_e4,max3sat,all_native,equal_2q_budget_128,zero_depth_only,original_only,original_objective_mean,4,12.46712962962963,4.804985604537015,4.8213252875795165,20.112933971679745,3,estimated,4,raw_instance,two_sided_Student_t_95_df_n_minus_1,unadjusted_exploratory
all_designs_diagnostic,original_e4,max3sat,all_native,equal_2q_budget_128,zero_depth_only,original_only,encoded_energy_mean,4,12.46712962962963,4.804985604537015,4.8213252875795165,20.112933971679745,3,estimated,4,raw_instance,two_sided_Student_t_95_df_n_minus_1,unadjusted_exploratory
all_designs_diagnostic,original_e4,max3sat,all_native,equal_2q_budget_128,zero_depth_only,original_only,optimum_hit_rate,4,0.05751165444958846,0.05939820713005639,-0.03700414796117371,0.15202745686035063,3,estimated,4,raw_instance,two_sided_Student_t_95_df_n_minus_1,unadjusted_exploratory
all_designs_diagnostic,original_e4,max3sat,all_native,equal_2q_budget_128,zero_depth_only,original_only,auxiliary_inconsistency_rate,4,0.0,0.0,0.0,0.0,3,estimated,4,raw_instance,two_sided_Student_t_95_df_n_minus_1,unadjusted_exploratory
all_designs_diagnostic,original_e4,max3sat,all_native,equal_2q_budget_128,zero_depth_only,original_only,statevector_norm,4,0.9999999999999999,2.220446049250313e-16,0.9999999999999996,1.0000000000000002,3,estimated,4,raw_instance,two_sided_Student_t_95_df_n_minus_1,unadjusted_exploratory
all_designs_diagnostic,original_e4,max3sat,all_native,equal_2q_budget_256,all_scheduled,cold,original_objective_mean,7,7.918147874038621,4.650787125871032,3.616887174344499,12.219408573732743,6,estimated,0,raw_instance,two_sided_Student_t_95_df_n_minus_1,unadjusted_exploratory
all_designs_diagnostic,original_e4,max3sat,all_native,equal_2q_budget_256,all_scheduled,cold,encoded_energy_mean,7,7.918147874038621,4.650787125871032,3.616887174344499,12.219408573732743,6,estimated,0,raw_instance,two_sided_Student_t_95_df_n_minus_1,unadjusted_exploratory
all_designs_diagnostic,original_e4,max3sat,all_native,equal_2q_budget_256,all_scheduled,cold,optimum_hit_rate,7,0.1352044633296456,0.12783723747496079,0.01697473777420394,0.2534341888850873,6,estimated,0,raw_instance,two_sided_Student_t_95_df_n_minus_1,unadjusted_exploratory
all_designs_diagnostic,original_e4,max3sat,all_native,equal_2q_budget_256,all_scheduled,cold,auxiliary_inconsistency_rate,7,0.0,0.0,0.0,0.0,6,estimated,0,raw_instance,two_sided_Student_t_95_df_n_minus_1,unadjusted_exploratory
all_designs_diagnostic,original_e4,max3sat,all_native,equal_2q_budget_256,all_scheduled,cold,statevector_norm,7,0.9999999999999999,2.7834764294710043e-16,0.9999999999999997,1.0000000000000002,6,estimated,0,raw_instance,two_sided_Student_t_95_df_n_minus_1,unadjusted_exploratory
all_designs_diagnostic,original_e4,max3sat,all_native,equal_2q_budget_256,all_scheduled,original_only,original_objective_mean,7,7.38097246020464,4.176564975039351,3.518294100465436,11.243650819943843,6,estimated,0,raw_instance,two_sided_Student_t_95_df_n_minus_1,unadjusted_exploratory
all_designs_diagnostic,original_e4,max3sat,all_native,equal_2q_budget_256,all_scheduled,original_only,encoded_energy_mean,7,7.38097246020464,4.176564975039351,3.518294100465436,11.243650819943843,6,estimated,0,raw_instance,two_sided_Student_t_95_df_n_minus_1,unadjusted_exploratory
all_designs_diagnostic,original_e4,max3sat,all_native,equal_2q_budget_256,all_scheduled,original_only,optimum_hit_rate,7,0.15664128778503042,0.13693536717158764,0.02999719566201728,0.2832853799080436,6,estimated,0,raw_instance,two_sided_Student_t_95_df_n_minus_1,unadjusted_exploratory
all_designs_diagnostic,original_e4,max3sat,all_native,equal_2q_budget_256,all_scheduled,original_only,auxiliary_inconsistency_rate,7,0.0,0.0,0.0,0.0,6,estimated,0,raw_instance,two_sided_Student_t_95_df_n_minus_1,unadjusted_exploratory
all_designs_diagnostic,original_e4,max3sat,all_native,equal_2q_budget_256,all_scheduled,original_only,statevector_norm,7,1.0,2.298380017448157e-16,0.9999999999999998,1.0000000000000002,6,estimated,0,raw_instance,two_sided_Student_t_95_df_n_minus_1,unadjusted_exploratory
all_designs_diagnostic,original_e4,max3sat,all_native,equal_2q_budget_256,positive_depth_only,cold,original_objective_mean,7,7.918147874038621,4.650787125871032,3.616887174344499,12.219408573732743,6,estimated,0,raw_instance,two_sided_Student_t_95_df_n_minus_1,unadjusted_exploratory
all_designs_diagnostic,original_e4,max3sat,all_native,equal_2q_budget_256,positive_depth_only,cold,encoded_energy_mean,7,7.918147874038621,4.650787125871032,3.616887174344499,12.219408573732743,6,estimated,0,raw_instance,two_sided_Student_t_95_df_n_minus_1,unadjusted_exploratory
all_designs_diagnostic,original_e4,max3sat,all_native,equal_2q_budget_256,positive_depth_only,cold,optimum_hit_rate,7,0.1352044633296456,0.12783723747496079,0.01697473777420394,0.2534341888850873,6,estimated,0,raw_instance,two_sided_Student_t_95_df_n_minus_1,unadjusted_exploratory
all_designs_diagnostic,original_e4,max3sat,all_native,equal_2q_budget_256,positive_depth_only,cold,auxiliary_inconsistency_rate,7,0.0,0.0,0.0,0.0,6,estimated,0,raw_instance,two_sided_Student_t_95_df_n_minus_1,unadjusted_exploratory
all_designs_diagnostic,original_e4,max3sat,all_native,equal_2q_budget_256,positive_depth_only,cold,statevector_norm,7,0.9999999999999999,2.7834764294710043e-16,0.9999999999999997,1.0000000000000002,6,estimated,0,raw_instance,two_sided_Student_t_95_df_n_minus_1,unadjusted_exploratory
all_designs_diagnostic,original_e4,max3sat,all_native,equal_2q_budget_256,positive_depth_only,original_only,original_objective_mean,7,7.38097246020464,4.176564975039351,3.518294100465436,11.243650819943843,6,estimated,0,raw_instance,two_sided_Student_t_95_df_n_minus_1,unadjusted_exploratory
all_designs_diagnostic,original_e4,max3sat,all_native,equal_2q_budget_256,positive_depth_only,original_only,encoded_energy_mean,7,7.38097246020464,4.176564975039351,3.518294100465436,11.243650819943843,6,estimated,0,raw_instance,two_sided_Student_t_95_df_n_minus_1,unadjusted_exploratory
all_designs_diagnostic,original_e4,max3sat,all_native,equal_2q_budget_256,positive_depth_only,original_only,optimum_hit_rate,7,0.15664128778503042,0.13693536717158764,0.02999719566201728,0.2832853799080436,6,estimated,0,raw_instance,two_sided_Student_t_95_df_n_minus_1,unadjusted_exploratory
all_designs_diagnostic,original_e4,max3sat,all_native,equal_2q_budget_256,positive_depth_only,original_only,auxiliary_inconsistency_rate,7,0.0,0.0,0.0,0.0,6,estimated,0,raw_instance,two_sided_Student_t_95_df_n_minus_1,unadjusted_exploratory
all_designs_diagnostic,original_e4,max3sat,all_native,equal_2q_budget_256,positive_depth_only,original_only,statevector_norm,7,1.0,2.298380017448157e-16,0.9999999999999998,1.0000000000000002,6,estimated,0,raw_instance,two_sided_Student_t_95_df_n_minus_1,unadjusted_exploratory
all_designs_diagnostic,original_e4,max3sat,all_native,equal_layer_p1,all_scheduled,cold,original_objective_mean,7,8.127457123565877,5.012572940158219,3.4916003517264684,12.763313895405286,6,estimated,0,raw_instance,two_sided_Student_t_95_df_n_minus_1,unadjusted_exploratory
all_designs_diagnostic,original_e4,max3sat,all_native,equal_layer_p1,all_scheduled,cold,encoded_energy_mean,7,8.127457123565877,5.012572940158219,3.4916003517264684,12.763313895405286,6,estimated,0,raw_instance,two_sided_Student_t_95_df_n_minus_1,unadjusted_exploratory
all_designs_diagnostic,original_e4,max3sat,all_native,equal_layer_p1,all_scheduled,cold,optimum_hit_rate,7,0.13933053704847956,0.11357886137916048,0.034287610003158456,0.24437346409380067,6,estimated,0,raw_instance,two_sided_Student_t_95_df_n_minus_1,unadjusted_exploratory
all_designs_diagnostic,original_e4,max3sat,all_native,equal_layer_p1,all_scheduled,cold,auxiliary_inconsistency_rate,7,0.0,0.0,0.0,0.0,6,estimated,0,raw_instance,two_sided_Student_t_95_df_n_minus_1,unadjusted_exploratory
all_designs_diagnostic,original_e4,max3sat,all_native,equal_layer_p1,all_scheduled,cold,statevector_norm,7,1.0000000000000002,1.18687833744435e-16,1.0000000000000002,1.0000000000000002,6,estimated,0,raw_instance,two_sided_Student_t_95_df_n_minus_1,unadjusted_exploratory
all_designs_diagnostic,original_e4,max3sat,all_native,equal_layer_p1,all_scheduled,original_only,original_objective_mean,7,7.712858060242013,5.087870677880511,3.007362495812175,12.418353624671852,6,estimated,0,raw_instance,two_sided_Student_t_95_df_n_minus_1,unadjusted_exploratory
all_designs_diagnostic,original_e4,max3sat,all_native,equal_layer_p1,all_scheduled,original_only,encoded_energy_mean,7,7.712858060242013,5.087870677880511,3.007362495812175,12.418353624671852,6,estimated,0,raw_instance,two_sided_Student_t_95_df_n_minus_1,unadjusted_exploratory
all_designs_diagnostic,original_e4,max3sat,all_native,equal_layer_p1,all_scheduled,original_only,optimum_hit_rate,7,0.16271198077602414,0.13286458861887768,0.03983273088982908,0.2855912306622192,6,estimated,0,raw_instance,two_sided_Student_t_95_df_n_minus_1,unadjusted_exploratory
all_designs_diagnostic,original_e4,max3sat,all_native,equal_layer_p1,all_scheduled,original_only,auxiliary_inconsistency_rate,7,0.0,0.0,0.0,0.0,6,estimated,0,raw_instance,two_sided_Student_t_95_df_n_minus_1,unadjusted_exploratory
all_designs_diagnostic,original_e4,max3sat,all_native,equal_layer_p1,all_scheduled,original_only,statevector_norm,7,1.0,2.8971341217725906e-16,0.9999999999999998,1.0000000000000002,6,estimated,0,raw_instance,two_sided_Student_t_95_df_n_minus_1,unadjusted_exploratory
all_designs_diagnostic,original_e4,max3sat,all_native,equal_layer_p1,positive_depth_only,cold,original_objective_mean,7,8.127457123565877,5.012572940158219,3.4916003517264684,12.763313895405286,6,estimated,0,raw_instance,two_sided_Student_t_95_df_n_minus_1,unadjusted_exploratory
all_designs_diagnostic,original_e4,max3sat,all_native,equal_layer_p1,positive_depth_only,cold,encoded_energy_mean,7,8.127457123565877,5.012572940158219,3.4916003517264684,12.763313895405286,6,estimated,0,raw_instance,two_sided_Student_t_95_df_n_minus_1,unadjusted_exploratory
all_designs_diagnostic,original_e4,max3sat,all_native,equal_layer_p1,positive_depth_only,cold,optimum_hit_rate,7,0.13933053704847956,0.11357886137916048,0.034287610003158456,0.24437346409380067,6,estimated,0,raw_instance,two_sided_Student_t_95_df_n_minus_1,unadjusted_exploratory
all_designs_diagnostic,original_e4,max3sat,all_native,equal_layer_p1,positive_depth_only,cold,auxiliary_inconsistency_rate,7,0.0,0.0,0.0,0.0,6,estimated,0,raw_instance,two_sided_Student_t_95_df_n_minus_1,unadjusted_exploratory
all_designs_diagnostic,original_e4,max3sat,all_native,equal_layer_p1,positive_depth_only,cold,statevector_norm,7,1.0000000000000002,1.18687833744435e-16,1.0000000000000002,1.0000000000000002,6,estimated,0,raw_instance,two_sided_Student_t_95_df_n_minus_1,unadjusted_exploratory
all_designs_diagnostic,original_e4,max3sat,all_native,equal_layer_p1,positive_depth_only,original_only,original_objective_mean,7,7.712858060242013,5.087870677880511,3.007362495812175,12.418353624671852,6,estimated,0,raw_instance,two_sided_Student_t_95_df_n_minus_1,unadjusted_exploratory
all_designs_diagnostic,original_e4,max3sat,all_native,equal_layer_p1,positive_depth_only,original_only,encoded_energy_mean,7,7.712858060242013,5.087870677880511,3.007362495812175,12.418353624671852,6,estimated,0,raw_instance,two_sided_Student_t_95_df_n_minus_1,unadjusted_exploratory
all_designs_diagnostic,original_e4,max3sat,all_native,equal_layer_p1,positive_depth_only,original_only,optimum_hit_rate,7,0.16271198077602414,0.13286458861887768,0.03983273088982908,0.2855912306622192,6,estimated,0,raw_instance,two_sided_Student_t_95_df_n_minus_1,unadjusted_exploratory
all_designs_diagnostic,original_e4,max3sat,all_native,equal_layer_p1,positive_depth_only,original_only,auxiliary_inconsistency_rate,7,0.0,0.0,0.0,0.0,6,estimated,0,raw_instance,two_sided_Student_t_95_df_n_minus_1,unadjusted_exploratory
all_designs_diagnostic,original_e4,max3sat,all_native,equal_layer_p1,positive_depth_only,original_only,statevector_norm,7,1.0,2.8971341217725906e-16,0.9999999999999998,1.0000000000000002,6,estimated,0,raw_instance,two_sided_Student_t_95_df_n_minus_1,unadjusted_exploratory
all_designs_diagnostic,original_e4,max3sat,all_native,equal_layer_p2,all_scheduled,cold,original_objective_mean,7,7.900785910208924,4.588209943630707,3.657399451451491,12.144172368966357,6,estimated,0,raw_instance,two_sided_Student_t_95_df_n_minus_1,unadjusted_exploratory
all_designs_diagnostic,original_e4,max3sat,all_native,equal_layer_p2,all_scheduled,cold,encoded_energy_mean,7,7.900785910208924,4.588209943630707,3.657399451451491,12.144172368966357,6,estimated,0,raw_instance,two_sided_Student_t_95_df_n_minus_1,unadjusted_exploratory
all_designs_diagnostic,original_e4,max3sat,all_native,equal_layer_p2,all_scheduled,cold,optimum_hit_rate,7,0.14601839216194498,0.10865711843501905,0.0455273181528274,0.24650946617106256,6,estimated,0,raw_instance,two_sided_Student_t_95_df_n_minus_1,unadjusted_exploratory
all_designs_diagnostic,original_e4,max3sat,all_native,equal_layer_p2,all_scheduled,cold,auxiliary_inconsistency_rate,7,0.0,0.0,0.0,0.0,6,estimated,0,raw_instance,two_sided_Student_t_95_df_n_minus_1,unadjusted_exploratory
all_designs_diagnostic,original_e4,max3sat,all_native,equal_layer_p2,all_scheduled,cold,statevector_norm,7,1.0000000000000002,2.220446049250313e-16,1.0,1.0000000000000004,6,estimated,0,raw_instance,two_sided_Student_t_95_df_n_minus_1,unadjusted_exploratory
all_designs_diagnostic,original_e4,max3sat,all_native,equal_layer_p2,all_scheduled,original_only,original_objective_mean,7,7.621103876515408,4.673902216448986,3.2984652835782793,11.943742469452538,6,estimated,0,raw_instance,two_sided_Student_t_95_df_n_minus_1,unadjusted_exploratory
all_designs_diagnostic,original_e4,max3sat,all_native,equal_layer_p2,all_scheduled,original_only,encoded_energy_mean,7,7.621103876515408,4.673902216448986,3.2984652835782793,11.943742469452538,6,estimated,0,raw_instance,two_sided_Student_t_95_df_n_minus_1,unadjusted_exploratory
all_designs_diagnostic,original_e4,max3sat,all_native,equal_layer_p2,all_scheduled,original_only,optimum_hit_rate,7,0.14710800603727048,0.10897187663974311,0.04632582924076563,0.24789018283377534,6,estimated,0,raw_instance,two_sided_Student_t_95_df_n_minus_1,unadjusted_exploratory
all_designs_diagnostic,original_e4,max3sat,all_native,equal_layer_p2,all_scheduled,original_only,auxiliary_inconsistency_rate,7,0.0,0.0,0.0,0.0,6,estimated,0,raw_instance,two_sided_Student_t_95_df_n_minus_1,unadjusted_exploratory
all_designs_diagnostic,original_e4,max3sat,all_native,equal_layer_p2,all_scheduled,original_only,statevector_norm,7,1.0000000000000002,3.356998883401261e-16,0.9999999999999999,1.0000000000000004,6,estimated,0,raw_instance,two_sided_Student_t_95_df_n_minus_1,unadjusted_exploratory
all_designs_diagnostic,original_e4,max3sat,all_native,equal_layer_p2,positive_depth_only,cold,original_objective_mean,7,7.900785910208924,4.588209943630707,3.657399451451491,12.144172368966357,6,estimated,0,raw_instance,two_sided_Student_t_95_df_n_minus_1,unadjusted_exploratory
all_designs_diagnostic,original_e4,max3sat,all_native,equal_layer_p2,positive_depth_only,cold,encoded_energy_mean,7,7.900785910208924,4.588209943630707,3.657399451451491,12.144172368966357,6,estimated,0,raw_instance,two_sided_Student_t_95_df_n_minus_1,unadjusted_exploratory
all_designs_diagnostic,original_e4,max3sat,all_native,equal_layer_p2,positive_depth_only,cold,optimum_hit_rate,7,0.14601839216194498,0.10865711843501905,0.0455273181528274,0.24650946617106256,6,estimated,0,raw_instance,two_sided_Student_t_95_df_n_minus_1,unadjusted_exploratory
all_designs_diagnostic,original_e4,max3sat,all_native,equal_layer_p2,positive_depth_only,cold,auxiliary_inconsistency_rate,7,0.0,0.0,0.0,0.0,6,estimated,0,raw_instance,two_sided_Student_t_95_df_n_minus_1,unadjusted_exploratory
all_designs_diagnostic,original_e4,max3sat,all_native,equal_layer_p2,positive_depth_only,cold,statevector_norm,7,1.0000000000000002,2.220446049250313e-16,1.0,1.0000000000000004,6,estimated,0,raw_instance,two_sided_Student_t_95_df_n_minus_1,unadjusted_exploratory
all_designs_diagnostic,original_e4,max3sat,all_native,equal_layer_p2,positive_depth_only,original_only,original_objective_mean,7,7.621103876515408,4.673902216448986,3.2984652835782793,11.943742469452538,6,estimated,0,raw_instance,two_sided_Student_t_95_df_n_minus_1,unadjusted_exploratory
all_designs_diagnostic,original_e4,max3sat,all_native,equal_layer_p2,positive_depth_only,original_only,encoded_energy_mean,7,7.621103876515408,4.673902216448986,3.2984652835782793,11.943742469452538,6,estimated,0,raw_instance,two_sided_Student_t_95_df_n_minus_1,unadjusted_exploratory
all_designs_diagnostic,original_e4,max3sat,all_native,equal_layer_p2,positive_depth_only,original_only,optimum_hit_rate,7,0.14710800603727048,0.10897187663974311,0.04632582924076563,0.24789018283377534,6,estimated,0,raw_instance,two_sided_Student_t_95_df_n_minus_1,unadjusted_exploratory
all_designs_diagnostic,original_e4,max3sat,all_native,equal_layer_p2,positive_depth_only,original_only,auxiliary_inconsistency_rate,7,0.0,0.0,0.0,0.0,6,estimated,0,raw_instance,two_sided_Student_t_95_df_n_minus_1,unadjusted_exploratory
all_designs_diagnostic,original_e4,max3sat,all_native,equal_layer_p2,positive_depth_only,original_only,statevector_norm,7,1.0000000000000002,3.356998883401261e-16,0.9999999999999999,1.0000000000000004,6,estimated,0,raw_instance,two_sided_Student_t_95_df_n_minus_1,unadjusted_exploratory
all_designs_diagnostic,original_e4,max3sat,fully_quadratized,equal_2q_budget_128,all_scheduled,cold,original_objective_mean,7,10.101290611558564,4.7395763972258145,5.717913531755715,14.484667691361413,6,estimated,2,raw_instance,two_sided_Student_t_95_df_n_minus_1,unadjusted_exploratory
all_designs_diagnostic,original_e4,max3sat,fully_quadratized,equal_2q_budget_128,all_scheduled,cold,encoded_energy_mean,7,38.17931236405995,14.912067915237557,24.387949754022575,51.970674974097335,6,estimated,2,raw_instance,two_sided_Student_t_95_df_n_minus_1,unadjusted_exploratory
all_designs_diagnostic,original_e4,max3sat,fully_quadratized,equal_2q_budget_128,all_scheduled,cold,optimum_hit_rate,7,0.05748413810634085,0.04643819511285902,0.014535970796649395,0.1004323054160323,6,estimated,2,raw_instance,two_sided_Student_t_95_df_n_minus_1,unadjusted_exploratory
all_designs_diagnostic,original_e4,max3sat,fully_quadratized,equal_2q_budget_128,all_scheduled,cold,auxiliary_inconsistency_rate,7,0.8537782315502879,0.12170805692849378,0.7412170525639199,0.9663394105366558,6,estimated,2,raw_instance,two_sided_Student_t_95_df_n_minus_1,unadjusted_exploratory
all_designs_diagnostic,original_e4,max3sat,fully_quadratized,equal_2q_budget_128,all_scheduled,cold,statevector_norm,7,1.0000000000000002,2.642859423360307e-16,1.0,1.0000000000000004,6,estimated,2,raw_instance,two_sided_Student_t_95_df_n_minus_1,unadjusted_exploratory
all_designs_diagnostic,original_e4,max3sat,fully_quadratized,equal_2q_budget_128,all_scheduled,independence,original_objective_mean,7,9.394591338418454,4.697359449297161,5.050258423414385,13.738924253422525,6,estimated,2,raw_instance,two_sided_Student_t_95_df_n_minus_1,unadjusted_exploratory
all_designs_diagnostic,original_e4,max3sat,fully_quadratized,equal_2q_budget_128,all_scheduled,independence,encoded_energy_mean,7,31.791885098543748,10.788501930247554,21.81418495763328,41.769585239454216,6,estimated,2,raw_instance,two_sided_Student_t_95_df_n_minus_1,unadjusted_exploratory
all_designs_diagnostic,original_e4,max3sat,fully_quadratized,equal_2q_budget_128,all_scheduled,independence,optimum_hit_rate,7,0.08141165286418998,0.05581908881249791,0.029787605900963972,0.133035699827416,6,estimated,2,raw_instance,two_sided_Student_t_95_df_n_minus_1,unadjusted_exploratory
all_designs_diagnostic,original_e4,max3sat,fully_quadratized,equal_2q_budget_128,all_scheduled,independence,auxiliary_inconsistency_rate,7,0.8009764661696909,0.13035735847119514,0.6804160174256348,0.9215369149137469,6,estimated,2,raw_instance,two_sided_Student_t_95_df_n_minus_1,unadjusted_exploratory
all_designs_diagnostic,original_e4,max3sat,fully_quadratized,equal_2q_budget_128,all_scheduled,independence,statevector_norm,7,0.9999999999999999,5.722920091050629e-16,0.9999999999999993,1.0000000000000004,6,estimated,2,raw_instance,two_sided_Student_t_95_df_n_minus_1,unadjusted_exploratory
all_designs_diagnostic,original_e4,max3sat,fully_quadratized,equal_2q_budget_128,all_scheduled,original_only,original_objective_mean,7,9.536344637248234,4.554192196575136,5.324419347222504,13.748269927273965,6,estimated,2,raw_instance,two_sided_Student_t_95_df_n_minus_1,unadjusted_exploratory
all_designs_diagnostic,original_e4,max3sat,fully_quadratized,equal_2q_budget_128,all_scheduled,original_only,encoded_energy_mean,7,37.78037144554129,14.161165222165106,24.683477998592537,50.87726489249005,6,estimated,2,raw_instance,two_sided_Student_t_95_df_n_minus_1,unadjusted_exploratory
all_designs_diagnostic,original_e4,max3sat,fully_quadratized,equal_2q_budget_128,all_scheduled,original_only,optimum_hit_rate,7,0.06984209607111837,0.049746980585029736,0.023833812585393313,0.11585037955684342,6,estimated,2,raw_instance,two_sided_Student_t_95_df_n_minus_1,unadjusted_exploratory
all_designs_diagnostic,original_e4,max3sat,fully_quadratized,equal_2q_budget_128,all_scheduled,original_only,auxiliary_inconsistency_rate,7,0.855627903513797,0.11948151118839279,0.7451259358885971,0.966129871138997,6,estimated,2,raw_instance,two_sided_Student_t_95_df_n_minus_1,unadjusted_exploratory
all_designs_diagnostic,original_e4,max3sat,fully_quadratized,equal_2q_budget_128,all_scheduled,original_only,statevector_norm,7,1.0000000000000002,3.064506689930876e-16,0.9999999999999999,1.0000000000000004,6,estimated,2,raw_instance,two_sided_Student_t_95_df_n_minus_1,unadjusted_exploratory
all_designs_diagnostic,original_e4,max3sat,fully_quadratized,equal_2q_budget_128,all_scheduled,pair,original_objective_mean,7,9.317432488910466,4.729347197188167,4.94351584127113,13.691349136549803,6,estimated,2,raw_instance,two_sided_Student_t_95_df_n_minus_1,unadjusted_exploratory
all_designs_diagnostic,original_e4,max3sat,fully_quadratized,equal_2q_budget_128,all_scheduled,pair,encoded_energy_mean,7,32.88500115824872,13.14767693896169,20.7254280409908,45.04457427550664,6,estimated,2,raw_instance,two_sided_Student_t_95_df_n_minus_1,unadjusted_exploratory
all_designs_diagnostic,original_e4,max3sat,fully_quadratized,equal_2q_budget_128,all_scheduled,pair,optimum_hit_rate,7,0.0877771849723551,0.07887792992885874,0.014827266841521455,0.16072710310318872,6,estimated,2,raw_instance,two_sided_Student_t_95_df_n_minus_1,unadjusted_exploratory
all_designs_diagnostic,original_e4,max3sat,fully_quadratized,equal_2q_budget_128,all_scheduled,pair,auxiliary_inconsistency_rate,7,0.7896173824758776,0.1868152418356657,0.616842100343155,0.9623926646086003,6,estimated,2,raw_instance,two_sided_Student_t_95_df_n_minus_1,unadjusted_exploratory
all_designs_diagnostic,original_e4,max3sat,fully_quadratized,equal_2q_budget_128,all_scheduled,pair,statevector_norm,7,1.0,5.588000014763635e-16,0.9999999999999994,1.0000000000000004,6,estimated,2,raw_instance,two_sided_Student_t_95_df_n_minus_1,unadjusted_exploratory
all_designs_diagnostic,original_e4,max3sat,fully_quadratized,equal_2q_budget_128,positive_depth_only,cold,original_objective_mean,5,8.641806856181988,4.924552822013341,2.527166909835274,14.756446802528703,4,estimated,0,raw_instance,two_sided_Student_t_95_df_n_minus_1,unadjusted_exploratory
all_designs_diagnostic,original_e4,max3sat,fully_quadratized,equal_2q_budget_128,positive_depth_only,cold,encoded_energy_mean,5,31.901037309683936,12.164440575196428,16.796889389173444,47.00518523019443,4,estimated,0,raw_instance,two_sided_Student_t_95_df_n_minus_1,unadjusted_exploratory
all_designs_diagnostic,original_e4,max3sat,fully_quadratized,equal_2q_budget_128,positive_depth_only,cold,optimum_hit_rate,5,0.07110279334887719,0.0489164581040374,0.010364988401451197,0.13184059829630318,4,estimated,0,raw_instance,two_sided_Student_t_95_df_n_minus_1,unadjusted_exploratory
all_designs_diagnostic,original_e4,max3sat,fully_quadratized,equal_2q_budget_128,positive_depth_only,cold,auxiliary_inconsistency_rate,5,0.8015395241704031,0.10139238399065688,0.6756442512771528,0.9274347970636534,4,estimated,0,raw_instance,two_sided_Student_t_95_df_n_minus_1,unadjusted_exploratory
all_designs_diagnostic,original_e4,max3sat,fully_quadratized,equal_2q_budget_128,positive_depth_only,cold,statevector_norm,5,1.0000000000000002,3.1006841635969763e-16,0.9999999999999999,1.0000000000000007,4,estimated,0,raw_instance,two_sided_Student_t_95_df_n_minus_1,unadjusted_exploratory
all_designs_diagnostic,original_e4,max3sat,fully_quadratized,equal_2q_budget_128,positive_depth_only,independence,original_objective_mean,5,8.398724170082133,5.095144906517093,2.0722661740285755,14.72518216613569,4,estimated,0,raw_instance,two_sided_Student_t_95_df_n_minus_1,unadjusted_exploratory
all_designs_diagnostic,original_e4,max3sat,fully_quadratized,equal_2q_budget_128,positive_depth_only,independence,encoded_energy_mean,5,29.24382432314643,11.542910910535024,14.91140741106166,43.5762412352312,4,estimated,0,raw_instance,two_sided_Student_t_95_df_n_minus_1,unadjusted_exploratory
all_designs_diagnostic,original_e4,max3sat,fully_quadratized,equal_2q_budget_128,positive_depth_only,independence,optimum_hit_rate,5,0.08451386545019522,0.054293155190594015,0.017100009301144803,0.15192772159924564,4,estimated,0,raw_instance,two_sided_Student_t_95_df_n_minus_1,unadjusted_exploratory
all_designs_diagnostic,original_e4,max3sat,fully_quadratized,equal_2q_budget_128,positive_depth_only,independence,auxiliary_inconsistency_rate,5,0.7535443162213935,0.12498200042962256,0.5983586658644438,0.9087299665783433,4,estimated,0,raw_instance,two_sided_Student_t_95_df_n_minus_1,unadjusted_exploratory
all_designs_diagnostic,original_e4,max3sat,fully_quadratized,equal_2q_budget_128,positive_depth_only,independence,statevector_norm,5,1.0,6.11127102013626e-16,0.9999999999999992,1.0000000000000007,4,estimated,0,raw_instance,two_sided_Student_t_95_df_n_minus_1,unadjusted_exploratory
all_designs_diagnostic,original_e4,max3sat,fully_quadratized,equal_2q_budget_128,positive_depth_only,original_only,original_objective_mean,5,8.597178788443822,4.945072604951447,2.457060166371906,14.737297410515737,4,estimated,0,raw_instance,two_sided_Student_t_95_df_n_minus_1,unadjusted_exploratory
all_designs_diagnostic,original_e4,max3sat,fully_quadratized,equal_2q_budget_128,positive_depth_only,original_only,encoded_energy_mean,5,32.32585335709114,11.911777587815548,17.535427971690098,47.116278742492185,4,estimated,0,raw_instance,two_sided_Student_t_95_df_n_minus_1,unadjusted_exploratory
all_designs_diagnostic,original_e4,max3sat,fully_quadratized,equal_2q_budget_128,positive_depth_only,original_only,optimum_hit_rate,5,0.06831648593989494,0.04492387826229869,0.01253612364190998,0.12409684823787989,4,estimated,0,raw_instance,two_sided_Student_t_95_df_n_minus_1,unadjusted_exploratory
all_designs_diagnostic,original_e4,max3sat,fully_quadratized,equal_2q_budget_128,positive_depth_only,original_only,auxiliary_inconsistency_rate,5,0.8041290649193156,0.09904886105480248,0.6811436600844805,0.9271144697541507,4,estimated,0,raw_instance,two_sided_Student_t_95_df_n_minus_1,unadjusted_exploratory
all_designs_diagnostic,original_e4,max3sat,fully_quadratized,equal_2q_budget_128,positive_depth_only,original_only,statevector_norm,5,1.0000000000000004,3.3674731643402955e-16,1.0,1.0000000000000009,4,estimated,0,raw_instance,two_sided_Student_t_95_df_n_minus_1,unadjusted_exploratory
all_designs_diagnostic,original_e4,max3sat,fully_quadratized,equal_2q_budget_128,positive_depth_only,pair,original_objective_mean,5,8.290701780770949,5.1127001645746475,1.9424460528081493,14.638957508733748,4,estimated,0,raw_instance,two_sided_Student_t_95_df_n_minus_1,unadjusted_exploratory
all_designs_diagnostic,original_e4,max3sat,fully_quadratized,equal_2q_budget_128,positive_depth_only,pair,encoded_energy_mean,5,28.07900162154821,11.594609752805752,13.682392118267062,42.475611124829356,4,estimated,0,raw_instance,two_sided_Student_t_95_df_n_minus_1,unadjusted_exploratory
all_designs_diagnostic,original_e4,max3sat,fully_quadratized,equal_2q_budget_128,positive_depth_only,pair,optimum_hit_rate,5,0.09342561040162635,0.08665565829109775,-0.01417160073907725,0.20102282154232995,4,estimated,0,raw_instance,two_sided_Student_t_95_df_n_minus_1,unadjusted_exploratory
all_designs_diagnostic,original_e4,max3sat,fully_quadratized,equal_2q_budget_128,positive_depth_only,pair,auxiliary_inconsistency_rate,5,0.7209011072721537,0.17797471063537817,0.4999163164854721,0.9418858980588354,4,estimated,0,raw_instance,two_sided_Student_t_95_df_n_minus_1,unadjusted_exploratory
all_designs_diagnostic,original_e4,max3sat,fully_quadratized,equal_2q_budget_128,positive_depth_only,pair,statevector_norm,5,1.0000000000000002,4.813812324017963e-16,0.9999999999999997,1.0000000000000009,4,estimated,0,raw_instance,two_sided_Student_t_95_df_n_minus_1,unadjusted_exploratory
all_designs_diagnostic,original_e4,max3sat,fully_quadratized,equal_2q_budget_128,zero_depth_only,cold,original_objective_mean,2,13.75,0.7071067811865476,7.396897631912653,20.10310236808735,1,estimated,2,raw_instance,two_sided_Student_t_95_df_n_minus_1,unadjusted_exploratory
all_designs_diagnostic,original_e4,max3sat,fully_quadratized,equal_2q_budget_128,zero_depth_only,cold,encoded_energy_mean,2,53.875,7.247844507162112,-11.244299272895304,118.9942992728953,1,estimated,2,raw_instance,two_sided_Student_t_95_df_n_minus_1,unadjusted_exploratory
all_designs_diagnostic,original_e4,max3sat,fully_quadratized,equal_2q_budget_128,zero_depth_only,cold,optimum_hit_rate,2,0.0234375,0.011048543456039806,-0.0758297245013648,0.1227047245013648,1,estimated,2,raw_instance,two_sided_Student_t_95_df_n_minus_1,unadjusted_exploratory
all_designs_diagnostic,original_e4,max3sat,fully_quadratized,equal_2q_budget_128,zero_depth_only,cold,auxiliary_inconsistency_rate,2,0.984375,0.0,0.984375,0.984375,1,estimated,2,raw_instance,two_sided_Student_t_95_df_n_minus_1,unadjusted_exploratory
all_designs_diagnostic,original_e4,max3sat,fully_quadratized,equal_2q_budget_128,zero_depth_only,cold,statevector_norm,2,1.0,0.0,1.0,1.0,1,estimated,2,raw_instance,two_sided_Student_t_95_df_n_minus_1,unadjusted_exploratory
all_designs_diagnostic,original_e4,max3sat,fully_quadratized,equal_2q_budget_128,zero_depth_only,independence,original_objective_mean,2,11.884259259259258,3.3456626406141297,-18.17532694530219,41.9438454638207,1,estimated,2,raw_instance,two_sided_Student_t_95_df_n_minus_1,unadjusted_exploratory
all_designs_diagnostic,original_e4,max3sat,fully_quadratized,equal_2q_budget_128,zero_depth_only,independence,encoded_energy_mean,2,38.162037037037024,7.195466227074233,-26.486662060444516,102.81073613451856,1,estimated,2,raw_instance,two_sided_Student_t_95_df_n_minus_1,unadjusted_exploratory
all_designs_diagnostic,original_e4,max3sat,fully_quadratized,equal_2q_budget_128,zero_depth_only,independence,optimum_hit_rate,2,0.07365612139917689,0.0820683989224355,-0.6636991881685732,0.811011430966927,1,estimated,2,raw_instance,two_sided_Student_t_95_df_n_minus_1,unadjusted_exploratory
all_designs_diagnostic,original_e4,max3sat,fully_quadratized,equal_2q_budget_128,zero_depth_only,independence,auxiliary_inconsistency_rate,2,0.9195568410404342,0.010226869873254656,0.8276720607801323,1.0114416213007362,1,estimated,2,raw_instance,two_sided_Student_t_95_df_n_minus_1,unadjusted_exploratory
all_designs_diagnostic,original_e4,max3sat,fully_quadratized,equal_2q_budget_128,zero_depth_only,independence,statevector_norm,2,0.9999999999999996,5.495323605393213e-16,0.9999999999999947,1.0000000000000044,1,estimated,2,raw_instance,two_sided_Student_t_95_df_n_minus_1,unadjusted_exploratory
all_designs_diagnostic,original_e4,max3sat,fully_quadratized,equal_2q_budget_128,zero_depth_only,original_only,original_objective_mean,2,11.884259259259267,3.3456626406141186,-18.17532694530208,41.94384546382061,1,estimated,2,raw_instance,two_sided_Student_t_95_df_n_minus_1,unadjusted_exploratory
all_designs_diagnostic,original_e4,max3sat,fully_quadratized,equal_2q_budget_128,zero_depth_only,original_only,encoded_energy_mean,2,51.41666666666667,10.724452847995959,-44.938719249324635,147.77205258265798,1,estimated,2,raw_instance,two_sided_Student_t_95_df_n_minus_1,unadjusted_exploratory
all_designs_diagnostic,original_e4,max3sat,fully_quadratized,equal_2q_budget_128,zero_depth_only,original_only,optimum_hit_rate,2,0.07365612139917692,0.08206839892243553,-0.6636991881685734,0.8110114309669272,1,estimated,2,raw_instance,two_sided_Student_t_95_df_n_minus_1,unadjusted_exploratory
all_designs_diagnostic,original_e4,max3sat,fully_quadratized,equal_2q_budget_128,zero_depth_only,original_only,auxiliary_inconsistency_rate,2,0.9843750000000007,8.635508522760763e-16,0.9843749999999929,0.9843750000000084,1,estimated,2,raw_instance,two_sided_Student_t_95_df_n_minus_1,unadjusted_exploratory
all_designs_diagnostic,original_e4,max3sat,fully_quadratized,equal_2q_budget_128,zero_depth_only,original_only,statevector_norm,2,1.0000000000000002,3.1401849173675503e-16,0.9999999999999974,1.000000000000003,1,estimated,2,raw_instance,two_sided_Student_t_95_df_n_minus_1,unadjusted_exploratory
all_designs_diagnostic,original_e4,max3sat,fully_quadratized,equal_2q_budget_128,zero_depth_only,pair,original_objective_mean,2,11.884259259259256,3.3456626406141323,-18.175326945302213,41.94384546382072,1,estimated,2,raw_instance,two_sided_Student_t_95_df_n_minus_1,unadjusted_exploratory
all_designs_diagnostic,original_e4,max3sat,fully_quadratized,equal_2q_budget_128,zero_depth_only,pair,encoded_energy_mean,2,44.89999999999999,9.758073580374369,-42.77281267960551,132.57281267960548,1,estimated,2,raw_instance,two_sided_Student_t_95_df_n_minus_1,unadjusted_exploratory
all_designs_diagnostic,original_e4,max3sat,fully_quadratized,equal_2q_budget_128,zero_depth_only,pair,optimum_hit_rate,2,0.07365612139917695,0.08206839892243559,-0.6636991881685738,0.8110114309669277,1,estimated,2,raw_instance,two_sided_Student_t_95_df_n_minus_1,unadjusted_exploratory
all_designs_diagnostic,original_e4,max3sat,fully_quadratized,equal_2q_budget_128,zero_depth_only,pair,auxiliary_inconsistency_rate,2,0.9614080704851875,0.008118104885345829,0.8884697919342064,1.0343463490361686,1,estimated,2,raw_instance,two_sided_Student_t_95_df_n_minus_1,unadjusted_exploratory
all_designs_diagnostic,original_e4,max3sat,fully_quadratized,equal_2q_budget_128,zero_depth_only,pair,statevector_norm,2,0.9999999999999996,6.280369834735101e-16,0.9999999999999939,1.000000000000005,1,estimated,2,raw_instance,two_sided_Student_t_95_df_n_minus_1,unadjusted_exploratory
all_designs_diagnostic,original_e4,max3sat,fully_quadratized,equal_2q_budget_256,all_scheduled,cold,original_objective_mean,7,9.713088721154374,4.540719853206705,5.513623270612819,13.91255417169593,6,estimated,0,raw_instance,two_sided_Student_t_95_df_n_minus_1,unadjusted_exploratory
all_designs_diagnostic,original_e4,max3sat,fully_quadratized,equal_2q_budget_256,all_scheduled,cold,encoded_energy_mean,7,36.749422808154726,14.055182700688666,23.750546845589483,49.74829877071997,6,estimated,0,raw_instance,two_sided_Student_t_95_df_n_minus_1,unadjusted_exploratory
all_designs_diagnostic,original_e4,max3sat,fully_quadratized,equal_2q_budget_256,all_scheduled,cold,optimum_hit_rate,7,0.07179061506975117,0.05530906039359389,0.02063826572126992,0.12294296441823241,6,estimated,0,raw_instance,two_sided_Student_t_95_df_n_minus_1,unadjusted_exploratory
all_designs_diagnostic,original_e4,max3sat,fully_quadratized,equal_2q_budget_256,all_scheduled,cold,auxiliary_inconsistency_rate,7,0.8378608528635024,0.12924425874630172,0.718329849667468,0.9573918560595368,6,estimated,0,raw_instance,two_sided_Student_t_95_df_n_minus_1,unadjusted_exploratory
all_designs_diagnostic,original_e4,max3sat,fully_quadratized,equal_2q_budget_256,all_scheduled,cold,statevector_norm,7,1.0000000000000002,7.498654379295573e-16,0.9999999999999996,1.0000000000000009,6,estimated,0,raw_instance,two_sided_Student_t_95_df_n_minus_1,unadjusted_exploratory
all_designs_diagnostic,original_e4,max3sat,fully_quadratized,equal_2q_budget_256,all_scheduled,independence,original_objective_mean,7,9.094559150719563,4.3093697763455845,5.109056835136068,13.080061466303059,6,estimated,0,raw_instance,two_sided_Student_t_95_df_n_minus_1,unadjusted_exploratory
all_designs_diagnostic,original_e4,max3sat,fully_quadratized,equal_2q_budget_256,all_scheduled,independence,encoded_energy_mean,7,34.638272878901624,13.909337413044874,21.774281310525964,47.502264447277284,6,estimated,0,raw_instance,two_sided_Student_t_95_df_n_minus_1,unadjusted_exploratory
all_designs_diagnostic,original_e4,max3sat,fully_quadratized,equal_2q_budget_256,all_scheduled,independence,optimum_hit_rate,7,0.09178097274161125,0.06308961221770239,0.03343281311903505,0.15012913236418746,6,estimated,0,raw_instance,two_sided_Student_t_95_df_n_minus_1,unadjusted_exploratory
all_designs_diagnostic,original_e4,max3sat,fully_quadratized,equal_2q_budget_256,all_scheduled,independence,auxiliary_inconsistency_rate,7,0.8203063781209563,0.12109727062610666,0.7083100822494819,0.9323026739924307,6,estimated,0,raw_instance,two_sided_Student_t_95_df_n_minus_1,unadjusted_exploratory
all_designs_diagnostic,original_e4,max3sat,fully_quadratized,equal_2q_budget_256,all_scheduled,independence,statevector_norm,7,0.9999999999999998,8.921346905935702e-16,0.999999999999999,1.0000000000000007,6,estimated,0,raw_instance,two_sided_Student_t_95_df_n_minus_1,unadjusted_exploratory
all_designs_diagnostic,original_e4,max3sat,fully_quadratized,equal_2q_budget_256,all_scheduled,original_only,original_objective_mean,7,9.219989485995082,4.3450267115387975,5.201510005500091,13.238468966490075,6,estimated,0,raw_instance,two_sided_Student_t_95_df_n_minus_1,unadjusted_exploratory
all_designs_diagnostic,original_e4,max3sat,fully_quadratized,equal_2q_budget_256,all_scheduled,original_only,encoded_energy_mean,7,36.503051014015895,12.990370095333946,24.488962462268425,48.517139565763365,6,estimated,0,raw_instance,two_sided_Student_t_95_df_n_minus_1,unadjusted_exploratory
all_designs_diagnostic,original_e4,max3sat,fully_quadratized,equal_2q_budget_256,all_scheduled,original_only,optimum_hit_rate,7,0.08862634133225997,0.06065567144491295,0.03252920148505601,0.14472348117946393,6,estimated,0,raw_instance,two_sided_Student_t_95_df_n_minus_1,unadjusted_exploratory
all_designs_diagnostic,original_e4,max3sat,fully_quadratized,equal_2q_budget_256,all_scheduled,original_only,auxiliary_inconsistency_rate,7,0.8404797464308237,0.12702327315964,0.7230028123116891,0.9579566805499583,6,estimated,0,raw_instance,two_sided_Student_t_95_df_n_minus_1,unadjusted_exploratory
all_designs_diagnostic,original_e4,max3sat,fully_quadratized,equal_2q_budget_256,all_scheduled,original_only,statevector_norm,7,1.0000000000000004,6.77924709168086e-16,0.9999999999999998,1.000000000000001,6,estimated,0,raw_instance,two_sided_Student_t_95_df_n_minus_1,unadjusted_exploratory
all_designs_diagnostic,original_e4,max3sat,fully_quadratized,equal_2q_budget_256,all_scheduled,pair,original_objective_mean,7,8.870076449096095,4.2646579197633345,4.9259257039721,12.81422719422009,6,estimated,0,raw_instance,two_sided_Student_t_95_df_n_minus_1,unadjusted_exploratory
all_designs_diagnostic,original_e4,max3sat,fully_quadratized,equal_2q_budget_256,all_scheduled,pair,encoded_energy_mean,7,31.847516199310963,11.200039241902953,21.489207525441763,42.20582487318016,6,estimated,0,raw_instance,two_sided_Student_t_95_df_n_minus_1,unadjusted_exploratory
all_designs_diagnostic,original_e4,max3sat,fully_quadratized,equal_2q_budget_256,all_scheduled,pair,optimum_hit_rate,7,0.09745245235033773,0.0676589565063902,0.03487835408976725,0.1600265506109082,6,estimated,0,raw_instance,two_sided_Student_t_95_df_n_minus_1,unadjusted_exploratory
all_designs_diagnostic,original_e4,max3sat,fully_quadratized,equal_2q_budget_256,all_scheduled,pair,auxiliary_inconsistency_rate,7,0.7925806506226658,0.15844675677598807,0.64604184128361,0.9391194599617216,6,estimated,0,raw_instance,two_sided_Student_t_95_df_n_minus_1,unadjusted_exploratory
all_designs_diagnostic,original_e4,max3sat,fully_quadratized,equal_2q_budget_256,all_scheduled,pair,statevector_norm,7,0.9999999999999998,5.503328451013557e-16,0.9999999999999992,1.0000000000000002,6,estimated,0,raw_instance,two_sided_Student_t_95_df_n_minus_1,unadjusted_exploratory
all_designs_diagnostic,original_e4,max3sat,fully_quadratized,equal_2q_budget_256,positive_depth_only,cold,original_objective_mean,7,9.713088721154374,4.540719853206705,5.513623270612819,13.91255417169593,6,estimated,0,raw_instance,two_sided_Student_t_95_df_n_minus_1,unadjusted_exploratory
all_designs_diagnostic,original_e4,max3sat,fully_quadratized,equal_2q_budget_256,positive_depth_only,cold,encoded_energy_mean,7,36.749422808154726,14.055182700688666,23.750546845589483,49.74829877071997,6,estimated,0,raw_instance,two_sided_Student_t_95_df_n_minus_1,unadjusted_exploratory
all_designs_diagnostic,original_e4,max3sat,fully_quadratized,equal_2q_budget_256,positive_depth_only,cold,optimum_hit_rate,7,0.07179061506975117,0.05530906039359389,0.02063826572126992,0.12294296441823241,6,estimated,0,raw_instance,two_sided_Student_t_95_df_n_minus_1,unadjusted_exploratory
all_designs_diagnostic,original_e4,max3sat,fully_quadratized,equal_2q_budget_256,positive_depth_only,cold,auxiliary_inconsistency_rate,7,0.8378608528635024,0.12924425874630172,0.718329849667468,0.9573918560595368,6,estimated,0,raw_instance,two_sided_Student_t_95_df_n_minus_1,unadjusted_exploratory
all_designs_diagnostic,original_e4,max3sat,fully_quadratized,equal_2q_budget_256,positive_depth_only,cold,statevector_norm,7,1.0000000000000002,7.498654379295573e-16,0.9999999999999996,1.0000000000000009,6,estimated,0,raw_instance,two_sided_Student_t_95_df_n_minus_1,unadjusted_exploratory
all_designs_diagnostic,original_e4,max3sat,fully_quadratized,equal_2q_budget_256,positive_depth_only,independence,original_objective_mean,7,9.094559150719563,4.3093697763455845,5.109056835136068,13.080061466303059,6,estimated,0,raw_instance,two_sided_Student_t_95_df_n_minus_1,unadjusted_exploratory
all_designs_diagnostic,original_e4,max3sat,fully_quadratized,equal_2q_budget_256,positive_depth_only,independence,encoded_energy_mean,7,34.638272878901624,13.909337413044874,21.774281310525964,47.502264447277284,6,estimated,0,raw_instance,two_sided_Student_t_95_df_n_minus_1,unadjusted_exploratory
all_designs_diagnostic,original_e4,max3sat,fully_quadratized,equal_2q_budget_256,positive_depth_only,independence,optimum_hit_rate,7,0.09178097274161125,0.06308961221770239,0.03343281311903505,0.15012913236418746,6,estimated,0,raw_instance,two_sided_Student_t_95_df_n_minus_1,unadjusted_exploratory
all_designs_diagnostic,original_e4,max3sat,fully_quadratized,equal_2q_budget_256,positive_depth_only,independence,auxiliary_inconsistency_rate,7,0.8203063781209563,0.12109727062610666,0.7083100822494819,0.9323026739924307,6,estimated,0,raw_instance,two_sided_Student_t_95_df_n_minus_1,unadjusted_exploratory
all_designs_diagnostic,original_e4,max3sat,fully_quadratized,equal_2q_budget_256,positive_depth_only,independence,statevector_norm,7,0.9999999999999998,8.921346905935702e-16,0.999999999999999,1.0000000000000007,6,estimated,0,raw_instance,two_sided_Student_t_95_df_n_minus_1,unadjusted_exploratory
all_designs_diagnostic,original_e4,max3sat,fully_quadratized,equal_2q_budget_256,positive_depth_only,original_only,original_objective_mean,7,9.219989485995082,4.3450267115387975,5.201510005500091,13.238468966490075,6,estimated,0,raw_instance,two_sided_Student_t_95_df_n_minus_1,unadjusted_exploratory
all_designs_diagnostic,original_e4,max3sat,fully_quadratized,equal_2q_budget_256,positive_depth_only,original_only,encoded_energy_mean,7,36.503051014015895,12.990370095333946,24.488962462268425,48.517139565763365,6,estimated,0,raw_instance,two_sided_Student_t_95_df_n_minus_1,unadjusted_exploratory
all_designs_diagnostic,original_e4,max3sat,fully_quadratized,equal_2q_budget_256,positive_depth_only,original_only,optimum_hit_rate,7,0.08862634133225997,0.06065567144491295,0.03252920148505601,0.14472348117946393,6,estimated,0,raw_instance,two_sided_Student_t_95_df_n_minus_1,unadjusted_exploratory
all_designs_diagnostic,original_e4,max3sat,fully_quadratized,equal_2q_budget_256,positive_depth_only,original_only,auxiliary_inconsistency_rate,7,0.8404797464308237,0.12702327315964,0.7230028123116891,0.9579566805499583,6,estimated,0,raw_instance,two_sided_Student_t_95_df_n_minus_1,unadjusted_exploratory
all_designs_diagnostic,original_e4,max3sat,fully_quadratized,equal_2q_budget_256,positive_depth_only,original_only,statevector_norm,7,1.0000000000000004,6.77924709168086e-16,0.9999999999999998,1.000000000000001,6,estimated,0,raw_instance,two_sided_Student_t_95_df_n_minus_1,unadjusted_exploratory
all_designs_diagnostic,original_e4,max3sat,fully_quadratized,equal_2q_budget_256,positive_depth_only,pair,original_objective_mean,7,8.870076449096095,4.2646579197633345,4.9259257039721,12.81422719422009,6,estimated,0,raw_instance,two_sided_Student_t_95_df_n_minus_1,unadjusted_exploratory
all_designs_diagnostic,original_e4,max3sat,fully_quadratized,equal_2q_budget_256,positive_depth_only,pair,encoded_energy_mean,7,31.847516199310963,11.200039241902953,21.489207525441763,42.20582487318016,6,estimated,0,raw_instance,two_sided_Student_t_95_df_n_minus_1,unadjusted_exploratory
all_designs_diagnostic,original_e4,max3sat,fully_quadratized,equal_2q_budget_256,positive_depth_only,pair,optimum_hit_rate,7,0.09745245235033773,0.0676589565063902,0.03487835408976725,0.1600265506109082,6,estimated,0,raw_instance,two_sided_Student_t_95_df_n_minus_1,unadjusted_exploratory
all_designs_diagnostic,original_e4,max3sat,fully_quadratized,equal_2q_budget_256,positive_depth_only,pair,auxiliary_inconsistency_rate,7,0.7925806506226658,0.15844675677598807,0.64604184128361,0.9391194599617216,6,estimated,0,raw_instance,two_sided_Student_t_95_df_n_minus_1,unadjusted_exploratory
all_designs_diagnostic,original_e4,max3sat,fully_quadratized,equal_2q_budget_256,positive_depth_only,pair,statevector_norm,7,0.9999999999999998,5.503328451013557e-16,0.9999999999999992,1.0000000000000002,6,estimated,0,raw_instance,two_sided_Student_t_95_df_n_minus_1,unadjusted_exploratory
all_designs_diagnostic,original_e4,max3sat,fully_quadratized,equal_layer_p1,all_scheduled,cold,original_objective_mean,7,9.874530972597025,4.661321060251229,5.563528008478317,14.185533936715732,6,estimated,0,raw_instance,two_sided_Student_t_95_df_n_minus_1,unadjusted_exploratory
all_designs_diagnostic,original_e4,max3sat,fully_quadratized,equal_layer_p1,all_scheduled,cold,encoded_energy_mean,7,36.886700751277836,12.018996832922724,25.770982631301212,48.00241887125446,6,estimated,0,raw_instance,two_sided_Student_t_95_df_n_minus_1,unadjusted_exploratory
all_designs_diagnostic,original_e4,max3sat,fully_quadratized,equal_layer_p1,all_scheduled,cold,optimum_hit_rate,7,0.0621917883395274,0.0441400766085113,0.02136902615771296,0.10301455052134184,6,estimated,0,raw_instance,two_sided_Student_t_95_df_n_minus_1,unadjusted_exploratory
all_designs_diagnostic,original_e4,max3sat,fully_quadratized,equal_layer_p1,all_scheduled,cold,auxiliary_inconsistency_rate,7,0.8425968054425864,0.11799735790728319,0.733467450669273,0.9517261602158998,6,estimated,0,raw_instance,two_sided_Student_t_95_df_n_minus_1,unadjusted_exploratory
all_designs_diagnostic,original_e4,max3sat,fully_quadratized,equal_layer_p1,all_scheduled,cold,statevector_norm,7,0.9999999999999998,3.2322919722005454e-16,0.9999999999999994,1.0,6,estimated,0,raw_instance,two_sided_Student_t_95_df_n_minus_1,unadjusted_exploratory
all_designs_diagnostic,original_e4,max3sat,fully_quadratized,equal_layer_p1,all_scheduled,independence,original_objective_mean,7,9.303881923045363,4.522625939963016,5.121150551237668,13.486613294853058,6,estimated,0,raw_instance,two_sided_Student_t_95_df_n_minus_1,unadjusted_exploratory
all_designs_diagnostic,original_e4,max3sat,fully_quadratized,equal_layer_p1,all_scheduled,independence,encoded_energy_mean,7,34.33731967962497,15.435627035839508,20.06174564290574,48.612893716344196,6,estimated,0,raw_instance,two_sided_Student_t_95_df_n_minus_1,unadjusted_exploratory
all_designs_diagnostic,original_e4,max3sat,fully_quadratized,equal_layer_p1,all_scheduled,independence,optimum_hit_rate,7,0.08220835835620986,0.05602005511339262,0.030398448564046172,0.13401826814837356,6,estimated,0,raw_instance,two_sided_Student_t_95_df_n_minus_1,unadjusted_exploratory
all_designs_diagnostic,original_e4,max3sat,fully_quadratized,equal_layer_p1,all_scheduled,independence,auxiliary_inconsistency_rate,7,0.7867269144821005,0.16225053941308826,0.6366701929435965,0.9367836360206045,6,estimated,0,raw_instance,two_sided_Student_t_95_df_n_minus_1,unadjusted_exploratory
all_designs_diagnostic,original_e4,max3sat,fully_quadratized,equal_layer_p1,all_scheduled,independence,statevector_norm,7,1.0000000000000002,1.4332917616497527e-16,1.0,1.0000000000000004,6,estimated,0,raw_instance,two_sided_Student_t_95_df_n_minus_1,unadjusted_exploratory
all_designs_diagnostic,original_e4,max3sat,fully_quadratized,equal_layer_p1,all_scheduled,original_only,original_objective_mean,7,9.229938056188628,4.5404781182761065,5.030696173169856,13.4291799392074,6,estimated,0,raw_instance,two_sided_Student_t_95_df_n_minus_1,unadjusted_exploratory
all_designs_diagnostic,original_e4,max3sat,fully_quadratized,equal_layer_p1,all_scheduled,original_only,encoded_energy_mean,7,35.9581081738153,11.21100862122571,25.589654516117758,46.326561831512834,6,estimated,0,raw_instance,two_sided_Student_t_95_df_n_minus_1,unadjusted_exploratory
all_designs_diagnostic,original_e4,max3sat,fully_quadratized,equal_layer_p1,all_scheduled,original_only,optimum_hit_rate,7,0.0775565893398557,0.04990701122080397,0.0314003022010342,0.12371287647867718,6,estimated,0,raw_instance,two_sided_Student_t_95_df_n_minus_1,unadjusted_exploratory
all_designs_diagnostic,original_e4,max3sat,fully_quadratized,equal_layer_p1,all_scheduled,original_only,auxiliary_inconsistency_rate,7,0.8432316790224123,0.11815575683035853,0.7339558296785544,0.9525075283662701,6,estimated,0,raw_instance,two_sided_Student_t_95_df_n_minus_1,unadjusted_exploratory
all_designs_diagnostic,original_e4,max3sat,fully_quadratized,equal_layer_p1,all_scheduled,original_only,statevector_norm,7,1.0,5.263463089569615e-16,0.9999999999999996,1.0000000000000004,6,estimated,0,raw_instance,two_sided_Student_t_95_df_n_minus_1,unadjusted_exploratory
all_designs_diagnostic,original_e4,max3sat,fully_quadratized,equal_layer_p1,all_scheduled,pair,original_objective_mean,7,8.98313323038048,4.408476621136691,4.905972370762712,13.060294089998248,6,estimated,0,raw_instance,two_sided_Student_t_95_df_n_minus_1,unadjusted_exploratory
all_designs_diagnostic,original_e4,max3sat,fully_quadratized,equal_layer_p1,all_scheduled,pair,encoded_energy_mean,7,32.94978744304809,14.381623958553494,19.649003671070965,46.25057121502521,6,estimated,0,raw_instance,two_sided_Student_t_95_df_n_minus_1,unadjusted_exploratory
all_designs_diagnostic,original_e4,max3sat,fully_quadratized,equal_layer_p1,all_scheduled,pair,optimum_hit_rate,7,0.0912056707637499,0.0592545686413984,0.03640433488733287,0.14600700664016691,6,estimated,0,raw_instance,two_sided_Student_t_95_df_n_minus_1,unadjusted_exploratory
all_designs_diagnostic,original_e4,max3sat,fully_quadratized,equal_layer_p1,all_scheduled,pair,auxiliary_inconsistency_rate,7,0.7904434695779348,0.19054291901287856,0.6142206610567645,0.966666278099105,6,estimated,0,raw_instance,two_sided_Student_t_95_df_n_minus_1,unadjusted_exploratory
all_designs_diagnostic,original_e4,max3sat,fully_quadratized,equal_layer_p1,all_scheduled,pair,statevector_norm,7,1.0,4.480367471257125e-16,0.9999999999999996,1.0000000000000004,6,estimated,0,raw_instance,two_sided_Student_t_95_df_n_minus_1,unadjusted_exploratory
all_designs_diagnostic,original_e4,max3sat,fully_quadratized,equal_layer_p1,positive_depth_only,cold,original_objective_mean,7,9.874530972597025,4.661321060251229,5.563528008478317,14.185533936715732,6,estimated,0,raw_instance,two_sided_Student_t_95_df_n_minus_1,unadjusted_exploratory
all_designs_diagnostic,original_e4,max3sat,fully_quadratized,equal_layer_p1,positive_depth_only,cold,encoded_energy_mean,7,36.886700751277836,12.018996832922724,25.770982631301212,48.00241887125446,6,estimated,0,raw_instance,two_sided_Student_t_95_df_n_minus_1,unadjusted_exploratory
all_designs_diagnostic,original_e4,max3sat,fully_quadratized,equal_layer_p1,positive_depth_only,cold,optimum_hit_rate,7,0.0621917883395274,0.0441400766085113,0.02136902615771296,0.10301455052134184,6,estimated,0,raw_instance,two_sided_Student_t_95_df_n_minus_1,unadjusted_exploratory
all_designs_diagnostic,original_e4,max3sat,fully_quadratized,equal_layer_p1,positive_depth_only,cold,auxiliary_inconsistency_rate,7,0.8425968054425864,0.11799735790728319,0.733467450669273,0.9517261602158998,6,estimated,0,raw_instance,two_sided_Student_t_95_df_n_minus_1,unadjusted_exploratory
all_designs_diagnostic,original_e4,max3sat,fully_quadratized,equal_layer_p1,positive_depth_only,cold,statevector_norm,7,0.9999999999999998,3.2322919722005454e-16,0.9999999999999994,1.0,6,estimated,0,raw_instance,two_sided_Student_t_95_df_n_minus_1,unadjusted_exploratory
all_designs_diagnostic,original_e4,max3sat,fully_quadratized,equal_layer_p1,positive_depth_only,independence,original_objective_mean,7,9.303881923045363,4.522625939963016,5.121150551237668,13.486613294853058,6,estimated,0,raw_instance,two_sided_Student_t_95_df_n_minus_1,unadjusted_exploratory
all_designs_diagnostic,original_e4,max3sat,fully_quadratized,equal_layer_p1,positive_depth_only,independence,encoded_energy_mean,7,34.33731967962497,15.435627035839508,20.06174564290574,48.612893716344196,6,estimated,0,raw_instance,two_sided_Student_t_95_df_n_minus_1,unadjusted_exploratory
all_designs_diagnostic,original_e4,max3sat,fully_quadratized,equal_layer_p1,positive_depth_only,independence,optimum_hit_rate,7,0.08220835835620986,0.05602005511339262,0.030398448564046172,0.13401826814837356,6,estimated,0,raw_instance,two_sided_Student_t_95_df_n_minus_1,unadjusted_exploratory
all_designs_diagnostic,original_e4,max3sat,fully_quadratized,equal_layer_p1,positive_depth_only,independence,auxiliary_inconsistency_rate,7,0.7867269144821005,0.16225053941308826,0.6366701929435965,0.9367836360206045,6,estimated,0,raw_instance,two_sided_Student_t_95_df_n_minus_1,unadjusted_exploratory
all_designs_diagnostic,original_e4,max3sat,fully_quadratized,equal_layer_p1,positive_depth_only,independence,statevector_norm,7,1.0000000000000002,1.4332917616497527e-16,1.0,1.0000000000000004,6,estimated,0,raw_instance,two_sided_Student_t_95_df_n_minus_1,unadjusted_exploratory
all_designs_diagnostic,original_e4,max3sat,fully_quadratized,equal_layer_p1,positive_depth_only,original_only,original_objective_mean,7,9.229938056188628,4.5404781182761065,5.030696173169856,13.4291799392074,6,estimated,0,raw_instance,two_sided_Student_t_95_df_n_minus_1,unadjusted_exploratory
all_designs_diagnostic,original_e4,max3sat,fully_quadratized,equal_layer_p1,positive_depth_only,original_only,encoded_energy_mean,7,35.9581081738153,11.21100862122571,25.589654516117758,46.326561831512834,6,estimated,0,raw_instance,two_sided_Student_t_95_df_n_minus_1,unadjusted_exploratory
all_designs_diagnostic,original_e4,max3sat,fully_quadratized,equal_layer_p1,positive_depth_only,original_only,optimum_hit_rate,7,0.0775565893398557,0.04990701122080397,0.0314003022010342,0.12371287647867718,6,estimated,0,raw_instance,two_sided_Student_t_95_df_n_minus_1,unadjusted_exploratory
all_designs_diagnostic,original_e4,max3sat,fully_quadratized,equal_layer_p1,positive_depth_only,original_only,auxiliary_inconsistency_rate,7,0.8432316790224123,0.11815575683035853,0.7339558296785544,0.9525075283662701,6,estimated,0,raw_instance,two_sided_Student_t_95_df_n_minus_1,unadjusted_exploratory
all_designs_diagnostic,original_e4,max3sat,fully_quadratized,equal_layer_p1,positive_depth_only,original_only,statevector_norm,7,1.0,5.263463089569615e-16,0.9999999999999996,1.0000000000000004,6,estimated,0,raw_instance,two_sided_Student_t_95_df_n_minus_1,unadjusted_exploratory
all_designs_diagnostic,original_e4,max3sat,fully_quadratized,equal_layer_p1,positive_depth_only,pair,original_objective_mean,7,8.98313323038048,4.408476621136691,4.905972370762712,13.060294089998248,6,estimated,0,raw_instance,two_sided_Student_t_95_df_n_minus_1,unadjusted_exploratory
all_designs_diagnostic,original_e4,max3sat,fully_quadratized,equal_layer_p1,positive_depth_only,pair,encoded_energy_mean,7,32.94978744304809,14.381623958553494,19.649003671070965,46.25057121502521,6,estimated,0,raw_instance,two_sided_Student_t_95_df_n_minus_1,unadjusted_exploratory
all_designs_diagnostic,original_e4,max3sat,fully_quadratized,equal_layer_p1,positive_depth_only,pair,optimum_hit_rate,7,0.0912056707637499,0.0592545686413984,0.03640433488733287,0.14600700664016691,6,estimated,0,raw_instance,two_sided_Student_t_95_df_n_minus_1,unadjusted_exploratory
all_designs_diagnostic,original_e4,max3sat,fully_quadratized,equal_layer_p1,positive_depth_only,pair,auxiliary_inconsistency_rate,7,0.7904434695779348,0.19054291901287856,0.6142206610567645,0.966666278099105,6,estimated,0,raw_instance,two_sided_Student_t_95_df_n_minus_1,unadjusted_exploratory
all_designs_diagnostic,original_e4,max3sat,fully_quadratized,equal_layer_p1,positive_depth_only,pair,statevector_norm,7,1.0,4.480367471257125e-16,0.9999999999999996,1.0000000000000004,6,estimated,0,raw_instance,two_sided_Student_t_95_df_n_minus_1,unadjusted_exploratory
all_designs_diagnostic,original_e4,max3sat,fully_quadratized,equal_layer_p2,all_scheduled,cold,original_objective_mean,7,10.051719698669318,4.598118278575375,5.7991695584653975,14.304269838873239,6,estimated,0,raw_instance,two_sided_Student_t_95_df_n_minus_1,unadjusted_exploratory
all_designs_diagnostic,original_e4,max3sat,fully_quadratized,equal_layer_p2,all_scheduled,cold,encoded_energy_mean,7,38.808775591126654,13.9427215815115,25.9139088164835,51.70364236576981,6,estimated,0,raw_instance,two_sided_Student_t_95_df_n_minus_1,unadjusted_exploratory
all_designs_diagnostic,original_e4,max3sat,fully_quadratized,equal_layer_p2,all_scheduled,cold,optimum_hit_rate,7,0.06353758482303261,0.04666683162237528,0.02037796400960476,0.10669720563646046,6,estimated,0,raw_instance,two_sided_Student_t_95_df_n_minus_1,unadjusted_exploratory
all_designs_diagnostic,original_e4,max3sat,fully_quadratized,equal_layer_p2,all_scheduled,cold,auxiliary_inconsistency_rate,7,0.8526462427256002,0.12004863953365003,0.7416197688615385,0.9636727165896619,6,estimated,0,raw_instance,two_sided_Student_t_95_df_n_minus_1,unadjusted_exploratory
all_designs_diagnostic,original_e4,max3sat,fully_quadratized,equal_layer_p2,all_scheduled,cold,statevector_norm,7,0.9999999999999999,5.874748045952207e-16,0.9999999999999993,1.0000000000000004,6,estimated,0,raw_instance,two_sided_Student_t_95_df_n_minus_1,unadjusted_exploratory
all_designs_diagnostic,original_e4,max3sat,fully_quadratized,equal_layer_p2,all_scheduled,independence,original_objective_mean,7,9.353669764336262,4.398665012349257,5.285583129389713,13.42175639928281,6,estimated,0,raw_instance,two_sided_Student_t_95_df_n_minus_1,unadjusted_exploratory
all_designs_diagnostic,original_e4,max3sat,fully_quadratized,equal_layer_p2,all_scheduled,independence,encoded_energy_mean,7,34.99218998691384,11.244269157932663,24.592975463256103,45.39140451057158,6,estimated,0,raw_instance,two_sided_Student_t_95_df_n_minus_1,unadjusted_exploratory
all_designs_diagnostic,original_e4,max3sat,fully_quadratized,equal_layer_p2,all_scheduled,independence,optimum_hit_rate,7,0.08150545735172114,0.05119668338207121,0.034156422397827506,0.12885449230561477,6,estimated,0,raw_instance,two_sided_Student_t_95_df_n_minus_1,unadjusted_exploratory
all_designs_diagnostic,original_e4,max3sat,fully_quadratized,equal_layer_p2,all_scheduled,independence,auxiliary_inconsistency_rate,7,0.821860123709075,0.1140595120783053,0.7163726689082237,0.9273475785099263,6,estimated,0,raw_instance,two_sided_Student_t_95_df_n_minus_1,unadjusted_exploratory
all_designs_diagnostic,original_e4,max3sat,fully_quadratized,equal_layer_p2,all_scheduled,independence,statevector_norm,7,1.0,5.184815675186197e-16,0.9999999999999996,1.0000000000000004,6,estimated,0,raw_instance,two_sided_Student_t_95_df_n_minus_1,unadjusted_exploratory
all_designs_diagnostic,original_e4,max3sat,fully_quadratized,equal_layer_p2,all_scheduled,original_only,original_objective_mean,7,9.636717324994239,4.4475861412516675,5.523386191979376,13.7500484580091,6,estimated,0,raw_instance,two_sided_Student_t_95_df_n_minus_1,unadjusted_exploratory
all_designs_diagnostic,original_e4,max3sat,fully_quadratized,equal_layer_p2,all_scheduled,original_only,encoded_energy_mean,7,38.371057033332605,13.67732494437455,25.72164121016347,51.02047285650174,6,estimated,0,raw_instance,two_sided_Student_t_95_df_n_minus_1,unadjusted_exploratory
all_designs_diagnostic,original_e4,max3sat,fully_quadratized,equal_layer_p2,all_scheduled,original_only,optimum_hit_rate,7,0.07016916420861309,0.04440118595936029,0.029104916153819875,0.1112334122634063,6,estimated,0,raw_instance,two_sided_Student_t_95_df_n_minus_1,unadjusted_exploratory
all_designs_diagnostic,original_e4,max3sat,fully_quadratized,equal_layer_p2,all_scheduled,original_only,auxiliary_inconsistency_rate,7,0.8512345267814252,0.12127202022514953,0.7390766144862557,0.9633924390765947,6,estimated,0,raw_instance,two_sided_Student_t_95_df_n_minus_1,unadjusted_exploratory
all_designs_diagnostic,original_e4,max3sat,fully_quadratized,equal_layer_p2,all_scheduled,original_only,statevector_norm,7,1.0000000000000002,8.98363154658507e-16,0.9999999999999994,1.000000000000001,6,estimated,0,raw_instance,two_sided_Student_t_95_df_n_minus_1,unadjusted_exploratory
all_designs_diagnostic,original_e4,max3sat,fully_quadratized,equal_layer_p2,all_scheduled,pair,original_objective_mean,7,9.345449832257701,4.4116211450868645,5.265380773034132,13.425518891481271,6,estimated,0,raw_instance,two_sided_Student_t_95_df_n_minus_1,unadjusted_exploratory
all_designs_diagnostic,original_e4,max3sat,fully_quadratized,equal_layer_p2,all_scheduled,pair,encoded_energy_mean,7,34.050915005587534,13.349644971891795,21.70455261177805,46.39727739939702,6,estimated,0,raw_instance,two_sided_Student_t_95_df_n_minus_1,unadjusted_exploratory
all_designs_diagnostic,original_e4,max3sat,fully_quadratized,equal_layer_p2,all_scheduled,pair,optimum_hit_rate,7,0.08313829930679861,0.05679763981404443,0.030609243610279932,0.13566735500331728,6,estimated,0,raw_instance,two_sided_Student_t_95_df_n_minus_1,unadjusted_exploratory
all_designs_diagnostic,original_e4,max3sat,fully_quadratized,equal_layer_p2,all_scheduled,pair,auxiliary_inconsistency_rate,7,0.8035542516464693,0.1619978318648118,0.6537312456095568,0.9533772576833819,6,estimated,0,raw_instance,two_sided_Student_t_95_df_n_minus_1,unadjusted_exploratory
all_designs_diagnostic,original_e4,max3sat,fully_quadratized,equal_layer_p2,all_scheduled,pair,statevector_norm,7,0.9999999999999998,5.697222071273527e-16,0.9999999999999992,1.0000000000000002,6,estimated,0,raw_instance,two_sided_Student_t_95_df_n_minus_1,unadjusted_exploratory
all_designs_diagnostic,original_e4,max3sat,fully_quadratized,equal_layer_p2,positive_depth_only,cold,original_objective_mean,7,10.051719698669318,4.598118278575375,5.7991695584653975,14.304269838873239,6,estimated,0,raw_instance,two_sided_Student_t_95_df_n_minus_1,unadjusted_exploratory
all_designs_diagnostic,original_e4,max3sat,fully_quadratized,equal_layer_p2,positive_depth_only,cold,encoded_energy_mean,7,38.808775591126654,13.9427215815115,25.9139088164835,51.70364236576981,6,estimated,0,raw_instance,two_sided_Student_t_95_df_n_minus_1,unadjusted_exploratory
all_designs_diagnostic,original_e4,max3sat,fully_quadratized,equal_layer_p2,positive_depth_only,cold,optimum_hit_rate,7,0.06353758482303261,0.04666683162237528,0.02037796400960476,0.10669720563646046,6,estimated,0,raw_instance,two_sided_Student_t_95_df_n_minus_1,unadjusted_exploratory
all_designs_diagnostic,original_e4,max3sat,fully_quadratized,equal_layer_p2,positive_depth_only,cold,auxiliary_inconsistency_rate,7,0.8526462427256002,0.12004863953365003,0.7416197688615385,0.9636727165896619,6,estimated,0,raw_instance,two_sided_Student_t_95_df_n_minus_1,unadjusted_exploratory
all_designs_diagnostic,original_e4,max3sat,fully_quadratized,equal_layer_p2,positive_depth_only,cold,statevector_norm,7,0.9999999999999999,5.874748045952207e-16,0.9999999999999993,1.0000000000000004,6,estimated,0,raw_instance,two_sided_Student_t_95_df_n_minus_1,unadjusted_exploratory
all_designs_diagnostic,original_e4,max3sat,fully_quadratized,equal_layer_p2,positive_depth_only,independence,original_objective_mean,7,9.353669764336262,4.398665012349257,5.285583129389713,13.42175639928281,6,estimated,0,raw_instance,two_sided_Student_t_95_df_n_minus_1,unadjusted_exploratory
all_designs_diagnostic,original_e4,max3sat,fully_quadratized,equal_layer_p2,positive_depth_only,independence,encoded_energy_mean,7,34.99218998691384,11.244269157932663,24.592975463256103,45.39140451057158,6,estimated,0,raw_instance,two_sided_Student_t_95_df_n_minus_1,unadjusted_exploratory
all_designs_diagnostic,original_e4,max3sat,fully_quadratized,equal_layer_p2,positive_depth_only,independence,optimum_hit_rate,7,0.08150545735172114,0.05119668338207121,0.034156422397827506,0.12885449230561477,6,estimated,0,raw_instance,two_sided_Student_t_95_df_n_minus_1,unadjusted_exploratory
all_designs_diagnostic,original_e4,max3sat,fully_quadratized,equal_layer_p2,positive_depth_only,independence,auxiliary_inconsistency_rate,7,0.821860123709075,0.1140595120783053,0.7163726689082237,0.9273475785099263,6,estimated,0,raw_instance,two_sided_Student_t_95_df_n_minus_1,unadjusted_exploratory
all_designs_diagnostic,original_e4,max3sat,fully_quadratized,equal_layer_p2,positive_depth_only,independence,statevector_norm,7,1.0,5.184815675186197e-16,0.9999999999999996,1.0000000000000004,6,estimated,0,raw_instance,two_sided_Student_t_95_df_n_minus_1,unadjusted_exploratory
all_designs_diagnostic,original_e4,max3sat,fully_quadratized,equal_layer_p2,positive_depth_only,original_only,original_objective_mean,7,9.636717324994239,4.4475861412516675,5.523386191979376,13.7500484580091,6,estimated,0,raw_instance,two_sided_Student_t_95_df_n_minus_1,unadjusted_exploratory
all_designs_diagnostic,original_e4,max3sat,fully_quadratized,equal_layer_p2,positive_depth_only,original_only,encoded_energy_mean,7,38.371057033332605,13.67732494437455,25.72164121016347,51.02047285650174,6,estimated,0,raw_instance,two_sided_Student_t_95_df_n_minus_1,unadjusted_exploratory
all_designs_diagnostic,original_e4,max3sat,fully_quadratized,equal_layer_p2,positive_depth_only,original_only,optimum_hit_rate,7,0.07016916420861309,0.04440118595936029,0.029104916153819875,0.1112334122634063,6,estimated,0,raw_instance,two_sided_Student_t_95_df_n_minus_1,unadjusted_exploratory
all_designs_diagnostic,original_e4,max3sat,fully_quadratized,equal_layer_p2,positive_depth_only,original_only,auxiliary_inconsistency_rate,7,0.8512345267814252,0.12127202022514953,0.7390766144862557,0.9633924390765947,6,estimated,0,raw_instance,two_sided_Student_t_95_df_n_minus_1,unadjusted_exploratory
all_designs_diagnostic,original_e4,max3sat,fully_quadratized,equal_layer_p2,positive_depth_only,original_only,statevector_norm,7,1.0000000000000002,8.98363154658507e-16,0.9999999999999994,1.000000000000001,6,estimated,0,raw_instance,two_sided_Student_t_95_df_n_minus_1,unadjusted_exploratory
all_designs_diagnostic,original_e4,max3sat,fully_quadratized,equal_layer_p2,positive_depth_only,pair,original_objective_mean,7,9.345449832257701,4.4116211450868645,5.265380773034132,13.425518891481271,6,estimated,0,raw_instance,two_sided_Student_t_95_df_n_minus_1,unadjusted_exploratory
all_designs_diagnostic,original_e4,max3sat,fully_quadratized,equal_layer_p2,positive_depth_only,pair,encoded_energy_mean,7,34.050915005587534,13.349644971891795,21.70455261177805,46.39727739939702,6,estimated,0,raw_instance,two_sided_Student_t_95_df_n_minus_1,unadjusted_exploratory
all_designs_diagnostic,original_e4,max3sat,fully_quadratized,equal_layer_p2,positive_depth_only,pair,optimum_hit_rate,7,0.08313829930679861,0.05679763981404443,0.030609243610279932,0.13566735500331728,6,estimated,0,raw_instance,two_sided_Student_t_95_df_n_minus_1,unadjusted_exploratory
all_designs_diagnostic,original_e4,max3sat,fully_quadratized,equal_layer_p2,positive_depth_only,pair,auxiliary_inconsistency_rate,7,0.8035542516464693,0.1619978318648118,0.6537312456095568,0.9533772576833819,6,estimated,0,raw_instance,two_sided_Student_t_95_df_n_minus_1,unadjusted_exploratory
all_designs_diagnostic,original_e4,max3sat,fully_quadratized,equal_layer_p2,positive_depth_only,pair,statevector_norm,7,0.9999999999999998,5.697222071273527e-16,0.9999999999999992,1.0000000000000002,6,estimated,0,raw_instance,two_sided_Student_t_95_df_n_minus_1,unadjusted_exploratory
all_designs_diagnostic,original_e4,max3sat,matched_random_selective,equal_2q_budget_128,all_scheduled,cold,original_objective_mean,7,10.24358536298296,5.130674528557296,5.498502839243058,14.988667886722862,6,estimated,4,raw_instance,two_sided_Student_t_95_df_n_minus_1,unadjusted_exploratory
all_designs_diagnostic,original_e4,max3sat,matched_random_selective,equal_2q_budget_128,all_scheduled,cold,encoded_energy_mean,7,22.116136367203183,11.319798540030899,11.647068815638798,32.58520391876757,6,estimated,4,raw_instance,two_sided_Student_t_95_df_n_minus_1,unadjusted_exploratory
all_designs_diagnostic,original_e4,max3sat,matched_random_selective,equal_2q_budget_128,all_scheduled,cold,optimum_hit_rate,7,0.06914277961302998,0.05969872490908693,0.01393066770085239,0.12435489152520757,6,estimated,4,raw_instance,two_sided_Student_t_95_df_n_minus_1,unadjusted_exploratory
all_designs_diagnostic,original_e4,max3sat,matched_random_selective,equal_2q_budget_128,all_scheduled,cold,auxiliary_inconsistency_rate,7,0.7718855888471757,0.15631457911422725,0.6273187149532581,0.9164524627410934,6,estimated,4,raw_instance,two_sided_Student_t_95_df_n_minus_1,unadjusted_exploratory
all_designs_diagnostic,original_e4,max3sat,matched_random_selective,equal_2q_budget_128,all_scheduled,cold,statevector_norm,7,1.0,1.2588745812754728e-16,0.9999999999999999,1.0000000000000002,6,estimated,4,raw_instance,two_sided_Student_t_95_df_n_minus_1,unadjusted_exploratory
all_designs_diagnostic,original_e4,max3sat,matched_random_selective,equal_2q_budget_128,all_scheduled,independence,original_objective_mean,7,9.468773104885438,5.090755809588495,4.760609238662134,14.176936971108741,6,estimated,4,raw_instance,two_sided_Student_t_95_df_n_minus_1,unadjusted_exploratory
all_designs_diagnostic,original_e4,max3sat,matched_random_selective,equal_2q_budget_128,all_scheduled,independence,encoded_energy_mean,7,17.39363912069898,8.098867238952103,9.90343618856183,24.883842052836133,6,estimated,4,raw_instance,two_sided_Student_t_95_df_n_minus_1,unadjusted_exploratory
all_designs_diagnostic,original_e4,max3sat,matched_random_selective,equal_2q_budget_128,all_scheduled,independence,optimum_hit_rate,7,0.08809829050763349,0.0631165436568971,0.02972522345802197,0.146471357557245,6,estimated,4,raw_instance,two_sided_Student_t_95_df_n_minus_1,unadjusted_exploratory
all_designs_diagnostic,original_e4,max3sat,matched_random_selective,equal_2q_budget_128,all_scheduled,independence,auxiliary_inconsistency_rate,7,0.6474410383541164,0.16688065224219217,0.4931021766513828,0.80177990005685,6,estimated,4,raw_instance,two_sided_Student_t_95_df_n_minus_1,unadjusted_exploratory
all_designs_diagnostic,original_e4,max3sat,matched_random_selective,equal_2q_budget_128,all_scheduled,independence,statevector_norm,7,1.0000000000000002,3.204937810639273e-16,0.9999999999999999,1.0000000000000004,6,estimated,4,raw_instance,two_sided_Student_t_95_df_n_minus_1,unadjusted_exploratory
all_designs_diagnostic,original_e4,max3sat,matched_random_selective,equal_2q_budget_128,all_scheduled,original_only,original_objective_mean,7,9.565261336097075,5.013293233896132,4.928738403656618,14.201784268537532,6,estimated,4,raw_instance,two_sided_Student_t_95_df_n_minus_1,unadjusted_exploratory
all_designs_diagnostic,original_e4,max3sat,matched_random_selective,equal_2q_budget_128,all_scheduled,original_only,encoded_energy_mean,7,21.495560762343747,10.570951878698365,11.719060861654919,31.272060663032576,6,estimated,4,raw_instance,two_sided_Student_t_95_df_n_minus_1,unadjusted_exploratory
all_designs_diagnostic,original_e4,max3sat,matched_random_selective,equal_2q_budget_128,all_scheduled,original_only,optimum_hit_rate,7,0.08469929205314322,0.061073677945936135,0.028215560670698664,0.14118302343558778,6,estimated,4,raw_instance,two_sided_Student_t_95_df_n_minus_1,unadjusted_exploratory
all_designs_diagnostic,original_e4,max3sat,matched_random_selective,equal_2q_budget_128,all_scheduled,original_only,auxiliary_inconsistency_rate,7,0.772320993622695,0.156252895594658,0.6278111674695923,0.9168308197757977,6,estimated,4,raw_instance,two_sided_Student_t_95_df_n_minus_1,unadjusted_exploratory
all_designs_diagnostic,original_e4,max3sat,matched_random_selective,equal_2q_budget_128,all_scheduled,original_only,statevector_norm,7,1.0,2.3860879613726735e-16,0.9999999999999998,1.0000000000000002,6,estimated,4,raw_instance,two_sided_Student_t_95_df_n_minus_1,unadjusted_exploratory
all_designs_diagnostic,original_e4,max3sat,matched_random_selective,equal_2q_budget_128,all_scheduled,pair,original_objective_mean,7,9.52187401794286,5.062135231201531,4.840179771955143,14.203568263930578,6,estimated,4,raw_instance,two_sided_Student_t_95_df_n_minus_1,unadjusted_exploratory
all_designs_diagnostic,original_e4,max3sat,matched_random_selective,equal_2q_budget_128,all_scheduled,pair,encoded_energy_mean,7,19.20598280862854,9.980754880114953,9.975324092749654,28.43664152450743,6,estimated,4,raw_instance,two_sided_Student_t_95_df_n_minus_1,unadjusted_exploratory
all_designs_diagnostic,original_e4,max3sat,matched_random_selective,equal_2q_budget_128,all_scheduled,pair,optimum_hit_rate,7,0.08424402254951535,0.06011109215324052,0.028650534544836688,0.13983751055419402,6,estimated,4,raw_instance,two_sided_Student_t_95_df_n_minus_1,unadjusted_exploratory
all_designs_diagnostic,original_e4,max3sat,matched_random_selective,equal_2q_budget_128,all_scheduled,pair,auxiliary_inconsistency_rate,7,0.6803436075921698,0.20575207557317562,0.4900546752907054,0.8706325398936343,6,estimated,4,raw_instance,two_sided_Student_t_95_df_n_minus_1,unadjusted_exploratory
all_designs_diagnostic,original_e4,max3sat,matched_random_selective,equal_2q_budget_128,all_scheduled,pair,statevector_norm,7,1.0,4.0467156045706334e-16,0.9999999999999997,1.0000000000000004,6,estimated,4,raw_instance,two_sided_Student_t_95_df_n_minus_1,unadjusted_exploratory
all_designs_diagnostic,original_e4,max3sat,matched_random_selective,equal_2q_budget_128,positive_depth_only,cold,original_objective_mean,4,6.327688080868071,1.579231639741683,3.8147781323265453,8.840598029409596,3,estimated,0,raw_instance,two_sided_Student_t_95_df_n_minus_1,unadjusted_exploratory
all_designs_diagnostic,original_e4,max3sat,matched_random_selective,equal_2q_budget_128,positive_depth_only,cold,encoded_energy_mean,4,14.319290816095675,4.826374632863997,6.639451756959155,21.999129875232196,3,estimated,0,raw_instance,two_sided_Student_t_95_df_n_minus_1,unadjusted_exploratory
all_designs_diagnostic,original_e4,max3sat,matched_random_selective,equal_2q_budget_128,positive_depth_only,cold,optimum_hit_rate,4,0.10776861397200402,0.047708727878857056,0.03185338158807678,0.18368384635593127,3,estimated,0,raw_instance,two_sided_Student_t_95_df_n_minus_1,unadjusted_exploratory
all_designs_diagnostic,original_e4,max3sat,matched_random_selective,equal_2q_budget_128,positive_depth_only,cold,auxiliary_inconsistency_rate,4,0.6844327321140923,0.11935347015478427,0.494514727055651,0.8743507371725335,3,estimated,0,raw_instance,two_sided_Student_t_95_df_n_minus_1,unadjusted_exploratory
all_designs_diagnostic,original_e4,max3sat,matched_random_selective,equal_2q_budget_128,positive_depth_only,cold,statevector_norm,4,1.0,2.2887833992611187e-16,0.9999999999999997,1.0000000000000004,3,estimated,0,raw_instance,two_sided_Student_t_95_df_n_minus_1,unadjusted_exploratory
all_designs_diagnostic,original_e4,max3sat,matched_random_selective,equal_2q_budget_128,positive_depth_only,independence,original_objective_mean,4,5.787571275406199,1.1566736098302368,3.947045447394496,7.628097103417902,3,estimated,0,raw_instance,two_sided_Student_t_95_df_n_minus_1,unadjusted_exploratory
all_designs_diagnostic,original_e4,max3sat,matched_random_selective,equal_2q_budget_128,positive_depth_only,independence,encoded_energy_mean,4,12.1067006440531,3.259953699680656,6.919386840580772,17.294014447525427,3,estimated,0,raw_instance,two_sided_Student_t_95_df_n_minus_1,unadjusted_exploratory
all_designs_diagnostic,original_e4,max3sat,matched_random_selective,equal_2q_budget_128,positive_depth_only,independence,optimum_hit_rate,4,0.12281996562161235,0.04226843770448861,0.05556144892023017,0.1900784823229945,3,estimated,0,raw_instance,two_sided_Student_t_95_df_n_minus_1,unadjusted_exploratory
all_designs_diagnostic,original_e4,max3sat,matched_random_selective,equal_2q_budget_128,positive_depth_only,independence,auxiliary_inconsistency_rate,4,0.598159591653419,0.11918218965766368,0.4085141320875921,0.787805051219246,3,estimated,0,raw_instance,two_sided_Student_t_95_df_n_minus_1,unadjusted_exploratory
all_designs_diagnostic,original_e4,max3sat,matched_random_selective,equal_2q_budget_128,positive_depth_only,independence,statevector_norm,4,1.0000000000000002,1.1102230246251565e-16,1.0,1.0000000000000004,3,estimated,0,raw_instance,two_sided_Student_t_95_df_n_minus_1,unadjusted_exploratory
all_designs_diagnostic,original_e4,max3sat,matched_random_selective,equal_2q_budget_128,positive_depth_only,original_only,original_objective_mean,4,5.956704697468389,1.1891215015271008,4.064547032934221,7.848862362002557,3,estimated,0,raw_instance,two_sided_Student_t_95_df_n_minus_1,unadjusted_exploratory
all_designs_diagnostic,original_e4,max3sat,matched_random_selective,equal_2q_budget_128,positive_depth_only,original_only,encoded_energy_mean,4,13.832425569871868,3.9837102401098505,7.493453602392635,20.1713975373511,3,estimated,0,raw_instance,two_sided_Student_t_95_df_n_minus_1,unadjusted_exploratory
all_designs_diagnostic,original_e4,max3sat,matched_random_selective,equal_2q_budget_128,positive_depth_only,original_only,optimum_hit_rate,4,0.11763841932505269,0.042603314230531,0.04984703934215559,0.18542979930794978,3,estimated,0,raw_instance,two_sided_Student_t_95_df_n_minus_1,unadjusted_exploratory
all_designs_diagnostic,original_e4,max3sat,matched_random_selective,equal_2q_budget_128,positive_depth_only,original_only,auxiliary_inconsistency_rate,4,0.688242523899883,0.12268169351756336,0.4930285727694242,0.883456475030342,3,estimated,0,raw_instance,two_sided_Student_t_95_df_n_minus_1,unadjusted_exploratory
all_designs_diagnostic,original_e4,max3sat,matched_random_selective,equal_2q_budget_128,positive_depth_only,original_only,statevector_norm,4,1.0000000000000002,6.304854800243424e-16,0.9999999999999992,1.0000000000000013,3,estimated,0,raw_instance,two_sided_Student_t_95_df_n_minus_1,unadjusted_exploratory
all_designs_diagnostic,original_e4,max3sat,matched_random_selective,equal_2q_budget_128,positive_depth_only,pair,original_objective_mean,4,5.905682933632361,1.3010101402640852,3.835485476622323,7.975880390642399,3,estimated,0,raw_instance,two_sided_Student_t_95_df_n_minus_1,unadjusted_exploratory
all_designs_diagnostic,original_e4,max3sat,matched_random_selective,equal_2q_budget_128,positive_depth_only,pair,encoded_energy_mean,4,12.075869652036772,2.6460722757089044,7.865378183365045,16.2863611207085,3,estimated,0,raw_instance,two_sided_Student_t_95_df_n_minus_1,unadjusted_exploratory
all_designs_diagnostic,original_e4,max3sat,matched_random_selective,equal_2q_budget_128,positive_depth_only,pair,optimum_hit_rate,4,0.11110267429194313,0.042305937839137754,0.04378448650808006,0.1784208620758062,3,estimated,0,raw_instance,two_sided_Student_t_95_df_n_minus_1,unadjusted_exploratory
all_designs_diagnostic,original_e4,max3sat,matched_random_selective,equal_2q_budget_128,positive_depth_only,pair,auxiliary_inconsistency_rate,4,0.5743037336968514,0.14734974342415572,0.33983741042449805,0.8087700569692047,3,estimated,0,raw_instance,two_sided_Student_t_95_df_n_minus_1,unadjusted_exploratory
all_designs_diagnostic,original_e4,max3sat,matched_random_selective,equal_2q_budget_128,positive_depth_only,pair,statevector_norm,4,1.0,2.7940000073818173e-16,0.9999999999999996,1.0000000000000004,3,estimated,0,raw_instance,two_sided_Student_t_95_df_n_minus_1,unadjusted_exploratory
all_designs_diagnostic,original_e4,max3sat,matched_random_selective,equal_2q_budget_128,zero_depth_only,cold,original_objective_mean,4,13.625,4.003904344511741,7.2538947060496115,19.99610529395039,3,estimated,4,raw_instance,two_sided_Student_t_95_df_n_minus_1,unadjusted_exploratory
all_designs_diagnostic,original_e4,max3sat,matched_random_selective,equal_2q_budget_128,zero_depth_only,cold,encoded_energy_mean,4,29.3671875,9.23422271448036,14.673478520067544,44.06089647993245,3,estimated,4,raw_instance,two_sided_Student_t_95_df_n_minus_1,unadjusted_exploratory
all_designs_diagnostic,original_e4,max3sat,matched_random_selective,equal_2q_budget_128,zero_depth_only,cold,optimum_hit_rate,4,0.0322265625,0.032584619156880726,-0.019622837922445895,0.0840759629224459,3,estimated,4,raw_instance,two_sided_Student_t_95_df_n_minus_1,unadjusted_exploratory
all_designs_diagnostic,original_e4,max3sat,matched_random_selective,equal_2q_budget_128,zero_depth_only,cold,auxiliary_inconsistency_rate,4,0.85546875,0.12327917060983984,0.6593040794871377,1.0516334205128623,3,estimated,4,raw_instance,two_sided_Student_t_95_df_n_minus_1,unadjusted_exploratory
all_designs_diagnostic,original_e4,max3sat,matched_random_selective,equal_2q_budget_128,zero_depth_only,cold,statevector_norm,4,1.0,0.0,1.0,1.0,3,estimated,4,raw_instance,two_sided_Student_t_95_df_n_minus_1,unadjusted_exploratory
all_designs_diagnostic,original_e4,max3sat,matched_random_selective,equal_2q_budget_128,zero_depth_only,independence,original_objective_mean,4,12.46712962962963,4.80498560453702,4.821325287579509,20.11293397167975,3,estimated,4,raw_instance,two_sided_Student_t_95_df_n_minus_1,unadjusted_exploratory
all_designs_diagnostic,original_e4,max3sat,matched_random_selective,equal_2q_budget_128,zero_depth_only,independence,encoded_energy_mean,4,22.068564814814817,7.673727157381844,9.857952494932267,34.27917713469736,3,estimated,4,raw_instance,two_sided_Student_t_95_df_n_minus_1,unadjusted_exploratory
all_designs_diagnostic,original_e4,max3sat,matched_random_selective,equal_2q_budget_128,zero_depth_only,independence,optimum_hit_rate,4,0.05751165444958847,0.05939820713005641,-0.03700414796117374,0.15202745686035068,3,estimated,4,raw_instance,two_sided_Student_t_95_df_n_minus_1,unadjusted_exploratory
all_designs_diagnostic,original_e4,max3sat,matched_random_selective,equal_2q_budget_128,zero_depth_only,independence,auxiliary_inconsistency_rate,4,0.6917202934448491,0.20182336106311524,0.3705742885772237,1.0128662983124745,3,estimated,4,raw_instance,two_sided_Student_t_95_df_n_minus_1,unadjusted_exploratory
all_designs_diagnostic,original_e4,max3sat,matched_random_selective,equal_2q_budget_128,zero_depth_only,independence,statevector_norm,4,1.0,3.668218988117461e-16,0.9999999999999994,1.0000000000000007,3,estimated,4,raw_instance,two_sided_Student_t_95_df_n_minus_1,unadjusted_exploratory
all_designs_diagnostic,original_e4,max3sat,matched_random_selective,equal_2q_budget_128,zero_depth_only,original_only,original_objective_mean,4,12.467129629629634,4.804985604537012,4.821325287579525,20.11293397167974,3,estimated,4,raw_instance,two_sided_Student_t_95_df_n_minus_1,unadjusted_exploratory
all_designs_diagnostic,original_e4,max3sat,matched_random_selective,equal_2q_budget_128,zero_depth_only,original_only,encoded_energy_mean,4,28.388396990740745,8.34132292558711,15.11549082788425,41.66130315359724,3,estimated,4,raw_instance,two_sided_Student_t_95_df_n_minus_1,unadjusted_exploratory
all_designs_diagnostic,original_e4,max3sat,matched_random_selective,equal_2q_budget_128,zero_depth_only,original_only,optimum_hit_rate,4,0.05751165444958846,0.0593982071300564,-0.037004147961173725,0.15202745686035063,3,estimated,4,raw_instance,two_sided_Student_t_95_df_n_minus_1,unadjusted_exploratory
all_designs_diagnostic,original_e4,max3sat,matched_random_selective,equal_2q_budget_128,zero_depth_only,original_only,auxiliary_inconsistency_rate,4,0.8554687500000007,0.12327917060983985,0.6593040794871383,1.051633420512863,3,estimated,4,raw_instance,two_sided_Student_t_95_df_n_minus_1,unadjusted_exploratory
all_designs_diagnostic,original_e4,max3sat,matched_random_selective,equal_2q_budget_128,zero_depth_only,original_only,statevector_norm,4,1.0,2.220446049250313e-16,0.9999999999999997,1.0000000000000004,3,estimated,4,raw_instance,two_sided_Student_t_95_df_n_minus_1,unadjusted_exploratory
all_designs_diagnostic,original_e4,max3sat,matched_random_selective,equal_2q_budget_128,zero_depth_only,pair,original_objective_mean,4,12.46712962962963,4.804985604537017,4.821325287579514,20.112933971679745,3,estimated,4,raw_instance,two_sided_Student_t_95_df_n_minus_1,unadjusted_exploratory
all_designs_diagnostic,original_e4,max3sat,matched_random_selective,equal_2q_budget_128,zero_depth_only,pair,encoded_energy_mean,4,24.773744212962963,9.82363739550553,9.142144946076243,40.405343479849684,3,estimated,4,raw_instance,two_sided_Student_t_95_df_n_minus_1,unadjusted_exploratory
all_designs_diagnostic,original_e4,max3sat,matched_random_selective,equal_2q_budget_128,zero_depth_only,pair,optimum_hit_rate,4,0.05751165444958849,0.059398207130056425,-0.03700414796117374,0.1520274568603507,3,estimated,4,raw_instance,two_sided_Student_t_95_df_n_minus_1,unadjusted_exploratory
all_designs_diagnostic,original_e4,max3sat,matched_random_selective,equal_2q_budget_128,zero_depth_only,pair,auxiliary_inconsistency_rate,4,0.7455157882721815,0.22631163786860262,0.38540347038336203,1.105628106161001,3,estimated,4,raw_instance,two_sided_Student_t_95_df_n_minus_1,unadjusted_exploratory
all_designs_diagnostic,original_e4,max3sat,matched_random_selective,equal_2q_budget_128,zero_depth_only,pair,statevector_norm,4,0.9999999999999999,5.688200336284365e-16,0.999999999999999,1.0000000000000009,3,estimated,4,raw_instance,two_sided_Student_t_95_df_n_minus_1,unadjusted_exploratory
all_designs_diagnostic,original_e4,max3sat,matched_random_selective,equal_2q_budget_256,all_scheduled,cold,original_objective_mean,7,9.427097858088331,4.902223952664809,4.8932968781634045,13.960898838013257,6,estimated,0,raw_instance,two_sided_Student_t_95_df_n_minus_1,unadjusted_exploratory
all_designs_diagnostic,original_e4,max3sat,matched_random_selective,equal_2q_budget_256,all_scheduled,cold,encoded_energy_mean,7,20.6473899054398,11.171590607120027,10.31539183049504,30.97938798038456,6,estimated,0,raw_instance,two_sided_Student_t_95_df_n_minus_1,unadjusted_exploratory
all_designs_diagnostic,original_e4,max3sat,matched_random_selective,equal_2q_budget_256,all_scheduled,cold,optimum_hit_rate,7,0.08546814813767059,0.06622800273319371,0.02421746139028056,0.14671883488506063,6,estimated,0,raw_instance,two_sided_Student_t_95_df_n_minus_1,unadjusted_exploratory
all_designs_diagnostic,original_e4,max3sat,matched_random_selective,equal_2q_budget_256,all_scheduled,cold,auxiliary_inconsistency_rate,7,0.7381657270176506,0.16591611426454314,0.584718914162637,0.8916125398726642,6,estimated,0,raw_instance,two_sided_Student_t_95_df_n_minus_1,unadjusted_exploratory
all_designs_diagnostic,original_e4,max3sat,matched_random_selective,equal_2q_budget_256,all_scheduled,cold,statevector_norm,7,1.0,2.2071895364472847e-16,0.9999999999999998,1.0000000000000002,6,estimated,0,raw_instance,two_sided_Student_t_95_df_n_minus_1,unadjusted_exploratory
all_designs_diagnostic,original_e4,max3sat,matched_random_selective,equal_2q_budget_256,all_scheduled,independence,original_objective_mean,7,8.552829842319454,4.504153341725354,4.387182774452248,12.71847691018666,6,estimated,0,raw_instance,two_sided_Student_t_95_df_n_minus_1,unadjusted_exploratory
all_designs_diagnostic,original_e4,max3sat,matched_random_selective,equal_2q_budget_256,all_scheduled,independence,encoded_energy_mean,7,17.198363180062298,8.015633266946521,9.785138833050132,24.611587527074462,6,estimated,0,raw_instance,two_sided_Student_t_95_df_n_minus_1,unadjusted_exploratory
all_designs_diagnostic,original_e4,max3sat,matched_random_selective,equal_2q_budget_256,all_scheduled,independence,optimum_hit_rate,7,0.10843335991596266,0.07388208335657606,0.04010382924675393,0.1767628905851714,6,estimated,0,raw_instance,two_sided_Student_t_95_df_n_minus_1,unadjusted_exploratory
all_designs_diagnostic,original_e4,max3sat,matched_random_selective,equal_2q_budget_256,all_scheduled,independence,auxiliary_inconsistency_rate,7,0.6692529239299075,0.1441837969328933,0.5359051523601689,0.8026006954996462,6,estimated,0,raw_instance,two_sided_Student_t_95_df_n_minus_1,unadjusted_exploratory
all_designs_diagnostic,original_e4,max3sat,matched_random_selective,equal_2q_budget_256,all_scheduled,independence,statevector_norm,7,1.0000000000000002,3.1025765556947777e-16,0.9999999999999999,1.0000000000000004,6,estimated,0,raw_instance,two_sided_Student_t_95_df_n_minus_1,unadjusted_exploratory
all_designs_diagnostic,original_e4,max3sat,matched_random_selective,equal_2q_budget_256,all_scheduled,original_only,original_objective_mean,7,8.786330197357364,4.775917184282616,4.3693434951545,13.203316899560228,6,estimated,0,raw_instance,two_sided_Student_t_95_df_n_minus_1,unadjusted_exploratory
all_designs_diagnostic,original_e4,max3sat,matched_random_selective,equal_2q_budget_256,all_scheduled,original_only,encoded_energy_mean,7,19.895160759254388,10.133520984312586,10.523216961421209,29.267104557087567,6,estimated,0,raw_instance,two_sided_Student_t_95_df_n_minus_1,unadjusted_exploratory
all_designs_diagnostic,original_e4,max3sat,matched_random_selective,equal_2q_budget_256,all_scheduled,original_only,optimum_hit_rate,7,0.10571568111231257,0.06850061570407424,0.04236317792123123,0.1690681843033939,6,estimated,0,raw_instance,two_sided_Student_t_95_df_n_minus_1,unadjusted_exploratory
all_designs_diagnostic,original_e4,max3sat,matched_random_selective,equal_2q_budget_256,all_scheduled,original_only,auxiliary_inconsistency_rate,7,0.7390151890792003,0.16428530151034468,0.58707662646621,0.8909537516921906,6,estimated,0,raw_instance,two_sided_Student_t_95_df_n_minus_1,unadjusted_exploratory
all_designs_diagnostic,original_e4,max3sat,matched_random_selective,equal_2q_budget_256,all_scheduled,original_only,statevector_norm,7,1.0000000000000002,2.7834764294710043e-16,1.0,1.0000000000000004,6,estimated,0,raw_instance,two_sided_Student_t_95_df_n_minus_1,unadjusted_exploratory
all_designs_diagnostic,original_e4,max3sat,matched_random_selective,equal_2q_budget_256,all_scheduled,pair,original_objective_mean,7,8.712490487591866,4.5082101882803505,4.543091462436694,12.881889512747039,6,estimated,0,raw_instance,two_sided_Student_t_95_df_n_minus_1,unadjusted_exploratory
all_designs_diagnostic,original_e4,max3sat,matched_random_selective,equal_2q_budget_256,all_scheduled,pair,encoded_energy_mean,7,18.139846572154674,9.1184087446646,9.706725013225542,26.572968131083805,6,estimated,0,raw_instance,two_sided_Student_t_95_df_n_minus_1,unadjusted_exploratory
all_designs_diagnostic,original_e4,max3sat,matched_random_selective,equal_2q_budget_256,all_scheduled,pair,optimum_hit_rate,7,0.10247446604074203,0.06796196135229217,0.039620135036719364,0.16532879704476472,6,estimated,0,raw_instance,two_sided_Student_t_95_df_n_minus_1,unadjusted_exploratory
all_designs_diagnostic,original_e4,max3sat,matched_random_selective,equal_2q_budget_256,all_scheduled,pair,auxiliary_inconsistency_rate,7,0.6754232844121546,0.18970990523521078,0.4999708851415508,0.8508756836827585,6,estimated,0,raw_instance,two_sided_Student_t_95_df_n_minus_1,unadjusted_exploratory
all_designs_diagnostic,original_e4,max3sat,matched_random_selective,equal_2q_budget_256,all_scheduled,pair,statevector_norm,7,1.0000000000000002,4.917554598123447e-16,0.9999999999999998,1.0000000000000007,6,estimated,0,raw_instance,two_sided_Student_t_95_df_n_minus_1,unadjusted_exploratory
all_designs_diagnostic,original_e4,max3sat,matched_random_selective,equal_2q_budget_256,positive_depth_only,cold,original_objective_mean,7,9.427097858088331,4.902223952664809,4.8932968781634045,13.960898838013257,6,estimated,0,raw_instance,two_sided_Student_t_95_df_n_minus_1,unadjusted_exploratory
all_designs_diagnostic,original_e4,max3sat,matched_random_selective,equal_2q_budget_256,positive_depth_only,cold,encoded_energy_mean,7,20.6473899054398,11.171590607120027,10.31539183049504,30.97938798038456,6,estimated,0,raw_instance,two_sided_Student_t_95_df_n_minus_1,unadjusted_exploratory
all_designs_diagnostic,original_e4,max3sat,matched_random_selective,equal_2q_budget_256,positive_depth_only,cold,optimum_hit_rate,7,0.08546814813767059,0.06622800273319371,0.02421746139028056,0.14671883488506063,6,estimated,0,raw_instance,two_sided_Student_t_95_df_n_minus_1,unadjusted_exploratory
all_designs_diagnostic,original_e4,max3sat,matched_random_selective,equal_2q_budget_256,positive_depth_only,cold,auxiliary_inconsistency_rate,7,0.7381657270176506,0.16591611426454314,0.584718914162637,0.8916125398726642,6,estimated,0,raw_instance,two_sided_Student_t_95_df_n_minus_1,unadjusted_exploratory
all_designs_diagnostic,original_e4,max3sat,matched_random_selective,equal_2q_budget_256,positive_depth_only,cold,statevector_norm,7,1.0,2.2071895364472847e-16,0.9999999999999998,1.0000000000000002,6,estimated,0,raw_instance,two_sided_Student_t_95_df_n_minus_1,unadjusted_exploratory
all_designs_diagnostic,original_e4,max3sat,matched_random_selective,equal_2q_budget_256,positive_depth_only,independence,original_objective_mean,7,8.552829842319454,4.504153341725354,4.387182774452248,12.71847691018666,6,estimated,0,raw_instance,two_sided_Student_t_95_df_n_minus_1,unadjusted_exploratory
all_designs_diagnostic,original_e4,max3sat,matched_random_selective,equal_2q_budget_256,positive_depth_only,independence,encoded_energy_mean,7,17.198363180062298,8.015633266946521,9.785138833050132,24.611587527074462,6,estimated,0,raw_instance,two_sided_Student_t_95_df_n_minus_1,unadjusted_exploratory
all_designs_diagnostic,original_e4,max3sat,matched_random_selective,equal_2q_budget_256,positive_depth_only,independence,optimum_hit_rate,7,0.10843335991596266,0.07388208335657606,0.04010382924675393,0.1767628905851714,6,estimated,0,raw_instance,two_sided_Student_t_95_df_n_minus_1,unadjusted_exploratory
all_designs_diagnostic,original_e4,max3sat,matched_random_selective,equal_2q_budget_256,positive_depth_only,independence,auxiliary_inconsistency_rate,7,0.6692529239299075,0.1441837969328933,0.5359051523601689,0.8026006954996462,6,estimated,0,raw_instance,two_sided_Student_t_95_df_n_minus_1,unadjusted_exploratory
all_designs_diagnostic,original_e4,max3sat,matched_random_selective,equal_2q_budget_256,positive_depth_only,independence,statevector_norm,7,1.0000000000000002,3.1025765556947777e-16,0.9999999999999999,1.0000000000000004,6,estimated,0,raw_instance,two_sided_Student_t_95_df_n_minus_1,unadjusted_exploratory
all_designs_diagnostic,original_e4,max3sat,matched_random_selective,equal_2q_budget_256,positive_depth_only,original_only,original_objective_mean,7,8.786330197357364,4.775917184282616,4.3693434951545,13.203316899560228,6,estimated,0,raw_instance,two_sided_Student_t_95_df_n_minus_1,unadjusted_exploratory
all_designs_diagnostic,original_e4,max3sat,matched_random_selective,equal_2q_budget_256,positive_depth_only,original_only,encoded_energy_mean,7,19.895160759254388,10.133520984312586,10.523216961421209,29.267104557087567,6,estimated,0,raw_instance,two_sided_Student_t_95_df_n_minus_1,unadjusted_exploratory
all_designs_diagnostic,original_e4,max3sat,matched_random_selective,equal_2q_budget_256,positive_depth_only,original_only,optimum_hit_rate,7,0.10571568111231257,0.06850061570407424,0.04236317792123123,0.1690681843033939,6,estimated,0,raw_instance,two_sided_Student_t_95_df_n_minus_1,unadjusted_exploratory
all_designs_diagnostic,original_e4,max3sat,matched_random_selective,equal_2q_budget_256,positive_depth_only,original_only,auxiliary_inconsistency_rate,7,0.7390151890792003,0.16428530151034468,0.58707662646621,0.8909537516921906,6,estimated,0,raw_instance,two_sided_Student_t_95_df_n_minus_1,unadjusted_exploratory
all_designs_diagnostic,original_e4,max3sat,matched_random_selective,equal_2q_budget_256,positive_depth_only,original_only,statevector_norm,7,1.0000000000000002,2.7834764294710043e-16,1.0,1.0000000000000004,6,estimated,0,raw_instance,two_sided_Student_t_95_df_n_minus_1,unadjusted_exploratory
all_designs_diagnostic,original_e4,max3sat,matched_random_selective,equal_2q_budget_256,positive_depth_only,pair,original_objective_mean,7,8.712490487591866,4.5082101882803505,4.543091462436694,12.881889512747039,6,estimated,0,raw_instance,two_sided_Student_t_95_df_n_minus_1,unadjusted_exploratory
all_designs_diagnostic,original_e4,max3sat,matched_random_selective,equal_2q_budget_256,positive_depth_only,pair,encoded_energy_mean,7,18.139846572154674,9.1184087446646,9.706725013225542,26.572968131083805,6,estimated,0,raw_instance,two_sided_Student_t_95_df_n_minus_1,unadjusted_exploratory
all_designs_diagnostic,original_e4,max3sat,matched_random_selective,equal_2q_budget_256,positive_depth_only,pair,optimum_hit_rate,7,0.10247446604074203,0.06796196135229217,0.039620135036719364,0.16532879704476472,6,estimated,0,raw_instance,two_sided_Student_t_95_df_n_minus_1,unadjusted_exploratory
all_designs_diagnostic,original_e4,max3sat,matched_random_selective,equal_2q_budget_256,positive_depth_only,pair,auxiliary_inconsistency_rate,7,0.6754232844121546,0.18970990523521078,0.4999708851415508,0.8508756836827585,6,estimated,0,raw_instance,two_sided_Student_t_95_df_n_minus_1,unadjusted_exploratory
all_designs_diagnostic,original_e4,max3sat,matched_random_selective,equal_2q_budget_256,positive_depth_only,pair,statevector_norm,7,1.0000000000000002,4.917554598123447e-16,0.9999999999999998,1.0000000000000007,6,estimated,0,raw_instance,two_sided_Student_t_95_df_n_minus_1,unadjusted_exploratory
all_designs_diagnostic,original_e4,max3sat,matched_random_selective,equal_layer_p1,all_scheduled,cold,original_objective_mean,7,9.51706369422032,4.512794612875643,5.3434247834697075,13.690702604970934,6,estimated,0,raw_instance,two_sided_Student_t_95_df_n_minus_1,unadjusted_exploratory
all_designs_diagnostic,original_e4,max3sat,matched_random_selective,equal_layer_p1,all_scheduled,cold,encoded_energy_mean,7,20.081712030189802,10.110318050125214,10.731227367388316,29.43219669299129,6,estimated,0,raw_instance,two_sided_Student_t_95_df_n_minus_1,unadjusted_exploratory
all_designs_diagnostic,original_e4,max3sat,matched_random_selective,equal_layer_p1,all_scheduled,cold,optimum_hit_rate,7,0.07723298449896308,0.059084569320118255,0.022588871772048942,0.13187709722587723,6,estimated,0,raw_instance,two_sided_Student_t_95_df_n_minus_1,unadjusted_exploratory
all_designs_diagnostic,original_e4,max3sat,matched_random_selective,equal_layer_p1,all_scheduled,cold,auxiliary_inconsistency_rate,7,0.7377417483390332,0.1557329848669128,0.5937127594119905,0.8817707372660758,6,estimated,0,raw_instance,two_sided_Student_t_95_df_n_minus_1,unadjusted_exploratory
all_designs_diagnostic,original_e4,max3sat,matched_random_selective,equal_layer_p1,all_scheduled,cold,statevector_norm,7,0.9999999999999999,1.4332917616497527e-16,0.9999999999999998,1.0,6,estimated,0,raw_instance,two_sided_Student_t_95_df_n_minus_1,unadjusted_exploratory
all_designs_diagnostic,original_e4,max3sat,matched_random_selective,equal_layer_p1,all_scheduled,independence,original_objective_mean,7,8.774614595572643,4.417035203777601,4.689538367187802,12.859690823957486,6,estimated,0,raw_instance,two_sided_Student_t_95_df_n_minus_1,unadjusted_exploratory
all_designs_diagnostic,original_e4,max3sat,matched_random_selective,equal_layer_p1,all_scheduled,independence,encoded_energy_mean,7,17.34488242804589,8.240185450327688,9.723981948958116,24.96578290713366,6,estimated,0,raw_instance,two_sided_Student_t_95_df_n_minus_1,unadjusted_exploratory
all_designs_diagnostic,original_e4,max3sat,matched_random_selective,equal_layer_p1,all_scheduled,independence,optimum_hit_rate,7,0.10116330321288147,0.06855789530846952,0.03775782522320982,0.16456878120255314,6,estimated,0,raw_instance,two_sided_Student_t_95_df_n_minus_1,unadjusted_exploratory
all_designs_diagnostic,original_e4,max3sat,matched_random_selective,equal_layer_p1,all_scheduled,independence,auxiliary_inconsistency_rate,7,0.6686706463415003,0.14611849882365965,0.5335335739538235,0.8038077187291771,6,estimated,0,raw_instance,two_sided_Student_t_95_df_n_minus_1,unadjusted_exploratory
all_designs_diagnostic,original_e4,max3sat,matched_random_selective,equal_layer_p1,all_scheduled,independence,statevector_norm,7,1.0000000000000002,4.024900267185342e-16,0.9999999999999999,1.0000000000000007,6,estimated,0,raw_instance,two_sided_Student_t_95_df_n_minus_1,unadjusted_exploratory
all_designs_diagnostic,original_e4,max3sat,matched_random_selective,equal_layer_p1,all_scheduled,original_only,original_objective_mean,7,8.929346436918914,4.388769549702037,4.870411578529287,12.988281295308541,6,estimated,0,raw_instance,two_sided_Student_t_95_df_n_minus_1,unadjusted_exploratory
all_designs_diagnostic,original_e4,max3sat,matched_random_selective,equal_layer_p1,all_scheduled,original_only,encoded_energy_mean,7,19.64831919558411,9.180460317425517,11.157809503410597,28.138828887757626,6,estimated,0,raw_instance,two_sided_Student_t_95_df_n_minus_1,unadjusted_exploratory
all_designs_diagnostic,original_e4,max3sat,matched_random_selective,equal_layer_p1,all_scheduled,original_only,optimum_hit_rate,7,0.09525812575119662,0.06470617715179057,0.03541489292244892,0.1551013585799443,6,estimated,0,raw_instance,two_sided_Student_t_95_df_n_minus_1,unadjusted_exploratory
all_designs_diagnostic,original_e4,max3sat,matched_random_selective,equal_layer_p1,all_scheduled,original_only,auxiliary_inconsistency_rate,7,0.7456133332411813,0.15454621297196744,0.6026819252554022,0.8885447412269604,6,estimated,0,raw_instance,two_sided_Student_t_95_df_n_minus_1,unadjusted_exploratory
all_designs_diagnostic,original_e4,max3sat,matched_random_selective,equal_layer_p1,all_scheduled,original_only,statevector_norm,7,1.0000000000000002,2.772912913452514e-16,1.0,1.0000000000000004,6,estimated,0,raw_instance,two_sided_Student_t_95_df_n_minus_1,unadjusted_exploratory
all_designs_diagnostic,original_e4,max3sat,matched_random_selective,equal_layer_p1,all_scheduled,pair,original_objective_mean,7,8.832321191858686,4.494527152080626,4.67557686455691,12.989065519160462,6,estimated,0,raw_instance,two_sided_Student_t_95_df_n_minus_1,unadjusted_exploratory
all_designs_diagnostic,original_e4,max3sat,matched_random_selective,equal_layer_p1,all_scheduled,pair,encoded_energy_mean,7,17.66586549045184,8.519785246239575,9.786378328884366,25.54535265201931,6,estimated,0,raw_instance,two_sided_Student_t_95_df_n_minus_1,unadjusted_exploratory
all_designs_diagnostic,original_e4,max3sat,matched_random_selective,equal_layer_p1,all_scheduled,pair,optimum_hit_rate,7,0.10219785568908434,0.07152750953392387,0.03604594260885645,0.16834976876931224,6,estimated,0,raw_instance,two_sided_Student_t_95_df_n_minus_1,unadjusted_exploratory
all_designs_diagnostic,original_e4,max3sat,matched_random_selective,equal_layer_p1,all_scheduled,pair,auxiliary_inconsistency_rate,7,0.671582220560162,0.18573211154970456,0.499808666867285,0.8433557742530391,6,estimated,0,raw_instance,two_sided_Student_t_95_df_n_minus_1,unadjusted_exploratory
all_designs_diagnostic,original_e4,max3sat,matched_random_selective,equal_layer_p1,all_scheduled,pair,statevector_norm,7,1.0,6.008113665269722e-16,0.9999999999999994,1.0000000000000007,6,estimated,0,raw_instance,two_sided_Student_t_95_df_n_minus_1,unadjusted_exploratory
all_designs_diagnostic,original_e4,max3sat,matched_random_selective,equal_layer_p1,positive_depth_only,cold,original_objective_mean,7,9.51706369422032,4.512794612875643,5.3434247834697075,13.690702604970934,6,estimated,0,raw_instance,two_sided_Student_t_95_df_n_minus_1,unadjusted_exploratory
all_designs_diagnostic,original_e4,max3sat,matched_random_selective,equal_layer_p1,positive_depth_only,cold,encoded_energy_mean,7,20.081712030189802,10.110318050125214,10.731227367388316,29.43219669299129,6,estimated,0,raw_instance,two_sided_Student_t_95_df_n_minus_1,unadjusted_exploratory
all_designs_diagnostic,original_e4,max3sat,matched_random_selective,equal_layer_p1,positive_depth_only,cold,optimum_hit_rate,7,0.07723298449896308,0.059084569320118255,0.022588871772048942,0.13187709722587723,6,estimated,0,raw_instance,two_sided_Student_t_95_df_n_minus_1,unadjusted_exploratory
all_designs_diagnostic,original_e4,max3sat,matched_random_selective,equal_layer_p1,positive_depth_only,cold,auxiliary_inconsistency_rate,7,0.7377417483390332,0.1557329848669128,0.5937127594119905,0.8817707372660758,6,estimated,0,raw_instance,two_sided_Student_t_95_df_n_minus_1,unadjusted_exploratory
all_designs_diagnostic,original_e4,max3sat,matched_random_selective,equal_layer_p1,positive_depth_only,cold,statevector_norm,7,0.9999999999999999,1.4332917616497527e-16,0.9999999999999998,1.0,6,estimated,0,raw_instance,two_sided_Student_t_95_df_n_minus_1,unadjusted_exploratory
all_designs_diagnostic,original_e4,max3sat,matched_random_selective,equal_layer_p1,positive_depth_only,independence,original_objective_mean,7,8.774614595572643,4.417035203777601,4.689538367187802,12.859690823957486,6,estimated,0,raw_instance,two_sided_Student_t_95_df_n_minus_1,unadjusted_exploratory
all_designs_diagnostic,original_e4,max3sat,matched_random_selective,equal_layer_p1,positive_depth_only,independence,encoded_energy_mean,7,17.34488242804589,8.240185450327688,9.723981948958116,24.96578290713366,6,estimated,0,raw_instance,two_sided_Student_t_95_df_n_minus_1,unadjusted_exploratory
all_designs_diagnostic,original_e4,max3sat,matched_random_selective,equal_layer_p1,positive_depth_only,independence,optimum_hit_rate,7,0.10116330321288147,0.06855789530846952,0.03775782522320982,0.16456878120255314,6,estimated,0,raw_instance,two_sided_Student_t_95_df_n_minus_1,unadjusted_exploratory
all_designs_diagnostic,original_e4,max3sat,matched_random_selective,equal_layer_p1,positive_depth_only,independence,auxiliary_inconsistency_rate,7,0.6686706463415003,0.14611849882365965,0.5335335739538235,0.8038077187291771,6,estimated,0,raw_instance,two_sided_Student_t_95_df_n_minus_1,unadjusted_exploratory
all_designs_diagnostic,original_e4,max3sat,matched_random_selective,equal_layer_p1,positive_depth_only,independence,statevector_norm,7,1.0000000000000002,4.024900267185342e-16,0.9999999999999999,1.0000000000000007,6,estimated,0,raw_instance,two_sided_Student_t_95_df_n_minus_1,unadjusted_exploratory
all_designs_diagnostic,original_e4,max3sat,matched_random_selective,equal_layer_p1,positive_depth_only,original_only,original_objective_mean,7,8.929346436918914,4.388769549702037,4.870411578529287,12.988281295308541,6,estimated,0,raw_instance,two_sided_Student_t_95_df_n_minus_1,unadjusted_exploratory
all_designs_diagnostic,original_e4,max3sat,matched_random_selective,equal_layer_p1,positive_depth_only,original_only,encoded_energy_mean,7,19.64831919558411,9.180460317425517,11.157809503410597,28.138828887757626,6,estimated,0,raw_instance,two_sided_Student_t_95_df_n_minus_1,unadjusted_exploratory
all_designs_diagnostic,original_e4,max3sat,matched_random_selective,equal_layer_p1,positive_depth_only,original_only,optimum_hit_rate,7,0.09525812575119662,0.06470617715179057,0.03541489292244892,0.1551013585799443,6,estimated,0,raw_instance,two_sided_Student_t_95_df_n_minus_1,unadjusted_exploratory
all_designs_diagnostic,original_e4,max3sat,matched_random_selective,equal_layer_p1,positive_depth_only,original_only,auxiliary_inconsistency_rate,7,0.7456133332411813,0.15454621297196744,0.6026819252554022,0.8885447412269604,6,estimated,0,raw_instance,two_sided_Student_t_95_df_n_minus_1,unadjusted_exploratory
all_designs_diagnostic,original_e4,max3sat,matched_random_selective,equal_layer_p1,positive_depth_only,original_only,statevector_norm,7,1.0000000000000002,2.772912913452514e-16,1.0,1.0000000000000004,6,estimated,0,raw_instance,two_sided_Student_t_95_df_n_minus_1,unadjusted_exploratory
all_designs_diagnostic,original_e4,max3sat,matched_random_selective,equal_layer_p1,positive_depth_only,pair,original_objective_mean,7,8.832321191858686,4.494527152080626,4.67557686455691,12.989065519160462,6,estimated,0,raw_instance,two_sided_Student_t_95_df_n_minus_1,unadjusted_exploratory
all_designs_diagnostic,original_e4,max3sat,matched_random_selective,equal_layer_p1,positive_depth_only,pair,encoded_energy_mean,7,17.66586549045184,8.519785246239575,9.786378328884366,25.54535265201931,6,estimated,0,raw_instance,two_sided_Student_t_95_df_n_minus_1,unadjusted_exploratory
all_designs_diagnostic,original_e4,max3sat,matched_random_selective,equal_layer_p1,positive_depth_only,pair,optimum_hit_rate,7,0.10219785568908434,0.07152750953392387,0.03604594260885645,0.16834976876931224,6,estimated,0,raw_instance,two_sided_Student_t_95_df_n_minus_1,unadjusted_exploratory
all_designs_diagnostic,original_e4,max3sat,matched_random_selective,equal_layer_p1,positive_depth_only,pair,auxiliary_inconsistency_rate,7,0.671582220560162,0.18573211154970456,0.499808666867285,0.8433557742530391,6,estimated,0,raw_instance,two_sided_Student_t_95_df_n_minus_1,unadjusted_exploratory
all_designs_diagnostic,original_e4,max3sat,matched_random_selective,equal_layer_p1,positive_depth_only,pair,statevector_norm,7,1.0,6.008113665269722e-16,0.9999999999999994,1.0000000000000007,6,estimated,0,raw_instance,two_sided_Student_t_95_df_n_minus_1,unadjusted_exploratory
all_designs_diagnostic,original_e4,max3sat,matched_random_selective,equal_layer_p2,all_scheduled,cold,original_objective_mean,7,9.147259205965742,4.707162257697357,4.793860205291175,13.50065820664031,6,estimated,0,raw_instance,two_sided_Student_t_95_df_n_minus_1,unadjusted_exploratory
all_designs_diagnostic,original_e4,max3sat,matched_random_selective,equal_layer_p2,all_scheduled,cold,encoded_energy_mean,7,19.93502129629785,11.048500185289049,9.716862874642148,30.153179717953556,6,estimated,0,raw_instance,two_sided_Student_t_95_df_n_minus_1,unadjusted_exploratory
all_designs_diagnostic,original_e4,max3sat,matched_random_selective,equal_layer_p2,all_scheduled,cold,optimum_hit_rate,7,0.09522635250613423,0.07671844548003283,0.024273624386356177,0.1661790806259123,6,estimated,0,raw_instance,two_sided_Student_t_95_df_n_minus_1,unadjusted_exploratory
all_designs_diagnostic,original_e4,max3sat,matched_random_selective,equal_layer_p2,all_scheduled,cold,auxiliary_inconsistency_rate,7,0.7213644989741669,0.1804577363277523,0.5544689287803465,0.8882600691679873,6,estimated,0,raw_instance,two_sided_Student_t_95_df_n_minus_1,unadjusted_exploratory
all_designs_diagnostic,original_e4,max3sat,matched_random_selective,equal_layer_p2,all_scheduled,cold,statevector_norm,7,1.0000000000000002,3.074068356504136e-16,0.9999999999999999,1.0000000000000004,6,estimated,0,raw_instance,two_sided_Student_t_95_df_n_minus_1,unadjusted_exploratory
all_designs_diagnostic,original_e4,max3sat,matched_random_selective,equal_layer_p2,all_scheduled,independence,original_objective_mean,7,8.46697591685699,4.415256995636233,4.383544256711317,12.550407577002662,6,estimated,0,raw_instance,two_sided_Student_t_95_df_n_minus_1,unadjusted_exploratory
all_designs_diagnostic,original_e4,max3sat,matched_random_selective,equal_layer_p2,all_scheduled,independence,encoded_energy_mean,7,18.277724836534095,9.4648102375644,9.52423532968556,27.03121434338263,6,estimated,0,raw_instance,two_sided_Student_t_95_df_n_minus_1,unadjusted_exploratory
all_designs_diagnostic,original_e4,max3sat,matched_random_selective,equal_layer_p2,all_scheduled,independence,optimum_hit_rate,7,0.11743483831374134,0.08461840043191392,0.03917587044481198,0.19569380618267068,6,estimated,0,raw_instance,two_sided_Student_t_95_df_n_minus_1,unadjusted_exploratory
all_designs_diagnostic,original_e4,max3sat,matched_random_selective,equal_layer_p2,all_scheduled,independence,auxiliary_inconsistency_rate,7,0.6896635609842113,0.15888619017708958,0.5427183435324778,0.8366087784359448,6,estimated,0,raw_instance,two_sided_Student_t_95_df_n_minus_1,unadjusted_exploratory
all_designs_diagnostic,original_e4,max3sat,matched_random_selective,equal_layer_p2,all_scheduled,independence,statevector_norm,7,1.0,4.6412355976854445e-16,0.9999999999999996,1.0000000000000004,6,estimated,0,raw_instance,two_sided_Student_t_95_df_n_minus_1,unadjusted_exploratory
all_designs_diagnostic,original_e4,max3sat,matched_random_selective,equal_layer_p2,all_scheduled,original_only,original_objective_mean,7,8.697077271768233,4.517381361307407,4.5191963262318975,12.874958217304568,6,estimated,0,raw_instance,two_sided_Student_t_95_df_n_minus_1,unadjusted_exploratory
all_designs_diagnostic,original_e4,max3sat,matched_random_selective,equal_layer_p2,all_scheduled,original_only,encoded_energy_mean,7,19.630300539763134,10.209995410173793,10.187629694317154,29.072971385209115,6,estimated,0,raw_instance,two_sided_Student_t_95_df_n_minus_1,unadjusted_exploratory
all_designs_diagnostic,original_e4,max3sat,matched_random_selective,equal_layer_p2,all_scheduled,original_only,optimum_hit_rate,7,0.10977701678976472,0.07564409621496304,0.03981789601999507,0.17973613755953438,6,estimated,0,raw_instance,two_sided_Student_t_95_df_n_minus_1,unadjusted_exploratory
all_designs_diagnostic,original_e4,max3sat,matched_random_selective,equal_layer_p2,all_scheduled,original_only,auxiliary_inconsistency_rate,7,0.7288666520025086,0.17463404878857514,0.5673570944688289,0.8903762095361882,6,estimated,0,raw_instance,two_sided_Student_t_95_df_n_minus_1,unadjusted_exploratory
all_designs_diagnostic,original_e4,max3sat,matched_random_selective,equal_layer_p2,all_scheduled,original_only,statevector_norm,7,1.0000000000000002,3.259416576174166e-16,0.9999999999999999,1.0000000000000004,6,estimated,0,raw_instance,two_sided_Student_t_95_df_n_minus_1,unadjusted_exploratory
all_designs_diagnostic,original_e4,max3sat,matched_random_selective,equal_layer_p2,all_scheduled,pair,original_objective_mean,7,8.650432718145657,4.580765347926263,4.413931362073425,12.886934074217889,6,estimated,0,raw_instance,two_sided_Student_t_95_df_n_minus_1,unadjusted_exploratory
all_designs_diagnostic,original_e4,max3sat,matched_random_selective,equal_layer_p2,all_scheduled,pair,encoded_energy_mean,7,18.152508916330273,9.717945099943073,9.164908708259748,27.140109124400798,6,estimated,0,raw_instance,two_sided_Student_t_95_df_n_minus_1,unadjusted_exploratory
all_designs_diagnostic,original_e4,max3sat,matched_random_selective,equal_layer_p2,all_scheduled,pair,optimum_hit_rate,7,0.11396970677821099,0.08018250551145656,0.03981325746645223,0.18812615608996974,6,estimated,0,raw_instance,two_sided_Student_t_95_df_n_minus_1,unadjusted_exploratory
all_designs_diagnostic,original_e4,max3sat,matched_random_selective,equal_layer_p2,all_scheduled,pair,auxiliary_inconsistency_rate,7,0.6759262880228315,0.19379272057272193,0.49669791434616284,0.8551546616995002,6,estimated,0,raw_instance,two_sided_Student_t_95_df_n_minus_1,unadjusted_exploratory
all_designs_diagnostic,original_e4,max3sat,matched_random_selective,equal_layer_p2,all_scheduled,pair,statevector_norm,7,1.0,5.351930849751783e-16,0.9999999999999996,1.0000000000000004,6,estimated,0,raw_instance,two_sided_Student_t_95_df_n_minus_1,unadjusted_exploratory
all_designs_diagnostic,original_e4,max3sat,matched_random_selective,equal_layer_p2,positive_depth_only,cold,original_objective_mean,7,9.147259205965742,4.707162257697357,4.793860205291175,13.50065820664031,6,estimated,0,raw_instance,two_sided_Student_t_95_df_n_minus_1,unadjusted_exploratory
all_designs_diagnostic,original_e4,max3sat,matched_random_selective,equal_layer_p2,positive_depth_only,cold,encoded_energy_mean,7,19.93502129629785,11.048500185289049,9.716862874642148,30.153179717953556,6,estimated,0,raw_instance,two_sided_Student_t_95_df_n_minus_1,unadjusted_exploratory
all_designs_diagnostic,original_e4,max3sat,matched_random_selective,equal_layer_p2,positive_depth_only,cold,optimum_hit_rate,7,0.09522635250613423,0.07671844548003283,0.024273624386356177,0.1661790806259123,6,estimated,0,raw_instance,two_sided_Student_t_95_df_n_minus_1,unadjusted_exploratory
all_designs_diagnostic,original_e4,max3sat,matched_random_selective,equal_layer_p2,positive_depth_only,cold,auxiliary_inconsistency_rate,7,0.7213644989741669,0.1804577363277523,0.5544689287803465,0.8882600691679873,6,estimated,0,raw_instance,two_sided_Student_t_95_df_n_minus_1,unadjusted_exploratory
all_designs_diagnostic,original_e4,max3sat,matched_random_selective,equal_layer_p2,positive_depth_only,cold,statevector_norm,7,1.0000000000000002,3.074068356504136e-16,0.9999999999999999,1.0000000000000004,6,estimated,0,raw_instance,two_sided_Student_t_95_df_n_minus_1,unadjusted_exploratory
all_designs_diagnostic,original_e4,max3sat,matched_random_selective,equal_layer_p2,positive_depth_only,independence,original_objective_mean,7,8.46697591685699,4.415256995636233,4.383544256711317,12.550407577002662,6,estimated,0,raw_instance,two_sided_Student_t_95_df_n_minus_1,unadjusted_exploratory
all_designs_diagnostic,original_e4,max3sat,matched_random_selective,equal_layer_p2,positive_depth_only,independence,encoded_energy_mean,7,18.277724836534095,9.4648102375644,9.52423532968556,27.03121434338263,6,estimated,0,raw_instance,two_sided_Student_t_95_df_n_minus_1,unadjusted_exploratory
all_designs_diagnostic,original_e4,max3sat,matched_random_selective,equal_layer_p2,positive_depth_only,independence,optimum_hit_rate,7,0.11743483831374134,0.08461840043191392,0.03917587044481198,0.19569380618267068,6,estimated,0,raw_instance,two_sided_Student_t_95_df_n_minus_1,unadjusted_exploratory
all_designs_diagnostic,original_e4,max3sat,matched_random_selective,equal_layer_p2,positive_depth_only,independence,auxiliary_inconsistency_rate,7,0.6896635609842113,0.15888619017708958,0.5427183435324778,0.8366087784359448,6,estimated,0,raw_instance,two_sided_Student_t_95_df_n_minus_1,unadjusted_exploratory
all_designs_diagnostic,original_e4,max3sat,matched_random_selective,equal_layer_p2,positive_depth_only,independence,statevector_norm,7,1.0,4.6412355976854445e-16,0.9999999999999996,1.0000000000000004,6,estimated,0,raw_instance,two_sided_Student_t_95_df_n_minus_1,unadjusted_exploratory
all_designs_diagnostic,original_e4,max3sat,matched_random_selective,equal_layer_p2,positive_depth_only,original_only,original_objective_mean,7,8.697077271768233,4.517381361307407,4.5191963262318975,12.874958217304568,6,estimated,0,raw_instance,two_sided_Student_t_95_df_n_minus_1,unadjusted_exploratory
all_designs_diagnostic,original_e4,max3sat,matched_random_selective,equal_layer_p2,positive_depth_only,original_only,encoded_energy_mean,7,19.630300539763134,10.209995410173793,10.187629694317154,29.072971385209115,6,estimated,0,raw_instance,two_sided_Student_t_95_df_n_minus_1,unadjusted_exploratory
all_designs_diagnostic,original_e4,max3sat,matched_random_selective,equal_layer_p2,positive_depth_only,original_only,optimum_hit_rate,7,0.10977701678976472,0.07564409621496304,0.03981789601999507,0.17973613755953438,6,estimated,0,raw_instance,two_sided_Student_t_95_df_n_minus_1,unadjusted_exploratory
all_designs_diagnostic,original_e4,max3sat,matched_random_selective,equal_layer_p2,positive_depth_only,original_only,auxiliary_inconsistency_rate,7,0.7288666520025086,0.17463404878857514,0.5673570944688289,0.8903762095361882,6,estimated,0,raw_instance,two_sided_Student_t_95_df_n_minus_1,unadjusted_exploratory
all_designs_diagnostic,original_e4,max3sat,matched_random_selective,equal_layer_p2,positive_depth_only,original_only,statevector_norm,7,1.0000000000000002,3.259416576174166e-16,0.9999999999999999,1.0000000000000004,6,estimated,0,raw_instance,two_sided_Student_t_95_df_n_minus_1,unadjusted_exploratory
all_designs_diagnostic,original_e4,max3sat,matched_random_selective,equal_layer_p2,positive_depth_only,pair,original_objective_mean,7,8.650432718145657,4.580765347926263,4.413931362073425,12.886934074217889,6,estimated,0,raw_instance,two_sided_Student_t_95_df_n_minus_1,unadjusted_exploratory
all_designs_diagnostic,original_e4,max3sat,matched_random_selective,equal_layer_p2,positive_depth_only,pair,encoded_energy_mean,7,18.152508916330273,9.717945099943073,9.164908708259748,27.140109124400798,6,estimated,0,raw_instance,two_sided_Student_t_95_df_n_minus_1,unadjusted_exploratory
all_designs_diagnostic,original_e4,max3sat,matched_random_selective,equal_layer_p2,positive_depth_only,pair,optimum_hit_rate,7,0.11396970677821099,0.08018250551145656,0.03981325746645223,0.18812615608996974,6,estimated,0,raw_instance,two_sided_Student_t_95_df_n_minus_1,unadjusted_exploratory
all_designs_diagnostic,original_e4,max3sat,matched_random_selective,equal_layer_p2,positive_depth_only,pair,auxiliary_inconsistency_rate,7,0.6759262880228315,0.19379272057272193,0.49669791434616284,0.8551546616995002,6,estimated,0,raw_instance,two_sided_Student_t_95_df_n_minus_1,unadjusted_exploratory
all_designs_diagnostic,original_e4,max3sat,matched_random_selective,equal_layer_p2,positive_depth_only,pair,statevector_norm,7,1.0,5.351930849751783e-16,0.9999999999999996,1.0000000000000004,6,estimated,0,raw_instance,two_sided_Student_t_95_df_n_minus_1,unadjusted_exploratory
all_designs_diagnostic,original_e4,max3sat,selective,equal_2q_budget_128,all_scheduled,cold,original_objective_mean,7,9.883679534037052,4.838486311650794,5.408826040411759,14.358533027662345,6,estimated,2,raw_instance,two_sided_Student_t_95_df_n_minus_1,unadjusted_exploratory
all_designs_diagnostic,original_e4,max3sat,selective,equal_2q_budget_128,all_scheduled,cold,encoded_energy_mean,7,27.329226988780594,15.630670807048151,12.873267549523135,41.78518642803805,6,estimated,2,raw_instance,two_sided_Student_t_95_df_n_minus_1,unadjusted_exploratory
all_designs_diagnostic,original_e4,max3sat,selective,equal_2q_budget_128,all_scheduled,cold,optimum_hit_rate,7,0.07834113215240683,0.06846781455167583,0.015018964967661114,0.14166329933715255,6,estimated,2,raw_instance,two_sided_Student_t_95_df_n_minus_1,unadjusted_exploratory
all_designs_diagnostic,original_e4,max3sat,selective,equal_2q_budget_128,all_scheduled,cold,auxiliary_inconsistency_rate,7,0.7634261349953715,0.1952343126022716,0.5828645110593647,0.9439877589313783,6,estimated,2,raw_instance,two_sided_Student_t_95_df_n_minus_1,unadjusted_exploratory
all_designs_diagnostic,original_e4,max3sat,selective,equal_2q_budget_128,all_scheduled,cold,statevector_norm,7,0.9999999999999999,3.3831237823414244e-16,0.9999999999999996,1.0000000000000002,6,estimated,2,raw_instance,two_sided_Student_t_95_df_n_minus_1,unadjusted_exploratory
all_designs_diagnostic,original_e4,max3sat,selective,equal_2q_budget_128,all_scheduled,independence,original_objective_mean,7,9.075466456358672,4.877655760346339,4.564387264643343,13.586545648074,6,estimated,2,raw_instance,two_sided_Student_t_95_df_n_minus_1,unadjusted_exploratory
all_designs_diagnostic,original_e4,max3sat,selective,equal_2q_budget_128,all_scheduled,independence,encoded_energy_mean,7,21.338136412153833,11.870416190696968,10.359832467422066,32.3164403568856,6,estimated,2,raw_instance,two_sided_Student_t_95_df_n_minus_1,unadjusted_exploratory
all_designs_diagnostic,original_e4,max3sat,selective,equal_2q_budget_128,all_scheduled,independence,optimum_hit_rate,7,0.09811894650083415,0.06918799922300063,0.03413071958480986,0.16210717341685843,6,estimated,2,raw_instance,two_sided_Student_t_95_df_n_minus_1,unadjusted_exploratory
all_designs_diagnostic,original_e4,max3sat,selective,equal_2q_budget_128,all_scheduled,independence,auxiliary_inconsistency_rate,7,0.6516265406796399,0.19582185750188696,0.47052152834127775,0.832731553018002,6,estimated,2,raw_instance,two_sided_Student_t_95_df_n_minus_1,unadjusted_exploratory
all_designs_diagnostic,original_e4,max3sat,selective,equal_2q_budget_128,all_scheduled,independence,statevector_norm,7,0.9999999999999999,4.238003350123377e-16,0.9999999999999994,1.0000000000000002,6,estimated,2,raw_instance,two_sided_Student_t_95_df_n_minus_1,unadjusted_exploratory
all_designs_diagnostic,original_e4,max3sat,selective,equal_2q_budget_128,all_scheduled,original_only,original_objective_mean,7,9.236692953860842,4.66549702247064,4.921827868838376,13.551558038883309,6,estimated,2,raw_instance,two_sided_Student_t_95_df_n_minus_1,unadjusted_exploratory
all_designs_diagnostic,original_e4,max3sat,selective,equal_2q_budget_128,all_scheduled,original_only,encoded_energy_mean,7,26.66603161556367,14.920981976952769,12.866424873448734,40.46563835767861,6,estimated,2,raw_instance,two_sided_Student_t_95_df_n_minus_1,unadjusted_exploratory
all_designs_diagnostic,original_e4,max3sat,selective,equal_2q_budget_128,all_scheduled,original_only,optimum_hit_rate,7,0.0931876721943551,0.06762366085045197,0.030646216971113194,0.155729127417597,6,estimated,2,raw_instance,two_sided_Student_t_95_df_n_minus_1,unadjusted_exploratory
all_designs_diagnostic,original_e4,max3sat,selective,equal_2q_budget_128,all_scheduled,original_only,auxiliary_inconsistency_rate,7,0.7640033478738338,0.19525161496364576,0.5834257219224742,0.9445809738251935,6,estimated,2,raw_instance,two_sided_Student_t_95_df_n_minus_1,unadjusted_exploratory
all_designs_diagnostic,original_e4,max3sat,selective,equal_2q_budget_128,all_scheduled,original_only,statevector_norm,7,0.9999999999999999,4.075621083416765e-16,0.9999999999999996,1.0000000000000002,6,estimated,2,raw_instance,two_sided_Student_t_95_df_n_minus_1,unadjusted_exploratory
all_designs_diagnostic,original_e4,max3sat,selective,equal_2q_budget_128,all_scheduled,pair,original_objective_mean,7,9.206857905896285,4.650236330364429,4.906106607084639,13.507609204707933,6,estimated,2,raw_instance,two_sided_Student_t_95_df_n_minus_1,unadjusted_exploratory
all_designs_diagnostic,original_e4,max3sat,selective,equal_2q_budget_128,all_scheduled,pair,encoded_energy_mean,7,21.971205024453898,11.265106839585167,11.552718859515034,32.389691189392764,6,estimated,2,raw_instance,two_sided_Student_t_95_df_n_minus_1,unadjusted_exploratory
all_designs_diagnostic,original_e4,max3sat,selective,equal_2q_budget_128,all_scheduled,pair,optimum_hit_rate,7,0.09586098547192347,0.06657718138243883,0.03428736233537566,0.15743460860847128,6,estimated,2,raw_instance,two_sided_Student_t_95_df_n_minus_1,unadjusted_exploratory
all_designs_diagnostic,original_e4,max3sat,selective,equal_2q_budget_128,all_scheduled,pair,auxiliary_inconsistency_rate,7,0.6887011055408597,0.20147468448145478,0.5023681002044668,0.8750341108772527,6,estimated,2,raw_instance,two_sided_Student_t_95_df_n_minus_1,unadjusted_exploratory
all_designs_diagnostic,original_e4,max3sat,selective,equal_2q_budget_128,all_scheduled,pair,statevector_norm,7,1.0,3.5523832399141608e-16,0.9999999999999997,1.0000000000000002,6,estimated,2,raw_instance,two_sided_Student_t_95_df_n_minus_1,unadjusted_exploratory
all_designs_diagnostic,original_e4,max3sat,selective,equal_2q_budget_128,positive_depth_only,cold,original_objective_mean,5,8.33715134765187,4.952526720794284,2.1877772182994635,14.486525477004278,4,estimated,0,raw_instance,two_sided_Student_t_95_df_n_minus_1,unadjusted_exploratory
all_designs_diagnostic,original_e4,max3sat,selective,equal_2q_budget_128,positive_depth_only,cold,encoded_energy_mean,5,21.185917784292833,13.73130608396214,4.13624937152073,38.23558619706493,4,estimated,0,raw_instance,two_sided_Student_t_95_df_n_minus_1,unadjusted_exploratory
all_designs_diagnostic,original_e4,max3sat,selective,equal_2q_budget_128,positive_depth_only,cold,optimum_hit_rate,5,0.10030258501336957,0.06993681927018305,0.013464554376700022,0.18714061565003912,4,estimated,0,raw_instance,two_sided_Student_t_95_df_n_minus_1,unadjusted_exploratory
all_designs_diagnostic,original_e4,max3sat,selective,equal_2q_budget_128,positive_depth_only,cold,auxiliary_inconsistency_rate,5,0.6844215889935201,0.17202464796825812,0.4708247768076577,0.8980184011793826,4,estimated,0,raw_instance,two_sided_Student_t_95_df_n_minus_1,unadjusted_exploratory
all_designs_diagnostic,original_e4,max3sat,selective,equal_2q_budget_128,positive_depth_only,cold,statevector_norm,5,0.9999999999999998,3.925231146709438e-16,0.9999999999999993,1.0000000000000002,4,estimated,0,raw_instance,two_sided_Student_t_95_df_n_minus_1,unadjusted_exploratory
all_designs_diagnostic,original_e4,max3sat,selective,equal_2q_budget_128,positive_depth_only,independence,original_objective_mean,5,7.951949335198438,5.231290666912054,1.4564440499543814,14.447454620442494,4,estimated,0,raw_instance,two_sided_Student_t_95_df_n_minus_1,unadjusted_exploratory
all_designs_diagnostic,original_e4,max3sat,selective,equal_2q_budget_128,positive_depth_only,independence,encoded_energy_mean,5,17.83450208812648,12.519886500796142,2.289009758490611,33.37999441776235,4,estimated,0,raw_instance,two_sided_Student_t_95_df_n_minus_1,unadjusted_exploratory
all_designs_diagnostic,original_e4,max3sat,selective,equal_2q_budget_128,positive_depth_only,independence,optimum_hit_rate,5,0.10790407654149703,0.07125842028091775,0.01942506150980851,0.19638309157318556,4,estimated,0,raw_instance,two_sided_Student_t_95_df_n_minus_1,unadjusted_exploratory
all_designs_diagnostic,original_e4,max3sat,selective,equal_2q_budget_128,positive_depth_only,independence,auxiliary_inconsistency_rate,5,0.5689496292135438,0.16505285434892047,0.36400944216771963,0.7738898162593679,4,estimated,0,raw_instance,two_sided_Student_t_95_df_n_minus_1,unadjusted_exploratory
all_designs_diagnostic,original_e4,max3sat,selective,equal_2q_budget_128,positive_depth_only,independence,statevector_norm,5,1.0,4.800992561380036e-16,0.9999999999999994,1.0000000000000007,4,estimated,0,raw_instance,two_sided_Student_t_95_df_n_minus_1,unadjusted_exploratory
all_designs_diagnostic,original_e4,max3sat,selective,equal_2q_budget_128,positive_depth_only,original_only,original_objective_mean,5,8.177666431701473,4.994517387574761,1.976154003147176,14.37917886025577,4,estimated,0,raw_instance,two_sided_Student_t_95_df_n_minus_1,unadjusted_exploratory
all_designs_diagnostic,original_e4,max3sat,selective,equal_2q_budget_128,positive_depth_only,original_only,encoded_energy_mean,5,20.966703521048395,13.654061529197445,4.012946890984896,37.9204601511119,4,estimated,0,raw_instance,two_sided_Student_t_95_df_n_minus_1,unadjusted_exploratory
all_designs_diagnostic,original_e4,max3sat,selective,equal_2q_budget_128,positive_depth_only,original_only,optimum_hit_rate,5,0.10100029251242637,0.07006137810004298,0.014007601661061367,0.1879929833637914,4,estimated,0,raw_instance,two_sided_Student_t_95_df_n_minus_1,unadjusted_exploratory
all_designs_diagnostic,original_e4,max3sat,selective,equal_2q_budget_128,positive_depth_only,original_only,auxiliary_inconsistency_rate,5,0.6852296870233673,0.17251663492019004,0.47102199235170505,0.8994373816950295,4,estimated,0,raw_instance,two_sided_Student_t_95_df_n_minus_1,unadjusted_exploratory
all_designs_diagnostic,original_e4,max3sat,selective,equal_2q_budget_128,positive_depth_only,original_only,statevector_norm,5,0.9999999999999998,3.925231146709438e-16,0.9999999999999993,1.0000000000000002,4,estimated,0,raw_instance,two_sided_Student_t_95_df_n_minus_1,unadjusted_exploratory
all_designs_diagnostic,original_e4,max3sat,selective,equal_2q_budget_128,positive_depth_only,pair,original_objective_mean,5,8.135897364551097,4.961929832360456,1.9748477300958802,14.296946999006312,4,estimated,0,raw_instance,two_sided_Student_t_95_df_n_minus_1,unadjusted_exploratory
all_designs_diagnostic,original_e4,max3sat,selective,equal_2q_budget_128,positive_depth_only,pair,encoded_energy_mean,5,16.976724071272503,8.693916318184474,6.181801175586621,27.771646966958386,4,estimated,0,raw_instance,two_sided_Student_t_95_df_n_minus_1,unadjusted_exploratory
all_designs_diagnostic,original_e4,max3sat,selective,equal_2q_budget_128,positive_depth_only,pair,optimum_hit_rate,5,0.10474293110102209,0.06796938210606177,0.02034779635977005,0.18913806584227413,4,estimated,0,raw_instance,two_sided_Student_t_95_df_n_minus_1,unadjusted_exploratory
all_designs_diagnostic,original_e4,max3sat,selective,equal_2q_budget_128,positive_depth_only,pair,auxiliary_inconsistency_rate,5,0.599985585799526,0.159928855338485,0.40140768385179126,0.7985634877472607,4,estimated,0,raw_instance,two_sided_Student_t_95_df_n_minus_1,unadjusted_exploratory
all_designs_diagnostic,original_e4,max3sat,selective,equal_2q_budget_128,positive_depth_only,pair,statevector_norm,5,1.0000000000000002,1.5700924586837752e-16,1.0,1.0000000000000004,4,estimated,0,raw_instance,two_sided_Student_t_95_df_n_minus_1,unadjusted_exploratory
all_designs_diagnostic,original_e4,max3sat,selective,equal_2q_budget_128,zero_depth_only,cold,original_objective_mean,2,13.75,0.7071067811865476,7.396897631912653,20.10310236808735,1,estimated,2,raw_instance,two_sided_Student_t_95_df_n_minus_1,unadjusted_exploratory
all_designs_diagnostic,original_e4,max3sat,selective,equal_2q_budget_128,zero_depth_only,cold,encoded_energy_mean,2,42.6875,7.159456159513794,-21.637661476884375,107.01266147688438,1,estimated,2,raw_instance,two_sided_Student_t_95_df_n_minus_1,unadjusted_exploratory
all_designs_diagnostic,original_e4,max3sat,selective,equal_2q_budget_128,zero_depth_only,cold,optimum_hit_rate,2,0.0234375,0.011048543456039806,-0.0758297245013648,0.1227047245013648,1,estimated,2,raw_instance,two_sided_Student_t_95_df_n_minus_1,unadjusted_exploratory
all_designs_diagnostic,original_e4,max3sat,selective,equal_2q_budget_128,zero_depth_only,cold,auxiliary_inconsistency_rate,2,0.9609375,0.03314563036811941,0.6631358264959056,1.2587391735040945,1,estimated,2,raw_instance,two_sided_Student_t_95_df_n_minus_1,unadjusted_exploratory
all_designs_diagnostic,original_e4,max3sat,selective,equal_2q_budget_128,zero_depth_only,cold,statevector_norm,2,1.0,0.0,1.0,1.0,1,estimated,2,raw_instance,two_sided_Student_t_95_df_n_minus_1,unadjusted_exploratory
all_designs_diagnostic,original_e4,max3sat,selective,equal_2q_budget_128,zero_depth_only,independence,original_objective_mean,2,11.884259259259258,3.3456626406141297,-18.17532694530219,41.9438454638207,1,estimated,2,raw_instance,two_sided_Student_t_95_df_n_minus_1,unadjusted_exploratory
all_designs_diagnostic,original_e4,max3sat,selective,equal_2q_budget_128,zero_depth_only,independence,encoded_energy_mean,2,30.09722222222222,1.9052599381970827,12.97914084154246,47.21530360290198,1,estimated,2,raw_instance,two_sided_Student_t_95_df_n_minus_1,unadjusted_exploratory
all_designs_diagnostic,original_e4,max3sat,selective,equal_2q_budget_128,zero_depth_only,independence,optimum_hit_rate,2,0.07365612139917693,0.08206839892243556,-0.6636991881685737,0.8110114309669276,1,estimated,2,raw_instance,two_sided_Student_t_95_df_n_minus_1,unadjusted_exploratory
all_designs_diagnostic,original_e4,max3sat,selective,equal_2q_budget_128,zero_depth_only,independence,auxiliary_inconsistency_rate,2,0.8583188193448801,0.0385573050213576,0.5118951781697736,1.2047424605199866,1,estimated,2,raw_instance,two_sided_Student_t_95_df_n_minus_1,unadjusted_exploratory
all_designs_diagnostic,original_e4,max3sat,selective,equal_2q_budget_128,zero_depth_only,independence,statevector_norm,2,0.9999999999999998,3.1401849173675503e-16,0.999999999999997,1.0000000000000027,1,estimated,2,raw_instance,two_sided_Student_t_95_df_n_minus_1,unadjusted_exploratory
all_designs_diagnostic,original_e4,max3sat,selective,equal_2q_budget_128,zero_depth_only,original_only,original_objective_mean,2,11.884259259259267,3.3456626406141186,-18.17532694530208,41.94384546382061,1,estimated,2,raw_instance,two_sided_Student_t_95_df_n_minus_1,unadjusted_exploratory
all_designs_diagnostic,original_e4,max3sat,selective,equal_2q_budget_128,zero_depth_only,original_only,encoded_energy_mean,2,40.91435185185186,4.651846000305959,-0.8808262270932659,82.70952993079699,1,estimated,2,raw_instance,two_sided_Student_t_95_df_n_minus_1,unadjusted_exploratory
all_designs_diagnostic,original_e4,max3sat,selective,equal_2q_budget_128,zero_depth_only,original_only,optimum_hit_rate,2,0.07365612139917692,0.08206839892243553,-0.6636991881685734,0.8110114309669272,1,estimated,2,raw_instance,two_sided_Student_t_95_df_n_minus_1,unadjusted_exploratory
all_designs_diagnostic,original_e4,max3sat,selective,equal_2q_budget_128,zero_depth_only,original_only,auxiliary_inconsistency_rate,2,0.9609375000000007,0.03314563036812028,0.6631358264958985,1.258739173504103,1,estimated,2,raw_instance,two_sided_Student_t_95_df_n_minus_1,unadjusted_exploratory
all_designs_diagnostic,original_e4,max3sat,selective,equal_2q_budget_128,zero_depth_only,original_only,statevector_norm,2,1.0000000000000002,3.1401849173675503e-16,0.9999999999999974,1.000000000000003,1,estimated,2,raw_instance,two_sided_Student_t_95_df_n_minus_1,unadjusted_exploratory
all_designs_diagnostic,original_e4,max3sat,selective,equal_2q_budget_128,zero_depth_only,pair,original_objective_mean,2,11.884259259259252,3.3456626406141283,-18.17532694530218,41.943845463820686,1,estimated,2,raw_instance,two_sided_Student_t_95_df_n_minus_1,unadjusted_exploratory
all_designs_diagnostic,original_e4,max3sat,selective,equal_2q_budget_128,zero_depth_only,pair,encoded_energy_mean,2,34.457407407407395,4.748091089967424,-8.202498493860396,77.1173133086752,1,estimated,2,raw_instance,two_sided_Student_t_95_df_n_minus_1,unadjusted_exploratory
all_designs_diagnostic,original_e4,max3sat,selective,equal_2q_budget_128,zero_depth_only,pair,optimum_hit_rate,2,0.07365612139917695,0.08206839892243559,-0.6636991881685738,0.8110114309669277,1,estimated,2,raw_instance,two_sided_Student_t_95_df_n_minus_1,unadjusted_exploratory
all_designs_diagnostic,original_e4,max3sat,selective,equal_2q_budget_128,zero_depth_only,pair,auxiliary_inconsistency_rate,2,0.9104899048941939,0.059250110462651606,0.3781487831500908,1.4428310266382969,1,estimated,2,raw_instance,two_sided_Student_t_95_df_n_minus_1,unadjusted_exploratory
all_designs_diagnostic,original_e4,max3sat,selective,equal_2q_budget_128,zero_depth_only,pair,statevector_norm,2,0.9999999999999996,5.495323605393213e-16,0.9999999999999947,1.0000000000000044,1,estimated,2,raw_instance,two_sided_Student_t_95_df_n_minus_1,unadjusted_exploratory
all_designs_diagnostic,original_e4,max3sat,selective,equal_2q_budget_256,all_scheduled,cold,original_objective_mean,7,9.437088144904092,4.825987999003477,4.973793662591818,13.900382627216365,6,estimated,0,raw_instance,two_sided_Student_t_95_df_n_minus_1,unadjusted_exploratory
all_designs_diagnostic,original_e4,max3sat,selective,equal_2q_budget_256,all_scheduled,cold,encoded_energy_mean,7,26.17867193244232,16.46345195604842,10.952518388252546,41.4048254766321,6,estimated,0,raw_instance,two_sided_Student_t_95_df_n_minus_1,unadjusted_exploratory
all_designs_diagnostic,original_e4,max3sat,selective,equal_2q_budget_256,all_scheduled,cold,optimum_hit_rate,7,0.08826910948755938,0.06623219464149384,0.027014545871600647,0.1495236731035181,6,estimated,0,raw_instance,two_sided_Student_t_95_df_n_minus_1,unadjusted_exploratory
all_designs_diagnostic,original_e4,max3sat,selective,equal_2q_budget_256,all_scheduled,cold,auxiliary_inconsistency_rate,7,0.7378105192151387,0.18515682487656737,0.5665690169559767,0.9090520214743008,6,estimated,0,raw_instance,two_sided_Student_t_95_df_n_minus_1,unadjusted_exploratory
all_designs_diagnostic,original_e4,max3sat,selective,equal_2q_budget_256,all_scheduled,cold,statevector_norm,7,0.9999999999999999,4.075621083416765e-16,0.9999999999999996,1.0000000000000002,6,estimated,0,raw_instance,two_sided_Student_t_95_df_n_minus_1,unadjusted_exploratory
all_designs_diagnostic,original_e4,max3sat,selective,equal_2q_budget_256,all_scheduled,independence,original_objective_mean,7,8.980361047551549,4.86085412419277,4.484820777597634,13.475901317505464,6,estimated,0,raw_instance,two_sided_Student_t_95_df_n_minus_1,unadjusted_exploratory
all_designs_diagnostic,original_e4,max3sat,selective,equal_2q_budget_256,all_scheduled,independence,encoded_energy_mean,7,23.31152508443117,14.644872711820867,9.767276822244694,36.855773346617646,6,estimated,0,raw_instance,two_sided_Student_t_95_df_n_minus_1,unadjusted_exploratory
all_designs_diagnostic,original_e4,max3sat,selective,equal_2q_budget_256,all_scheduled,independence,optimum_hit_rate,7,0.10625493545584241,0.08214138415548385,0.03028682555868399,0.18222304535300082,6,estimated,0,raw_instance,two_sided_Student_t_95_df_n_minus_1,unadjusted_exploratory
all_designs_diagnostic,original_e4,max3sat,selective,equal_2q_budget_256,all_scheduled,independence,auxiliary_inconsistency_rate,7,0.7031102328177862,0.2061901328190047,0.5124161651349968,0.8938043005005756,6,estimated,0,raw_instance,two_sided_Student_t_95_df_n_minus_1,unadjusted_exploratory
all_designs_diagnostic,original_e4,max3sat,selective,equal_2q_budget_256,all_scheduled,independence,statevector_norm,7,1.0000000000000002,7.223562968503252e-16,0.9999999999999996,1.0000000000000009,6,estimated,0,raw_instance,two_sided_Student_t_95_df_n_minus_1,unadjusted_exploratory
all_designs_diagnostic,original_e4,max3sat,selective,equal_2q_budget_256,all_scheduled,original_only,original_objective_mean,7,8.855397727233148,4.59713821275314,4.603753996737993,13.107041457728304,6,estimated,0,raw_instance,two_sided_Student_t_95_df_n_minus_1,unadjusted_exploratory
all_designs_diagnostic,original_e4,max3sat,selective,equal_2q_budget_256,all_scheduled,original_only,encoded_energy_mean,7,25.506810796534868,15.577585264647732,11.099947295463595,39.91367429760614,6,estimated,0,raw_instance,two_sided_Student_t_95_df_n_minus_1,unadjusted_exploratory
all_designs_diagnostic,original_e4,max3sat,selective,equal_2q_budget_256,all_scheduled,original_only,optimum_hit_rate,7,0.09954512112670395,0.06261924506987733,0.04163197856094224,0.15745826369246568,6,estimated,0,raw_instance,two_sided_Student_t_95_df_n_minus_1,unadjusted_exploratory
all_designs_diagnostic,original_e4,max3sat,selective,equal_2q_budget_256,all_scheduled,original_only,auxiliary_inconsistency_rate,7,0.7383884201855447,0.184559648535156,0.5676992139267332,0.9090776264443563,6,estimated,0,raw_instance,two_sided_Student_t_95_df_n_minus_1,unadjusted_exploratory
all_designs_diagnostic,original_e4,max3sat,selective,equal_2q_budget_256,all_scheduled,original_only,statevector_norm,7,1.0000000000000002,7.042533749685405e-16,0.9999999999999996,1.0000000000000009,6,estimated,0,raw_instance,two_sided_Student_t_95_df_n_minus_1,unadjusted_exploratory
all_designs_diagnostic,original_e4,max3sat,selective,equal_2q_budget_256,all_scheduled,pair,original_objective_mean,7,8.815250104630852,4.65782155523087,4.50748364285144,13.123016566410264,6,estimated,0,raw_instance,two_sided_Student_t_95_df_n_minus_1,unadjusted_exploratory
all_designs_diagnostic,original_e4,max3sat,selective,equal_2q_budget_256,all_scheduled,pair,encoded_energy_mean,7,21.748852873480843,12.307045793874414,10.36673389666062,33.130971850301066,6,estimated,0,raw_instance,two_sided_Student_t_95_df_n_minus_1,unadjusted_exploratory
all_designs_diagnostic,original_e4,max3sat,selective,equal_2q_budget_256,all_scheduled,pair,optimum_hit_rate,7,0.11042149603590436,0.06995997260793659,0.04571931281700736,0.17512367925480135,6,estimated,0,raw_instance,two_sided_Student_t_95_df_n_minus_1,unadjusted_exploratory
all_designs_diagnostic,original_e4,max3sat,selective,equal_2q_budget_256,all_scheduled,pair,auxiliary_inconsistency_rate,7,0.6788844840464421,0.17612809885257202,0.5159931606633006,0.8417758074295836,6,estimated,0,raw_instance,two_sided_Student_t_95_df_n_minus_1,unadjusted_exploratory
all_designs_diagnostic,original_e4,max3sat,selective,equal_2q_budget_256,all_scheduled,pair,statevector_norm,7,1.0000000000000002,6.805171649344128e-16,0.9999999999999996,1.0000000000000009,6,estimated,0,raw_instance,two_sided_Student_t_95_df_n_minus_1,unadjusted_exploratory
all_designs_diagnostic,original_e4,max3sat,selective,equal_2q_budget_256,positive_depth_only,cold,original_objective_mean,7,9.437088144904092,4.825987999003477,4.973793662591818,13.900382627216365,6,estimated,0,raw_instance,two_sided_Student_t_95_df_n_minus_1,unadjusted_exploratory
all_designs_diagnostic,original_e4,max3sat,selective,equal_2q_budget_256,positive_depth_only,cold,encoded_energy_mean,7,26.17867193244232,16.46345195604842,10.952518388252546,41.4048254766321,6,estimated,0,raw_instance,two_sided_Student_t_95_df_n_minus_1,unadjusted_exploratory
all_designs_diagnostic,original_e4,max3sat,selective,equal_2q_budget_256,positive_depth_only,cold,optimum_hit_rate,7,0.08826910948755938,0.06623219464149384,0.027014545871600647,0.1495236731035181,6,estimated,0,raw_instance,two_sided_Student_t_95_df_n_minus_1,unadjusted_exploratory
all_designs_diagnostic,original_e4,max3sat,selective,equal_2q_budget_256,positive_depth_only,cold,auxiliary_inconsistency_rate,7,0.7378105192151387,0.18515682487656737,0.5665690169559767,0.9090520214743008,6,estimated,0,raw_instance,two_sided_Student_t_95_df_n_minus_1,unadjusted_exploratory
all_designs_diagnostic,original_e4,max3sat,selective,equal_2q_budget_256,positive_depth_only,cold,statevector_norm,7,0.9999999999999999,4.075621083416765e-16,0.9999999999999996,1.0000000000000002,6,estimated,0,raw_instance,two_sided_Student_t_95_df_n_minus_1,unadjusted_exploratory
all_designs_diagnostic,original_e4,max3sat,selective,equal_2q_budget_256,positive_depth_only,independence,original_objective_mean,7,8.980361047551549,4.86085412419277,4.484820777597634,13.475901317505464,6,estimated,0,raw_instance,two_sided_Student_t_95_df_n_minus_1,unadjusted_exploratory
all_designs_diagnostic,original_e4,max3sat,selective,equal_2q_budget_256,positive_depth_only,independence,encoded_energy_mean,7,23.31152508443117,14.644872711820867,9.767276822244694,36.855773346617646,6,estimated,0,raw_instance,two_sided_Student_t_95_df_n_minus_1,unadjusted_exploratory
all_designs_diagnostic,original_e4,max3sat,selective,equal_2q_budget_256,positive_depth_only,independence,optimum_hit_rate,7,0.10625493545584241,0.08214138415548385,0.03028682555868399,0.18222304535300082,6,estimated,0,raw_instance,two_sided_Student_t_95_df_n_minus_1,unadjusted_exploratory
all_designs_diagnostic,original_e4,max3sat,selective,equal_2q_budget_256,positive_depth_only,independence,auxiliary_inconsistency_rate,7,0.7031102328177862,0.2061901328190047,0.5124161651349968,0.8938043005005756,6,estimated,0,raw_instance,two_sided_Student_t_95_df_n_minus_1,unadjusted_exploratory
all_designs_diagnostic,original_e4,max3sat,selective,equal_2q_budget_256,positive_depth_only,independence,statevector_norm,7,1.0000000000000002,7.223562968503252e-16,0.9999999999999996,1.0000000000000009,6,estimated,0,raw_instance,two_sided_Student_t_95_df_n_minus_1,unadjusted_exploratory
all_designs_diagnostic,original_e4,max3sat,selective,equal_2q_budget_256,positive_depth_only,original_only,original_objective_mean,7,8.855397727233148,4.59713821275314,4.603753996737993,13.107041457728304,6,estimated,0,raw_instance,two_sided_Student_t_95_df_n_minus_1,unadjusted_exploratory
all_designs_diagnostic,original_e4,max3sat,selective,equal_2q_budget_256,positive_depth_only,original_only,encoded_energy_mean,7,25.506810796534868,15.577585264647732,11.099947295463595,39.91367429760614,6,estimated,0,raw_instance,two_sided_Student_t_95_df_n_minus_1,unadjusted_exploratory
all_designs_diagnostic,original_e4,max3sat,selective,equal_2q_budget_256,positive_depth_only,original_only,optimum_hit_rate,7,0.09954512112670395,0.06261924506987733,0.04163197856094224,0.15745826369246568,6,estimated,0,raw_instance,two_sided_Student_t_95_df_n_minus_1,unadjusted_exploratory
all_designs_diagnostic,original_e4,max3sat,selective,equal_2q_budget_256,positive_depth_only,original_only,auxiliary_inconsistency_rate,7,0.7383884201855447,0.184559648535156,0.5676992139267332,0.9090776264443563,6,estimated,0,raw_instance,two_sided_Student_t_95_df_n_minus_1,unadjusted_exploratory
all_designs_diagnostic,original_e4,max3sat,selective,equal_2q_budget_256,positive_depth_only,original_only,statevector_norm,7,1.0000000000000002,7.042533749685405e-16,0.9999999999999996,1.0000000000000009,6,estimated,0,raw_instance,two_sided_Student_t_95_df_n_minus_1,unadjusted_exploratory
all_designs_diagnostic,original_e4,max3sat,selective,equal_2q_budget_256,positive_depth_only,pair,original_objective_mean,7,8.815250104630852,4.65782155523087,4.50748364285144,13.123016566410264,6,estimated,0,raw_instance,two_sided_Student_t_95_df_n_minus_1,unadjusted_exploratory
all_designs_diagnostic,original_e4,max3sat,selective,equal_2q_budget_256,positive_depth_only,pair,encoded_energy_mean,7,21.748852873480843,12.307045793874414,10.36673389666062,33.130971850301066,6,estimated,0,raw_instance,two_sided_Student_t_95_df_n_minus_1,unadjusted_exploratory
all_designs_diagnostic,original_e4,max3sat,selective,equal_2q_budget_256,positive_depth_only,pair,optimum_hit_rate,7,0.11042149603590436,0.06995997260793659,0.04571931281700736,0.17512367925480135,6,estimated,0,raw_instance,two_sided_Student_t_95_df_n_minus_1,unadjusted_exploratory
all_designs_diagnostic,original_e4,max3sat,selective,equal_2q_budget_256,positive_depth_only,pair,auxiliary_inconsistency_rate,7,0.6788844840464421,0.17612809885257202,0.5159931606633006,0.8417758074295836,6,estimated,0,raw_instance,two_sided_Student_t_95_df_n_minus_1,unadjusted_exploratory
all_designs_diagnostic,original_e4,max3sat,selective,equal_2q_budget_256,positive_depth_only,pair,statevector_norm,7,1.0000000000000002,6.805171649344128e-16,0.9999999999999996,1.0000000000000009,6,estimated,0,raw_instance,two_sided_Student_t_95_df_n_minus_1,unadjusted_exploratory
all_designs_diagnostic,original_e4,max3sat,selective,equal_layer_p1,all_scheduled,cold,original_objective_mean,7,10.03469469959344,4.968697117357818,5.4394162959249375,14.629973103261941,6,estimated,0,raw_instance,two_sided_Student_t_95_df_n_minus_1,unadjusted_exploratory
all_designs_diagnostic,original_e4,max3sat,selective,equal_layer_p1,all_scheduled,cold,encoded_energy_mean,7,27.362515310327677,15.894724593115333,12.662346849698702,42.06268377095665,6,estimated,0,raw_instance,two_sided_Student_t_95_df_n_minus_1,unadjusted_exploratory
all_designs_diagnostic,original_e4,max3sat,selective,equal_layer_p1,all_scheduled,cold,optimum_hit_rate,7,0.08230362223285718,0.06828461025113981,0.019150890766535783,0.1454563536991786,6,estimated,0,raw_instance,two_sided_Student_t_95_df_n_minus_1,unadjusted_exploratory
all_designs_diagnostic,original_e4,max3sat,selective,equal_layer_p1,all_scheduled,cold,auxiliary_inconsistency_rate,7,0.7685731621725832,0.17121785285758687,0.6102230589210995,0.9269232654240669,6,estimated,0,raw_instance,two_sided_Student_t_95_df_n_minus_1,unadjusted_exploratory
all_designs_diagnostic,original_e4,max3sat,selective,equal_layer_p1,all_scheduled,cold,statevector_norm,7,1.0000000000000002,4.34063330783552e-16,0.9999999999999998,1.0000000000000007,6,estimated,0,raw_instance,two_sided_Student_t_95_df_n_minus_1,unadjusted_exploratory
all_designs_diagnostic,original_e4,max3sat,selective,equal_layer_p1,all_scheduled,independence,original_objective_mean,7,9.482435429513458,4.764584499753763,5.075929712414133,13.888941146612783,6,estimated,0,raw_instance,two_sided_Student_t_95_df_n_minus_1,unadjusted_exploratory
all_designs_diagnostic,original_e4,max3sat,selective,equal_layer_p1,all_scheduled,independence,encoded_energy_mean,7,25.2924086111853,13.52163081468409,12.786985841898467,37.79783138047213,6,estimated,0,raw_instance,two_sided_Student_t_95_df_n_minus_1,unadjusted_exploratory
all_designs_diagnostic,original_e4,max3sat,selective,equal_layer_p1,all_scheduled,independence,optimum_hit_rate,7,0.09359829326160567,0.05882816635809258,0.03919131372397713,0.1480052727992342,6,estimated,0,raw_instance,two_sided_Student_t_95_df_n_minus_1,unadjusted_exploratory
all_designs_diagnostic,original_e4,max3sat,selective,equal_layer_p1,all_scheduled,independence,auxiliary_inconsistency_rate,7,0.7501334504185327,0.1446144396490642,0.6163874007636992,0.8838795000733662,6,estimated,0,raw_instance,two_sided_Student_t_95_df_n_minus_1,unadjusted_exploratory
all_designs_diagnostic,original_e4,max3sat,selective,equal_layer_p1,all_scheduled,independence,statevector_norm,7,1.0000000000000002,4.6412355976854445e-16,0.9999999999999998,1.0000000000000007,6,estimated,0,raw_instance,two_sided_Student_t_95_df_n_minus_1,unadjusted_exploratory
all_designs_diagnostic,original_e4,max3sat,selective,equal_layer_p1,all_scheduled,original_only,original_objective_mean,7,9.473084879955325,4.8248336753423455,5.010857968973232,13.935311790937417,6,estimated,0,raw_instance,two_sided_Student_t_95_df_n_minus_1,unadjusted_exploratory
all_designs_diagnostic,original_e4,max3sat,selective,equal_layer_p1,all_scheduled,original_only,encoded_energy_mean,7,26.51900753630827,15.064273037118848,12.586878666426747,40.45113640618979,6,estimated,0,raw_instance,two_sided_Student_t_95_df_n_minus_1,unadjusted_exploratory
all_designs_diagnostic,original_e4,max3sat,selective,equal_layer_p1,all_scheduled,original_only,optimum_hit_rate,7,0.09564962684977664,0.06635747344648715,0.034279199663665466,0.1570200540358878,6,estimated,0,raw_instance,two_sided_Student_t_95_df_n_minus_1,unadjusted_exploratory
all_designs_diagnostic,original_e4,max3sat,selective,equal_layer_p1,all_scheduled,original_only,auxiliary_inconsistency_rate,7,0.7636015049232204,0.17196179579287407,0.604563369211045,0.9226396406353958,6,estimated,0,raw_instance,two_sided_Student_t_95_df_n_minus_1,unadjusted_exploratory
all_designs_diagnostic,original_e4,max3sat,selective,equal_layer_p1,all_scheduled,original_only,statevector_norm,7,1.0000000000000004,6.432727300251873e-16,0.9999999999999999,1.000000000000001,6,estimated,0,raw_instance,two_sided_Student_t_95_df_n_minus_1,unadjusted_exploratory
all_designs_diagnostic,original_e4,max3sat,selective,equal_layer_p1,all_scheduled,pair,original_objective_mean,7,9.16298210066867,4.529281850231207,4.974095038548252,13.351869162789086,6,estimated,0,raw_instance,two_sided_Student_t_95_df_n_minus_1,unadjusted_exploratory
all_designs_diagnostic,original_e4,max3sat,selective,equal_layer_p1,all_scheduled,pair,encoded_energy_mean,7,22.24901983228139,11.352123009514749,11.750057132548232,32.74798253201455,6,estimated,0,raw_instance,two_sided_Student_t_95_df_n_minus_1,unadjusted_exploratory
all_designs_diagnostic,original_e4,max3sat,selective,equal_layer_p1,all_scheduled,pair,optimum_hit_rate,7,0.10002983253724539,0.06713311160818236,0.03794205969505718,0.1621176053794336,6,estimated,0,raw_instance,two_sided_Student_t_95_df_n_minus_1,unadjusted_exploratory
all_designs_diagnostic,original_e4,max3sat,selective,equal_layer_p1,all_scheduled,pair,auxiliary_inconsistency_rate,7,0.7044659757606327,0.1784730739535135,0.5394059121254738,0.8695260393957917,6,estimated,0,raw_instance,two_sided_Student_t_95_df_n_minus_1,unadjusted_exploratory
all_designs_diagnostic,original_e4,max3sat,selective,equal_layer_p1,all_scheduled,pair,statevector_norm,7,1.0,2.8971341217725906e-16,0.9999999999999998,1.0000000000000002,6,estimated,0,raw_instance,two_sided_Student_t_95_df_n_minus_1,unadjusted_exploratory
all_designs_diagnostic,original_e4,max3sat,selective,equal_layer_p1,positive_depth_only,cold,original_objective_mean,7,10.03469469959344,4.968697117357818,5.4394162959249375,14.629973103261941,6,estimated,0,raw_instance,two_sided_Student_t_95_df_n_minus_1,unadjusted_exploratory
all_designs_diagnostic,original_e4,max3sat,selective,equal_layer_p1,positive_depth_only,cold,encoded_energy_mean,7,27.362515310327677,15.894724593115333,12.662346849698702,42.06268377095665,6,estimated,0,raw_instance,two_sided_Student_t_95_df_n_minus_1,unadjusted_exploratory
all_designs_diagnostic,original_e4,max3sat,selective,equal_layer_p1,positive_depth_only,cold,optimum_hit_rate,7,0.08230362223285718,0.06828461025113981,0.019150890766535783,0.1454563536991786,6,estimated,0,raw_instance,two_sided_Student_t_95_df_n_minus_1,unadjusted_exploratory
all_designs_diagnostic,original_e4,max3sat,selective,equal_layer_p1,positive_depth_only,cold,auxiliary_inconsistency_rate,7,0.7685731621725832,0.17121785285758687,0.6102230589210995,0.9269232654240669,6,estimated,0,raw_instance,two_sided_Student_t_95_df_n_minus_1,unadjusted_exploratory
all_designs_diagnostic,original_e4,max3sat,selective,equal_layer_p1,positive_depth_only,cold,statevector_norm,7,1.0000000000000002,4.34063330783552e-16,0.9999999999999998,1.0000000000000007,6,estimated,0,raw_instance,two_sided_Student_t_95_df_n_minus_1,unadjusted_exploratory
all_designs_diagnostic,original_e4,max3sat,selective,equal_layer_p1,positive_depth_only,independence,original_objective_mean,7,9.482435429513458,4.764584499753763,5.075929712414133,13.888941146612783,6,estimated,0,raw_instance,two_sided_Student_t_95_df_n_minus_1,unadjusted_exploratory
all_designs_diagnostic,original_e4,max3sat,selective,equal_layer_p1,positive_depth_only,independence,encoded_energy_mean,7,25.2924086111853,13.52163081468409,12.786985841898467,37.79783138047213,6,estimated,0,raw_instance,two_sided_Student_t_95_df_n_minus_1,unadjusted_exploratory
all_designs_diagnostic,original_e4,max3sat,selective,equal_layer_p1,positive_depth_only,independence,optimum_hit_rate,7,0.09359829326160567,0.05882816635809258,0.03919131372397713,0.1480052727992342,6,estimated,0,raw_instance,two_sided_Student_t_95_df_n_minus_1,unadjusted_exploratory
all_designs_diagnostic,original_e4,max3sat,selective,equal_layer_p1,positive_depth_only,independence,auxiliary_inconsistency_rate,7,0.7501334504185327,0.1446144396490642,0.6163874007636992,0.8838795000733662,6,estimated,0,raw_instance,two_sided_Student_t_95_df_n_minus_1,unadjusted_exploratory
all_designs_diagnostic,original_e4,max3sat,selective,equal_layer_p1,positive_depth_only,independence,statevector_norm,7,1.0000000000000002,4.6412355976854445e-16,0.9999999999999998,1.0000000000000007,6,estimated,0,raw_instance,two_sided_Student_t_95_df_n_minus_1,unadjusted_exploratory
all_designs_diagnostic,original_e4,max3sat,selective,equal_layer_p1,positive_depth_only,original_only,original_objective_mean,7,9.473084879955325,4.8248336753423455,5.010857968973232,13.935311790937417,6,estimated,0,raw_instance,two_sided_Student_t_95_df_n_minus_1,unadjusted_exploratory
all_designs_diagnostic,original_e4,max3sat,selective,equal_layer_p1,positive_depth_only,original_only,encoded_energy_mean,7,26.51900753630827,15.064273037118848,12.586878666426747,40.45113640618979,6,estimated,0,raw_instance,two_sided_Student_t_95_df_n_minus_1,unadjusted_exploratory
all_designs_diagnostic,original_e4,max3sat,selective,equal_layer_p1,positive_depth_only,original_only,optimum_hit_rate,7,0.09564962684977664,0.06635747344648715,0.034279199663665466,0.1570200540358878,6,estimated,0,raw_instance,two_sided_Student_t_95_df_n_minus_1,unadjusted_exploratory
all_designs_diagnostic,original_e4,max3sat,selective,equal_layer_p1,positive_depth_only,original_only,auxiliary_inconsistency_rate,7,0.7636015049232204,0.17196179579287407,0.604563369211045,0.9226396406353958,6,estimated,0,raw_instance,two_sided_Student_t_95_df_n_minus_1,unadjusted_exploratory
all_designs_diagnostic,original_e4,max3sat,selective,equal_layer_p1,positive_depth_only,original_only,statevector_norm,7,1.0000000000000004,6.432727300251873e-16,0.9999999999999999,1.000000000000001,6,estimated,0,raw_instance,two_sided_Student_t_95_df_n_minus_1,unadjusted_exploratory
all_designs_diagnostic,original_e4,max3sat,selective,equal_layer_p1,positive_depth_only,pair,original_objective_mean,7,9.16298210066867,4.529281850231207,4.974095038548252,13.351869162789086,6,estimated,0,raw_instance,two_sided_Student_t_95_df_n_minus_1,unadjusted_exploratory
all_designs_diagnostic,original_e4,max3sat,selective,equal_layer_p1,positive_depth_only,pair,encoded_energy_mean,7,22.24901983228139,11.352123009514749,11.750057132548232,32.74798253201455,6,estimated,0,raw_instance,two_sided_Student_t_95_df_n_minus_1,unadjusted_exploratory
all_designs_diagnostic,original_e4,max3sat,selective,equal_layer_p1,positive_depth_only,pair,optimum_hit_rate,7,0.10002983253724539,0.06713311160818236,0.03794205969505718,0.1621176053794336,6,estimated,0,raw_instance,two_sided_Student_t_95_df_n_minus_1,unadjusted_exploratory
all_designs_diagnostic,original_e4,max3sat,selective,equal_layer_p1,positive_depth_only,pair,auxiliary_inconsistency_rate,7,0.7044659757606327,0.1784730739535135,0.5394059121254738,0.8695260393957917,6,estimated,0,raw_instance,two_sided_Student_t_95_df_n_minus_1,unadjusted_exploratory
all_designs_diagnostic,original_e4,max3sat,selective,equal_layer_p1,positive_depth_only,pair,statevector_norm,7,1.0,2.8971341217725906e-16,0.9999999999999998,1.0000000000000002,6,estimated,0,raw_instance,two_sided_Student_t_95_df_n_minus_1,unadjusted_exploratory
all_designs_diagnostic,original_e4,max3sat,selective,equal_layer_p2,all_scheduled,cold,original_objective_mean,7,9.871570411581676,4.814494309084754,5.4189058195232205,14.32423500364013,6,estimated,0,raw_instance,two_sided_Student_t_95_df_n_minus_1,unadjusted_exploratory
all_designs_diagnostic,original_e4,max3sat,selective,equal_layer_p2,all_scheduled,cold,encoded_energy_mean,7,27.357470763826864,15.652345897988454,12.88146520886886,41.83347631878487,6,estimated,0,raw_instance,two_sided_Student_t_95_df_n_minus_1,unadjusted_exploratory
all_designs_diagnostic,original_e4,max3sat,selective,equal_layer_p2,all_scheduled,cold,optimum_hit_rate,7,0.06714446459942477,0.05158639955007895,0.019435002304498378,0.11485392689435117,6,estimated,0,raw_instance,two_sided_Student_t_95_df_n_minus_1,unadjusted_exploratory
all_designs_diagnostic,original_e4,max3sat,selective,equal_layer_p2,all_scheduled,cold,auxiliary_inconsistency_rate,7,0.7813339473253669,0.15377427267516966,0.6391164650410366,0.9235514296096972,6,estimated,0,raw_instance,two_sided_Student_t_95_df_n_minus_1,unadjusted_exploratory
all_designs_diagnostic,original_e4,max3sat,selective,equal_layer_p2,all_scheduled,cold,statevector_norm,7,1.0000000000000002,6.138582493229382e-16,0.9999999999999997,1.0000000000000009,6,estimated,0,raw_instance,two_sided_Student_t_95_df_n_minus_1,unadjusted_exploratory
all_designs_diagnostic,original_e4,max3sat,selective,equal_layer_p2,all_scheduled,independence,original_objective_mean,7,9.047156969762204,4.554861944567027,4.834612266153729,13.259701673370678,6,estimated,0,raw_instance,two_sided_Student_t_95_df_n_minus_1,unadjusted_exploratory
all_designs_diagnostic,original_e4,max3sat,selective,equal_layer_p2,all_scheduled,independence,encoded_energy_mean,7,24.107465188832325,12.725712476957534,12.33814411020026,35.87678626746439,6,estimated,0,raw_instance,two_sided_Student_t_95_df_n_minus_1,unadjusted_exploratory
all_designs_diagnostic,original_e4,max3sat,selective,equal_layer_p2,all_scheduled,independence,optimum_hit_rate,7,0.09023496025965713,0.0655467666846361,0.029614311775376594,0.15085560874393766,6,estimated,0,raw_instance,two_sided_Student_t_95_df_n_minus_1,unadjusted_exploratory
all_designs_diagnostic,original_e4,max3sat,selective,equal_layer_p2,all_scheduled,independence,auxiliary_inconsistency_rate,7,0.7479526125819369,0.14618397868436717,0.6127549814234843,0.8831502437403895,6,estimated,0,raw_instance,two_sided_Student_t_95_df_n_minus_1,unadjusted_exploratory
all_designs_diagnostic,original_e4,max3sat,selective,equal_layer_p2,all_scheduled,independence,statevector_norm,7,1.0000000000000002,7.809232557317854e-16,0.9999999999999994,1.0000000000000009,6,estimated,0,raw_instance,two_sided_Student_t_95_df_n_minus_1,unadjusted_exploratory
all_designs_diagnostic,original_e4,max3sat,selective,equal_layer_p2,all_scheduled,original_only,original_objective_mean,7,9.309240854832776,4.669220500265819,4.9909321272024805,13.627549582463072,6,estimated,0,raw_instance,two_sided_Student_t_95_df_n_minus_1,unadjusted_exploratory
all_designs_diagnostic,original_e4,max3sat,selective,equal_layer_p2,all_scheduled,original_only,encoded_energy_mean,7,26.868422885800893,14.792755277862884,13.187406061160093,40.54943971044169,6,estimated,0,raw_instance,two_sided_Student_t_95_df_n_minus_1,unadjusted_exploratory
all_designs_diagnostic,original_e4,max3sat,selective,equal_layer_p2,all_scheduled,original_only,optimum_hit_rate,7,0.07989817677704365,0.0537601241823527,0.030178354497944676,0.12961799905614263,6,estimated,0,raw_instance,two_sided_Student_t_95_df_n_minus_1,unadjusted_exploratory
all_designs_diagnostic,original_e4,max3sat,selective,equal_layer_p2,all_scheduled,original_only,auxiliary_inconsistency_rate,7,0.7818323661466126,0.1537005181058673,0.6396830954621205,0.9239816368311046,6,estimated,0,raw_instance,two_sided_Student_t_95_df_n_minus_1,unadjusted_exploratory
all_designs_diagnostic,original_e4,max3sat,selective,equal_layer_p2,all_scheduled,original_only,statevector_norm,7,1.0000000000000004,5.819537740860598e-16,0.9999999999999999,1.0000000000000009,6,estimated,0,raw_instance,two_sided_Student_t_95_df_n_minus_1,unadjusted_exploratory
all_designs_diagnostic,original_e4,max3sat,selective,equal_layer_p2,all_scheduled,pair,original_objective_mean,7,8.998426016633099,4.6124292329886885,4.7326404510856515,13.264211582180547,6,estimated,0,raw_instance,two_sided_Student_t_95_df_n_minus_1,unadjusted_exploratory
all_designs_diagnostic,original_e4,max3sat,selective,equal_layer_p2,all_scheduled,pair,encoded_energy_mean,7,21.69806193723332,10.969887844297045,11.5526078049094,31.84351606955724,6,estimated,0,raw_instance,two_sided_Student_t_95_df_n_minus_1,unadjusted_exploratory
all_designs_diagnostic,original_e4,max3sat,selective,equal_layer_p2,all_scheduled,pair,optimum_hit_rate,7,0.09426936130140658,0.07172518110416216,0.027934632509880458,0.1606040900929327,6,estimated,0,raw_instance,two_sided_Student_t_95_df_n_minus_1,unadjusted_exploratory
all_designs_diagnostic,original_e4,max3sat,selective,equal_layer_p2,all_scheduled,pair,auxiliary_inconsistency_rate,7,0.6887474666467918,0.15693171512894524,0.5436098371335282,0.8338850961600554,6,estimated,0,raw_instance,two_sided_Student_t_95_df_n_minus_1,unadjusted_exploratory
all_designs_diagnostic,original_e4,max3sat,selective,equal_layer_p2,all_scheduled,pair,statevector_norm,7,0.9999999999999999,1.9682150585518662e-16,0.9999999999999997,1.0,6,estimated,0,raw_instance,two_sided_Student_t_95_df_n_minus_1,unadjusted_exploratory
all_designs_diagnostic,original_e4,max3sat,selective,equal_layer_p2,positive_depth_only,cold,original_objective_mean,7,9.871570411581676,4.814494309084754,5.4189058195232205,14.32423500364013,6,estimated,0,raw_instance,two_sided_Student_t_95_df_n_minus_1,unadjusted_exploratory
all_designs_diagnostic,original_e4,max3sat,selective,equal_layer_p2,positive_depth_only,cold,encoded_energy_mean,7,27.357470763826864,15.652345897988454,12.88146520886886,41.83347631878487,6,estimated,0,raw_instance,two_sided_Student_t_95_df_n_minus_1,unadjusted_exploratory
all_designs_diagnostic,original_e4,max3sat,selective,equal_layer_p2,positive_depth_only,cold,optimum_hit_rate,7,0.06714446459942477,0.05158639955007895,0.019435002304498378,0.11485392689435117,6,estimated,0,raw_instance,two_sided_Student_t_95_df_n_minus_1,unadjusted_exploratory
all_designs_diagnostic,original_e4,max3sat,selective,equal_layer_p2,positive_depth_only,cold,auxiliary_inconsistency_rate,7,0.7813339473253669,0.15377427267516966,0.6391164650410366,0.9235514296096972,6,estimated,0,raw_instance,two_sided_Student_t_95_df_n_minus_1,unadjusted_exploratory
all_designs_diagnostic,original_e4,max3sat,selective,equal_layer_p2,positive_depth_only,cold,statevector_norm,7,1.0000000000000002,6.138582493229382e-16,0.9999999999999997,1.0000000000000009,6,estimated,0,raw_instance,two_sided_Student_t_95_df_n_minus_1,unadjusted_exploratory
all_designs_diagnostic,original_e4,max3sat,selective,equal_layer_p2,positive_depth_only,independence,original_objective_mean,7,9.047156969762204,4.554861944567027,4.834612266153729,13.259701673370678,6,estimated,0,raw_instance,two_sided_Student_t_95_df_n_minus_1,unadjusted_exploratory
all_designs_diagnostic,original_e4,max3sat,selective,equal_layer_p2,positive_depth_only,independence,encoded_energy_mean,7,24.107465188832325,12.725712476957534,12.33814411020026,35.87678626746439,6,estimated,0,raw_instance,two_sided_Student_t_95_df_n_minus_1,unadjusted_exploratory
all_designs_diagnostic,original_e4,max3sat,selective,equal_layer_p2,positive_depth_only,independence,optimum_hit_rate,7,0.09023496025965713,0.0655467666846361,0.029614311775376594,0.15085560874393766,6,estimated,0,raw_instance,two_sided_Student_t_95_df_n_minus_1,unadjusted_exploratory
all_designs_diagnostic,original_e4,max3sat,selective,equal_layer_p2,positive_depth_only,independence,auxiliary_inconsistency_rate,7,0.7479526125819369,0.14618397868436717,0.6127549814234843,0.8831502437403895,6,estimated,0,raw_instance,two_sided_Student_t_95_df_n_minus_1,unadjusted_exploratory
all_designs_diagnostic,original_e4,max3sat,selective,equal_layer_p2,positive_depth_only,independence,statevector_norm,7,1.0000000000000002,7.809232557317854e-16,0.9999999999999994,1.0000000000000009,6,estimated,0,raw_instance,two_sided_Student_t_95_df_n_minus_1,unadjusted_exploratory
all_designs_diagnostic,original_e4,max3sat,selective,equal_layer_p2,positive_depth_only,original_only,original_objective_mean,7,9.309240854832776,4.669220500265819,4.9909321272024805,13.627549582463072,6,estimated,0,raw_instance,two_sided_Student_t_95_df_n_minus_1,unadjusted_exploratory
all_designs_diagnostic,original_e4,max3sat,selective,equal_layer_p2,positive_depth_only,original_only,encoded_energy_mean,7,26.868422885800893,14.792755277862884,13.187406061160093,40.54943971044169,6,estimated,0,raw_instance,two_sided_Student_t_95_df_n_minus_1,unadjusted_exploratory
all_designs_diagnostic,original_e4,max3sat,selective,equal_layer_p2,positive_depth_only,original_only,optimum_hit_rate,7,0.07989817677704365,0.0537601241823527,0.030178354497944676,0.12961799905614263,6,estimated,0,raw_instance,two_sided_Student_t_95_df_n_minus_1,unadjusted_exploratory
all_designs_diagnostic,original_e4,max3sat,selective,equal_layer_p2,positive_depth_only,original_only,auxiliary_inconsistency_rate,7,0.7818323661466126,0.1537005181058673,0.6396830954621205,0.9239816368311046,6,estimated,0,raw_instance,two_sided_Student_t_95_df_n_minus_1,unadjusted_exploratory
all_designs_diagnostic,original_e4,max3sat,selective,equal_layer_p2,positive_depth_only,original_only,statevector_norm,7,1.0000000000000004,5.819537740860598e-16,0.9999999999999999,1.0000000000000009,6,estimated,0,raw_instance,two_sided_Student_t_95_df_n_minus_1,unadjusted_exploratory
all_designs_diagnostic,original_e4,max3sat,selective,equal_layer_p2,positive_depth_only,pair,original_objective_mean,7,8.998426016633099,4.6124292329886885,4.7326404510856515,13.264211582180547,6,estimated,0,raw_instance,two_sided_Student_t_95_df_n_minus_1,unadjusted_exploratory
all_designs_diagnostic,original_e4,max3sat,selective,equal_layer_p2,positive_depth_only,pair,encoded_energy_mean,7,21.69806193723332,10.969887844297045,11.5526078049094,31.84351606955724,6,estimated,0,raw_instance,two_sided_Student_t_95_df_n_minus_1,unadjusted_exploratory
all_designs_diagnostic,original_e4,max3sat,selective,equal_layer_p2,positive_depth_only,pair,optimum_hit_rate,7,0.09426936130140658,0.07172518110416216,0.027934632509880458,0.1606040900929327,6,estimated,0,raw_instance,two_sided_Student_t_95_df_n_minus_1,unadjusted_exploratory
all_designs_diagnostic,original_e4,max3sat,selective,equal_layer_p2,positive_depth_only,pair,auxiliary_inconsistency_rate,7,0.6887474666467918,0.15693171512894524,0.5436098371335282,0.8338850961600554,6,estimated,0,raw_instance,two_sided_Student_t_95_df_n_minus_1,unadjusted_exploratory
all_designs_diagnostic,original_e4,max3sat,selective,equal_layer_p2,positive_depth_only,pair,statevector_norm,7,0.9999999999999999,1.9682150585518662e-16,0.9999999999999997,1.0,6,estimated,0,raw_instance,two_sided_Student_t_95_df_n_minus_1,unadjusted_exploratory
all_designs_diagnostic,targeted,cubic_spin_glass,selective,equal_layer_p1,all_scheduled,cold,original_objective_mean,10,-1.0922713201631642,0.6996570546388997,-1.5927758260101958,-0.5917668143161326,9,estimated,0,raw_instance,two_sided_Student_t_95_df_n_minus_1,unadjusted_exploratory
all_designs_diagnostic,targeted,cubic_spin_glass,selective,equal_layer_p1,all_scheduled,cold,encoded_energy_mean,10,41.11822279188954,13.36030669894069,31.56083512891619,50.6756104548629,9,estimated,0,raw_instance,two_sided_Student_t_95_df_n_minus_1,unadjusted_exploratory
all_designs_diagnostic,targeted,cubic_spin_glass,selective,equal_layer_p1,all_scheduled,cold,optimum_hit_rate,10,0.035611339610696284,0.03237200900820638,0.012453799406531282,0.058768879814861286,9,estimated,0,raw_instance,two_sided_Student_t_95_df_n_minus_1,unadjusted_exploratory
all_designs_diagnostic,targeted,cubic_spin_glass,selective,equal_layer_p1,all_scheduled,cold,auxiliary_inconsistency_rate,10,0.9107703629392312,0.055452691385056554,0.871101897202271,0.9504388286761913,9,estimated,0,raw_instance,two_sided_Student_t_95_df_n_minus_1,unadjusted_exploratory
all_designs_diagnostic,targeted,cubic_spin_glass,selective,equal_layer_p1,all_scheduled,cold,statevector_norm,10,1.0,4.675256240624557e-16,0.9999999999999997,1.0000000000000004,9,estimated,0,raw_instance,two_sided_Student_t_95_df_n_minus_1,unadjusted_exploratory
all_designs_diagnostic,targeted,cubic_spin_glass,selective,equal_layer_p1,all_scheduled,independence,original_objective_mean,10,-1.1093961957558531,0.5637226691317512,-1.5126591001714673,-0.7061332913402389,9,estimated,0,raw_instance,two_sided_Student_t_95_df_n_minus_1,unadjusted_exploratory
all_designs_diagnostic,targeted,cubic_spin_glass,selective,equal_layer_p1,all_scheduled,independence,encoded_energy_mean,10,34.55752054998161,13.808653413439496,24.679404968522277,44.435636131440944,9,estimated,0,raw_instance,two_sided_Student_t_95_df_n_minus_1,unadjusted_exploratory
all_designs_diagnostic,targeted,cubic_spin_glass,selective,equal_layer_p1,all_scheduled,independence,optimum_hit_rate,10,0.04329781705793958,0.044711332845316414,0.011313256331889475,0.07528237778398969,9,estimated,0,raw_instance,two_sided_Student_t_95_df_n_minus_1,unadjusted_exploratory
all_designs_diagnostic,targeted,cubic_spin_glass,selective,equal_layer_p1,all_scheduled,independence,auxiliary_inconsistency_rate,10,0.8665515644120821,0.08737445388533986,0.8040476454197889,0.9290554834043754,9,estimated,0,raw_instance,two_sided_Student_t_95_df_n_minus_1,unadjusted_exploratory
all_designs_diagnostic,targeted,cubic_spin_glass,selective,equal_layer_p1,all_scheduled,independence,statevector_norm,10,1.0000000000000002,5.494077358953467e-16,0.9999999999999998,1.0000000000000007,9,estimated,0,raw_instance,two_sided_Student_t_95_df_n_minus_1,unadjusted_exploratory
all_designs_diagnostic,targeted,cubic_spin_glass,selective,equal_layer_p1,all_scheduled,original_only,original_objective_mean,10,-0.9804570642762478,0.6428176460707772,-1.4403011066727847,-0.5206130218797109,9,estimated,0,raw_instance,two_sided_Student_t_95_df_n_minus_1,unadjusted_exploratory
all_designs_diagnostic,targeted,cubic_spin_glass,selective,equal_layer_p1,all_scheduled,original_only,encoded_energy_mean,10,37.96676728052786,12.16374015058985,29.26535176137076,46.66818279968496,9,estimated,0,raw_instance,two_sided_Student_t_95_df_n_minus_1,unadjusted_exploratory
all_designs_diagnostic,targeted,cubic_spin_glass,selective,equal_layer_p1,all_scheduled,original_only,optimum_hit_rate,10,0.038222619334631835,0.03666386787754643,0.011994868248832984,0.06445037042043068,9,estimated,0,raw_instance,two_sided_Student_t_95_df_n_minus_1,unadjusted_exploratory
all_designs_diagnostic,targeted,cubic_spin_glass,selective,equal_layer_p1,all_scheduled,original_only,auxiliary_inconsistency_rate,10,0.9125050125878353,0.06035349453780302,0.8693307234707551,0.9556793017049156,9,estimated,0,raw_instance,two_sided_Student_t_95_df_n_minus_1,unadjusted_exploratory
all_designs_diagnostic,targeted,cubic_spin_glass,selective,equal_layer_p1,all_scheduled,original_only,statevector_norm,10,1.0000000000000004,3.510833468576701e-16,1.0000000000000002,1.0000000000000007,9,estimated,0,raw_instance,two_sided_Student_t_95_df_n_minus_1,unadjusted_exploratory
all_designs_diagnostic,targeted,cubic_spin_glass,selective,equal_layer_p1,all_scheduled,pair,original_objective_mean,10,-1.0894705872657973,0.7376720843652687,-1.617169407158267,-0.5617717673733276,9,estimated,0,raw_instance,two_sided_Student_t_95_df_n_minus_1,unadjusted_exploratory
all_designs_diagnostic,targeted,cubic_spin_glass,selective,equal_layer_p1,all_scheduled,pair,encoded_energy_mean,10,38.069827278377446,13.167310499924918,28.65050077919611,47.48915377755878,9,estimated,0,raw_instance,two_sided_Student_t_95_df_n_minus_1,unadjusted_exploratory
all_designs_diagnostic,targeted,cubic_spin_glass,selective,equal_layer_p1,all_scheduled,pair,optimum_hit_rate,10,0.03383667736251543,0.03113444955778961,0.011564433857755328,0.056108920867275536,9,estimated,0,raw_instance,two_sided_Student_t_95_df_n_minus_1,unadjusted_exploratory
all_designs_diagnostic,targeted,cubic_spin_glass,selective,equal_layer_p1,all_scheduled,pair,auxiliary_inconsistency_rate,10,0.9024802824557842,0.07593579372151375,0.8481590880067355,0.9568014769048329,9,estimated,0,raw_instance,two_sided_Student_t_95_df_n_minus_1,unadjusted_exploratory
all_designs_diagnostic,targeted,cubic_spin_glass,selective,equal_layer_p1,all_scheduled,pair,statevector_norm,10,0.9999999999999998,7.5262603964687015e-16,0.9999999999999992,1.0000000000000002,9,estimated,0,raw_instance,two_sided_Student_t_95_df_n_minus_1,unadjusted_exploratory
all_designs_diagnostic,targeted,cubic_spin_glass,selective,equal_layer_p1,positive_depth_only,cold,original_objective_mean,10,-1.0922713201631642,0.6996570546388997,-1.5927758260101958,-0.5917668143161326,9,estimated,0,raw_instance,two_sided_Student_t_95_df_n_minus_1,unadjusted_exploratory
all_designs_diagnostic,targeted,cubic_spin_glass,selective,equal_layer_p1,positive_depth_only,cold,encoded_energy_mean,10,41.11822279188954,13.36030669894069,31.56083512891619,50.6756104548629,9,estimated,0,raw_instance,two_sided_Student_t_95_df_n_minus_1,unadjusted_exploratory
all_designs_diagnostic,targeted,cubic_spin_glass,selective,equal_layer_p1,positive_depth_only,cold,optimum_hit_rate,10,0.035611339610696284,0.03237200900820638,0.012453799406531282,0.058768879814861286,9,estimated,0,raw_instance,two_sided_Student_t_95_df_n_minus_1,unadjusted_exploratory
all_designs_diagnostic,targeted,cubic_spin_glass,selective,equal_layer_p1,positive_depth_only,cold,auxiliary_inconsistency_rate,10,0.9107703629392312,0.055452691385056554,0.871101897202271,0.9504388286761913,9,estimated,0,raw_instance,two_sided_Student_t_95_df_n_minus_1,unadjusted_exploratory
all_designs_diagnostic,targeted,cubic_spin_glass,selective,equal_layer_p1,positive_depth_only,cold,statevector_norm,10,1.0,4.675256240624557e-16,0.9999999999999997,1.0000000000000004,9,estimated,0,raw_instance,two_sided_Student_t_95_df_n_minus_1,unadjusted_exploratory
all_designs_diagnostic,targeted,cubic_spin_glass,selective,equal_layer_p1,positive_depth_only,independence,original_objective_mean,10,-1.1093961957558531,0.5637226691317512,-1.5126591001714673,-0.7061332913402389,9,estimated,0,raw_instance,two_sided_Student_t_95_df_n_minus_1,unadjusted_exploratory
all_designs_diagnostic,targeted,cubic_spin_glass,selective,equal_layer_p1,positive_depth_only,independence,encoded_energy_mean,10,34.55752054998161,13.808653413439496,24.679404968522277,44.435636131440944,9,estimated,0,raw_instance,two_sided_Student_t_95_df_n_minus_1,unadjusted_exploratory
all_designs_diagnostic,targeted,cubic_spin_glass,selective,equal_layer_p1,positive_depth_only,independence,optimum_hit_rate,10,0.04329781705793958,0.044711332845316414,0.011313256331889475,0.07528237778398969,9,estimated,0,raw_instance,two_sided_Student_t_95_df_n_minus_1,unadjusted_exploratory
all_designs_diagnostic,targeted,cubic_spin_glass,selective,equal_layer_p1,positive_depth_only,independence,auxiliary_inconsistency_rate,10,0.8665515644120821,0.08737445388533986,0.8040476454197889,0.9290554834043754,9,estimated,0,raw_instance,two_sided_Student_t_95_df_n_minus_1,unadjusted_exploratory
all_designs_diagnostic,targeted,cubic_spin_glass,selective,equal_layer_p1,positive_depth_only,independence,statevector_norm,10,1.0000000000000002,5.494077358953467e-16,0.9999999999999998,1.0000000000000007,9,estimated,0,raw_instance,two_sided_Student_t_95_df_n_minus_1,unadjusted_exploratory
all_designs_diagnostic,targeted,cubic_spin_glass,selective,equal_layer_p1,positive_depth_only,original_only,original_objective_mean,10,-0.9804570642762478,0.6428176460707772,-1.4403011066727847,-0.5206130218797109,9,estimated,0,raw_instance,two_sided_Student_t_95_df_n_minus_1,unadjusted_exploratory
all_designs_diagnostic,targeted,cubic_spin_glass,selective,equal_layer_p1,positive_depth_only,original_only,encoded_energy_mean,10,37.96676728052786,12.16374015058985,29.26535176137076,46.66818279968496,9,estimated,0,raw_instance,two_sided_Student_t_95_df_n_minus_1,unadjusted_exploratory
all_designs_diagnostic,targeted,cubic_spin_glass,selective,equal_layer_p1,positive_depth_only,original_only,optimum_hit_rate,10,0.038222619334631835,0.03666386787754643,0.011994868248832984,0.06445037042043068,9,estimated,0,raw_instance,two_sided_Student_t_95_df_n_minus_1,unadjusted_exploratory
all_designs_diagnostic,targeted,cubic_spin_glass,selective,equal_layer_p1,positive_depth_only,original_only,auxiliary_inconsistency_rate,10,0.9125050125878353,0.06035349453780302,0.8693307234707551,0.9556793017049156,9,estimated,0,raw_instance,two_sided_Student_t_95_df_n_minus_1,unadjusted_exploratory
all_designs_diagnostic,targeted,cubic_spin_glass,selective,equal_layer_p1,positive_depth_only,original_only,statevector_norm,10,1.0000000000000004,3.510833468576701e-16,1.0000000000000002,1.0000000000000007,9,estimated,0,raw_instance,two_sided_Student_t_95_df_n_minus_1,unadjusted_exploratory
all_designs_diagnostic,targeted,cubic_spin_glass,selective,equal_layer_p1,positive_depth_only,pair,original_objective_mean,10,-1.0894705872657973,0.7376720843652687,-1.617169407158267,-0.5617717673733276,9,estimated,0,raw_instance,two_sided_Student_t_95_df_n_minus_1,unadjusted_exploratory
all_designs_diagnostic,targeted,cubic_spin_glass,selective,equal_layer_p1,positive_depth_only,pair,encoded_energy_mean,10,38.069827278377446,13.167310499924918,28.65050077919611,47.48915377755878,9,estimated,0,raw_instance,two_sided_Student_t_95_df_n_minus_1,unadjusted_exploratory
all_designs_diagnostic,targeted,cubic_spin_glass,selective,equal_layer_p1,positive_depth_only,pair,optimum_hit_rate,10,0.03383667736251543,0.03113444955778961,0.011564433857755328,0.056108920867275536,9,estimated,0,raw_instance,two_sided_Student_t_95_df_n_minus_1,unadjusted_exploratory
all_designs_diagnostic,targeted,cubic_spin_glass,selective,equal_layer_p1,positive_depth_only,pair,auxiliary_inconsistency_rate,10,0.9024802824557842,0.07593579372151375,0.8481590880067355,0.9568014769048329,9,estimated,0,raw_instance,two_sided_Student_t_95_df_n_minus_1,unadjusted_exploratory
all_designs_diagnostic,targeted,cubic_spin_glass,selective,equal_layer_p1,positive_depth_only,pair,statevector_norm,10,0.9999999999999998,7.5262603964687015e-16,0.9999999999999992,1.0000000000000002,9,estimated,0,raw_instance,two_sided_Student_t_95_df_n_minus_1,unadjusted_exploratory
all_designs_diagnostic,targeted,cubic_spin_glass,selective,equal_layer_p2,all_scheduled,cold,original_objective_mean,10,-1.1754370479320289,0.8174695179339777,-1.7602195130066098,-0.5906545828574479,9,estimated,0,raw_instance,two_sided_Student_t_95_df_n_minus_1,unadjusted_exploratory
all_designs_diagnostic,targeted,cubic_spin_glass,selective,equal_layer_p2,all_scheduled,cold,encoded_energy_mean,10,39.09682089871137,13.818160443153324,29.211904397890983,48.98173739953176,9,estimated,0,raw_instance,two_sided_Student_t_95_df_n_minus_1,unadjusted_exploratory
all_designs_diagnostic,targeted,cubic_spin_glass,selective,equal_layer_p2,all_scheduled,cold,optimum_hit_rate,10,0.04505642785664602,0.041490785077470706,0.015375708217332754,0.07473714749595929,9,estimated,0,raw_instance,two_sided_Student_t_95_df_n_minus_1,unadjusted_exploratory
all_designs_diagnostic,targeted,cubic_spin_glass,selective,equal_layer_p2,all_scheduled,cold,auxiliary_inconsistency_rate,10,0.8973918023728974,0.07158174203035007,0.8461853088700759,0.9485982958757189,9,estimated,0,raw_instance,two_sided_Student_t_95_df_n_minus_1,unadjusted_exploratory
all_designs_diagnostic,targeted,cubic_spin_glass,selective,equal_layer_p2,all_scheduled,cold,statevector_norm,10,1.0,5.019932605247481e-16,0.9999999999999997,1.0000000000000004,9,estimated,0,raw_instance,two_sided_Student_t_95_df_n_minus_1,unadjusted_exploratory
all_designs_diagnostic,targeted,cubic_spin_glass,selective,equal_layer_p2,all_scheduled,independence,original_objective_mean,10,-1.0586720354522947,0.48047844170261866,-1.4023856068942864,-0.714958464010303,9,estimated,0,raw_instance,two_sided_Student_t_95_df_n_minus_1,unadjusted_exploratory
all_designs_diagnostic,targeted,cubic_spin_glass,selective,equal_layer_p2,all_scheduled,independence,encoded_energy_mean,10,37.43301168794963,11.53455768769798,29.18168618873786,45.684337187161404,9,estimated,0,raw_instance,two_sided_Student_t_95_df_n_minus_1,unadjusted_exploratory
all_designs_diagnostic,targeted,cubic_spin_glass,selective,equal_layer_p2,all_scheduled,independence,optimum_hit_rate,10,0.046939800282288446,0.05111622459354091,0.010373456012151422,0.08350614455242547,9,estimated,0,raw_instance,two_sided_Student_t_95_df_n_minus_1,unadjusted_exploratory
all_designs_diagnostic,targeted,cubic_spin_glass,selective,equal_layer_p2,all_scheduled,independence,auxiliary_inconsistency_rate,10,0.8819200462044539,0.0751021538471561,0.8281952017966194,0.9356448906122883,9,estimated,0,raw_instance,two_sided_Student_t_95_df_n_minus_1,unadjusted_exploratory
all_designs_diagnostic,targeted,cubic_spin_glass,selective,equal_layer_p2,all_scheduled,independence,statevector_norm,10,1.0000000000000002,6.804740382722487e-16,0.9999999999999998,1.0000000000000007,9,estimated,0,raw_instance,two_sided_Student_t_95_df_n_minus_1,unadjusted_exploratory
all_designs_diagnostic,targeted,cubic_spin_glass,selective,equal_layer_p2,all_scheduled,original_only,original_objective_mean,10,-1.040352463898223,0.5546645036906959,-1.4371355471101532,-0.6435693806862924,9,estimated,0,raw_instance,two_sided_Student_t_95_df_n_minus_1,unadjusted_exploratory
all_designs_diagnostic,targeted,cubic_spin_glass,selective,equal_layer_p2,all_scheduled,original_only,encoded_energy_mean,10,36.915698446423974,11.89482398535448,28.406653963195144,45.42474292965281,9,estimated,0,raw_instance,two_sided_Student_t_95_df_n_minus_1,unadjusted_exploratory
all_designs_diagnostic,targeted,cubic_spin_glass,selective,equal_layer_p2,all_scheduled,original_only,optimum_hit_rate,10,0.04152937948105927,0.04557397716885334,0.008927720180770628,0.07413103878134791,9,estimated,0,raw_instance,two_sided_Student_t_95_df_n_minus_1,unadjusted_exploratory
all_designs_diagnostic,targeted,cubic_spin_glass,selective,equal_layer_p2,all_scheduled,original_only,auxiliary_inconsistency_rate,10,0.8920886054608953,0.06461238334223285,0.8458676908258052,0.9383095200959854,9,estimated,0,raw_instance,two_sided_Student_t_95_df_n_minus_1,unadjusted_exploratory
all_designs_diagnostic,targeted,cubic_spin_glass,selective,equal_layer_p2,all_scheduled,original_only,statevector_norm,10,1.0000000000000002,6.171482040823093e-16,0.9999999999999998,1.0000000000000007,9,estimated,0,raw_instance,two_sided_Student_t_95_df_n_minus_1,unadjusted_exploratory
all_designs_diagnostic,targeted,cubic_spin_glass,selective,equal_layer_p2,all_scheduled,pair,original_objective_mean,10,-1.0601222547272686,0.6637436232002283,-1.5349358393775425,-0.5853086700769946,9,estimated,0,raw_instance,two_sided_Student_t_95_df_n_minus_1,unadjusted_exploratory
all_designs_diagnostic,targeted,cubic_spin_glass,selective,equal_layer_p2,all_scheduled,pair,encoded_energy_mean,10,42.39071873243661,15.812818535272147,31.07890979036875,53.702527674504466,9,estimated,0,raw_instance,two_sided_Student_t_95_df_n_minus_1,unadjusted_exploratory
all_designs_diagnostic,targeted,cubic_spin_glass,selective,equal_layer_p2,all_scheduled,pair,optimum_hit_rate,10,0.045240231980972226,0.04562069087571121,0.012605155707879317,0.07787530825406513,9,estimated,0,raw_instance,two_sided_Student_t_95_df_n_minus_1,unadjusted_exploratory
all_designs_diagnostic,targeted,cubic_spin_glass,selective,equal_layer_p2,all_scheduled,pair,auxiliary_inconsistency_rate,10,0.911595008982147,0.07625714884237687,0.8570439309281198,0.9661460870361741,9,estimated,0,raw_instance,two_sided_Student_t_95_df_n_minus_1,unadjusted_exploratory
all_designs_diagnostic,targeted,cubic_spin_glass,selective,equal_layer_p2,all_scheduled,pair,statevector_norm,10,0.9999999999999998,8.644226857664487e-16,0.9999999999999991,1.0000000000000004,9,estimated,0,raw_instance,two_sided_Student_t_95_df_n_minus_1,unadjusted_exploratory
all_designs_diagnostic,targeted,cubic_spin_glass,selective,equal_layer_p2,positive_depth_only,cold,original_objective_mean,10,-1.1754370479320289,0.8174695179339777,-1.7602195130066098,-0.5906545828574479,9,estimated,0,raw_instance,two_sided_Student_t_95_df_n_minus_1,unadjusted_exploratory
all_designs_diagnostic,targeted,cubic_spin_glass,selective,equal_layer_p2,positive_depth_only,cold,encoded_energy_mean,10,39.09682089871137,13.818160443153324,29.211904397890983,48.98173739953176,9,estimated,0,raw_instance,two_sided_Student_t_95_df_n_minus_1,unadjusted_exploratory
all_designs_diagnostic,targeted,cubic_spin_glass,selective,equal_layer_p2,positive_depth_only,cold,optimum_hit_rate,10,0.04505642785664602,0.041490785077470706,0.015375708217332754,0.07473714749595929,9,estimated,0,raw_instance,two_sided_Student_t_95_df_n_minus_1,unadjusted_exploratory
all_designs_diagnostic,targeted,cubic_spin_glass,selective,equal_layer_p2,positive_depth_only,cold,auxiliary_inconsistency_rate,10,0.8973918023728974,0.07158174203035007,0.8461853088700759,0.9485982958757189,9,estimated,0,raw_instance,two_sided_Student_t_95_df_n_minus_1,unadjusted_exploratory
all_designs_diagnostic,targeted,cubic_spin_glass,selective,equal_layer_p2,positive_depth_only,cold,statevector_norm,10,1.0,5.019932605247481e-16,0.9999999999999997,1.0000000000000004,9,estimated,0,raw_instance,two_sided_Student_t_95_df_n_minus_1,unadjusted_exploratory
all_designs_diagnostic,targeted,cubic_spin_glass,selective,equal_layer_p2,positive_depth_only,independence,original_objective_mean,10,-1.0586720354522947,0.48047844170261866,-1.4023856068942864,-0.714958464010303,9,estimated,0,raw_instance,two_sided_Student_t_95_df_n_minus_1,unadjusted_exploratory
all_designs_diagnostic,targeted,cubic_spin_glass,selective,equal_layer_p2,positive_depth_only,independence,encoded_energy_mean,10,37.43301168794963,11.53455768769798,29.18168618873786,45.684337187161404,9,estimated,0,raw_instance,two_sided_Student_t_95_df_n_minus_1,unadjusted_exploratory
all_designs_diagnostic,targeted,cubic_spin_glass,selective,equal_layer_p2,positive_depth_only,independence,optimum_hit_rate,10,0.046939800282288446,0.05111622459354091,0.010373456012151422,0.08350614455242547,9,estimated,0,raw_instance,two_sided_Student_t_95_df_n_minus_1,unadjusted_exploratory
all_designs_diagnostic,targeted,cubic_spin_glass,selective,equal_layer_p2,positive_depth_only,independence,auxiliary_inconsistency_rate,10,0.8819200462044539,0.0751021538471561,0.8281952017966194,0.9356448906122883,9,estimated,0,raw_instance,two_sided_Student_t_95_df_n_minus_1,unadjusted_exploratory
all_designs_diagnostic,targeted,cubic_spin_glass,selective,equal_layer_p2,positive_depth_only,independence,statevector_norm,10,1.0000000000000002,6.804740382722487e-16,0.9999999999999998,1.0000000000000007,9,estimated,0,raw_instance,two_sided_Student_t_95_df_n_minus_1,unadjusted_exploratory
all_designs_diagnostic,targeted,cubic_spin_glass,selective,equal_layer_p2,positive_depth_only,original_only,original_objective_mean,10,-1.040352463898223,0.5546645036906959,-1.4371355471101532,-0.6435693806862924,9,estimated,0,raw_instance,two_sided_Student_t_95_df_n_minus_1,unadjusted_exploratory
all_designs_diagnostic,targeted,cubic_spin_glass,selective,equal_layer_p2,positive_depth_only,original_only,encoded_energy_mean,10,36.915698446423974,11.89482398535448,28.406653963195144,45.42474292965281,9,estimated,0,raw_instance,two_sided_Student_t_95_df_n_minus_1,unadjusted_exploratory
all_designs_diagnostic,targeted,cubic_spin_glass,selective,equal_layer_p2,positive_depth_only,original_only,optimum_hit_rate,10,0.04152937948105927,0.04557397716885334,0.008927720180770628,0.07413103878134791,9,estimated,0,raw_instance,two_sided_Student_t_95_df_n_minus_1,unadjusted_exploratory
all_designs_diagnostic,targeted,cubic_spin_glass,selective,equal_layer_p2,positive_depth_only,original_only,auxiliary_inconsistency_rate,10,0.8920886054608953,0.06461238334223285,0.8458676908258052,0.9383095200959854,9,estimated,0,raw_instance,two_sided_Student_t_95_df_n_minus_1,unadjusted_exploratory
all_designs_diagnostic,targeted,cubic_spin_glass,selective,equal_layer_p2,positive_depth_only,original_only,statevector_norm,10,1.0000000000000002,6.171482040823093e-16,0.9999999999999998,1.0000000000000007,9,estimated,0,raw_instance,two_sided_Student_t_95_df_n_minus_1,unadjusted_exploratory
all_designs_diagnostic,targeted,cubic_spin_glass,selective,equal_layer_p2,positive_depth_only,pair,original_objective_mean,10,-1.0601222547272686,0.6637436232002283,-1.5349358393775425,-0.5853086700769946,9,estimated,0,raw_instance,two_sided_Student_t_95_df_n_minus_1,unadjusted_exploratory
all_designs_diagnostic,targeted,cubic_spin_glass,selective,equal_layer_p2,positive_depth_only,pair,encoded_energy_mean,10,42.39071873243661,15.812818535272147,31.07890979036875,53.702527674504466,9,estimated,0,raw_instance,two_sided_Student_t_95_df_n_minus_1,unadjusted_exploratory
all_designs_diagnostic,targeted,cubic_spin_glass,selective,equal_layer_p2,positive_depth_only,pair,optimum_hit_rate,10,0.045240231980972226,0.04562069087571121,0.012605155707879317,0.07787530825406513,9,estimated,0,raw_instance,two_sided_Student_t_95_df_n_minus_1,unadjusted_exploratory
all_designs_diagnostic,targeted,cubic_spin_glass,selective,equal_layer_p2,positive_depth_only,pair,auxiliary_inconsistency_rate,10,0.911595008982147,0.07625714884237687,0.8570439309281198,0.9661460870361741,9,estimated,0,raw_instance,two_sided_Student_t_95_df_n_minus_1,unadjusted_exploratory
all_designs_diagnostic,targeted,cubic_spin_glass,selective,equal_layer_p2,positive_depth_only,pair,statevector_norm,10,0.9999999999999998,8.644226857664487e-16,0.9999999999999991,1.0000000000000004,9,estimated,0,raw_instance,two_sided_Student_t_95_df_n_minus_1,unadjusted_exploratory
all_designs_diagnostic,targeted,max3sat,selective,equal_layer_p1,all_scheduled,cold,original_objective_mean,10,10.987298514678761,3.2491805648158554,8.662974758892075,13.311622270465447,9,estimated,0,raw_instance,two_sided_Student_t_95_df_n_minus_1,unadjusted_exploratory
all_designs_diagnostic,targeted,max3sat,selective,equal_layer_p1,all_scheduled,cold,encoded_energy_mean,10,26.184962768442155,9.89318945438043,19.10780137017496,33.26212416670935,9,estimated,0,raw_instance,two_sided_Student_t_95_df_n_minus_1,unadjusted_exploratory
all_designs_diagnostic,targeted,max3sat,selective,equal_layer_p1,all_scheduled,cold,optimum_hit_rate,10,0.03703431064031998,0.033996419327714765,0.012714737295964642,0.06135388398467531,9,estimated,0,raw_instance,two_sided_Student_t_95_df_n_minus_1,unadjusted_exploratory
all_designs_diagnostic,targeted,max3sat,selective,equal_layer_p1,all_scheduled,cold,auxiliary_inconsistency_rate,10,0.7337133956629972,0.1536363281744918,0.6238085872953991,0.8436182040305953,9,estimated,0,raw_instance,two_sided_Student_t_95_df_n_minus_1,unadjusted_exploratory
all_designs_diagnostic,targeted,max3sat,selective,equal_layer_p1,all_scheduled,cold,statevector_norm,10,1.0,4.3094199699121907e-16,0.9999999999999997,1.0000000000000002,9,estimated,0,raw_instance,two_sided_Student_t_95_df_n_minus_1,unadjusted_exploratory
all_designs_diagnostic,targeted,max3sat,selective,equal_layer_p1,all_scheduled,independence,original_objective_mean,10,4.185770397379056,2.581380059207151,2.339162345090257,6.0323784496678545,9,estimated,0,raw_instance,two_sided_Student_t_95_df_n_minus_1,unadjusted_exploratory
all_designs_diagnostic,targeted,max3sat,selective,equal_layer_p1,all_scheduled,independence,encoded_energy_mean,10,8.234262329218847,5.529711256622061,4.278545193770533,12.18997946466716,9,estimated,0,raw_instance,two_sided_Student_t_95_df_n_minus_1,unadjusted_exploratory
all_designs_diagnostic,targeted,max3sat,selective,equal_layer_p1,all_scheduled,independence,optimum_hit_rate,10,0.6106872605462298,0.27618847408133496,0.4131139282626469,0.8082605928298127,9,estimated,0,raw_instance,two_sided_Student_t_95_df_n_minus_1,unadjusted_exploratory
all_designs_diagnostic,targeted,max3sat,selective,equal_layer_p1,all_scheduled,independence,auxiliary_inconsistency_rate,10,0.3188431797897292,0.23559696215847498,0.1503072658839548,0.4873790936955036,9,estimated,0,raw_instance,two_sided_Student_t_95_df_n_minus_1,unadjusted_exploratory
all_designs_diagnostic,targeted,max3sat,selective,equal_layer_p1,all_scheduled,independence,statevector_norm,10,0.9999999999999993,6.978624828426878e-16,0.9999999999999989,0.9999999999999998,9,estimated,0,raw_instance,two_sided_Student_t_95_df_n_minus_1,unadjusted_exploratory
all_designs_diagnostic,targeted,max3sat,selective,equal_layer_p1,all_scheduled,original_only,original_objective_mean,10,4.328301094934234,2.487552099144604,2.5488135218493184,6.10778866801915,9,estimated,0,raw_instance,two_sided_Student_t_95_df_n_minus_1,unadjusted_exploratory
all_designs_diagnostic,targeted,max3sat,selective,equal_layer_p1,all_scheduled,original_only,encoded_energy_mean,10,18.422887406431023,7.439556562005415,13.100949242441075,23.74482557042097,9,estimated,0,raw_instance,two_sided_Student_t_95_df_n_minus_1,unadjusted_exploratory
all_designs_diagnostic,targeted,max3sat,selective,equal_layer_p1,all_scheduled,original_only,optimum_hit_rate,10,0.59451167409941,0.273780227185054,0.3986610978643641,0.7903622503344558,9,estimated,0,raw_instance,two_sided_Student_t_95_df_n_minus_1,unadjusted_exploratory
all_designs_diagnostic,targeted,max3sat,selective,equal_layer_p1,all_scheduled,original_only,auxiliary_inconsistency_rate,10,0.7558167597948784,0.12465706527965308,0.6666424672690426,0.8449910523207141,9,estimated,0,raw_instance,two_sided_Student_t_95_df_n_minus_1,unadjusted_exploratory
all_designs_diagnostic,targeted,max3sat,selective,equal_layer_p1,all_scheduled,original_only,statevector_norm,10,0.9999999999999998,4.372518787855363e-16,0.9999999999999994,1.0,9,estimated,0,raw_instance,two_sided_Student_t_95_df_n_minus_1,unadjusted_exploratory
all_designs_diagnostic,targeted,max3sat,selective,equal_layer_p1,all_scheduled,pair,original_objective_mean,10,4.267540743663654,2.630768729568979,2.385602164954813,6.149479322372494,9,estimated,0,raw_instance,two_sided_Student_t_95_df_n_minus_1,unadjusted_exploratory
all_designs_diagnostic,targeted,max3sat,selective,equal_layer_p1,all_scheduled,pair,encoded_energy_mean,10,8.403075717417183,5.598983241939664,4.397804388881624,12.408347045952741,9,estimated,0,raw_instance,two_sided_Student_t_95_df_n_minus_1,unadjusted_exploratory
all_designs_diagnostic,targeted,max3sat,selective,equal_layer_p1,all_scheduled,pair,optimum_hit_rate,10,0.6000947480705309,0.2806667511351394,0.399317849369659,0.8008716467714028,9,estimated,0,raw_instance,two_sided_Student_t_95_df_n_minus_1,unadjusted_exploratory
all_designs_diagnostic,targeted,max3sat,selective,equal_layer_p1,all_scheduled,pair,auxiliary_inconsistency_rate,10,0.3294866736978627,0.23118080227737892,0.16410989026090095,0.4948634571348245,9,estimated,0,raw_instance,two_sided_Student_t_95_df_n_minus_1,unadjusted_exploratory
all_designs_diagnostic,targeted,max3sat,selective,equal_layer_p1,all_scheduled,pair,statevector_norm,10,0.9999999999999993,6.148136713008272e-16,0.9999999999999989,0.9999999999999998,9,estimated,0,raw_instance,two_sided_Student_t_95_df_n_minus_1,unadjusted_exploratory
all_designs_diagnostic,targeted,max3sat,selective,equal_layer_p1,positive_depth_only,cold,original_objective_mean,10,10.987298514678761,3.2491805648158554,8.662974758892075,13.311622270465447,9,estimated,0,raw_instance,two_sided_Student_t_95_df_n_minus_1,unadjusted_exploratory
all_designs_diagnostic,targeted,max3sat,selective,equal_layer_p1,positive_depth_only,cold,encoded_energy_mean,10,26.184962768442155,9.89318945438043,19.10780137017496,33.26212416670935,9,estimated,0,raw_instance,two_sided_Student_t_95_df_n_minus_1,unadjusted_exploratory
all_designs_diagnostic,targeted,max3sat,selective,equal_layer_p1,positive_depth_only,cold,optimum_hit_rate,10,0.03703431064031998,0.033996419327714765,0.012714737295964642,0.06135388398467531,9,estimated,0,raw_instance,two_sided_Student_t_95_df_n_minus_1,unadjusted_exploratory
all_designs_diagnostic,targeted,max3sat,selective,equal_layer_p1,positive_depth_only,cold,auxiliary_inconsistency_rate,10,0.7337133956629972,0.1536363281744918,0.6238085872953991,0.8436182040305953,9,estimated,0,raw_instance,two_sided_Student_t_95_df_n_minus_1,unadjusted_exploratory
all_designs_diagnostic,targeted,max3sat,selective,equal_layer_p1,positive_depth_only,cold,statevector_norm,10,1.0,4.3094199699121907e-16,0.9999999999999997,1.0000000000000002,9,estimated,0,raw_instance,two_sided_Student_t_95_df_n_minus_1,unadjusted_exploratory
all_designs_diagnostic,targeted,max3sat,selective,equal_layer_p1,positive_depth_only,independence,original_objective_mean,10,4.185770397379056,2.581380059207151,2.339162345090257,6.0323784496678545,9,estimated,0,raw_instance,two_sided_Student_t_95_df_n_minus_1,unadjusted_exploratory
all_designs_diagnostic,targeted,max3sat,selective,equal_layer_p1,positive_depth_only,independence,encoded_energy_mean,10,8.234262329218847,5.529711256622061,4.278545193770533,12.18997946466716,9,estimated,0,raw_instance,two_sided_Student_t_95_df_n_minus_1,unadjusted_exploratory
all_designs_diagnostic,targeted,max3sat,selective,equal_layer_p1,positive_depth_only,independence,optimum_hit_rate,10,0.6106872605462298,0.27618847408133496,0.4131139282626469,0.8082605928298127,9,estimated,0,raw_instance,two_sided_Student_t_95_df_n_minus_1,unadjusted_exploratory
all_designs_diagnostic,targeted,max3sat,selective,equal_layer_p1,positive_depth_only,independence,auxiliary_inconsistency_rate,10,0.3188431797897292,0.23559696215847498,0.1503072658839548,0.4873790936955036,9,estimated,0,raw_instance,two_sided_Student_t_95_df_n_minus_1,unadjusted_exploratory
all_designs_diagnostic,targeted,max3sat,selective,equal_layer_p1,positive_depth_only,independence,statevector_norm,10,0.9999999999999993,6.978624828426878e-16,0.9999999999999989,0.9999999999999998,9,estimated,0,raw_instance,two_sided_Student_t_95_df_n_minus_1,unadjusted_exploratory
all_designs_diagnostic,targeted,max3sat,selective,equal_layer_p1,positive_depth_only,original_only,original_objective_mean,10,4.328301094934234,2.487552099144604,2.5488135218493184,6.10778866801915,9,estimated,0,raw_instance,two_sided_Student_t_95_df_n_minus_1,unadjusted_exploratory
all_designs_diagnostic,targeted,max3sat,selective,equal_layer_p1,positive_depth_only,original_only,encoded_energy_mean,10,18.422887406431023,7.439556562005415,13.100949242441075,23.74482557042097,9,estimated,0,raw_instance,two_sided_Student_t_95_df_n_minus_1,unadjusted_exploratory
all_designs_diagnostic,targeted,max3sat,selective,equal_layer_p1,positive_depth_only,original_only,optimum_hit_rate,10,0.59451167409941,0.273780227185054,0.3986610978643641,0.7903622503344558,9,estimated,0,raw_instance,two_sided_Student_t_95_df_n_minus_1,unadjusted_exploratory
all_designs_diagnostic,targeted,max3sat,selective,equal_layer_p1,positive_depth_only,original_only,auxiliary_inconsistency_rate,10,0.7558167597948784,0.12465706527965308,0.6666424672690426,0.8449910523207141,9,estimated,0,raw_instance,two_sided_Student_t_95_df_n_minus_1,unadjusted_exploratory
all_designs_diagnostic,targeted,max3sat,selective,equal_layer_p1,positive_depth_only,original_only,statevector_norm,10,0.9999999999999998,4.372518787855363e-16,0.9999999999999994,1.0,9,estimated,0,raw_instance,two_sided_Student_t_95_df_n_minus_1,unadjusted_exploratory
all_designs_diagnostic,targeted,max3sat,selective,equal_layer_p1,positive_depth_only,pair,original_objective_mean,10,4.267540743663654,2.630768729568979,2.385602164954813,6.149479322372494,9,estimated,0,raw_instance,two_sided_Student_t_95_df_n_minus_1,unadjusted_exploratory
all_designs_diagnostic,targeted,max3sat,selective,equal_layer_p1,positive_depth_only,pair,encoded_energy_mean,10,8.403075717417183,5.598983241939664,4.397804388881624,12.408347045952741,9,estimated,0,raw_instance,two_sided_Student_t_95_df_n_minus_1,unadjusted_exploratory
all_designs_diagnostic,targeted,max3sat,selective,equal_layer_p1,positive_depth_only,pair,optimum_hit_rate,10,0.6000947480705309,0.2806667511351394,0.399317849369659,0.8008716467714028,9,estimated,0,raw_instance,two_sided_Student_t_95_df_n_minus_1,unadjusted_exploratory
all_designs_diagnostic,targeted,max3sat,selective,equal_layer_p1,positive_depth_only,pair,auxiliary_inconsistency_rate,10,0.3294866736978627,0.23118080227737892,0.16410989026090095,0.4948634571348245,9,estimated,0,raw_instance,two_sided_Student_t_95_df_n_minus_1,unadjusted_exploratory
all_designs_diagnostic,targeted,max3sat,selective,equal_layer_p1,positive_depth_only,pair,statevector_norm,10,0.9999999999999993,6.148136713008272e-16,0.9999999999999989,0.9999999999999998,9,estimated,0,raw_instance,two_sided_Student_t_95_df_n_minus_1,unadjusted_exploratory
all_designs_diagnostic,targeted,max3sat,selective,equal_layer_p2,all_scheduled,cold,original_objective_mean,10,10.709725703511685,3.1033327837980846,8.489735165096558,12.929716241926812,9,estimated,0,raw_instance,two_sided_Student_t_95_df_n_minus_1,unadjusted_exploratory
all_designs_diagnostic,targeted,max3sat,selective,equal_layer_p2,all_scheduled,cold,encoded_energy_mean,10,25.385348348603124,8.306305905402017,19.443375056068877,31.32732164113737,9,estimated,0,raw_instance,two_sided_Student_t_95_df_n_minus_1,unadjusted_exploratory
all_designs_diagnostic,targeted,max3sat,selective,equal_layer_p2,all_scheduled,cold,optimum_hit_rate,10,0.041347771520452624,0.029062896067053843,0.020557428111377986,0.06213811492952726,9,estimated,0,raw_instance,two_sided_Student_t_95_df_n_minus_1,unadjusted_exploratory
all_designs_diagnostic,targeted,max3sat,selective,equal_layer_p2,all_scheduled,cold,auxiliary_inconsistency_rate,10,0.7419937037639702,0.13603013618397566,0.6446836064246333,0.8393038011033072,9,estimated,0,raw_instance,two_sided_Student_t_95_df_n_minus_1,unadjusted_exploratory
all_designs_diagnostic,targeted,max3sat,selective,equal_layer_p2,all_scheduled,cold,statevector_norm,10,0.9999999999999998,4.682573910215688e-16,0.9999999999999994,1.0000000000000002,9,estimated,0,raw_instance,two_sided_Student_t_95_df_n_minus_1,unadjusted_exploratory
all_designs_diagnostic,targeted,max3sat,selective,equal_layer_p2,all_scheduled,independence,original_objective_mean,10,4.077726857383372,2.387799513024116,2.3695979856681806,5.785855729098563,9,estimated,0,raw_instance,two_sided_Student_t_95_df_n_minus_1,unadjusted_exploratory
all_designs_diagnostic,targeted,max3sat,selective,equal_layer_p2,all_scheduled,independence,encoded_energy_mean,10,8.331714162691977,5.060507271030206,4.7116453386457575,11.951782986738197,9,estimated,0,raw_instance,two_sided_Student_t_95_df_n_minus_1,unadjusted_exploratory
all_designs_diagnostic,targeted,max3sat,selective,equal_layer_p2,all_scheduled,independence,optimum_hit_rate,10,0.6214198119534096,0.2728703792346036,0.42622010173310165,0.8166195221737175,9,estimated,0,raw_instance,two_sided_Student_t_95_df_n_minus_1,unadjusted_exploratory
all_designs_diagnostic,targeted,max3sat,selective,equal_layer_p2,all_scheduled,independence,auxiliary_inconsistency_rate,10,0.3248497478899023,0.20159300759790508,0.1806387977093442,0.46906069807046036,9,estimated,0,raw_instance,two_sided_Student_t_95_df_n_minus_1,unadjusted_exploratory
all_designs_diagnostic,targeted,max3sat,selective,equal_layer_p2,all_scheduled,independence,statevector_norm,10,0.9999999999999994,7.801462050032246e-16,0.9999999999999989,1.0,9,estimated,0,raw_instance,two_sided_Student_t_95_df_n_minus_1,unadjusted_exploratory
all_designs_diagnostic,targeted,max3sat,selective,equal_layer_p2,all_scheduled,original_only,original_objective_mean,10,4.3885180755436615,2.3562220047691995,2.7029783924319704,6.074057758655353,9,estimated,0,raw_instance,two_sided_Student_t_95_df_n_minus_1,unadjusted_exploratory
all_designs_diagnostic,targeted,max3sat,selective,equal_layer_p2,all_scheduled,original_only,encoded_energy_mean,10,17.911024233966366,7.554471321821905,12.506881002943732,23.315167464989,9,estimated,0,raw_instance,two_sided_Student_t_95_df_n_minus_1,unadjusted_exploratory
all_designs_diagnostic,targeted,max3sat,selective,equal_layer_p2,all_scheduled,original_only,optimum_hit_rate,10,0.5861220745706043,0.27365062764501213,0.39036420826153795,0.7818799408796706,9,estimated,0,raw_instance,two_sided_Student_t_95_df_n_minus_1,unadjusted_exploratory
all_designs_diagnostic,targeted,max3sat,selective,equal_layer_p2,all_scheduled,original_only,auxiliary_inconsistency_rate,10,0.7464594714640767,0.12551397786680518,0.6566721806012084,0.836246762326945,9,estimated,0,raw_instance,two_sided_Student_t_95_df_n_minus_1,unadjusted_exploratory
all_designs_diagnostic,targeted,max3sat,selective,equal_layer_p2,all_scheduled,original_only,statevector_norm,10,1.0,8.328728399492168e-16,0.9999999999999994,1.0000000000000007,9,estimated,0,raw_instance,two_sided_Student_t_95_df_n_minus_1,unadjusted_exploratory
all_designs_diagnostic,targeted,max3sat,selective,equal_layer_p2,all_scheduled,pair,original_objective_mean,10,3.912628756166284,2.3206400537825314,2.2525428674208157,5.572714644911752,9,estimated,0,raw_instance,two_sided_Student_t_95_df_n_minus_1,unadjusted_exploratory
all_designs_diagnostic,targeted,max3sat,selective,equal_layer_p2,all_scheduled,pair,encoded_energy_mean,10,8.58302348895599,5.658032208850378,4.535511074150417,12.630535903761562,9,estimated,0,raw_instance,two_sided_Student_t_95_df_n_minus_1,unadjusted_exploratory
all_designs_diagnostic,targeted,max3sat,selective,equal_layer_p2,all_scheduled,pair,optimum_hit_rate,10,0.6261838763425795,0.2771366488725652,0.4279322606740228,0.8244354920111363,9,estimated,0,raw_instance,two_sided_Student_t_95_df_n_minus_1,unadjusted_exploratory
all_designs_diagnostic,targeted,max3sat,selective,equal_layer_p2,all_scheduled,pair,auxiliary_inconsistency_rate,10,0.33436821093625524,0.19456251507978106,0.19518657213091226,0.4735498497415982,9,estimated,0,raw_instance,two_sided_Student_t_95_df_n_minus_1,unadjusted_exploratory
all_designs_diagnostic,targeted,max3sat,selective,equal_layer_p2,all_scheduled,pair,statevector_norm,10,0.9999999999999993,9.292477550023026e-16,0.9999999999999987,1.0,9,estimated,0,raw_instance,two_sided_Student_t_95_df_n_minus_1,unadjusted_exploratory
all_designs_diagnostic,targeted,max3sat,selective,equal_layer_p2,positive_depth_only,cold,original_objective_mean,10,10.709725703511685,3.1033327837980846,8.489735165096558,12.929716241926812,9,estimated,0,raw_instance,two_sided_Student_t_95_df_n_minus_1,unadjusted_exploratory
all_designs_diagnostic,targeted,max3sat,selective,equal_layer_p2,positive_depth_only,cold,encoded_energy_mean,10,25.385348348603124,8.306305905402017,19.443375056068877,31.32732164113737,9,estimated,0,raw_instance,two_sided_Student_t_95_df_n_minus_1,unadjusted_exploratory
all_designs_diagnostic,targeted,max3sat,selective,equal_layer_p2,positive_depth_only,cold,optimum_hit_rate,10,0.041347771520452624,0.029062896067053843,0.020557428111377986,0.06213811492952726,9,estimated,0,raw_instance,two_sided_Student_t_95_df_n_minus_1,unadjusted_exploratory
all_designs_diagnostic,targeted,max3sat,selective,equal_layer_p2,positive_depth_only,cold,auxiliary_inconsistency_rate,10,0.7419937037639702,0.13603013618397566,0.6446836064246333,0.8393038011033072,9,estimated,0,raw_instance,two_sided_Student_t_95_df_n_minus_1,unadjusted_exploratory
all_designs_diagnostic,targeted,max3sat,selective,equal_layer_p2,positive_depth_only,cold,statevector_norm,10,0.9999999999999998,4.682573910215688e-16,0.9999999999999994,1.0000000000000002,9,estimated,0,raw_instance,two_sided_Student_t_95_df_n_minus_1,unadjusted_exploratory
all_designs_diagnostic,targeted,max3sat,selective,equal_layer_p2,positive_depth_only,independence,original_objective_mean,10,4.077726857383372,2.387799513024116,2.3695979856681806,5.785855729098563,9,estimated,0,raw_instance,two_sided_Student_t_95_df_n_minus_1,unadjusted_exploratory
all_designs_diagnostic,targeted,max3sat,selective,equal_layer_p2,positive_depth_only,independence,encoded_energy_mean,10,8.331714162691977,5.060507271030206,4.7116453386457575,11.951782986738197,9,estimated,0,raw_instance,two_sided_Student_t_95_df_n_minus_1,unadjusted_exploratory
all_designs_diagnostic,targeted,max3sat,selective,equal_layer_p2,positive_depth_only,independence,optimum_hit_rate,10,0.6214198119534096,0.2728703792346036,0.42622010173310165,0.8166195221737175,9,estimated,0,raw_instance,two_sided_Student_t_95_df_n_minus_1,unadjusted_exploratory
all_designs_diagnostic,targeted,max3sat,selective,equal_layer_p2,positive_depth_only,independence,auxiliary_inconsistency_rate,10,0.3248497478899023,0.20159300759790508,0.1806387977093442,0.46906069807046036,9,estimated,0,raw_instance,two_sided_Student_t_95_df_n_minus_1,unadjusted_exploratory
all_designs_diagnostic,targeted,max3sat,selective,equal_layer_p2,positive_depth_only,independence,statevector_norm,10,0.9999999999999994,7.801462050032246e-16,0.9999999999999989,1.0,9,estimated,0,raw_instance,two_sided_Student_t_95_df_n_minus_1,unadjusted_exploratory
all_designs_diagnostic,targeted,max3sat,selective,equal_layer_p2,positive_depth_only,original_only,original_objective_mean,10,4.3885180755436615,2.3562220047691995,2.7029783924319704,6.074057758655353,9,estimated,0,raw_instance,two_sided_Student_t_95_df_n_minus_1,unadjusted_exploratory
all_designs_diagnostic,targeted,max3sat,selective,equal_layer_p2,positive_depth_only,original_only,encoded_energy_mean,10,17.911024233966366,7.554471321821905,12.506881002943732,23.315167464989,9,estimated,0,raw_instance,two_sided_Student_t_95_df_n_minus_1,unadjusted_exploratory
all_designs_diagnostic,targeted,max3sat,selective,equal_layer_p2,positive_depth_only,original_only,optimum_hit_rate,10,0.5861220745706043,0.27365062764501213,0.39036420826153795,0.7818799408796706,9,estimated,0,raw_instance,two_sided_Student_t_95_df_n_minus_1,unadjusted_exploratory
all_designs_diagnostic,targeted,max3sat,selective,equal_layer_p2,positive_depth_only,original_only,auxiliary_inconsistency_rate,10,0.7464594714640767,0.12551397786680518,0.6566721806012084,0.836246762326945,9,estimated,0,raw_instance,two_sided_Student_t_95_df_n_minus_1,unadjusted_exploratory
all_designs_diagnostic,targeted,max3sat,selective,equal_layer_p2,positive_depth_only,original_only,statevector_norm,10,1.0,8.328728399492168e-16,0.9999999999999994,1.0000000000000007,9,estimated,0,raw_instance,two_sided_Student_t_95_df_n_minus_1,unadjusted_exploratory
all_designs_diagnostic,targeted,max3sat,selective,equal_layer_p2,positive_depth_only,pair,original_objective_mean,10,3.912628756166284,2.3206400537825314,2.2525428674208157,5.572714644911752,9,estimated,0,raw_instance,two_sided_Student_t_95_df_n_minus_1,unadjusted_exploratory
all_designs_diagnostic,targeted,max3sat,selective,equal_layer_p2,positive_depth_only,pair,encoded_energy_mean,10,8.58302348895599,5.658032208850378,4.535511074150417,12.630535903761562,9,estimated,0,raw_instance,two_sided_Student_t_95_df_n_minus_1,unadjusted_exploratory
all_designs_diagnostic,targeted,max3sat,selective,equal_layer_p2,positive_depth_only,pair,optimum_hit_rate,10,0.6261838763425795,0.2771366488725652,0.4279322606740228,0.8244354920111363,9,estimated,0,raw_instance,two_sided_Student_t_95_df_n_minus_1,unadjusted_exploratory
all_designs_diagnostic,targeted,max3sat,selective,equal_layer_p2,positive_depth_only,pair,auxiliary_inconsistency_rate,10,0.33436821093625524,0.19456251507978106,0.19518657213091226,0.4735498497415982,9,estimated,0,raw_instance,two_sided_Student_t_95_df_n_minus_1,unadjusted_exploratory
all_designs_diagnostic,targeted,max3sat,selective,equal_layer_p2,positive_depth_only,pair,statevector_norm,10,0.9999999999999993,9.292477550023026e-16,0.9999999999999987,1.0,9,estimated,0,raw_instance,two_sided_Student_t_95_df_n_minus_1,unadjusted_exploratory
primary_selected_active_aux,original_e4,cubic_spin_glass,selective,equal_2q_budget_128,all_scheduled,cold,original_objective_mean,2,5.204170427930421e-18,7.359808400080195e-18,-6.092108451129938e-17,7.132942536716022e-17,1,estimated,2,raw_instance,two_sided_Student_t_95_df_n_minus_1,unadjusted_exploratory
primary_selected_active_aux,original_e4,cubic_spin_glass,selective,equal_2q_budget_128,all_scheduled,cold,encoded_energy_mean,2,30.74999999999999,0.7071067811865476,24.396897631912644,37.103102368087335,1,estimated,2,raw_instance,two_sided_Student_t_95_df_n_minus_1,unadjusted_exploratory
primary_selected_active_aux,original_e4,cubic_spin_glass,selective,equal_2q_budget_128,all_scheduled,cold,optimum_hit_rate,2,0.013671874999999998,0.0027621358640099515,-0.011144931125341201,0.0384886811253412,1,estimated,2,raw_instance,two_sided_Student_t_95_df_n_minus_1,unadjusted_exploratory
primary_selected_active_aux,original_e4,cubic_spin_glass,selective,equal_2q_budget_128,all_scheduled,cold,auxiliary_inconsistency_rate,2,0.8749999999999999,0.0,0.8749999999999999,0.8749999999999999,1,estimated,2,raw_instance,two_sided_Student_t_95_df_n_minus_1,unadjusted_exploratory
primary_selected_active_aux,original_e4,cubic_spin_glass,selective,equal_2q_budget_128,all_scheduled,cold,statevector_norm,2,0.9999999999999999,0.0,0.9999999999999999,0.9999999999999999,1,estimated,2,raw_instance,two_sided_Student_t_95_df_n_minus_1,unadjusted_exploratory
primary_selected_active_aux,original_e4,cubic_spin_glass,selective,equal_2q_budget_128,all_scheduled,independence,original_objective_mean,2,-0.2222222222222227,0.31426968052735504,-3.045823274705493,2.6013788302610474,1,estimated,2,raw_instance,two_sided_Student_t_95_df_n_minus_1,unadjusted_exploratory
primary_selected_active_aux,original_e4,cubic_spin_glass,selective,equal_2q_budget_128,all_scheduled,independence,encoded_energy_mean,2,23.26851851851852,2.5010628741968635,0.797360142505859,45.73967689453118,1,estimated,2,raw_instance,two_sided_Student_t_95_df_n_minus_1,unadjusted_exploratory
primary_selected_active_aux,original_e4,cubic_spin_glass,selective,equal_2q_budget_128,all_scheduled,independence,optimum_hit_rate,2,0.051512935099451346,0.051305631716011504,-0.40944987705779556,0.5124757472566982,1,estimated,2,raw_instance,two_sided_Student_t_95_df_n_minus_1,unadjusted_exploratory
primary_selected_active_aux,original_e4,cubic_spin_glass,selective,equal_2q_budget_128,all_scheduled,independence,auxiliary_inconsistency_rate,2,0.8076012281643212,0.08698470980735008,0.026074617802661293,1.589127838525981,1,estimated,2,raw_instance,two_sided_Student_t_95_df_n_minus_1,unadjusted_exploratory
primary_selected_active_aux,original_e4,cubic_spin_glass,selective,equal_2q_budget_128,all_scheduled,independence,statevector_norm,2,1.0000000000000002,3.1401849173675503e-16,0.9999999999999974,1.000000000000003,1,estimated,2,raw_instance,two_sided_Student_t_95_df_n_minus_1,unadjusted_exploratory
primary_selected_active_aux,original_e4,cubic_spin_glass,selective,equal_2q_budget_128,all_scheduled,original_only,original_objective_mean,2,-0.22222222222222263,0.31426968052735504,-3.045823274705493,2.6013788302610474,1,estimated,2,raw_instance,two_sided_Student_t_95_df_n_minus_1,unadjusted_exploratory
primary_selected_active_aux,original_e4,cubic_spin_glass,selective,equal_2q_budget_128,all_scheduled,original_only,encoded_energy_mean,2,27.44351851851853,2.6961719675242595,3.2193744890892084,51.667662547947856,1,estimated,2,raw_instance,two_sided_Student_t_95_df_n_minus_1,unadjusted_exploratory
primary_selected_active_aux,original_e4,cubic_spin_glass,selective,equal_2q_budget_128,all_scheduled,original_only,optimum_hit_rate,2,0.051512935099451373,0.05130563171601154,-0.40944987705779584,0.5124757472566985,1,estimated,2,raw_instance,two_sided_Student_t_95_df_n_minus_1,unadjusted_exploratory
primary_selected_active_aux,original_e4,cubic_spin_glass,selective,equal_2q_budget_128,all_scheduled,original_only,auxiliary_inconsistency_rate,2,0.8750000000000004,7.850462293418876e-17,0.8749999999999998,0.8750000000000011,1,estimated,2,raw_instance,two_sided_Student_t_95_df_n_minus_1,unadjusted_exploratory
primary_selected_active_aux,original_e4,cubic_spin_glass,selective,equal_2q_budget_128,all_scheduled,original_only,statevector_norm,2,1.0000000000000004,0.0,1.0000000000000004,1.0000000000000004,1,estimated,2,raw_instance,two_sided_Student_t_95_df_n_minus_1,unadjusted_exploratory
primary_selected_active_aux,original_e4,cubic_spin_glass,selective,equal_2q_budget_128,all_scheduled,pair,original_objective_mean,2,-0.22222222222222263,0.31426968052735504,-3.045823274705493,2.6013788302610474,1,estimated,2,raw_instance,two_sided_Student_t_95_df_n_minus_1,unadjusted_exploratory
primary_selected_active_aux,original_e4,cubic_spin_glass,selective,equal_2q_budget_128,all_scheduled,pair,encoded_energy_mean,2,26.69351851851852,3.756832139304098,-7.060279063041978,60.44731610007902,1,estimated,2,raw_instance,two_sided_Student_t_95_df_n_minus_1,unadjusted_exploratory
primary_selected_active_aux,original_e4,cubic_spin_glass,selective,equal_2q_budget_128,all_scheduled,pair,optimum_hit_rate,2,0.05151293509945134,0.05130563171601149,-0.4094498770577954,0.5124757472566981,1,estimated,2,raw_instance,two_sided_Student_t_95_df_n_minus_1,unadjusted_exploratory
primary_selected_active_aux,original_e4,cubic_spin_glass,selective,equal_2q_budget_128,all_scheduled,pair,auxiliary_inconsistency_rate,2,0.862511431184271,0.017661503393834464,0.7038291189498043,1.0211937434187377,1,estimated,2,raw_instance,two_sided_Student_t_95_df_n_minus_1,unadjusted_exploratory
primary_selected_active_aux,original_e4,cubic_spin_glass,selective,equal_2q_budget_128,all_scheduled,pair,statevector_norm,2,1.0000000000000002,3.925231146709438e-16,0.9999999999999967,1.0000000000000038,1,estimated,2,raw_instance,two_sided_Student_t_95_df_n_minus_1,unadjusted_exploratory
primary_selected_active_aux,original_e4,cubic_spin_glass,selective,equal_2q_budget_128,zero_depth_only,cold,original_objective_mean,2,5.204170427930421e-18,7.359808400080195e-18,-6.092108451129938e-17,7.132942536716022e-17,1,estimated,2,raw_instance,two_sided_Student_t_95_df_n_minus_1,unadjusted_exploratory
primary_selected_active_aux,original_e4,cubic_spin_glass,selective,equal_2q_budget_128,zero_depth_only,cold,encoded_energy_mean,2,30.74999999999999,0.7071067811865476,24.396897631912644,37.103102368087335,1,estimated,2,raw_instance,two_sided_Student_t_95_df_n_minus_1,unadjusted_exploratory
primary_selected_active_aux,original_e4,cubic_spin_glass,selective,equal_2q_budget_128,zero_depth_only,cold,optimum_hit_rate,2,0.013671874999999998,0.0027621358640099515,-0.011144931125341201,0.0384886811253412,1,estimated,2,raw_instance,two_sided_Student_t_95_df_n_minus_1,unadjusted_exploratory
primary_selected_active_aux,original_e4,cubic_spin_glass,selective,equal_2q_budget_128,zero_depth_only,cold,auxiliary_inconsistency_rate,2,0.8749999999999999,0.0,0.8749999999999999,0.8749999999999999,1,estimated,2,raw_instance,two_sided_Student_t_95_df_n_minus_1,unadjusted_exploratory
primary_selected_active_aux,original_e4,cubic_spin_glass,selective,equal_2q_budget_128,zero_depth_only,cold,statevector_norm,2,0.9999999999999999,0.0,0.9999999999999999,0.9999999999999999,1,estimated,2,raw_instance,two_sided_Student_t_95_df_n_minus_1,unadjusted_exploratory
primary_selected_active_aux,original_e4,cubic_spin_glass,selective,equal_2q_budget_128,zero_depth_only,independence,original_objective_mean,2,-0.2222222222222227,0.31426968052735504,-3.045823274705493,2.6013788302610474,1,estimated,2,raw_instance,two_sided_Student_t_95_df_n_minus_1,unadjusted_exploratory
primary_selected_active_aux,original_e4,cubic_spin_glass,selective,equal_2q_budget_128,zero_depth_only,independence,encoded_energy_mean,2,23.26851851851852,2.5010628741968635,0.797360142505859,45.73967689453118,1,estimated,2,raw_instance,two_sided_Student_t_95_df_n_minus_1,unadjusted_exploratory
primary_selected_active_aux,original_e4,cubic_spin_glass,selective,equal_2q_budget_128,zero_depth_only,independence,optimum_hit_rate,2,0.051512935099451346,0.051305631716011504,-0.40944987705779556,0.5124757472566982,1,estimated,2,raw_instance,two_sided_Student_t_95_df_n_minus_1,unadjusted_exploratory
primary_selected_active_aux,original_e4,cubic_spin_glass,selective,equal_2q_budget_128,zero_depth_only,independence,auxiliary_inconsistency_rate,2,0.8076012281643212,0.08698470980735008,0.026074617802661293,1.589127838525981,1,estimated,2,raw_instance,two_sided_Student_t_95_df_n_minus_1,unadjusted_exploratory
primary_selected_active_aux,original_e4,cubic_spin_glass,selective,equal_2q_budget_128,zero_depth_only,independence,statevector_norm,2,1.0000000000000002,3.1401849173675503e-16,0.9999999999999974,1.000000000000003,1,estimated,2,raw_instance,two_sided_Student_t_95_df_n_minus_1,unadjusted_exploratory
primary_selected_active_aux,original_e4,cubic_spin_glass,selective,equal_2q_budget_128,zero_depth_only,original_only,original_objective_mean,2,-0.22222222222222263,0.31426968052735504,-3.045823274705493,2.6013788302610474,1,estimated,2,raw_instance,two_sided_Student_t_95_df_n_minus_1,unadjusted_exploratory
primary_selected_active_aux,original_e4,cubic_spin_glass,selective,equal_2q_budget_128,zero_depth_only,original_only,encoded_energy_mean,2,27.44351851851853,2.6961719675242595,3.2193744890892084,51.667662547947856,1,estimated,2,raw_instance,two_sided_Student_t_95_df_n_minus_1,unadjusted_exploratory
primary_selected_active_aux,original_e4,cubic_spin_glass,selective,equal_2q_budget_128,zero_depth_only,original_only,optimum_hit_rate,2,0.051512935099451373,0.05130563171601154,-0.40944987705779584,0.5124757472566985,1,estimated,2,raw_instance,two_sided_Student_t_95_df_n_minus_1,unadjusted_exploratory
primary_selected_active_aux,original_e4,cubic_spin_glass,selective,equal_2q_budget_128,zero_depth_only,original_only,auxiliary_inconsistency_rate,2,0.8750000000000004,7.850462293418876e-17,0.8749999999999998,0.8750000000000011,1,estimated,2,raw_instance,two_sided_Student_t_95_df_n_minus_1,unadjusted_exploratory
primary_selected_active_aux,original_e4,cubic_spin_glass,selective,equal_2q_budget_128,zero_depth_only,original_only,statevector_norm,2,1.0000000000000004,0.0,1.0000000000000004,1.0000000000000004,1,estimated,2,raw_instance,two_sided_Student_t_95_df_n_minus_1,unadjusted_exploratory
primary_selected_active_aux,original_e4,cubic_spin_glass,selective,equal_2q_budget_128,zero_depth_only,pair,original_objective_mean,2,-0.22222222222222263,0.31426968052735504,-3.045823274705493,2.6013788302610474,1,estimated,2,raw_instance,two_sided_Student_t_95_df_n_minus_1,unadjusted_exploratory
primary_selected_active_aux,original_e4,cubic_spin_glass,selective,equal_2q_budget_128,zero_depth_only,pair,encoded_energy_mean,2,26.69351851851852,3.756832139304098,-7.060279063041978,60.44731610007902,1,estimated,2,raw_instance,two_sided_Student_t_95_df_n_minus_1,unadjusted_exploratory
primary_selected_active_aux,original_e4,cubic_spin_glass,selective,equal_2q_budget_128,zero_depth_only,pair,optimum_hit_rate,2,0.05151293509945134,0.05130563171601149,-0.4094498770577954,0.5124757472566981,1,estimated,2,raw_instance,two_sided_Student_t_95_df_n_minus_1,unadjusted_exploratory
primary_selected_active_aux,original_e4,cubic_spin_glass,selective,equal_2q_budget_128,zero_depth_only,pair,auxiliary_inconsistency_rate,2,0.862511431184271,0.017661503393834464,0.7038291189498043,1.0211937434187377,1,estimated,2,raw_instance,two_sided_Student_t_95_df_n_minus_1,unadjusted_exploratory
primary_selected_active_aux,original_e4,cubic_spin_glass,selective,equal_2q_budget_128,zero_depth_only,pair,statevector_norm,2,1.0000000000000002,3.925231146709438e-16,0.9999999999999967,1.0000000000000038,1,estimated,2,raw_instance,two_sided_Student_t_95_df_n_minus_1,unadjusted_exploratory
primary_selected_active_aux,original_e4,cubic_spin_glass,selective,equal_2q_budget_256,all_scheduled,cold,original_objective_mean,2,-0.8801145947275557,0.47426008871774195,-5.141172433355625,3.3809432439005134,1,estimated,0,raw_instance,two_sided_Student_t_95_df_n_minus_1,unadjusted_exploratory
primary_selected_active_aux,original_e4,cubic_spin_glass,selective,equal_2q_budget_256,all_scheduled,cold,encoded_energy_mean,2,33.702814158797224,2.2070704318761605,13.873073078165714,53.53255523942873,1,estimated,0,raw_instance,two_sided_Student_t_95_df_n_minus_1,unadjusted_exploratory
primary_selected_active_aux,original_e4,cubic_spin_glass,selective,equal_2q_budget_256,all_scheduled,cold,optimum_hit_rate,2,0.021693011997937446,0.01161814843564929,-0.08269191019932409,0.12607793419519897,1,estimated,0,raw_instance,two_sided_Student_t_95_df_n_minus_1,unadjusted_exploratory
primary_selected_active_aux,original_e4,cubic_spin_glass,selective,equal_2q_budget_256,all_scheduled,cold,auxiliary_inconsistency_rate,2,0.8939246884353598,0.012206999483177595,0.7842491494825564,1.003600227388163,1,estimated,0,raw_instance,two_sided_Student_t_95_df_n_minus_1,unadjusted_exploratory
primary_selected_active_aux,original_e4,cubic_spin_glass,selective,equal_2q_budget_256,all_scheduled,cold,statevector_norm,2,0.9999999999999993,3.925231146709438e-16,0.9999999999999958,1.0000000000000029,1,estimated,0,raw_instance,two_sided_Student_t_95_df_n_minus_1,unadjusted_exploratory
primary_selected_active_aux,original_e4,cubic_spin_glass,selective,equal_2q_budget_256,all_scheduled,independence,original_objective_mean,2,-0.9548895319816717,0.06589110291645005,-1.5468976036224784,-0.362881460340865,1,estimated,0,raw_instance,two_sided_Student_t_95_df_n_minus_1,unadjusted_exploratory
primary_selected_active_aux,original_e4,cubic_spin_glass,selective,equal_2q_budget_256,all_scheduled,independence,encoded_energy_mean,2,31.637236375777107,6.1253494552308405,-23.39684498897666,86.67131774053087,1,estimated,0,raw_instance,two_sided_Student_t_95_df_n_minus_1,unadjusted_exploratory
primary_selected_active_aux,original_e4,cubic_spin_glass,selective,equal_2q_budget_256,all_scheduled,independence,optimum_hit_rate,2,0.04825760954372818,0.027068808483004535,-0.194945985514583,0.2914612046020394,1,estimated,0,raw_instance,two_sided_Student_t_95_df_n_minus_1,unadjusted_exploratory
primary_selected_active_aux,original_e4,cubic_spin_glass,selective,equal_2q_budget_256,all_scheduled,independence,auxiliary_inconsistency_rate,2,0.8348857791854589,0.055344320222388436,0.33763679046125117,1.3321347679096667,1,estimated,0,raw_instance,two_sided_Student_t_95_df_n_minus_1,unadjusted_exploratory
primary_selected_active_aux,original_e4,cubic_spin_glass,selective,equal_2q_budget_256,all_scheduled,independence,statevector_norm,2,1.0,2.3551386880256624e-16,0.9999999999999979,1.0000000000000022,1,estimated,0,raw_instance,two_sided_Student_t_95_df_n_minus_1,unadjusted_exploratory
primary_selected_active_aux,original_e4,cubic_spin_glass,selective,equal_2q_budget_256,all_scheduled,original_only,original_objective_mean,2,-0.8102125822387798,0.16345905205269226,-2.2788338970261774,0.6584087325486176,1,estimated,0,raw_instance,two_sided_Student_t_95_df_n_minus_1,unadjusted_exploratory
primary_selected_active_aux,original_e4,cubic_spin_glass,selective,equal_2q_budget_256,all_scheduled,original_only,encoded_energy_mean,2,35.17711959490506,5.826740404574164,-17.174065894241544,87.52830508405165,1,estimated,0,raw_instance,two_sided_Student_t_95_df_n_minus_1,unadjusted_exploratory
primary_selected_active_aux,original_e4,cubic_spin_glass,selective,equal_2q_budget_256,all_scheduled,original_only,optimum_hit_rate,2,0.06378582662109304,0.05294318988019044,-0.4118898619043714,0.5394615151465575,1,estimated,0,raw_instance,two_sided_Student_t_95_df_n_minus_1,unadjusted_exploratory
primary_selected_active_aux,original_e4,cubic_spin_glass,selective,equal_2q_budget_256,all_scheduled,original_only,auxiliary_inconsistency_rate,2,0.9033103042896655,0.053434674494184105,0.4232188017059593,1.3834018068733718,1,estimated,0,raw_instance,two_sided_Student_t_95_df_n_minus_1,unadjusted_exploratory
primary_selected_active_aux,original_e4,cubic_spin_glass,selective,equal_2q_budget_256,all_scheduled,original_only,statevector_norm,2,1.0000000000000009,1.5700924586837752e-16,0.9999999999999994,1.0000000000000022,1,estimated,0,raw_instance,two_sided_Student_t_95_df_n_minus_1,unadjusted_exploratory
primary_selected_active_aux,original_e4,cubic_spin_glass,selective,equal_2q_budget_256,all_scheduled,pair,original_objective_mean,2,-0.8426824418685814,0.2093783679095084,-2.7238724408670922,1.0385075571299294,1,estimated,0,raw_instance,two_sided_Student_t_95_df_n_minus_1,unadjusted_exploratory
primary_selected_active_aux,original_e4,cubic_spin_glass,selective,equal_2q_budget_256,all_scheduled,pair,encoded_energy_mean,2,37.58292369359863,2.4244196197889414,15.800377637580723,59.36546974961654,1,estimated,0,raw_instance,two_sided_Student_t_95_df_n_minus_1,unadjusted_exploratory
primary_selected_active_aux,original_e4,cubic_spin_glass,selective,equal_2q_budget_256,all_scheduled,pair,optimum_hit_rate,2,0.042513327591628174,0.02285933324715273,-0.1628696330153783,0.24789628819863466,1,estimated,0,raw_instance,two_sided_Student_t_95_df_n_minus_1,unadjusted_exploratory
primary_selected_active_aux,original_e4,cubic_spin_glass,selective,equal_2q_budget_256,all_scheduled,pair,auxiliary_inconsistency_rate,2,0.90415021788068,0.05224685730255001,0.43473082934509877,1.373569606416261,1,estimated,0,raw_instance,two_sided_Student_t_95_df_n_minus_1,unadjusted_exploratory
primary_selected_active_aux,original_e4,cubic_spin_glass,selective,equal_2q_budget_256,all_scheduled,pair,statevector_norm,2,1.0,1.2560739669470201e-15,0.9999999999999887,1.0000000000000113,1,estimated,0,raw_instance,two_sided_Student_t_95_df_n_minus_1,unadjusted_exploratory
primary_selected_active_aux,original_e4,cubic_spin_glass,selective,equal_2q_budget_256,positive_depth_only,cold,original_objective_mean,2,-0.8801145947275557,0.47426008871774195,-5.141172433355625,3.3809432439005134,1,estimated,0,raw_instance,two_sided_Student_t_95_df_n_minus_1,unadjusted_exploratory
primary_selected_active_aux,original_e4,cubic_spin_glass,selective,equal_2q_budget_256,positive_depth_only,cold,encoded_energy_mean,2,33.702814158797224,2.2070704318761605,13.873073078165714,53.53255523942873,1,estimated,0,raw_instance,two_sided_Student_t_95_df_n_minus_1,unadjusted_exploratory
primary_selected_active_aux,original_e4,cubic_spin_glass,selective,equal_2q_budget_256,positive_depth_only,cold,optimum_hit_rate,2,0.021693011997937446,0.01161814843564929,-0.08269191019932409,0.12607793419519897,1,estimated,0,raw_instance,two_sided_Student_t_95_df_n_minus_1,unadjusted_exploratory
primary_selected_active_aux,original_e4,cubic_spin_glass,selective,equal_2q_budget_256,positive_depth_only,cold,auxiliary_inconsistency_rate,2,0.8939246884353598,0.012206999483177595,0.7842491494825564,1.003600227388163,1,estimated,0,raw_instance,two_sided_Student_t_95_df_n_minus_1,unadjusted_exploratory
primary_selected_active_aux,original_e4,cubic_spin_glass,selective,equal_2q_budget_256,positive_depth_only,cold,statevector_norm,2,0.9999999999999993,3.925231146709438e-16,0.9999999999999958,1.0000000000000029,1,estimated,0,raw_instance,two_sided_Student_t_95_df_n_minus_1,unadjusted_exploratory
primary_selected_active_aux,original_e4,cubic_spin_glass,selective,equal_2q_budget_256,positive_depth_only,independence,original_objective_mean,2,-0.9548895319816717,0.06589110291645005,-1.5468976036224784,-0.362881460340865,1,estimated,0,raw_instance,two_sided_Student_t_95_df_n_minus_1,unadjusted_exploratory
primary_selected_active_aux,original_e4,cubic_spin_glass,selective,equal_2q_budget_256,positive_depth_only,independence,encoded_energy_mean,2,31.637236375777107,6.1253494552308405,-23.39684498897666,86.67131774053087,1,estimated,0,raw_instance,two_sided_Student_t_95_df_n_minus_1,unadjusted_exploratory
primary_selected_active_aux,original_e4,cubic_spin_glass,selective,equal_2q_budget_256,positive_depth_only,independence,optimum_hit_rate,2,0.04825760954372818,0.027068808483004535,-0.194945985514583,0.2914612046020394,1,estimated,0,raw_instance,two_sided_Student_t_95_df_n_minus_1,unadjusted_exploratory
primary_selected_active_aux,original_e4,cubic_spin_glass,selective,equal_2q_budget_256,positive_depth_only,independence,auxiliary_inconsistency_rate,2,0.8348857791854589,0.055344320222388436,0.33763679046125117,1.3321347679096667,1,estimated,0,raw_instance,two_sided_Student_t_95_df_n_minus_1,unadjusted_exploratory
primary_selected_active_aux,original_e4,cubic_spin_glass,selective,equal_2q_budget_256,positive_depth_only,independence,statevector_norm,2,1.0,2.3551386880256624e-16,0.9999999999999979,1.0000000000000022,1,estimated,0,raw_instance,two_sided_Student_t_95_df_n_minus_1,unadjusted_exploratory
primary_selected_active_aux,original_e4,cubic_spin_glass,selective,equal_2q_budget_256,positive_depth_only,original_only,original_objective_mean,2,-0.8102125822387798,0.16345905205269226,-2.2788338970261774,0.6584087325486176,1,estimated,0,raw_instance,two_sided_Student_t_95_df_n_minus_1,unadjusted_exploratory
primary_selected_active_aux,original_e4,cubic_spin_glass,selective,equal_2q_budget_256,positive_depth_only,original_only,encoded_energy_mean,2,35.17711959490506,5.826740404574164,-17.174065894241544,87.52830508405165,1,estimated,0,raw_instance,two_sided_Student_t_95_df_n_minus_1,unadjusted_exploratory
primary_selected_active_aux,original_e4,cubic_spin_glass,selective,equal_2q_budget_256,positive_depth_only,original_only,optimum_hit_rate,2,0.06378582662109304,0.05294318988019044,-0.4118898619043714,0.5394615151465575,1,estimated,0,raw_instance,two_sided_Student_t_95_df_n_minus_1,unadjusted_exploratory
primary_selected_active_aux,original_e4,cubic_spin_glass,selective,equal_2q_budget_256,positive_depth_only,original_only,auxiliary_inconsistency_rate,2,0.9033103042896655,0.053434674494184105,0.4232188017059593,1.3834018068733718,1,estimated,0,raw_instance,two_sided_Student_t_95_df_n_minus_1,unadjusted_exploratory
primary_selected_active_aux,original_e4,cubic_spin_glass,selective,equal_2q_budget_256,positive_depth_only,original_only,statevector_norm,2,1.0000000000000009,1.5700924586837752e-16,0.9999999999999994,1.0000000000000022,1,estimated,0,raw_instance,two_sided_Student_t_95_df_n_minus_1,unadjusted_exploratory
primary_selected_active_aux,original_e4,cubic_spin_glass,selective,equal_2q_budget_256,positive_depth_only,pair,original_objective_mean,2,-0.8426824418685814,0.2093783679095084,-2.7238724408670922,1.0385075571299294,1,estimated,0,raw_instance,two_sided_Student_t_95_df_n_minus_1,unadjusted_exploratory
primary_selected_active_aux,original_e4,cubic_spin_glass,selective,equal_2q_budget_256,positive_depth_only,pair,encoded_energy_mean,2,37.58292369359863,2.4244196197889414,15.800377637580723,59.36546974961654,1,estimated,0,raw_instance,two_sided_Student_t_95_df_n_minus_1,unadjusted_exploratory
primary_selected_active_aux,original_e4,cubic_spin_glass,selective,equal_2q_budget_256,positive_depth_only,pair,optimum_hit_rate,2,0.042513327591628174,0.02285933324715273,-0.1628696330153783,0.24789628819863466,1,estimated,0,raw_instance,two_sided_Student_t_95_df_n_minus_1,unadjusted_exploratory
primary_selected_active_aux,original_e4,cubic_spin_glass,selective,equal_2q_budget_256,positive_depth_only,pair,auxiliary_inconsistency_rate,2,0.90415021788068,0.05224685730255001,0.43473082934509877,1.373569606416261,1,estimated,0,raw_instance,two_sided_Student_t_95_df_n_minus_1,unadjusted_exploratory
primary_selected_active_aux,original_e4,cubic_spin_glass,selective,equal_2q_budget_256,positive_depth_only,pair,statevector_norm,2,1.0,1.2560739669470201e-15,0.9999999999999887,1.0000000000000113,1,estimated,0,raw_instance,two_sided_Student_t_95_df_n_minus_1,unadjusted_exploratory
primary_selected_active_aux,original_e4,cubic_spin_glass,selective,equal_layer_p1,all_scheduled,cold,original_objective_mean,2,-1.1068517126591146,0.019444728662593034,-1.2815556682707991,-0.9321477570474301,1,estimated,0,raw_instance,two_sided_Student_t_95_df_n_minus_1,unadjusted_exploratory
primary_selected_active_aux,original_e4,cubic_spin_glass,selective,equal_layer_p1,all_scheduled,cold,encoded_energy_mean,2,31.51172427790671,1.3287299494801095,19.573559331410983,43.44988922440243,1,estimated,0,raw_instance,two_sided_Student_t_95_df_n_minus_1,unadjusted_exploratory
primary_selected_active_aux,original_e4,cubic_spin_glass,selective,equal_layer_p1,all_scheduled,cold,optimum_hit_rate,2,0.02769292573485828,0.012843937826792287,-0.08770527718724533,0.14309112865696189,1,estimated,0,raw_instance,two_sided_Student_t_95_df_n_minus_1,unadjusted_exploratory
primary_selected_active_aux,original_e4,cubic_spin_glass,selective,equal_layer_p1,all_scheduled,cold,auxiliary_inconsistency_rate,2,0.8990754378253043,0.005623328026730195,0.8485518400411013,0.9495990356095073,1,estimated,0,raw_instance,two_sided_Student_t_95_df_n_minus_1,unadjusted_exploratory
primary_selected_active_aux,original_e4,cubic_spin_glass,selective,equal_layer_p1,all_scheduled,cold,statevector_norm,2,1.0000000000000002,0.0,1.0000000000000002,1.0000000000000002,1,estimated,0,raw_instance,two_sided_Student_t_95_df_n_minus_1,unadjusted_exploratory
primary_selected_active_aux,original_e4,cubic_spin_glass,selective,equal_layer_p1,all_scheduled,independence,original_objective_mean,2,-1.4231857735819209,0.4966489702932706,-5.885399732248377,3.039028185084535,1,estimated,0,raw_instance,two_sided_Student_t_95_df_n_minus_1,unadjusted_exploratory
primary_selected_active_aux,original_e4,cubic_spin_glass,selective,equal_layer_p1,all_scheduled,independence,encoded_energy_mean,2,30.03454352051875,2.1183711773309053,11.0017336235388,49.067353417498694,1,estimated,0,raw_instance,two_sided_Student_t_95_df_n_minus_1,unadjusted_exploratory
primary_selected_active_aux,original_e4,cubic_spin_glass,selective,equal_layer_p1,all_scheduled,independence,optimum_hit_rate,2,0.08034254034974803,0.07518575019692675,-0.5951746238626865,0.7558597045621824,1,estimated,0,raw_instance,two_sided_Student_t_95_df_n_minus_1,unadjusted_exploratory
primary_selected_active_aux,original_e4,cubic_spin_glass,selective,equal_layer_p1,all_scheduled,independence,auxiliary_inconsistency_rate,2,0.8786534057730173,0.0998163642300806,-0.018161045503890527,1.7754678570499252,1,estimated,0,raw_instance,two_sided_Student_t_95_df_n_minus_1,unadjusted_exploratory
primary_selected_active_aux,original_e4,cubic_spin_glass,selective,equal_layer_p1,all_scheduled,independence,statevector_norm,2,1.0000000000000002,8.635508522760763e-16,0.9999999999999925,1.000000000000008,1,estimated,0,raw_instance,two_sided_Student_t_95_df_n_minus_1,unadjusted_exploratory
primary_selected_active_aux,original_e4,cubic_spin_glass,selective,equal_layer_p1,all_scheduled,original_only,original_objective_mean,2,-1.1446861550360379,0.9379862824394626,-9.572158540748418,7.282786230676344,1,estimated,0,raw_instance,two_sided_Student_t_95_df_n_minus_1,unadjusted_exploratory
primary_selected_active_aux,original_e4,cubic_spin_glass,selective,equal_layer_p1,all_scheduled,original_only,encoded_energy_mean,2,30.16784940066899,1.906482212775658,13.03878631860239,47.29691248273559,1,estimated,0,raw_instance,two_sided_Student_t_95_df_n_minus_1,unadjusted_exploratory
primary_selected_active_aux,original_e4,cubic_spin_glass,selective,equal_layer_p1,all_scheduled,original_only,optimum_hit_rate,2,0.0791549099485345,0.0843123040374381,-0.6783610871973558,0.8366709070944247,1,estimated,0,raw_instance,two_sided_Student_t_95_df_n_minus_1,unadjusted_exploratory
primary_selected_active_aux,original_e4,cubic_spin_glass,selective,equal_layer_p1,all_scheduled,original_only,auxiliary_inconsistency_rate,2,0.9120019144523936,0.05590816143995307,0.40968701337966595,1.4143168155251213,1,estimated,0,raw_instance,two_sided_Student_t_95_df_n_minus_1,unadjusted_exploratory
primary_selected_active_aux,original_e4,cubic_spin_glass,selective,equal_layer_p1,all_scheduled,original_only,statevector_norm,2,1.0000000000000004,3.1401849173675503e-16,0.9999999999999977,1.0000000000000033,1,estimated,0,raw_instance,two_sided_Student_t_95_df_n_minus_1,unadjusted_exploratory
primary_selected_active_aux,original_e4,cubic_spin_glass,selective,equal_layer_p1,all_scheduled,pair,original_objective_mean,2,-1.1105249751703488,0.8896750785667382,-9.103938415479995,6.882888465139297,1,estimated,0,raw_instance,two_sided_Student_t_95_df_n_minus_1,unadjusted_exploratory
primary_selected_active_aux,original_e4,cubic_spin_glass,selective,equal_layer_p1,all_scheduled,pair,encoded_energy_mean,2,29.886770881317215,1.5089771586166294,16.329149013075106,43.44439274955933,1,estimated,0,raw_instance,two_sided_Student_t_95_df_n_minus_1,unadjusted_exploratory
primary_selected_active_aux,original_e4,cubic_spin_glass,selective,equal_layer_p1,all_scheduled,pair,optimum_hit_rate,2,0.0710131546681443,0.07279812329838753,-0.5830520329732767,0.7250783423095652,1,estimated,0,raw_instance,two_sided_Student_t_95_df_n_minus_1,unadjusted_exploratory
primary_selected_active_aux,original_e4,cubic_spin_glass,selective,equal_layer_p1,all_scheduled,pair,auxiliary_inconsistency_rate,2,0.903322375984609,0.04363344042367289,0.5112914676990582,1.2953532842701598,1,estimated,0,raw_instance,two_sided_Student_t_95_df_n_minus_1,unadjusted_exploratory
primary_selected_active_aux,original_e4,cubic_spin_glass,selective,equal_layer_p1,all_scheduled,pair,statevector_norm,2,1.0000000000000002,7.065416064076988e-16,0.9999999999999939,1.0000000000000067,1,estimated,0,raw_instance,two_sided_Student_t_95_df_n_minus_1,unadjusted_exploratory
primary_selected_active_aux,original_e4,cubic_spin_glass,selective,equal_layer_p1,positive_depth_only,cold,original_objective_mean,2,-1.1068517126591146,0.019444728662593034,-1.2815556682707991,-0.9321477570474301,1,estimated,0,raw_instance,two_sided_Student_t_95_df_n_minus_1,unadjusted_exploratory
primary_selected_active_aux,original_e4,cubic_spin_glass,selective,equal_layer_p1,positive_depth_only,cold,encoded_energy_mean,2,31.51172427790671,1.3287299494801095,19.573559331410983,43.44988922440243,1,estimated,0,raw_instance,two_sided_Student_t_95_df_n_minus_1,unadjusted_exploratory
primary_selected_active_aux,original_e4,cubic_spin_glass,selective,equal_layer_p1,positive_depth_only,cold,optimum_hit_rate,2,0.02769292573485828,0.012843937826792287,-0.08770527718724533,0.14309112865696189,1,estimated,0,raw_instance,two_sided_Student_t_95_df_n_minus_1,unadjusted_exploratory
primary_selected_active_aux,original_e4,cubic_spin_glass,selective,equal_layer_p1,positive_depth_only,cold,auxiliary_inconsistency_rate,2,0.8990754378253043,0.005623328026730195,0.8485518400411013,0.9495990356095073,1,estimated,0,raw_instance,two_sided_Student_t_95_df_n_minus_1,unadjusted_exploratory
primary_selected_active_aux,original_e4,cubic_spin_glass,selective,equal_layer_p1,positive_depth_only,cold,statevector_norm,2,1.0000000000000002,0.0,1.0000000000000002,1.0000000000000002,1,estimated,0,raw_instance,two_sided_Student_t_95_df_n_minus_1,unadjusted_exploratory
primary_selected_active_aux,original_e4,cubic_spin_glass,selective,equal_layer_p1,positive_depth_only,independence,original_objective_mean,2,-1.4231857735819209,0.4966489702932706,-5.885399732248377,3.039028185084535,1,estimated,0,raw_instance,two_sided_Student_t_95_df_n_minus_1,unadjusted_exploratory
primary_selected_active_aux,original_e4,cubic_spin_glass,selective,equal_layer_p1,positive_depth_only,independence,encoded_energy_mean,2,30.03454352051875,2.1183711773309053,11.0017336235388,49.067353417498694,1,estimated,0,raw_instance,two_sided_Student_t_95_df_n_minus_1,unadjusted_exploratory
primary_selected_active_aux,original_e4,cubic_spin_glass,selective,equal_layer_p1,positive_depth_only,independence,optimum_hit_rate,2,0.08034254034974803,0.07518575019692675,-0.5951746238626865,0.7558597045621824,1,estimated,0,raw_instance,two_sided_Student_t_95_df_n_minus_1,unadjusted_exploratory
primary_selected_active_aux,original_e4,cubic_spin_glass,selective,equal_layer_p1,positive_depth_only,independence,auxiliary_inconsistency_rate,2,0.8786534057730173,0.0998163642300806,-0.018161045503890527,1.7754678570499252,1,estimated,0,raw_instance,two_sided_Student_t_95_df_n_minus_1,unadjusted_exploratory
primary_selected_active_aux,original_e4,cubic_spin_glass,selective,equal_layer_p1,positive_depth_only,independence,statevector_norm,2,1.0000000000000002,8.635508522760763e-16,0.9999999999999925,1.000000000000008,1,estimated,0,raw_instance,two_sided_Student_t_95_df_n_minus_1,unadjusted_exploratory
primary_selected_active_aux,original_e4,cubic_spin_glass,selective,equal_layer_p1,positive_depth_only,original_only,original_objective_mean,2,-1.1446861550360379,0.9379862824394626,-9.572158540748418,7.282786230676344,1,estimated,0,raw_instance,two_sided_Student_t_95_df_n_minus_1,unadjusted_exploratory
primary_selected_active_aux,original_e4,cubic_spin_glass,selective,equal_layer_p1,positive_depth_only,original_only,encoded_energy_mean,2,30.16784940066899,1.906482212775658,13.03878631860239,47.29691248273559,1,estimated,0,raw_instance,two_sided_Student_t_95_df_n_minus_1,unadjusted_exploratory
primary_selected_active_aux,original_e4,cubic_spin_glass,selective,equal_layer_p1,positive_depth_only,original_only,optimum_hit_rate,2,0.0791549099485345,0.0843123040374381,-0.6783610871973558,0.8366709070944247,1,estimated,0,raw_instance,two_sided_Student_t_95_df_n_minus_1,unadjusted_exploratory
primary_selected_active_aux,original_e4,cubic_spin_glass,selective,equal_layer_p1,positive_depth_only,original_only,auxiliary_inconsistency_rate,2,0.9120019144523936,0.05590816143995307,0.40968701337966595,1.4143168155251213,1,estimated,0,raw_instance,two_sided_Student_t_95_df_n_minus_1,unadjusted_exploratory
primary_selected_active_aux,original_e4,cubic_spin_glass,selective,equal_layer_p1,positive_depth_only,original_only,statevector_norm,2,1.0000000000000004,3.1401849173675503e-16,0.9999999999999977,1.0000000000000033,1,estimated,0,raw_instance,two_sided_Student_t_95_df_n_minus_1,unadjusted_exploratory
primary_selected_active_aux,original_e4,cubic_spin_glass,selective,equal_layer_p1,positive_depth_only,pair,original_objective_mean,2,-1.1105249751703488,0.8896750785667382,-9.103938415479995,6.882888465139297,1,estimated,0,raw_instance,two_sided_Student_t_95_df_n_minus_1,unadjusted_exploratory
primary_selected_active_aux,original_e4,cubic_spin_glass,selective,equal_layer_p1,positive_depth_only,pair,encoded_energy_mean,2,29.886770881317215,1.5089771586166294,16.329149013075106,43.44439274955933,1,estimated,0,raw_instance,two_sided_Student_t_95_df_n_minus_1,unadjusted_exploratory
primary_selected_active_aux,original_e4,cubic_spin_glass,selective,equal_layer_p1,positive_depth_only,pair,optimum_hit_rate,2,0.0710131546681443,0.07279812329838753,-0.5830520329732767,0.7250783423095652,1,estimated,0,raw_instance,two_sided_Student_t_95_df_n_minus_1,unadjusted_exploratory
primary_selected_active_aux,original_e4,cubic_spin_glass,selective,equal_layer_p1,positive_depth_only,pair,auxiliary_inconsistency_rate,2,0.903322375984609,0.04363344042367289,0.5112914676990582,1.2953532842701598,1,estimated,0,raw_instance,two_sided_Student_t_95_df_n_minus_1,unadjusted_exploratory
primary_selected_active_aux,original_e4,cubic_spin_glass,selective,equal_layer_p1,positive_depth_only,pair,statevector_norm,2,1.0000000000000002,7.065416064076988e-16,0.9999999999999939,1.0000000000000067,1,estimated,0,raw_instance,two_sided_Student_t_95_df_n_minus_1,unadjusted_exploratory
primary_selected_active_aux,original_e4,cubic_spin_glass,selective,equal_layer_p2,all_scheduled,cold,original_objective_mean,2,-1.2141046828047928,0.7186966903299778,-7.671338253115215,5.2431288875056286,1,estimated,0,raw_instance,two_sided_Student_t_95_df_n_minus_1,unadjusted_exploratory
primary_selected_active_aux,original_e4,cubic_spin_glass,selective,equal_layer_p2,all_scheduled,cold,encoded_energy_mean,2,27.9099042756417,1.1602747161804756,17.485249551458878,38.33455899982452,1,estimated,0,raw_instance,two_sided_Student_t_95_df_n_minus_1,unadjusted_exploratory
primary_selected_active_aux,original_e4,cubic_spin_glass,selective,equal_layer_p2,all_scheduled,cold,optimum_hit_rate,2,0.04176184872588805,0.03479304191574225,-0.2708412302842524,0.3543649277360285,1,estimated,0,raw_instance,two_sided_Student_t_95_df_n_minus_1,unadjusted_exploratory
primary_selected_active_aux,original_e4,cubic_spin_glass,selective,equal_layer_p2,all_scheduled,cold,auxiliary_inconsistency_rate,2,0.8800143268445965,0.04364359340889791,0.4878921976060123,1.2721364560831807,1,estimated,0,raw_instance,two_sided_Student_t_95_df_n_minus_1,unadjusted_exploratory
primary_selected_active_aux,original_e4,cubic_spin_glass,selective,equal_layer_p2,all_scheduled,cold,statevector_norm,2,0.9999999999999998,5.495323605393213e-16,0.9999999999999949,1.0000000000000047,1,estimated,0,raw_instance,two_sided_Student_t_95_df_n_minus_1,unadjusted_exploratory
primary_selected_active_aux,original_e4,cubic_spin_glass,selective,equal_layer_p2,all_scheduled,independence,original_objective_mean,2,-1.266360463572334,0.4125491794028239,-4.972967779964501,2.4402468528198327,1,estimated,0,raw_instance,two_sided_Student_t_95_df_n_minus_1,unadjusted_exploratory
primary_selected_active_aux,original_e4,cubic_spin_glass,selective,equal_layer_p2,all_scheduled,independence,encoded_energy_mean,2,32.26856709062502,6.03123755067571,-21.919952359574467,86.4570865408245,1,estimated,0,raw_instance,two_sided_Student_t_95_df_n_minus_1,unadjusted_exploratory
primary_selected_active_aux,original_e4,cubic_spin_glass,selective,equal_layer_p2,all_scheduled,independence,optimum_hit_rate,2,0.05320263457505301,0.04573496209780028,-0.35770969682750114,0.4641149659776072,1,estimated,0,raw_instance,two_sided_Student_t_95_df_n_minus_1,unadjusted_exploratory
primary_selected_active_aux,original_e4,cubic_spin_glass,selective,equal_layer_p2,all_scheduled,independence,auxiliary_inconsistency_rate,2,0.9011414384615419,0.035818851615386525,0.5793218249683336,1.2229610519547502,1,estimated,0,raw_instance,two_sided_Student_t_95_df_n_minus_1,unadjusted_exploratory
primary_selected_active_aux,original_e4,cubic_spin_glass,selective,equal_layer_p2,all_scheduled,independence,statevector_norm,2,1.0000000000000004,7.850462293418876e-16,0.9999999999999933,1.0000000000000075,1,estimated,0,raw_instance,two_sided_Student_t_95_df_n_minus_1,unadjusted_exploratory
primary_selected_active_aux,original_e4,cubic_spin_glass,selective,equal_layer_p2,all_scheduled,original_only,original_objective_mean,2,-0.8858016890780418,0.14286326060475646,-2.169377159444391,0.39777378128830754,1,estimated,0,raw_instance,two_sided_Student_t_95_df_n_minus_1,unadjusted_exploratory
primary_selected_active_aux,original_e4,cubic_spin_glass,selective,equal_layer_p2,all_scheduled,original_only,encoded_energy_mean,2,31.18377221284136,1.5965525773053997,16.83931642550679,45.52822800017593,1,estimated,0,raw_instance,two_sided_Student_t_95_df_n_minus_1,unadjusted_exploratory
primary_selected_active_aux,original_e4,cubic_spin_glass,selective,equal_layer_p2,all_scheduled,original_only,optimum_hit_rate,2,0.030740492791849566,0.010661078650370697,-0.06504549854934633,0.12652648413304546,1,estimated,0,raw_instance,two_sided_Student_t_95_df_n_minus_1,unadjusted_exploratory
primary_selected_active_aux,original_e4,cubic_spin_glass,selective,equal_layer_p2,all_scheduled,original_only,auxiliary_inconsistency_rate,2,0.8989653007516025,0.001522431900508696,0.8852867928236439,0.9126438086795612,1,estimated,0,raw_instance,two_sided_Student_t_95_df_n_minus_1,unadjusted_exploratory
primary_selected_active_aux,original_e4,cubic_spin_glass,selective,equal_layer_p2,all_scheduled,original_only,statevector_norm,2,1.000000000000001,1.962615573354719e-15,0.9999999999999835,1.0000000000000187,1,estimated,0,raw_instance,two_sided_Student_t_95_df_n_minus_1,unadjusted_exploratory
primary_selected_active_aux,original_e4,cubic_spin_glass,selective,equal_layer_p2,all_scheduled,pair,original_objective_mean,2,-1.3056107359842772,0.7365629083464775,-7.923365906439619,5.312144434471065,1,estimated,0,raw_instance,two_sided_Student_t_95_df_n_minus_1,unadjusted_exploratory
primary_selected_active_aux,original_e4,cubic_spin_glass,selective,equal_layer_p2,all_scheduled,pair,encoded_energy_mean,2,32.355189535989474,0.060081688289445344,31.815376983902436,32.89500208807651,1,estimated,0,raw_instance,two_sided_Student_t_95_df_n_minus_1,unadjusted_exploratory
primary_selected_active_aux,original_e4,cubic_spin_glass,selective,equal_layer_p2,all_scheduled,pair,optimum_hit_rate,2,0.05264667651031018,0.04164110076485437,-0.32148377014590285,0.4267771231665232,1,estimated,0,raw_instance,two_sided_Student_t_95_df_n_minus_1,unadjusted_exploratory
primary_selected_active_aux,original_e4,cubic_spin_glass,selective,equal_layer_p2,all_scheduled,pair,auxiliary_inconsistency_rate,2,0.8942907797209791,0.008133202939614694,0.8212168505343641,0.9673647089075942,1,estimated,0,raw_instance,two_sided_Student_t_95_df_n_minus_1,unadjusted_exploratory
primary_selected_active_aux,original_e4,cubic_spin_glass,selective,equal_layer_p2,all_scheduled,pair,statevector_norm,2,1.0000000000000013,1.7271017045521525e-15,0.9999999999999858,1.0000000000000169,1,estimated,0,raw_instance,two_sided_Student_t_95_df_n_minus_1,unadjusted_exploratory
primary_selected_active_aux,original_e4,cubic_spin_glass,selective,equal_layer_p2,positive_depth_only,cold,original_objective_mean,2,-1.2141046828047928,0.7186966903299778,-7.671338253115215,5.2431288875056286,1,estimated,0,raw_instance,two_sided_Student_t_95_df_n_minus_1,unadjusted_exploratory
primary_selected_active_aux,original_e4,cubic_spin_glass,selective,equal_layer_p2,positive_depth_only,cold,encoded_energy_mean,2,27.9099042756417,1.1602747161804756,17.485249551458878,38.33455899982452,1,estimated,0,raw_instance,two_sided_Student_t_95_df_n_minus_1,unadjusted_exploratory
primary_selected_active_aux,original_e4,cubic_spin_glass,selective,equal_layer_p2,positive_depth_only,cold,optimum_hit_rate,2,0.04176184872588805,0.03479304191574225,-0.2708412302842524,0.3543649277360285,1,estimated,0,raw_instance,two_sided_Student_t_95_df_n_minus_1,unadjusted_exploratory
primary_selected_active_aux,original_e4,cubic_spin_glass,selective,equal_layer_p2,positive_depth_only,cold,auxiliary_inconsistency_rate,2,0.8800143268445965,0.04364359340889791,0.4878921976060123,1.2721364560831807,1,estimated,0,raw_instance,two_sided_Student_t_95_df_n_minus_1,unadjusted_exploratory
primary_selected_active_aux,original_e4,cubic_spin_glass,selective,equal_layer_p2,positive_depth_only,cold,statevector_norm,2,0.9999999999999998,5.495323605393213e-16,0.9999999999999949,1.0000000000000047,1,estimated,0,raw_instance,two_sided_Student_t_95_df_n_minus_1,unadjusted_exploratory
primary_selected_active_aux,original_e4,cubic_spin_glass,selective,equal_layer_p2,positive_depth_only,independence,original_objective_mean,2,-1.266360463572334,0.4125491794028239,-4.972967779964501,2.4402468528198327,1,estimated,0,raw_instance,two_sided_Student_t_95_df_n_minus_1,unadjusted_exploratory
primary_selected_active_aux,original_e4,cubic_spin_glass,selective,equal_layer_p2,positive_depth_only,independence,encoded_energy_mean,2,32.26856709062502,6.03123755067571,-21.919952359574467,86.4570865408245,1,estimated,0,raw_instance,two_sided_Student_t_95_df_n_minus_1,unadjusted_exploratory
primary_selected_active_aux,original_e4,cubic_spin_glass,selective,equal_layer_p2,positive_depth_only,independence,optimum_hit_rate,2,0.05320263457505301,0.04573496209780028,-0.35770969682750114,0.4641149659776072,1,estimated,0,raw_instance,two_sided_Student_t_95_df_n_minus_1,unadjusted_exploratory
primary_selected_active_aux,original_e4,cubic_spin_glass,selective,equal_layer_p2,positive_depth_only,independence,auxiliary_inconsistency_rate,2,0.9011414384615419,0.035818851615386525,0.5793218249683336,1.2229610519547502,1,estimated,0,raw_instance,two_sided_Student_t_95_df_n_minus_1,unadjusted_exploratory
primary_selected_active_aux,original_e4,cubic_spin_glass,selective,equal_layer_p2,positive_depth_only,independence,statevector_norm,2,1.0000000000000004,7.850462293418876e-16,0.9999999999999933,1.0000000000000075,1,estimated,0,raw_instance,two_sided_Student_t_95_df_n_minus_1,unadjusted_exploratory
primary_selected_active_aux,original_e4,cubic_spin_glass,selective,equal_layer_p2,positive_depth_only,original_only,original_objective_mean,2,-0.8858016890780418,0.14286326060475646,-2.169377159444391,0.39777378128830754,1,estimated,0,raw_instance,two_sided_Student_t_95_df_n_minus_1,unadjusted_exploratory
primary_selected_active_aux,original_e4,cubic_spin_glass,selective,equal_layer_p2,positive_depth_only,original_only,encoded_energy_mean,2,31.18377221284136,1.5965525773053997,16.83931642550679,45.52822800017593,1,estimated,0,raw_instance,two_sided_Student_t_95_df_n_minus_1,unadjusted_exploratory
primary_selected_active_aux,original_e4,cubic_spin_glass,selective,equal_layer_p2,positive_depth_only,original_only,optimum_hit_rate,2,0.030740492791849566,0.010661078650370697,-0.06504549854934633,0.12652648413304546,1,estimated,0,raw_instance,two_sided_Student_t_95_df_n_minus_1,unadjusted_exploratory
primary_selected_active_aux,original_e4,cubic_spin_glass,selective,equal_layer_p2,positive_depth_only,original_only,auxiliary_inconsistency_rate,2,0.8989653007516025,0.001522431900508696,0.8852867928236439,0.9126438086795612,1,estimated,0,raw_instance,two_sided_Student_t_95_df_n_minus_1,unadjusted_exploratory
primary_selected_active_aux,original_e4,cubic_spin_glass,selective,equal_layer_p2,positive_depth_only,original_only,statevector_norm,2,1.000000000000001,1.962615573354719e-15,0.9999999999999835,1.0000000000000187,1,estimated,0,raw_instance,two_sided_Student_t_95_df_n_minus_1,unadjusted_exploratory
primary_selected_active_aux,original_e4,cubic_spin_glass,selective,equal_layer_p2,positive_depth_only,pair,original_objective_mean,2,-1.3056107359842772,0.7365629083464775,-7.923365906439619,5.312144434471065,1,estimated,0,raw_instance,two_sided_Student_t_95_df_n_minus_1,unadjusted_exploratory
primary_selected_active_aux,original_e4,cubic_spin_glass,selective,equal_layer_p2,positive_depth_only,pair,encoded_energy_mean,2,32.355189535989474,0.060081688289445344,31.815376983902436,32.89500208807651,1,estimated,0,raw_instance,two_sided_Student_t_95_df_n_minus_1,unadjusted_exploratory
primary_selected_active_aux,original_e4,cubic_spin_glass,selective,equal_layer_p2,positive_depth_only,pair,optimum_hit_rate,2,0.05264667651031018,0.04164110076485437,-0.32148377014590285,0.4267771231665232,1,estimated,0,raw_instance,two_sided_Student_t_95_df_n_minus_1,unadjusted_exploratory
primary_selected_active_aux,original_e4,cubic_spin_glass,selective,equal_layer_p2,positive_depth_only,pair,auxiliary_inconsistency_rate,2,0.8942907797209791,0.008133202939614694,0.8212168505343641,0.9673647089075942,1,estimated,0,raw_instance,two_sided_Student_t_95_df_n_minus_1,unadjusted_exploratory
primary_selected_active_aux,original_e4,cubic_spin_glass,selective,equal_layer_p2,positive_depth_only,pair,statevector_norm,2,1.0000000000000013,1.7271017045521525e-15,0.9999999999999858,1.0000000000000169,1,estimated,0,raw_instance,two_sided_Student_t_95_df_n_minus_1,unadjusted_exploratory
primary_selected_active_aux,original_e4,max3sat,selective,equal_2q_budget_128,all_scheduled,cold,original_objective_mean,7,9.883679534037052,4.838486311650794,5.408826040411759,14.358533027662345,6,estimated,2,raw_instance,two_sided_Student_t_95_df_n_minus_1,unadjusted_exploratory
primary_selected_active_aux,original_e4,max3sat,selective,equal_2q_budget_128,all_scheduled,cold,encoded_energy_mean,7,27.329226988780594,15.630670807048151,12.873267549523135,41.78518642803805,6,estimated,2,raw_instance,two_sided_Student_t_95_df_n_minus_1,unadjusted_exploratory
primary_selected_active_aux,original_e4,max3sat,selective,equal_2q_budget_128,all_scheduled,cold,optimum_hit_rate,7,0.07834113215240683,0.06846781455167583,0.015018964967661114,0.14166329933715255,6,estimated,2,raw_instance,two_sided_Student_t_95_df_n_minus_1,unadjusted_exploratory
primary_selected_active_aux,original_e4,max3sat,selective,equal_2q_budget_128,all_scheduled,cold,auxiliary_inconsistency_rate,7,0.7634261349953715,0.1952343126022716,0.5828645110593647,0.9439877589313783,6,estimated,2,raw_instance,two_sided_Student_t_95_df_n_minus_1,unadjusted_exploratory
primary_selected_active_aux,original_e4,max3sat,selective,equal_2q_budget_128,all_scheduled,cold,statevector_norm,7,0.9999999999999999,3.3831237823414244e-16,0.9999999999999996,1.0000000000000002,6,estimated,2,raw_instance,two_sided_Student_t_95_df_n_minus_1,unadjusted_exploratory
primary_selected_active_aux,original_e4,max3sat,selective,equal_2q_budget_128,all_scheduled,independence,original_objective_mean,7,9.075466456358672,4.877655760346339,4.564387264643343,13.586545648074,6,estimated,2,raw_instance,two_sided_Student_t_95_df_n_minus_1,unadjusted_exploratory
primary_selected_active_aux,original_e4,max3sat,selective,equal_2q_budget_128,all_scheduled,independence,encoded_energy_mean,7,21.338136412153833,11.870416190696968,10.359832467422066,32.3164403568856,6,estimated,2,raw_instance,two_sided_Student_t_95_df_n_minus_1,unadjusted_exploratory
primary_selected_active_aux,original_e4,max3sat,selective,equal_2q_budget_128,all_scheduled,independence,optimum_hit_rate,7,0.09811894650083415,0.06918799922300063,0.03413071958480986,0.16210717341685843,6,estimated,2,raw_instance,two_sided_Student_t_95_df_n_minus_1,unadjusted_exploratory
primary_selected_active_aux,original_e4,max3sat,selective,equal_2q_budget_128,all_scheduled,independence,auxiliary_inconsistency_rate,7,0.6516265406796399,0.19582185750188696,0.47052152834127775,0.832731553018002,6,estimated,2,raw_instance,two_sided_Student_t_95_df_n_minus_1,unadjusted_exploratory
primary_selected_active_aux,original_e4,max3sat,selective,equal_2q_budget_128,all_scheduled,independence,statevector_norm,7,0.9999999999999999,4.238003350123377e-16,0.9999999999999994,1.0000000000000002,6,estimated,2,raw_instance,two_sided_Student_t_95_df_n_minus_1,unadjusted_exploratory
primary_selected_active_aux,original_e4,max3sat,selective,equal_2q_budget_128,all_scheduled,original_only,original_objective_mean,7,9.236692953860842,4.66549702247064,4.921827868838376,13.551558038883309,6,estimated,2,raw_instance,two_sided_Student_t_95_df_n_minus_1,unadjusted_exploratory
primary_selected_active_aux,original_e4,max3sat,selective,equal_2q_budget_128,all_scheduled,original_only,encoded_energy_mean,7,26.66603161556367,14.920981976952769,12.866424873448734,40.46563835767861,6,estimated,2,raw_instance,two_sided_Student_t_95_df_n_minus_1,unadjusted_exploratory
primary_selected_active_aux,original_e4,max3sat,selective,equal_2q_budget_128,all_scheduled,original_only,optimum_hit_rate,7,0.0931876721943551,0.06762366085045197,0.030646216971113194,0.155729127417597,6,estimated,2,raw_instance,two_sided_Student_t_95_df_n_minus_1,unadjusted_exploratory
primary_selected_active_aux,original_e4,max3sat,selective,equal_2q_budget_128,all_scheduled,original_only,auxiliary_inconsistency_rate,7,0.7640033478738338,0.19525161496364576,0.5834257219224742,0.9445809738251935,6,estimated,2,raw_instance,two_sided_Student_t_95_df_n_minus_1,unadjusted_exploratory
primary_selected_active_aux,original_e4,max3sat,selective,equal_2q_budget_128,all_scheduled,original_only,statevector_norm,7,0.9999999999999999,4.075621083416765e-16,0.9999999999999996,1.0000000000000002,6,estimated,2,raw_instance,two_sided_Student_t_95_df_n_minus_1,unadjusted_exploratory
primary_selected_active_aux,original_e4,max3sat,selective,equal_2q_budget_128,all_scheduled,pair,original_objective_mean,7,9.206857905896285,4.650236330364429,4.906106607084639,13.507609204707933,6,estimated,2,raw_instance,two_sided_Student_t_95_df_n_minus_1,unadjusted_exploratory
primary_selected_active_aux,original_e4,max3sat,selective,equal_2q_budget_128,all_scheduled,pair,encoded_energy_mean,7,21.971205024453898,11.265106839585167,11.552718859515034,32.389691189392764,6,estimated,2,raw_instance,two_sided_Student_t_95_df_n_minus_1,unadjusted_exploratory
primary_selected_active_aux,original_e4,max3sat,selective,equal_2q_budget_128,all_scheduled,pair,optimum_hit_rate,7,0.09586098547192347,0.06657718138243883,0.03428736233537566,0.15743460860847128,6,estimated,2,raw_instance,two_sided_Student_t_95_df_n_minus_1,unadjusted_exploratory
primary_selected_active_aux,original_e4,max3sat,selective,equal_2q_budget_128,all_scheduled,pair,auxiliary_inconsistency_rate,7,0.6887011055408597,0.20147468448145478,0.5023681002044668,0.8750341108772527,6,estimated,2,raw_instance,two_sided_Student_t_95_df_n_minus_1,unadjusted_exploratory
primary_selected_active_aux,original_e4,max3sat,selective,equal_2q_budget_128,all_scheduled,pair,statevector_norm,7,1.0,3.5523832399141608e-16,0.9999999999999997,1.0000000000000002,6,estimated,2,raw_instance,two_sided_Student_t_95_df_n_minus_1,unadjusted_exploratory
primary_selected_active_aux,original_e4,max3sat,selective,equal_2q_budget_128,positive_depth_only,cold,original_objective_mean,5,8.33715134765187,4.952526720794284,2.1877772182994635,14.486525477004278,4,estimated,0,raw_instance,two_sided_Student_t_95_df_n_minus_1,unadjusted_exploratory
primary_selected_active_aux,original_e4,max3sat,selective,equal_2q_budget_128,positive_depth_only,cold,encoded_energy_mean,5,21.185917784292833,13.73130608396214,4.13624937152073,38.23558619706493,4,estimated,0,raw_instance,two_sided_Student_t_95_df_n_minus_1,unadjusted_exploratory
primary_selected_active_aux,original_e4,max3sat,selective,equal_2q_budget_128,positive_depth_only,cold,optimum_hit_rate,5,0.10030258501336957,0.06993681927018305,0.013464554376700022,0.18714061565003912,4,estimated,0,raw_instance,two_sided_Student_t_95_df_n_minus_1,unadjusted_exploratory
primary_selected_active_aux,original_e4,max3sat,selective,equal_2q_budget_128,positive_depth_only,cold,auxiliary_inconsistency_rate,5,0.6844215889935201,0.17202464796825812,0.4708247768076577,0.8980184011793826,4,estimated,0,raw_instance,two_sided_Student_t_95_df_n_minus_1,unadjusted_exploratory
primary_selected_active_aux,original_e4,max3sat,selective,equal_2q_budget_128,positive_depth_only,cold,statevector_norm,5,0.9999999999999998,3.925231146709438e-16,0.9999999999999993,1.0000000000000002,4,estimated,0,raw_instance,two_sided_Student_t_95_df_n_minus_1,unadjusted_exploratory
primary_selected_active_aux,original_e4,max3sat,selective,equal_2q_budget_128,positive_depth_only,independence,original_objective_mean,5,7.951949335198438,5.231290666912054,1.4564440499543814,14.447454620442494,4,estimated,0,raw_instance,two_sided_Student_t_95_df_n_minus_1,unadjusted_exploratory
primary_selected_active_aux,original_e4,max3sat,selective,equal_2q_budget_128,positive_depth_only,independence,encoded_energy_mean,5,17.83450208812648,12.519886500796142,2.289009758490611,33.37999441776235,4,estimated,0,raw_instance,two_sided_Student_t_95_df_n_minus_1,unadjusted_exploratory
primary_selected_active_aux,original_e4,max3sat,selective,equal_2q_budget_128,positive_depth_only,independence,optimum_hit_rate,5,0.10790407654149703,0.07125842028091775,0.01942506150980851,0.19638309157318556,4,estimated,0,raw_instance,two_sided_Student_t_95_df_n_minus_1,unadjusted_exploratory
primary_selected_active_aux,original_e4,max3sat,selective,equal_2q_budget_128,positive_depth_only,independence,auxiliary_inconsistency_rate,5,0.5689496292135438,0.16505285434892047,0.36400944216771963,0.7738898162593679,4,estimated,0,raw_instance,two_sided_Student_t_95_df_n_minus_1,unadjusted_exploratory
primary_selected_active_aux,original_e4,max3sat,selective,equal_2q_budget_128,positive_depth_only,independence,statevector_norm,5,1.0,4.800992561380036e-16,0.9999999999999994,1.0000000000000007,4,estimated,0,raw_instance,two_sided_Student_t_95_df_n_minus_1,unadjusted_exploratory
primary_selected_active_aux,original_e4,max3sat,selective,equal_2q_budget_128,positive_depth_only,original_only,original_objective_mean,5,8.177666431701473,4.994517387574761,1.976154003147176,14.37917886025577,4,estimated,0,raw_instance,two_sided_Student_t_95_df_n_minus_1,unadjusted_exploratory
primary_selected_active_aux,original_e4,max3sat,selective,equal_2q_budget_128,positive_depth_only,original_only,encoded_energy_mean,5,20.966703521048395,13.654061529197445,4.012946890984896,37.9204601511119,4,estimated,0,raw_instance,two_sided_Student_t_95_df_n_minus_1,unadjusted_exploratory
primary_selected_active_aux,original_e4,max3sat,selective,equal_2q_budget_128,positive_depth_only,original_only,optimum_hit_rate,5,0.10100029251242637,0.07006137810004298,0.014007601661061367,0.1879929833637914,4,estimated,0,raw_instance,two_sided_Student_t_95_df_n_minus_1,unadjusted_exploratory
primary_selected_active_aux,original_e4,max3sat,selective,equal_2q_budget_128,positive_depth_only,original_only,auxiliary_inconsistency_rate,5,0.6852296870233673,0.17251663492019004,0.47102199235170505,0.8994373816950295,4,estimated,0,raw_instance,two_sided_Student_t_95_df_n_minus_1,unadjusted_exploratory
primary_selected_active_aux,original_e4,max3sat,selective,equal_2q_budget_128,positive_depth_only,original_only,statevector_norm,5,0.9999999999999998,3.925231146709438e-16,0.9999999999999993,1.0000000000000002,4,estimated,0,raw_instance,two_sided_Student_t_95_df_n_minus_1,unadjusted_exploratory
primary_selected_active_aux,original_e4,max3sat,selective,equal_2q_budget_128,positive_depth_only,pair,original_objective_mean,5,8.135897364551097,4.961929832360456,1.9748477300958802,14.296946999006312,4,estimated,0,raw_instance,two_sided_Student_t_95_df_n_minus_1,unadjusted_exploratory
primary_selected_active_aux,original_e4,max3sat,selective,equal_2q_budget_128,positive_depth_only,pair,encoded_energy_mean,5,16.976724071272503,8.693916318184474,6.181801175586621,27.771646966958386,4,estimated,0,raw_instance,two_sided_Student_t_95_df_n_minus_1,unadjusted_exploratory
primary_selected_active_aux,original_e4,max3sat,selective,equal_2q_budget_128,positive_depth_only,pair,optimum_hit_rate,5,0.10474293110102209,0.06796938210606177,0.02034779635977005,0.18913806584227413,4,estimated,0,raw_instance,two_sided_Student_t_95_df_n_minus_1,unadjusted_exploratory
primary_selected_active_aux,original_e4,max3sat,selective,equal_2q_budget_128,positive_depth_only,pair,auxiliary_inconsistency_rate,5,0.599985585799526,0.159928855338485,0.40140768385179126,0.7985634877472607,4,estimated,0,raw_instance,two_sided_Student_t_95_df_n_minus_1,unadjusted_exploratory
primary_selected_active_aux,original_e4,max3sat,selective,equal_2q_budget_128,positive_depth_only,pair,statevector_norm,5,1.0000000000000002,1.5700924586837752e-16,1.0,1.0000000000000004,4,estimated,0,raw_instance,two_sided_Student_t_95_df_n_minus_1,unadjusted_exploratory
primary_selected_active_aux,original_e4,max3sat,selective,equal_2q_budget_128,zero_depth_only,cold,original_objective_mean,2,13.75,0.7071067811865476,7.396897631912653,20.10310236808735,1,estimated,2,raw_instance,two_sided_Student_t_95_df_n_minus_1,unadjusted_exploratory
primary_selected_active_aux,original_e4,max3sat,selective,equal_2q_budget_128,zero_depth_only,cold,encoded_energy_mean,2,42.6875,7.159456159513794,-21.637661476884375,107.01266147688438,1,estimated,2,raw_instance,two_sided_Student_t_95_df_n_minus_1,unadjusted_exploratory
primary_selected_active_aux,original_e4,max3sat,selective,equal_2q_budget_128,zero_depth_only,cold,optimum_hit_rate,2,0.0234375,0.011048543456039806,-0.0758297245013648,0.1227047245013648,1,estimated,2,raw_instance,two_sided_Student_t_95_df_n_minus_1,unadjusted_exploratory
primary_selected_active_aux,original_e4,max3sat,selective,equal_2q_budget_128,zero_depth_only,cold,auxiliary_inconsistency_rate,2,0.9609375,0.03314563036811941,0.6631358264959056,1.2587391735040945,1,estimated,2,raw_instance,two_sided_Student_t_95_df_n_minus_1,unadjusted_exploratory
primary_selected_active_aux,original_e4,max3sat,selective,equal_2q_budget_128,zero_depth_only,cold,statevector_norm,2,1.0,0.0,1.0,1.0,1,estimated,2,raw_instance,two_sided_Student_t_95_df_n_minus_1,unadjusted_exploratory
primary_selected_active_aux,original_e4,max3sat,selective,equal_2q_budget_128,zero_depth_only,independence,original_objective_mean,2,11.884259259259258,3.3456626406141297,-18.17532694530219,41.9438454638207,1,estimated,2,raw_instance,two_sided_Student_t_95_df_n_minus_1,unadjusted_exploratory
primary_selected_active_aux,original_e4,max3sat,selective,equal_2q_budget_128,zero_depth_only,independence,encoded_energy_mean,2,30.09722222222222,1.9052599381970827,12.97914084154246,47.21530360290198,1,estimated,2,raw_instance,two_sided_Student_t_95_df_n_minus_1,unadjusted_exploratory
primary_selected_active_aux,original_e4,max3sat,selective,equal_2q_budget_128,zero_depth_only,independence,optimum_hit_rate,2,0.07365612139917693,0.08206839892243556,-0.6636991881685737,0.8110114309669276,1,estimated,2,raw_instance,two_sided_Student_t_95_df_n_minus_1,unadjusted_exploratory
primary_selected_active_aux,original_e4,max3sat,selective,equal_2q_budget_128,zero_depth_only,independence,auxiliary_inconsistency_rate,2,0.8583188193448801,0.0385573050213576,0.5118951781697736,1.2047424605199866,1,estimated,2,raw_instance,two_sided_Student_t_95_df_n_minus_1,unadjusted_exploratory
primary_selected_active_aux,original_e4,max3sat,selective,equal_2q_budget_128,zero_depth_only,independence,statevector_norm,2,0.9999999999999998,3.1401849173675503e-16,0.999999999999997,1.0000000000000027,1,estimated,2,raw_instance,two_sided_Student_t_95_df_n_minus_1,unadjusted_exploratory
primary_selected_active_aux,original_e4,max3sat,selective,equal_2q_budget_128,zero_depth_only,original_only,original_objective_mean,2,11.884259259259267,3.3456626406141186,-18.17532694530208,41.94384546382061,1,estimated,2,raw_instance,two_sided_Student_t_95_df_n_minus_1,unadjusted_exploratory
primary_selected_active_aux,original_e4,max3sat,selective,equal_2q_budget_128,zero_depth_only,original_only,encoded_energy_mean,2,40.91435185185186,4.651846000305959,-0.8808262270932659,82.70952993079699,1,estimated,2,raw_instance,two_sided_Student_t_95_df_n_minus_1,unadjusted_exploratory
primary_selected_active_aux,original_e4,max3sat,selective,equal_2q_budget_128,zero_depth_only,original_only,optimum_hit_rate,2,0.07365612139917692,0.08206839892243553,-0.6636991881685734,0.8110114309669272,1,estimated,2,raw_instance,two_sided_Student_t_95_df_n_minus_1,unadjusted_exploratory
primary_selected_active_aux,original_e4,max3sat,selective,equal_2q_budget_128,zero_depth_only,original_only,auxiliary_inconsistency_rate,2,0.9609375000000007,0.03314563036812028,0.6631358264958985,1.258739173504103,1,estimated,2,raw_instance,two_sided_Student_t_95_df_n_minus_1,unadjusted_exploratory
primary_selected_active_aux,original_e4,max3sat,selective,equal_2q_budget_128,zero_depth_only,original_only,statevector_norm,2,1.0000000000000002,3.1401849173675503e-16,0.9999999999999974,1.000000000000003,1,estimated,2,raw_instance,two_sided_Student_t_95_df_n_minus_1,unadjusted_exploratory
primary_selected_active_aux,original_e4,max3sat,selective,equal_2q_budget_128,zero_depth_only,pair,original_objective_mean,2,11.884259259259252,3.3456626406141283,-18.17532694530218,41.943845463820686,1,estimated,2,raw_instance,two_sided_Student_t_95_df_n_minus_1,unadjusted_exploratory
primary_selected_active_aux,original_e4,max3sat,selective,equal_2q_budget_128,zero_depth_only,pair,encoded_energy_mean,2,34.457407407407395,4.748091089967424,-8.202498493860396,77.1173133086752,1,estimated,2,raw_instance,two_sided_Student_t_95_df_n_minus_1,unadjusted_exploratory
primary_selected_active_aux,original_e4,max3sat,selective,equal_2q_budget_128,zero_depth_only,pair,optimum_hit_rate,2,0.07365612139917695,0.08206839892243559,-0.6636991881685738,0.8110114309669277,1,estimated,2,raw_instance,two_sided_Student_t_95_df_n_minus_1,unadjusted_exploratory
primary_selected_active_aux,original_e4,max3sat,selective,equal_2q_budget_128,zero_depth_only,pair,auxiliary_inconsistency_rate,2,0.9104899048941939,0.059250110462651606,0.3781487831500908,1.4428310266382969,1,estimated,2,raw_instance,two_sided_Student_t_95_df_n_minus_1,unadjusted_exploratory
primary_selected_active_aux,original_e4,max3sat,selective,equal_2q_budget_128,zero_depth_only,pair,statevector_norm,2,0.9999999999999996,5.495323605393213e-16,0.9999999999999947,1.0000000000000044,1,estimated,2,raw_instance,two_sided_Student_t_95_df_n_minus_1,unadjusted_exploratory
primary_selected_active_aux,original_e4,max3sat,selective,equal_2q_budget_256,all_scheduled,cold,original_objective_mean,7,9.437088144904092,4.825987999003477,4.973793662591818,13.900382627216365,6,estimated,0,raw_instance,two_sided_Student_t_95_df_n_minus_1,unadjusted_exploratory
primary_selected_active_aux,original_e4,max3sat,selective,equal_2q_budget_256,all_scheduled,cold,encoded_energy_mean,7,26.17867193244232,16.46345195604842,10.952518388252546,41.4048254766321,6,estimated,0,raw_instance,two_sided_Student_t_95_df_n_minus_1,unadjusted_exploratory
primary_selected_active_aux,original_e4,max3sat,selective,equal_2q_budget_256,all_scheduled,cold,optimum_hit_rate,7,0.08826910948755938,0.06623219464149384,0.027014545871600647,0.1495236731035181,6,estimated,0,raw_instance,two_sided_Student_t_95_df_n_minus_1,unadjusted_exploratory
primary_selected_active_aux,original_e4,max3sat,selective,equal_2q_budget_256,all_scheduled,cold,auxiliary_inconsistency_rate,7,0.7378105192151387,0.18515682487656737,0.5665690169559767,0.9090520214743008,6,estimated,0,raw_instance,two_sided_Student_t_95_df_n_minus_1,unadjusted_exploratory
primary_selected_active_aux,original_e4,max3sat,selective,equal_2q_budget_256,all_scheduled,cold,statevector_norm,7,0.9999999999999999,4.075621083416765e-16,0.9999999999999996,1.0000000000000002,6,estimated,0,raw_instance,two_sided_Student_t_95_df_n_minus_1,unadjusted_exploratory
primary_selected_active_aux,original_e4,max3sat,selective,equal_2q_budget_256,all_scheduled,independence,original_objective_mean,7,8.980361047551549,4.86085412419277,4.484820777597634,13.475901317505464,6,estimated,0,raw_instance,two_sided_Student_t_95_df_n_minus_1,unadjusted_exploratory
primary_selected_active_aux,original_e4,max3sat,selective,equal_2q_budget_256,all_scheduled,independence,encoded_energy_mean,7,23.31152508443117,14.644872711820867,9.767276822244694,36.855773346617646,6,estimated,0,raw_instance,two_sided_Student_t_95_df_n_minus_1,unadjusted_exploratory
primary_selected_active_aux,original_e4,max3sat,selective,equal_2q_budget_256,all_scheduled,independence,optimum_hit_rate,7,0.10625493545584241,0.08214138415548385,0.03028682555868399,0.18222304535300082,6,estimated,0,raw_instance,two_sided_Student_t_95_df_n_minus_1,unadjusted_exploratory
primary_selected_active_aux,original_e4,max3sat,selective,equal_2q_budget_256,all_scheduled,independence,auxiliary_inconsistency_rate,7,0.7031102328177862,0.2061901328190047,0.5124161651349968,0.8938043005005756,6,estimated,0,raw_instance,two_sided_Student_t_95_df_n_minus_1,unadjusted_exploratory
primary_selected_active_aux,original_e4,max3sat,selective,equal_2q_budget_256,all_scheduled,independence,statevector_norm,7,1.0000000000000002,7.223562968503252e-16,0.9999999999999996,1.0000000000000009,6,estimated,0,raw_instance,two_sided_Student_t_95_df_n_minus_1,unadjusted_exploratory
primary_selected_active_aux,original_e4,max3sat,selective,equal_2q_budget_256,all_scheduled,original_only,original_objective_mean,7,8.855397727233148,4.59713821275314,4.603753996737993,13.107041457728304,6,estimated,0,raw_instance,two_sided_Student_t_95_df_n_minus_1,unadjusted_exploratory
primary_selected_active_aux,original_e4,max3sat,selective,equal_2q_budget_256,all_scheduled,original_only,encoded_energy_mean,7,25.506810796534868,15.577585264647732,11.099947295463595,39.91367429760614,6,estimated,0,raw_instance,two_sided_Student_t_95_df_n_minus_1,unadjusted_exploratory
primary_selected_active_aux,original_e4,max3sat,selective,equal_2q_budget_256,all_scheduled,original_only,optimum_hit_rate,7,0.09954512112670395,0.06261924506987733,0.04163197856094224,0.15745826369246568,6,estimated,0,raw_instance,two_sided_Student_t_95_df_n_minus_1,unadjusted_exploratory
primary_selected_active_aux,original_e4,max3sat,selective,equal_2q_budget_256,all_scheduled,original_only,auxiliary_inconsistency_rate,7,0.7383884201855447,0.184559648535156,0.5676992139267332,0.9090776264443563,6,estimated,0,raw_instance,two_sided_Student_t_95_df_n_minus_1,unadjusted_exploratory
primary_selected_active_aux,original_e4,max3sat,selective,equal_2q_budget_256,all_scheduled,original_only,statevector_norm,7,1.0000000000000002,7.042533749685405e-16,0.9999999999999996,1.0000000000000009,6,estimated,0,raw_instance,two_sided_Student_t_95_df_n_minus_1,unadjusted_exploratory
primary_selected_active_aux,original_e4,max3sat,selective,equal_2q_budget_256,all_scheduled,pair,original_objective_mean,7,8.815250104630852,4.65782155523087,4.50748364285144,13.123016566410264,6,estimated,0,raw_instance,two_sided_Student_t_95_df_n_minus_1,unadjusted_exploratory
primary_selected_active_aux,original_e4,max3sat,selective,equal_2q_budget_256,all_scheduled,pair,encoded_energy_mean,7,21.748852873480843,12.307045793874414,10.36673389666062,33.130971850301066,6,estimated,0,raw_instance,two_sided_Student_t_95_df_n_minus_1,unadjusted_exploratory
primary_selected_active_aux,original_e4,max3sat,selective,equal_2q_budget_256,all_scheduled,pair,optimum_hit_rate,7,0.11042149603590436,0.06995997260793659,0.04571931281700736,0.17512367925480135,6,estimated,0,raw_instance,two_sided_Student_t_95_df_n_minus_1,unadjusted_exploratory
primary_selected_active_aux,original_e4,max3sat,selective,equal_2q_budget_256,all_scheduled,pair,auxiliary_inconsistency_rate,7,0.6788844840464421,0.17612809885257202,0.5159931606633006,0.8417758074295836,6,estimated,0,raw_instance,two_sided_Student_t_95_df_n_minus_1,unadjusted_exploratory
primary_selected_active_aux,original_e4,max3sat,selective,equal_2q_budget_256,all_scheduled,pair,statevector_norm,7,1.0000000000000002,6.805171649344128e-16,0.9999999999999996,1.0000000000000009,6,estimated,0,raw_instance,two_sided_Student_t_95_df_n_minus_1,unadjusted_exploratory
primary_selected_active_aux,original_e4,max3sat,selective,equal_2q_budget_256,positive_depth_only,cold,original_objective_mean,7,9.437088144904092,4.825987999003477,4.973793662591818,13.900382627216365,6,estimated,0,raw_instance,two_sided_Student_t_95_df_n_minus_1,unadjusted_exploratory
primary_selected_active_aux,original_e4,max3sat,selective,equal_2q_budget_256,positive_depth_only,cold,encoded_energy_mean,7,26.17867193244232,16.46345195604842,10.952518388252546,41.4048254766321,6,estimated,0,raw_instance,two_sided_Student_t_95_df_n_minus_1,unadjusted_exploratory
primary_selected_active_aux,original_e4,max3sat,selective,equal_2q_budget_256,positive_depth_only,cold,optimum_hit_rate,7,0.08826910948755938,0.06623219464149384,0.027014545871600647,0.1495236731035181,6,estimated,0,raw_instance,two_sided_Student_t_95_df_n_minus_1,unadjusted_exploratory
primary_selected_active_aux,original_e4,max3sat,selective,equal_2q_budget_256,positive_depth_only,cold,auxiliary_inconsistency_rate,7,0.7378105192151387,0.18515682487656737,0.5665690169559767,0.9090520214743008,6,estimated,0,raw_instance,two_sided_Student_t_95_df_n_minus_1,unadjusted_exploratory
primary_selected_active_aux,original_e4,max3sat,selective,equal_2q_budget_256,positive_depth_only,cold,statevector_norm,7,0.9999999999999999,4.075621083416765e-16,0.9999999999999996,1.0000000000000002,6,estimated,0,raw_instance,two_sided_Student_t_95_df_n_minus_1,unadjusted_exploratory
primary_selected_active_aux,original_e4,max3sat,selective,equal_2q_budget_256,positive_depth_only,independence,original_objective_mean,7,8.980361047551549,4.86085412419277,4.484820777597634,13.475901317505464,6,estimated,0,raw_instance,two_sided_Student_t_95_df_n_minus_1,unadjusted_exploratory
primary_selected_active_aux,original_e4,max3sat,selective,equal_2q_budget_256,positive_depth_only,independence,encoded_energy_mean,7,23.31152508443117,14.644872711820867,9.767276822244694,36.855773346617646,6,estimated,0,raw_instance,two_sided_Student_t_95_df_n_minus_1,unadjusted_exploratory
primary_selected_active_aux,original_e4,max3sat,selective,equal_2q_budget_256,positive_depth_only,independence,optimum_hit_rate,7,0.10625493545584241,0.08214138415548385,0.03028682555868399,0.18222304535300082,6,estimated,0,raw_instance,two_sided_Student_t_95_df_n_minus_1,unadjusted_exploratory
primary_selected_active_aux,original_e4,max3sat,selective,equal_2q_budget_256,positive_depth_only,independence,auxiliary_inconsistency_rate,7,0.7031102328177862,0.2061901328190047,0.5124161651349968,0.8938043005005756,6,estimated,0,raw_instance,two_sided_Student_t_95_df_n_minus_1,unadjusted_exploratory
primary_selected_active_aux,original_e4,max3sat,selective,equal_2q_budget_256,positive_depth_only,independence,statevector_norm,7,1.0000000000000002,7.223562968503252e-16,0.9999999999999996,1.0000000000000009,6,estimated,0,raw_instance,two_sided_Student_t_95_df_n_minus_1,unadjusted_exploratory
primary_selected_active_aux,original_e4,max3sat,selective,equal_2q_budget_256,positive_depth_only,original_only,original_objective_mean,7,8.855397727233148,4.59713821275314,4.603753996737993,13.107041457728304,6,estimated,0,raw_instance,two_sided_Student_t_95_df_n_minus_1,unadjusted_exploratory
primary_selected_active_aux,original_e4,max3sat,selective,equal_2q_budget_256,positive_depth_only,original_only,encoded_energy_mean,7,25.506810796534868,15.577585264647732,11.099947295463595,39.91367429760614,6,estimated,0,raw_instance,two_sided_Student_t_95_df_n_minus_1,unadjusted_exploratory
primary_selected_active_aux,original_e4,max3sat,selective,equal_2q_budget_256,positive_depth_only,original_only,optimum_hit_rate,7,0.09954512112670395,0.06261924506987733,0.04163197856094224,0.15745826369246568,6,estimated,0,raw_instance,two_sided_Student_t_95_df_n_minus_1,unadjusted_exploratory
primary_selected_active_aux,original_e4,max3sat,selective,equal_2q_budget_256,positive_depth_only,original_only,auxiliary_inconsistency_rate,7,0.7383884201855447,0.184559648535156,0.5676992139267332,0.9090776264443563,6,estimated,0,raw_instance,two_sided_Student_t_95_df_n_minus_1,unadjusted_exploratory
primary_selected_active_aux,original_e4,max3sat,selective,equal_2q_budget_256,positive_depth_only,original_only,statevector_norm,7,1.0000000000000002,7.042533749685405e-16,0.9999999999999996,1.0000000000000009,6,estimated,0,raw_instance,two_sided_Student_t_95_df_n_minus_1,unadjusted_exploratory
primary_selected_active_aux,original_e4,max3sat,selective,equal_2q_budget_256,positive_depth_only,pair,original_objective_mean,7,8.815250104630852,4.65782155523087,4.50748364285144,13.123016566410264,6,estimated,0,raw_instance,two_sided_Student_t_95_df_n_minus_1,unadjusted_exploratory
primary_selected_active_aux,original_e4,max3sat,selective,equal_2q_budget_256,positive_depth_only,pair,encoded_energy_mean,7,21.748852873480843,12.307045793874414,10.36673389666062,33.130971850301066,6,estimated,0,raw_instance,two_sided_Student_t_95_df_n_minus_1,unadjusted_exploratory
primary_selected_active_aux,original_e4,max3sat,selective,equal_2q_budget_256,positive_depth_only,pair,optimum_hit_rate,7,0.11042149603590436,0.06995997260793659,0.04571931281700736,0.17512367925480135,6,estimated,0,raw_instance,two_sided_Student_t_95_df_n_minus_1,unadjusted_exploratory
primary_selected_active_aux,original_e4,max3sat,selective,equal_2q_budget_256,positive_depth_only,pair,auxiliary_inconsistency_rate,7,0.6788844840464421,0.17612809885257202,0.5159931606633006,0.8417758074295836,6,estimated,0,raw_instance,two_sided_Student_t_95_df_n_minus_1,unadjusted_exploratory
primary_selected_active_aux,original_e4,max3sat,selective,equal_2q_budget_256,positive_depth_only,pair,statevector_norm,7,1.0000000000000002,6.805171649344128e-16,0.9999999999999996,1.0000000000000009,6,estimated,0,raw_instance,two_sided_Student_t_95_df_n_minus_1,unadjusted_exploratory
primary_selected_active_aux,original_e4,max3sat,selective,equal_layer_p1,all_scheduled,cold,original_objective_mean,7,10.03469469959344,4.968697117357818,5.4394162959249375,14.629973103261941,6,estimated,0,raw_instance,two_sided_Student_t_95_df_n_minus_1,unadjusted_exploratory
primary_selected_active_aux,original_e4,max3sat,selective,equal_layer_p1,all_scheduled,cold,encoded_energy_mean,7,27.362515310327677,15.894724593115333,12.662346849698702,42.06268377095665,6,estimated,0,raw_instance,two_sided_Student_t_95_df_n_minus_1,unadjusted_exploratory
primary_selected_active_aux,original_e4,max3sat,selective,equal_layer_p1,all_scheduled,cold,optimum_hit_rate,7,0.08230362223285718,0.06828461025113981,0.019150890766535783,0.1454563536991786,6,estimated,0,raw_instance,two_sided_Student_t_95_df_n_minus_1,unadjusted_exploratory
primary_selected_active_aux,original_e4,max3sat,selective,equal_layer_p1,all_scheduled,cold,auxiliary_inconsistency_rate,7,0.7685731621725832,0.17121785285758687,0.6102230589210995,0.9269232654240669,6,estimated,0,raw_instance,two_sided_Student_t_95_df_n_minus_1,unadjusted_exploratory
primary_selected_active_aux,original_e4,max3sat,selective,equal_layer_p1,all_scheduled,cold,statevector_norm,7,1.0000000000000002,4.34063330783552e-16,0.9999999999999998,1.0000000000000007,6,estimated,0,raw_instance,two_sided_Student_t_95_df_n_minus_1,unadjusted_exploratory
primary_selected_active_aux,original_e4,max3sat,selective,equal_layer_p1,all_scheduled,independence,original_objective_mean,7,9.482435429513458,4.764584499753763,5.075929712414133,13.888941146612783,6,estimated,0,raw_instance,two_sided_Student_t_95_df_n_minus_1,unadjusted_exploratory
primary_selected_active_aux,original_e4,max3sat,selective,equal_layer_p1,all_scheduled,independence,encoded_energy_mean,7,25.2924086111853,13.52163081468409,12.786985841898467,37.79783138047213,6,estimated,0,raw_instance,two_sided_Student_t_95_df_n_minus_1,unadjusted_exploratory
primary_selected_active_aux,original_e4,max3sat,selective,equal_layer_p1,all_scheduled,independence,optimum_hit_rate,7,0.09359829326160567,0.05882816635809258,0.03919131372397713,0.1480052727992342,6,estimated,0,raw_instance,two_sided_Student_t_95_df_n_minus_1,unadjusted_exploratory
primary_selected_active_aux,original_e4,max3sat,selective,equal_layer_p1,all_scheduled,independence,auxiliary_inconsistency_rate,7,0.7501334504185327,0.1446144396490642,0.6163874007636992,0.8838795000733662,6,estimated,0,raw_instance,two_sided_Student_t_95_df_n_minus_1,unadjusted_exploratory
primary_selected_active_aux,original_e4,max3sat,selective,equal_layer_p1,all_scheduled,independence,statevector_norm,7,1.0000000000000002,4.6412355976854445e-16,0.9999999999999998,1.0000000000000007,6,estimated,0,raw_instance,two_sided_Student_t_95_df_n_minus_1,unadjusted_exploratory
primary_selected_active_aux,original_e4,max3sat,selective,equal_layer_p1,all_scheduled,original_only,original_objective_mean,7,9.473084879955325,4.8248336753423455,5.010857968973232,13.935311790937417,6,estimated,0,raw_instance,two_sided_Student_t_95_df_n_minus_1,unadjusted_exploratory
primary_selected_active_aux,original_e4,max3sat,selective,equal_layer_p1,all_scheduled,original_only,encoded_energy_mean,7,26.51900753630827,15.064273037118848,12.586878666426747,40.45113640618979,6,estimated,0,raw_instance,two_sided_Student_t_95_df_n_minus_1,unadjusted_exploratory
primary_selected_active_aux,original_e4,max3sat,selective,equal_layer_p1,all_scheduled,original_only,optimum_hit_rate,7,0.09564962684977664,0.06635747344648715,0.034279199663665466,0.1570200540358878,6,estimated,0,raw_instance,two_sided_Student_t_95_df_n_minus_1,unadjusted_exploratory
primary_selected_active_aux,original_e4,max3sat,selective,equal_layer_p1,all_scheduled,original_only,auxiliary_inconsistency_rate,7,0.7636015049232204,0.17196179579287407,0.604563369211045,0.9226396406353958,6,estimated,0,raw_instance,two_sided_Student_t_95_df_n_minus_1,unadjusted_exploratory
primary_selected_active_aux,original_e4,max3sat,selective,equal_layer_p1,all_scheduled,original_only,statevector_norm,7,1.0000000000000004,6.432727300251873e-16,0.9999999999999999,1.000000000000001,6,estimated,0,raw_instance,two_sided_Student_t_95_df_n_minus_1,unadjusted_exploratory
primary_selected_active_aux,original_e4,max3sat,selective,equal_layer_p1,all_scheduled,pair,original_objective_mean,7,9.16298210066867,4.529281850231207,4.974095038548252,13.351869162789086,6,estimated,0,raw_instance,two_sided_Student_t_95_df_n_minus_1,unadjusted_exploratory
primary_selected_active_aux,original_e4,max3sat,selective,equal_layer_p1,all_scheduled,pair,encoded_energy_mean,7,22.24901983228139,11.352123009514749,11.750057132548232,32.74798253201455,6,estimated,0,raw_instance,two_sided_Student_t_95_df_n_minus_1,unadjusted_exploratory
primary_selected_active_aux,original_e4,max3sat,selective,equal_layer_p1,all_scheduled,pair,optimum_hit_rate,7,0.10002983253724539,0.06713311160818236,0.03794205969505718,0.1621176053794336,6,estimated,0,raw_instance,two_sided_Student_t_95_df_n_minus_1,unadjusted_exploratory
primary_selected_active_aux,original_e4,max3sat,selective,equal_layer_p1,all_scheduled,pair,auxiliary_inconsistency_rate,7,0.7044659757606327,0.1784730739535135,0.5394059121254738,0.8695260393957917,6,estimated,0,raw_instance,two_sided_Student_t_95_df_n_minus_1,unadjusted_exploratory
primary_selected_active_aux,original_e4,max3sat,selective,equal_layer_p1,all_scheduled,pair,statevector_norm,7,1.0,2.8971341217725906e-16,0.9999999999999998,1.0000000000000002,6,estimated,0,raw_instance,two_sided_Student_t_95_df_n_minus_1,unadjusted_exploratory
primary_selected_active_aux,original_e4,max3sat,selective,equal_layer_p1,positive_depth_only,cold,original_objective_mean,7,10.03469469959344,4.968697117357818,5.4394162959249375,14.629973103261941,6,estimated,0,raw_instance,two_sided_Student_t_95_df_n_minus_1,unadjusted_exploratory
primary_selected_active_aux,original_e4,max3sat,selective,equal_layer_p1,positive_depth_only,cold,encoded_energy_mean,7,27.362515310327677,15.894724593115333,12.662346849698702,42.06268377095665,6,estimated,0,raw_instance,two_sided_Student_t_95_df_n_minus_1,unadjusted_exploratory
primary_selected_active_aux,original_e4,max3sat,selective,equal_layer_p1,positive_depth_only,cold,optimum_hit_rate,7,0.08230362223285718,0.06828461025113981,0.019150890766535783,0.1454563536991786,6,estimated,0,raw_instance,two_sided_Student_t_95_df_n_minus_1,unadjusted_exploratory
primary_selected_active_aux,original_e4,max3sat,selective,equal_layer_p1,positive_depth_only,cold,auxiliary_inconsistency_rate,7,0.7685731621725832,0.17121785285758687,0.6102230589210995,0.9269232654240669,6,estimated,0,raw_instance,two_sided_Student_t_95_df_n_minus_1,unadjusted_exploratory
primary_selected_active_aux,original_e4,max3sat,selective,equal_layer_p1,positive_depth_only,cold,statevector_norm,7,1.0000000000000002,4.34063330783552e-16,0.9999999999999998,1.0000000000000007,6,estimated,0,raw_instance,two_sided_Student_t_95_df_n_minus_1,unadjusted_exploratory
primary_selected_active_aux,original_e4,max3sat,selective,equal_layer_p1,positive_depth_only,independence,original_objective_mean,7,9.482435429513458,4.764584499753763,5.075929712414133,13.888941146612783,6,estimated,0,raw_instance,two_sided_Student_t_95_df_n_minus_1,unadjusted_exploratory
primary_selected_active_aux,original_e4,max3sat,selective,equal_layer_p1,positive_depth_only,independence,encoded_energy_mean,7,25.2924086111853,13.52163081468409,12.786985841898467,37.79783138047213,6,estimated,0,raw_instance,two_sided_Student_t_95_df_n_minus_1,unadjusted_exploratory
primary_selected_active_aux,original_e4,max3sat,selective,equal_layer_p1,positive_depth_only,independence,optimum_hit_rate,7,0.09359829326160567,0.05882816635809258,0.03919131372397713,0.1480052727992342,6,estimated,0,raw_instance,two_sided_Student_t_95_df_n_minus_1,unadjusted_exploratory
primary_selected_active_aux,original_e4,max3sat,selective,equal_layer_p1,positive_depth_only,independence,auxiliary_inconsistency_rate,7,0.7501334504185327,0.1446144396490642,0.6163874007636992,0.8838795000733662,6,estimated,0,raw_instance,two_sided_Student_t_95_df_n_minus_1,unadjusted_exploratory
primary_selected_active_aux,original_e4,max3sat,selective,equal_layer_p1,positive_depth_only,independence,statevector_norm,7,1.0000000000000002,4.6412355976854445e-16,0.9999999999999998,1.0000000000000007,6,estimated,0,raw_instance,two_sided_Student_t_95_df_n_minus_1,unadjusted_exploratory
primary_selected_active_aux,original_e4,max3sat,selective,equal_layer_p1,positive_depth_only,original_only,original_objective_mean,7,9.473084879955325,4.8248336753423455,5.010857968973232,13.935311790937417,6,estimated,0,raw_instance,two_sided_Student_t_95_df_n_minus_1,unadjusted_exploratory
primary_selected_active_aux,original_e4,max3sat,selective,equal_layer_p1,positive_depth_only,original_only,encoded_energy_mean,7,26.51900753630827,15.064273037118848,12.586878666426747,40.45113640618979,6,estimated,0,raw_instance,two_sided_Student_t_95_df_n_minus_1,unadjusted_exploratory
primary_selected_active_aux,original_e4,max3sat,selective,equal_layer_p1,positive_depth_only,original_only,optimum_hit_rate,7,0.09564962684977664,0.06635747344648715,0.034279199663665466,0.1570200540358878,6,estimated,0,raw_instance,two_sided_Student_t_95_df_n_minus_1,unadjusted_exploratory
primary_selected_active_aux,original_e4,max3sat,selective,equal_layer_p1,positive_depth_only,original_only,auxiliary_inconsistency_rate,7,0.7636015049232204,0.17196179579287407,0.604563369211045,0.9226396406353958,6,estimated,0,raw_instance,two_sided_Student_t_95_df_n_minus_1,unadjusted_exploratory
primary_selected_active_aux,original_e4,max3sat,selective,equal_layer_p1,positive_depth_only,original_only,statevector_norm,7,1.0000000000000004,6.432727300251873e-16,0.9999999999999999,1.000000000000001,6,estimated,0,raw_instance,two_sided_Student_t_95_df_n_minus_1,unadjusted_exploratory
primary_selected_active_aux,original_e4,max3sat,selective,equal_layer_p1,positive_depth_only,pair,original_objective_mean,7,9.16298210066867,4.529281850231207,4.974095038548252,13.351869162789086,6,estimated,0,raw_instance,two_sided_Student_t_95_df_n_minus_1,unadjusted_exploratory
primary_selected_active_aux,original_e4,max3sat,selective,equal_layer_p1,positive_depth_only,pair,encoded_energy_mean,7,22.24901983228139,11.352123009514749,11.750057132548232,32.74798253201455,6,estimated,0,raw_instance,two_sided_Student_t_95_df_n_minus_1,unadjusted_exploratory
primary_selected_active_aux,original_e4,max3sat,selective,equal_layer_p1,positive_depth_only,pair,optimum_hit_rate,7,0.10002983253724539,0.06713311160818236,0.03794205969505718,0.1621176053794336,6,estimated,0,raw_instance,two_sided_Student_t_95_df_n_minus_1,unadjusted_exploratory
primary_selected_active_aux,original_e4,max3sat,selective,equal_layer_p1,positive_depth_only,pair,auxiliary_inconsistency_rate,7,0.7044659757606327,0.1784730739535135,0.5394059121254738,0.8695260393957917,6,estimated,0,raw_instance,two_sided_Student_t_95_df_n_minus_1,unadjusted_exploratory
primary_selected_active_aux,original_e4,max3sat,selective,equal_layer_p1,positive_depth_only,pair,statevector_norm,7,1.0,2.8971341217725906e-16,0.9999999999999998,1.0000000000000002,6,estimated,0,raw_instance,two_sided_Student_t_95_df_n_minus_1,unadjusted_exploratory
primary_selected_active_aux,original_e4,max3sat,selective,equal_layer_p2,all_scheduled,cold,original_objective_mean,7,9.871570411581676,4.814494309084754,5.4189058195232205,14.32423500364013,6,estimated,0,raw_instance,two_sided_Student_t_95_df_n_minus_1,unadjusted_exploratory
primary_selected_active_aux,original_e4,max3sat,selective,equal_layer_p2,all_scheduled,cold,encoded_energy_mean,7,27.357470763826864,15.652345897988454,12.88146520886886,41.83347631878487,6,estimated,0,raw_instance,two_sided_Student_t_95_df_n_minus_1,unadjusted_exploratory
primary_selected_active_aux,original_e4,max3sat,selective,equal_layer_p2,all_scheduled,cold,optimum_hit_rate,7,0.06714446459942477,0.05158639955007895,0.019435002304498378,0.11485392689435117,6,estimated,0,raw_instance,two_sided_Student_t_95_df_n_minus_1,unadjusted_exploratory
primary_selected_active_aux,original_e4,max3sat,selective,equal_layer_p2,all_scheduled,cold,auxiliary_inconsistency_rate,7,0.7813339473253669,0.15377427267516966,0.6391164650410366,0.9235514296096972,6,estimated,0,raw_instance,two_sided_Student_t_95_df_n_minus_1,unadjusted_exploratory
primary_selected_active_aux,original_e4,max3sat,selective,equal_layer_p2,all_scheduled,cold,statevector_norm,7,1.0000000000000002,6.138582493229382e-16,0.9999999999999997,1.0000000000000009,6,estimated,0,raw_instance,two_sided_Student_t_95_df_n_minus_1,unadjusted_exploratory
primary_selected_active_aux,original_e4,max3sat,selective,equal_layer_p2,all_scheduled,independence,original_objective_mean,7,9.047156969762204,4.554861944567027,4.834612266153729,13.259701673370678,6,estimated,0,raw_instance,two_sided_Student_t_95_df_n_minus_1,unadjusted_exploratory
primary_selected_active_aux,original_e4,max3sat,selective,equal_layer_p2,all_scheduled,independence,encoded_energy_mean,7,24.107465188832325,12.725712476957534,12.33814411020026,35.87678626746439,6,estimated,0,raw_instance,two_sided_Student_t_95_df_n_minus_1,unadjusted_exploratory
primary_selected_active_aux,original_e4,max3sat,selective,equal_layer_p2,all_scheduled,independence,optimum_hit_rate,7,0.09023496025965713,0.0655467666846361,0.029614311775376594,0.15085560874393766,6,estimated,0,raw_instance,two_sided_Student_t_95_df_n_minus_1,unadjusted_exploratory
primary_selected_active_aux,original_e4,max3sat,selective,equal_layer_p2,all_scheduled,independence,auxiliary_inconsistency_rate,7,0.7479526125819369,0.14618397868436717,0.6127549814234843,0.8831502437403895,6,estimated,0,raw_instance,two_sided_Student_t_95_df_n_minus_1,unadjusted_exploratory
primary_selected_active_aux,original_e4,max3sat,selective,equal_layer_p2,all_scheduled,independence,statevector_norm,7,1.0000000000000002,7.809232557317854e-16,0.9999999999999994,1.0000000000000009,6,estimated,0,raw_instance,two_sided_Student_t_95_df_n_minus_1,unadjusted_exploratory
primary_selected_active_aux,original_e4,max3sat,selective,equal_layer_p2,all_scheduled,original_only,original_objective_mean,7,9.309240854832776,4.669220500265819,4.9909321272024805,13.627549582463072,6,estimated,0,raw_instance,two_sided_Student_t_95_df_n_minus_1,unadjusted_exploratory
primary_selected_active_aux,original_e4,max3sat,selective,equal_layer_p2,all_scheduled,original_only,encoded_energy_mean,7,26.868422885800893,14.792755277862884,13.187406061160093,40.54943971044169,6,estimated,0,raw_instance,two_sided_Student_t_95_df_n_minus_1,unadjusted_exploratory
primary_selected_active_aux,original_e4,max3sat,selective,equal_layer_p2,all_scheduled,original_only,optimum_hit_rate,7,0.07989817677704365,0.0537601241823527,0.030178354497944676,0.12961799905614263,6,estimated,0,raw_instance,two_sided_Student_t_95_df_n_minus_1,unadjusted_exploratory
primary_selected_active_aux,original_e4,max3sat,selective,equal_layer_p2,all_scheduled,original_only,auxiliary_inconsistency_rate,7,0.7818323661466126,0.1537005181058673,0.6396830954621205,0.9239816368311046,6,estimated,0,raw_instance,two_sided_Student_t_95_df_n_minus_1,unadjusted_exploratory
primary_selected_active_aux,original_e4,max3sat,selective,equal_layer_p2,all_scheduled,original_only,statevector_norm,7,1.0000000000000004,5.819537740860598e-16,0.9999999999999999,1.0000000000000009,6,estimated,0,raw_instance,two_sided_Student_t_95_df_n_minus_1,unadjusted_exploratory
primary_selected_active_aux,original_e4,max3sat,selective,equal_layer_p2,all_scheduled,pair,original_objective_mean,7,8.998426016633099,4.6124292329886885,4.7326404510856515,13.264211582180547,6,estimated,0,raw_instance,two_sided_Student_t_95_df_n_minus_1,unadjusted_exploratory
primary_selected_active_aux,original_e4,max3sat,selective,equal_layer_p2,all_scheduled,pair,encoded_energy_mean,7,21.69806193723332,10.969887844297045,11.5526078049094,31.84351606955724,6,estimated,0,raw_instance,two_sided_Student_t_95_df_n_minus_1,unadjusted_exploratory
primary_selected_active_aux,original_e4,max3sat,selective,equal_layer_p2,all_scheduled,pair,optimum_hit_rate,7,0.09426936130140658,0.07172518110416216,0.027934632509880458,0.1606040900929327,6,estimated,0,raw_instance,two_sided_Student_t_95_df_n_minus_1,unadjusted_exploratory
primary_selected_active_aux,original_e4,max3sat,selective,equal_layer_p2,all_scheduled,pair,auxiliary_inconsistency_rate,7,0.6887474666467918,0.15693171512894524,0.5436098371335282,0.8338850961600554,6,estimated,0,raw_instance,two_sided_Student_t_95_df_n_minus_1,unadjusted_exploratory
primary_selected_active_aux,original_e4,max3sat,selective,equal_layer_p2,all_scheduled,pair,statevector_norm,7,0.9999999999999999,1.9682150585518662e-16,0.9999999999999997,1.0,6,estimated,0,raw_instance,two_sided_Student_t_95_df_n_minus_1,unadjusted_exploratory
primary_selected_active_aux,original_e4,max3sat,selective,equal_layer_p2,positive_depth_only,cold,original_objective_mean,7,9.871570411581676,4.814494309084754,5.4189058195232205,14.32423500364013,6,estimated,0,raw_instance,two_sided_Student_t_95_df_n_minus_1,unadjusted_exploratory
primary_selected_active_aux,original_e4,max3sat,selective,equal_layer_p2,positive_depth_only,cold,encoded_energy_mean,7,27.357470763826864,15.652345897988454,12.88146520886886,41.83347631878487,6,estimated,0,raw_instance,two_sided_Student_t_95_df_n_minus_1,unadjusted_exploratory
primary_selected_active_aux,original_e4,max3sat,selective,equal_layer_p2,positive_depth_only,cold,optimum_hit_rate,7,0.06714446459942477,0.05158639955007895,0.019435002304498378,0.11485392689435117,6,estimated,0,raw_instance,two_sided_Student_t_95_df_n_minus_1,unadjusted_exploratory
primary_selected_active_aux,original_e4,max3sat,selective,equal_layer_p2,positive_depth_only,cold,auxiliary_inconsistency_rate,7,0.7813339473253669,0.15377427267516966,0.6391164650410366,0.9235514296096972,6,estimated,0,raw_instance,two_sided_Student_t_95_df_n_minus_1,unadjusted_exploratory
primary_selected_active_aux,original_e4,max3sat,selective,equal_layer_p2,positive_depth_only,cold,statevector_norm,7,1.0000000000000002,6.138582493229382e-16,0.9999999999999997,1.0000000000000009,6,estimated,0,raw_instance,two_sided_Student_t_95_df_n_minus_1,unadjusted_exploratory
primary_selected_active_aux,original_e4,max3sat,selective,equal_layer_p2,positive_depth_only,independence,original_objective_mean,7,9.047156969762204,4.554861944567027,4.834612266153729,13.259701673370678,6,estimated,0,raw_instance,two_sided_Student_t_95_df_n_minus_1,unadjusted_exploratory
primary_selected_active_aux,original_e4,max3sat,selective,equal_layer_p2,positive_depth_only,independence,encoded_energy_mean,7,24.107465188832325,12.725712476957534,12.33814411020026,35.87678626746439,6,estimated,0,raw_instance,two_sided_Student_t_95_df_n_minus_1,unadjusted_exploratory
primary_selected_active_aux,original_e4,max3sat,selective,equal_layer_p2,positive_depth_only,independence,optimum_hit_rate,7,0.09023496025965713,0.0655467666846361,0.029614311775376594,0.15085560874393766,6,estimated,0,raw_instance,two_sided_Student_t_95_df_n_minus_1,unadjusted_exploratory
primary_selected_active_aux,original_e4,max3sat,selective,equal_layer_p2,positive_depth_only,independence,auxiliary_inconsistency_rate,7,0.7479526125819369,0.14618397868436717,0.6127549814234843,0.8831502437403895,6,estimated,0,raw_instance,two_sided_Student_t_95_df_n_minus_1,unadjusted_exploratory
primary_selected_active_aux,original_e4,max3sat,selective,equal_layer_p2,positive_depth_only,independence,statevector_norm,7,1.0000000000000002,7.809232557317854e-16,0.9999999999999994,1.0000000000000009,6,estimated,0,raw_instance,two_sided_Student_t_95_df_n_minus_1,unadjusted_exploratory
primary_selected_active_aux,original_e4,max3sat,selective,equal_layer_p2,positive_depth_only,original_only,original_objective_mean,7,9.309240854832776,4.669220500265819,4.9909321272024805,13.627549582463072,6,estimated,0,raw_instance,two_sided_Student_t_95_df_n_minus_1,unadjusted_exploratory
primary_selected_active_aux,original_e4,max3sat,selective,equal_layer_p2,positive_depth_only,original_only,encoded_energy_mean,7,26.868422885800893,14.792755277862884,13.187406061160093,40.54943971044169,6,estimated,0,raw_instance,two_sided_Student_t_95_df_n_minus_1,unadjusted_exploratory
primary_selected_active_aux,original_e4,max3sat,selective,equal_layer_p2,positive_depth_only,original_only,optimum_hit_rate,7,0.07989817677704365,0.0537601241823527,0.030178354497944676,0.12961799905614263,6,estimated,0,raw_instance,two_sided_Student_t_95_df_n_minus_1,unadjusted_exploratory
primary_selected_active_aux,original_e4,max3sat,selective,equal_layer_p2,positive_depth_only,original_only,auxiliary_inconsistency_rate,7,0.7818323661466126,0.1537005181058673,0.6396830954621205,0.9239816368311046,6,estimated,0,raw_instance,two_sided_Student_t_95_df_n_minus_1,unadjusted_exploratory
primary_selected_active_aux,original_e4,max3sat,selective,equal_layer_p2,positive_depth_only,original_only,statevector_norm,7,1.0000000000000004,5.819537740860598e-16,0.9999999999999999,1.0000000000000009,6,estimated,0,raw_instance,two_sided_Student_t_95_df_n_minus_1,unadjusted_exploratory
primary_selected_active_aux,original_e4,max3sat,selective,equal_layer_p2,positive_depth_only,pair,original_objective_mean,7,8.998426016633099,4.6124292329886885,4.7326404510856515,13.264211582180547,6,estimated,0,raw_instance,two_sided_Student_t_95_df_n_minus_1,unadjusted_exploratory
primary_selected_active_aux,original_e4,max3sat,selective,equal_layer_p2,positive_depth_only,pair,encoded_energy_mean,7,21.69806193723332,10.969887844297045,11.5526078049094,31.84351606955724,6,estimated,0,raw_instance,two_sided_Student_t_95_df_n_minus_1,unadjusted_exploratory
primary_selected_active_aux,original_e4,max3sat,selective,equal_layer_p2,positive_depth_only,pair,optimum_hit_rate,7,0.09426936130140658,0.07172518110416216,0.027934632509880458,0.1606040900929327,6,estimated,0,raw_instance,two_sided_Student_t_95_df_n_minus_1,unadjusted_exploratory
primary_selected_active_aux,original_e4,max3sat,selective,equal_layer_p2,positive_depth_only,pair,auxiliary_inconsistency_rate,7,0.6887474666467918,0.15693171512894524,0.5436098371335282,0.8338850961600554,6,estimated,0,raw_instance,two_sided_Student_t_95_df_n_minus_1,unadjusted_exploratory
primary_selected_active_aux,original_e4,max3sat,selective,equal_layer_p2,positive_depth_only,pair,statevector_norm,7,0.9999999999999999,1.9682150585518662e-16,0.9999999999999997,1.0,6,estimated,0,raw_instance,two_sided_Student_t_95_df_n_minus_1,unadjusted_exploratory
primary_selected_active_aux,targeted,cubic_spin_glass,selective,equal_layer_p1,all_scheduled,cold,original_objective_mean,10,-1.0922713201631642,0.6996570546388997,-1.5927758260101958,-0.5917668143161326,9,estimated,0,raw_instance,two_sided_Student_t_95_df_n_minus_1,unadjusted_exploratory
primary_selected_active_aux,targeted,cubic_spin_glass,selective,equal_layer_p1,all_scheduled,cold,encoded_energy_mean,10,41.11822279188954,13.36030669894069,31.56083512891619,50.6756104548629,9,estimated,0,raw_instance,two_sided_Student_t_95_df_n_minus_1,unadjusted_exploratory
primary_selected_active_aux,targeted,cubic_spin_glass,selective,equal_layer_p1,all_scheduled,cold,optimum_hit_rate,10,0.035611339610696284,0.03237200900820638,0.012453799406531282,0.058768879814861286,9,estimated,0,raw_instance,two_sided_Student_t_95_df_n_minus_1,unadjusted_exploratory
primary_selected_active_aux,targeted,cubic_spin_glass,selective,equal_layer_p1,all_scheduled,cold,auxiliary_inconsistency_rate,10,0.9107703629392312,0.055452691385056554,0.871101897202271,0.9504388286761913,9,estimated,0,raw_instance,two_sided_Student_t_95_df_n_minus_1,unadjusted_exploratory
primary_selected_active_aux,targeted,cubic_spin_glass,selective,equal_layer_p1,all_scheduled,cold,statevector_norm,10,1.0,4.675256240624557e-16,0.9999999999999997,1.0000000000000004,9,estimated,0,raw_instance,two_sided_Student_t_95_df_n_minus_1,unadjusted_exploratory
primary_selected_active_aux,targeted,cubic_spin_glass,selective,equal_layer_p1,all_scheduled,independence,original_objective_mean,10,-1.1093961957558531,0.5637226691317512,-1.5126591001714673,-0.7061332913402389,9,estimated,0,raw_instance,two_sided_Student_t_95_df_n_minus_1,unadjusted_exploratory
primary_selected_active_aux,targeted,cubic_spin_glass,selective,equal_layer_p1,all_scheduled,independence,encoded_energy_mean,10,34.55752054998161,13.808653413439496,24.679404968522277,44.435636131440944,9,estimated,0,raw_instance,two_sided_Student_t_95_df_n_minus_1,unadjusted_exploratory
primary_selected_active_aux,targeted,cubic_spin_glass,selective,equal_layer_p1,all_scheduled,independence,optimum_hit_rate,10,0.04329781705793958,0.044711332845316414,0.011313256331889475,0.07528237778398969,9,estimated,0,raw_instance,two_sided_Student_t_95_df_n_minus_1,unadjusted_exploratory
primary_selected_active_aux,targeted,cubic_spin_glass,selective,equal_layer_p1,all_scheduled,independence,auxiliary_inconsistency_rate,10,0.8665515644120821,0.08737445388533986,0.8040476454197889,0.9290554834043754,9,estimated,0,raw_instance,two_sided_Student_t_95_df_n_minus_1,unadjusted_exploratory
primary_selected_active_aux,targeted,cubic_spin_glass,selective,equal_layer_p1,all_scheduled,independence,statevector_norm,10,1.0000000000000002,5.494077358953467e-16,0.9999999999999998,1.0000000000000007,9,estimated,0,raw_instance,two_sided_Student_t_95_df_n_minus_1,unadjusted_exploratory
primary_selected_active_aux,targeted,cubic_spin_glass,selective,equal_layer_p1,all_scheduled,original_only,original_objective_mean,10,-0.9804570642762478,0.6428176460707772,-1.4403011066727847,-0.5206130218797109,9,estimated,0,raw_instance,two_sided_Student_t_95_df_n_minus_1,unadjusted_exploratory
primary_selected_active_aux,targeted,cubic_spin_glass,selective,equal_layer_p1,all_scheduled,original_only,encoded_energy_mean,10,37.96676728052786,12.16374015058985,29.26535176137076,46.66818279968496,9,estimated,0,raw_instance,two_sided_Student_t_95_df_n_minus_1,unadjusted_exploratory
primary_selected_active_aux,targeted,cubic_spin_glass,selective,equal_layer_p1,all_scheduled,original_only,optimum_hit_rate,10,0.038222619334631835,0.03666386787754643,0.011994868248832984,0.06445037042043068,9,estimated,0,raw_instance,two_sided_Student_t_95_df_n_minus_1,unadjusted_exploratory
primary_selected_active_aux,targeted,cubic_spin_glass,selective,equal_layer_p1,all_scheduled,original_only,auxiliary_inconsistency_rate,10,0.9125050125878353,0.06035349453780302,0.8693307234707551,0.9556793017049156,9,estimated,0,raw_instance,two_sided_Student_t_95_df_n_minus_1,unadjusted_exploratory
primary_selected_active_aux,targeted,cubic_spin_glass,selective,equal_layer_p1,all_scheduled,original_only,statevector_norm,10,1.0000000000000004,3.510833468576701e-16,1.0000000000000002,1.0000000000000007,9,estimated,0,raw_instance,two_sided_Student_t_95_df_n_minus_1,unadjusted_exploratory
primary_selected_active_aux,targeted,cubic_spin_glass,selective,equal_layer_p1,all_scheduled,pair,original_objective_mean,10,-1.0894705872657973,0.7376720843652687,-1.617169407158267,-0.5617717673733276,9,estimated,0,raw_instance,two_sided_Student_t_95_df_n_minus_1,unadjusted_exploratory
primary_selected_active_aux,targeted,cubic_spin_glass,selective,equal_layer_p1,all_scheduled,pair,encoded_energy_mean,10,38.069827278377446,13.167310499924918,28.65050077919611,47.48915377755878,9,estimated,0,raw_instance,two_sided_Student_t_95_df_n_minus_1,unadjusted_exploratory
primary_selected_active_aux,targeted,cubic_spin_glass,selective,equal_layer_p1,all_scheduled,pair,optimum_hit_rate,10,0.03383667736251543,0.03113444955778961,0.011564433857755328,0.056108920867275536,9,estimated,0,raw_instance,two_sided_Student_t_95_df_n_minus_1,unadjusted_exploratory
primary_selected_active_aux,targeted,cubic_spin_glass,selective,equal_layer_p1,all_scheduled,pair,auxiliary_inconsistency_rate,10,0.9024802824557842,0.07593579372151375,0.8481590880067355,0.9568014769048329,9,estimated,0,raw_instance,two_sided_Student_t_95_df_n_minus_1,unadjusted_exploratory
primary_selected_active_aux,targeted,cubic_spin_glass,selective,equal_layer_p1,all_scheduled,pair,statevector_norm,10,0.9999999999999998,7.5262603964687015e-16,0.9999999999999992,1.0000000000000002,9,estimated,0,raw_instance,two_sided_Student_t_95_df_n_minus_1,unadjusted_exploratory
primary_selected_active_aux,targeted,cubic_spin_glass,selective,equal_layer_p1,positive_depth_only,cold,original_objective_mean,10,-1.0922713201631642,0.6996570546388997,-1.5927758260101958,-0.5917668143161326,9,estimated,0,raw_instance,two_sided_Student_t_95_df_n_minus_1,unadjusted_exploratory
primary_selected_active_aux,targeted,cubic_spin_glass,selective,equal_layer_p1,positive_depth_only,cold,encoded_energy_mean,10,41.11822279188954,13.36030669894069,31.56083512891619,50.6756104548629,9,estimated,0,raw_instance,two_sided_Student_t_95_df_n_minus_1,unadjusted_exploratory
primary_selected_active_aux,targeted,cubic_spin_glass,selective,equal_layer_p1,positive_depth_only,cold,optimum_hit_rate,10,0.035611339610696284,0.03237200900820638,0.012453799406531282,0.058768879814861286,9,estimated,0,raw_instance,two_sided_Student_t_95_df_n_minus_1,unadjusted_exploratory
primary_selected_active_aux,targeted,cubic_spin_glass,selective,equal_layer_p1,positive_depth_only,cold,auxiliary_inconsistency_rate,10,0.9107703629392312,0.055452691385056554,0.871101897202271,0.9504388286761913,9,estimated,0,raw_instance,two_sided_Student_t_95_df_n_minus_1,unadjusted_exploratory
primary_selected_active_aux,targeted,cubic_spin_glass,selective,equal_layer_p1,positive_depth_only,cold,statevector_norm,10,1.0,4.675256240624557e-16,0.9999999999999997,1.0000000000000004,9,estimated,0,raw_instance,two_sided_Student_t_95_df_n_minus_1,unadjusted_exploratory
primary_selected_active_aux,targeted,cubic_spin_glass,selective,equal_layer_p1,positive_depth_only,independence,original_objective_mean,10,-1.1093961957558531,0.5637226691317512,-1.5126591001714673,-0.7061332913402389,9,estimated,0,raw_instance,two_sided_Student_t_95_df_n_minus_1,unadjusted_exploratory
primary_selected_active_aux,targeted,cubic_spin_glass,selective,equal_layer_p1,positive_depth_only,independence,encoded_energy_mean,10,34.55752054998161,13.808653413439496,24.679404968522277,44.435636131440944,9,estimated,0,raw_instance,two_sided_Student_t_95_df_n_minus_1,unadjusted_exploratory
primary_selected_active_aux,targeted,cubic_spin_glass,selective,equal_layer_p1,positive_depth_only,independence,optimum_hit_rate,10,0.04329781705793958,0.044711332845316414,0.011313256331889475,0.07528237778398969,9,estimated,0,raw_instance,two_sided_Student_t_95_df_n_minus_1,unadjusted_exploratory
primary_selected_active_aux,targeted,cubic_spin_glass,selective,equal_layer_p1,positive_depth_only,independence,auxiliary_inconsistency_rate,10,0.8665515644120821,0.08737445388533986,0.8040476454197889,0.9290554834043754,9,estimated,0,raw_instance,two_sided_Student_t_95_df_n_minus_1,unadjusted_exploratory
primary_selected_active_aux,targeted,cubic_spin_glass,selective,equal_layer_p1,positive_depth_only,independence,statevector_norm,10,1.0000000000000002,5.494077358953467e-16,0.9999999999999998,1.0000000000000007,9,estimated,0,raw_instance,two_sided_Student_t_95_df_n_minus_1,unadjusted_exploratory
primary_selected_active_aux,targeted,cubic_spin_glass,selective,equal_layer_p1,positive_depth_only,original_only,original_objective_mean,10,-0.9804570642762478,0.6428176460707772,-1.4403011066727847,-0.5206130218797109,9,estimated,0,raw_instance,two_sided_Student_t_95_df_n_minus_1,unadjusted_exploratory
primary_selected_active_aux,targeted,cubic_spin_glass,selective,equal_layer_p1,positive_depth_only,original_only,encoded_energy_mean,10,37.96676728052786,12.16374015058985,29.26535176137076,46.66818279968496,9,estimated,0,raw_instance,two_sided_Student_t_95_df_n_minus_1,unadjusted_exploratory
primary_selected_active_aux,targeted,cubic_spin_glass,selective,equal_layer_p1,positive_depth_only,original_only,optimum_hit_rate,10,0.038222619334631835,0.03666386787754643,0.011994868248832984,0.06445037042043068,9,estimated,0,raw_instance,two_sided_Student_t_95_df_n_minus_1,unadjusted_exploratory
primary_selected_active_aux,targeted,cubic_spin_glass,selective,equal_layer_p1,positive_depth_only,original_only,auxiliary_inconsistency_rate,10,0.9125050125878353,0.06035349453780302,0.8693307234707551,0.9556793017049156,9,estimated,0,raw_instance,two_sided_Student_t_95_df_n_minus_1,unadjusted_exploratory
primary_selected_active_aux,targeted,cubic_spin_glass,selective,equal_layer_p1,positive_depth_only,original_only,statevector_norm,10,1.0000000000000004,3.510833468576701e-16,1.0000000000000002,1.0000000000000007,9,estimated,0,raw_instance,two_sided_Student_t_95_df_n_minus_1,unadjusted_exploratory
primary_selected_active_aux,targeted,cubic_spin_glass,selective,equal_layer_p1,positive_depth_only,pair,original_objective_mean,10,-1.0894705872657973,0.7376720843652687,-1.617169407158267,-0.5617717673733276,9,estimated,0,raw_instance,two_sided_Student_t_95_df_n_minus_1,unadjusted_exploratory
primary_selected_active_aux,targeted,cubic_spin_glass,selective,equal_layer_p1,positive_depth_only,pair,encoded_energy_mean,10,38.069827278377446,13.167310499924918,28.65050077919611,47.48915377755878,9,estimated,0,raw_instance,two_sided_Student_t_95_df_n_minus_1,unadjusted_exploratory
primary_selected_active_aux,targeted,cubic_spin_glass,selective,equal_layer_p1,positive_depth_only,pair,optimum_hit_rate,10,0.03383667736251543,0.03113444955778961,0.011564433857755328,0.056108920867275536,9,estimated,0,raw_instance,two_sided_Student_t_95_df_n_minus_1,unadjusted_exploratory
primary_selected_active_aux,targeted,cubic_spin_glass,selective,equal_layer_p1,positive_depth_only,pair,auxiliary_inconsistency_rate,10,0.9024802824557842,0.07593579372151375,0.8481590880067355,0.9568014769048329,9,estimated,0,raw_instance,two_sided_Student_t_95_df_n_minus_1,unadjusted_exploratory
primary_selected_active_aux,targeted,cubic_spin_glass,selective,equal_layer_p1,positive_depth_only,pair,statevector_norm,10,0.9999999999999998,7.5262603964687015e-16,0.9999999999999992,1.0000000000000002,9,estimated,0,raw_instance,two_sided_Student_t_95_df_n_minus_1,unadjusted_exploratory
primary_selected_active_aux,targeted,cubic_spin_glass,selective,equal_layer_p2,all_scheduled,cold,original_objective_mean,10,-1.1754370479320289,0.8174695179339777,-1.7602195130066098,-0.5906545828574479,9,estimated,0,raw_instance,two_sided_Student_t_95_df_n_minus_1,unadjusted_exploratory
primary_selected_active_aux,targeted,cubic_spin_glass,selective,equal_layer_p2,all_scheduled,cold,encoded_energy_mean,10,39.09682089871137,13.818160443153324,29.211904397890983,48.98173739953176,9,estimated,0,raw_instance,two_sided_Student_t_95_df_n_minus_1,unadjusted_exploratory
primary_selected_active_aux,targeted,cubic_spin_glass,selective,equal_layer_p2,all_scheduled,cold,optimum_hit_rate,10,0.04505642785664602,0.041490785077470706,0.015375708217332754,0.07473714749595929,9,estimated,0,raw_instance,two_sided_Student_t_95_df_n_minus_1,unadjusted_exploratory
primary_selected_active_aux,targeted,cubic_spin_glass,selective,equal_layer_p2,all_scheduled,cold,auxiliary_inconsistency_rate,10,0.8973918023728974,0.07158174203035007,0.8461853088700759,0.9485982958757189,9,estimated,0,raw_instance,two_sided_Student_t_95_df_n_minus_1,unadjusted_exploratory
primary_selected_active_aux,targeted,cubic_spin_glass,selective,equal_layer_p2,all_scheduled,cold,statevector_norm,10,1.0,5.019932605247481e-16,0.9999999999999997,1.0000000000000004,9,estimated,0,raw_instance,two_sided_Student_t_95_df_n_minus_1,unadjusted_exploratory
primary_selected_active_aux,targeted,cubic_spin_glass,selective,equal_layer_p2,all_scheduled,independence,original_objective_mean,10,-1.0586720354522947,0.48047844170261866,-1.4023856068942864,-0.714958464010303,9,estimated,0,raw_instance,two_sided_Student_t_95_df_n_minus_1,unadjusted_exploratory
primary_selected_active_aux,targeted,cubic_spin_glass,selective,equal_layer_p2,all_scheduled,independence,encoded_energy_mean,10,37.43301168794963,11.53455768769798,29.18168618873786,45.684337187161404,9,estimated,0,raw_instance,two_sided_Student_t_95_df_n_minus_1,unadjusted_exploratory
primary_selected_active_aux,targeted,cubic_spin_glass,selective,equal_layer_p2,all_scheduled,independence,optimum_hit_rate,10,0.046939800282288446,0.05111622459354091,0.010373456012151422,0.08350614455242547,9,estimated,0,raw_instance,two_sided_Student_t_95_df_n_minus_1,unadjusted_exploratory
primary_selected_active_aux,targeted,cubic_spin_glass,selective,equal_layer_p2,all_scheduled,independence,auxiliary_inconsistency_rate,10,0.8819200462044539,0.0751021538471561,0.8281952017966194,0.9356448906122883,9,estimated,0,raw_instance,two_sided_Student_t_95_df_n_minus_1,unadjusted_exploratory
primary_selected_active_aux,targeted,cubic_spin_glass,selective,equal_layer_p2,all_scheduled,independence,statevector_norm,10,1.0000000000000002,6.804740382722487e-16,0.9999999999999998,1.0000000000000007,9,estimated,0,raw_instance,two_sided_Student_t_95_df_n_minus_1,unadjusted_exploratory
primary_selected_active_aux,targeted,cubic_spin_glass,selective,equal_layer_p2,all_scheduled,original_only,original_objective_mean,10,-1.040352463898223,0.5546645036906959,-1.4371355471101532,-0.6435693806862924,9,estimated,0,raw_instance,two_sided_Student_t_95_df_n_minus_1,unadjusted_exploratory
primary_selected_active_aux,targeted,cubic_spin_glass,selective,equal_layer_p2,all_scheduled,original_only,encoded_energy_mean,10,36.915698446423974,11.89482398535448,28.406653963195144,45.42474292965281,9,estimated,0,raw_instance,two_sided_Student_t_95_df_n_minus_1,unadjusted_exploratory
primary_selected_active_aux,targeted,cubic_spin_glass,selective,equal_layer_p2,all_scheduled,original_only,optimum_hit_rate,10,0.04152937948105927,0.04557397716885334,0.008927720180770628,0.07413103878134791,9,estimated,0,raw_instance,two_sided_Student_t_95_df_n_minus_1,unadjusted_exploratory
primary_selected_active_aux,targeted,cubic_spin_glass,selective,equal_layer_p2,all_scheduled,original_only,auxiliary_inconsistency_rate,10,0.8920886054608953,0.06461238334223285,0.8458676908258052,0.9383095200959854,9,estimated,0,raw_instance,two_sided_Student_t_95_df_n_minus_1,unadjusted_exploratory
primary_selected_active_aux,targeted,cubic_spin_glass,selective,equal_layer_p2,all_scheduled,original_only,statevector_norm,10,1.0000000000000002,6.171482040823093e-16,0.9999999999999998,1.0000000000000007,9,estimated,0,raw_instance,two_sided_Student_t_95_df_n_minus_1,unadjusted_exploratory
primary_selected_active_aux,targeted,cubic_spin_glass,selective,equal_layer_p2,all_scheduled,pair,original_objective_mean,10,-1.0601222547272686,0.6637436232002283,-1.5349358393775425,-0.5853086700769946,9,estimated,0,raw_instance,two_sided_Student_t_95_df_n_minus_1,unadjusted_exploratory
primary_selected_active_aux,targeted,cubic_spin_glass,selective,equal_layer_p2,all_scheduled,pair,encoded_energy_mean,10,42.39071873243661,15.812818535272147,31.07890979036875,53.702527674504466,9,estimated,0,raw_instance,two_sided_Student_t_95_df_n_minus_1,unadjusted_exploratory
primary_selected_active_aux,targeted,cubic_spin_glass,selective,equal_layer_p2,all_scheduled,pair,optimum_hit_rate,10,0.045240231980972226,0.04562069087571121,0.012605155707879317,0.07787530825406513,9,estimated,0,raw_instance,two_sided_Student_t_95_df_n_minus_1,unadjusted_exploratory
primary_selected_active_aux,targeted,cubic_spin_glass,selective,equal_layer_p2,all_scheduled,pair,auxiliary_inconsistency_rate,10,0.911595008982147,0.07625714884237687,0.8570439309281198,0.9661460870361741,9,estimated,0,raw_instance,two_sided_Student_t_95_df_n_minus_1,unadjusted_exploratory
primary_selected_active_aux,targeted,cubic_spin_glass,selective,equal_layer_p2,all_scheduled,pair,statevector_norm,10,0.9999999999999998,8.644226857664487e-16,0.9999999999999991,1.0000000000000004,9,estimated,0,raw_instance,two_sided_Student_t_95_df_n_minus_1,unadjusted_exploratory
primary_selected_active_aux,targeted,cubic_spin_glass,selective,equal_layer_p2,positive_depth_only,cold,original_objective_mean,10,-1.1754370479320289,0.8174695179339777,-1.7602195130066098,-0.5906545828574479,9,estimated,0,raw_instance,two_sided_Student_t_95_df_n_minus_1,unadjusted_exploratory
primary_selected_active_aux,targeted,cubic_spin_glass,selective,equal_layer_p2,positive_depth_only,cold,encoded_energy_mean,10,39.09682089871137,13.818160443153324,29.211904397890983,48.98173739953176,9,estimated,0,raw_instance,two_sided_Student_t_95_df_n_minus_1,unadjusted_exploratory
primary_selected_active_aux,targeted,cubic_spin_glass,selective,equal_layer_p2,positive_depth_only,cold,optimum_hit_rate,10,0.04505642785664602,0.041490785077470706,0.015375708217332754,0.07473714749595929,9,estimated,0,raw_instance,two_sided_Student_t_95_df_n_minus_1,unadjusted_exploratory
primary_selected_active_aux,targeted,cubic_spin_glass,selective,equal_layer_p2,positive_depth_only,cold,auxiliary_inconsistency_rate,10,0.8973918023728974,0.07158174203035007,0.8461853088700759,0.9485982958757189,9,estimated,0,raw_instance,two_sided_Student_t_95_df_n_minus_1,unadjusted_exploratory
primary_selected_active_aux,targeted,cubic_spin_glass,selective,equal_layer_p2,positive_depth_only,cold,statevector_norm,10,1.0,5.019932605247481e-16,0.9999999999999997,1.0000000000000004,9,estimated,0,raw_instance,two_sided_Student_t_95_df_n_minus_1,unadjusted_exploratory
primary_selected_active_aux,targeted,cubic_spin_glass,selective,equal_layer_p2,positive_depth_only,independence,original_objective_mean,10,-1.0586720354522947,0.48047844170261866,-1.4023856068942864,-0.714958464010303,9,estimated,0,raw_instance,two_sided_Student_t_95_df_n_minus_1,unadjusted_exploratory
primary_selected_active_aux,targeted,cubic_spin_glass,selective,equal_layer_p2,positive_depth_only,independence,encoded_energy_mean,10,37.43301168794963,11.53455768769798,29.18168618873786,45.684337187161404,9,estimated,0,raw_instance,two_sided_Student_t_95_df_n_minus_1,unadjusted_exploratory
primary_selected_active_aux,targeted,cubic_spin_glass,selective,equal_layer_p2,positive_depth_only,independence,optimum_hit_rate,10,0.046939800282288446,0.05111622459354091,0.010373456012151422,0.08350614455242547,9,estimated,0,raw_instance,two_sided_Student_t_95_df_n_minus_1,unadjusted_exploratory
primary_selected_active_aux,targeted,cubic_spin_glass,selective,equal_layer_p2,positive_depth_only,independence,auxiliary_inconsistency_rate,10,0.8819200462044539,0.0751021538471561,0.8281952017966194,0.9356448906122883,9,estimated,0,raw_instance,two_sided_Student_t_95_df_n_minus_1,unadjusted_exploratory
primary_selected_active_aux,targeted,cubic_spin_glass,selective,equal_layer_p2,positive_depth_only,independence,statevector_norm,10,1.0000000000000002,6.804740382722487e-16,0.9999999999999998,1.0000000000000007,9,estimated,0,raw_instance,two_sided_Student_t_95_df_n_minus_1,unadjusted_exploratory
primary_selected_active_aux,targeted,cubic_spin_glass,selective,equal_layer_p2,positive_depth_only,original_only,original_objective_mean,10,-1.040352463898223,0.5546645036906959,-1.4371355471101532,-0.6435693806862924,9,estimated,0,raw_instance,two_sided_Student_t_95_df_n_minus_1,unadjusted_exploratory
primary_selected_active_aux,targeted,cubic_spin_glass,selective,equal_layer_p2,positive_depth_only,original_only,encoded_energy_mean,10,36.915698446423974,11.89482398535448,28.406653963195144,45.42474292965281,9,estimated,0,raw_instance,two_sided_Student_t_95_df_n_minus_1,unadjusted_exploratory
primary_selected_active_aux,targeted,cubic_spin_glass,selective,equal_layer_p2,positive_depth_only,original_only,optimum_hit_rate,10,0.04152937948105927,0.04557397716885334,0.008927720180770628,0.07413103878134791,9,estimated,0,raw_instance,two_sided_Student_t_95_df_n_minus_1,unadjusted_exploratory
primary_selected_active_aux,targeted,cubic_spin_glass,selective,equal_layer_p2,positive_depth_only,original_only,auxiliary_inconsistency_rate,10,0.8920886054608953,0.06461238334223285,0.8458676908258052,0.9383095200959854,9,estimated,0,raw_instance,two_sided_Student_t_95_df_n_minus_1,unadjusted_exploratory
primary_selected_active_aux,targeted,cubic_spin_glass,selective,equal_layer_p2,positive_depth_only,original_only,statevector_norm,10,1.0000000000000002,6.171482040823093e-16,0.9999999999999998,1.0000000000000007,9,estimated,0,raw_instance,two_sided_Student_t_95_df_n_minus_1,unadjusted_exploratory
primary_selected_active_aux,targeted,cubic_spin_glass,selective,equal_layer_p2,positive_depth_only,pair,original_objective_mean,10,-1.0601222547272686,0.6637436232002283,-1.5349358393775425,-0.5853086700769946,9,estimated,0,raw_instance,two_sided_Student_t_95_df_n_minus_1,unadjusted_exploratory
primary_selected_active_aux,targeted,cubic_spin_glass,selective,equal_layer_p2,positive_depth_only,pair,encoded_energy_mean,10,42.39071873243661,15.812818535272147,31.07890979036875,53.702527674504466,9,estimated,0,raw_instance,two_sided_Student_t_95_df_n_minus_1,unadjusted_exploratory
primary_selected_active_aux,targeted,cubic_spin_glass,selective,equal_layer_p2,positive_depth_only,pair,optimum_hit_rate,10,0.045240231980972226,0.04562069087571121,0.012605155707879317,0.07787530825406513,9,estimated,0,raw_instance,two_sided_Student_t_95_df_n_minus_1,unadjusted_exploratory
primary_selected_active_aux,targeted,cubic_spin_glass,selective,equal_layer_p2,positive_depth_only,pair,auxiliary_inconsistency_rate,10,0.911595008982147,0.07625714884237687,0.8570439309281198,0.9661460870361741,9,estimated,0,raw_instance,two_sided_Student_t_95_df_n_minus_1,unadjusted_exploratory
primary_selected_active_aux,targeted,cubic_spin_glass,selective,equal_layer_p2,positive_depth_only,pair,statevector_norm,10,0.9999999999999998,8.644226857664487e-16,0.9999999999999991,1.0000000000000004,9,estimated,0,raw_instance,two_sided_Student_t_95_df_n_minus_1,unadjusted_exploratory
primary_selected_active_aux,targeted,max3sat,selective,equal_layer_p1,all_scheduled,cold,original_objective_mean,10,10.987298514678761,3.2491805648158554,8.662974758892075,13.311622270465447,9,estimated,0,raw_instance,two_sided_Student_t_95_df_n_minus_1,unadjusted_exploratory
primary_selected_active_aux,targeted,max3sat,selective,equal_layer_p1,all_scheduled,cold,encoded_energy_mean,10,26.184962768442155,9.89318945438043,19.10780137017496,33.26212416670935,9,estimated,0,raw_instance,two_sided_Student_t_95_df_n_minus_1,unadjusted_exploratory
primary_selected_active_aux,targeted,max3sat,selective,equal_layer_p1,all_scheduled,cold,optimum_hit_rate,10,0.03703431064031998,0.033996419327714765,0.012714737295964642,0.06135388398467531,9,estimated,0,raw_instance,two_sided_Student_t_95_df_n_minus_1,unadjusted_exploratory
primary_selected_active_aux,targeted,max3sat,selective,equal_layer_p1,all_scheduled,cold,auxiliary_inconsistency_rate,10,0.7337133956629972,0.1536363281744918,0.6238085872953991,0.8436182040305953,9,estimated,0,raw_instance,two_sided_Student_t_95_df_n_minus_1,unadjusted_exploratory
primary_selected_active_aux,targeted,max3sat,selective,equal_layer_p1,all_scheduled,cold,statevector_norm,10,1.0,4.3094199699121907e-16,0.9999999999999997,1.0000000000000002,9,estimated,0,raw_instance,two_sided_Student_t_95_df_n_minus_1,unadjusted_exploratory
primary_selected_active_aux,targeted,max3sat,selective,equal_layer_p1,all_scheduled,independence,original_objective_mean,10,4.185770397379056,2.581380059207151,2.339162345090257,6.0323784496678545,9,estimated,0,raw_instance,two_sided_Student_t_95_df_n_minus_1,unadjusted_exploratory
primary_selected_active_aux,targeted,max3sat,selective,equal_layer_p1,all_scheduled,independence,encoded_energy_mean,10,8.234262329218847,5.529711256622061,4.278545193770533,12.18997946466716,9,estimated,0,raw_instance,two_sided_Student_t_95_df_n_minus_1,unadjusted_exploratory
primary_selected_active_aux,targeted,max3sat,selective,equal_layer_p1,all_scheduled,independence,optimum_hit_rate,10,0.6106872605462298,0.27618847408133496,0.4131139282626469,0.8082605928298127,9,estimated,0,raw_instance,two_sided_Student_t_95_df_n_minus_1,unadjusted_exploratory
primary_selected_active_aux,targeted,max3sat,selective,equal_layer_p1,all_scheduled,independence,auxiliary_inconsistency_rate,10,0.3188431797897292,0.23559696215847498,0.1503072658839548,0.4873790936955036,9,estimated,0,raw_instance,two_sided_Student_t_95_df_n_minus_1,unadjusted_exploratory
primary_selected_active_aux,targeted,max3sat,selective,equal_layer_p1,all_scheduled,independence,statevector_norm,10,0.9999999999999993,6.978624828426878e-16,0.9999999999999989,0.9999999999999998,9,estimated,0,raw_instance,two_sided_Student_t_95_df_n_minus_1,unadjusted_exploratory
primary_selected_active_aux,targeted,max3sat,selective,equal_layer_p1,all_scheduled,original_only,original_objective_mean,10,4.328301094934234,2.487552099144604,2.5488135218493184,6.10778866801915,9,estimated,0,raw_instance,two_sided_Student_t_95_df_n_minus_1,unadjusted_exploratory
primary_selected_active_aux,targeted,max3sat,selective,equal_layer_p1,all_scheduled,original_only,encoded_energy_mean,10,18.422887406431023,7.439556562005415,13.100949242441075,23.74482557042097,9,estimated,0,raw_instance,two_sided_Student_t_95_df_n_minus_1,unadjusted_exploratory
primary_selected_active_aux,targeted,max3sat,selective,equal_layer_p1,all_scheduled,original_only,optimum_hit_rate,10,0.59451167409941,0.273780227185054,0.3986610978643641,0.7903622503344558,9,estimated,0,raw_instance,two_sided_Student_t_95_df_n_minus_1,unadjusted_exploratory
primary_selected_active_aux,targeted,max3sat,selective,equal_layer_p1,all_scheduled,original_only,auxiliary_inconsistency_rate,10,0.7558167597948784,0.12465706527965308,0.6666424672690426,0.8449910523207141,9,estimated,0,raw_instance,two_sided_Student_t_95_df_n_minus_1,unadjusted_exploratory
primary_selected_active_aux,targeted,max3sat,selective,equal_layer_p1,all_scheduled,original_only,statevector_norm,10,0.9999999999999998,4.372518787855363e-16,0.9999999999999994,1.0,9,estimated,0,raw_instance,two_sided_Student_t_95_df_n_minus_1,unadjusted_exploratory
primary_selected_active_aux,targeted,max3sat,selective,equal_layer_p1,all_scheduled,pair,original_objective_mean,10,4.267540743663654,2.630768729568979,2.385602164954813,6.149479322372494,9,estimated,0,raw_instance,two_sided_Student_t_95_df_n_minus_1,unadjusted_exploratory
primary_selected_active_aux,targeted,max3sat,selective,equal_layer_p1,all_scheduled,pair,encoded_energy_mean,10,8.403075717417183,5.598983241939664,4.397804388881624,12.408347045952741,9,estimated,0,raw_instance,two_sided_Student_t_95_df_n_minus_1,unadjusted_exploratory
primary_selected_active_aux,targeted,max3sat,selective,equal_layer_p1,all_scheduled,pair,optimum_hit_rate,10,0.6000947480705309,0.2806667511351394,0.399317849369659,0.8008716467714028,9,estimated,0,raw_instance,two_sided_Student_t_95_df_n_minus_1,unadjusted_exploratory
primary_selected_active_aux,targeted,max3sat,selective,equal_layer_p1,all_scheduled,pair,auxiliary_inconsistency_rate,10,0.3294866736978627,0.23118080227737892,0.16410989026090095,0.4948634571348245,9,estimated,0,raw_instance,two_sided_Student_t_95_df_n_minus_1,unadjusted_exploratory
primary_selected_active_aux,targeted,max3sat,selective,equal_layer_p1,all_scheduled,pair,statevector_norm,10,0.9999999999999993,6.148136713008272e-16,0.9999999999999989,0.9999999999999998,9,estimated,0,raw_instance,two_sided_Student_t_95_df_n_minus_1,unadjusted_exploratory
primary_selected_active_aux,targeted,max3sat,selective,equal_layer_p1,positive_depth_only,cold,original_objective_mean,10,10.987298514678761,3.2491805648158554,8.662974758892075,13.311622270465447,9,estimated,0,raw_instance,two_sided_Student_t_95_df_n_minus_1,unadjusted_exploratory
primary_selected_active_aux,targeted,max3sat,selective,equal_layer_p1,positive_depth_only,cold,encoded_energy_mean,10,26.184962768442155,9.89318945438043,19.10780137017496,33.26212416670935,9,estimated,0,raw_instance,two_sided_Student_t_95_df_n_minus_1,unadjusted_exploratory
primary_selected_active_aux,targeted,max3sat,selective,equal_layer_p1,positive_depth_only,cold,optimum_hit_rate,10,0.03703431064031998,0.033996419327714765,0.012714737295964642,0.06135388398467531,9,estimated,0,raw_instance,two_sided_Student_t_95_df_n_minus_1,unadjusted_exploratory
primary_selected_active_aux,targeted,max3sat,selective,equal_layer_p1,positive_depth_only,cold,auxiliary_inconsistency_rate,10,0.7337133956629972,0.1536363281744918,0.6238085872953991,0.8436182040305953,9,estimated,0,raw_instance,two_sided_Student_t_95_df_n_minus_1,unadjusted_exploratory
primary_selected_active_aux,targeted,max3sat,selective,equal_layer_p1,positive_depth_only,cold,statevector_norm,10,1.0,4.3094199699121907e-16,0.9999999999999997,1.0000000000000002,9,estimated,0,raw_instance,two_sided_Student_t_95_df_n_minus_1,unadjusted_exploratory
primary_selected_active_aux,targeted,max3sat,selective,equal_layer_p1,positive_depth_only,independence,original_objective_mean,10,4.185770397379056,2.581380059207151,2.339162345090257,6.0323784496678545,9,estimated,0,raw_instance,two_sided_Student_t_95_df_n_minus_1,unadjusted_exploratory
primary_selected_active_aux,targeted,max3sat,selective,equal_layer_p1,positive_depth_only,independence,encoded_energy_mean,10,8.234262329218847,5.529711256622061,4.278545193770533,12.18997946466716,9,estimated,0,raw_instance,two_sided_Student_t_95_df_n_minus_1,unadjusted_exploratory
primary_selected_active_aux,targeted,max3sat,selective,equal_layer_p1,positive_depth_only,independence,optimum_hit_rate,10,0.6106872605462298,0.27618847408133496,0.4131139282626469,0.8082605928298127,9,estimated,0,raw_instance,two_sided_Student_t_95_df_n_minus_1,unadjusted_exploratory
primary_selected_active_aux,targeted,max3sat,selective,equal_layer_p1,positive_depth_only,independence,auxiliary_inconsistency_rate,10,0.3188431797897292,0.23559696215847498,0.1503072658839548,0.4873790936955036,9,estimated,0,raw_instance,two_sided_Student_t_95_df_n_minus_1,unadjusted_exploratory
primary_selected_active_aux,targeted,max3sat,selective,equal_layer_p1,positive_depth_only,independence,statevector_norm,10,0.9999999999999993,6.978624828426878e-16,0.9999999999999989,0.9999999999999998,9,estimated,0,raw_instance,two_sided_Student_t_95_df_n_minus_1,unadjusted_exploratory
primary_selected_active_aux,targeted,max3sat,selective,equal_layer_p1,positive_depth_only,original_only,original_objective_mean,10,4.328301094934234,2.487552099144604,2.5488135218493184,6.10778866801915,9,estimated,0,raw_instance,two_sided_Student_t_95_df_n_minus_1,unadjusted_exploratory
primary_selected_active_aux,targeted,max3sat,selective,equal_layer_p1,positive_depth_only,original_only,encoded_energy_mean,10,18.422887406431023,7.439556562005415,13.100949242441075,23.74482557042097,9,estimated,0,raw_instance,two_sided_Student_t_95_df_n_minus_1,unadjusted_exploratory
primary_selected_active_aux,targeted,max3sat,selective,equal_layer_p1,positive_depth_only,original_only,optimum_hit_rate,10,0.59451167409941,0.273780227185054,0.3986610978643641,0.7903622503344558,9,estimated,0,raw_instance,two_sided_Student_t_95_df_n_minus_1,unadjusted_exploratory
primary_selected_active_aux,targeted,max3sat,selective,equal_layer_p1,positive_depth_only,original_only,auxiliary_inconsistency_rate,10,0.7558167597948784,0.12465706527965308,0.6666424672690426,0.8449910523207141,9,estimated,0,raw_instance,two_sided_Student_t_95_df_n_minus_1,unadjusted_exploratory
primary_selected_active_aux,targeted,max3sat,selective,equal_layer_p1,positive_depth_only,original_only,statevector_norm,10,0.9999999999999998,4.372518787855363e-16,0.9999999999999994,1.0,9,estimated,0,raw_instance,two_sided_Student_t_95_df_n_minus_1,unadjusted_exploratory
primary_selected_active_aux,targeted,max3sat,selective,equal_layer_p1,positive_depth_only,pair,original_objective_mean,10,4.267540743663654,2.630768729568979,2.385602164954813,6.149479322372494,9,estimated,0,raw_instance,two_sided_Student_t_95_df_n_minus_1,unadjusted_exploratory
primary_selected_active_aux,targeted,max3sat,selective,equal_layer_p1,positive_depth_only,pair,encoded_energy_mean,10,8.403075717417183,5.598983241939664,4.397804388881624,12.408347045952741,9,estimated,0,raw_instance,two_sided_Student_t_95_df_n_minus_1,unadjusted_exploratory
primary_selected_active_aux,targeted,max3sat,selective,equal_layer_p1,positive_depth_only,pair,optimum_hit_rate,10,0.6000947480705309,0.2806667511351394,0.399317849369659,0.8008716467714028,9,estimated,0,raw_instance,two_sided_Student_t_95_df_n_minus_1,unadjusted_exploratory
primary_selected_active_aux,targeted,max3sat,selective,equal_layer_p1,positive_depth_only,pair,auxiliary_inconsistency_rate,10,0.3294866736978627,0.23118080227737892,0.16410989026090095,0.4948634571348245,9,estimated,0,raw_instance,two_sided_Student_t_95_df_n_minus_1,unadjusted_exploratory
primary_selected_active_aux,targeted,max3sat,selective,equal_layer_p1,positive_depth_only,pair,statevector_norm,10,0.9999999999999993,6.148136713008272e-16,0.9999999999999989,0.9999999999999998,9,estimated,0,raw_instance,two_sided_Student_t_95_df_n_minus_1,unadjusted_exploratory
primary_selected_active_aux,targeted,max3sat,selective,equal_layer_p2,all_scheduled,cold,original_objective_mean,10,10.709725703511685,3.1033327837980846,8.489735165096558,12.929716241926812,9,estimated,0,raw_instance,two_sided_Student_t_95_df_n_minus_1,unadjusted_exploratory
primary_selected_active_aux,targeted,max3sat,selective,equal_layer_p2,all_scheduled,cold,encoded_energy_mean,10,25.385348348603124,8.306305905402017,19.443375056068877,31.32732164113737,9,estimated,0,raw_instance,two_sided_Student_t_95_df_n_minus_1,unadjusted_exploratory
primary_selected_active_aux,targeted,max3sat,selective,equal_layer_p2,all_scheduled,cold,optimum_hit_rate,10,0.041347771520452624,0.029062896067053843,0.020557428111377986,0.06213811492952726,9,estimated,0,raw_instance,two_sided_Student_t_95_df_n_minus_1,unadjusted_exploratory
primary_selected_active_aux,targeted,max3sat,selective,equal_layer_p2,all_scheduled,cold,auxiliary_inconsistency_rate,10,0.7419937037639702,0.13603013618397566,0.6446836064246333,0.8393038011033072,9,estimated,0,raw_instance,two_sided_Student_t_95_df_n_minus_1,unadjusted_exploratory
primary_selected_active_aux,targeted,max3sat,selective,equal_layer_p2,all_scheduled,cold,statevector_norm,10,0.9999999999999998,4.682573910215688e-16,0.9999999999999994,1.0000000000000002,9,estimated,0,raw_instance,two_sided_Student_t_95_df_n_minus_1,unadjusted_exploratory
primary_selected_active_aux,targeted,max3sat,selective,equal_layer_p2,all_scheduled,independence,original_objective_mean,10,4.077726857383372,2.387799513024116,2.3695979856681806,5.785855729098563,9,estimated,0,raw_instance,two_sided_Student_t_95_df_n_minus_1,unadjusted_exploratory
primary_selected_active_aux,targeted,max3sat,selective,equal_layer_p2,all_scheduled,independence,encoded_energy_mean,10,8.331714162691977,5.060507271030206,4.7116453386457575,11.951782986738197,9,estimated,0,raw_instance,two_sided_Student_t_95_df_n_minus_1,unadjusted_exploratory
primary_selected_active_aux,targeted,max3sat,selective,equal_layer_p2,all_scheduled,independence,optimum_hit_rate,10,0.6214198119534096,0.2728703792346036,0.42622010173310165,0.8166195221737175,9,estimated,0,raw_instance,two_sided_Student_t_95_df_n_minus_1,unadjusted_exploratory
primary_selected_active_aux,targeted,max3sat,selective,equal_layer_p2,all_scheduled,independence,auxiliary_inconsistency_rate,10,0.3248497478899023,0.20159300759790508,0.1806387977093442,0.46906069807046036,9,estimated,0,raw_instance,two_sided_Student_t_95_df_n_minus_1,unadjusted_exploratory
primary_selected_active_aux,targeted,max3sat,selective,equal_layer_p2,all_scheduled,independence,statevector_norm,10,0.9999999999999994,7.801462050032246e-16,0.9999999999999989,1.0,9,estimated,0,raw_instance,two_sided_Student_t_95_df_n_minus_1,unadjusted_exploratory
primary_selected_active_aux,targeted,max3sat,selective,equal_layer_p2,all_scheduled,original_only,original_objective_mean,10,4.3885180755436615,2.3562220047691995,2.7029783924319704,6.074057758655353,9,estimated,0,raw_instance,two_sided_Student_t_95_df_n_minus_1,unadjusted_exploratory
primary_selected_active_aux,targeted,max3sat,selective,equal_layer_p2,all_scheduled,original_only,encoded_energy_mean,10,17.911024233966366,7.554471321821905,12.506881002943732,23.315167464989,9,estimated,0,raw_instance,two_sided_Student_t_95_df_n_minus_1,unadjusted_exploratory
primary_selected_active_aux,targeted,max3sat,selective,equal_layer_p2,all_scheduled,original_only,optimum_hit_rate,10,0.5861220745706043,0.27365062764501213,0.39036420826153795,0.7818799408796706,9,estimated,0,raw_instance,two_sided_Student_t_95_df_n_minus_1,unadjusted_exploratory
primary_selected_active_aux,targeted,max3sat,selective,equal_layer_p2,all_scheduled,original_only,auxiliary_inconsistency_rate,10,0.7464594714640767,0.12551397786680518,0.6566721806012084,0.836246762326945,9,estimated,0,raw_instance,two_sided_Student_t_95_df_n_minus_1,unadjusted_exploratory
primary_selected_active_aux,targeted,max3sat,selective,equal_layer_p2,all_scheduled,original_only,statevector_norm,10,1.0,8.328728399492168e-16,0.9999999999999994,1.0000000000000007,9,estimated,0,raw_instance,two_sided_Student_t_95_df_n_minus_1,unadjusted_exploratory
primary_selected_active_aux,targeted,max3sat,selective,equal_layer_p2,all_scheduled,pair,original_objective_mean,10,3.912628756166284,2.3206400537825314,2.2525428674208157,5.572714644911752,9,estimated,0,raw_instance,two_sided_Student_t_95_df_n_minus_1,unadjusted_exploratory
primary_selected_active_aux,targeted,max3sat,selective,equal_layer_p2,all_scheduled,pair,encoded_energy_mean,10,8.58302348895599,5.658032208850378,4.535511074150417,12.630535903761562,9,estimated,0,raw_instance,two_sided_Student_t_95_df_n_minus_1,unadjusted_exploratory
primary_selected_active_aux,targeted,max3sat,selective,equal_layer_p2,all_scheduled,pair,optimum_hit_rate,10,0.6261838763425795,0.2771366488725652,0.4279322606740228,0.8244354920111363,9,estimated,0,raw_instance,two_sided_Student_t_95_df_n_minus_1,unadjusted_exploratory
primary_selected_active_aux,targeted,max3sat,selective,equal_layer_p2,all_scheduled,pair,auxiliary_inconsistency_rate,10,0.33436821093625524,0.19456251507978106,0.19518657213091226,0.4735498497415982,9,estimated,0,raw_instance,two_sided_Student_t_95_df_n_minus_1,unadjusted_exploratory
primary_selected_active_aux,targeted,max3sat,selective,equal_layer_p2,all_scheduled,pair,statevector_norm,10,0.9999999999999993,9.292477550023026e-16,0.9999999999999987,1.0,9,estimated,0,raw_instance,two_sided_Student_t_95_df_n_minus_1,unadjusted_exploratory
primary_selected_active_aux,targeted,max3sat,selective,equal_layer_p2,positive_depth_only,cold,original_objective_mean,10,10.709725703511685,3.1033327837980846,8.489735165096558,12.929716241926812,9,estimated,0,raw_instance,two_sided_Student_t_95_df_n_minus_1,unadjusted_exploratory
primary_selected_active_aux,targeted,max3sat,selective,equal_layer_p2,positive_depth_only,cold,encoded_energy_mean,10,25.385348348603124,8.306305905402017,19.443375056068877,31.32732164113737,9,estimated,0,raw_instance,two_sided_Student_t_95_df_n_minus_1,unadjusted_exploratory
primary_selected_active_aux,targeted,max3sat,selective,equal_layer_p2,positive_depth_only,cold,optimum_hit_rate,10,0.041347771520452624,0.029062896067053843,0.020557428111377986,0.06213811492952726,9,estimated,0,raw_instance,two_sided_Student_t_95_df_n_minus_1,unadjusted_exploratory
primary_selected_active_aux,targeted,max3sat,selective,equal_layer_p2,positive_depth_only,cold,auxiliary_inconsistency_rate,10,0.7419937037639702,0.13603013618397566,0.6446836064246333,0.8393038011033072,9,estimated,0,raw_instance,two_sided_Student_t_95_df_n_minus_1,unadjusted_exploratory
primary_selected_active_aux,targeted,max3sat,selective,equal_layer_p2,positive_depth_only,cold,statevector_norm,10,0.9999999999999998,4.682573910215688e-16,0.9999999999999994,1.0000000000000002,9,estimated,0,raw_instance,two_sided_Student_t_95_df_n_minus_1,unadjusted_exploratory
primary_selected_active_aux,targeted,max3sat,selective,equal_layer_p2,positive_depth_only,independence,original_objective_mean,10,4.077726857383372,2.387799513024116,2.3695979856681806,5.785855729098563,9,estimated,0,raw_instance,two_sided_Student_t_95_df_n_minus_1,unadjusted_exploratory
primary_selected_active_aux,targeted,max3sat,selective,equal_layer_p2,positive_depth_only,independence,encoded_energy_mean,10,8.331714162691977,5.060507271030206,4.7116453386457575,11.951782986738197,9,estimated,0,raw_instance,two_sided_Student_t_95_df_n_minus_1,unadjusted_exploratory
primary_selected_active_aux,targeted,max3sat,selective,equal_layer_p2,positive_depth_only,independence,optimum_hit_rate,10,0.6214198119534096,0.2728703792346036,0.42622010173310165,0.8166195221737175,9,estimated,0,raw_instance,two_sided_Student_t_95_df_n_minus_1,unadjusted_exploratory
primary_selected_active_aux,targeted,max3sat,selective,equal_layer_p2,positive_depth_only,independence,auxiliary_inconsistency_rate,10,0.3248497478899023,0.20159300759790508,0.1806387977093442,0.46906069807046036,9,estimated,0,raw_instance,two_sided_Student_t_95_df_n_minus_1,unadjusted_exploratory
primary_selected_active_aux,targeted,max3sat,selective,equal_layer_p2,positive_depth_only,independence,statevector_norm,10,0.9999999999999994,7.801462050032246e-16,0.9999999999999989,1.0,9,estimated,0,raw_instance,two_sided_Student_t_95_df_n_minus_1,unadjusted_exploratory
primary_selected_active_aux,targeted,max3sat,selective,equal_layer_p2,positive_depth_only,original_only,original_objective_mean,10,4.3885180755436615,2.3562220047691995,2.7029783924319704,6.074057758655353,9,estimated,0,raw_instance,two_sided_Student_t_95_df_n_minus_1,unadjusted_exploratory
primary_selected_active_aux,targeted,max3sat,selective,equal_layer_p2,positive_depth_only,original_only,encoded_energy_mean,10,17.911024233966366,7.554471321821905,12.506881002943732,23.315167464989,9,estimated,0,raw_instance,two_sided_Student_t_95_df_n_minus_1,unadjusted_exploratory
primary_selected_active_aux,targeted,max3sat,selective,equal_layer_p2,positive_depth_only,original_only,optimum_hit_rate,10,0.5861220745706043,0.27365062764501213,0.39036420826153795,0.7818799408796706,9,estimated,0,raw_instance,two_sided_Student_t_95_df_n_minus_1,unadjusted_exploratory
primary_selected_active_aux,targeted,max3sat,selective,equal_layer_p2,positive_depth_only,original_only,auxiliary_inconsistency_rate,10,0.7464594714640767,0.12551397786680518,0.6566721806012084,0.836246762326945,9,estimated,0,raw_instance,two_sided_Student_t_95_df_n_minus_1,unadjusted_exploratory
primary_selected_active_aux,targeted,max3sat,selective,equal_layer_p2,positive_depth_only,original_only,statevector_norm,10,1.0,8.328728399492168e-16,0.9999999999999994,1.0000000000000007,9,estimated,0,raw_instance,two_sided_Student_t_95_df_n_minus_1,unadjusted_exploratory
primary_selected_active_aux,targeted,max3sat,selective,equal_layer_p2,positive_depth_only,pair,original_objective_mean,10,3.912628756166284,2.3206400537825314,2.2525428674208157,5.572714644911752,9,estimated,0,raw_instance,two_sided_Student_t_95_df_n_minus_1,unadjusted_exploratory
primary_selected_active_aux,targeted,max3sat,selective,equal_layer_p2,positive_depth_only,pair,encoded_energy_mean,10,8.58302348895599,5.658032208850378,4.535511074150417,12.630535903761562,9,estimated,0,raw_instance,two_sided_Student_t_95_df_n_minus_1,unadjusted_exploratory
primary_selected_active_aux,targeted,max3sat,selective,equal_layer_p2,positive_depth_only,pair,optimum_hit_rate,10,0.6261838763425795,0.2771366488725652,0.4279322606740228,0.8244354920111363,9,estimated,0,raw_instance,two_sided_Student_t_95_df_n_minus_1,unadjusted_exploratory
primary_selected_active_aux,targeted,max3sat,selective,equal_layer_p2,positive_depth_only,pair,auxiliary_inconsistency_rate,10,0.33436821093625524,0.19456251507978106,0.19518657213091226,0.4735498497415982,9,estimated,0,raw_instance,two_sided_Student_t_95_df_n_minus_1,unadjusted_exploratory
primary_selected_active_aux,targeted,max3sat,selective,equal_layer_p2,positive_depth_only,pair,statevector_norm,10,0.9999999999999993,9.292477550023026e-16,0.9999999999999987,1.0,9,estimated,0,raw_instance,two_sided_Student_t_95_df_n_minus_1,unadjusted_exploratory
